date,code,open,high,low,close,volume,amount
2015-01-01,300044,27.88509977668564,28.01700915868148,27.21750828013115,27.623103349417406,4903362,142965308.28654677
2015-01-02,300044,27.394162890706404,27.685357126628748,26.669369931404955,27.443709797580524,1332573,43272836.2978409
2015-01-05,300044,27.981183096614796,28.42847285434886,27.68981698469218,27.915994714429505,2823000,93865535.03669909
2015-01-06,300044,27.870633076949588,28.177299563753984,27.552424918921993,27.713429423727366,7327984,277409609.527697
2015-01-07,300044,27.925316044492515,27.84215807223694,27.741812143397677,27.75703430136247,8517358,272478182.92720604
2015-01-08,300044,28.453331708942567,28.666790895988452,28.085143098821423,28.181048919273678,3622610,125867892.95976341
2015-01-09,300044,28.425498958669685,28.651470169802728,27.42488887007494,28.14410839988302,5089380,210649508.21373248
2015-01-12,300044,27.713098736932928,28.13834974629132,26.686268614880493,27.48790643799654,2491428,69530682.28037487
2015-01-13,300044,27.625773241069,27.715600662860787,26.61505072258556,27.423091691877048,2778547,92952701.25611436
2015-01-14,300044,27.61997399712742,28.278477078518776,27.54977728883442,27.626350355958586,6699455,212699428.05878374
2015-01-15,300044,28.09691687710752,28.10013593924871,27.73792416769196,27.82793280395744,1565632,58449967.12631941
2015-01-16,300044,28.315763656384007,28.800056650906626,27.780385440870347,28.28011597019673,5816068,185773126.3487104
2015-01-19,300044,27.693436218014064,28.55118125940273,27.847977478687447,27.93365679617522,1798217,68318307.90370387
2015-01-20,300044,27.789451706984842,28.01184998902027,27.140633759994245,27.90494216566651,5010957,204725012.84480938
2015-01-21,300044,27.31538577041809,27.600394458617178,26.843182111289785,27.576846992583867,3650765,140109772.429176
2015-01-22,300044,27.730279791726932,27.833471213934708,27.17381304226564,27.54544474365071,9331750,364940690.1285574
2015-01-23,300044,27.523111094735498,28.018303322327174,26.734649255941296,27.411704835651022,1043280,29971610.62427763
2015-01-26,300044,27.326734373081447,27.944952154693844,27.294580089970264,27.50535332622135,8254538,314791558.2221862
2015-01-27,300044,27.739650272094654,28.019939868269955,27.21474097392451,27.736116009907363,7888327,248252049.55764377
2015-01-28,300044,27.839006974615952,28.34740350259751,27.5627493633124,27.80646643410235,9693452,382269180.4050355
2015-01-29,300044,27.999534243282614,28.521833181512864,28.008428104371937,28.191436950336385,2445062,79538778.57272603
2015-01-30,300044,28.56587042837801,28.518966061988905,27.580155114970665,28.360359797047202,4820061,142073026.16062123
2015-02-02,300044,28.783886293253357,29.277672265833505,28.06710630433488,28.5688341107322,2288260,97091011.82718572
2015-02-03,300044,28.128128739066074,28.093171773758037,27.78200996713795,28.08829905682394,7819272,233325040.35587326
2015-02-04,300044,28.39959902603256,28.75777682308894,27.73889575526836,28.424928289453252,3877046,150016234.7591122
2015-02-05,300044,28.516831866661754,29.12131056814938,27.921924343418468,28.419279123508552,2992598,112921348.57378256
2015-02-06,300044,28.59103626275277,28.699247260887073,28.27412374019509,28.586987443913547,7441532,257479515.5112429
2015-02-09,300044,28.189111610806833,28.22217887216142,27.64666555307791,28.09902616167025,7435025,288175012.1846606
2015-02-10,300044,28.469805206727248,29.042113443840165,27.51191127377561,28.31908468652608,8007881,305539430.7595129
2015-02-11,300044,28.0575572403506,28.438791086645978,27.71082364820279,27.968545810711444,9086354,293012391.9474579
2015-02-12,300044,28.05032920406271,28.096052569822163,28.003970843333118,28.01373060414103,5767795,221312260.38124806
2015-02-13,300044,27.910031059524332,28.114803891154423,27.82529680154901,27.975344304724725,6840881,193543604.29592302
2015-02-16,300044,28.168851506343266,29.03610627199868,28.207012839128044,28.404260300226287,3892142,125864815.71755944
2015-02-17,300044,28.688940371260323,29.173840292868267,28.251593361885973,28.975818686920054,1752352,54063799.269614995
2015-02-18,300044,29.24021832548249,29.973233224804602,29.123927203812798,29.290066054704173,4938368,163816647.095124
2015-02-19,300044,29.012540427833333,29.19480166153904,28.91081108046621,29.176634056874484,5664275,168937301.29969022
2015-02-20,300044,29.48181871231471,30.55185777683356,28.88656320126789,29.705729626077552,1263078,38957536.035804905
2015-02-23,300044,29.890486901179838,29.981994363157213,29.289489225141025,29.871548059731257,6400579,236829816.778284
2015-02-24,300044,30.709623832024764,30.927116954509263,30.342328118900987,30.864413759559852,2583565,108316254.61416472
2015-02-25,300044,30.46576104429202,31.438598802534102,29.796036222956843,30.67012116498508,4314943,192581060.1887933
2015-02-26,300044,31.047380902574528,31.46399020677362,30.854581811573418,31.130457387522835,5690482,217642633.44594702
2015-02-27,300044,31.66450607059556,32.326137713055154,31.068747744934868,31.547044803123804,8917097,342727925.2157115
2015-03-02,300044,31.040889969698274,31.94611308081244,30.516764041087846,31.212187325785983,1131397,46907693.45640027
2015-03-03,300044,32.04718462122888,32.78919957189047,31.19320221968912,31.8641536781914,5850732,237398568.1045072
2015-03-04,300044,32.74046414018959,33.20772916425814,32.3055575114177,32.66735480497367,5927967,273611068.96828735
2015-03-05,300044,32.31191746685063,32.87122269546084,32.339930491748,32.59416790795676,1737329,69086255.21163903
2015-03-06,300044,33.0209395363041,32.9938814848742,31.993855755472566,32.72609057625017,5115941,198611041.95130822
2015-03-09,300044,31.862086902446602,32.77506544798435,31.821069925383572,32.086860519972895,8888886,371328727.114964
2015-03-10,300044,32.562833003008365,33.314487357544124,32.008385164318405,32.82359295651402,1090230,48670308.419621
2015-03-11,300044,32.62148248710569,33.018520919743814,32.700298830808336,32.779248103204466,3415725,149583770.5287521
2015-03-12,300044,33.14013958151695,33.552737446336316,32.69271494686526,33.304145946108164,4202812,202573392.5594907
2015-03-13,300044,33.55687597604432,33.969762520365485,32.53334972479258,33.28837326148849,5983408,199440032.74147776
2015-03-16,300044,34.22122446157037,34.24931925760174,33.7981745302774,34.219389552078056,6110322,281170431.3710776
2015-03-17,300044,35.41163075781955,35.35781313397917,35.07735465525413,35.19740921040611,8694181,312016984.5440654
2015-03-18,300044,34.75959978273204,35.600319231267534,33.939278690584686,34.93790411697588,2954963,144389094.04324728
2015-03-19,300044,35.00342490285379,35.19874038613284,34.88783293810693,35.06142867997184,1757570,86419493.36996582
2015-03-20,300044,34.90063790588377,35.743485249403015,34.657941567911706,34.800640407215326,7782179,389254149.2446484
2015-03-23,300044,34.87853253078795,35.3918389813116,34.499119874726055,34.57284135748338,7938366,304572754.44859695
2015-03-24,300044,33.75504798228638,34.88883648431631,33.24992589926383,33.90506396446881,9061196,389729744.51763064
2015-03-25,300044,33.89209300084222,34.35009348912265,33.38864191401602,34.19988224401507,4358927,219220673.35048687
2015-03-26,300044,34.406128760372994,34.25733157495621,33.26967695697363,34.21697545987962,8388625,395571947.6063844
2015-03-27,300044,33.96348487433666,34.89320504210257,33.41613887539563,34.184427387283534,4038640,167910449.64610985
2015-03-30,300044,33.95760415487265,34.18033111517597,33.29835135619615,34.13424930264737,4031907,190727304.36955398
2015-03-31,300044,33.26623474391067,34.21585398282238,33.192249604765244,33.40574168615676,2168777,98520451.90167129
2015-04-01,300044,33.467525752356764,33.76076951332904,33.12857052360719,33.22410224734311,5317722,197742575.86314115
2015-04-02,300044,32.712156832615754,33.9214784385192,32.74292164470315,32.99410457879185,8284582,364642150.68277526
2015-04-03,300044,32.99564136611096,34.27708465893952,32.79586549043708,33.312030347381594,7216017,270379091.47218674
2015-04-06,300044,33.688481616621566,34.32517730648691,33.32474957031675,33.80852491976705,8200408,357467485.67090124
2015-04-07,300044,33.89295712205375,34.7164559709981,33.146350878965656,34.01838097153356,8342466,366555872.1509112
2015-04-08,300044,33.53464675155365,33.966466325456416,32.99780021245131,33.503586196222855,2425217,112651787.65642355
2015-04-09,300044,33.48508543200477,33.94154838257584,33.22837088145352,33.678313495786874,9920807,457218066.4298558
2015-04-10,300044,33.2852812044394,34.25948007026233,33.10318524714054,33.434710834455004,6477481,307823230.88115335
2015-04-13,300044,33.86151163590672,34.223057953342774,32.85799667204294,33.651732361690634,4241330,203829923.17162445
2015-04-14,300044,33.94959801509756,34.17681033620862,32.82417037779772,33.77200431209779,3755354,189935065.30009323
2015-04-15,300044,33.556954772017086,33.78911767572606,33.38482983501524,33.67723409435665,1058433,43059798.011691555
2015-04-16,300044,33.804385879497076,34.63821828441979,33.71040669738543,33.78191084443816,7332035,327293356.1326874
2015-04-17,300044,33.238242205657144,33.645649340530575,32.991546515761165,33.42946271777754,2497797,88951374.32176581
2015-04-20,300044,33.03392162984325,33.320711407511,32.317181677572194,32.906902188179686,1512033,50784735.99834584
2015-04-21,300044,33.45526351666239,33.55007300307326,32.385023765271725,33.29033635403153,8071949,326738412.6430531
2015-04-22,300044,32.994803280732555,33.42686911410886,32.25959706530177,32.865407189213656,8313684,368026395.4933094
2015-04-23,300044,32.79681631007844,33.31937806050691,32.91366756358709,32.96108314951013,3824445,127875668.21825537
2015-04-24,300044,33.11012137867643,33.2796277132507,32.85385563373464,32.931422658342264,2989813,134725513.95385703
2015-04-27,300044,33.82697443327418,34.418125884147564,33.08342238566368,33.76603962488757,9329111,456260197.3934119
2015-04-28,300044,33.12454519807167,33.42974883374877,32.41396154283022,33.2331658953639,8905539,391444525.17774004
2015-04-29,300044,33.266976131048835,33.66504789285727,32.1248310430538,32.939439602335604,4195429,178748230.33601528
2015-04-30,300044,33.16245551091532,33.792022959918626,32.07637825782522,32.977576431502456,5766283,192279853.32268417
2015-05-01,300044,32.76974163495561,33.757973702866245,32.55196247215025,32.841894430403556,6386027,210499846.15845156
2015-05-04,300044,33.28399238655344,33.7558143516205,32.7799087059702,33.08610644722993,4545430,222701402.58055902
2015-05-05,300044,33.87608881019082,34.00636249337092,32.95028498942193,33.817156934841094,7563773,344556341.6343167
2015-05-06,300044,34.17226105291911,35.079605948587464,34.14904365985756,34.43693704104261,8962001,449688192.81781083
2015-05-07,300044,34.741930736937455,36.05467769287905,34.188896347123766,35.088257792573515,4863036,211852062.47761387
2015-05-08,300044,35.156243453787106,35.52540459534272,33.87344992475735,34.884569655579895,7485948,288371080.79572105
2015-05-11,300044,34.666158619559546,35.810922219181045,34.55292229629099,34.88926202119805,3192050,145257738.63293466
2015-05-12,300044,34.32396101144699,35.55902104627519,34.15172893356255,34.5255079916346,1956901,84613466.5336479
2015-05-13,300044,34.08999481121196,34.379594897360604,33.368195455544154,34.34479187485594,9985250,475287065.209589
2015-05-14,300044,34.544921843595766,34.66025127955886,33.766907202685346,34.26967724356163,4693635,226313323.23297653
2015-05-15,300044,34.282620670909914,34.44014980849122,33.037647641437935,34.036347970880584,2485709,89598396.09853154
2015-05-18,300044,33.94195227694027,34.539301908113586,33.63715361893319,33.92064817739055,1269014,44615120.783827074
2015-05-19,300044,33.83410233226264,33.568550869374505,32.84187021038699,33.527541621068664,3280060,121118531.99653088
2015-05-20,300044,33.434139832361886,33.51343769530183,32.835513410134354,33.22948547116412,5944205,239650888.21401617
2015-05-21,300044,33.140270851924434,33.13961380767258,32.295718710657084,32.870105410061086,6245664,208839061.56926924
2015-05-22,300044,33.19716310307606,33.29591286712379,32.321499775022225,33.15281237143948,6709921,311538480.1762766
2015-05-25,300044,32.9967096398506,34.18283876064791,33.169013111071635,33.2438428982638,3413269,142093927.7216836
2015-05-26,300044,33.39244151465669,33.31676984762069,33.18469101666679,33.29353634029572,4749103,236491868.91533872
2015-05-27,300044,33.0076933026105,33.1865253142954,33.10765735188344,33.161959004090406,3402106,131899952.02830541
2015-05-28,300044,32.82248470286281,32.94960995758057,32.03811131743702,32.57064874236396,4844908,158646444.43226027
2015-05-29,300044,32.42857491525504,33.15446555540661,32.34639419059232,32.66916251094779,3052953,128137784.5577257
2015-06-01,300044,33.03585457763421,32.785062311300656,31.998400487486794,32.713318198884316,8328364,307257621.44509375
2015-06-02,300044,32.701580871492105,33.34070946937728,31.854045600029096,32.4501926528453,6664505,247925980.66427213
2015-06-03,300044,32.498715847251916,32.59348297842315,31.35766276211114,32.24982786533914,7124050,239928200.71449423
2015-06-04,300044,32.01914404034395,33.278195505857646,32.13037321608837,32.31747497063435,5538341,212363129.60534784
2015-06-05,300044,31.991478775578297,32.33397457103476,30.935410519265844,31.82508765466966,7075804,266204635.79833966
2015-06-08,300044,32.144735447585866,32.23257091004541,31.519965603640284,31.973139761057126,5702891,201982197.64455622
2015-06-09,300044,31.501531042408658,32.26729366803411,31.14195944118848,31.747091586702755,4368393,158168908.13324496
2015-06-10,300044,31.233526314184942,31.207850160715587,30.165089966392923,30.98744671053743,3664769,116699118.739725
2015-06-11,300044,30.432763530153213,31.06773507088567,30.168489424491035,30.514998421098575,5830379,187972405.5457816
2015-06-12,300044,30.189068142539572,30.955370139805556,29.729095859689732,30.144955465479253,3236150,98853078.55390814
2015-06-15,300044,29.871321169715035,30.03594953876335,28.911142746624304,29.62960156406308,9585750,360180431.26966035
2015-06-16,300044,29.483013619888325,30.147633171776313,28.961774603393977,29.389598389881762,2020447,73103616.02390131
2015-06-17,300044,29.334741037334425,30.2335752561172,28.803372522649262,29.404639320795507,6876941,206866097.99711186
2015-06-18,300044,30.313574249415073,30.510216261703935,29.686382805751133,30.123352557057096,4902808,210878100.77930436
2015-06-19,300044,30.205640585945577,30.534989774252725,30.14000647383019,30.146071119181695,5072529,223598372.58264112
2015-06-22,300044,30.6273195612289,31.350497651044286,29.67599008525283,30.46237358892178,3275431,100741203.34685123
2015-06-23,300044,30.57222173899643,31.423814660659385,29.837134941827596,30.516520445032448,5715019,195220746.13777816
2015-06-24,300044,30.15626487470612,30.557392076872993,29.455237804956987,30.24924721672491,1458269,61660103.197917245
2015-06-25,300044,30.259638700503967,30.599830726232973,29.317401404473376,30.178775216156147,5098368,180562039.72159043
2015-06-26,300044,29.76239434801606,30.09072817060884,29.561449815386727,29.664062983377157,3951399,128574854.40135133
2015-06-29,300044,30.155016756896092,30.666251663581104,29.959775836084624,30.06001647802906,9469400,385286690.92808324
2015-06-30,300044,29.464981426093843,30.31032592596996,29.517988436605716,29.709608483512895,6006547,184999108.16751575
2015-07-01,300044,29.232071765955983,29.188358010566905,28.633461871782647,29.151626576609917,2466975,81053177.3299409
2015-07-02,300044,28.82207561206427,29.559000700739308,28.51631645224238,28.801674689774103,4798142,197480837.25790343
2015-07-03,300044,28.591403315519603,29.280189522078363,28.02437324052864,28.65001764178553,3266062,138093023.78125358
2015-07-06,300044,28.89747134808018,29.351188998459406,28.150705526151306,28.650755590705725,3327608,109104307.75988989
2015-07-07,300044,29.331060249482476,29.952023374217077,29.130314667849202,29.146959208081878,9004201,314291967.06257784
2015-07-08,300044,28.73075823396372,29.017422447708846,28.8105023809007,28.9943458647438,6605358,237603727.35073322
2015-07-09,300044,28.85296126673784,29.56627242345714,28.19290420288188,28.887122692157067,1728534,57472619.070258565
2015-07-10,300044,29.484417275488397,29.65799560097954,29.630633533565874,29.64569846252478,2215224,92854851.07066348
2015-07-13,300044,30.00228195631725,29.98628562508941,29.194235502307517,29.944404934266057,2729791,87557389.76163088
2015-07-14,300044,29.84050607677564,29.9541206079426,28.962923787533892,29.549854932651453,9270849,381460395.9641376
2015-07-15,300044,29.22286579659374,30.380395065239046,28.934279182828853,29.51088376138461,8868827,343316434.45276254
2015-07-16,300044,28.74998503165392,29.120230001479246,28.372512281596165,28.877440902256936,9114529,305666970.5931233
2015-07-17,300044,29.149538916841074,29.11832414863703,28.958826210613076,29.032104233865496,6083311,204492632.764942
2015-07-20,300044,28.839425078376518,29.305900192197072,27.742614465841935,28.556383375341092,6183858,202838357.58704597
2015-07-21,300044,28.811492687579538,28.728635525207178,27.857432186717517,28.5396026702654,5128326,214232854.92149022
2015-07-22,300044,28.93651813894516,29.475567089609097,28.23378906365838,28.674125870610645,3789626,122404481.58095172
2015-07-23,300044,28.72088721391249,28.455263734664133,28.10839498910931,28.4401590471838,2680376,83075325.32603736
2015-07-24,300044,28.615645361814252,29.22926475279747,28.194529390069693,28.466045639318093,7702050,326556935.600613
2015-07-27,300044,28.761971267571838,29.363989773230177,27.793155567565243,28.623976010687095,2421206,75579215.54062608
2015-07-28,300044,27.96936658342591,28.20197561725022,27.32093520432927,28.163954598354817,7146501,233790104.25027534
2015-07-29,300044,27.95292467506339,28.420649572136263,27.26565115054235,27.689868139338675,1704376,56288628.308466665
2015-07-30,300044,27.836941663479454,28.274643134080492,27.435733380172984,27.761478474332854,5984423,167390354.13036287
2015-07-31,300044,28.102531280207636,28.471087440755237,27.796232668270505,27.879895239273882,8854029,304167082.12103903
2015-08-03,300044,27.901776324875026,28.0842117825603,27.437549551838895,27.641926781732426,8045708,296271502.95483035
2015-08-04,300044,27.631314260820808,27.895018698196782,27.44706669684217,27.793747979464214,5718566,167767943.12026948
2015-08-05,300044,28.033083785595466,28.530582283963103,28.00883500407088,28.206231846191706,2813033,85236877.67704163
2015-08-06,300044,28.579733275679104,29.287735108528178,28.078096321516096,28.761022291056346,9078546,384742431.1896273
2015-08-07,300044,29.036005340964646,29.400742228298093,28.468241160317994,28.992700819741977,4829518,156625457.46183535
2015-08-10,300044,28.903608964521162,29.446524141290773,28.24202314389982,29.010873817383516,7799238,287464467.6885478
2015-08-11,300044,29.128734312473714,29.33219689434758,28.202792615642014,29.055128357618607,9183651,317402462.58241385
2015-08-12,300044,29.231768145234234,29.987193402825834,29.04768955392246,29.27090404088231,4355855,178335445.69567847
2015-08-13,300044,29.600679587532174,29.937994491613455,29.32955246691844,29.389081720692573,1634023,49411803.23777667
2015-08-14,300044,29.500704153067097,30.131646592309576,29.557582939066577,29.568982462799816,6356529,275559763.6314307
2015-08-17,300044,29.101246793335125,29.1732390836253,28.210131397010684,28.9099664446866,3245169,135021287.62692064
2015-08-18,300044,29.24390333692778,29.26588032099052,28.36076628714183,29.05862957808909,8163204,253850183.9285151
2015-08-19,300044,28.340657849228396,29.105661649066764,27.669874265728797,28.38136400946353,7394004,282958086.83134973
2015-08-20,300044,28.729879509892537,29.159498234236313,28.21399005189056,28.95088808410939,7678385,256284434.50366
2015-08-21,300044,28.899147188732268,29.06945443298535,28.701237070924808,28.816312441812045,4671832,185322124.49453378
2015-08-24,300044,28.837116135820267,28.97631160588166,27.877386034800374,28.582016038057937,4079851,161079978.6904668
2015-08-25,300044,29.2295050011068,29.680370507575333,28.22681377744073,28.99753367890167,6909108,281264379.6022206
2015-08-26,300044,29.230671289302673,29.81813347369576,28.666686333570894,29.131984419733424,8349202,302437680.6819136
2015-08-27,300044,29.010356246980418,29.569243432440537,29.082948585110945,29.299977927993126,8021882,258983502.7602364
2015-08-28,300044,30.168845177940486,30.058097356769085,29.393870690353882,29.964094331551504,2930666,126762276.39203879
2015-08-31,300044,29.848974627401233,30.421848416168142,29.522022504419525,30.002690969083325,7905027,276127459.86611867
2015-09-01,300044,30.080588200835905,30.472016553880984,30.118445041681763,30.232654151690383,3358134,143605861.06257808
2015-09-02,300044,29.90073883493075,30.3429570526657,29.312827065219185,30.00252943295457,2747466,101648518.86419922
2015-09-03,300044,30.027347840114164,30.29643331591369,29.92142620154202,30.262482665619803,2495731,104493815.62318994
2015-09-04,300044,30.22063593669016,30.316085330644,29.513269486225038,30.241646830318945,8714683,283611237.2513042
2015-09-07,300044,30.201411818736354,30.567484748120364,30.16203738667675,30.307777518557597,3108064,115744150.15290487
2015-09-08,300044,30.374427335185693,31.404923153463358,29.87268508258527,30.616132313012162,9890871,354425894.1560908
2015-09-09,300044,30.415972161379642,30.887414023640986,29.94752275201039,30.256106823761964,7982320,248290673.86127886
2015-09-10,300044,30.116534743374018,30.878687411666228,29.68583841232783,30.1053883531771,3421658,129997524.87162456
2015-09-11,300044,30.03597940751893,30.173368681584765,29.92753042590651,30.065443513426327,8935395,388004228.0045512
2015-09-14,300044,30.434893626333423,30.52215251071515,29.798884478749535,30.477039629875655,1994522,77871486.48664866
2015-09-15,300044,30.490159671004125,30.35067360994984,29.53866736792213,30.23074335449066,1110210,38816195.120244525
2015-09-16,300044,30.251139339513404,31.22097602106921,29.715826512800668,30.45600451582234,8397213,263415780.01817137
2015-09-17,300044,30.979504844313862,31.11893853054106,30.42820661216931,30.724356455270414,1511419,54355747.51233808
2015-09-18,300044,30.489268215730426,30.888612780784698,29.85975555418647,30.611652693454033,5505961,248431113.20155916
2015-09-21,300044,31.134395397042383,31.644897898976,30.99578477862253,31.231995875038944,4700050,160244778.70947862
2015-09-22,300044,30.84210180654999,32.02565156094284,30.19179545904844,31.108484016238442,1177081,39891516.771193095
2015-09-23,300044,31.041110275954185,31.54514149670716,30.28989739706936,30.838951939580532,4076648,180031505.47076705
2015-09-24,300044,30.14278796444547,30.74938995400195,29.162606325217233,29.913227731981987,3849448,126150356.15770376
2015-09-25,300044,29.869810208185697,30.75957581679127,29.894122974636094,29.895311647076863,1622539,59221913.346252955
2015-09-28,300044,29.042658298602134,29.188774732277423,28.464348712803755,29.01400881245359,5531036,230656525.6132244
2015-09-29,300044,29.492650664925137,30.37011341650594,29.136669127495015,29.503525857599485,2470358,105973772.71651304
2015-09-30,300044,29.734901032434625,29.944731343316636,29.291594023123942,29.458260383153473,1890859,63536666.6747575
2015-10-01,300044,29.377031551547898,30.09575790994883,28.639696388415683,29.47806510291133,8372077,311770567.2343324
2015-10-02,300044,29.537103095601996,30.49800622503915,29.64915934584383,29.800065401121458,4518733,166488623.4268118
2015-10-05,300044,29.60433003292789,29.762393996241666,28.875447229262146,29.749580315903593,6065119,237637573.7797359
2015-10-06,300044,29.76299947523823,29.69291246180401,28.983078050653283,29.68083054929007,1763396,61900506.71867346
2015-10-07,300044,30.340830402264753,30.74547902283016,29.503143573386808,30.094896835936368,3386297,120009151.45655245
2015-10-08,300044,29.965745828973358,30.692853548132632,29.335372199915756,30.098301638860892,1926518,66236246.087371714
2015-10-09,300044,30.170874513103453,30.09104645559927,29.73683515241197,29.890792873855002,6734788,291769206.5582553
2015-10-12,300044,29.913643580410582,30.187461423285693,29.03953856269192,29.934074440415046,7248524,230317495.46068132
2015-10-13,300044,29.935206506758853,30.400289049695832,29.556204169247472,29.667097898722865,5598547,225551718.0275229
2015-10-14,300044,28.84871813533429,29.276375237346148,28.91809300225666,29.08734093126935,8124523,299363317.705267
2015-10-15,300044,29.032081318124686,29.906692273885906,28.57070295944304,29.108672488401933,4672069,158404185.70277244
2015-10-16,300044,28.722582177302414,29.431750698061457,28.245317726935284,28.892406906752818,4726645,171757653.954695
2015-10-19,300044,28.84732305045104,29.286041125985925,28.87673077988686,29.0492980213051,7826353,331908678.75425225
2015-10-20,300044,28.986348016243834,29.608836270493715,28.64806367590609,28.771195345295197,9436930,346384387.7466105
2015-10-21,300044,28.639301758605747,28.831528299272186,27.754686572187136,28.57628177971621,8105117,341690755.5384682
2015-10-22,300044,28.896820355544172,28.900193203657025,28.171513244674987,28.63309414923339,4518817,135275000.22086027
2015-10-23,300044,29.316806453302398,29.97088747569597,29.43569367813975,29.541552740225498,9099603,285000673.4340688
2015-10-26,300044,29.730655112230156,30.295401802648538,29.541578785410067,29.639737511178133,2851990,90777621.8771445
2015-10-27,300044,30.351658794250717,30.91924264602756,29.877313658872122,30.059601637813824,5972286,202708616.52168375
2015-10-28,300044,30.01486196720173,30.07551821360105,29.886677105985335,29.89481446776355,5321426,235877582.7617392
2015-10-29,300044,30.25299783966092,31.315022917654755,30.014782709974277,30.490704709449005,4143137,162537382.7709959
2015-10-30,300044,30.70758017531226,31.150098077642934,30.185723977517423,30.641208048098047,8196115,254368794.68707252
2015-11-02,300044,30.862157387068716,31.348574559228904,30.990129384209,31.03672968050741,2002219,85162877.14180416
2015-11-03,300044,29.903534496798958,30.253222435733335,29.703956160834974,30.031729907167495,9156957,390672879.77571815
2015-11-04,300044,29.787141191944237,30.69258329832755,29.71660165434382,29.903596023911913,8659648,269232522.3384412
2015-11-05,300044,30.15603304091727,30.14908762158137,29.36280709631771,29.95181873241451,5680608,178116549.02473438
2015-11-06,300044,30.264778357472224,30.55726410492786,30.148671973018438,30.330665905747765,8321961,346542650.89653796
2015-11-09,300044,30.57834223979445,31.053326888737267,30.076180640757755,30.378291755341337,9792100,387002074.18868476
2015-11-10,300044,29.726407640262483,30.271252522242502,29.008021813593228,29.871499637318944,3700945,127588140.92932111
2015-11-11,300044,28.92429988444301,29.22711863437374,28.60341598207433,29.138989570119218,3353287,116639882.82741614
2015-11-12,300044,28.708408089844465,28.544745029371,27.888780482982227,28.489751498400175,4994952,189956151.39855054
2015-11-13,300044,28.4345619732395,28.620542187685334,27.75007704226599,28.550913707903874,1551215,59190953.05931058
2015-11-16,300044,29.046425572230298,29.59987708779619,28.2614276463681,28.89129793374206,5523908,182779134.51899725
2015-11-17,300044,29.03237700912308,29.007900191646442,28.261740763616352,28.869257449181006,1254134,38286671.341624185
2015-11-18,300044,28.650687386970276,28.693386647369206,28.331767448604523,28.50873201404186,1162870,34522897.31837998
2015-11-19,300044,28.1432354113555,28.6525282957577,28.208936169614226,28.396878483120016,2221278,73171788.79240574
2015-11-20,300044,28.696864522885303,28.950660200861687,27.886550930757554,28.59091567060625,6068711,218534688.16179472
2015-11-23,300044,28.350984523423186,28.460331881900565,27.804202765809777,28.18522306585007,6190603,245579954.76275852
2015-11-24,300044,28.411378366389094,29.125378365508254,27.716449261778635,28.447605347517808,7881546,323497446.40872276
2015-11-25,300044,28.343735064821374,28.494172939288998,27.856717956163994,28.135911707410962,2723714,100417580.71195258
2015-11-26,300044,28.526836195273976,29.303021195383153,27.86019711798944,28.59684026882041,4076201,151303369.3368604
2015-11-27,300044,28.422926151553987,29.01366822795211,27.87030520220656,28.489266592354376,2897516,103541618.13028176
2015-11-30,300044,28.307810977915686,28.449153250679228,28.06215325961265,28.4348165085634,4080134,151384804.53203732
2015-12-01,300044,28.553822459443438,28.749574298431636,28.242450902939776,28.714522718656635,4205634,122170656.82934476
2015-12-02,300044,29.096977364875045,29.173690840892554,28.453531300897456,28.965674239738927,8408374,314199795.7641031
2015-12-03,300044,28.54975929301652,28.69575602715232,27.91042524060187,28.657344767452187,6562568,242207147.44021985
2015-12-04,300044,28.779166140310423,29.091771061036475,28.08613945524242,28.69994391072714,7270545,263069265.9410719
2015-12-07,300044,28.13198236686775,28.56325081498601,27.62991297770772,28.20286999602568,9477182,390447716.7764279
2015-12-08,300044,28.730111843776278,28.965678556162707,28.67849518872107,28.8642237135469,4483670,156927231.998848
2015-12-09,300044,28.407894432037263,28.828211501937716,28.261484453777925,28.473333281374703,8172040,238789650.77830192
2015-12-10,300044,27.658827410315432,27.870068076799924,27.13042872826113,27.85552177032011,3957668,119027828.2492634
2015-12-11,300044,27.73724515525897,27.72600165720765,27.513450060903097,27.6918017319703,5018310,207261165.29008123
2015-12-14,300044,27.844184187909303,28.52913715306843,27.120884710024537,27.75409082636633,9550014,338295479.4122049
2015-12-15,300044,26.911311274030524,27.19489737714424,26.195921619739433,26.922705738434964,1441940,54769298.21908293
2015-12-16,300044,26.871353974386377,27.250815746754633,26.1125807564087,26.796743540837465,7549982,283575116.43373245
2015-12-17,300044,26.58379487095396,27.165691573930566,26.048257981239924,26.654784579655402,5129421,165263338.67818958
2015-12-18,300044,26.731486111843964,27.135263534797502,26.037144522219666,26.81275418112828,5702881,206886451.88328224
2015-12-21,300044,26.71289296193308,27.217058392817385,26.657867694407678,26.732159756624203,9029532,334403058.1988415
2015-12-22,300044,26.351841490722876,27.385634224277855,25.955393259823744,26.60849568842836,3098322,84491772.68519962
2015-12-23,300044,27.363868619585674,28.09769909802586,26.93327811802965,27.39491847392815,4084805,143416040.50568414
2015-12-24,300044,27.246806411855673,27.97451691275793,26.888749447753625,27.28735198500868,7149720,266366389.59526277
2015-12-25,300044,27.38784548675712,27.829053221920084,26.55326615966813,27.186837964677512,7669224,282186179.52089393
2015-12-28,300044,27.52213142816104,27.865265176666753,26.957183536642397,27.378321769018644,9369799,257685109.0481005
2015-12-29,300044,27.136164072142734,27.894101221694946,26.5619877204597,27.172164832778797,3387229,110749623.53346412
2015-12-30,300044,26.863431353537663,27.0839429803847,26.33748055479792,26.846294215854428,3956780,109748590.5258198
2015-12-31,300044,26.71898423142299,26.977247365783256,26.66734016096196,26.928124755248234,5599190,184611723.665532
2016-01-01,300044,27.29448699361776,27.561237812327327,26.667434829527963,27.155522934716426,6520288,257611506.61470577
2016-01-04,300044,27.00959004456447,26.83573856220367,26.623572230241933,26.788220553343006,9655056,271925767.6936794
2016-01-05,300044,26.8328629356753,26.804894787170696,26.173297523445978,26.750233699732732,8941317,286474584.8870067
2016-01-06,300044,26.814722873240264,26.948563692884193,26.261757448806254,26.679843433628623,2070347,78201169.64269203
2016-01-07,300044,26.389985038601033,26.758130227012167,26.160867788579917,26.356242702003257,2348936,69363016.98575582
2016-01-08,300044,26.63527128218509,26.647630912545118,25.63867015045773,26.381674654135573,8759476,329809142.39666396
2016-01-11,300044,26.273890156417448,26.489208643462057,26.172017043435876,26.397908408675733,1965589,61469246.13817718
2016-01-12,300044,26.778760597025798,27.242850472777217,26.864561925099142,26.892176893523747,7883740,233003000.60007605
2016-01-13,300044,26.42246115922504,27.027156487617678,26.40785528928261,26.62416810485444,2295852,67085724.07145846
2016-01-14,300044,26.388271563977167,27.0456879572282,26.13292250184955,26.52504358964181,2517246,90748250.67298111
2016-01-15,300044,26.88984570910876,27.20072503943167,26.106077571738194,26.8923252776348,4819068,190844545.42046002
2016-01-18,300044,27.046355570497816,27.386983885440518,26.89687543532659,26.98345281555536,6562712,240679017.57563832
2016-01-19,300044,26.54073600076897,27.186182191814094,25.84684661444152,26.52586601491375,9646331,350676131.18995947
2016-01-20,300044,26.07431642192392,26.545309592587447,25.565089556324256,26.276549533420923,1387588,47776302.95180189
2016-01-21,300044,26.038467745080364,26.544703652295194,25.78550090082579,26.024122837231516,1141155,34601323.09933732
2016-01-22,300044,25.708390586805066,26.298058032169827,25.21924252238731,25.834676048662068,9329040,251844278.53609094
2016-01-25,300044,25.734037805226382,26.39157129453211,25.425777435708117,25.91490161723556,5513707,198760623.99325526
2016-01-26,300044,25.57139005883933,25.925522489101002,24.696913860041782,25.385211365221725,8548997,238061759.09828073
2016-01-27,300044,24.99432842157591,25.816069652078138,24.594990387062595,25.120137195521323,4159963,117615868.8552135
2016-01-28,300044,24.909972883556808,25.537319373113867,24.281103693306328,24.851720879174387,8760568,230482226.79472527
2016-01-29,300044,25.02586325361339,25.557033165836287,24.846222912881018,24.93572989912283,3272116,106553866.96060722
2016-02-01,300044,24.419489209560652,25.026914323032255,23.972522445551416,24.50796742630761,6609214,237875143.5312833
2016-02-02,300044,24.16829550245718,24.536994395848993,23.864273800510006,24.37217382187481,2859166,95984890.66103211
2016-02-03,300044,24.329337346558617,24.39970807872442,23.899467085219232,24.288957320961632,9073939,278807718.836388
2016-02-04,300044,23.98199667229922,24.52300475309416,23.487601954584857,23.864678981988718,3070478,74308537.35093555
2016-02-05,300044,23.702485997585345,24.27259274774352,23.45293003820487,23.901068004625564,2234239,71591260.53627206
2016-02-08,300044,23.946914473128334,24.70937245180131,23.744338170606493,24.026482626632514,8462248,233895962.77083457
2016-02-09,300044,24.234259202932858,24.69576649880408,23.757021711282167,24.086049245799394,1476537,37545260.88699443
2016-02-10,300044,23.753968037447773,24.169782477972326,23.01732413790686,23.65431852048308,7941341,208952701.10748225
2016-02-11,300044,23.080991578412917,23.309910053512017,22.965541798260126,23.033836818554416,4685589,108518855.75901565
2016-02-12,300044,22.961602009392905,23.352241020301012,22.771101479042862,22.817008566552317,9610292,286434163.04852635
2016-02-15,300044,22.641635889619476,23.082044123397537,22.650559924952894,22.814356741434313,2986588,88207252.77443239
2016-02-16,300044,22.855155935884056,23.29535451773015,22.570836366723032,22.69850721031618,3988809,123147716.17599244
2016-02-17,300044,22.98904608688069,23.25524086666791,22.71696473809861,22.948296142373184,6811291,191620194.39808184
2016-02-18,300044,23.29217827354538,23.66490422531076,23.182601771453534,23.492786164912925,8355194,199867970.38258266
2016-02-19,300044,23.963575814991724,24.35738037828195,23.34430155382206,23.886261229897894,3790568,99093529.47407581
2016-02-22,300044,23.84083453545022,24.560248628330324,23.651360677435687,23.890807143198945,9146381,326132940.4611374
2016-02-23,300044,23.512483461070342,23.830589808720315,23.08282488965906,23.429652932397964,9923421,248251739.05613315
2016-02-24,300044,22.96942631590959,23.022431507534296,22.4507288307549,22.888021027873545,7227415,229667303.0303573
2016-02-25,300044,22.571502991342705,23.221060052207356,22.37383629768251,22.75911529721362,6840196,220441104.69532037
2016-02-26,300044,22.941972167919022,23.453818212747787,22.124102140104636,22.771206971077184,5608843,140803690.08540717
2016-02-29,300044,22.682510827031397,22.773043404527005,22.334879189709252,22.53885725403504,5577418,169171022.5425507
2016-03-01,300044,22.283956752008688,22.527507149791365,22.06490895992722,22.227216052046288,9681883,301852318.8979404
2016-03-02,300044,22.285319332667683,22.894773308858603,21.778010387425702,22.237941888076325,2834929,66958658.657302625
2016-03-03,300044,22.553651666874647,22.57630853904784,22.422987451985776,22.497698516684594,1600790,40292708.086223796
2016-03-04,300044,22.141961411003717,22.41697905810965,21.866636687525926,22.17972198202819,7643930,183851457.15364382
2016-03-07,300044,21.93345235427695,22.275963872599156,21.740893978014316,22.060131462588295,4674187,131983887.26612766
2016-03-08,300044,21.680589476987915,22.17639620494634,21.78493493544607,21.826804430994482,7761431,208367401.076241
2016-03-09,300044,21.763115091127588,22.208372736699037,21.125772521409473,21.59441819719742,8388932,194069841.010832
2016-03-10,300044,21.887281733348853,21.977292115182625,21.120755280600996,21.742806967826244,3630872,100472187.25010626
2016-03-11,300044,21.83364845272379,22.166891476135458,21.61511100457066,21.61843458572816,4100834,128704594.4795076
2016-03-14,300044,22.298665808406138,22.298851169412576,21.63293789953028,22.0888579052086,3996217,118470780.06963852
2016-03-15,300044,21.74242697172219,22.30876306744188,21.515172464998848,21.825001859337863,2958602,70230833.86763552
2016-03-16,300044,21.998186611354637,21.978919561358392,21.506035724381977,21.907504268521937,7448299,221482610.38438505
2016-03-17,300044,21.54337065551612,21.567225946844626,21.013011141877797,21.55941823506437,5314836,148693409.93379265
2016-03-18,300044,21.485977620344,21.450884451116526,20.767950784748002,21.34004972829277,4528396,134390478.27807996
2016-03-21,300044,21.45877803540893,21.87089426726022,20.75585725924269,21.29697084861671,1950872,53390838.87465778
2016-03-22,300044,21.414954216027716,21.389756943633753,20.774648526436035,21.30717567826725,7361091,210100386.007296
2016-03-23,300044,21.635250430774473,21.741340553180674,21.416509075837745,21.44558946622388,8063138,252355905.98897186
2016-03-24,300044,21.582799754497167,21.739941382170965,21.392548615911956,21.414201012981472,1190836,29252187.676482778
2016-03-25,300044,21.24182703007634,21.439163947886946,20.78926112335191,21.230171580046676,5814982,127241422.37218617
2016-03-28,300044,21.203339150851857,21.68075035472292,21.172995624178494,21.3339443252749,6003711,182357882.84718642
2016-03-29,300044,21.56405519301098,22.24786078571798,21.085150559348794,21.707431187371697,3842318,122784454.45513882
2016-03-30,300044,21.923604784408063,22.030487445927307,21.150925396352804,21.738491149858618,8553935,189877487.71216336
2016-03-31,300044,21.425927500314025,21.79939818767105,21.44113000503183,21.60033622474699,2736489,84047857.74963295
2016-04-01,300044,21.330817358295764,22.02020721383322,21.17785574742566,21.400610127308106,9377845,260541692.52362245
2016-04-04,300044,20.811362232266028,21.15350240254025,20.877643400680675,21.010763438080588,6985050,192684499.82764587
2016-04-05,300044,21.010722450110084,21.18872427233997,20.400452842065356,20.866751920666182,9626505,294839743.1725377
2016-04-06,300044,20.860613473939402,20.943829555053014,20.153033963512637,20.72980355143723,1574862,33151449.065749645
2016-04-07,300044,21.023597370375917,20.97820038299809,20.789811473593907,20.822999726900377,7550029,211255136.89605656
2016-04-08,300044,20.668176639447818,20.782831912630776,20.31535267506672,20.77066918754832,5439883,119059966.95942579
2016-04-11,300044,21.112795189466333,20.986202683661602,20.44672379106023,20.954243816336664,6802495,207389746.01354548
2016-04-12,300044,20.61437938751201,21.113463099506124,20.388639599301918,20.577194975947485,8306838,171199050.24849066
2016-04-13,300044,20.657886366933614,21.151695405606635,20.07040454807797,20.63554912051,6663711,144650818.24511912
2016-04-14,300044,20.478848969380298,21.146625743410528,20.427831481756265,20.664733236123116,6394634,196744275.29991922
2016-04-15,300044,20.723190430406614,20.82779579616783,20.37471724779802,20.813784060500964,2259826,55840300.61301261
2016-04-18,300044,20.341933589681947,20.87444806340913,19.955853045991503,20.544691203528163,3798837,103122335.18518831
2016-04-19,300044,20.780775962933603,20.66789246806106,20.394536502234264,20.638394184286472,8365493,226875299.18191367
2016-04-20,300044,20.60093435394025,20.727210221173998,20.068833776188445,20.549187204351018,8125634,175423845.77623487
2016-04-21,300044,20.807144328717303,20.867957610938685,20.24955891480878,20.714618753075882,6776540,170319102.14597568
2016-04-22,300044,20.295712421937967,20.390150642525203,19.868058140832325,20.2648715219929,7591220,196799124.9114046
2016-04-25,300044,20.717535264518403,21.00938291448035,20.453688950437638,20.53213011782935,5218549,128078000.12560675
2016-04-26,300044,20.63632228104375,20.852534351409215,20.59728368189211,20.619886875927634,8078302,246263501.34966397
2016-04-27,300044,20.268665685654533,20.595865459056306,19.817302582889322,20.293936359475282,9231023,211444603.60646462
2016-04-28,300044,20.378287751084663,20.676198467452068,19.830611020845108,20.19456981754407,3885239,114453646.02689674
2016-04-29,300044,20.04570354536887,20.62640030819879,19.77679471593598,20.18533682078121,3521149,94759754.39297675
2016-05-02,300044,20.163691672702143,20.416573770292953,19.555830801315654,20.108559242012134,2250341,66851022.209482536
2016-05-03,300044,19.80022664191402,20.03612247412848,19.565721680932747,19.69182436583278,4491423,124026058.60985236
2016-05-04,300044,19.50540798324942,19.644239905162273,19.291665203327288,19.45542283355156,7268477,205769331.89429832
2016-05-05,300044,19.088714125841626,19.266881723932524,18.90426015262061,19.221871820635435,1859218,42392176.74698258
2016-05-06,300044,19.217005479732094,19.484866301037293,18.86903243930606,19.126186123643382,2345845,65721118.30353714
2016-05-09,300044,18.667518293186795,19.137219872534867,18.410530092598798,18.840866127436037,1508168,31516240.399329063
2016-05-10,300044,18.797250928440526,18.82821522804722,18.55510511188731,18.702515133077185,2791610,77257754.32854788
2016-05-11,300044,18.52849666051741,18.696693069504473,18.502194772387913,18.514003443985438,9243705,190417514.876494
2016-05-12,300044,18.466571724042275,18.57789875597902,17.953223095080656,18.436608303183625,7715733,196573145.33535692
2016-05-13,300044,18.719084837858002,18.97551149099818,18.539279025400926,18.54278428734355,8143444,205540857.42436558
2016-05-16,300044,18.703621053005467,19.195775768321372,18.62240208224482,18.714059491619267,1386909,34564237.47288876
2016-05-17,300044,18.631887562950627,19.178787236777122,18.546680246489977,18.718479080366706,8977942,194683718.74132264
2016-05-18,300044,18.54102217602373,18.730708173150365,18.543582617243374,18.625507220939546,5238524,124057656.76124348
2016-05-19,300044,18.815662551786236,18.982544818242758,18.497816026211233,18.721104651583122,1526830,36366563.85726029
2016-05-20,300044,18.50148262504313,18.662975484938205,18.515973884401316,18.515998125865224,5187609,134248883.83498716
2016-05-23,300044,18.427784543809484,19.148335139589665,18.096778964321516,18.60231393085023,8689724,176568551.8704364
2016-05-24,300044,18.1859412128321,18.61033835166814,18.101627068120493,18.31425710027525,2899200,70947303.88265674
2016-05-25,300044,17.904519805194457,18.050799115476554,17.46778929547944,17.95956183825885,4739959,107396775.68436135
2016-05-26,300044,17.994659644005587,18.433049774369184,17.543342831490143,17.95810299516481,1827516,45974328.04514028
2016-05-27,300044,18.323932268258677,18.43879564251335,18.17039317701794,18.182757312433562,9112240,213454351.51387343
2016-05-30,300044,18.149934025675524,18.29852958268089,17.757264451346618,18.183761886808846,4773161,127867268.55489714
2016-05-31,300044,18.137764885941365,18.14236959745142,17.77053019759531,17.98305843662654,8958632,218958108.10131818
2016-06-01,300044,17.60521792849898,18.108702985129806,17.475978055777013,17.727323548462408,8950758,232896913.39576116
2016-06-02,300044,17.7860677598212,18.121058128346565,17.40321497922442,17.805488014198247,8094423,176203243.73199564
2016-06-03,300044,17.908905599313666,18.18482634022047,17.486113763883754,17.74951417601729,5395386,127324728.67725793
2016-06-06,300044,17.609413595207226,18.21997089169906,17.40537771138706,17.7242331481373,7691483,166718592.34556657
2016-06-07,300044,17.67482312647731,17.67058142333636,17.041686244646808,17.524474677172766,2102485,44941152.541905224
2016-06-08,300044,17.551859054497534,17.554641101820636,17.270752699427682,17.552970491806775,3481972,71852809.8502425
2016-06-09,300044,17.498359188743734,18.043268423977413,17.086215093665874,17.591357243855377,4148490,76952299.43818353
2016-06-10,300044,17.69092752319469,17.615593969299272,17.02713373305799,17.517917261856475,3541955,73383479.06830375
2016-06-13,300044,17.55797905029753,17.763811962788754,17.266592932123796,17.645440914156456,3493908,66740497.8647811
2016-06-14,300044,17.712260886559346,18.39056619647285,17.35541116052604,17.858934023246054,6787573,162133981.42244416
2016-06-15,300044,17.84256616015733,18.283456411620396,17.881159259421032,17.949722819795703,7325964,192236287.31572703
2016-06-16,300044,17.909159888793003,18.219289704651914,17.476662148776118,18.010620644604302,4781066,104734643.62872972
2016-06-17,300044,18.081926225410044,18.201046944604517,17.72840016962067,18.00837075808542,3432371,63169099.15505529
2016-06-20,300044,17.866911765210578,18.015871108054267,17.860623878665507,17.897324775974376,7781924,195004603.1735462
2016-06-21,300044,17.701445891109948,18.177145987578996,17.544036406991314,17.871581724621414,1650124,32884345.30716706
2016-06-22,300044,17.67971017046899,17.975601532898565,17.230091656830023,17.683214923444602,2203905,44013667.58013656
2016-06-23,300044,17.689250600190572,17.91004777255644,17.36805319349408,17.714521107557097,2428801,46278550.10345724
2016-06-24,300044,17.838137211424744,18.18797287223056,17.58270054634249,17.70935572364931,6606760,168164719.8444759
2016-06-27,300044,17.61218419486219,18.080445537365218,17.15090280953962,17.634271857031223,6398680,116586423.97295985
2016-06-28,300044,17.79755864297187,18.021928635112705,17.537765400782348,17.90461220180284,2437418,62839233.12209734
2016-06-29,300044,17.851358440192595,18.08239441452955,17.735612277097207,17.863419323051346,4522502,106275041.20251395
2016-06-30,300044,17.595757292467017,18.17985279490812,17.65288976401217,17.718466068748288,4918319,122174599.46956375
2016-07-01,300044,18.161141425445653,18.641811078174804,17.934360063483172,18.099274627909896,5042767,92217476.84461841
2016-07-04,300044,18.04335911726006,18.34290377958738,17.613413837631047,18.074472858086125,4116329,106672482.57982147
2016-07-05,300044,18.108318087017885,18.42959400194828,17.55423682671854,17.99512000252095,9613381,231397592.39424086
2016-07-06,300044,18.17631751840328,18.423272613379776,17.785808913768832,18.039423487956523,3450988,80567616.67280218
2016-07-07,300044,17.87740659161621,18.200785271742195,17.6457785646894,17.904471191430886,3579166,89693165.85041639
2016-07-08,300044,18.102883850370663,18.14122410125941,17.682082499930235,17.96377037290618,4650816,97486025.63296922
2016-07-11,300044,18.01811402483358,18.298581832446867,17.466826295900315,18.00634439957848,4117767,106989279.93769631
2016-07-12,300044,17.604377576450858,17.933231281820003,17.58602529018315,17.773873510104337,1357442,26427275.824743487
2016-07-13,300044,17.792285429994,18.19734362908757,17.80517534399314,17.891048693812518,3941227,87813679.05363573
2016-07-14,300044,18.0978307600776,18.47376706831518,17.79830993347662,18.108592328059622,9407714,251588057.39988998
2016-07-15,300044,18.0703401307482,18.389935997977503,17.821280956415745,18.182333813678166,2324689,42841560.52824011
2016-07-18,300044,18.404424656236433,18.804317289845294,18.102015976074203,18.333792925156715,9476055,220181566.38907087
2016-07-19,300044,18.269108731055177,18.696583753828524,17.755725996306882,18.277565963250872,4845129,92699321.4860033
2016-07-20,300044,18.579249139559018,18.799809718850177,17.915824250327137,18.452739811976013,8657350,201790182.36406484
2016-07-21,300044,18.702655263212034,18.993281507079327,18.516951326139072,18.755231345596123,5346098,142287851.9090502
2016-07-22,300044,18.576185784449073,18.74207079935921,18.417628090020344,18.690426507138284,8087398,185724659.92180204
2016-07-25,300044,18.65025944670748,18.82383147520905,18.34636397982847,18.71743122738878,7353064,138889814.1603362
2016-07-26,300044,18.833654333050944,18.99090922719037,18.22669507038806,18.729484570118146,2848974,57592098.5044944
2016-07-27,300044,18.966249941389883,19.2495391752338,18.48708787528604,18.963595990814035,3604738,70841553.81595644
2016-07-28,300044,18.856518561329302,19.23860241885028,18.327769178044747,18.87669197710374,2635855,58347467.03322034
2016-07-29,300044,18.6884585994664,18.846330194322128,18.284104755673198,18.76142757361362,1973374,41929557.48212549
2016-08-01,300044,18.51132610429434,18.940644882758086,18.357684540481053,18.57913135966178,7011428,169747396.05725116
2016-08-02,300044,18.605779463455118,18.762838139494193,18.466998598566043,18.642754896128004,5862218,145076127.734614
2016-08-03,300044,18.645696071111775,18.998094751641705,18.353584107475832,18.575152407409654,6219615,172229838.09000653
2016-08-04,300044,18.87080465146026,19.16063648825552,18.399029904887502,18.778924803047197,5700168,156450340.79905137
2016-08-05,300044,18.652914970936827,18.62460917358318,18.391569980667494,18.570141847484834,4110491,112556930.40524918
2016-08-08,300044,18.278649446804682,18.363149700374795,17.9130823194457,18.324195141695654,9866606,245666811.05427882
2016-08-09,300044,18.3412688883992,18.645444477222515,17.795339418623236,18.271027229659232,8664082,222694509.43735442
2016-08-10,300044,18.076870656422415,18.70572183206525,18.18749398205508,18.25659297909374,6654363,144112062.32406577
2016-08-11,300044,18.202829030571554,18.45205404211694,17.859512743247183,18.12661850671566,5509271,108469776.86552154
2016-08-12,300044,17.8979677133328,18.386580401335728,17.473208549197828,17.881742483990116,8069612,185590575.97065908
2016-08-15,300044,17.933228164099212,17.952355689029662,17.644768378117877,17.76182025847782,8358104,184808801.61717308
2016-08-16,300044,17.886125590210664,18.36576818789387,17.495127284067703,17.942950627314552,1549240,28524140.094660535
2016-08-17,300044,17.85045741074011,18.138473836769187,17.40279612740953,17.818158339012154,4282025,105372009.97938877
2016-08-18,300044,17.6256233697407,18.17122545905234,17.477697245827613,17.734709132787927,1649450,33451762.667962648
2016-08-19,300044,17.710770095317947,17.993956455763808,17.619340235502737,17.7076319514229,3458625,77809580.98916982
2016-08-22,300044,17.97760682016688,18.50599289881992,17.72963269895977,18.020817149971574,2103044,40181727.5641789
2016-08-23,300044,18.198717506507943,18.534973303116114,17.733505085413082,18.27364946465608,5933566,154283262.83869854
2016-08-24,300044,18.28807442138345,18.30591873547115,18.094831072134298,18.255602261571998,1280948,27620264.427872766
2016-08-25,300044,18.09945490942496,18.733786396959463,18.02542078659456,18.21306547937091,6134437,148610617.53592566
2016-08-26,300044,17.76524502124536,18.247162746515095,17.739852899809932,17.928101803083766,8597768,179872467.83067268
2016-08-29,300044,18.14018675169,18.46727566647795,18.119696124583324,18.24462230328061,4384936,118480921.35139875
2016-08-30,300044,18.03452244640921,18.354172338283245,17.702856472872732,18.02030386329738,2136345,44659588.53667768
2016-08-31,300044,18.2084732353623,18.610356189888215,17.805055850366475,18.21692138067543,4461957,82762637.21271612
2016-09-01,300044,18.173494248905236,18.366424087402788,17.763738306808015,18.057790095191056,1048391,24852168.47687682
2016-09-02,300044,17.727122319208057,18.303250584187392,17.495817945470197,17.839635053051293,4080319,88996964.5848263
2016-09-05,300044,17.654113830443954,17.847580459568576,17.71445344546751,17.81980451051699,9402323,172869784.67454478
2016-09-06,300044,18.165105547665533,18.223819224939074,17.91856317772826,18.047835276247614,4049866,87573308.19044383
2016-09-07,300044,18.274282346666226,18.680502167869815,17.695085883871755,18.17198791936486,1901893,50056426.94018472
2016-09-08,300044,18.34637722823048,18.69688964097483,18.1589988065757,18.34862476451962,7589530,156342339.80478507
2016-09-09,300044,18.423288368198314,18.94679389815276,18.09376447939829,18.583100108869502,2260441,51613233.09834168
2016-09-12,300044,18.5963538384077,18.74933189445077,18.681585793668273,18.714040896439354,4950707,124117570.55328695
2016-09-13,300044,19.067740944630604,19.504646573913128,18.50702315883261,18.98478734640339,8284437,228016452.60679767
2016-09-14,300044,18.759704701183523,18.843592291135717,18.510980591031124,18.67631784319922,3149870,65357722.86529103
2016-09-15,300044,18.492625016800478,18.753411535032992,18.02816197071485,18.578261690396996,5070679,110190614.64055604
2016-09-16,300044,18.712784666524893,18.968169468265003,18.598747195280204,18.676162644821275,3295337,68122908.6436771
2016-09-19,300044,18.67132964402445,18.96917249495596,18.153605552776234,18.634229047491303,7814408,198801744.553588
2016-09-20,300044,18.874245406504123,19.275229333414263,18.186994018652015,18.7229239775014,3914191,83596294.29980463
2016-09-21,300044,18.61400476971387,19.075749811478527,18.19085824360814,18.723856777773044,1740257,38241224.965528116
2016-09-22,300044,18.569164097821126,18.760407491815734,18.390828105775768,18.46075267995746,7525419,178173594.24167752
2016-09-23,300044,18.66247866519243,18.858344344844728,18.21870891107867,18.546150054329885,9973676,218635962.69392142
2016-09-26,300044,18.54262620261937,18.655663455044817,18.316554191158147,18.56412451100434,9857632,224630874.7326206
2016-09-27,300044,18.647128068653824,18.86851621496081,18.441788362531916,18.717880700158815,6993656,195955303.65982565
2016-09-28,300044,18.589861902540967,19.19614844862062,18.32067619478055,18.63750184217109,2325743,55157420.394292004
2016-09-29,300044,18.817453454228527,18.905208657052547,18.49581577613835,18.88234044375742,5448817,140494929.01508301
2016-09-30,300044,18.73869998621356,18.837005884733824,18.311496563327278,18.570456608392675,6068356,129926327.6550933
2016-10-03,300044,18.35680432883663,18.267565683062287,17.805731261464494,18.25865703377361,4901272,119178083.95532975
2016-10-04,300044,18.649612993986754,19.008862825564943,18.548288412003345,18.65862556448619,9152187,207903180.60919082
2016-10-05,300044,18.887946253191163,19.26166066922202,18.763661747142947,18.786194873566956,4736468,118993335.80371447
2016-10-06,300044,18.812706388729563,19.202702896099627,18.581084074358085,18.79434811169107,8590624,211310962.5231628
2016-10-07,300044,18.711643488812772,19.139847085128718,18.36413414168702,18.667632816655356,3396043,83849979.83766457
2016-10-10,300044,19.135510650332826,19.510227327695006,18.768911923602925,18.9770514377133,9953277,217507729.06985363
2016-10-11,300044,18.796972384628504,19.0441200401769,18.45522811833579,18.7375468418918,1105188,25354522.312501498
2016-10-12,300044,18.7948129354565,18.719669006036792,18.572702777149665,18.617768541951577,7576094,155533907.46807054
2016-10-13,300044,18.50924054599667,18.64121929351657,18.086433255948698,18.409197592551546,6531546,159151849.23861367
2016-10-14,300044,18.102551614257916,18.625494115958517,18.179975955739557,18.187669862740126,7650400,185323700.5934055
2016-10-17,300044,18.137876631613324,18.098456877847934,17.6314076496749,18.03947266179634,8757530,219752612.95659614
2016-10-18,300044,17.841614162180992,18.271905893694566,17.276805807893886,17.76849679393356,7224813,162141188.084372
2016-10-19,300044,17.70690384600066,18.07008994876985,17.582348231848396,17.72721118609398,6140252,146896232.0050608
2016-10-20,300044,17.86953636594672,17.783650383815985,17.701932002998777,17.750226294470338,8529949,156941450.5949125
2016-10-21,300044,17.468165125914762,18.106567908378327,17.435106615175645,17.637096789469492,5074879,94894285.52635926
2016-10-24,300044,17.549890923687723,17.852818095308564,17.513503023307752,17.696121498844953,3044882,63708562.385242276
2016-10-25,300044,17.936531550735157,17.848416603881226,17.47759866062876,17.827258831578995,7803785,191079489.16306528
2016-10-26,300044,18.15662693902592,18.453818794581398,17.667300179300092,18.057972996910117,1521851,34183181.54098403
2016-10-27,300044,18.18033453872103,18.616644323901905,17.85032474742676,18.321654015014495,9538157,210142562.8374832
2016-10-28,300044,18.742154885931107,19.303588761084672,18.393316958539145,18.747486159872523,8997780,188996078.2877158
2016-10-31,300044,18.561887472686994,18.7894171520349,18.423187956458097,18.525663933199596,3963908,73815007.7161864
2016-11-01,300044,18.181981555298254,18.33853938703311,17.865667705158945,18.237276554028867,7485586,145751876.90265286
2016-11-02,300044,18.14929708129202,18.18508682581051,17.76765915661257,18.142522780656627,9769748,233762956.76217124
2016-11-03,300044,18.177122576510822,18.753348329115987,18.16322688798608,18.211685178392962,4599309,85860310.6880417
2016-11-04,300044,18.32707377642898,18.69361024052262,18.12362978853672,18.282684191348103,7261681,188667163.03748813
2016-11-07,300044,18.145848448017517,18.356732166573277,17.84046740072701,18.000563859698897,8010421,170981212.26110327
2016-11-08,300044,18.06777529302318,18.508606263322058,17.976917392176343,18.168142138419775,6253773,118717263.69926591
2016-11-09,300044,18.232203894299246,18.36018660723741,17.8065148300714,18.170564149408627,8819061,228358342.0726282
2016-11-10,300044,18.325062872900777,18.731625162724377,18.27331653698051,18.286704478727124,1264091,31501994.291136134
2016-11-11,300044,18.13056969096991,18.36364062503489,17.91697957511027,18.032010778094953,7308430,197437335.02046376
2016-11-14,300044,18.10813738394611,18.395040287673446,17.783805196367023,18.05584822274197,7859607,153335504.33610216
2016-11-15,300044,18.12202822480287,18.761845506843553,18.138921112786804,18.28210859275867,9419575,191316034.89621487
2016-11-16,300044,18.045994120471683,18.29631010596273,17.947076158668953,18.22123698103013,4810514,110978283.82071021
2016-11-17,300044,18.145674445001195,18.307133329124568,17.823926891977713,18.092354301427378,4361156,100329784.1272376
2016-11-18,300044,17.93834617503717,18.207345109433806,17.810247701113227,17.94455437561806,1937246,41627837.39591197
2016-11-21,300044,17.920418124110505,18.075243816243123,17.730692433047736,18.0083782772572,5361224,110092501.74848458
2016-11-22,300044,18.38517711043375,18.520421743196202,18.020044577153786,18.34422234406388,5068842,108663973.11123064
2016-11-23,300044,18.534743329541435,18.76856841678295,18.224558019072337,18.39968921326007,8018110,184652144.0068614
2016-11-24,300044,18.24112393475741,18.259090761423188,17.889348937943517,18.123992498760636,7067692,187242793.26368806
2016-11-25,300044,18.029894733582413,18.38305990813996,17.847250273563233,18.13571528034978,5625965,148851805.29672718
2016-11-28,300044,18.141099044862887,18.383350174030838,17.69582547631855,18.189907227819553,5791647,111948908.69358699
2016-11-29,300044,18.25878444706507,18.343421598756365,18.09823487182773,18.11060890567329,9792788,227289958.1856934
2016-11-30,300044,18.272490497925332,18.38621663493489,17.731310845070716,18.105665185389583,8467757,216924414.77589655
2016-12-01,300044,17.70105094860989,18.012481292985854,17.480874791514598,17.861677437751588,5184259,97212488.08509639
2016-12-02,300044,18.024329207218564,18.236168247856106,17.74122276301071,18.065816894045113,7681347,192053631.46725363
2016-12-05,300044,18.341693398913442,18.65567777626867,17.719019570576013,18.18939043581137,4709988,121240071.31841928
2016-12-06,300044,18.093296726940977,18.555561472366783,18.0472988516265,18.20156102426984,5321264,100253871.96652342
2016-12-07,300044,18.261534023924384,18.353297415558554,17.860534648728972,18.121866268636296,4613864,106748888.93607117
2016-12-08,300044,18.52214403296394,18.53717945869727,18.168788622724986,18.517052660557823,9295867,209515336.68973064
2016-12-09,300044,18.59754307865284,18.8128644003838,18.174832735112453,18.666210110637365,4798558,94547641.9283525
2016-12-12,300044,18.759429817547026,19.00198504238451,18.536959462849467,18.861537531154287,1932803,50562967.53709759
2016-12-13,300044,18.90429085312378,19.437238272957167,18.72380812187048,18.92010407354183,9759851,225632515.65980068
2016-12-14,300044,18.77027508190721,19.034797777892393,18.105379032501375,18.661255753045324,4604814,89561034.72731155
2016-12-15,300044,18.98470510304906,18.928219491846797,18.558513679339885,18.850380542004096,2691740,58457242.49592106
2016-12-16,300044,18.674294234718655,19.083940691822406,18.81148965811726,18.852007569536447,1385049,37670551.89010738
2016-12-19,300044,19.080289846532665,18.95967423782642,18.39505602888196,18.907230992651073,5842631,111007025.53668837
2016-12-20,300044,18.887175858748794,19.23323356370902,18.77351216697788,19.015812712276457,5607354,128801852.20658351
2016-12-21,300044,19.037322759020018,19.059354456710143,18.82700890033227,18.849438728234915,4253906,82014628.3400819
2016-12-22,300044,18.425512013311334,19.090403917833324,18.191628814275063,18.6113166519433,2719713,63319337.65306796
2016-12-23,300044,18.795478069241227,19.1242531353432,18.49388835347105,18.67258863257834,8789125,172135784.57458147
2016-12-26,300044,18.559762253626086,19.11997136670481,18.183289581221462,18.717325945161825,1416112,39665038.2269625
2016-12-27,300044,18.863776557565217,19.25935513661396,18.453556210915515,18.725676767208114,7579720,196033691.95787188
2016-12-28,300044,19.205307140336927,19.30434783819917,18.84256320466056,19.200529993255895,3759543,104651282.22064483
2016-12-29,300044,19.25245687843452,19.95199353464705,19.326786811010262,19.435031095503504,7559815,168240034.76171467
2016-12-30,300044,19.290706587282013,19.68498209288664,19.074686770186943,19.315671266135546,5337260,115343773.44114555
2017-01-02,300044,19.23387386118891,19.927057338207,19.33887621209423,19.41071106139644,4139722,105174570.82910605
2017-01-03,300044,19.156905820429795,19.14783637039322,18.677687399337017,19.125637603775942,8213792,230521044.4825465
2017-01-04,300044,19.14472656594936,19.588340805699893,18.654104705135815,19.17037857653083,6081536,152011852.3120016
2017-01-05,300044,19.02510957826662,19.582906917614743,18.54714482981882,19.110198913769995,3227634,85592654.98227225
2017-01-06,300044,19.338517455261524,19.694455613913178,18.63681717202165,19.188300963506816,8528163,191840153.13872057
2017-01-09,300044,19.131367514911954,19.386422584966702,19.079097386144618,19.199924735431757,1122198,28400913.788915426
2017-01-10,300044,19.264326362282702,19.626838180503274,18.84506616811483,19.147165110519374,7204731,142415815.8752776
2017-01-11,300044,19.20779445431708,19.6349149439265,19.307637345282963,19.383593051615478,3238948,76716347.67763092
2017-01-12,300044,19.545885152653806,19.464281072446237,18.85756898874165,19.39088410000617,9704711,253922760.66485846
2017-01-13,300044,19.004760113795815,19.087526515611287,18.469702199977302,18.933004450844017,3320738,86653823.37931734
2017-01-16,300044,19.049023477779695,19.49110042945985,18.586552594474455,19.109742311764204,1174383,26123223.21105525
2017-01-17,300044,19.16821467389341,19.41671579839923,18.752536708679777,19.01013340654061,2998193,67830434.88285096
2017-01-18,300044,18.945031949969177,19.382897849316652,18.59249666147336,18.994214637352805,1058186,27396261.09134293
2017-01-19,300044,19.113970767666544,19.28815094101458,18.969629649970766,19.001545306532748,3598107,81462910.18155497
2017-01-20,300044,19.091597982723115,19.37470542861213,18.509951263386583,19.010524322955003,5115211,144680778.71105173
2017-01-23,300044,19.328043429897644,19.715184082753556,18.909779854551687,19.309719767745072,4839349,108130510.37457854
2017-01-24,300044,19.674971823589484,19.963798471465516,19.393614739798263,19.49732011475247,5049965,134660657.34382114
2017-01-25,300044,19.52128737881032,20.146860428193882,19.08747540658872,19.583419851035067,1204385,32398786.852523077
2017-01-26,300044,19.373470204433048,19.598912845584604,19.067691810270073,19.41543887573729,5567965,149230599.54032907
2017-01-27,300044,19.26367329139221,19.589804958158773,18.796374093309353,19.374863756364086,1857300,49497284.372799344
2017-01-30,300044,19.281314425133072,19.630687167411814,18.860661300841176,19.108291874140164,1461665,41690128.17787306
2017-01-31,300044,19.334120900803093,19.91092928553684,19.06814688390923,19.472360618348063,5399440,110135291.02494945
2017-02-01,300044,19.675837276962426,19.938117385433184,19.528231522870843,19.586606072589653,8080991,166579782.07916272
2017-02-02,300044,19.708461172178513,20.070601059893004,19.289940331624994,19.820166905100983,1756571,38817954.42287064
2017-02-03,300044,20.031844212225455,20.174355211866907,19.9024998284728,20.039199856947402,1843945,45374756.440924905
2017-02-06,300044,20.211989774801193,20.62968756529891,19.760004458912665,20.163857967027866,4401797,102559865.27621251
2017-02-07,300044,19.620741430603946,19.82469573339714,19.185641139988096,19.59046545882517,1353978,30512863.97104104
2017-02-08,300044,19.647236860195648,19.662858091902248,19.51053246989908,19.593922353448093,1012142,27290300.94674417
2017-02-09,300044,19.40119232394902,19.365622255450774,18.999225773608842,19.36307453580747,6509171,142945665.1942705
2017-02-10,300044,19.19553735038941,19.228048685787897,18.66801972616262,19.22155503991305,7717444,172713014.19324863
2017-02-13,300044,19.29685040546013,19.56272150544052,18.984772261541515,19.39646597741901,3837563,85780734.48347162
2017-02-14,300044,19.470870917363772,19.59403620289273,18.908101617792134,19.293649699892597,9932067,250021813.41333336
2017-02-15,300044,19.270478925637136,19.714677675523014,19.029674366354598,19.158914245938643,4202716,106283571.76562537
2017-02-16,300044,19.02421200211304,19.30607344117585,18.91914366862223,19.063394346460434,7359505,147787074.021569
2017-02-17,300044,18.96734048050108,19.25438012108497,18.65391381707707,19.095991576836674,5625932,118578382.23994105
2017-02-20,300044,19.015002039480873,19.04787150157518,18.96518171773612,18.969930917760006,6893912,165388082.06170702
2017-02-21,300044,18.836549610883385,19.001743512897093,18.771181062308468,18.95708348857822,5101944,107890520.24645424
2017-02-22,300044,19.1417062281613,19.48547453398222,18.80589294574789,19.030042085902988,4836019,117424706.90260376
2017-02-23,300044,19.112448420216047,19.39563350056065,18.58585958993236,19.055682615726134,1608158,38869081.09177529
2017-02-24,300044,19.030008117967856,19.106691749521616,18.534983215960168,19.01546386964406,8503141,189290715.38640717
2017-02-27,300044,19.016739731674765,18.968984378348893,18.853371280977342,18.867273986976596,9130875,186056614.85986274
2017-02-28,300044,18.900134587547132,19.260270987826587,18.40756313940806,18.808756422834453,4817597,121754234.68486957
2017-03-01,300044,19.034138226456914,19.468357636294822,18.538505794893435,18.946763012886628,5756162,142006291.81594476
2017-03-02,300044,19.035615283612902,19.26755552657182,18.689599802399005,19.07324140565582,4075124,116294735.99168524
2017-03-03,300044,19.275551453404557,19.282146318417954,18.93823434888409,19.268470665122788,2044982,53684089.670922585
2017-03-06,300044,19.522785977364894,19.82913056797954,19.066370948646004,19.33961964958181,2816840,61263292.851780556
2017-03-07,300044,19.082906227604436,19.349543268396037,18.8655885641945,19.242652127152972,1262224,27708877.879833646
2017-03-08,300044,19.51486544674316,19.84967922136975,19.218253235384367,19.390694139929217,7844795,178032767.55254132
2017-03-09,300044,19.40269483300381,19.597337305267907,18.870360006528987,19.429549909232016,7384941,169466586.9481699
2017-03-10,300044,19.647180886565742,20.111310256223124,19.04947161185799,19.59660954927918,7945844,176717668.90592784
2017-03-13,300044,19.79741918542848,19.826832465712172,19.68036075284494,19.736468413606694,3470382,76520729.58107755
2017-03-14,300044,19.740605025628273,19.75181994539695,19.350807324135353,19.577647618222347,5356951,113885267.48507155
2017-03-15,300044,19.807308411766215,20.476648953267,19.48983540089232,19.903909156132414,1579467,40797855.0234511
2017-03-16,300044,19.7920006775459,20.025574632499147,19.37745346698914,19.835998960553244,1836132,42256741.531361595
2017-03-17,300044,19.530805689937438,20.27428918681192,19.153901422796267,19.7268326771572,7090348,162105919.72497153
2017-03-20,300044,20.00422208754409,20.195460822541936,19.876194691889328,20.180820172543186,7036051,189200869.51093137
2017-03-21,300044,20.470845874069926,20.994413978692343,20.29125664207098,20.416331268825644,7684787,231362643.0333445
2017-03-22,300044,20.342371442704422,20.377472011496174,19.95063139999746,20.147498809872182,9523658,204456412.36229175
2017-03-23,300044,19.9393500936,20.261740401951165,19.686720502041922,20.100319502945958,2231374,48237125.385110624
2017-03-24,300044,20.33758392579405,20.52265399241564,19.723169607792077,20.26725399027766,2638040,72753221.01045378
2017-03-27,300044,19.76467029831838,20.019269096227227,19.452055789930117,19.93952551407365,8649970,178384266.74992266
2017-03-28,300044,20.256263045842328,20.24401369287053,19.790267899898822,20.154880283203354,9945363,223423796.3502332
2017-03-29,300044,20.3044150315011,20.74745407320813,19.870075185249583,20.332160088226672,5989482,179974192.07811373
2017-03-30,300044,20.09600849714202,20.331834340141523,19.504945303440532,19.999073938456952,3026779,71615589.28343971
2017-03-31,300044,20.13158850257938,20.56809618632263,19.992925693291532,20.019010060413514,4306711,122729914.54500616
2017-04-03,300044,20.264392279630098,20.676375642622606,19.720792672857154,20.211712940635582,1472321,36194386.77598461
2017-04-04,300044,20.58749259491856,20.72490296117507,19.94594229942703,20.50694224186355,4363164,99371835.88129671
2017-04-05,300044,20.40488369675868,20.77756314909171,20.157334364034917,20.503347727937108,7598340,225285481.6784928
2017-04-06,300044,20.373707579308824,20.765331263117282,19.833517107974227,20.3612718165378,3001356,77148274.42799342
2017-04-07,300044,20.731965533022816,21.033790113233643,20.573129770359,20.57586098811786,1602676,47752851.353582144
2017-04-10,300044,20.92422972725793,21.497579087507393,20.345726354021803,20.949364368622323,1111118,30104403.04728837
2017-04-11,300044,21.572150481877465,21.994240243174033,21.04396549778195,21.614712184633582,9643473,240137072.12229884
2017-04-12,300044,21.846882448752694,22.46871719697081,21.424354345910107,21.82259897795749,9996374,321382829.5074347
2017-04-13,300044,21.77369875520696,22.074512857408738,21.403766522163448,21.864071655809475,6580476,146734281.18892604
2017-04-14,300044,21.845069336008468,22.234114836199666,21.747322478700546,21.787694792723194,1095172,28743754.048800193
2017-04-17,300044,21.769620399165166,22.154449929996197,21.63635659481112,21.880937178478867,7013264,221711490.93760476
2017-04-18,300044,21.508959170276125,21.901400445354266,21.360983703497016,21.570765127509148,6724878,212838435.23368686
2017-04-19,300044,21.57878480792433,22.013870106360578,21.100588883921056,21.668315316552963,5077013,157637780.9452694
2017-04-20,300044,21.50009261192116,21.929762215012875,21.381739774755673,21.594757022383575,6917416,187570812.2140162
2017-04-21,300044,21.52272711623083,21.533769317451586,21.044779838367816,21.44972680879313,1149620,29461172.98556463
2017-04-24,300044,21.335726217641746,21.61871336625161,21.082472731248306,21.22585087443133,2938132,80354939.87701398
2017-04-25,300044,21.961922324573017,21.92366328729226,21.651378864058252,21.75082752068834,3713623,113339802.17458186
2017-04-26,300044,21.84807971485234,22.04884502980793,21.78924102089537,22.03727868784815,8197035,224171123.08310264
2017-04-27,300044,22.387333956160482,22.66543276073424,22.091125650154627,22.244744544311025,1313264,30185201.217419747
2017-04-28,300044,22.540047302212294,22.646866677864153,22.28322091821468,22.51584586094653,5192124,137952203.84574887
2017-05-01,300044,22.655665335708655,23.070347103147167,22.229059326760794,22.662606895588837,5987163,154902047.123038
2017-05-02,300044,22.689969486205857,22.557139580392146,21.881249609831716,22.487354004561784,8027646,188420553.4094613
2017-05-03,300044,21.941124945782157,22.710021280073175,21.89917483367485,22.06233624147743,7157167,172542221.8110881
2017-05-04,300044,22.067385396818853,22.32888639858818,21.628348917120835,21.867048620043235,5797341,153974280.42636684
2017-05-05,300044,21.907159098605497,22.22161605466653,21.227039777365228,21.879838086823575,7739346,178993730.83907637
2017-05-08,300044,21.76248918504238,22.33971108569453,21.462109845147154,21.795456450773145,8060419,181712669.01946193
2017-05-09,300044,22.06429643755782,21.96623579940078,21.348763438014867,21.889866639115763,4002779,118934333.61638087
2017-05-10,300044,21.947218175353534,22.165005946631624,21.38489717040877,21.784231917085947,9328345,231047321.22604907
2017-05-11,300044,21.688536863481115,21.86261478370446,21.12739574308492,21.591085943047048,2922839,84237317.3958024
2017-05-12,300044,21.500363009114974,21.73606521223453,21.41676130424281,21.557325351289606,2637120,74409242.55906095
2017-05-15,300044,21.513224797551384,21.590220002449115,21.078884918117893,21.342484413862152,9579516,260603125.16390717
2017-05-16,300044,21.715630381232977,22.240195946036298,21.09408987495687,21.643307654713592,7640322,228353472.76251796
2017-05-17,300044,21.49295835404417,21.842980743142434,21.207186120043843,21.525479923852874,6722785,184063212.68320537
2017-05-18,300044,21.89580452822446,22.524591744596584,21.737718767992284,21.90587732637207,9554535,245516924.32059377
2017-05-19,300044,21.813049064532475,21.949522584535025,21.705462813213785,21.835226243632142,3322273,102566787.6512955
2017-05-22,300044,21.85212352888059,21.941340007622923,21.327294677135264,21.710758786444828,8349328,190243544.09787276
2017-05-23,300044,21.792439090374835,22.431050298309202,21.20048331974731,21.82789883487036,3808301,111986431.72828689
2017-05-24,300044,21.239483194955458,21.766248792727282,21.043340142321007,21.415579899364918,8442650,262697904.4513625
2017-05-25,300044,21.25841986115279,21.616537424456915,20.664502787645166,21.198726308103225,6641461,173452935.57643527
2017-05-26,300044,21.270481572920104,21.938555347046794,20.694890900863985,21.3098389086621,8397692,268091999.73296133
2017-05-29,300044,20.9900242212837,21.731723612727446,20.892282697318638,21.13469653152539,5916688,153607604.74844322
2017-05-30,300044,21.34528726891787,22.091769864973017,21.468181589818702,21.53010581229577,6898314,180018294.17584383
2017-05-31,300044,21.74486516790131,22.09069530322042,21.07810277935351,21.712598561951822,4107248,106213892.59330168
2017-06-01,300044,21.89903760216889,22.197923549636695,21.41627621324442,21.796645614077242,3607547,115560443.39653091
2017-06-02,300044,21.408229921435012,21.645964577816912,21.23431611228697,21.59960922743409,4956881,147408544.05245325
2017-06-05,300044,21.240279313169385,21.841663345546852,21.02452504264854,21.37442498473753,1842857,57296494.4437847
2017-06-06,300044,21.481212391268038,22.000116500879034,21.44119337619202,21.65566043553082,7552654,164916353.45798853
2017-06-07,300044,21.842792092586635,21.989049287938702,21.858425281765612,21.916947947030522,3863497,110742748.67927185
2017-06-08,300044,21.957327639419564,22.648046076438394,21.925012161241575,22.122245504169232,5748653,138538620.72832146
2017-06-09,300044,22.1091986673548,22.506441925175423,21.413304787634683,22.01392675813988,5264644,134545376.69654995
2017-06-12,300044,21.891189128941026,22.243507917015275,21.321601510512007,21.852013932480595,4409298,109403975.25553662
2017-06-13,300044,21.836785176140623,21.874755674635953,21.43448082454067,21.828411234280026,3255029,90450685.2274193
2017-06-14,300044,21.997703379607575,22.450974255377133,21.85260790017631,22.057992252505088,4236059,121077805.04315981
2017-06-15,300044,21.937439684963337,22.12775849436477,21.80438707602766,21.986771522626448,5433680,178556333.43872306
2017-06-16,300044,21.86122440033103,22.333054837618725,21.856550874677158,21.919136318144005,1377544,44947728.08355273
2017-06-19,300044,21.596526722560665,22.031992861130355,21.57686758792643,21.783142950202212,3019040,91043393.62145478
2017-06-20,300044,21.98314588221493,22.492121043721,21.79586873107633,21.952701518297573,9217261,272716059.4297636
2017-06-21,300044,22.32462523996329,22.69540088040189,21.768693559190183,22.434801313653644,8670604,229154276.71563953
2017-06-22,300044,22.395892914428334,23.085966202681874,22.21937554066898,22.599004694250496,1318583,38973315.71295163
2017-06-23,300044,22.610163079183824,23.102201584160486,22.432643462765505,22.704986015206828,3530335,118696121.41036095
2017-06-26,300044,22.45059976149419,22.85985647059918,22.04645698951111,22.556945102141714,5120444,139309207.90361157
2017-06-27,300044,21.978945677161047,22.579825923951518,21.990199260106202,22.158753115688967,9181143,235276459.63571736
2017-06-28,300044,22.66476618435246,22.590386134783092,22.024525058014213,22.47091061668292,7247845,178083273.84681544
2017-06-29,300044,22.2839672774794,22.594670265938575,22.087182213112403,22.375145006235783,4122790,96495337.43187451
2017-06-30,300044,22.57608648427085,23.22736009430498,22.178241212099344,22.557511970744216,6991262,209644452.4737428
2017-07-03,300044,22.669461102638525,22.954632808054946,22.274620897096586,22.720988055152606,2521840,76020898.79951392
2017-07-04,300044,22.8494116029879,23.04501935820895,22.829228206111853,22.90232391142247,7979441,234541231.35410476
2017-07-05,300044,22.777384578735344,23.213956301533592,22.383308456337268,22.983621251016455,9747343,260194773.1726767
2017-07-06,300044,23.094430967536628,23.529014740688446,22.363231973515436,23.019924100952757,8225949,219437226.8245736
2017-07-07,300044,22.922332107010924,23.547995508082206,22.328532796470856,22.93162536512545,4166264,111968960.16365243
2017-07-10,300044,22.88043885171944,23.00899362818257,22.851246872100393,22.99759188712647,9332192,241497070.4399942
2017-07-11,300044,23.322131720514292,23.72441369721555,22.713301486981965,23.258534994716534,9849532,319547241.50476193
2017-07-12,300044,22.80113053838905,22.88957984881425,22.05596717869353,22.67200973646668,1020420,25117044.3491096
2017-07-13,300044,22.5181139656348,22.64414810465831,22.200174351068757,22.58582935968066,8248419,216745084.38882458
2017-07-14,300044,22.746716486471296,23.01410634916568,22.49895791626196,22.719146954242618,1643416,48002062.5431039
2017-07-17,300044,22.734711821558022,22.842058710578442,22.391371787955944,22.647831672176483,1169099,33931256.418648586
2017-07-18,300044,22.660717612718823,22.790336449122798,22.532990925822517,22.71246626977179,1910541,62194515.129159324
2017-07-19,300044,22.567399503322726,22.93578736218376,22.291172391397044,22.636738325750784,2675835,69983415.79080729
2017-07-20,300044,22.089701174439295,22.491578400959423,21.933323202147136,22.16772829680641,4765175,150731576.03027922
2017-07-21,300044,22.349686111330648,22.801860980404424,22.095359010700218,22.254731799638886,2560453,65671353.419093534
2017-07-24,300044,22.42967587625988,22.356430773312418,22.185727114612096,22.27961944965815,3893975,100719703.98175386
2017-07-25,300044,22.45464304221173,23.124895349034762,22.30024768098512,22.61798580729434,3403432,110701326.11058214
2017-07-26,300044,22.834150353086372,23.40755246070796,22.856012059878136,22.954796099802117,3487524,106486702.86039099
2017-07-27,300044,22.838106273979513,23.5083270734087,22.848288755408678,23.021674100159878,5425994,154112921.25738397
2017-07-28,300044,22.82468502269158,23.28777198525562,22.7244957183742,22.97310064155383,6914704,162785083.8243105
2017-07-31,300044,23.053705443782476,23.566014973689242,23.031351133719255,23.10341247518004,8496828,208262819.1076288
2017-08-01,300044,23.12252623983193,23.658878324279417,23.019031860901723,23.267462873077335,2668311,69280697.26126082
2017-08-02,300044,23.63288127681495,24.30008052625959,23.567067854279436,23.611120580180483,6111691,205650604.58477402
2017-08-03,300044,23.41918843267294,23.859978323331305,23.162861391828308,23.57105668391044,6428639,170881424.15430582
2017-08-04,300044,23.72083039132295,24.35053966491508,23.10086268903457,23.649180388359603,5525615,157922844.57142925
2017-08-07,300044,24.08242724206129,24.17023117549438,24.007622459620112,24.069935037471016,2377524,76879012.47383027
2017-08-08,300044,24.26124761574337,24.73268391282783,23.577931390864737,24.222792935560157,3112015,100951355.4111598
2017-08-09,300044,24.415034466895545,24.61943216339082,23.985786130865268,24.43342065862883,6910472,169987597.68384913
2017-08-10,300044,24.681866441629825,25.29972663444103,24.340868350994782,24.91898743655645,3454996,116511833.40251993
2017-08-11,300044,25.18507294599227,25.87907265855084,24.98870157890929,25.26876340079319,1258155,35242962.641366854
2017-08-14,300044,25.076708748875518,25.33675945889649,24.865580071538435,25.28138251881201,9484542,358379957.92373276
2017-08-15,300044,25.43771843731582,26.1175666682692,25.423865857506016,25.485817138230555,5747672,217209355.95376393
2017-08-16,300044,25.33533459257585,25.489063104870265,24.66994991716595,25.397451338881893,7119128,202988204.97665584
2017-08-17,300044,25.392562184490416,25.982392058402993,25.259831782650267,25.518284551847206,3747045,106236065.40090494
2017-08-18,300044,25.909672080078476,25.976852189650504,25.493609485932705,25.819148449215604,6443086,189048161.13833404
2017-08-21,300044,25.60002514603177,26.222681617718948,25.494161812481213,25.787704108349818,4664565,136409425.89322534
2017-08-22,300044,25.757752953744493,26.234933278277943,25.833839364238987,25.933244798987616,3969106,106860950.30761352
2017-08-23,300044,25.938641726894836,25.780120499145813,25.54462255333116,25.686477838698202,5543145,199010997.35471457
2017-08-24,300044,25.704007504100044,25.689881948879254,25.121995227863653,25.584914814854283,3746319,124186134.85970086
2017-08-25,300044,25.513998719879616,25.94191462996587,25.291112612522344,25.38227142780935,9934360,255464298.675455
2017-08-28,300044,25.060643727148232,25.487766893873022,24.74960256444127,25.058612443822597,5149643,139507994.0608082
2017-08-29,300044,24.136753518087737,24.44502048338553,24.09150065062329,24.209642940768468,6216456,157268859.00725034
2017-08-30,300044,24.49654577527408,25.07777602997672,24.00574865785464,24.508877523813027,2858253,93359238.25814745
2017-08-31,300044,24.343475553510583,24.460452824582255,23.45189845799866,24.169061294989227,5195494,161265389.6741207
2017-09-01,300044,24.283854023597772,24.597014572715555,24.032581250738026,24.13288927201436,4100635,137065849.48603207
2017-09-04,300044,23.38500112091122,24.1002226838314,23.424775025600905,23.523461842332757,3007529,73067999.74226724
2017-09-05,300044,23.35312965477287,23.554541647718555,23.333676235694846,23.493970327430397,6206699,198952422.0929715
2017-09-06,300044,23.67945134708419,24.002459646265194,23.19845263923232,23.553092013664877,9248509,224481704.183991
2017-09-07,300044,23.50267906475716,23.945570754377307,23.08988463410974,23.360267026096608,1998587,65679209.63357996
2017-09-08,300044,23.498774634885613,23.36639698359989,23.171081847961524,23.310542408133635,1875128,61375961.44824672
2017-09-11,300044,23.363215653352263,23.976166724817197,23.13124877214859,23.392991129958986,1888639,46309538.39981989
2017-09-12,300044,23.450805059830444,24.121106789681743,23.16114645535145,23.612560744476866,2194378,68947861.50719301
2017-09-13,300044,23.91757696673172,24.254037342280615,23.198935375396672,23.7542649396241,1940506,46295196.823826
2017-09-14,300044,23.51580648194727,24.223286286716288,23.4192776395264,23.590120682395725,5361863,136750001.753206
2017-09-15,300044,23.26746551279232,23.43069018890432,22.889466736817763,23.386307732113195,9224477,254454597.08715284
2017-09-18,300044,23.648346662164805,23.97770846705648,23.34206854297292,23.494553871613626,6931328,214666185.61721835
2017-09-19,300044,23.912011517665356,24.026759653672297,23.20561625104623,23.820765273939863,2714417,79961366.44776745
2017-09-20,300044,23.36593475513972,24.25863376068811,23.21724006323215,23.5529200662374,7503596,212551832.00848508
2017-09-21,300044,22.743811472701623,23.20256557216285,22.792519528543405,22.83003020984639,2835679,77637475.76205632
2017-09-22,300044,23.148318851766998,23.721645606148343,23.009551141009236,23.223934383839016,1821357,50683804.65345063
2017-09-25,300044,23.383634971842497,23.318588093440162,22.5036136059844,23.19641762824858,2318810,73475647.55335316
2017-09-26,300044,23.39007909438689,23.7573971086364,22.746683494276407,23.374907703184796,5952019,198816335.2003011
2017-09-27,300044,23.824898875867916,24.000270934903007,23.824507960723412,23.825848072356116,2205780,63060786.09287348
2017-09-28,300044,23.104335145756377,23.34789203482687,22.586909328490872,23.22547058555471,8755849,254000422.55010316
2017-09-29,300044,23.28703751817817,23.23590025078642,22.654634546300127,23.0675694134642,3890733,115372852.44094443
2017-10-02,300044,23.11407274384112,23.91838769558402,23.14744137136652,23.234111406051632,4351788,137505036.07979125
2017-10-03,300044,23.299885933158652,23.791560077327947,22.89086418402597,23.395079469960663,5089817,156712312.45488116
2017-10-04,300044,23.575009188880983,24.068227657258134,23.542726310799118,23.758264888106762,6977660,234779874.9471863
2017-10-05,300044,23.80192539668723,23.801201877428124,23.190534373046855,23.74350690328474,8244410,266886530.21750522
2017-10-06,300044,23.923739865439053,24.384788025666936,23.873322624659377,24.002032616717056,5401330,164229821.754674
2017-10-09,300044,23.7334107225148,23.846924110988457,23.183013039294828,23.521649376987195,3700541,125176670.61939175
2017-10-10,300044,23.607725005399207,24.394940619621302,23.58900017396894,23.8288279016107,2860195,83816262.45611721
2017-10-11,300044,24.076233012216772,24.341141164765894,23.69864669080761,23.935893841787493,5603993,148203937.75868323
2017-10-12,300044,23.562358241272275,24.053932751807984,22.925393306403162,23.573784527567604,3663424,126504658.56596369
2017-10-13,300044,24.344535485908253,24.562840907628754,23.524538608327617,24.135487955175144,1570392,50395407.835062124
2017-10-16,300044,24.435482651377257,24.74779259743863,23.995052507020464,24.280517721437725,7949962,228203735.30680373
2017-10-17,300044,24.391821578850596,24.71321634632193,23.816512809663934,24.25243662421809,9469540,317620995.23182946
2017-10-18,300044,24.232429048423135,24.59080014145429,23.819291200536593,24.095721758829974,3183651,108494615.96638937
2017-10-19,300044,24.5199320729829,24.522900475532257,23.810362541050868,24.48305739788907,8551876,248090400.40460885
2017-10-20,300044,25.228807718541287,25.578478861190195,24.512351022580766,24.99574053312247,5260361,133273621.26421669
2017-10-23,300044,24.30620957901079,25.00895640102226,24.011896426061234,24.39203410791765,4517126,155490345.04873586
2017-10-24,300044,24.316172232170594,25.115967644901364,24.177997173993354,24.394482766352898,3600964,93851488.93727122
2017-10-25,300044,24.47121821280702,24.82155298195689,24.123979999627366,24.65858294520685,5530306,182002893.31114265
2017-10-26,300044,24.416679227345753,24.69773451118132,24.143674076850107,24.50661912329994,1943283,60691657.9840082
2017-10-27,300044,24.604363807715824,24.546939829120603,24.44523377917135,24.448269785417725,3807908,114905134.55624826
2017-10-30,300044,24.471814658492438,24.753406005262118,24.177899147991493,24.63264383282078,1807365,48486080.96494761
2017-10-31,300044,24.243061236674844,24.76773622444797,23.664212462125594,24.367006644952056,2334908,70096193.93334429
2017-11-01,300044,24.66015528427634,24.93217894878,24.315173728311773,24.550435795545994,9769511,244610105.62410802
2017-11-02,300044,24.215572057056153,24.605598833912165,23.591326884355396,24.26457983612428,5951379,146173532.51015496
2017-11-03,300044,23.65055681213658,23.856777938557784,23.334970609928053,23.77214441120359,2298073,63763568.428179935
2017-11-06,300044,24.58802571689642,25.043338598622732,24.07435613290457,24.496483046745674,3146685,102494285.86234134
2017-11-07,300044,24.740938196936504,25.01290293617725,24.53924854504535,24.84565930069347,2270987,79771866.46916136
2017-11-08,300044,25.03637535028345,25.677777274001475,24.9148536428308,25.099741904663013,3366004,121387844.61705066
2017-11-09,300044,25.169199261164742,25.18366166678336,24.72366160859134,24.92204904001363,6673724,175809062.47778696
2017-11-10,300044,25.10635418798087,25.554649838394845,25.009840436084158,25.0501613844751,9643201,319815279.0144105
2017-11-13,300044,25.011506193631693,25.215528632501194,24.37330069373903,25.05344234864198,4514567,153446655.48192555
2017-11-14,300044,25.295277541099246,25.848268145612558,24.708682604762927,25.099947537293858,2164501,67712058.78342463
2017-11-15,300044,24.699507579394943,24.773495609227986,23.791970582886627,24.465412483140398,6889147,186860535.5208051
2017-11-16,300044,24.167484143026364,24.121013839668976,23.86790684551201,23.96168742292445,2277260,62815604.56752825
2017-11-17,300044,23.38087240896359,23.699165951193095,23.22031126380944,23.57535391759067,9877291,271294053.80549586
2017-11-20,300044,23.743833226581117,23.78989091383105,23.427543948294222,23.75052680322642,1674953,59177984.475461766
2017-11-21,300044,24.033886023872206,24.433622745870327,23.44192243628935,23.93320402449485,9240948,317060242.6879141
2017-11-22,300044,24.651709158074837,24.905311094830967,24.44977915386849,24.469317559182798,9512098,303869059.5719414
2017-11-23,300044,24.76733842916194,25.119284175620862,23.87612550760609,24.59244805151156,8613910,286818311.303697
2017-11-24,300044,24.612517065425813,24.560794411082348,24.081931072825718,24.457531327522787,8559645,270765285.4891786
2017-11-27,300044,24.38037387265989,24.60823234203367,23.848674261538772,24.34862865271892,4012402,137870082.38116834
2017-11-28,300044,24.814950107141257,25.136140340673084,24.579320065587225,25.019499811651066,1007132,30900878.818754
2017-11-29,300044,25.29532900603914,25.32209882471989,25.06492411919678,25.221638415124826,3867688,107590505.90281016
2017-11-30,300044,25.197527991733576,25.35968944097943,24.667924626260845,25.16682098441602,6105275,188554699.2306379
2017-12-01,300044,25.450163603035417,25.952985190925688,25.006047955699053,25.352470756464918,7886022,277676736.4809531
2017-12-04,300044,25.311483954072813,25.53949667802793,25.285458222078926,25.405189049490144,3345627,86055989.21100332
2017-12-05,300044,24.941783000545954,25.58432566687595,24.41286096997784,24.973180296729648,1341856,37903252.91264741
2017-12-06,300044,25.144953948068203,25.196327763704776,24.639329481448943,24.983823645772187,8903511,291372952.78257877
2017-12-07,300044,24.658938554395426,24.892230323796014,24.39677569405,24.630198962319447,5491014,198139582.2415302
2017-12-08,300044,24.710080313257954,25.38673483679902,24.221461159513066,24.751123993397748,4983059,174955699.3713758
2017-12-11,300044,25.1383763423198,25.15703253107836,24.33290223570577,24.951267423034913,1128263,30092421.095487118
2017-12-12,300044,24.796896986228646,24.74999460710149,24.368945451742324,24.591272482025246,5848816,196900305.43155524
2017-12-13,300044,24.1004632763377,24.8611595015154,24.122684715455303,24.16824178125284,8673975,309162479.68249154
2017-12-14,300044,24.812604629263824,25.070179931423088,24.324371239332667,24.574674754666987,4353059,153150669.24306852
2017-12-15,300044,24.802080363068775,25.162648188217172,24.532898629129164,24.61701581426155,4605501,113633409.96450153
2017-12-18,300044,24.626953254168402,25.033415694022338,24.454095917472436,24.853925754640592,9532728,283482808.5773095
2017-12-19,300044,24.712890357652423,24.937696074574873,24.47880770757933,24.828231287579996,1591513,56857471.97350653
2017-12-20,300044,24.573810346057616,24.819244155166054,24.10535375482645,24.67803994113136,6573244,210247296.53614148
2017-12-21,300044,24.732605049903086,25.093980111362715,24.26357463314891,24.570251295786484,6729265,234589835.19702747
2017-12-22,300044,25.070572117075994,25.214772094750778,24.312549437698024,24.8236127664846,1492356,52631813.18083442
2017-12-25,300044,24.826766987254988,25.447329426707974,24.515099006324235,24.891354920700326,8429559,306455520.6387217
2017-12-26,300044,25.268572838772865,25.45793494755308,24.47204033900319,25.215158617765294,2749120,95021200.76255362
2017-12-27,300044,24.462727102022882,25.02507021974406,24.02542649685566,24.60867230814752,9518858,249117128.76039642
2017-12-28,300044,25.032091192941955,25.64384493074573,24.981187767978938,25.108487720564717,3849993,106899802.83411442
2017-12-29,300044,25.35841195946034,26.005897275854494,25.16891126500721,25.489632551481712,6896552,180669260.88277653
2018-01-01,300044,25.739076105173243,26.275028946440674,25.532501733652044,25.728256996259617,5497262,204281950.50357205
2018-01-02,300044,26.19504663548775,26.79979028014286,25.366950742765535,26.041116917944098,2506029,90106725.35165043
2018-01-03,300044,25.512028484651122,25.542313271677784,24.65767040624455,25.393263634160228,6922409,260621350.51120847
2018-01-04,300044,25.649716506499832,26.627817005587342,25.44345199584601,25.88813845031173,1446579,55105558.21338793
2018-01-05,300044,25.800663702278754,26.266869742757443,25.801896535546163,25.943653506679187,9780965,324301350.08823514
2018-01-08,300044,25.85610464076956,26.45013454219169,25.274516253605057,25.907729276235738,1033456,34127418.52384766
2018-01-09,300044,26.064310800018745,26.462116324476074,26.125291184338497,26.284844565985267,6139247,203541414.71417522
2018-01-10,300044,25.949152097738118,26.257105844746786,25.6332796100123,26.177189751924306,7751301,286200039.083581
2018-01-11,300044,25.465754248037822,26.054751816035246,25.41911116282481,25.598357693886832,9801495,334494427.10782826
2018-01-12,300044,26.201990938896085,26.6623616781457,25.752061428153763,26.048357720057393,5839761,219960402.46091118
2018-01-15,300044,25.935389832956883,26.166544442530412,25.767775533894493,26.101077993643557,2906673,85243282.71438955
2018-01-16,300044,25.88001455757937,26.361565194759308,26.07957351063892,26.097272199079153,3701405,131606008.59019755
2018-01-17,300044,25.506365675514942,26.071360195830515,25.69122981028636,25.73254740011999,8242563,232142485.08525994
2018-01-18,300044,25.27745822128903,25.429078822642357,24.837737599811366,25.29791845781201,4825071,130826421.35342364
2018-01-19,300044,25.301657308232862,25.71546196549549,24.900988068968285,25.42675559395335,1235980,44290104.6528702
2018-01-22,300044,25.244116654476684,25.460491135738508,24.857519138283763,25.05837235261905,1306955,43964056.02747654
2018-01-23,300044,24.241845644509784,24.625997856814827,23.947315131385054,24.47776646721647,2363333,77134220.5480145
2018-01-24,300044,25.05249355689361,25.078719563309857,24.890685670280032,25.011797991798396,2199449,78285409.29161148
2018-01-25,300044,25.496860852833837,25.67717603547567,24.9882897326044,25.31957246666542,5552016,209641941.2480064
2018-01-26,300044,25.049926985034123,25.691291340256843,24.91994209578904,25.147684534211592,3064049,83635208.25099258
2018-01-29,300044,25.520019205177892,26.157697775024122,24.958407873260306,25.419043109967216,5918043,217646763.68330783
2018-01-30,300044,25.43654736087738,25.415230667261852,24.71653334898668,25.40099372586579,8880379,278297507.614484
2018-01-31,300044,25.65522706790167,25.42648357378487,24.91386561871572,25.423201974836722,2043491,52609366.716649406
2018-02-01,300044,25.39237691598549,26.07166945317772,25.108388758059053,25.49618967396525,2491900,82150637.82798022
2018-02-02,300044,25.5217598157364,26.126486256839446,25.102294849735046,25.508759381738322,8207784,286965439.5583161
2018-02-05,300044,25.871197369729202,26.357627512633112,25.546893675090793,25.835411538597118,9177118,288301270.68818647
2018-02-06,300044,26.287048258924713,26.147557258562326,26.067106791810755,26.141667937498564,6035850,225418983.17160454
2018-02-07,300044,26.217856467722243,26.692924712263903,25.904095439304832,26.23212388089924,8514604,282742414.821507
2018-02-08,300044,26.89124897080913,27.274013716388698,26.411871358881985,26.666803157049102,2692637,96435550.89337663
2018-02-09,300044,27.05684622414722,27.626760040953986,26.80995525008425,26.92792130397577,5196049,187140997.53509066
2018-02-12,300044,26.821902246477084,27.52106573599064,26.534844724155153,27.084662865462384,1481199,45712886.00627869
2018-02-13,300044,27.338913960800987,27.96020068387978,26.78580916852512,27.50976002754143,8380088,327161155.6229314
2018-02-14,300044,27.12204459136978,27.615372649503733,26.942179249044035,27.365536762127142,6835488,225521829.6836378
2018-02-15,300044,28.138807702753397,28.49475977333808,27.495776363529316,27.87722319560637,4834114,169565242.61267912
2018-02-16,300044,27.615273821839125,28.42444202295762,27.537579364038407,27.698011770958843,7186962,235420061.52866998
2018-02-19,300044,28.099335865935682,28.353276154627313,27.64471944866149,28.03801726438052,8814499,255624644.74190083
2018-02-20,300044,28.14457655837079,28.40479587320535,27.326591356024363,27.937918820519748,3193511,117978706.76780324
2018-02-21,300044,28.05675714686369,28.459490472063955,27.182683153739397,28.00769052949809,1645202,53802262.87654695
2018-02-22,300044,28.86354893559908,28.850646136187766,28.01692315863505,28.779976533414548,5987267,217098213.76975575
2018-02-23,300044,28.131868981807592,28.90424301820665,27.865835745457478,28.19995635091976,3624487,111162579.04049872
2018-02-26,300044,28.10445890794472,28.20619376445686,27.560483903792964,27.95463267133826,4204246,136434265.7172559
2018-02-27,300044,27.651825682424107,27.88687571392901,26.98951254115243,27.523810894897316,8185003,296064623.5298827
2018-02-28,300044,26.69870934554254,27.13999806766619,26.372910179901922,26.857618042620988,3993132,151766348.6682529
2018-03-01,300044,27.276839865815607,27.311742929451135,26.985645310923818,27.0406818586737,9479042,332823402.67768025
2018-03-02,300044,27.319228226802913,27.68602201384764,26.939453254008114,27.13825114896193,3646167,124607376.60276902
2018-03-05,300044,26.976620377370274,27.632335691465173,26.793095265634996,27.020457297253316,8845409,297515005.7473368
2018-03-06,300044,27.529468058826215,28.03005473987528,26.8783590990049,27.668481981347867,8713337,272501640.9094971
2018-03-07,300044,27.664161936448586,27.96631443743677,26.935008247930842,27.52527357773092,1718183,61843389.73760691
2018-03-08,300044,27.769728178743673,27.694242195598196,27.26774106287763,27.58175610423161,9796411,386435076.4452845
2018-03-09,300044,27.01420020970212,27.521765542889355,26.73490197354838,27.041236743161026,2915858,117356285.60185874
2018-03-12,300044,27.140360800201574,27.09432201179676,26.560224722983005,27.0116950387626,9558802,270157907.8577748
2018-03-13,300044,27.813155819510847,28.033939924070257,26.842825757457415,27.647121417516907,6504927,219253380.89193028
2018-03-14,300044,27.67482512757826,28.356662045109992,27.399021755058158,27.581140684772844,2979881,119388616.28044903
2018-03-15,300044,27.921483954577976,28.33355307478798,27.244417846446492,27.86799572660405,1759404,66072000.06004619
2018-03-16,300044,27.90960874990889,28.08062023035824,27.33925501756685,27.89861683127816,7951367,276242674.1093043
2018-03-19,300044,28.276542068184437,29.054089925470823,27.756413032279305,28.446011240006445,6276972,178890504.82306853
2018-03-20,300044,28.882371967503907,29.47306010270263,28.538979676620443,28.715547311278648,5124465,171155997.0211849
2018-03-21,300044,28.769627641081797,28.931148936104666,28.758274816932794,28.92523565852173,2718549,85649007.17142639
2018-03-22,300044,29.39370848443689,30.073812507869004,29.010748995376616,29.409249398545548,7109621,268111232.38574702
2018-03-23,300044,28.97000020550567,29.739635893167197,28.541196919865282,29.11191530749358,1456533,45316272.00106138
2018-03-26,300044,28.385166658842344,28.958705763791432,27.793627147972465,28.451341840497587,9160421,360879630.33161795
2018-03-27,300044,28.457802433729142,28.87699008906858,28.2887958907204,28.573009652995776,1214157,36658056.03267322
2018-03-28,300044,28.71220858671899,29.15553642670325,28.697330184859922,28.844076954473127,9025641,269082936.2926444
2018-03-29,300044,28.566804175298838,29.46076557759379,27.944705718858337,28.700816811219205,9391300,370844700.3116499
2018-03-30,300044,28.1462762031585,28.95406048454381,27.752155219359334,28.374538046480588,8164731,264976348.53244427
2018-04-02,300044,27.956040068710703,28.436041394592323,27.56776986723035,27.6955641602392,9373172,379526940.0962998
2018-04-03,300044,27.263265730358658,27.958408755274345,26.6725527813445,27.25412625160625,6228322,173451083.0010565
2018-04-04,300044,27.28132771193931,27.817375384142558,26.539279695794875,27.259141432402735,9886634,327811135.7778052
2018-04-05,300044,27.570765796528377,27.439597876507886,27.273582669448608,27.433975044006083,2447106,98900962.68562998
2018-04-06,300044,26.925474283618424,27.43074603575073,26.42349369027566,27.166618332519796,3562809,107696847.22511293
2018-04-09,300044,27.32881857014452,27.42453030958382,26.98254902212498,27.11989760098041,1506448,41157486.04946537
2018-04-10,300044,27.28614957567061,27.409569441231383,26.902399352129816,27.124160427310695,2341260,80566192.69033739
2018-04-11,300044,26.87628347578676,26.85272811552535,26.600338013434314,26.80060448433078,7754112,259814638.5592359
2018-04-12,300044,26.354082261123565,26.683551544977924,25.950332804378174,26.549903829823553,2504848,92207977.53770386
2018-04-13,300044,25.96840218428343,26.38308646875703,25.23267595227113,25.841942614247955,2367651,64073878.972650714
2018-04-16,300044,25.855729387327628,26.52036149590646,25.339944208459084,25.8489614546071,5704930,150181104.406099
2018-04-17,300044,25.97676612033702,26.768587081850715,25.906298769947966,26.149889707191747,7456042,288141295.55476755
2018-04-18,300044,25.979629915485084,25.916345185542987,25.5647100024353,25.848268201524476,4106967,113097434.33586547
2018-04-19,300044,25.77381424106958,26.276679389175072,25.366162956449983,25.732447438167657,3497454,125307132.80696256
2018-04-20,300044,25.96855847452851,26.035655902683423,25.263072504114024,25.79622575720392,5007842,134017542.2278538
2018-04-23,300044,25.587799461794187,25.38736916854916,24.631115028834703,25.365945131837794,9233805,240356734.33356044
2018-04-24,300044,25.756949053016076,26.37030693383492,25.08281919922767,25.672481967164643,6509530,230891928.74297473
2018-04-25,300044,26.091629533307895,26.808589209663428,25.432176487262105,26.205781496537977,7769360,303538849.2347847
2018-04-26,300044,26.395145342829625,26.766023763575877,26.197271484452894,26.25820113581858,6445569,211014352.22229332
2018-04-27,300044,26.679937600455354,26.684226826779003,26.217174737905758,26.630038930794388,8057305,281292583.1203856
2018-04-30,300044,26.739232471128027,27.53326746795095,26.450300768785524,26.790054352196684,9632316,385096770.5032614
2018-05-01,300044,27.187869760495474,27.851906771219493,26.97152500803558,27.183311447350825,1644114,50014638.45357462
2018-05-02,300044,27.027615909173925,27.345744709360005,26.761486746301216,26.955613622574116,8398554,291214837.43212
2018-05-03,300044,26.692512635468187,27.733546911239664,26.656245192312344,26.950835065419398,7859182,245606211.3456042
2018-05-04,300044,27.19914913135427,27.025918201631526,26.95898502164016,26.99014086600413,8461117,302661949.2916339
2018-05-07,300044,26.510719409225736,26.84197665493156,26.249088703419105,26.74963244771369,8267155,222426721.2472329
2018-05-08,300044,26.585875975899782,26.885066110238068,25.978231699267695,26.34461524529912,5027916,189215512.20178545
2018-05-09,300044,26.009136096587337,26.6971014312695,25.74705152995054,25.982788846428008,4121675,136054475.65343595
2018-05-10,300044,26.277030840699407,26.53317739915946,25.92632987265378,26.218212777850855,4722737,134265218.35303128
2018-05-11,300044,26.72350672492855,26.971525564472195,26.788158688842564,26.80437084335605,4068289,155717520.35845277
2018-05-14,300044,27.406406864698738,27.315917567319772,26.63038636710967,27.296070425815234,9221109,253043452.50613558
2018-05-15,300044,27.315651623909705,27.857463604429327,26.559652127695543,27.121848301937142,8718040,324137983.3505042
2018-05-16,300044,27.13738452939356,27.279795683938197,26.890638291610724,27.0727789660017,6784423,200684722.60333475
2018-05-17,300044,27.750872519269027,27.912554572139598,27.202726097469032,27.70190117829796,4154313,164170033.21872666
2018-05-18,300044,27.661557730811506,27.71372629833776,26.896615198986453,27.515308235319093,4903903,148657863.2838299
2018-05-21,300044,27.62434536982657,28.35455318977538,27.327003830255794,27.804360976155312,1964502,68964935.40535715
2018-05-22,300044,27.467476051236126,27.64483045946283,26.795642885844494,27.42828225400113,2206518,73295029.60036962
2018-05-23,300044,26.835371836433808,27.202594082120005,26.39061499606101,27.014642765824032,2400193,67251373.62571871
2018-05-24,300044,27.145913239627074,27.344926438338824,26.620380392215182,26.935953402200145,7665605,232381465.54073954
2018-05-25,300044,26.469556574543354,26.888982470689236,26.495577034378936,26.70207601147489,2438922,69569298.48026876
2018-05-28,300044,26.621790297438785,27.426594728143534,26.189986853033624,26.75047851576984,3858100,144041608.97058973
2018-05-29,300044,26.822456121703503,27.202887101390818,26.40511340564303,26.890150052663532,6562441,212103756.3511871
2018-05-30,300044,26.99232920874526,27.803038256198416,26.60041706863198,27.0229129816344,8349116,309992312.60874563
2018-05-31,300044,26.87110053565359,27.19219884907516,26.12124195310936,26.80531309993085,2746004,97012521.22465986
2018-06-01,300044,27.12153500589537,27.2946720297362,26.521020649198846,26.903810144763717,6957058,214894314.88811967
2018-06-04,300044,27.210217702170095,27.36586627351239,26.355868122333998,27.141381085181134,5701789,188859169.85294628
2018-06-05,300044,27.384290822647728,27.865281715635177,26.73662170234765,27.18522789612791,3047392,107804886.01126817
2018-06-06,300044,27.909367791992445,28.322941902480594,27.126598946627013,27.642228337010806,9543037,339632120.1018868
2018-06-07,300044,27.522059057669367,27.715552794802697,26.96358755086996,27.340446942013568,9691372,267202957.08478546
2018-06-08,300044,26.964853997392463,27.75483860187841,26.67799403896668,27.00744675263133,4075665,150860820.21687627
2018-06-11,300044,27.606837489655287,27.53786246525526,27.220657856520724,27.47417839019589,1217221,38337903.07130698
2018-06-12,300044,27.208158327092576,27.638789874277524,26.6979059446132,27.48117517741044,2486700,97671663.22285384
2018-06-13,300044,26.787097019291302,27.39145971498401,26.716232049817695,26.925126749752504,1676216,48500938.75009395
2018-06-14,300044,27.09684000908781,27.65190868631851,26.472437698732122,26.899238726893568,1367412,51091540.65600648
2018-06-15,300044,26.594669748360275,27.159486443504136,26.706859004618142,26.75431407734184,6501112,174112316.31812695
2018-06-18,300044,26.98038869644582,27.748478417169707,26.571863122124203,26.966404444884578,2054665,72396504.77121991
2018-06-19,300044,27.04126965585032,27.327097775965157,26.712064230779514,26.899620693059035,7015296,223401126.77904844
2018-06-20,300044,26.904742720865418,27.457750797370846,26.164269961319103,26.941745663602443,4985871,198287337.9325118
2018-06-21,300044,26.92478477069052,27.569056207771432,26.843800667488033,26.91089910091334,1833499,51235469.066417746
2018-06-22,300044,27.239905469983395,27.19013844371484,26.672414232723924,27.000061133337418,3303797,112431944.87024015
2018-06-25,300044,26.98743787911033,27.51793945351565,26.671653326497587,26.72168811307489,6565203,209575691.33161324
2018-06-26,300044,26.82778459546666,26.93945483363814,26.37271592005192,26.804238846392735,2013033,68580218.34516917
2018-06-27,300044,26.231882014373987,26.594827669106966,25.95722472099747,26.20784777090357,4259101,160664683.02198803
2018-06-28,300044,25.7749847952001,26.64400539630793,25.30436080627777,26.02816890530132,4755510,151749611.208264
2018-06-29,300044,26.11987916656017,26.787342696558028,25.78293418898527,26.35608733668156,3683841,135977769.66152343
2018-07-02,300044,27.01606382422484,26.91207167579555,26.23695928293207,26.90462575824225,5152473,139469332.61868507
2018-07-03,300044,26.794613703674056,26.980749210698995,26.392087125670887,26.611541901582402,4096902,141386528.91362485
2018-07-04,300044,27.0980273698423,27.822391322642073,26.893461185838824,27.035678791725722,3729677,122701413.39580812
2018-07-05,300044,26.240105077573254,26.665123986922662,26.321170122415605,26.496385230207377,9009200,261584131.76184952
2018-07-06,300044,26.62301211152412,26.957760669257645,26.762643855571696,26.76718987521666,8176599,252888325.88972056
2018-07-09,300044,27.785591968192225,28.055390066423765,26.865298303536388,27.54451894507458,8980964,280303959.1376974
2018-07-10,300044,28.561952015687194,29.325686007864316,28.59939637710476,28.621946779569058,7222794,283414665.3554284
2018-07-11,300044,28.1628438489259,29.191214408504703,27.783714535922666,28.36729459446367,3298415,117081081.61032633
2018-07-12,300044,27.988156610778038,28.72267650130071,27.69579675190637,28.12470778262788,7701050,251165198.9790917
2018-07-13,300044,28.03965334590507,28.480196378647396,27.87902217938184,28.122091565778458,4603177,146663168.19589877
2018-07-16,300044,28.43266939341774,28.65576270491129,27.846019168682474,28.393123744503846,2685138,102259538.89654332
2018-07-17,300044,28.668165673617626,29.429059066454293,27.954137405665204,28.657371704267828,1336346,42168407.698624685
2018-07-18,300044,29.14450645316689,29.77096255994085,28.84417901613682,29.185043863274807,7428285,305183872.8576951
2018-07-19,300044,29.46094556147398,30.003131593478642,29.203267521732656,29.453121626243057,3047838,104693810.05845611
2018-07-20,300044,29.572079969844985,29.508229696423765,28.88447900106849,29.45341963991594,8414473,260918343.57759047
2018-07-23,300044,29.296001255729117,29.45554616446722,29.221778922598606,29.241174286247727,1961270,79958472.96391062
2018-07-24,300044,29.645655400926405,29.833728746974856,28.976060138492148,29.5520523827456,7065987,237066839.28281584
2018-07-25,300044,28.56905933397566,29.332491522482158,28.285125486040968,28.827453795267544,8662379,252416863.13831002
2018-07-26,300044,28.320450516506753,28.95331625024477,28.23856718778732,28.31164671205475,9245965,307670925.4056349
2018-07-27,300044,27.38452070681266,28.389958950032966,27.125709107261898,27.643937120837922,1641798,53157445.253240325
2018-07-30,300044,27.81529868542137,28.11439341229669,27.757083796212843,27.941444409789085,2639417,107968587.8323801
2018-07-31,300044,28.41738744611176,28.7326874063651,28.131475582169294,28.379603686087663,2701725,89931296.21932113
2018-08-01,300044,27.697742561385752,27.85293969784193,27.630737017266334,27.810656681229194,8855100,276829525.4280133
2018-08-02,300044,27.08634539883348,27.409939959886856,26.973516270063016,27.27052413600841,2315810,89990179.49521211
2018-08-03,300044,27.602227228399805,27.663262480341732,27.405800294539606,27.44796571847966,7572791,284338198.68435025
2018-08-06,300044,27.263049552338416,27.8594951573484,27.25762081112344,27.397575987707427,9516090,315919478.6132238
2018-08-07,300044,26.928499061961954,27.487750194857814,26.32749160158383,27.006061889995376,9370968,329200908.30149275
2018-08-08,300044,26.783925857074976,27.0768652381441,26.268584349583353,26.65336818550246,4786211,147745835.9274621
2018-08-09,300044,26.77231563717626,27.166723145962294,26.69432638007662,26.952614123037762,4972363,139775935.54817578
2018-08-10,300044,26.88720169883387,27.437413678311998,26.281314220302914,26.840497682056196,9951200,350548774.4235848
2018-08-13,300044,26.969966977902903,27.558313989908626,26.5930986843891,26.8633085170256,7902459,307343949.0543282
2018-08-14,300044,26.521200349727078,26.922164925391545,26.17403574018081,26.676613423021234,9015667,251606774.0795391
2018-08-15,300044,26.553698950032736,26.847950756077715,25.775633244226672,26.448468214768244,4674668,152219321.39165518
2018-08-16,300044,26.547440897631123,27.1139513352658,25.82851165816088,26.513263482215425,9822499,272638260.7094519
2018-08-17,300044,26.090197762152254,26.494123677833304,25.919342299012833,26.291855467883078,5625402,183213206.0299327
2018-08-20,300044,26.712353123316028,27.508199866911365,26.179995098486266,26.844015850295634,5178856,181936338.46714675
2018-08-21,300044,27.109747037695662,27.8760513174868,26.542314654033387,27.1548165554811,1286614,42759647.250595935
2018-08-22,300044,26.499575053756782,27.24873154843567,26.50640749437568,26.64700080097315,9027053,320403702.37498456
2018-08-23,300044,26.910404840042712,27.635566154141518,26.847909620809272,26.92025429485192,7997353,283032970.2317628
2018-08-24,300044,26.802284635973386,27.31393957650939,26.397745496529527,27.057614605659765,6696945,254411794.48955074
2018-08-27,300044,27.06232690191718,27.35638328924448,26.27426653870652,26.952312726334647,7443918,284210425.627133
2018-08-28,300044,27.46328923752416,27.83896739819115,26.739425889580215,27.203729712146348,6116108,210509344.5828426
2018-08-29,300044,27.221699397834414,27.392822716452077,26.956713765203773,27.33292293251892,2585436,78871222.954422
2018-08-30,300044,27.4489041975704,28.003609710965062,26.968833875396903,27.340538033882034,3542977,126373687.68506926
2018-08-31,300044,26.87639244568274,27.83704733033204,27.028795079638456,27.144801591686004,7448113,220808250.41608918
2018-09-03,300044,27.139908105761396,27.727841091436687,26.872957470183508,27.093330307480407,3011516,116471992.89988706
2018-09-04,300044,26.817593839687248,26.843498556050697,26.536724988452416,26.606129564942602,6861177,252972961.3229911
2018-09-05,300044,27.192543646755766,27.92483872156659,27.063914117541188,27.289370731707702,2350199,65060179.86020906
2018-09-06,300044,27.6755942937939,28.05433792924785,27.008705039734622,27.401626733481187,5927332,221185924.2973982
2018-09-07,300044,27.67550173912169,27.99108111597297,27.085588755180137,27.50851161926491,3262078,113386338.91796318
2018-09-10,300044,28.22694997642559,28.305781947551655,27.562732524829173,28.143210109766308,1805757,74552353.5571045
2018-09-11,300044,28.025683559288783,28.2933583603,27.71508596744645,27.974030293696003,2781550,83023748.57304716
2018-09-12,300044,27.3321692878067,28.205305590991333,26.898964053496435,27.413988993561272,9934767,330718106.536279
2018-09-13,300044,27.132594627972647,27.3185160227446,26.564044401250182,27.04082850157397,6755803,188741924.90635645
2018-09-14,300044,27.11511894306386,27.41637615309759,26.968931633911552,27.227328103482947,8740410,274114038.93851626
2018-09-17,300044,27.700657897826822,28.20819789590016,26.886554763169826,27.550330260972405,9213617,345656483.402752
2018-09-18,300044,27.270011393689288,27.509244352710336,26.86652159568062,27.263085808619262,7831432,286463746.35696447
2018-09-19,300044,26.999921567477138,27.105356047743776,26.935532031923344,27.012247168429347,8530621,306928075.8124146
2018-09-20,300044,26.92078631540084,27.30996803027842,26.50097168054188,26.883692449025663,7502173,262332433.1616197
2018-09-21,300044,26.926459896741186,27.53750737889023,26.171469895832313,26.939014827616457,8498061,266082312.15508097
2018-09-24,300044,27.405260502751926,27.388290671576794,26.940082857477766,27.373450058011986,2113279,74944757.29945463
2018-09-25,300044,27.636964432062793,28.237645124011944,27.44031366344234,27.887660812395275,6937671,221364233.65774253
2018-09-26,300044,27.202536265717136,27.32575705691769,27.156390384087445,27.282728877673726,2375486,86670394.14607526
2018-09-27,300044,27.166985912711983,27.376891455426524,26.64665796170398,27.339166012786592,1802913,67003646.13419521
2018-09-28,300044,27.30133682187433,27.8503230574053,26.597717481341363,27.171350113749703,6482638,186606481.73603588
2018-10-01,300044,27.102952905476474,28.050498363969268,26.64444108678738,27.27761710562939,7846305,230033453.13382962
2018-10-02,300044,26.83016364211245,27.480229258975193,26.728997272908728,26.973254735631528,5354724,152034324.9189502
2018-10-03,300044,27.163368636042353,27.611045515486943,27.035026768492234,27.304188345763762,5206884,172320447.31554016
2018-10-04,300044,27.61427188696568,28.286333048845083,27.1453739652852,27.54535705694223,3522023,103503687.89685042
2018-10-05,300044,27.157893722210705,27.990378852617667,26.918479253413874,27.377586221221037,5426799,151486593.0305809
2018-10-08,300044,27.340936800581453,28.18245690226632,27.22311893814829,27.439342228745375,7040037,288452983.9346293
2018-10-09,300044,27.005766579828435,27.982625446442093,27.25354928353857,27.267544611323544,4719271,179610493.02033412
2018-10-10,300044,27.849765375510582,28.393277461444193,27.34862862109032,27.589619210971268,4030239,142101374.45093617
2018-10-11,300044,27.514649131512463,28.012394072340427,27.00276096267894,27.7366845173562,3365785,98189375.8791719
2018-10-12,300044,26.559575213605402,26.87625108936345,26.60328790171626,26.772065660669597,5916748,219943183.38114154
2018-10-15,300044,27.31771519285577,27.926164322468427,26.837108962066527,27.119209124088698,9577135,346074749.61610353
2018-10-16,300044,27.190451727001,27.33632649204157,26.426832820430562,27.19336270658952,8630918,325577426.43323666
2018-10-17,300044,27.336311871766547,27.598027238127486,26.401307054965045,27.09432887117429,4047247,126546443.06069738
2018-10-18,300044,26.910132127969163,26.892075283984568,26.255303243261118,26.705572745238804,3258418,118037233.83315682
2018-10-19,300044,26.39786576718858,26.70380351882609,25.74671546311171,26.248148175999265,7724147,287064185.36217916
2018-10-22,300044,26.37320000678977,26.783436293233365,25.761943158473283,26.42681345673483,3560585,128876712.3528776
2018-10-23,300044,26.763804414128735,26.73699185906495,26.33400321784106,26.50502453106932,9535928,348371142.79820615
2018-10-24,300044,25.686794752249774,26.075486047293857,25.601851291236567,25.904986942480015,2790406,104201777.67984718
2018-10-25,300044,25.94320261507019,25.925041113053876,25.10890447261422,25.82025977649764,4279818,116062673.64788708
2018-10-26,300044,25.522305412729565,26.362563957749003,25.158496395741786,25.666983279897963,3914026,122239591.44212091
2018-10-29,300044,25.169178355567748,25.287288498388932,24.526230323044153,25.211832577177084,7446995,218039776.12436032
2018-10-30,300044,25.238896503968128,25.175180525874396,25.062246622951367,25.173147142006897,7070598,208242935.63659492
2018-10-31,300044,25.517080084298534,26.039837591731462,24.83114342481605,25.446290644304064,7613763,256976510.68311226
2018-11-01,300044,25.6945459760173,25.650316783714004,25.181155595529635,25.633259228364594,1105983,29878010.480423093
2018-11-02,300044,25.39155648910501,25.638903801595408,24.781337383644967,25.162924187982625,5485151,182271619.99122
2018-11-05,300044,24.809132831577987,25.026339462820946,24.533748411282765,24.811557273758297,2628797,86469522.8172895
2018-11-06,300044,24.79007422999186,25.71832950967623,24.548588122831998,25.034846076955994,8429756,235413216.29662332
2018-11-07,300044,24.803441910609767,24.960420404197606,24.467112070101702,24.60078636630537,1528307,51241754.79124909
2018-11-08,300044,24.229822346564482,24.477933736175007,24.05784115970501,24.40100467058891,1017615,24905372.975424804
2018-11-09,300044,24.13156167029909,24.55577236194306,23.709298189601565,24.0853853004534,1099488,27587076.882404637
2018-11-12,300044,24.2120775246265,24.249421305607424,23.515269192654554,24.154052520197077,1847301,64522101.42904157
2018-11-13,300044,24.01862371534421,24.380425906035715,23.40802273329572,24.05754081513983,7040195,183734684.3338708
2018-11-14,300044,24.8144477423841,24.79864175241593,24.520882037897614,24.67827363153752,5656823,186995531.39010534
2018-11-15,300044,24.788975241895365,25.040071724355972,24.316674116459417,24.607392922128096,4937935,131957387.45974712
2018-11-16,300044,24.971813489234393,25.650284508970486,24.630312042146606,25.183356980102538,2812313,91196001.79263562
2018-11-19,300044,24.845897483881334,25.25986883272094,24.45748588601793,25.03799538089607,1725250,61887010.96938735
2018-11-20,300044,24.98935010581183,25.0391829604873,24.880214891129395,25.00242228607666,1748807,45710935.14178382
2018-11-21,300044,24.842950725130336,25.45263460308813,24.792395494737026,24.85689176816424,1812909,45992983.90908219
2018-11-22,300044,24.86412609695763,25.434631340060225,24.67489812301164,24.867798006516853,4284700,111450097.74639499
2018-11-23,300044,24.49398531192159,25.08341934559134,24.19663534988353,24.417759132499853,4272420,114754112.48908927
2018-11-26,300044,24.493742089902096,25.078135401910153,24.540316746864026,24.612571423915348,5639308,144906200.50873843
2018-11-27,300044,24.013563027967017,24.2381984644713,23.740132117734326,24.212498091745548,3487000,120568019.10670044
2018-11-28,300044,24.749247266929917,25.359091936635018,24.496315212790748,24.63319075495781,9007495,308369413.62455505
2018-11-29,300044,24.95893870596001,25.39635216823718,24.58621465785626,24.97331006066681,4817361,143702327.6518707
2018-11-30,300044,25.578418089745572,26.548395381174277,25.457010557578922,25.814197307996317,2785422,87604362.31411974
2018-12-03,300044,26.016774757508973,26.622140015425245,25.986939760718364,26.21531941799472,9914410,310732458.62567294
2018-12-04,300044,26.16728280734017,26.731469208018428,26.058048866685862,26.109080696824613,7750689,300911245.05259967
2018-12-05,300044,26.465183626069283,26.54602998321419,25.68639576463328,26.351663860104843,8700424,259606955.441229
2018-12-06,300044,26.54391003302394,26.865505729200425,25.83186143555697,26.541691831523153,8548449,321258798.2592338
2018-12-07,300044,26.71227967605607,26.967609145892805,26.551979732926384,26.741399028552973,3407221,126626238.03406428
2018-12-10,300044,27.170618883521968,27.452081181901587,26.84064957714717,27.168057528389692,1798066,59900109.07571829
2018-12-11,300044,27.518355980776068,27.938438054876766,27.24681573667622,27.41992550062188,2122412,61661037.87171207
2018-12-12,300044,26.589862716446476,27.146263389363842,26.096950069359842,26.79161263114919,3857369,137813049.1021409
2018-12-13,300044,26.811135990260066,27.209507025914032,26.736708008930595,27.044064308626258,1178470,31997149.13419481
2018-12-14,300044,26.89120412741346,27.561365136131375,26.646522702536462,27.153552840651212,6835706,274665225.5338777
2018-12-17,300044,26.61732026434091,27.043910944416297,26.291793879515684,26.758864460953372,3601488,120366569.06883945
2018-12-18,300044,26.123707842375982,26.593688714694117,25.98805277234886,26.337438365049096,5521001,159308615.9600955
2018-12-19,300044,25.795588669691114,26.677389435198542,25.45218816194093,26.02108244396129,5208885,140248080.3161674
2018-12-20,300044,25.939598413728262,26.101564916573423,25.285570792066757,25.704099200044528,5875140,190101615.7471267
2018-12-21,300044,26.061761423740084,26.0508320587639,25.821501971463153,25.948637737827216,5764112,205037637.03571653
2018-12-24,300044,25.862456302682656,26.336108561060758,25.399438947068397,25.764394319166612,2154733,55747439.786470205
2018-12-25,300044,25.103785191445848,25.098494626631737,24.93013493212152,25.0749033321216,5873366,157392508.69812873
2018-12-26,300044,25.309400756513586,25.728327399130976,24.445672466695363,25.123773942918703,6879719,202685397.6107086
2018-12-27,300044,25.322104307445723,25.60233482132764,24.706185948127807,25.10057143099711,3658879,111006770.5556808
2018-12-28,300044,25.0018672774863,25.5401432084645,24.52405071652706,25.06575276148233,1056849,30899571.229336094
2018-12-31,300044,25.388035077241856,26.29920671469458,24.998514124938595,25.554270346340083,5739533,196729633.83337373
2019-01-01,300044,24.997899511018645,25.519441751334018,24.68386567976771,25.129017575037278,5701560,189635672.46272543
2019-01-02,300044,24.925183042343065,25.412550180692453,24.66261710708593,24.89800207702858,8011481,260888247.09826544
2019-01-03,300044,24.86253282830758,25.07249641413858,24.637330114500344,24.91770457703111,4997413,182971937.4862583
2019-01-04,300044,24.94278480894354,25.624739536412843,24.826511464062705,25.015901927375126,2503496,65209281.56571668
2019-01-07,300044,24.668247039425335,25.333571231604264,24.54223380209202,24.800781964081114,3264000,110996929.48738508
2019-01-08,300044,24.891226446771956,25.50065320645205,24.11962733370604,24.84251119533591,6177088,202089378.85611814
2019-01-09,300044,24.2539426922587,24.86191700537473,24.22017712099993,24.423865791044975,5465736,156573952.00412288
2019-01-10,300044,24.311149638510457,24.78599430465877,24.394531579117977,24.410140756457192,4925398,157425515.6649066
2019-01-11,300044,23.975958011949746,24.24507317155142,23.370682075553987,23.852668840777064,8839053,290065621.94174135
2019-01-14,300044,23.89892893805489,23.929572704917224,23.401883244092552,23.91192039653997,3254563,90308648.43713519
2019-01-15,300044,23.844329275413468,24.11786924448447,23.982422635785955,24.01356247560541,5908624,143057308.83358863
2019-01-16,300044,23.730449370615418,23.614251004228148,23.058573320687792,23.58277198647155,9922122,251885348.58365616
2019-01-17,300044,23.001099009141125,23.70419220147996,22.896142426012247,23.15616835799891,2669479,63362625.82046113
2019-01-18,300044,23.295752837057055,23.766510232934806,22.8041392181179,23.117413126975862,1834468,46639294.79564722
2019-01-21,300044,22.926965487292566,23.433625225319354,22.447395666272026,22.9885759743774,7479854,175294059.1890349
2019-01-22,300044,22.864001223858654,23.320838121796392,22.78068816378919,22.91685610981898,2131070,64522163.74389001
2019-01-23,300044,23.17629401626696,23.653493530052337,22.337430871190357,22.974184208554508,1963450,58150309.445989445
2019-01-24,300044,23.123607174187402,23.512977882052486,22.89858064160736,23.174659980290347,8866864,249443387.7325174
2019-01-25,300044,23.25309896496469,23.89176893481036,23.099128779716658,23.277837677339328,8500974,239798453.52681392
2019-01-28,300044,23.9154087998474,24.594300653994257,23.40495970966864,23.913205568025646,3054760,94439817.39665772
2019-01-29,300044,23.809628936520635,23.748190760101792,23.116351883308116,23.661058323772103,7677708,194948270.32290363
2019-01-30,300044,23.41786253530069,24.14856963014417,22.863567630698764,23.530241890936725,8228928,211886338.06118524
2019-01-31,300044,23.722367564776988,24.410814413289042,23.664949325426782,23.732038676983343,6141524,175437135.93815184
2019-02-01,300044,23.969333008606792,24.10806469434616,23.665075537245766,23.748228644153897,9737289,319210125.65060854
2019-02-04,300044,23.71861367112675,23.929471885460487,23.23328662903968,23.66560795903404,8894214,212687267.21566436
2019-02-05,300044,23.178306366773814,23.662067044499608,23.147955240043213,23.410869514906025,4654832,157563144.41953474
2019-02-06,300044,23.704782759248634,23.875496226288938,23.078456797568325,23.553743615305915,5198675,128631166.81960419
2019-02-07,300044,23.39514607592543,23.567682394546107,22.70225187380383,23.369703816540323,8161433,200877232.5800719
2019-02-08,300044,22.84605016240771,23.681589812684145,22.73193012729073,23.043349254428264,6893504,207332074.12795883
2019-02-11,300044,22.62387102410325,22.630227239992642,22.526870277479563,22.621138230062787,9894736,241061846.41105038
2019-02-12,300044,22.41633944626825,22.644899984951373,22.229380614439766,22.319569697993387,7916504,249529744.6275696
2019-02-13,300044,22.14440815990032,22.786063881245706,22.19750805415648,22.28732044202975,7195646,231416140.1714284
2019-02-14,300044,22.46364283929023,22.85969234321802,21.633927740323067,22.24270663385382,2731413,78082301.86362691
2019-02-15,300044,22.541993158689557,22.90582731601562,22.39419192474358,22.51923988965276,6217496,202644903.9187283
2019-02-18,300044,22.174611508107056,22.355240923858187,21.62714278503008,22.16694596177924,6435282,196104454.7598297
2019-02-19,300044,22.48202951180472,23.022064805233,22.218289245478758,22.569043499123325,2113872,66450979.527612425
2019-02-20,300044,22.39935115802286,22.866702249549288,21.613349584318147,22.267873946513213,4540616,139426735.18593296
2019-02-21,300044,22.299518286976628,22.60507494176976,21.806990936414664,22.132199737451597,9115673,255105085.87896982
2019-02-22,300044,21.81775454891766,21.77353376349325,21.280343061041826,21.757253357165645,9078099,264094517.93275377
2019-02-25,300044,21.693735941739753,21.57593550314122,21.186150571041942,21.521081250930486,3051972,73240402.7026504
2019-02-26,300044,21.778052779130736,22.151351403447663,21.419693959130207,21.900990044306962,2772886,71435672.11714558
2019-02-27,300044,21.22128676713107,21.487579327142367,20.969782311516763,21.378586693746524,5164332,154713200.0610102
2019-02-28,300044,21.607291078005026,21.637866259607943,21.432945804612707,21.469494577612693,7873038,169364963.13061023
2019-03-01,300044,21.48384029914496,21.766562667126085,21.375662722806418,21.454384696850692,3497723,84685922.7617457
2019-03-04,300044,20.927527039512235,21.21731897288779,21.013216222057274,21.12596863713808,9774261,303930196.80427057
2019-03-05,300044,20.72650636527339,21.311026958359196,20.549366336054618,20.9319394462988,9127543,243169333.46278995
2019-03-06,300044,20.87388686619788,21.27348601840244,20.882321522562048,21.0825887339997,5487628,134627659.71976563
2019-03-07,300044,21.345388005783075,21.360388093120523,21.050862230429093,21.27108090108219,5058165,129089988.61974773
2019-03-08,300044,21.773058908220207,22.394257937588115,21.39981438829853,21.934241465207002,1581258,42766583.9339375
2019-03-11,300044,21.868564659941942,22.072663472854657,21.786531703828743,21.842485298679982,5851177,161755695.81093293
2019-03-12,300044,22.036949329186623,22.124418828083815,21.879964671549867,21.91671655773758,5248099,162883276.75929028
2019-03-13,300044,22.007019573940983,22.035826428143668,21.804524097339808,21.94943366825952,2034823,54621427.70658387
2019-03-14,300044,21.73170331190016,22.158551430070748,21.20111956902317,21.696314712493233,3417006,77162736.27226357
2019-03-15,300044,21.884764292874454,22.070835929165998,21.900095687603116,21.966562450166414,9935948,273843805.6417091
2019-03-18,300044,22.01921112748818,22.508391998905175,21.819299536091496,22.195333623240643,5200012,161200659.52015895
2019-03-19,300044,22.61894515425864,23.193288286796857,22.427664847735706,22.724421346123485,6318350,207063890.8766595
2019-03-20,300044,22.345616587250714,23.10722247097904,22.026354775848414,22.46020072969538,6705399,217084048.62033203
2019-03-21,300044,22.62407513434808,22.654319933499096,22.553519644181875,22.615288721329307,8208910,230852911.0945045
2019-03-22,300044,22.598377269454975,22.844349812328794,22.095981111980954,22.738453992748568,9017305,295424396.450519
2019-03-25,300044,22.949119605319343,22.81616423522824,22.51455076523211,22.75734556903779,6821618,222156329.32294667
2019-03-26,300044,22.72091633122206,23.30673850630114,22.93084755012219,22.937213314770887,2027944,51480224.58558209
2019-03-27,300044,22.518468079449363,23.09640830140222,22.56768704024713,22.729500212153813,7003877,159462549.53712964
2019-03-28,300044,22.00143714300388,22.151662193459007,21.42188970868887,21.924356657210943,6320787,149814651.0268492
2019-03-29,300044,22.090562258825173,22.518078736069,21.8848715056465,22.24851642226612,4802520,113577609.77067715
2019-04-01,300044,21.77149507787121,21.99518111766493,21.88268324096647,21.98736197288565,8871622,211323622.72167295
2019-04-02,300044,21.873087586185438,22.255396735656515,21.497851845317612,22.004991419681623,3338862,97516628.2142551
2019-04-03,300044,22.051229991775557,22.624228942349053,21.97021123563843,22.146134902668248,6555901,191746225.6725501
2019-04-04,300044,22.481567489010274,23.163552017063576,22.50062527326025,22.53155218588099,5961577,181706483.9283458
2019-04-05,300044,22.35213874879412,22.60914320568547,21.889676273279374,22.427336620665095,9999481,271468981.9469225
2019-04-08,300044,22.40083878660345,22.674936824335116,22.197456126198087,22.627062241505286,3627736,91748273.16330452
2019-04-09,300044,22.80428333489048,23.250693540986447,22.160776516419695,22.699573816030355,6914937,188455532.68446192
2019-04-10,300044,23.1325228023343,23.245652844400663,22.450507472414646,22.92284678655155,2819633,85426743.72347541
2019-04-11,300044,23.185147201626144,23.82027473080557,22.7826735691084,23.314464026208086,1596839,38119111.22585669
2019-04-12,300044,23.332557475839508,24.02638877427768,22.803753014820092,23.404812939508606,9458280,294427066.8065337
2019-04-15,300044,22.82593252232282,23.615804716471764,22.876361907664904,22.973718072063626,2160328,73030777.11262216
2019-04-16,300044,22.83824392231375,23.504330963995482,22.840537151833875,22.9734146459629,6022551,162783300.36998132
2019-04-17,300044,23.10352356365109,23.577285299118866,23.12400837111868,23.131270529129374,5828574,199188345.30355757
2019-04-18,300044,22.836323022213296,22.873809203513993,22.594500699880506,22.861454338439913,9939860,247197555.8306402
2019-04-19,300044,23.126346845993066,23.417820587198413,22.828492874598986,22.949147490705418,6005737,200620913.23827788
2019-04-22,300044,22.664645486083977,22.68763176288332,22.59705242807911,22.604180043778477,8746327,223087582.64862692
2019-04-23,300044,22.919648479140488,23.14979076779067,22.94790230638431,23.117546206526427,8573344,232784681.72921318
2019-04-24,300044,22.71234950048945,23.55947889337026,22.348112807597374,22.908701239611446,1154562,38472133.07664628
2019-04-25,300044,22.78643682013695,23.064470517758615,22.591585913068993,22.903030819416372,4994200,154508873.39999017
2019-04-26,300044,23.013933552026806,23.465511638307753,23.007292246754364,23.086732099607065,1213842,37280626.18938608
2019-04-29,300044,23.18126413437607,23.226875933009644,22.4860617427173,23.12205318534067,1988753,63839848.373084575
2019-04-30,300044,22.729165662000938,23.042857635231652,22.696867969731642,22.71573819457632,6675628,171443579.26657647
2019-05-01,300044,22.656369893113336,23.37990873634671,22.24914111467248,22.851368990725888,1816226,61487580.320959985
2019-05-02,300044,23.189530640179317,23.639390903583383,22.75324500261663,23.02782083671446,7065149,203132375.875851
2019-05-03,300044,23.466589203125164,23.42116298604554,22.66964524515498,23.3489100675112,7724334,231498952.56017783
2019-05-06,300044,23.3276394967589,23.865166089805435,23.27690619248247,23.530573515334748,6380806,201639596.6071403
2019-05-07,300044,23.330130573397852,23.89464440412293,23.446136330290077,23.48230733725662,3744166,113438103.49000373
2019-05-08,300044,23.73933914737208,23.573883292223968,23.114499309007094,23.50810460232853,8340627,245796086.39130047
2019-05-09,300044,23.117857789787607,23.499584232459895,22.671420525972422,23.030229048638382,3437295,103954957.39875399
2019-05-10,300044,23.17592910869367,23.615919395003694,22.62533144354864,23.167594286878916,4573606,120060715.30254118
2019-05-13,300044,23.36154242318941,23.83467600038487,22.904032779933825,23.379249367776197,3043197,76216108.27644229
2019-05-14,300044,23.57694467408134,23.933035899078124,22.756105617658548,23.375809064059787,4268838,133265068.32011504
2019-05-15,300044,23.197564100009927,23.412443244727047,23.246000710569476,23.33745706844971,3594791,86073926.05863921
2019-05-16,300044,23.949404422557173,24.215313426391823,23.646822641200185,23.880022372508467,9152987,230685221.66745085
2019-05-17,300044,23.840913788329136,24.48906583144008,23.655799363886995,23.993379084942724,3308714,97383250.62555899
2019-05-20,300044,24.115825541785817,24.471064427902466,23.399372289140224,24.065486434748166,7280822,187355063.3995024
2019-05-21,300044,24.54961184388641,24.763449021082153,24.069208511442326,24.65214621324827,5813180,210151110.5150685
2019-05-22,300044,24.73526026309367,24.999821420025906,24.297094883601734,24.758995078360016,1853141,67509890.19350071
2019-05-23,300044,24.11157563412536,23.993553945264914,23.324936851661402,23.954569218492917,8662147,217150009.68732637
2019-05-24,300044,23.801106403357736,24.44404170573206,23.612254105385666,23.737390562807256,7680346,186988449.21632075
2019-05-27,300044,23.636323100468996,23.75879773961506,23.500054642807374,23.662592347035798,5655269,138807513.5495267
2019-05-28,300044,23.611507901184346,24.18320533909274,23.79555716549143,23.829588867076037,1003949,28784187.94482432
2019-05-29,300044,23.519662810273463,24.17476603514914,23.50634880567779,23.727306316445613,6025502,193869189.39982376
2019-05-30,300044,24.22144357643375,24.287447191266917,23.601938561759557,23.994382971815774,9651728,332803024.0954908
2019-05-31,300044,24.273365102943796,24.861208792508073,24.166214025349003,24.2106420589109,1577310,43887986.55220065
2019-06-03,300044,23.892194141389737,24.53910152186675,23.22724450038419,23.93847196043872,4623148,111739797.18369916
2019-06-04,300044,23.968297088713765,24.183814995354577,23.353546608489275,23.941658399030832,1213833,38064701.28077735
2019-06-05,300044,24.157698012388334,24.258265888572996,23.604540877962876,24.049996392629694,6382111,216987345.7529341
2019-06-06,300044,24.492137952341462,25.023888626546633,23.759501322406496,24.395714386860625,4363504,140794418.40608665
2019-06-07,300044,24.757741508684905,24.933669654427586,24.112387749241364,24.54057421247714,5760952,155699591.90552926
2019-06-10,300044,24.592448386350547,24.841246035148483,24.016019318673454,24.597387055187614,1915960,69811088.49232325
2019-06-11,300044,24.563125310316487,25.31725571758339,24.60583908507606,24.687316100512472,6317616,180900032.30317092
2019-06-12,300044,24.832075352460905,24.924500080451697,24.13312021227794,24.61065962297424,3972146,102283328.61064664
2019-06-13,300044,24.29720256135758,24.91519771649845,23.76846185223549,24.493852296994934,7261096,205601870.97781968
2019-06-14,300044,24.137186320405515,24.380331725849537,23.495212220804888,24.034755325760987,9925000,246305762.47132477
2019-06-17,300044,23.942473925333438,24.302422269182912,23.644282633534875,24.002937287554666,5883496,195748538.26391584
2019-06-18,300044,24.310079473679657,24.421907573326298,24.210123062519706,24.372216447797044,7945021,274267718.0802129
2019-06-19,300044,25.014898187890005,25.111761023914234,24.865039876661484,25.01274262019954,4411532,131679957.70549192
2019-06-20,300044,25.216620545074587,25.99321766834641,25.18541141777267,25.317663696635975,2917874,83309406.43677476
2019-06-21,300044,25.529087699563522,25.72000252715426,25.088622125398945,25.321761019440615,6145174,219655526.54696947
2019-06-24,300044,25.283738960627044,26.137181154368886,25.38626517672337,25.421752641272,5961161,214681368.6244293
2019-06-25,300044,26.247627795812196,26.49812927930415,25.87639952879507,26.007694645898916,2300760,85050594.49217376
2019-06-26,300044,26.430664554485986,26.634644779978053,26.12694481234072,26.35059459686948,7766577,248680314.5577351
2019-06-27,300044,26.060475101572376,26.163639025639366,25.90031812099569,26.05613746046325,9335901,339398817.3331665
2019-06-28,300044,26.25042579736847,26.410447075556977,25.679098191302746,26.22665928173775,7357752,269910190.2346899
2019-07-01,300044,26.28203630584669,26.99975453883005,25.64159202699406,26.30469689745077,4834836,185094393.61461496
2019-07-02,300044,27.189779119802775,27.122449388744403,26.358446698368805,26.957595808698315,6875190,274043525.3917885
2019-07-03,300044,26.73388715097239,27.106282626929108,26.389476598756396,26.578454193785962,9484447,301798661.97112703
2019-07-04,300044,26.197417604411992,26.626356441932796,25.739389882976532,26.45966464612111,2916381,115104781.57738487
2019-07-05,300044,26.15398077134256,26.448797563111416,25.637381906956374,26.185079937367227,8355534,244956319.26448372
2019-07-08,300044,26.122156104098366,26.241181616714062,26.093965514279738,26.163071280310948,1699567,51303745.507322736
2019-07-09,300044,27.086083189895984,27.70008600315055,26.522573542667004,26.90868021189216,5663942,173300784.00211188
2019-07-10,300044,26.869929645754112,27.39582953919592,26.46773983000816,26.728847113977938,6997842,209927999.413801
2019-07-11,300044,26.926290969607162,26.828006220007804,26.14650415321628,26.757095180668447,9655392,358518473.654783
2019-07-12,300044,26.38706430442816,27.071395566690253,25.812217579574224,26.586809175171098,4403867,141120158.66753381
2019-07-15,300044,26.81621726076308,27.106976036350552,26.763381856926532,26.82800025566371,2535683,74354273.33436692
2019-07-16,300044,27.097879683712748,26.86272088604888,26.46016941762031,26.829782799815543,9318414,328094776.1708609
2019-07-17,300044,26.636156829191222,27.155282310326022,26.386229751250532,26.70406683548437,4047904,126055785.59068589
2019-07-18,300044,26.78523539126489,26.99945262134521,26.3808889889388,26.613663479766945,7396196,209476008.9147786
2019-07-19,300044,26.968958577084997,27.976350271035912,26.528437272984338,27.167640931244932,2580053,101836706.58606708
2019-07-22,300044,28.129577942446968,28.745082640857056,27.48361630103877,28.021023922961188,3899075,136727173.3213294
2019-07-23,300044,28.390456848848277,28.637084768699843,27.666903536919595,28.213085648231147,2049080,79020189.30389747
2019-07-24,300044,28.130902532460738,28.47958424486556,28.224722886680635,28.367793860718955,6328405,180432247.96706426
2019-07-25,300044,28.722328789295748,29.231250739981622,27.873803608185693,28.608673241629976,8456214,255282604.5628569
2019-07-26,300044,28.3741918136522,28.71105698240595,27.83587541830966,28.1186594065519,2415377,88958866.38054982
2019-07-29,300044,28.292363143394613,28.35577168300838,27.208340198083125,28.040327331346017,5007345,159827889.96747097
2019-07-30,300044,27.088008310258655,27.667685775779482,26.555088634539896,27.18283582779543,1030648,36032658.18997914
2019-07-31,300044,26.61617770545148,27.082979116507232,26.128135962533793,26.73214997946283,3910610,110578368.13621943
2019-08-01,300044,26.983709242866574,27.344850865044748,26.090206111950923,26.817622470223615,1830244,52902966.04605241
2019-08-02,300044,27.24930885198181,27.33845144154247,26.80701260988737,27.13341327297513,3894703,125744406.7940679
2019-08-05,300044,26.887988633484714,27.658469332810828,26.650800292528803,26.97485505442102,4413129,166497907.91267547
2019-08-06,300044,27.130596951413676,27.439882575170298,26.131294982062986,26.928590683633495,4842781,157736394.84286144
2019-08-07,300044,26.593680316639617,27.249838520581022,26.572631811348245,26.592102339978727,6061662,205033520.69663814
2019-08-08,300044,26.591510380565758,26.845367677903532,26.51370649656397,26.648256514365375,5054223,174607815.40572608
2019-08-09,300044,26.08815445966482,26.445958959684564,25.454787530628472,26.179882756773036,7568834,293675374.9684109
2019-08-12,300044,25.988146598950447,26.625839686949455,25.718990545874345,25.98811610537053,8523434,261782752.92803207
2019-08-13,300044,25.936820166946248,26.276601792568375,25.424796979484334,25.97084164574982,5454498,153757380.74107787
2019-08-14,300044,26.053222870848472,26.865881250630284,25.49489039482456,26.19988516014471,5026226,183525368.83310017
2019-08-15,300044,26.254880844555462,26.923928308787684,25.887552090889407,26.163026534172275,9357637,345421884.72384286
2019-08-16,300044,26.21972161060703,26.153776631857927,26.01937589241803,26.068338912193116,3747947,132898028.59415437
2019-08-19,300044,25.917412104049983,26.101977167255317,25.75197765432248,26.00921888724148,4703617,145398957.36236107
2019-08-20,300044,25.490628909555202,26.37015761755119,25.175442075936637,25.707006811190915,4530998,117266521.96794714
2019-08-21,300044,25.401810106610252,25.58790414376702,24.74614902109563,25.46227410323975,3561060,110637761.27050792
2019-08-22,300044,25.161047819688225,25.996518003055158,25.2677259907667,25.336220702758673,2191711,73466658.7593135
2019-08-23,300044,25.69899552029387,26.34030585344784,25.594959693207983,25.920755199687655,6674157,219004153.56183627
2019-08-26,300044,26.161945235079138,26.270733332203683,25.448608070177006,26.08862849486223,2148399,57581005.877606824
2019-08-27,300044,26.48924609479567,27.302513056280002,26.611392129659293,26.663927742832474,1199911,35813453.53865507
2019-08-28,300044,26.35836308668594,27.190408484332508,26.027632062707823,26.455789296642035,1147628,34899920.955989204
2019-08-29,300044,26.65608220174796,26.70717003658792,26.411099612937658,26.482978925457857,6991949,276506669.1139198
2019-08-30,300044,27.012277560083437,26.823776593439813,26.57271350834459,26.81438048798296,3255954,119822714.58138175
2019-09-02,300044,26.687776705823328,27.47978817389873,26.71803082120038,26.782109754700986,8825838,265525274.79284784
2019-09-03,300044,26.34641456405138,26.409802303914123,25.49389648289541,26.260403260698755,6560089,211346590.99014714
2019-09-04,300044,26.359363915714184,26.387593042570295,25.91423163658092,26.29430668017422,4148564,155060005.4179428
2019-09-05,300044,25.8125055171894,26.747193369566524,25.661971404895162,26.024798731677595,1745017,54531921.123198256
2019-09-06,300044,26.13781791098795,26.36225397131921,25.65833335762538,26.060052121721,5616152,218017461.51128566
2019-09-09,300044,26.26636963235741,26.047712151944978,25.634590444915766,26.039142136641175,5519516,152214309.81279692
2019-09-10,300044,25.301067713092124,26.240726553120805,24.86466294377111,25.532131563579878,1931371,53847195.67678678
2019-09-11,300044,25.07091885238759,25.737526412372834,24.924362230816627,25.053205361891322,1523415,40938061.6347166
2019-09-12,300044,25.53248415532644,25.733672641377055,25.33498962588265,25.37667890333921,4029843,118033211.67273827
2019-09-13,300044,24.926354406146473,25.11501940761005,24.7003118220104,25.07718772517572,4852018,125680967.2362075
2019-09-16,300044,25.104184378138804,25.34011470406902,24.480499592651313,24.879188455876967,5957883,150879413.53457555
2019-09-17,300044,24.169832473075104,25.00907245195512,23.794721536770904,24.31704644345178,9148383,326280915.3166424
2019-09-18,300044,24.384327523496896,24.6020535605295,24.040604597609697,24.233364703211713,6199158,197157803.88950524
2019-09-19,300044,24.37295635473941,25.065242999801328,23.667631245322298,24.379489389533216,7217535,184727511.87496644
2019-09-20,300044,25.059976548604556,25.39949861842572,24.41456574924441,24.903860406847993,9741020,345067109.20251644
2019-09-23,300044,24.84288562745678,25.32229192926316,24.960158143971626,25.09079579796917,4595703,171566193.78894275
2019-09-24,300044,24.929738691067318,25.664803792223232,24.61293345752989,25.04704895283417,9822423,246936850.10060048
2019-09-25,300044,24.613255059913442,24.975716384216472,24.246927059931764,24.83890313566191,5888727,192013240.53956926
2019-09-26,300044,24.93779779953811,25.050695923359893,24.414787909287796,24.87439223533465,8860737,311222830.0238319
2019-09-27,300044,25.458288119746936,25.551025849996222,25.009516503411465,25.321087823151654,2032516,57171501.85430634
2019-09-30,300044,25.483510007767922,26.171056942997726,25.411673226873763,25.58782502068784,8857807,252131912.7409712
2019-10-01,300044,25.9245791646311,26.220494372151446,25.187719080703488,25.784777182932956,9243066,270848707.6373019
2019-10-02,300044,25.528319006520185,26.22732780980957,25.336910289627916,25.72347007514192,4341709,147698865.96419504
2019-10-03,300044,25.8652582463883,26.334082362259323,25.061789265077465,25.779191591568196,8676023,261673013.73470882
2019-10-04,300044,25.990466710253582,26.032563247280326,25.35652143730353,25.762032660094107,5424844,190135318.84617698
2019-10-07,300044,25.335855382331,25.773724997877956,25.225054133179274,25.378953262450217,5673828,162737643.34752646
2019-10-08,300044,25.81776163235282,26.26524595830594,25.746644799728827,25.983746819194653,4309796,142994108.74879575
2019-10-09,300044,25.496615116899264,26.34879478714416,25.679045330618248,25.74161845898889,8386303,282013686.9203829
2019-10-10,300044,25.46042877720093,25.880832197397577,25.28961237077919,25.599104618873827,2867219,79409585.90814123
2019-10-11,300044,25.440061163858523,25.69431405364768,25.028260955087852,25.26612204902439,1639521,42637093.535449505
2019-10-14,300044,25.108242169412204,25.464726860209776,24.868085509247205,25.057793653579708,9774149,263755502.75846982
2019-10-15,300044,24.98758458180916,25.564394848654775,24.87262658745209,25.093855810121255,1381900,46059985.95878885
2019-10-16,300044,24.938085173515635,25.755284956822223,24.83631120759756,25.156401437768142,9335613,245024789.27977204
2019-10-17,300044,24.980430471469628,25.66746926441579,25.09813523203726,25.15311725798092,3523154,113184938.17562288
2019-10-18,300044,25.72835281377479,26.199250136590905,25.133645086351642,25.87835906737347,7934057,249819858.29066777
2019-10-21,300044,25.64971977061713,26.563731539745582,25.467537756098473,25.856007860977492,7042098,214476016.889276
2019-10-22,300044,25.566488882287338,26.188727663861666,25.131475550222856,25.517131682089904,3439892,91396665.6216931
2019-10-23,300044,25.531898530473796,25.888508322447727,25.16682486328015,25.474328762829003,8756641,263268077.38949898
2019-10-24,300044,25.24979647882747,25.29614335952832,24.775185990649657,25.259649810248646,7106846,210088693.2604503
2019-10-25,300044,26.166033474546058,26.043956192730032,25.43546491565628,25.980576181693177,3776565,115920644.74195696
2019-10-28,300044,25.831257098117426,26.189095258492014,25.716012941789913,25.990111739253905,8801589,291949520.6499461
2019-10-29,300044,26.3083035825859,26.815435099788537,25.54374985125443,26.247637279452697,4238307,119166563.76064833
2019-10-30,300044,26.136002587372893,26.216724312700624,25.599704309942314,26.10275810671235,1103773,36736981.34273699
2019-10-31,300044,26.458647037631167,26.90114313562471,25.921150867090255,26.335180036385303,4755438,135982005.6301861
2019-11-01,300044,26.36683614538084,27.092256801022387,26.04606070452121,26.52277232274014,6779877,216181388.82425934
2019-11-04,300044,26.040663811561785,26.2810878040308,25.30554430930737,25.825365159093597,1466079,40947360.664726585
2019-11-05,300044,25.990071272792214,26.78882782815448,25.39412348548954,26.039932509144677,2999183,85849647.08977719
2019-11-06,300044,26.642162887368873,27.336683001943236,26.31980428692978,26.57802890130283,4428086,139138281.2545583
2019-11-07,300044,26.181869490726108,26.38292569860089,25.606294826744552,26.303267123888585,9163946,358550233.30348635
2019-11-08,300044,26.035115535259752,26.598891270670958,25.49433218538984,25.913923939349843,3298742,105549903.21862593
2019-11-11,300044,25.38089805213664,25.872827459821824,24.9084023061414,25.44961760528848,2870685,103203126.89151926
2019-11-12,300044,25.90177697098852,25.980110355252847,25.627440895192045,25.764019877481935,3102107,82495109.71766853
2019-11-13,300044,25.549947911305704,25.998909275680774,25.07248958423371,25.553228175330155,5630473,208027659.76072505
2019-11-14,300044,25.126276938364615,25.364932011187797,24.654779859615818,25.336005009239443,5571717,199773001.95529264
2019-11-15,300044,24.81647606049681,25.194104780720284,24.651029244729287,25.006492211786423,1708824,56616649.803069025
2019-11-18,300044,24.69628469578127,25.10547148909966,24.52683615347742,24.886213770406982,7795198,275331953.3291145
2019-11-19,300044,24.763352197406473,25.44969009242406,24.332314521351986,24.729016167246094,1263945,42351172.684019014
2019-11-20,300044,24.433170072970505,24.748719917341305,24.302680284477635,24.321883514727887,1736351,45845847.86120423
2019-11-21,300044,24.84207637348965,24.90106772269005,24.327406686514223,24.69568477777812,6038520,171265429.6068685
2019-11-22,300044,23.9021459692725,24.492408988639628,23.73767398212271,24.105913793638102,4733834,116457996.1207182
2019-11-25,300044,24.36398787812757,24.59105977173122,24.026380937911977,24.254145052361118,8736246,231103892.1630791
2019-11-26,300044,23.785800075445945,24.155382997519364,23.34361027965011,23.872080039259615,2439238,71255877.15267736
2019-11-27,300044,24.054385395570378,24.384907823697795,23.800868116928353,24.098701468883675,8223710,267517585.46378848
2019-11-28,300044,24.15111211179618,24.311868293637296,23.628344037731246,24.014833202699492,4434015,107386434.17075913
2019-11-29,300044,23.621244060623347,24.43524074776754,23.35850243251812,23.849260937985527,7012125,236977603.52234954
2019-12-02,300044,23.788676076314427,23.81583685037853,23.12076542429261,23.720575663959593,1025794,35549818.74153038
2019-12-03,300044,23.76572936414138,24.718160186188502,23.889324277714923,23.998940573132998,9303207,329878699.7254278
2019-12-04,300044,24.22727320053965,24.490958441728555,23.95806046677123,24.014712065817235,3026781,79968822.54480243
2019-12-05,300044,24.080616172627856,24.239316306243126,23.528556020464563,23.990620008695807,1469471,36866647.452855766
2019-12-06,300044,24.35922163068537,24.270603198300712,24.20689728687303,24.235188142237156,7992806,219346533.508848
2019-12-09,300044,24.58787130243084,24.402027365218178,24.03114000324608,24.38383672457085,9900775,259256605.6352626
2019-12-10,300044,24.40957012879684,24.73975126981217,23.730068441515325,24.432221121842403,8807234,294974842.3513911
2019-12-11,300044,24.544941607231532,24.716387743750843,24.008020548286602,24.500463645615888,3249553,99090997.17008844
2019-12-12,300044,24.829739754449164,25.482144652664907,24.816508167634414,24.916853954106237,9312034,337239926.5693121
2019-12-13,300044,24.588111509993485,24.88840551488365,24.36750329475771,24.523170682340968,1314946,45351265.92626031
2019-12-16,300044,24.92384739348314,25.60670413275052,24.728139879006708,24.99689490110604,9749987,264283557.11616138
2019-12-17,300044,24.967605003079065,25.13164001937476,24.36592585085099,24.75848713528825,3089012,97396851.54146975
2019-12-18,300044,24.94143330624193,25.205187690147312,24.70417534269489,24.815789089176292,9863475,281845037.4933297
2019-12-19,300044,25.052923040782144,25.397335837371273,24.451479661647067,24.970746801945598,9925781,286202530.7942743
2019-12-20,300044,25.466969766520815,25.660194087012652,25.045449416794664,25.419757026514596,9132283,235760941.45557296
2019-12-23,300044,25.27380229078168,26.21758588855293,24.932324604547173,25.479984343325707,3058536,112681131.39768459
2019-12-24,300044,25.42402596191258,25.93685490041521,25.47537210539128,25.534193651213645,5091927,174567022.9100233
2019-12-25,300044,25.622312531683548,25.831412789208443,25.02149442545371,25.714074336348958,2634084,93659674.55490753
2019-12-26,300044,25.66926854330655,25.830006379738528,25.456977528610253,25.5031866017179,7369381,223533906.95200258
2019-12-27,300044,25.50364508148012,26.0856602828222,24.84580935210841,25.35185564410375,7526758,200858848.26965955
2019-12-30,300044,25.698376948452516,26.277376138902518,25.65608322584986,25.67984053506784,3659589,134697834.9442984
2019-12-31,300044,25.146614339246252,25.214347317001632,24.803898367227156,25.085359128462635,6248472,204159682.96478647
2020-01-01,300044,25.076732625412554,25.74558058957938,24.820178613231068,25.264411304460204,7646618,264987136.136783
2020-01-02,300044,25.283376010838513,25.13277639740044,24.917911703439234,25.067122483564937,2741778,81041209.28485335
2020-01-03,300044,24.63561432103578,25.079627562705177,23.98119327058042,24.689196115970148,6447669,205197922.83699515
2020-01-06,300044,24.44856354354396,24.736154110814066,24.51254589306683,24.53749801227659,1395068,39458175.61133486
2020-01-07,300044,24.687229350615535,25.003038684997925,24.377291459647264,24.86131587231972,9373582,278542672.4442515
2020-01-08,300044,24.96673120933275,25.02110869061024,24.81160697176612,25.019421373610896,1462897,40651963.507042445
2020-01-09,300044,25.184696956491322,25.443317969540573,24.364775142607648,25.100628286461216,6219909,175821013.49403247
2020-01-10,300044,25.249763031534084,25.938477855025727,25.12250934241379,25.292069184849225,5486034,184195102.6327182
2020-01-13,300044,25.57554021286259,25.829094414529123,24.905021164653753,25.48963867619981,5908712,185779818.1279056
2020-01-14,300044,25.517934322738817,25.67836833603511,25.10745414027644,25.560645203553378,5733145,187575247.18924516
2020-01-15,300044,25.235557942580453,25.71960192180757,25.01723318189345,25.430574864415128,8027171,270607873.42154884
2020-01-16,300044,25.34610816295394,25.741696756866585,25.130571129034614,25.422181156578695,3870612,122661257.73361427
2020-01-17,300044,24.746052567355505,25.20577057179248,24.26805748397522,24.810272793574114,3693173,108158954.26607822
2020-01-20,300044,24.62629305807518,24.759757414918806,23.976453950498616,24.617466150376856,9728859,322700080.35910887
2020-01-21,300044,24.82946180667752,24.742168142338077,24.499431643467688,24.721857678910474,1663711,54023214.90524386
2020-01-22,300044,25.118011705577832,25.52350666047109,24.7669670298879,25.221162857173358,2164345,72583149.69935392
2020-01-23,300044,25.679575155143354,25.82759187576593,24.879365176372463,25.51998478777464,2568954,75764607.47110438
2020-01-24,300044,25.831714197878657,25.803596434240657,25.35352611096073,25.592230721018197,1329097,36065784.47451552
2020-01-27,300044,25.197041394262133,25.74497907052382,24.602592706646487,25.123167363305786,8750124,221776020.83880904
2020-01-28,300044,25.31260002022591,25.512982546378723,25.188771363843422,25.284377257440983,5171747,137939366.51756692
2020-01-29,300044,25.15976942156114,25.15861315136677,24.38612823043594,25.125641915429902,7757655,202446984.7679384
2020-01-30,300044,24.61817059452787,25.025611200740524,24.605247330528176,24.811115681321994,4635921,117465401.34415604
2020-01-31,300044,25.298757040063474,25.68808854642867,24.684596929382117,25.160252059015,9222514,278145276.97458875
2020-02-03,300044,25.205631958314793,25.468263475220944,24.523149096411874,25.255273262470965,5506247,208167453.73407078
2020-02-04,300044,25.368899953900392,25.516225449659647,24.984317692581797,25.43725681978735,6373084,237666077.2084758
2020-02-05,300044,25.362491509137,25.560367677778842,24.495677191046234,25.116653815846735,8295884,238411178.13577175
2020-02-06,300044,24.572343928540086,25.042393810642693,24.082201808069374,24.689728512070122,5590118,174366774.43999097
2020-02-07,300044,24.450667950286242,24.827144709084873,24.107549242047487,24.641497110557047,7030321,252792641.51842365
2020-02-10,300044,24.95628426506943,25.256539931317946,24.50015731991262,24.80080534487078,6373415,223480399.82775763
2020-02-11,300044,24.604460785897068,25.461141003244972,24.7306527392616,24.77430427667364,3014354,80706404.41876188
2020-02-12,300044,25.053633044168645,25.27741324194262,24.580950532417344,25.066088256770673,7298968,256060001.67793155
2020-02-13,300044,24.807011436178268,25.37772360834316,24.392875057502305,24.74556924652196,8375774,282566986.33459
2020-02-14,300044,24.003071023431602,24.40291137341493,23.609131261608553,24.19777907144833,7488968,220951511.87592497
2020-02-17,300044,24.151797371792647,24.76947572455745,23.957534573658933,24.38171044151163,7379227,255519916.5332657
2020-02-18,300044,24.19198774899744,24.891121825339358,23.599908160184267,24.24686046884271,8857153,288691306.0884305
2020-02-19,300044,24.37617234977334,24.451459064486034,24.325060277264846,24.355142917679352,8258021,218858617.00929216
2020-02-20,300044,24.25229133294256,24.45178682408946,23.634749354884292,24.104761064715557,8897833,309223948.82967675
2020-02-21,300044,23.963397805984027,24.573611966607853,23.611166112873462,23.93593907634053,3106492,103816345.36382963
2020-02-24,300044,23.91048860679917,24.618029896726522,23.51334974116748,24.103887395294613,9402744,309972517.43998086
2020-02-25,300044,24.100442118661984,24.318058191661205,23.91052986203768,24.178513728306136,2018150,58560156.05763848
2020-02-26,300044,23.840895588010202,24.06170956780302,23.37781121785506,23.849693294706505,4068736,140237638.64122397
2020-02-27,300044,23.754720827818367,24.394582914016265,23.30259929302568,23.83401276853794,1631685,43857909.58992157
2020-02-28,300044,23.63440837955964,23.606507334578467,23.119616371876557,23.553001603328113,5914422,185561666.69980922
2020-03-02,300044,23.739177852083454,24.253511034161697,23.46798145481954,23.933437504759105,4840206,137815405.96016887
2020-03-03,300044,24.19619619404572,24.43403444264587,24.142081579438564,24.170268777161116,4359296,140220721.03086582
2020-03-04,300044,24.48058534207155,24.990970480327686,24.277560910403867,24.287673407947054,1095733,37421499.59465759
2020-03-05,300044,24.466588946016863,24.270328717402,24.044896319134686,24.26706750691353,7034012,180067451.3863814
2020-03-06,300044,24.760551946534,25.055670062741836,24.229227639142103,24.579105039909486,7800858,228305484.9762849
2020-03-09,300044,25.027986009358994,25.106301167828967,24.445711218825842,24.814613794876443,1196053,33401424.463201627
2020-03-10,300044,25.01645251810283,25.633396907878513,24.4799190288615,24.92128958749507,1937168,68967227.66473241
2020-03-11,300044,24.55405581796058,25.312510859612267,24.333987166053742,24.752153902242036,5049596,170504053.84296462
2020-03-12,300044,24.886835141527516,24.98020842668297,24.562525562950075,24.828596524887253,2750011,84332337.91973968
2020-03-13,300044,24.5758216495498,24.89005631803272,24.5926579450149,24.765026625455544,1935416,54432538.92071722
2020-03-16,300044,24.930258964914245,25.809095579925604,24.59089046394834,25.12402640967379,6440662,206493247.27766737
2020-03-17,300044,24.8262136651207,25.063795677623553,24.742891571648148,25.04476405479995,8647195,316251047.7826972
2020-03-18,300044,25.875429470136336,26.1544298717011,25.31618906666081,25.713481393428815,5147244,136830036.59701627
2020-03-19,300044,25.9753995464578,26.697759281018158,25.458110417988976,26.110392419356717,3532343,130534184.0501007
2020-03-20,300044,26.205927168952545,26.545975138918994,26.091647106160494,26.186787048232816,4638037,139002484.68013713
2020-03-23,300044,26.434389254234944,26.679437710157618,26.2680511018057,26.30297413672609,3182202,108220467.37494145
2020-03-24,300044,25.72504033756979,26.45566582114541,25.320852778114876,25.939534660158714,7679715,291251260.3210767
2020-03-25,300044,25.42266172039208,25.976800042963756,25.46013856581343,25.614284879380264,5492928,177779851.34838945
2020-03-26,300044,26.05217701870347,26.745181359733316,25.962842064599474,26.015561918298996,3095927,91340683.58027439
2020-03-27,300044,25.8374893731794,26.0192210941443,25.396224511059618,25.616884004486874,6816101,238860461.75928178
2020-03-30,300044,25.226543411026988,25.997030997440906,25.199139944236656,25.435449849756118,2490879,81331436.43437481
2020-03-31,300044,25.349778658374085,25.77360328163005,24.800085174285424,25.476056472905285,7526907,239274977.58663717
2020-04-01,300044,25.959541472747393,25.998344630600556,25.092161844010064,25.791052075332104,5157511,167545552.2447482
2020-04-02,300044,25.980885343625957,26.209646551561114,25.715156793486045,26.159495080809243,4322013,133793059.97875826
2020-04-03,300044,25.561690530088068,25.81756836611388,25.104687534349175,25.375364752938076,5176410,158056368.18197677
2020-04-06,300044,25.554446729347095,25.867982875776327,25.041984320868078,25.305049517203933,2701863,96284897.02053113
2020-04-07,300044,25.519615957497063,25.871529511962482,25.19092256919559,25.3457672474016,3683054,96899867.20748186
2020-04-08,300044,25.413812060673934,25.911704100238232,24.687813997268577,25.177940168703653,4635711,150823628.1886037
2020-04-09,300044,25.602386214167527,26.050470025544247,25.09555896654679,25.45539550773446,3474493,123508383.6361903
2020-04-10,300044,25.56731808144808,25.463855568629373,24.820252664530084,25.3613271564358,9455942,243781109.62577412
2020-04-13,300044,24.99116461638224,25.020464195467767,24.462541585537974,24.835706905823827,7582784,237517652.303719
2020-04-14,300044,24.99190622705854,25.724941935485802,24.80138511017054,25.036738130935937,9757426,281600818.433718
2020-04-15,300044,24.798744717309862,25.149817926409863,24.69669254336888,24.941138087336835,6402317,188299330.37378323
2020-04-16,300044,24.83499858408148,25.048758965842225,24.810004294799395,24.939505825929935,3161158,118054871.94417116
2020-04-17,300044,24.612440075687815,24.866538766067062,24.280406792472593,24.64565994358307,7669872,250723895.29968664
2020-04-20,300044,24.439461241287784,25.211146350307857,24.240670822288077,24.63803877158555,6189235,227301581.70599315
2020-04-21,300044,24.90104215039653,25.1585030176378,24.183831119848996,24.824188764636414,3047156,105069743.95436005
2020-04-22,300044,24.766318440152514,25.352800629142155,24.425901112664764,24.856051395172532,1368889,34787290.980079494
2020-04-23,300044,25.13522627593805,25.453693830779233,24.492534797891985,25.060337334769674,5395547,170261883.88184685
2020-04-24,300044,24.2863735690567,24.889838505978588,24.281937396185096,24.50501047125823,2461655,66180763.841337286
2020-04-27,300044,24.599878807446437,25.032348334941236,24.43740677432116,24.633355647535243,9187036,245058815.4263526
2020-04-28,300044,24.45541106445786,24.85953104758888,24.399324551817777,24.4852963788083,6168543,206293480.98488677
2020-04-29,300044,24.36941237522378,24.49691809024299,23.957278103368658,24.477429372305103,2043406,59095664.916248396
2020-04-30,300044,24.296957997837595,24.558528609782517,24.032834816604993,24.486167855314946,2730607,71876624.06860197
2020-05-01,300044,24.642764098462624,24.58658262209916,23.948876811913177,24.439499306935133,4003086,142512216.3924363
2020-05-04,300044,24.393600727636937,24.932541309621918,23.927036463768673,24.469785845686687,8778193,242258633.71951434
2020-05-05,300044,24.580855237822778,24.693332434921537,24.344390675553772,24.429949103183013,7968153,274451734.36655754
2020-05-06,300044,24.757623890467507,25.305339704513237,23.940105323541527,24.603286352771452,7174432,178539747.72180176
2020-05-07,300044,24.4439935865306,24.851115553766533,23.917723840213732,24.35307605161766,5384334,170974482.76706025
2020-05-08,300044,24.057459555428736,24.90319270674982,23.52670977791433,24.1836887954277,8149190,260029119.01962075
2020-05-11,300044,23.893574842919207,24.325142951332708,23.230681599831463,23.78564441533316,8470029,259457975.87150165
2020-05-12,300044,23.78247810693613,24.251217955102987,23.347609699108254,23.987846846518526,9559867,330967297.0383871
2020-05-13,300044,24.391272142650273,24.83806806305909,24.08274284846171,24.33668355900644,8111012,209606264.957327
2020-05-14,300044,24.32405506222838,24.994906656480076,24.43028356343698,24.542891217038218,9915357,322104734.31075585
2020-05-15,300044,24.064622639429434,24.712885242228243,23.588275668721362,24.233821554326738,6510537,164793776.38273802
2020-05-18,300044,24.447088629699586,24.831165161236633,24.509627305713614,24.557187304353654,4081885,117868690.89337742
2020-05-19,300044,24.7508469085744,25.05040417592437,24.27447116705526,24.722165672015578,1398808,45246700.563609555
2020-05-20,300044,25.366327834355676,25.8081661181901,24.769968346677988,25.12147526823773,6105248,209950336.8849985
2020-05-21,300044,25.012059589448878,25.32083688050225,24.653723393777884,25.164324353370983,3793724,114869443.55762392
2020-05-22,300044,24.875650150750516,25.717791966422315,24.334049543402422,24.978359361834745,1745332,62562745.75736601
2020-05-25,300044,24.674213388345226,25.106230400128588,24.835397245544424,24.865660476898476,9961507,278545330.1464326
2020-05-26,300044,24.555897091981365,25.06428194112127,24.280007698677387,24.784665479592043,4342036,120258412.25677583
2020-05-27,300044,24.90357006943594,25.318567175613232,24.026775021751074,24.72515809208216,3169299,104205805.5264602
2020-05-28,300044,25.055216549076334,25.656109374109608,24.37448670685519,25.015802651292244,4660106,166129264.05188665
2020-05-29,300044,24.979220675938684,25.57289923183807,24.776208016330738,25.132764984276907,2711714,87713611.07961483
2020-06-01,300044,24.90439838784339,25.266342247717215,24.93742183734869,25.048468491504924,1107820,38213729.36039091
2020-06-02,300044,25.030938041354606,25.540799464624055,24.9322214625604,25.099256724998796,2970603,98648268.43188085
2020-06-03,300044,24.977848305287708,25.140612069553455,24.814791237726006,25.10274014777879,1462293,37404297.160817504
2020-06-04,300044,24.863388543559164,25.131926091002764,24.848810532198936,25.105753437624088,6641646,243656250.6902125
2020-06-05,300044,24.844290807178922,25.70699925464912,24.94144980557687,25.070655579499785,4744715,151441983.38088316
2020-06-08,300044,25.001153520512535,25.150518519739204,25.05576213271121,25.085290725628433,6916628,182099923.4819292
2020-06-09,300044,25.054100904947113,25.705423517379014,24.786163751399364,24.965227748969937,9450439,240893983.39129832
2020-06-10,300044,24.55837312019887,24.820127461408863,24.38690783068784,24.479827058823656,9885684,297980616.7453989
2020-06-11,300044,24.839254804653027,24.84845370308235,24.412483122814645,24.65124712230982,8892389,285753916.3804931
2020-06-12,300044,23.8412946647264,24.698652330065034,23.551615489158298,24.062512742746975,5157566,170845940.98524648
2020-06-15,300044,24.251501278440557,24.624424544789875,23.46996310320591,24.043385630388855,1738320,46541741.918745555
2020-06-16,300044,24.05960392518752,24.242209220896374,23.76454365056505,23.865329826360487,3751198,97608210.73030613
2020-06-17,300044,23.956724675875076,24.596781661230647,23.866502995436125,24.183647715500953,8472405,290559382.9504006
2020-06-18,300044,24.226181535468708,24.391765952832575,23.789412524789643,24.088277541533746,1393663,45301334.351072714
2020-06-19,300044,23.513300749618146,23.689048382564764,22.920446046224036,23.397249804848528,8882971,265579390.00791115
2020-06-22,300044,23.42978874488802,23.991999216358074,22.893615849715335,23.41270236718733,6157211,156960284.82188106
2020-06-23,300044,22.718395657116346,23.231366867958076,22.318647019999975,22.871948701287934,8287646,212798981.1672881
2020-06-24,300044,22.39542712704455,22.829078942098395,22.494687192794345,22.59258005630529,3248944,100875907.95786378
2020-06-25,300044,23.10171847625933,23.00933840210813,22.27297732727944,22.915878407286392,4340177,112172337.2413085
2020-06-26,300044,22.639369199166847,22.94734285321451,22.26255161342834,22.622850213301323,8678877,206409455.6243224
2020-06-29,300044,22.417841520108272,22.381447487748922,21.883295740810414,22.345300601356215,8601702,247690775.4719345
2020-06-30,300044,22.037888063510863,22.48779916423653,21.709857405987737,22.238975592647286,1013883,31443309.798815716
2020-07-01,300044,21.815075064575975,22.500980118835233,21.488332366370987,21.995241823379576,1319234,43270988.63068528
2020-07-02,300044,21.86768778932467,22.334942699854782,21.44916930877651,21.754395990422942,1517711,34816278.3842807
2020-07-03,300044,21.466163900315113,22.017796567440808,21.09655615244322,21.501651555733254,9898956,250834601.61953044
2020-07-06,300044,21.752891671801866,21.972295163981613,21.27338260115804,21.77817683738015,4239472,128537478.31200415
2020-07-07,300044,21.771918677470076,22.191394987462214,21.238638255726386,21.838458540448535,6534284,165654025.7773294
2020-07-08,300044,21.96687505727046,22.538289760257495,22.135317672432425,22.182273078310338,5741552,129436277.63337658
2020-07-09,300044,22.133243757380626,22.28358687298792,21.499834322280932,21.974390470351903,5165017,147740881.79311416
2020-07-10,300044,21.778347485559294,22.503918044372305,21.9358718865297,21.993873434652222,2752688,83262995.37967649
2020-07-13,300044,22.08610288268944,22.528939050814298,21.873835268873037,22.148928152266244,6145681,193722061.38090095
2020-07-14,300044,22.263860443041857,22.698115666895294,21.687351534582277,22.16361618484344,4187759,116552213.12719998
2020-07-15,300044,21.97332232132925,22.69260360550006,22.01398111409677,22.151065041572167,1508184,47915183.34353457
2020-07-16,300044,21.820298667514443,22.35639053083883,21.885013630108187,22.033757820141755,5137281,154415291.3771482
2020-07-17,300044,21.85031581426378,21.956966895183335,21.159592342878756,21.76894946505889,2882221,69431307.83644558
2020-07-20,300044,21.347857107492175,21.255977629892374,20.89071243461925,21.174657984424847,1282227,30423102.545750696
2020-07-21,300044,20.930724525602272,21.43095588335816,20.366071030203415,20.927236273877774,7182801,215003182.605159
2020-07-22,300044,21.093111444845512,21.418822369259924,20.808499203059107,20.94187210097906,1329855,36442695.38300923
2020-07-23,300044,20.849980967308703,21.200930810733293,20.858581948673084,20.89606213334254,6443367,177166872.9200407
2020-07-24,300044,20.90135684166201,21.560461090159198,20.87342796351403,21.058837177549414,7244133,174638098.61521232
2020-07-27,300044,21.068332155135046,21.106728574382174,20.594400865134038,21.047861079494197,6159149,172028761.24282393
2020-07-28,300044,20.967757639533396,21.291706806088484,20.980985449272225,21.150942019210476,6239726,161100736.64511597
2020-07-29,300044,21.249046916257146,21.79206536989888,20.868415543618113,21.347061694696254,5676516,173655358.65290415
2020-07-30,300044,21.161582889789937,21.52988507177008,21.10590382530893,21.254826469714303,8395346,216715954.3309521
2020-07-31,300044,20.779286875757325,20.96723859215723,20.609289773883106,20.963420982080343,7532612,212046365.4241001
2020-08-03,300044,21.23407926371601,21.737791696934757,20.748448738866053,21.10852758690178,6801628,192701469.07218623
2020-08-04,300044,21.1302637808989,21.518131691000644,20.920766463759158,21.20880466918027,1031721,24109374.10400306
2020-08-05,300044,21.39553578333004,21.763471476934072,21.066675129888463,21.193000114544382,5622028,126580117.94348499
2020-08-06,300044,21.432473963606743,21.74309911371652,21.24656273052597,21.446155546117208,6408563,149883868.7817488
2020-08-07,300044,21.489227394072515,21.62775295621607,21.159285529118616,21.32055823239267,2862704,66976962.15959066
2020-08-10,300044,21.147323821164274,21.444381711815378,20.97912113874961,21.075022700188562,4034154,126169381.12087545
2020-08-11,300044,21.14356662896843,21.546310830679634,20.474925237334446,20.988205702960258,7907218,246923837.90409803
2020-08-12,300044,20.94158579190514,20.80929921967792,20.593933067793646,20.750851380804257,2768061,82114637.47955294
2020-08-13,300044,20.04911763860225,20.651873809067464,20.148289156504575,20.218367653601067,9393615,192890913.96769822
2020-08-14,300044,20.155538310754206,20.69114630164478,20.232481831007412,20.314756288500774,7815535,180474885.72839913
2020-08-17,300044,20.630263227940524,21.24936630219221,20.593187718369037,20.80884938902769,3180807,90146428.81002326
2020-08-18,300044,20.529519548876742,20.997084703737265,20.473309623985454,20.676135735253236,4724126,98735805.38205011
2020-08-19,300044,20.922732537942593,21.221019160416205,20.854792234131565,21.016595061910376,6429340,151415169.07001972
2020-08-20,300044,20.69548360887087,21.103621832944643,20.137535297234844,20.714918309693807,2359455,68321214.0215565
2020-08-21,300044,20.628396019886083,21.187386742110405,20.334513073775447,20.71258714757542,8984249,220204406.10193875
2020-08-24,300044,20.839726973045334,21.22374470301207,20.299872500371116,20.692725011219466,7472321,184567953.0890639
2020-08-25,300044,20.708711742997497,21.194354726991914,20.291754924232293,20.744312653506583,4155899,112164362.81685188
2020-08-26,300044,20.275328725495488,20.875941649732276,20.35110754925852,20.433913496394425,4310478,113903926.81624246
2020-08-27,300044,20.501057393410633,20.69585679936488,20.427350506731248,20.574314046190317,2866060,82358620.81729324
2020-08-28,300044,20.742284473601128,21.40000675817804,20.23266017047401,20.853096236313995,8426950,225854041.37335846
2020-08-31,300044,20.895872935429775,21.165282771348295,20.185293555962964,20.78710264076017,8284382,250620631.75934306
2020-09-01,300044,21.060433651242725,21.283745873555446,21.075035846532,21.199957858136408,7126127,214047393.47056097
2020-09-02,300044,21.32844976932016,21.77806493097332,20.825108075951047,21.40682063364278,8030453,195756240.33744293
2020-09-03,300044,21.734715727888805,21.789995704556844,21.48025229456182,21.539569005825598,3078196,92383023.31307682
2020-09-04,300044,21.87627641190562,22.172874855625093,21.147673695887004,21.75250889354377,1043691,29826666.23919026
2020-09-07,300044,21.785495805235435,21.684108538906315,21.196925520612208,21.599193050611245,4354933,103924612.13416797
2020-09-08,300044,21.157000531377747,21.541404565644847,20.972770152464104,21.24881436747851,8745615,239173639.5854332
2020-09-09,300044,21.037309318716535,21.763891714398717,20.88881124174804,21.248119813015613,8500441,192836138.74942145
2020-09-10,300044,21.030581886226805,21.155536109828496,20.93892193851392,21.0662877028959,6069376,149045714.34697896
2020-09-11,300044,20.895698905348368,21.306406442779995,20.95546382360589,20.989838884631844,3332787,70832729.50915612
2020-09-14,300044,20.947977449196905,21.101590346523054,20.702484012731254,20.824844455792366,7284467,156289943.68114725
2020-09-15,300044,20.378667101933498,20.83237871870375,19.99624738755894,20.52866109958938,2482380,73119797.84073152
2020-09-16,300044,20.389751022641466,20.93730049337506,20.129351666164485,20.46323663223827,4079502,99024268.16913587
2020-09-17,300044,20.73973941650133,20.62475401173476,20.53227414255545,20.61842015096608,8895288,250656532.145459
2020-09-18,300044,21.022904822991645,21.554196609661705,20.546694920699967,20.97010025796449,7605961,233906550.50635684
2020-09-21,300044,21.21397450721455,21.630382959722006,20.637410262396294,21.046736271055508,5587569,158037985.8596857
2020-09-22,300044,20.816426380036486,21.100971592838544,20.503300562042988,20.808659596555366,9497088,213334225.14646322
2020-09-23,300044,20.54485400118589,20.875978338412665,20.048074604657767,20.586614798023255,8904740,246638248.66282573
2020-09-24,300044,20.807748635198834,20.906318312591647,20.349456394163614,20.808927964928998,1095657,31316171.0994399
2020-09-25,300044,20.84083151717974,21.285009130906165,20.356306971579166,20.794704768663912,7054056,152459583.23326147
2020-09-28,300044,20.160552975303457,20.75671530879172,19.847880874542728,20.283160674358815,1803459,41843496.10360995
2020-09-29,300044,20.43120147302852,20.54424841171935,19.819589347417182,20.28801818948166,3425654,101989136.63539179
2020-09-30,300044,20.459998184414054,20.71679563780978,20.13035196622388,20.546672944618393,4044506,88663218.63554022
2020-10-01,300044,20.20409159785419,20.343409108682412,19.74139163646383,20.148629322638264,8258045,229677329.8687552
2020-10-02,300044,20.125978453632566,20.3655513634469,19.657900136644468,20.083487594500482,1071789,26532577.423426006
2020-10-05,300044,20.313766410296576,20.652828890664793,19.668704081744217,20.261767630441277,9944149,201937703.26296255
2020-10-06,300044,20.510082603722108,20.335016546066786,19.75727719248176,20.32190344881685,6300261,191497579.30241773
2020-10-07,300044,20.1286390729581,20.675020724570928,19.96823612812152,20.172504121947668,7580669,217377301.48506513
2020-10-08,300044,20.210119909836987,20.10260383473774,19.825497146923524,20.011222762648927,4625676,103389829.68132032
2020-10-09,300044,20.44937120035978,20.719755927988416,20.334040164487178,20.355601447215484,7339617,152979864.1074732
2020-10-12,300044,20.636197085578164,20.61222230350991,20.157559473895258,20.46397757937976,2257923,53261010.988910906
2020-10-13,300044,20.372252850637565,20.529845390789625,20.154849166494003,20.22945353027812,5183627,127097360.19443972
2020-10-14,300044,20.436076728153633,20.756462021608645,20.168428570801748,20.44991409108541,1989745,56459006.45969804
2020-10-15,300044,20.201480352427783,20.76242579136004,19.97196483173988,20.33292830026916,8907432,248240018.66903242
2020-10-16,300044,19.919675350603164,20.26180729353074,19.705012295017344,20.07474995080745,6278289,155608795.9498456
2020-10-19,300044,20.072432570728715,20.70422455712615,19.560777929788664,20.150723917183434,3812909,86103738.20133868
2020-10-20,300044,20.386917502754773,20.583089792896377,19.80988439214693,20.259251803386093,9217300,218447470.17350993
2020-10-21,300044,20.322591088251404,20.42786220177943,19.97272904129807,20.395358607003857,6861265,191292079.48462945
2020-10-22,300044,20.380711192291727,20.373060807797994,19.783622668027654,20.348196340835738,1409713,41138310.94515171
2020-10-23,300044,20.26861788087926,20.367978704172295,20.078705193485156,20.222317291940733,5197221,113686487.62642057
2020-10-26,300044,20.270552238967582,20.69010014911468,19.715960048620826,20.256725106988533,2878273,59805839.83132909
2020-10-27,300044,19.925305531559133,20.47549238568148,19.96749214793769,20.072642229029242,7181753,182231438.6807307
2020-10-28,300044,20.401751657846454,20.745381940050777,19.81592584166582,20.285796686447526,1550489,43477789.913398124
2020-10-29,300044,20.264314606646227,20.602021829899954,20.142259628954992,20.390409228381166,4475021,123991452.4922068
2020-10-30,300044,20.53036763951307,21.02768556038762,20.054703890990766,20.650084800339233,9702133,231128612.3399088
2020-11-02,300044,20.213094013110407,20.511479716042118,19.780552845165925,20.216250851725004,3724812,111509453.95403244
2020-11-03,300044,19.954609150479936,20.13152835947278,19.76377918017268,19.96992939324494,7369042,208875216.45635393
2020-11-04,300044,19.69206837245036,20.24212399149949,19.85241343141657,19.853537732656633,4852298,119428506.05007468
2020-11-05,300044,20.060760739031267,20.34010113503577,19.658090586279748,19.941104902091915,5001999,106652854.74982743
2020-11-06,300044,20.02056267260141,19.959309726213387,19.533417740641198,19.89692535255284,2403136,55928145.96971863
2020-11-09,300044,19.939016240609558,19.88789331625436,19.776512757707227,19.793338172998265,9800258,274489268.61694604
2020-11-10,300044,19.762570634214757,20.39491242766396,19.61508771861169,19.82212110124898,7650205,208280144.3805021
2020-11-11,300044,19.39003172935627,20.079563596216317,19.427549929514274,19.571753581704073,8120354,176693211.82533067
2020-11-12,300044,19.703568054549187,20.105326719735046,19.457438282132458,19.538035871735914,1451580,38360074.05803646
2020-11-13,300044,19.566821440374394,19.988591715703546,19.508955065340203,19.64171397829986,9091720,222801145.04813674
2020-11-16,300044,19.807939593965546,20.38207156640075,19.54520726166063,19.936239866431986,6353471,163758545.33098847
2020-11-17,300044,20.259922064650898,20.55600631517132,19.79905907170747,20.0853407442755,6313542,148233581.32847136
2020-11-18,300044,20.200138246765285,20.505602646661544,19.81117366907297,20.171993068477455,6380117,182522203.48260245
2020-11-19,300044,20.475697206999268,20.732888112380504,20.358991420746204,20.38379729452692,9808505,290637046.98544437
2020-11-20,300044,20.424057791403033,20.858477379953577,20.33562173745985,20.343328250191696,9988976,204384151.6097002
2020-11-23,300044,19.983927262746967,20.15954055200348,20.013729404293567,20.017802773281115,2337666,52001736.92466259
2020-11-24,300044,20.101543374870243,20.79334247760871,20.045636616221575,20.21332764419174,2188295,60016433.23349964
2020-11-25,300044,20.141620258964796,20.461386528010276,19.447191431685678,19.996563791838458,3775770,84011663.25073858
2020-11-26,300044,20.130634991983325,20.09102390383483,19.666540549628166,19.959858485039785,6581071,149517074.7057394
2020-11-27,300044,19.906239282819243,20.23661924710553,19.27476942373953,19.859040654769046,2463191,67729743.02825794
2020-11-30,300044,19.57385396135314,19.70912616580133,19.636877973953435,19.69081924088399,6927653,201432504.21524617
2020-12-01,300044,20.123503758513955,20.489852790099,19.375576486132054,19.94886591843664,1286047,30080589.41052502
2020-12-02,300044,19.913042094748,20.52305379740355,19.918191950317162,20.09730186741452,1559996,37110504.5164496
2020-12-03,300044,20.087390006572598,20.454549480478597,20.000835604932618,20.222774016269113,6802990,177116157.77959758
2020-12-04,300044,20.486620697448917,20.797976696011265,20.17187722582753,20.635155526366013,3876398,96801969.79544659
2020-12-07,300044,20.345701970908898,20.789005030748484,20.17735748344765,20.34416740763634,5959135,130816349.22456676
2020-12-08,300044,20.428862323590664,20.472633242518917,20.20096857375995,20.321080802646513,5589369,156311065.03638405
2020-12-09,300044,20.511296736099553,20.7153140262008,20.067334337937325,20.457185036296735,4046218,105582064.24172601
2020-12-10,300044,20.37324659034868,20.67197942932371,19.976496004942632,20.360492199658303,3490161,86171745.41892189
2020-12-11,300044,20.371416671751604,20.83595216195082,20.028903646479712,20.29475245587473,8954565,248265655.953091
2020-12-14,300044,20.313002998983816,20.717641064984413,19.90331609134589,20.482156662166112,5849243,136757439.16069373
2020-12-15,300044,20.866191271280023,21.298411562247864,20.57053227410098,20.903927042331166,8614572,239490887.9300855
2020-12-16,300044,21.03082098681997,21.12895437815776,21.012602605639522,21.078856952411307,6851506,150369278.296537
2020-12-17,300044,21.239559176109903,21.71226042975043,21.303114130892517,21.346741917234045,4988237,135469129.75653976
2020-12-18,300044,21.607426403524855,21.91110467872329,20.82883989233444,21.430480371848134,1444347,36294937.341298625
2020-12-21,300044,21.333822518287864,21.318546917530643,21.11998420368065,21.236145957006393,3877255,85984160.61514352
2020-12-22,300044,21.228885961006764,21.74746154163091,20.829240683659584,21.324097170444187,5673343,178190938.37516698
2020-12-23,300044,21.433572979409824,21.71227039127376,21.214892877044715,21.42149850472757,7881164,233321687.75993595
2020-12-24,300044,21.53419158189627,22.223997938989083,21.045050515947228,21.615914282302768,5288947,162077028.1262166
2020-12-25,300044,21.924769885925024,22.104385171763294,21.64397265971331,21.739118209636665,3365771,99924677.52232458
2020-12-28,300044,21.471411026053577,21.898468565046993,21.52347134085595,21.609684970700204,9840629,280503531.645534
2020-12-29,300044,21.399725121148006,21.947299860102707,21.351636878517635,21.368396330961104,8906384,252256134.57926923
2020-12-30,300044,21.548586680408473,22.21954171493741,21.528435862375133,21.609226757302142,2151392,67666978.26034446
2020-12-31,300044,21.64916194734743,21.617104609660394,21.07045282049629,21.565136088914812,1309294,40938734.050779246
2021-01-01,300044,21.79857307610149,21.902103943766445,21.335833235696423,21.671223388349013,2539829,81670682.7438237
2021-01-04,300044,21.952666427011895,22.428849685632933,21.41706771845735,21.82279313765246,3501567,93838147.07614203
2021-01-05,300044,22.168924889100605,22.708260333274488,22.087318753992363,22.30912338916088,6188290,190708870.14242846
2021-01-06,300044,22.181600115122215,22.932383448668563,21.729420786336295,22.329149081530545,3887319,95678292.10847817
2021-01-07,300044,22.12009417539127,22.88509350882001,22.061270744768752,22.298514933884476,5877729,180684878.42511216
2021-01-08,300044,22.553899467289476,22.951137070486535,22.426758561082007,22.462393782949427,4022437,114993522.6649968
2021-01-11,300044,22.669192817845747,23.177372169980888,21.99139777625099,22.631421701958335,3180976,106187922.75363965
2021-01-12,300044,22.185084574293015,22.39278856414862,22.227194043383125,22.329617130121598,6182194,198297549.82596815
2021-01-13,300044,22.390410645680245,22.331018500793963,21.851893471044768,22.176662556774595,9135921,234028495.12230268
2021-01-14,300044,21.916486146833535,22.486151119307443,21.354971806007736,21.904171225221077,6672727,185439803.21124342
2021-01-15,300044,22.026694316233467,22.715123381345748,22.105856958184933,22.20898346768105,5027753,119164027.57917653
2021-01-18,300044,22.356029669044826,22.856167187855352,21.583023641978155,22.218117892722134,8401109,246616447.07386485
2021-01-19,300044,22.035783560342654,22.43925641807895,21.980389288894973,22.245018954270293,8307860,233278660.20847955
2021-01-20,300044,21.796577509273916,21.877398409194686,21.25983965540158,21.690292467131062,8481410,205878904.5177355
2021-01-21,300044,21.94720343600042,22.546540779468007,21.66064726020708,21.900383685412194,3771795,123006170.47336964
2021-01-22,300044,22.08660696054128,22.499008891787632,21.94957216211111,21.991628967205457,7556409,217777047.32147866
2021-01-25,300044,21.635398578842665,22.006689129367118,21.320766288706086,21.738859454722732,4886569,133943694.81876203
2021-01-26,300044,21.366588704215257,21.506813959127424,21.07491662342048,21.457014241627036,1162827,24981993.72852979
2021-01-27,300044,21.096119336057793,21.798085028875995,20.70957918084802,21.269146690500527,8788001,207276761.33261654
2021-01-28,300044,21.462892549004316,22.158702530967343,21.355949337654334,21.652716920300804,3777643,106139317.51312323
2021-01-29,300044,22.133386543860222,22.08330883276399,21.85261396397693,21.919015996693442,8380399,188917886.08896193
2021-02-01,300044,21.821216613451504,22.07843241794076,21.47089921264149,21.769382301363528,7104377,199761247.09068555
2021-02-02,300044,21.94969278251054,22.139829613488086,21.941816552819446,22.1019528877702,4791823,126523808.77427669
2021-02-03,300044,22.04502493969909,22.339284947677427,21.464241277539585,21.973672043252765,7096160,156677701.9221057
2021-02-04,300044,21.733637282523237,22.54595853071597,21.863188384418624,21.920471421637103,5074245,136533200.86836803
2021-02-05,300044,21.78961073403693,22.40066383197155,21.58051371877677,21.835951149742563,7576041,219432170.0890156
2021-02-08,300044,21.81217619896905,22.34476939390881,21.672354750911953,21.916447625209408,7758036,187405723.0550347
2021-02-09,300044,21.719267745001684,22.075394325951226,21.206216650422558,21.72821705464346,5847015,127692698.73425463
2021-02-10,300044,22.021329843921702,22.463136196887444,21.347698806160718,21.863406626471566,6253899,195433942.78721422
2021-02-11,300044,21.614743930242753,21.564041671896412,21.444173167169655,21.554491574995225,5990446,190149329.4039053
2021-02-12,300044,21.999319980263756,22.18496175293993,21.48874729692851,21.904599332615863,8312000,227524049.14744547
2021-02-15,300044,21.618215388161605,22.34369041113397,21.480769997353825,21.81814132199107,8048370,194172897.18582973
2021-02-16,300044,21.552503442666932,21.69260265167242,21.521861192950812,21.666520611871405,5749143,135546859.68176496
2021-02-17,300044,21.152655290581233,21.444726720815133,21.10723906784177,21.20233515723541,3620326,92664078.1087385
2021-02-18,300044,20.75659335447929,20.822160671895187,20.571069508873833,20.73589638671102,3119030,68021869.0350677
2021-02-19,300044,20.613287012928318,21.061477158985248,20.044142394867052,20.621665642658407,8768174,236265329.80523586
2021-02-22,300044,20.49477088705448,20.796846192990326,19.937846367296157,20.52692829897588,2562607,61369292.1254595
2021-02-23,300044,20.42353291962136,20.691227366769134,19.82571147757754,20.305641184163587,1912168,50871068.825785674
2021-02-24,300044,20.281890868267386,20.109105965317926,19.672461041123327,20.103907156580487,6446450,164312406.80744043
2021-02-25,300044,20.3484328755817,20.356862012719898,19.921502975253617,20.261316752042333,8694983,216072592.1883475
2021-02-26,300044,20.067879556759497,20.358609648253715,19.914034018150893,20.00748258189023,6249530,146533329.59195697
2021-03-01,300044,19.892084385428323,20.018170743472105,19.37095064831692,19.9620974712941,4431612,129083226.9499253
2021-03-02,300044,19.701736203504243,20.102712427022425,19.45173409902885,19.582238755948687,8149343,164146958.02088246
2021-03-03,300044,19.875235227286602,20.223581540120755,19.275420553891095,19.7102804340215,1987148,53807349.93784204
2021-03-04,300044,19.461990337289862,19.998949086791956,19.081868868757347,19.558040463346426,5368529,138032353.70595998
2021-03-05,300044,19.907644722961646,20.088969678122748,19.98395362997362,19.99811018139514,2291649,57815776.63950785
2021-03-08,300044,19.830424016186715,20.013135878667182,19.513733067460223,19.664686086266563,9994477,228398672.3445256
2021-03-09,300044,19.867932063535545,19.8946449421196,19.36940215476701,19.773710654319995,3551307,87256414.91421087
2021-03-10,300044,19.574724456320105,19.909844772358557,19.300782548899615,19.728703297372988,1657247,33851511.17179457
2021-03-11,300044,20.092458919308218,20.05103280613766,19.395829457137964,19.936015689486005,7395005,166731072.8955232
2021-03-12,300044,19.936142786793067,19.855337504157824,19.372794063042118,19.81024335569664,7066958,167987394.11913285
2021-03-15,300044,19.88838451220284,20.195034879023357,19.472143151446904,19.72398569716305,2551331,67292748.97552267
2021-03-16,300044,19.4138903817636,19.86469988194921,19.250095906405168,19.455947304956204,2679700,54568992.4148113
2021-03-17,300044,19.504972376310544,19.908964061033455,19.027151831134002,19.60298401738593,8247771,164282235.17424342
2021-03-18,300044,19.261542757918082,19.586696007145214,19.375513276523456,19.396256693502398,1914321,39639876.75799252
2021-03-19,300044,19.794163279200685,19.77465395773745,19.664890400758118,19.734240445276885,4094336,95185912.90746054
2021-03-22,300044,20.13991354598455,20.712296845736454,19.842541979512283,20.110632878508117,1507998,43373369.884581886
2021-03-23,300044,20.33272553614463,20.414498954750496,20.160573656846168,20.23127746660756,3526450,93427313.22003037
2021-03-24,300044,20.28627297661276,20.360718638101098,19.643991385442373,20.14991986467701,2273525,53022362.677172914
2021-03-25,300044,20.032585239105156,20.305961313813526,19.996029012989172,20.07324457905677,1350957,35660037.71365697
2021-03-26,300044,20.25195438888085,20.14711711106535,19.581338493344287,20.060991566200585,3044090,84406826.61211964
2021-03-29,300044,19.66006093854239,20.125774872300386,19.46061237047058,19.633091810887734,5199056,103098598.42569122
2021-03-30,300044,19.57987596249317,20.313478912226763,19.215374162074184,19.73224073737016,1518400,39236161.20561539
2021-03-31,300044,19.92008003277641,20.3962183356226,19.345068260325153,19.821927487838174,1149278,29905196.8207629
2021-04-01,300044,19.77221336277601,20.30615976237287,19.589612177489673,19.750111752625894,2197709,53122964.14025273
2021-04-02,300044,19.66223378476592,19.62442432186921,19.176816289877404,19.56114387908633,7075341,192676945.00105134
2021-04-05,300044,19.594495602969904,19.910227296816775,19.128027519878504,19.503085101027125,1746506,35302083.30068395
2021-04-06,300044,19.597864201061316,20.022322540655804,19.538501987359556,19.635959308388202,6705727,153469459.6652014
2021-04-07,300044,19.851633448898163,20.038105990494774,19.14643962890494,19.701874754448397,1125052,22932859.075042017
2021-04-08,300044,19.972251666709038,20.204815615614145,19.78099340908794,20.047651103041744,7741059,224174808.05407402
2021-04-09,300044,19.822304373675117,20.44451768143986,19.813558249769663,19.940718595316177,1271135,26565777.68278107
2021-04-12,300044,19.793079705202317,20.45647023152928,19.603210035583512,19.951411674577834,8296275,219307515.11198238
2021-04-13,300044,19.858375481998557,20.196736380448524,19.149328386610232,19.72685993548501,9184568,258814278.62973136
2021-04-14,300044,19.826550581689563,19.943282009837837,19.80513604678924,19.806046311645897,1090807,30832906.164926644
2021-04-15,300044,19.804749745918283,20.333891982590224,19.508344008730358,19.92874623292455,7880368,226072407.30409196
2021-04-16,300044,19.903717119235537,19.9821889427691,19.579346302910718,19.84392262744796,6642040,178624386.64843774
2021-04-19,300044,19.59422421158542,20.11242336630252,19.154306283738173,19.656813439459633,9671054,270061956.8820711
2021-04-20,300044,19.623054189818706,19.886238356911417,19.414984721968082,19.48442982264904,3319673,90204140.41312277
2021-04-21,300044,19.175019665571096,19.125792714393402,18.788589816017545,19.019145949478546,5158826,146003207.78810138
2021-04-22,300044,19.103661014727788,19.302132670418256,18.613751476187666,19.158181848242503,6909481,161795582.0542553
2021-04-23,300044,18.96690266412395,19.512081935819307,18.802315987281755,19.022701625360984,5684690,147228555.88700813
2021-04-26,300044,18.971848797493383,19.476634159001854,18.791252556621853,18.955955254417944,3419394,95404909.38157247
2021-04-27,300044,19.045401844477755,19.26596105931445,18.60490298481726,18.91712005618517,3001059,69546074.59586276
2021-04-28,300044,18.786786801633514,19.22008876625818,18.70475624590399,18.951674596610076,9546124,235254220.6019839
2021-04-29,300044,18.62842422677456,19.0955467380884,18.154261571656004,18.626220367541002,3007135,83773604.39517528
2021-04-30,300044,18.65985165254981,18.807856572503816,18.257997652520242,18.651309969788826,6758300,136061323.90602797
2021-05-03,300044,18.878124774476987,19.09091909319074,18.65556087706693,19.03657337987052,6632054,180973520.3953408
2021-05-04,300044,19.001305220458622,19.135993466154428,18.642947968269088,19.039526725106718,8292836,166471854.7894986
2021-05-05,300044,18.924511518804014,19.053799514751727,18.458835510125354,18.933642462676715,5210230,126895226.53882788
2021-05-06,300044,19.11858358653751,19.469672959802896,18.490436278535668,19.042558615083635,1096629,22099678.043297328
2021-05-07,300044,18.808376187899487,19.22915118689906,18.808386633148352,18.890849556579084,1084123,24622463.062730506
2021-05-10,300044,18.890988998698738,19.093331827309594,18.74308118762247,18.98652322437397,4826376,126244276.39368264
2021-05-11,300044,19.008550859774232,19.443817069589496,18.908693366947173,18.968514545474036,4995348,104670614.62787288
2021-05-12,300044,18.68054934506354,18.877936142329546,18.530951074948632,18.847329532925855,2251126,46074195.14974417
2021-05-13,300044,19.347203849880838,19.51381952245601,18.899738656762,19.166992296246008,8303743,203927306.57334945
2021-05-14,300044,19.306950583908243,19.315825806560113,18.882272202956855,19.184209612306695,4111736,93225795.7988828
2021-05-17,300044,19.35905740567415,19.660284159783554,18.737498636590573,19.171849935609416,8673331,243150592.4148757
2021-05-18,300044,19.37943784088046,19.597187511825386,19.209985793312608,19.541078971552583,5355502,146067675.1618244
2021-05-19,300044,19.448675665538122,19.594113601319602,19.41512149147661,19.51054056335211,8913836,250326210.89018342
2021-05-20,300044,19.436245718475856,20.02969783779315,19.397183565034638,19.548010184702104,2126639,51238669.38918913
2021-05-21,300044,19.729287175442096,20.176822447616324,19.3497702078232,19.629738322231105,6555065,163987191.7741244
2021-05-24,300044,19.423590414236667,19.446264067524833,19.208856473893242,19.396959442988166,8966671,232516669.01136604
2021-05-25,300044,19.473413671248043,19.67654826755968,19.116215351858422,19.461562011326627,7700433,204379133.41595787
2021-05-26,300044,19.161022461271614,19.600301505496194,18.772510184652802,19.32442224022934,3114716,70149798.86638056
2021-05-27,300044,18.969468314471033,19.251412964951033,18.590021382829875,19.146014839211475,3537656,98459740.45017014
2021-05-28,300044,19.186833755914392,19.32665979852216,19.088603109201397,19.293432662118512,8187136,191435723.61923584
2021-05-31,300044,19.323339128982052,19.732018236327235,19.040169244629737,19.261307525634106,1879470,54227489.54988797
2021-06-01,300044,19.11163362430367,19.692844108534864,19.076693848706306,19.227055111899034,8268276,208880229.3100662
2021-06-02,300044,19.197232238597895,19.398898911131333,18.812506711144522,19.035708318113016,9429667,214881541.6489955
2021-06-03,300044,19.272364447794004,19.716377454048224,19.07100316402055,19.45996245551453,4415519,110098979.64953767
2021-06-04,300044,19.56470065813031,19.89689143041776,19.189664554251358,19.670693517032504,5875066,169531882.3936594
2021-06-07,300044,19.445941393354147,19.817615464905764,19.53614318951684,19.543249717984008,5397108,155797080.9405924
2021-06-08,300044,19.827015692779113,19.66274619210243,19.411254203524063,19.633082419976706,9821976,203425432.63791838
2021-06-09,300044,19.346903647498,19.911502209057023,19.365681082407544,19.52516229991423,3233925,87698102.62361236
2021-06-10,300044,19.606904751244343,19.560403262015285,19.522603715530682,19.524140336494014,2412246,52445158.86432718
2021-06-11,300044,19.683476747357982,20.144466551599614,19.080833379454916,19.574996834018748,9967903,261203656.8864978
2021-06-14,300044,19.85756357997335,20.317516234714923,19.295409452749087,19.76397605829885,4186932,88150041.72844094
2021-06-15,300044,19.762027481973714,20.054051555692137,19.543369893375136,19.888027530636165,6770966,196227247.77542746
2021-06-16,300044,19.427567494007224,20.047567398833863,19.330795081956598,19.563518622590877,7583681,198173194.51511246
2021-06-17,300044,19.52099483076282,19.92291282839399,19.284017296019723,19.670434153078247,4063972,87193053.12559772
2021-06-18,300044,19.24711783089148,19.848158904478264,18.937749510455426,19.31063187333783,1532136,43348781.82667292
2021-06-21,300044,19.5097254157785,19.747351710785242,19.01741560646595,19.409905548868227,5865828,156469173.09891245
2021-06-22,300044,19.258252683380487,19.68435926553991,19.061730909583016,19.22711221361954,5268002,108017757.00591943
2021-06-23,300044,19.329628669274943,19.366844750860512,19.173655048597663,19.18327588459544,5901874,115675798.24498521
2021-06-24,300044,19.1792007172842,19.735005273688557,18.707995535779947,19.174677376633188,2477544,66897410.69864092
2021-06-25,300044,19.19931148877119,19.226432545062266,18.782280487375072,19.034886735409476,2153534,53667036.41815774
2021-06-28,300044,18.960485466936934,19.350973662920197,18.722902138455126,19.102848073188973,7439509,153926474.55912596
2021-06-29,300044,18.707858502782003,19.34673614929101,18.798199016427148,18.87740604763171,9271465,205449699.68372977
2021-06-30,300044,19.03545809558635,18.989393706685313,18.563700344921575,18.879686716534362,7449988,200495693.30777144
2021-07-01,300044,18.864951295975164,19.416427162430466,18.832867719683403,18.912353291363978,4346461,86360457.74551983
2021-07-02,300044,18.934980641026172,19.025768784343608,18.575397386209676,18.96762800891825,8817672,201530373.89250457
2021-07-05,300044,18.993775664610002,19.38913139665037,19.035317750709673,19.178763864810634,3177398,86298444.28770897
2021-07-06,300044,18.99164909811669,18.829079641111488,18.731392170831416,18.827964135003704,1573915,33821830.95303508
2021-07-07,300044,19.025017999573524,18.966211000895825,18.922136350682486,18.958358880467443,9236213,193853881.24534795
2021-07-08,300044,18.866253241080813,19.01478196697031,18.770296686506565,18.801394978814727,5643089,122759217.6905631
2021-07-09,300044,18.54893851746095,18.726998236455692,18.284364599367894,18.641615123062685,9551531,218567261.8219173
2021-07-12,300044,18.752672328861625,18.793896425159833,18.42905768810327,18.79059473033378,1196204,29208676.956982072
2021-07-13,300044,18.791564514451224,18.938524414449446,18.708564337973645,18.753019290597187,2105104,45545909.9194222
2021-07-14,300044,18.290809956996792,18.477105617583323,17.956291131831478,18.461941349056943,1344774,34470871.99331213
2021-07-15,300044,18.409863905327995,18.712684844259698,18.235754094045348,18.495464527068044,1883318,36510877.09340984
2021-07-16,300044,18.594112008457802,18.816842011580256,18.17833527141504,18.537640155398755,5660337,148694979.54504973
2021-07-19,300044,18.65635178296347,18.65414624691903,18.41970041611768,18.576315509226,2819756,62300806.12272139
2021-07-20,300044,18.531001965816458,19.240908815469762,18.16403323005976,18.715910900584582,7304067,204279430.5163091
2021-07-21,300044,18.514152690184915,18.82703425800706,18.175698278008486,18.688378096499434,7661377,184330910.40849206
2021-07-22,300044,19.002408918348383,19.252659670376204,18.451427803240037,19.011907970007627,1501703,42025972.597761154
2021-07-23,300044,18.996413730942418,19.17729311482435,18.66763057651714,18.907797186987953,7393201,153174461.0381371
2021-07-26,300044,19.29957533526616,19.33916657522262,18.734196386336272,19.285191888344208,3502677,76634774.02692224
2021-07-27,300044,19.166804359798654,19.762640717318185,18.890677684637065,19.289816011523456,5378368,143706784.58078945
2021-07-28,300044,19.212299259011587,19.649445738488193,18.773774204128177,19.134132311531758,6571168,188521894.26029667
2021-07-29,300044,19.430159942209315,20.033871876289712,18.945621617051767,19.50550787893546,7540935,181549851.43312225
2021-07-30,300044,19.381754835594283,20.12333149628053,19.297131056481525,19.553485061520114,6072937,158481541.58918533
2021-08-02,300044,19.871275493042976,19.842271602888538,19.59636530349431,19.745427900773834,5892232,137032241.48804352
2021-08-03,300044,19.905417335162987,20.11246780278194,19.48464679713689,19.759062476366637,3050165,78763643.79930197
2021-08-04,300044,19.457526902455772,19.889491336940033,19.077016373507707,19.640693348391153,2613671,63344761.42885897
2021-08-05,300044,19.495105343621802,20.21166542100317,19.33355918776741,19.636971676277877,1759254,38182624.14614089
2021-08-06,300044,19.65835064800863,20.00417668628081,19.538119105369983,19.56876514296949,1603340,40963190.751280434
2021-08-09,300044,19.830185940867622,20.344193321716176,19.56209430329044,19.850892521805513,6303409,174826292.2140595
2021-08-10,300044,19.7900278861188,19.77991333798183,19.61853085996725,19.751041218541012,4814219,124684655.58550617
2021-08-11,300044,19.686654967590606,20.033504360963907,19.672620477822953,19.67273124155404,7508219,172562645.1763584
2021-08-12,300044,19.878107111589376,20.412889162223887,19.469929032826887,20.01411201725736,4044804,95830677.64681044
2021-08-13,300044,19.756662327288897,20.382724275784046,19.319097466200628,19.91197292596177,5031595,135229306.2669038
2021-08-16,300044,20.21862902943391,20.244844774066525,19.721046275850988,20.04726096329043,1702791,45646060.254366934
2021-08-17,300044,20.271524872086264,20.70563961016918,20.039631534173385,20.118736855606038,8838186,252614344.9254552
2021-08-18,300044,20.230477198840592,20.64742152672887,20.183757398867925,20.20216858864098,2919001,64188074.98571028
2021-08-19,300044,19.99775443011991,20.090300006467736,19.494116153364363,19.973260833805163,1055508,23801625.527194716
2021-08-20,300044,19.95651148700767,20.33666003046717,19.83627408208511,19.930116237310127,6256989,136476023.55947486
2021-08-23,300044,19.710718100856486,19.67046566702712,19.498894606966623,19.593126816779588,9779117,275849544.82034117
2021-08-24,300044,19.325556879297913,19.606670191131155,19.162886948340493,19.41777848186361,9200907,182660391.43975207
2021-08-25,300044,19.584357799358663,19.737063864185032,19.44750962418221,19.47796259068061,2561233,57157564.55356445
2021-08-26,300044,19.18620274856806,19.646011816052138,19.185552560531935,19.292889099114813,1657737,38802238.10816466
2021-08-27,300044,18.89049636228769,19.33174306534885,18.78423729881246,18.93972787895634,2695241,70423810.72727315
2021-08-30,300044,18.922963222222762,19.32584900339302,18.663805970395334,19.018281766803725,1589621,36414131.79140481
2021-08-31,300044,18.89286827763317,18.97907619031739,18.42080865636562,18.764654836163302,3266514,91720146.92349972
2021-09-01,300044,18.812512908959448,18.773060732943836,18.206304120900125,18.668144092148182,3583112,93356261.12858762
2021-09-02,300044,18.846147499675737,19.00085209818615,18.448673970647118,18.767560409180334,7616496,201647661.50008646
2021-09-03,300044,18.64186496472797,18.670838335815613,18.37638734968574,18.54543179491069,4634807,128471093.42484133
2021-09-06,300044,18.778403186398755,18.867765698545313,18.155599759228156,18.687001958552102,1306591,30712328.457083337
2021-09-07,300044,18.66597121311617,19.206006506180845,18.210607145284982,18.706657031527413,4773214,120549216.37747909
2021-09-08,300044,19.1524791391483,19.54126140873415,18.941289290698762,19.0315647027503,7120478,156482122.45292634
2021-09-09,300044,18.80302975339079,19.263213410428715,18.46727156462667,18.97097433423201,1263420,26529450.43984019
2021-09-10,300044,18.95044740208079,19.410460280543326,18.467261843382914,18.936724981878832,9186535,233051741.98061413
2021-09-13,300044,18.786068464538015,18.95622220952415,18.388729894310302,18.757861979792203,6866641,139328719.97816926
2021-09-14,300044,18.879804529971118,18.9300192890138,18.28500413644631,18.835388794539583,7835660,169346813.10002357
2021-09-15,300044,19.05509328351482,19.309398923311857,18.361300446589652,18.89708114578943,4011764,92078469.3247076
2021-09-16,300044,18.882009449628605,19.32617769915713,18.488008536098064,18.858264899110473,9414370,231694772.9297304
2021-09-17,300044,19.191215759285683,19.34175493099215,18.52065523591812,19.025706512306854,9404930,230021354.35377154
2021-09-20,300044,19.283212066236665,19.558993676754056,18.73909122712617,19.204535944218534,4562367,106179799.7318889
2021-09-21,300044,18.775090281491575,19.318875360013305,18.56466383774283,18.93205646746027,5924102,165092810.1593953
2021-09-22,300044,19.103429661301096,19.17903141999581,18.465276557692274,18.977174395966873,3120147,87978505.14630723
2021-09-23,300044,19.073546051244037,19.27985976148924,19.05112053083878,19.07701256438359,5079846,124731505.54881206
2021-09-24,300044,19.117643859428522,19.534777141618587,19.157427371116817,19.217516620950242,1417413,36073687.37967484
2021-09-27,300044,18.663752853112594,19.24559279740557,18.308891870682647,18.785161308963012,2585570,48823678.55252493
2021-09-28,300044,18.831244282523702,18.956934493043278,18.139430552936233,18.649075032023973,3536785,95024646.55197525
2021-09-29,300044,18.9679926461913,19.67087747817011,19.02336077763652,19.1584904524462,4920815,137043552.46354073
2021-09-30,300044,19.444199524823073,19.53802595133325,19.11305749564128,19.323506537122356,5875576,130650573.94874462
2021-10-01,300044,19.45123804130016,19.687274903008802,19.32443132811774,19.501960841473974,4895986,103173395.6944235
2021-10-04,300044,19.487920663319205,20.076770717607356,19.539336406802853,19.591155918058313,5624593,129069530.46711375
2021-10-05,300044,19.271041036991246,19.901663245130223,19.320132717246736,19.411565772692352,9676495,224926641.7249604
2021-10-06,300044,19.464908316880123,19.985299421542898,19.42524650110983,19.42913817730379,1385428,32595664.695874237
2021-10-07,300044,19.787967833579934,19.890829129559854,19.391891395041824,19.594168424963573,3084729,89445884.33737561
2021-10-08,300044,19.802943349232258,19.818125857191045,19.37790325099312,19.814819755141286,7590749,171179554.40929788
2021-10-11,300044,19.795975557669387,19.884745733499972,19.16889508320345,19.665552711655664,3310322,83224650.03737667
2021-10-12,300044,19.603333104508234,19.74732830152335,19.185080099569262,19.746816554643438,6176996,144149758.79596272
2021-10-13,300044,19.822936979327427,20.223104154409302,19.23172086486421,19.751423180135593,7331380,173317152.3183279
2021-10-14,300044,20.12428144638103,20.297872445461678,19.877160749117838,19.962710307810873,5560287,119004016.45038602
2021-10-15,300044,20.352731172815442,20.199112936511206,19.839364532483145,20.18022910378856,4199433,124477715.43716463
2021-10-18,300044,20.378052079891177,20.40117090846182,20.114566118266424,20.23313241879777,4405327,126728020.27525994
2021-10-19,300044,20.53748635740551,20.700624087547048,20.146049364372526,20.601156631589784,8885213,236636201.3398851
2021-10-20,300044,20.499037470876598,20.643649816385096,20.100655153343375,20.393010508452438,9578599,279217069.8048314
2021-10-21,300044,19.963451227862933,20.17655147050814,19.758434988731576,20.145192599834765,8453749,208209600.85878992
2021-10-22,300044,19.916251655040345,20.471402311550158,19.542625358137492,20.06605167667431,2041994,50824007.009604655
2021-10-25,300044,20.02635001481589,20.092000809882073,19.611634576205372,19.87751608244036,5492521,137944740.01230595
2021-10-26,300044,19.847622861872928,20.124694959129865,19.648548688003576,19.88543280137176,4577712,112362302.7229448
2021-10-27,300044,19.861359854532765,20.551016101596296,19.457812004883422,20.051178148398904,2319625,62792742.49839719
2021-10-28,300044,20.08151848184498,20.37813577683993,19.876703260050455,19.9305880847459,4859448,123664785.84066698
2021-10-29,300044,19.921242796103662,20.13981148891947,19.390724006506776,19.901503691071092,6404237,130850058.37013146
2021-11-01,300044,20.1022213780145,20.599382514001313,19.477955850656297,20.017786184838062,2125744,57749701.93722479
2021-11-02,300044,19.990345985444648,20.57738355249472,20.114165312887867,20.147712764377403,6002597,163989058.41552213
2021-11-03,300044,20.613693077574528,20.51335708799361,19.90779288906354,20.448424533632338,3716698,88921909.21548297
2021-11-04,300044,20.669863453994644,20.936081704187988,20.318784247348923,20.65673622903782,9208408,208144345.82450333
2021-11-05,300044,20.388486854374026,20.75787054364144,20.157375531549327,20.558545666312042,6858539,148210529.0650765
2021-11-08,300044,20.508926139729883,20.678115861331015,20.169576257436326,20.494595459360152,3824221,92783106.36895892
2021-11-09,300044,20.52482588482557,20.651418012619317,20.06982509127574,20.38028562050211,7017409,188312730.5526074
2021-11-10,300044,20.35826753928086,20.692716476818656,19.835997518766458,20.306200341839045,2689116,74662224.0568738
2021-11-11,300044,20.368437970281406,20.730137257260864,20.149607883653957,20.27589643759848,3244542,93332140.66029443
2021-11-12,300044,20.3108240219796,20.919290772312966,20.159774095210317,20.42997224337593,5922217,156627298.91645247
2021-11-15,300044,20.816272049499922,20.73263277449156,20.453504071159127,20.703816103475855,8136390,181938959.7030639
2021-11-16,300044,20.549273869052993,20.88715519946704,20.048195635868403,20.599742045379884,6709299,164557964.14893937
2021-11-17,300044,20.126698548729866,19.962193247089303,19.740508414039617,19.927613646253832,6578597,133702705.0124927
2021-11-18,300044,19.478942571720303,20.021481527715615,19.144973341015817,19.665522075555664,3745350,109272098.46394931
2021-11-19,300044,19.741392213296297,19.76143147306934,19.478124796033764,19.576220977865027,1706605,35784200.90842453
2021-11-22,300044,19.52681236021176,19.783439074465505,19.26364726425127,19.610566618542435,8362435,202695249.80784515
2021-11-23,300044,19.762545330950328,20.23013162076977,19.4447264897987,19.811033020835083,9734277,259850403.2738049
2021-11-24,300044,19.683587395508017,20.048894478918772,19.575093406672963,19.705626392235622,2790693,69983841.24326889
2021-11-25,300044,19.968891154509752,20.247883916402092,19.456020985120475,19.848342833807948,8169505,226993988.18924183
2021-11-26,300044,19.540836866860328,19.89636180132165,19.62161773525689,19.65518790947546,3795217,87582513.7959455
2021-11-29,300044,19.54907533973158,20.166150667378226,19.501865445596582,19.694372471307453,2749597,80072196.89892769
2021-11-30,300044,19.4255336421255,20.1667694803855,19.133891631409025,19.598921728089387,5012816,101113977.401596
2021-12-01,300044,19.569693355603786,19.69404654413176,19.375715039055528,19.62719958384815,9386603,225752889.3950832
2021-12-02,300044,19.626691435845526,19.973718498326985,19.361055088673538,19.46573982326428,2211069,54498879.10563292
2021-12-03,300044,19.541961445165622,19.629327958290595,18.999400342824423,19.419515395256994,4177784,119744117.84060253
2021-12-06,300044,19.20395844355315,19.420844888803305,18.953491190753628,19.335030651674984,8560878,226304333.00924566
2021-12-07,300044,18.91373424938649,19.12058277480962,18.69511419331761,19.01999920566282,7386978,141549856.37231967
2021-12-08,300044,18.704367083703797,19.120867103308786,18.34762066314397,18.68777017867344,1726694,37706661.93270337
2021-12-09,300044,18.775921443681554,19.046089542125287,18.47573647620894,18.711270231329433,4820661,99125583.49829756
2021-12-10,300044,18.583299359306046,19.25484133329025,18.531770249732563,18.7403605445285,7786133,197624588.06965345
2021-12-13,300044,18.51629431360929,19.160150188043918,18.537489391470974,18.657639969501055,5888082,158648591.59370497
2021-12-14,300044,18.441179015261373,18.938731825335214,18.395933414601682,18.523281709470197,3587854,75094119.44230251
2021-12-15,300044,18.344036300948765,18.518625281501073,18.258199777757856,18.350474210367132,5774835,136469850.16114095
2021-12-16,300044,18.402476617137637,18.670414480951354,18.216705414617508,18.52684588231603,7158909,169865479.32465202
2021-12-17,300044,18.49972306515595,18.609178226191048,18.0904082222261,18.48276320652134,9866449,262178941.85317835
2021-12-20,300044,18.44759565329849,18.574296608124882,18.15605410591129,18.333553169375257,5993141,130546802.0277568
2021-12-21,300044,18.499496643419896,18.770509695931263,17.96433887569261,18.399672596922308,6341059,170551497.06248125
2021-12-22,300044,18.386919747417434,18.614033768221255,18.033900212814352,18.43273265031154,1782752,36477661.543001845
2021-12-23,300044,18.213225375307978,18.335351022800126,17.99965864446992,18.212999709267777,6443071,144125881.71805984
2021-12-24,300044,18.194183619496716,18.29549214486352,17.9378382888223,18.038264732943002,5490828,131908461.09168284
2021-12-27,300044,18.03671104047285,18.121848853239673,17.559764728937644,18.038863912269438,8540768,168847764.01824328
2021-12-28,300044,18.223582924148683,18.436145404773807,17.90398589824088,18.10828306770257,8419892,210811044.44394436
2021-12-29,300044,18.321139046170657,18.68915512625683,17.91852464656299,18.325301974888028,9403650,257909287.95038682
2021-12-30,300044,18.583820581322954,18.703653854804227,17.8939695605134,18.411639795023422,2819695,68556285.02458481
2021-12-31,300044,18.401150844485127,18.74274866983113,17.86566747581071,18.287134234338716,5347525,126009809.42640048
2022-01-03,300044,18.278124457075993,18.56127978565728,18.22670757558629,18.323915937261916,8323215,175507346.38664943
2022-01-04,300044,18.357458663231906,18.317749243804073,17.757523495558527,18.2748778389004,5667124,121425372.38857098
2022-01-05,300044,18.461559653215375,18.607223451047243,17.86850990823321,18.37438789906196,8799726,216827642.1963097
2022-01-06,300044,18.081628880152266,18.54286265260292,17.783431269151446,18.01871422832886,7562028,181519983.83587164
2022-01-07,300044,18.41159714659232,18.432779368058593,18.125164685164265,18.334470612497064,5035632,118742409.37326236
2022-01-10,300044,18.60321595611796,18.920349296658724,18.47855455047535,18.64206541041803,2962095,78591980.22636865
2022-01-11,300044,18.59323149192079,18.81855699231216,18.128766714759905,18.557839525364784,6146587,138624932.6086553
2022-01-12,300044,18.670584712432664,18.82165094261623,18.676415568167094,18.81075838003564,3681427,76764727.07983674
2022-01-13,300044,18.98087397418808,18.979966845523037,18.748903661997932,18.97421320532061,6857431,131161973.3036836
2022-01-14,300044,18.86975106877346,19.394033845486586,18.806650031701615,19.01884872116791,6539108,131371482.97709143
2022-01-17,300044,19.11797154389815,19.458284598373723,18.92557117231368,19.247131250378438,5209720,110546944.04015404
2022-01-18,300044,19.6971375216925,19.770051212098398,19.410905385873267,19.536416880120797,5185798,140806715.107451
2022-01-19,300044,19.419739533675063,19.529231426426957,18.996340672811495,19.280558098865946,1550692,44676221.15954103
2022-01-20,300044,19.103007369100432,19.47777617540465,19.075545837815508,19.105331830484083,4770604,95416492.84119898
2022-01-21,300044,19.340499571635345,19.615825308260646,18.868535764313524,19.347835806957573,1009625,28185482.794694196
2022-01-24,300044,19.178061515154102,19.19089873001305,18.62277912822326,19.17286445127779,8612592,179074702.42480937
2022-01-25,300044,19.09372969758516,19.26648659415036,18.992579604824414,19.065332828505937,3171009,89563450.34876378
2022-01-26,300044,19.103833873269117,19.551910449758378,18.752865284154264,19.046074005807892,9915308,199033143.73672363
2022-01-27,300044,19.52885368193444,19.492017743895275,19.078011071184505,19.380428226633022,7050834,159614186.85772717
2022-01-28,300044,19.219100926086032,19.457109112139555,18.84171078845499,19.290227786852398,9302925,239307464.18561444
2022-01-31,300044,19.336206392151844,19.84118956988826,19.056589224142016,19.50159879451379,2405123,48901726.09825501
2022-02-01,300044,19.47930200915696,19.666764900434448,19.433369467869646,19.556768998695226,5807843,134465358.13302118
2022-02-02,300044,19.282795235248063,19.641351880357416,18.86698438337783,19.426659543635655,1459370,29456464.245979387
2022-02-03,300044,19.284070885744384,19.286619881672355,18.6886840589057,19.157486930450343,7607182,211239190.80946207
2022-02-04,300044,18.824408573878667,19.533026178496982,18.70767540217953,19.009282865387455,4142098,97209321.23197524
2022-02-07,300044,19.040088931558135,19.530542847349857,19.096993515497818,19.131894395758746,5228610,109682149.2404878
2022-02-08,300044,19.07098583111532,19.099598863589733,18.840687004764334,19.086510293514223,7293557,178604400.9400538
2022-02-09,300044,19.246744551124955,19.603964073033982,19.31073865464201,19.32751392103012,6657839,140484586.7791486
2022-02-10,300044,19.287718343131186,19.59515370669108,19.318268186494517,19.35653392401089,1783418,36274561.14990611
2022-02-11,300044,19.07098595446671,19.24460927058188,18.813528837479456,19.21098756674948,6251858,145858705.70563328
2022-02-14,300044,19.274270143582186,19.33823406288288,19.20730786719678,19.275068379560857,4433347,121779204.8359924
2022-02-15,300044,19.348305924560904,19.613255739058467,18.888078248655297,19.438676085429336,5730587,116629213.26097324
2022-02-16,300044,19.86836999306507,19.858931225835274,19.18477938427439,19.745806573894242,4192161,121897333.65431964
2022-02-17,300044,19.721482478005566,19.97270908280586,19.35677472042529,19.885306406944935,4216913,114259224.4470625
2022-02-18,300044,19.7786017369554,19.9516236530943,19.711273459213178,19.782471049701122,6512836,171381533.77066544
2022-02-21,300044,19.578303578138506,19.84554884968709,19.456213903241693,19.58598981433314,2692080,64456151.95520112
2022-02-22,300044,19.27073189532569,19.893333385533122,19.04630346540831,19.424822989603534,4467267,89492261.11952478
2022-02-23,300044,19.00185710400819,19.40221834865076,18.86286739718562,19.180395495863962,7287014,181791883.6707488
2022-02-24,300044,19.10305314423896,19.53625024110221,19.01506408421412,19.086334471635958,3722564,86965802.92681882
2022-02-25,300044,19.236699190420786,19.31796388314484,19.068551803851843,19.237663039170297,3111078,88053102.6925299
2022-02-28,300044,19.115007737760664,19.41826825549555,18.748382368129278,19.279377697467286,5407673,118697654.68727049
2022-03-01,300044,18.849638463882616,19.222239460438757,18.87118199849854,18.961625609141286,5671650,109630342.48422407
2022-03-02,300044,18.958626975156758,19.444470457802286,18.60442039560794,19.139248328681727,5049555,114371350.21652654
2022-03-03,300044,19.05087255806759,19.2071610186027,18.861690014118718,19.07641908667611,7909139,176225414.14853644
2022-03-04,300044,18.970652656640194,19.392286760785833,18.764115739852866,18.942378740910577,7469449,190484746.8311936
2022-03-07,300044,19.326637191516383,19.309712292042306,19.205948906678,19.23505935927343,6532445,170978516.77291724
2022-03-08,300044,19.4675415513676,19.55017795868992,18.815481847946227,19.29838410128525,8105533,170928416.0606814
2022-03-09,300044,19.121117746885293,19.533614217351893,18.941585480262844,19.151552020311456,9487617,195151423.57418647
2022-03-10,300044,19.095226687443002,19.728394657649584,19.15279279619075,19.22541043649274,2612766,71126374.89578462
2022-03-11,300044,19.177060750620388,19.588873304464386,18.84987189732037,19.08356896725875,5425145,131191310.08513124
2022-03-14,300044,18.92035989462866,18.878186593252554,18.52728348833695,18.804012707513554,6858960,130660833.91863012
2022-03-15,300044,18.687994529036338,18.831417069117244,18.361050926000114,18.588459898071413,2812241,68397869.35626963
2022-03-16,300044,18.60711853558716,18.715209318639435,18.40005705623976,18.47164092519013,4048333,103991289.70835155
2022-03-17,300044,18.356860953714698,18.769460219308684,18.04886554153637,18.41683579133624,8887829,199199548.9394038
2022-03-18,300044,19.009429693175246,18.941848753859176,18.280685629205752,18.826911994822563,3951807,96613489.21193926
2022-03-21,300044,18.916346049701833,19.04146737626852,18.421765429608673,18.891676811494012,2723281,75044405.91260475
2022-03-22,300044,18.682493436827983,19.17521032355161,18.378708977203498,18.77840203899101,7728024,151813737.8595586
2022-03-23,300044,18.94933630556046,19.019734208939738,18.635613235428,18.828979310854344,8802155,185670538.2576679
2022-03-24,300044,18.768049590496275,19.02387186814959,18.611458195720523,18.801165751481506,4488863,116394638.93304697
2022-03-25,300044,18.797850735518708,18.894709585261968,18.682175962527175,18.862568492169004,4482358,85942898.51325476
2022-03-28,300044,19.15117011079161,19.589357135200817,19.195953773783163,19.230849731742374,6670704,166515544.0164594
2022-03-29,300044,19.51711197057897,19.58833359651672,19.158645116417294,19.436984194595887,8902562,257338287.54727244
2022-03-30,300044,19.409221300830126,19.95208918162501,19.414121773414383,19.559281440969976,3977451,83133971.84825057
2022-03-31,300044,19.695811579298454,19.73200739892679,19.366084921617638,19.53347723270405,5890199,133625580.92079273
2022-04-01,300044,19.39754422985645,19.350862862867686,18.911791836737294,19.21018619175669,3069770,66873722.64721693
2022-04-04,300044,19.345207437401804,19.325065660671275,18.635940492856324,19.15672163383386,9951020,254597726.67089102
2022-04-05,300044,18.914858914918568,19.123903460286257,18.46074207779697,18.99816116039733,8367498,233544626.31423438
2022-04-06,300044,18.97026690525988,19.523623952288236,18.878732831841113,19.109756624861397,6910323,143275971.66076365
2022-04-07,300044,19.349506896226526,19.52609254056167,18.94088854247794,19.48193356833155,9776035,258293010.11896807
2022-04-08,300044,19.707724448686246,20.02092427883359,19.428956141718878,19.528422963490847,9634297,210861261.4200666
2022-04-11,300044,19.616008112066517,19.911946588459834,19.245404255107346,19.550259518626135,9814003,234975993.16346776
2022-04-12,300044,19.39900063943962,19.93258762879327,19.196213336320206,19.426482743937207,3247165,68625901.43005706
2022-04-13,300044,19.358738764670353,19.193843576649435,19.12973751590309,19.179773685523752,7594901,162168508.4160475
2022-04-14,300044,19.536743927492942,19.591013947314895,19.02481549733336,19.412065941334458,5876361,138149713.11918333
2022-04-15,300044,19.332936158559793,19.748471710623427,19.012856638061155,19.459968314582937,2810132,66950609.064068705
2022-04-18,300044,19.268900232445773,19.686111251207052,19.254658415463368,19.454615408786765,4868352,122732955.5374911
2022-04-19,300044,19.402009913492012,20.110129328696978,19.163905215179334,19.565191328851128,1879369,51780397.97824681
2022-04-20,300044,19.331209010713884,19.898707663635243,19.122197932593544,19.382148934330296,4079496,100545177.02041519
2022-04-21,300044,19.59104284656436,19.91179085469764,19.00451214708576,19.56685665242523,3723457,105578514.46521592
2022-04-22,300044,19.35222732840228,19.61545348153885,19.191147408969123,19.380206344372546,2878858,59223609.71321156
2022-04-25,300044,19.582209245330652,20.007652672503067,19.22857218349589,19.631811102608783,9326262,209679206.19887072
2022-04-26,300044,19.410145392902237,19.413761402186328,19.03074749396363,19.299990054007107,8300580,214607295.77996427
2022-04-27,300044,19.432232974228132,19.738178409977372,19.167448857907083,19.35605238887998,4716443,106321034.30360395
2022-04-28,300044,19.398172025997507,19.631726533848642,18.984555247722017,19.48190733213051,2076405,42334557.45205765
2022-04-29,300044,19.175271969658617,19.248375126505113,18.992102308636323,19.053420391061678,4975906,126092755.75015664
2022-05-02,300044,19.096274432194818,19.41899637532033,18.940547697310045,19.20505450743915,5069531,115579955.98225217
2022-05-03,300044,19.26688540719572,19.60658358271524,19.067569035594225,19.168358575544932,6757788,191755036.03364933
2022-05-04,300044,18.948170160447134,19.384015734110644,18.951283473737163,19.067924793033644,6645931,148940367.5410222
2022-05-05,300044,19.03885040178404,19.16247553815026,18.67576500420967,18.903144480994893,6656601,160927933.7977032
2022-05-06,300044,18.59034019031412,18.780136028016745,18.167848970035248,18.668726607104464,6340162,161325483.9395852
2022-05-09,300044,18.543867006862946,19.21735758623309,18.629079215760296,18.72038886083285,3007427,66695342.12677054
2022-05-10,300044,18.690957298650385,18.903750113340948,18.52908897414137,18.768635482671417,9357232,177667589.01671627
2022-05-11,300044,18.668940904051205,18.8599697498993,18.391329268289915,18.682817294247332,6995260,192549116.6900596
2022-05-12,300044,18.715841834244404,19.003954625540715,18.326247910240248,18.771314770424077,1038645,20791645.442237645
2022-05-13,300044,18.599945049113664,18.847597716903376,18.105794221896037,18.65318855728519,6503984,144389629.95012546
2022-05-16,300044,18.591871739668683,19.174906517094065,18.601940595461095,18.642831196633885,8596752,183135330.13283882
2022-05-17,300044,18.649204972005975,19.376413213863014,18.558348071986007,18.835338823628387,5361068,135220728.29035777
2022-05-18,300044,18.60839752030219,18.905323143221906,18.551585306101884,18.76301924010437,5006381,133378878.45124038
2022-05-19,300044,18.71009026172722,18.814065612040878,18.55226659685134,18.62730802463986,2395241,63620877.27894832
2022-05-20,300044,18.617662134579014,18.754095096976304,18.149377755914987,18.465797265157263,6357506,149165150.26425245
2022-05-23,300044,18.498305795359013,19.083522326335178,18.455555233025265,18.643606831374925,8853605,224923451.90452048
2022-05-24,300044,18.74169976201125,18.755110640030075,18.664115762552523,18.735291902791957,4844506,121529470.31904273
2022-05-25,300044,18.999255728454596,19.040723265684147,18.515166208324715,18.89967225323012,7364698,154075068.30627903
2022-05-26,300044,19.25093350537911,19.61340894558972,18.966201062950557,19.128398070915175,9900375,270086209.34719634
2022-05-27,300044,19.13321139210613,19.412894617718763,18.828265013612715,19.053233442336033,5477058,133533812.51315485
2022-05-30,300044,18.80366660030008,19.47804749275986,18.825325906590024,18.96332210973287,7243510,172920905.83517617
2022-05-31,300044,18.971269073779162,19.3166983268943,18.649901477778823,18.91150367455206,8258917,193272430.7972418
2022-06-01,300044,19.018158016158793,18.994277425526867,18.83493001082553,18.884049605393123,3567743,92957359.97763439
2022-06-02,300044,19.232400800379867,19.201719510233083,18.937325039654812,19.114966392927528,3880054,107849439.9123457
2022-06-03,300044,18.582652827144432,19.023774024559227,18.60204836281257,18.641577736040233,8751900,223288121.16936722
2022-06-06,300044,19.009003445657036,19.010206835170532,18.342275119792532,18.829970926592082,3867424,98955245.367264
2022-06-07,300044,18.74303051480734,18.815511754494853,18.217490071329703,18.628844493644863,3764349,104966086.5503566
2022-06-08,300044,18.72585732432945,19.05542506309043,18.560372960659283,18.629131462451994,7490740,188012586.96660778
2022-06-09,300044,18.806758527349192,18.941145288580362,18.65486168015314,18.906665349686918,9481311,239299865.22615287
2022-06-10,300044,19.054746831607286,19.392680306822296,18.9544438959831,18.961390152944254,3994695,84119951.231602
2022-06-13,300044,19.258538463127778,19.776258114721628,19.039602666790532,19.24533257376502,3488348,75923330.47529507
2022-06-14,300044,19.178055599984035,19.612919409972086,18.965095765403003,19.144214472303283,4493171,120310468.0622543
2022-06-15,300044,19.22701695695968,19.378038152392314,18.94374471161314,19.186076875244446,7023572,153007383.91651022
2022-06-16,300044,19.360753782097504,19.47149007943877,19.171139000148447,19.409034646326823,4788198,121269877.16666187
2022-06-17,300044,19.16778144884774,19.380300654535972,18.958210006584963,19.327529650567996,5745293,134913380.09046385
2022-06-20,300044,19.22695511192018,19.35314340931737,18.928673229968037,19.295491227007854,6064587,117312515.29994307
2022-06-21,300044,19.247113986627966,19.638339645021578,18.761321698573358,19.26660296950632,3514160,83085906.37543286
2022-06-22,300044,19.128233599009686,19.256664176334432,18.625690848293036,19.182838658831308,6169537,126858667.31986244
2022-06-23,300044,19.25809344524742,19.41632412065914,18.80530315043009,19.139082612462644,7258053,153747681.44673258
2022-06-24,300044,19.25891361415391,19.677757397655235,18.827666838945948,19.164769825327667,9623044,269032245.4156485
2022-06-27,300044,19.502713317566997,19.974318520098652,19.198876052305966,19.405408104165257,1583147,41249824.81916286
2022-06-28,300044,19.48692530904524,20.228314112846977,19.23034285768008,19.683583253532582,3607924,91977984.35196859
2022-06-29,300044,19.817867185596285,20.24978275535152,19.587450037380705,19.936440016222967,6291493,186233990.1531442
2022-06-30,300044,20.00698976719372,20.29515238247408,19.93757352820009,20.124736989318485,9820874,259856111.01305118
2022-07-01,300044,19.982505617623296,20.385700659871343,19.729314371845863,20.135220292095273,6530928,196953156.37888923
2022-07-04,300044,19.95652957131851,19.997750697383754,19.538761708510126,19.984175490667777,2739837,78262238.08419083
2022-07-05,300044,19.95414119029862,20.104101392315116,19.304711802529916,19.89493359182041,7228770,172863807.62317276
2022-07-06,300044,19.391705255269827,19.89646371154841,18.979081138275653,19.539288912576772,2176784,47495916.29419354
2022-07-07,300044,19.38783159443084,19.60175910896024,18.83436204217759,19.364926340566576,5851259,168601304.46617037
2022-07-08,300044,19.313663299186985,19.436528546704547,18.974708805276457,19.149059179271216,5586753,147714650.0551809
2022-07-11,300044,19.110989168470873,19.24183380275894,18.48921293885418,18.94246124332998,8565299,162926714.48204136
2022-07-12,300044,19.27704250035053,19.293670299924415,19.017886685882214,19.233116890214912,6047497,128392898.57148193
2022-07-13,300044,19.504665450086843,19.762737659748485,19.12511337616679,19.500967262102506,9378031,198367997.29213613
2022-07-14,300044,19.90793382063886,20.28683234005503,19.38922861820187,19.73372811778743,4593188,130161337.63077724
2022-07-15,300044,19.53198376740074,19.67409742883833,19.005547048583317,19.560361513058158,9036287,208530212.24691367
2022-07-18,300044,19.268724873361368,19.583524353097836,18.975658684728796,19.428400143461246,5400435,141437084.06659314
2022-07-19,300044,19.288803801100478,19.545275261255245,19.013302960285525,19.42031515445373,7218453,198352188.02570355
2022-07-20,300044,19.035191459195932,19.229742134825784,18.663887915627367,19.156374417012344,3951521,97832109.52758557
2022-07-21,300044,19.116945262428622,19.2016599865344,18.790923877072245,19.139309102592566,9114123,191234290.3983066
2022-07-22,300044,18.930653512432844,19.184082385028873,18.86178648327592,19.11155354422383,6568553,149254023.93965536
2022-07-25,300044,18.844803132947213,19.392303047981414,18.756516237143057,18.87431716570876,4658741,128271772.10160296
2022-07-26,300044,19.010699665481056,19.37799011758382,18.910437521437572,18.998347699861228,8786629,200704860.31975055
2022-07-27,300044,19.267177421230837,19.699352317466936,18.86256854076341,19.184002853106747,5999419,140283952.14235723
2022-07-28,300044,19.21073338907796,19.56896588312229,18.970758438094364,19.063384068232423,7602692,193958276.88642412
2022-07-29,300044,19.28854221808646,19.224821766104817,18.62661197448403,19.200046015449917,7463874,210973907.49581826
2022-08-01,300044,19.487485063035958,19.783341786200637,19.279491859499686,19.40048589228037,4260433,115822564.37283775
2022-08-02,300044,18.91862939810422,19.5879139643888,18.757558047629463,19.084629394146624,8279789,159902350.8923917
2022-08-03,300044,19.051297044070836,19.20008800513376,18.838775710262375,19.081953782181664,1132981,23683955.62201901
2022-08-04,300044,18.801783507761876,19.166373276390267,18.76135768092985,18.90695496694012,2638246,50264134.703730665
2022-08-05,300044,18.85775742077993,19.17593084698423,18.53825098424385,19.01856480089285,6333082,150821464.63599762
2022-08-08,300044,18.917658810323275,19.52535615809087,18.54610518276009,19.029235548888458,8597275,167280815.23858088
2022-08-09,300044,19.392083964500813,19.643803162016916,19.236958947867038,19.238779162172854,6380314,179620977.88262525
2022-08-10,300044,18.981727336956624,19.224742364301832,18.886843647989203,19.168582696183606,3426813,75933495.39115545
2022-08-11,300044,18.96018531442547,19.030453803012584,18.968579465495186,19.028564019724943,8370866,195996579.04650328
2022-08-12,300044,19.062687722045823,18.963798063508204,18.802543482165593,18.932465695744355,2240957,51063791.633060426
2022-08-15,300044,18.693139203302998,18.72237024111293,18.507683854198966,18.715290878749084,2189523,43844074.5429086
2022-08-16,300044,18.482095595870422,18.756784957879415,18.203275906699215,18.62562954160311,8259845,177119737.08808395
2022-08-17,300044,18.327440567346084,18.702591984424167,18.334209382537054,18.433745739410348,2391851,56036827.01734637
2022-08-18,300044,18.706907397542448,18.718209167020433,18.149175869600008,18.634925107156732,5986176,119797125.62178034
2022-08-19,300044,18.659436744412254,18.5682350700615,18.45172693870423,18.534437699424814,9092314,197641371.6588825
2022-08-22,300044,18.789199792168596,18.749686510183952,18.43099194454666,18.73609980771448,8670711,226695784.04768106
2022-08-23,300044,18.803297445030616,19.01901469139243,18.770458816430274,18.786777233623372,8349324,234371554.43214533
2022-08-24,300044,18.91148263041665,18.915509532072246,18.43223468248823,18.828787687969903,3652652,69634495.9315072
2022-08-25,300044,19.117730661186933,19.594291584632128,18.720386833780854,19.0508460862074,2756092,57584343.642689645
2022-08-26,300044,19.140490681413368,19.089047918424335,18.411199822770485,18.951193201480798,6698346,190132010.92733645
2022-08-29,300044,19.217370396959684,19.511187873706334,18.7855029133983,19.165679809342233,5846071,155379666.39656368
2022-08-30,300044,19.605802836944,19.560888290573295,19.031532745755488,19.417418263323075,5226910,110851737.0041667
2022-08-31,300044,19.1798494578392,19.25328648751003,19.08362835575117,19.084491567046364,9038381,253426891.0670111
2022-09-01,300044,19.01286540563057,18.94547845689631,18.403792317687497,18.881294995803604,8396724,215885102.8967883
2022-09-02,300044,18.977714918140226,19.07150835679281,18.789924491449003,18.98003891144691,7291001,149665656.92851856
2022-09-05,300044,19.14777904537438,19.140796852580916,18.950256931705436,19.131347409146386,2844815,73277729.68811621
2022-09-06,300044,19.47442819549466,19.573744455832898,19.12179732578641,19.390807797136908,4198763,114808248.94439389
2022-09-07,300044,19.606018690809176,19.75992039187796,19.16881018786122,19.43744822211211,1454656,39931060.184320055
2022-09-08,300044,19.376385303154446,19.569083290352953,19.19076745561999,19.360971041964333,7590301,159652202.02513972
2022-09-09,300044,19.590833572950473,19.669068197636665,19.211746111661725,19.497787625735334,5224354,118027343.99748734
2022-09-12,300044,19.714385356425506,19.82186524828728,19.179859403489658,19.744741201526935,6269265,184695393.01916674
2022-09-13,300044,19.847102891253094,20.476816345183384,19.53348979820093,19.910334653027164,8491082,173559829.6472811
2022-09-14,300044,20.1732962666598,20.133319357534727,20.058361881588496,20.096070833340214,7409746,218112515.0043997
2022-09-15,300044,20.43679353146439,20.889951536492827,19.780289427667903,20.341132207060816,6928266,181033918.3037533
2022-09-16,300044,20.09694810972416,20.22262982124472,19.51671848246012,20.047089119175613,6531677,148900243.33516896
2022-09-19,300044,19.87928762465094,20.501435192592485,19.710007677398114,20.079923491991067,7882971,194118628.4008502
2022-09-20,300044,20.05148309240212,20.50347960744014,19.895862431208556,20.21816457573852,5134126,114382109.9525913
2022-09-21,300044,20.11691916133041,20.494674440567923,19.875034574193908,20.197931992267957,8532849,227671535.76562926
2022-09-22,300044,20.115585339082763,20.281801963901675,19.865684389748665,20.00442861536269,7756495,221448692.57662734
2022-09-23,300044,20.020503735605956,20.354979567390213,19.836497628982162,19.981028193047674,7793303,195435155.5377064
2022-09-26,300044,20.180769683292,20.50936769828545,19.808315465063586,20.16776310487023,7138761,177481938.56477338
2022-09-27,300044,19.935315999247305,20.431300711410607,19.64378462889806,19.9817069928775,1088904,23765044.259073544
2022-09-28,300044,19.969172879135886,19.98722807014557,19.903908078840264,19.924536048962416,9967335,253722969.0667633
2022-09-29,300044,19.731483543021884,20.469355676466677,19.779426811822635,19.921434416126687,5660414,118276354.23371413
2022-09-30,300044,20.170837919030717,20.120629567606084,19.595866200570406,20.115458587358667,3979892,108961079.38915072
2022-10-03,300044,19.92542289021234,20.59911610338811,19.705435165363568,20.09178522663047,3304142,73515427.49551491
2022-10-04,300044,19.9140404707082,20.460506045664356,19.773772948920683,20.06692764857962,2567266,60305863.33685042
2022-10-05,300044,19.835989200202473,20.011978579377505,19.292394963975855,19.70007970393182,1908717,47273114.08392401
2022-10-06,300044,19.488908980836737,19.74399151734242,19.22748977956593,19.65354113838667,1583471,39223762.65403892
2022-10-07,300044,19.639663230418535,19.99959616667527,19.44002331694115,19.541557566233855,3369288,83870717.49461244
2022-10-10,300044,19.699031351200073,19.7054656957831,19.414920624830266,19.664137743914033,2920803,69234273.31533319
2022-10-11,300044,19.52935723828261,20.094535354775765,19.11389956068662,19.52792355353273,9027164,222292302.03242975
2022-10-12,300044,19.634086908319333,19.98113857619768,19.30500114528365,19.596170546150102,9134683,241804872.37296817
2022-10-13,300044,19.429862087972484,19.67127576598459,19.303861091599313,19.501536349502935,4482924,91157776.32834256
2022-10-14,300044,19.62071038205904,19.968393345873483,19.405599150872824,19.463693385095397,3628563,100072720.27159953
2022-10-17,300044,19.60231290963628,19.91126631830242,18.900035487588802,19.471474351305112,9488596,212767398.0216777
2022-10-18,300044,19.31268666952291,19.766495807836392,18.97385100833241,19.423284065504603,2151937,62335727.48456145
2022-10-19,300044,19.582118348397092,19.652334228202367,19.35933528130383,19.566963776131118,6994278,203593842.09856248
2022-10-20,300044,19.636338206659183,20.14609560981693,19.415470435842785,19.64871007141533,7396427,174303729.32589173
2022-10-21,300044,19.940032718593137,20.053949850110392,19.510565632031312,19.91510633487313,3547442,95621227.05954932
2022-10-24,300044,19.8424020485201,19.90608367004712,19.474347445649887,19.648843702454098,8170357,212795030.96691093
2022-10-25,300044,19.551788318985395,20.243890477001514,19.440587912689804,19.69222420406586,5680182,120443781.18134122
2022-10-26,300044,19.79565093706319,20.029812641402742,19.65652676496411,19.850046997717236,7332744,188307687.34702358
2022-10-27,300044,19.704280706171776,20.022972402923155,19.583703773319872,19.787977201155137,3800631,95581923.07337564
2022-10-28,300044,19.665049294608917,20.042302368516292,19.32724979134313,19.696404003062902,6607352,149753524.98450604
2022-10-31,300044,19.76944714601726,19.63715102758812,19.571290784049452,19.59901823060863,5629371,119874093.23083241
2022-11-01,300044,20.089454963516797,20.352653670135254,19.891087287727114,19.933041734900318,5368834,131440804.9171819
2022-11-02,300044,20.22568162132043,20.360664297151914,19.90436422485002,20.158438817037172,4392953,105720678.93333067
2022-11-03,300044,19.73441674460472,20.33823542689547,19.372871846636546,19.915098856441055,4909409,97995434.18133146
2022-11-04,300044,20.180483328422717,20.20200199506519,19.47386320216578,19.98510528165916,3358508,95456140.79042943
2022-11-07,300044,19.59868085410649,19.729788771537752,19.564824943690503,19.722746818335132,8455590,211514112.77089942
2022-11-08,300044,20.18664335061503,20.14735824850577,19.97336339617861,20.099892328324913,8153645,212857854.94948056
2022-11-09,300044,20.450631910604375,20.51806378406726,20.139997483929914,20.325751278705017,4346992,125662468.46701859
2022-11-10,300044,20.72401506082849,20.90439707412988,20.563957902166987,20.688561194464356,9042013,254527310.37373224
2022-11-11,300044,20.430940237464835,20.97790238471948,19.85231593403916,20.3726810444191,6519300,170601853.37599254
2022-11-14,300044,20.11285482578053,20.256936221465807,19.646519604160954,20.200832987927576,1450845,40437744.090631925
2022-11-15,300044,20.42547763034254,20.77321233986938,19.94868169908972,20.28889348304515,3961311,84011659.85591207
2022-11-16,300044,20.405585320546535,20.494742703512575,19.909091896567894,20.409984340031766,1753277,50222837.51939463
2022-11-17,300044,20.29776561244646,20.464104682452895,19.797664813565596,20.25873723600445,5145729,128369891.5815629
2022-11-18,300044,20.0436380563403,20.11321639956445,19.48263276414496,20.07874059019335,7750341,191634831.03839535
2022-11-21,300044,20.225469941332346,20.454327474670183,20.205230910805476,20.3319043643858,1939881,51566536.52919976
2022-11-22,300044,20.069504627687298,20.76052121760051,20.162499354235646,20.177598047320494,9796539,211795892.0768263
2022-11-23,300044,20.40408968991359,20.841039145328693,20.483385614154646,20.495697924110818,5228516,141958892.00380883
2022-11-24,300044,20.538444900560958,21.0316991793333,20.091230065103463,20.672160011094885,3174294,91457547.18106705
2022-11-25,300044,20.899397063580754,21.317540347271656,20.88276973712801,20.926967954084066,2811875,86137555.38241962
2022-11-28,300044,21.49716450769225,21.601764739683354,21.076582805056894,21.460921354736627,9516657,222256843.74267828
2022-11-29,300044,21.863313339352864,21.698993401021692,21.076293023182856,21.647459721476906,9362822,286956420.3133277
2022-11-30,300044,21.652482815972512,21.661268195916627,21.152478397689173,21.53407545460344,2680397,81160238.52999283
2022-12-01,300044,21.278320607039486,21.23424768628641,20.585076554336332,21.159588235577814,4396160,96222411.78275926
2022-12-02,300044,21.19868632329934,21.219219764369438,20.679517876967772,21.04097136862993,7279021,190348894.94839817
2022-12-05,300044,21.121573115106656,21.467628684812997,20.789307644985133,21.035811061681674,8440458,242496325.70382404
2022-12-06,300044,21.056716600630132,21.014137750661476,20.72781789268497,20.86683714009404,6223745,152332996.92546085
2022-12-07,300044,20.60568609461199,20.917239861661287,20.381909025972025,20.784644057302437,5002225,115809981.4581008
2022-12-08,300044,21.086807426542396,21.54151385765695,20.47221590748501,21.06380877556345,6784771,147657165.84108678
2022-12-09,300044,20.825606657975722,21.136188048343467,20.847828816811056,20.93122587920861,1735736,41447006.44224269
2022-12-12,300044,20.889089261560063,21.179060779781153,20.7702924561651,20.98696449154342,5046104,153012543.40849987
2022-12-13,300044,21.265703225925236,21.328013456015878,21.102825968940376,21.149245966078965,5445179,148178347.64163426
2022-12-14,300044,20.988485883898107,21.445160496272088,20.545121385749137,21.010972953260477,6145168,169880089.79084906
2022-12-15,300044,20.66221235797461,20.912769197445357,20.12176404911891,20.664410325551408,2352825,53712173.690466434
2022-12-16,300044,20.224923765470024,20.45334282707496,19.981329457436146,20.420223942735397,3761949,89761564.02461407
2022-12-19,300044,20.38329345388954,20.57653995575431,20.366600227768494,20.55400267934189,2597810,73459727.99104795
2022-12-20,300044,20.52533182573544,20.8472429278363,20.243956272984626,20.560915866158695,4158651,93050266.64061694
2022-12-21,300044,20.457154599033025,20.84564684072618,20.046774707487632,20.656303076510778,6831038,146707925.85862604
2022-12-22,300044,20.36895196626479,20.52007476333107,19.96485982538735,20.47206357996405,7469068,227419756.76320603
2022-12-23,300044,20.346295902691153,20.328472663273253,20.0343941327631,20.23387154168406,8765842,199279205.72047207
2022-12-26,300044,20.27611461667796,20.734746911286635,20.004657178837757,20.290688351145775,5336057,152651317.59950453
2022-12-27,300044,20.29266639846966,20.770609493460363,19.780183844893937,20.170359032046377,5003863,114782405.40351678
2022-12-28,300044,20.344700365530024,20.70011002821442,20.16950609233726,20.41874170778469,7274424,193314884.0893304
2022-12-29,300044,20.38215590103256,20.712482677521102,20.116553578863606,20.44857570231376,8565598,253514827.09632832
2022-12-30,300044,20.731160631029628,21.436958177548558,20.745653490359576,20.853128965307278,2797489,82195509.09956555
2023-01-02,300044,20.809127345672053,20.997484734464656,20.355071865308727,20.762877308303985,1083391,24362931.90502906
2023-01-03,300044,21.196770755393217,21.458727404037216,20.82557561878866,21.013374684007864,1845978,50562882.36864097
2023-01-04,300044,21.080073672837365,21.57130140401564,20.520277990581896,21.06305021514723,4830868,102082246.62911682
2023-01-05,300044,20.971476062127937,21.412396617168213,20.454221591880792,21.005425102749072,5051384,157813980.8499928
2023-01-06,300044,21.23811656771423,21.18122187024472,20.685950485096413,21.062579656054645,7779445,175381284.98784158
2023-01-09,300044,20.712389148748258,21.362851754974713,20.39518347769233,20.83173739681824,8392540,201490592.4031868
2023-01-10,300044,20.902675126332955,21.42349097723867,20.787600001118722,20.91101122171395,8777881,235916927.81845877
2023-01-11,300044,20.672585841329365,20.9829662964502,20.614886664913083,20.6343918041617,3043004,69476702.65622818
2023-01-12,300044,20.941599094841916,21.33468350624092,20.19611390240266,20.754681396709323,9603227,243859342.02252597
2023-01-13,300044,21.068829175405472,21.338092633687985,20.72674540681817,20.938443918005653,3525349,75581814.93388426
2023-01-16,300044,20.72977308127082,20.91084877593221,20.513389062338195,20.712855261791752,7548943,166449781.37667078
2023-01-17,300044,20.68855670481056,20.85832685196276,20.42778527369705,20.673139429966977,1674269,38556892.19001271
2023-01-18,300044,20.542474219468563,20.947173319187385,20.608595906979627,20.691876361388495,1997889,56944843.840697974
2023-01-19,300044,20.45782079898966,20.69417004949441,20.26832710740251,20.51866388359884,6437694,176218316.03680432
2023-01-20,300044,20.413600200933427,20.72821779038649,19.84284663805544,20.22342824213046,7446116,179265976.1100053
2023-01-23,300044,20.645581496575126,20.51636130338282,20.18617091655229,20.4519448261252,1660763,46136554.53735103
2023-01-24,300044,20.111547083049103,20.514552749218467,20.093045628675107,20.17399953955493,9208134,212992746.8517392
2023-01-25,300044,20.10755304264775,20.417959251349608,19.671023901167427,20.256611953636003,2860480,75554604.85171136
2023-01-26,300044,20.25117395111174,20.772023507790546,19.865955436671875,20.29683038343586,5053946,115578956.39056098
2023-01-27,300044,20.298230983223117,20.913101707163708,19.94780343630469,20.315739243043616,8177664,214470741.89934835
2023-01-30,300044,20.654510229415685,20.788419536591906,20.085471815463613,20.49725898488107,2348221,71898447.23897657
2023-01-31,300044,20.23770159380778,20.477720147965876,20.05077148437355,20.380497840362576,4235093,95769907.37012269
2023-02-01,300044,20.231606776980417,20.68087505222475,19.66013643154403,20.183275352574057,3224792,77030807.27543233
2023-02-02,300044,20.229100821390954,20.467229702543193,19.511422217253006,20.103279138639845,9750367,291220272.83292955
2023-02-03,300044,19.813646864740576,20.021592841984308,19.458386817100543,19.773958562289444,2111986,54142091.29689401
2023-02-06,300044,19.95184411409325,19.83972842077239,19.28742607550033,19.80834983899266,9752233,269752498.9888044
2023-02-07,300044,19.946933049553422,20.16750870946218,19.320215000631087,19.809345986320327,7833577,173684346.45235977
2023-02-08,300044,19.614660997792416,19.96493341549887,19.61333063246507,19.70821517272254,2201423,44815677.48691248
2023-02-09,300044,19.602082144749758,19.780703834356828,19.019165925455248,19.476751952992856,6401402,144262728.7508912
2023-02-10,300044,19.395299296111265,19.644639490356496,19.248777082181316,19.432520091145776,9866944,203797717.78002086
2023-02-13,300044,19.451056205605223,19.583343642895866,18.71412086265047,19.260949706790782,5223069,125395187.51678427
2023-02-14,300044,19.042098834637038,19.555402804581707,18.625873094448227,19.007575564641492,3760063,103374158.60901491
2023-02-15,300044,18.973090521703277,19.3491687027976,18.675203868076494,19.048520515402274,4847520,118777994.6268994
2023-02-16,300044,18.98041849925151,19.149920485749995,18.565738305786184,18.85102360853038,2043143,54936140.84629054
2023-02-17,300044,18.757417921913508,19.12673885906328,18.39513224503917,18.79674747126074,2183067,58823881.16012904
2023-02-20,300044,18.899861147428762,19.283900624728002,18.743991815844268,18.960963479317662,4677215,99004061.57276867
2023-02-21,300044,18.958996559140797,19.20035554591499,18.773551075333412,19.00964226162069,6382976,123578246.02276942
2023-02-22,300044,19.10803031660507,19.39024215445365,18.695574317329296,19.008913767772142,9259061,186108509.60487905
2023-02-23,300044,18.847792564951146,19.521184907894803,18.680372227238326,19.037018923658884,2487734,52936392.646417126
2023-02-24,300044,19.27709718356896,19.243458634497316,18.70033652816644,19.10015941717143,8284790,210324658.6728145
2023-02-27,300044,19.16052789360831,19.23163930779058,18.579820843877446,19.092322573243663,6836571,138062693.51213703
2023-02-28,300044,18.961528857814265,19.390489161634598,18.944964413996505,19.132610962795297,2390584,45794378.677101344
2023-03-01,300044,19.51387517637654,19.512452171968796,18.904351638604453,19.332185047128185,3556733,70242592.26467896
2023-03-02,300044,19.305934764381675,19.299886056742316,18.783376536849293,19.154774477629374,2226203,51352369.21619932
2023-03-03,300044,19.188971883712092,19.19614497557565,19.061012897618582,19.08716653120237,8975733,234525102.5906647
2023-03-06,300044,18.84240691627873,19.463640718249515,19.002237620006916,19.01409006354312,1028041,27612219.382129293
2023-03-07,300044,19.38751301460833,19.582320607134903,18.922881585091357,19.23414850784937,3525060,86804733.38472809
2023-03-08,300044,19.3767242746947,20.01335594472368,19.029161109305797,19.529449661631567,8657538,191845764.61632338
2023-03-09,300044,19.43750509369754,19.68981423255014,19.081240755394496,19.404419583146723,5705284,131191440.37453166
2023-03-10,300044,19.45723395327943,19.76024804127505,19.32394935465689,19.452960013125313,3765833,78555779.30617587
2023-03-13,300044,19.636887106501412,19.959153378534875,19.068125753951623,19.448481511932407,9341030,252236493.01329023
2023-03-14,300044,19.544322009380256,20.053364516514833,19.402188296798727,19.58372273518667,5045536,144537464.306578
2023-03-15,300044,18.987229741526924,19.591633097435583,19.145377737779626,19.16144135104446,4691047,99911669.07514033
2023-03-16,300044,19.2606229788257,19.752145377258795,19.309343454474284,19.312514134781843,9295040,236005578.83469036
2023-03-17,300044,19.09560420644354,19.272278189093605,18.61503848484496,19.07073852442185,6024999,161557773.6155669
2023-03-20,300044,19.085581606904743,19.183114068365516,19.121220243420034,19.153528782771645,1759747,45838254.255752996
2023-03-21,300044,19.07055114063349,19.328570335862196,19.05987010263619,19.083757707003784,3745848,99229137.70293064
2023-03-22,300044,18.79969338000321,19.271943259166147,18.663942279536492,18.949903755628185,5621742,121501056.11515117
2023-03-23,300044,19.173969334496654,19.28771305263921,18.814438087388563,19.127131710458798,1676478,47860898.859647445
2023-03-24,300044,19.127116534905714,19.395018201362316,18.867596937640577,19.17277727885935,4213987,91957166.25629894
2023-03-27,300044,19.00510872451155,19.653895963514604,19.087149573958605,19.17525610533228,4246662,119304797.3057231
2023-03-28,300044,18.99978673512365,19.41831120998813,18.606785126230935,19.13636879021712,3184579,75530574.19570184
2023-03-29,300044,19.313010980545172,19.430904813197667,19.183676080089192,19.42109844029879,5252593,120174449.03125975
2023-03-30,300044,19.467468507284956,19.648012417112884,18.861666491656656,19.283706977457964,2433389,69769384.24957539
2023-03-31,300044,19.361003156407488,19.993249064162992,19.153372773897452,19.412416059589685,3276700,66877986.68832062
2023-04-03,300044,19.206409500804664,19.469932914088528,18.69169646879084,19.05609809461648,7858545,175223220.429266
2023-04-04,300044,19.432910020428828,19.666086145766577,19.257453150510365,19.26533591104872,2682368,66984786.8159823
2023-04-05,300044,19.189698365536376,19.372035433401965,18.84148734578468,19.00804417593396,1409136,38850794.83030191
2023-04-06,300044,18.989557149157736,19.673486985767404,18.84457195543213,19.10599884443819,7341275,173348539.08371624
2023-04-07,300044,19.07900948551435,19.32654418631295,18.93401580739438,19.057427694359923,9298798,262975713.42221048
2023-04-10,300044,18.88381581255392,19.358808010340145,18.926785993905725,19.00908686212181,4813152,103421835.54724513
2023-04-11,300044,19.096136810666696,19.462075466204503,18.633840641845644,19.0661062092981,6071162,162538129.8772212
2023-04-12,300044,19.04971401346204,19.58710843544459,19.050950985593385,19.06880905994467,8725228,213995203.44968736
2023-04-13,300044,18.972179243067867,18.948036855713497,18.467801801216016,18.821527630142114,1611301,35060786.58766829
2023-04-14,300044,18.623267803940788,18.815166196301384,18.6950536186795,18.80838538288946,6873480,176380160.1541132
2023-04-17,300044,18.983057576274657,18.907347405551942,18.77099631338584,18.895577017736137,5083611,137978013.96700236
2023-04-18,300044,18.62906056833235,18.96785130060733,18.611987584706018,18.760264876092066,8957290,210599820.00802106
2023-04-19,300044,18.514377113840233,18.715258430827728,18.46986501907045,18.616768374327755,4070497,94656841.1571446
2023-04-20,300044,18.8860799806421,18.896075307660936,18.165384004842814,18.70988077787419,1601483,38263941.28321788
2023-04-21,300044,18.533275131896836,18.95257663039163,18.169685128569203,18.658332185897272,7188712,145991105.9513247
2023-04-24,300044,18.574832319946832,18.638741195843423,18.34861032344168,18.632402397212193,8532248,166199963.26105872
2023-04-25,300044,18.38221553213186,18.834911609925427,18.289898902898923,18.543322606206438,2506455,56187941.83687137
2023-04-26,300044,19.014690998960326,19.47607387302859,18.58533336637041,18.927118547289524,1918513,42952899.27778548
2023-04-27,300044,19.186122115361826,19.327523742185768,18.837040813828224,19.00782384824344,8467454,184334029.12633872
2023-04-28,300044,18.83919379683549,19.493854353995708,18.49506181415732,18.96015411812088,7246290,180417732.3711271
2023-05-01,300044,18.784359168465695,19.34042762492019,18.515866247792328,18.817931953145816,8181748,222046347.260295
2023-05-02,300044,18.869030496244566,19.006207745225797,18.530559506570086,18.72011897956059,2471633,67387233.7756505
2023-05-03,300044,18.738964333025113,18.97773556803513,18.441771062436725,18.833493198923897,5228593,102430175.40903237
2023-05-04,300044,18.60963692195007,18.84108868760576,18.202029493406116,18.674726679510755,4944117,106294536.40000415
2023-05-05,300044,18.819317904958194,19.331684967869975,18.37687363341517,18.932871467922972,8912981,236103439.36318135
2023-05-08,300044,18.92385510078454,19.48667887136387,18.66449825439808,19.001041984014844,7548614,163627965.09577325
2023-05-09,300044,19.237956104720514,19.67906118638559,18.834658371517634,19.181300395084925,9291778,190834847.63920355
2023-05-10,300044,19.13496842304228,19.267729582537118,18.638595462705133,19.14259960273025,3489415,88424901.95561996
2023-05-11,300044,19.225555299171656,19.84777535686415,18.885320658374475,19.39218792406212,2918476,76954556.78050454
2023-05-12,300044,19.21061291966125,19.801961530216587,18.915962393677596,19.281652415476415,7418716,167744194.49043304
2023-05-15,300044,19.021103782306607,19.5801197384871,18.734862097474014,19.040871996064244,6503783,125357500.26063196
2023-05-16,300044,18.833562767878554,18.899798827896074,18.376005677157156,18.836469460966306,2092959,54169099.10452616
2023-05-17,300044,19.048580424986724,19.020027725310268,18.61049443738683,19.012384568979297,6492545,147216258.20898002
2023-05-18,300044,18.859499739642168,19.311372583770808,18.582342182842048,18.893451132918848,3919963,108794343.57043986
2023-05-19,300044,19.083110249791734,19.280941947273547,18.700737620103347,18.950450578433014,5824441,144892651.17028254
2023-05-22,300044,18.765964382620535,19.32591489229347,18.354947826939945,18.87869719108057,9875549,191284239.49804905
2023-05-23,300044,18.8934170457811,19.021836297584343,18.31247057227475,18.82599035150117,6958010,139414433.37465802
2023-05-24,300044,19.156676045308707,19.563682965917153,19.08268098757951,19.08644409950341,3578720,80567405.90428334
2023-05-25,300044,18.849529868411206,19.377375672123385,18.694774845986014,18.866478101954698,5394064,122870792.42916302
2023-05-26,300044,18.98009771108038,18.874747052426358,18.60716745298544,18.80676482825365,6084317,133760490.97309187
2023-05-29,300044,18.815563146351533,19.07999024574641,18.78086844822433,18.782178361443663,6140616,141366621.16713348
2023-05-30,300044,18.551345743877047,19.008989613224045,18.359839527711838,18.72264572931321,6202051,173029834.4427176
2023-05-31,300044,18.784567931778884,18.940060540534677,18.319860198080452,18.632623113890396,9546065,254227991.78430784
2023-06-01,300044,18.85861461434826,19.50532364026699,18.894814156772615,18.95488201914338,7910791,201690579.2652287
2023-06-02,300044,19.016886478871474,18.947949736638474,18.796460036885133,18.9195106073567,8604968,220035050.8993711
2023-06-05,300044,19.154790767268132,19.386510743893393,18.882856810723535,19.059177560983564,3961215,98952564.05642135
2023-06-06,300044,19.30098963910374,19.530653570987187,18.84271480902456,19.17962777165207,9853344,220537801.027369
2023-06-07,300044,19.488123254408322,19.388154454403917,18.83665685093925,19.354719020203852,9478643,266511888.6215409
2023-06-08,300044,19.252983629958145,19.447663551527935,19.092422691999868,19.22254467640056,6485235,150925888.85716668
2023-06-09,300044,18.966788630030496,19.513578536449984,18.966962897124912,19.157897567231355,5975703,114619861.21465878
2023-06-12,300044,19.234173180898697,19.793295137746178,19.122818431611353,19.281330488744295,1778619,48087323.86944497
2023-06-13,300044,19.1436695126826,19.144841064689142,18.629208943160407,19.025202780622017,1495685,41216253.344279855
2023-06-14,300044,18.535026711149094,18.771027287800898,18.377940016530236,18.713131366270133,7467238,141764869.46729955
2023-06-15,300044,18.895745803369298,19.094071639260306,18.489441136734495,18.758003910149313,6008940,137355739.74181473
2023-06-16,300044,18.980242281041644,19.207787778509815,18.305524273602614,18.80491429316225,1645143,43809716.46979884
2023-06-19,300044,18.651878184724115,18.98976327429137,18.26346580922128,18.70517159896876,3811851,88815695.22631913
2023-06-20,300044,18.12664263523633,18.32281565779731,17.921529419162553,18.30070854468872,8805457,169338664.50593257
2023-06-21,300044,18.234668983571613,18.685985833397098,17.675595625052786,18.15957913465678,4068527,98414345.6845991
2023-06-22,300044,18.122976638970968,18.337199700349966,17.814364788390304,18.008688266621363,2491058,64937691.05803339
2023-06-23,300044,18.016226484133547,18.16070101382907,17.527602430235042,17.87737649991667,6496400,128209761.3681372
2023-06-26,300044,17.961758849639285,18.19799694358697,17.988275848842576,17.990187630489643,8898693,181985438.6423976
2023-06-27,300044,18.04714092658458,18.370468631548512,17.892984640721878,18.02875915582875,4383683,95324700.92579907
2023-06-28,300044,18.109117948660714,18.57963671172121,17.78921645737526,18.100378844666878,9772140,181711769.74856138
2023-06-29,300044,17.997089917434167,18.37445700364493,17.417068226920897,17.938442759620465,9907871,264170313.53201059
2023-06-30,300044,18.135046020852737,18.139412881784096,17.707960906697547,18.011767590261506,3421794,64730742.37023971
2023-07-03,300044,18.213678754382375,18.12457981880669,17.90529149879075,18.116378439070182,1946926,37057285.419108026
2023-07-04,300044,17.781273675194527,18.359119797103336,17.332551456442275,17.835454490103192,6758772,140052035.27527452
2023-07-05,300044,17.725605827246838,18.17039699152717,17.609334935341444,17.699232589406414,5842854,127686831.576133
2023-07-06,300044,17.449411126041475,17.924920340191903,17.473146291965428,17.620508342281028,5643177,112091312.8126419
2023-07-07,300044,17.50694868859771,18.120152994168127,17.60162776352851,17.64271256407432,6607978,135532215.00141764
2023-07-10,300044,17.480137342341038,17.832924105489823,17.214897832247694,17.373375685565456,7786743,201938593.81312478
2023-07-11,300044,17.558391442790093,17.657116934588974,17.436866558485534,17.46047841059941,7042516,150627825.64447054
2023-07-12,300044,17.2773755112024,17.541158330283555,17.355678120411678,17.387054521518742,2053880,48344778.00481296
2023-07-13,300044,17.103498738276578,17.534110608751135,17.16380901737368,17.198429450792478,3379886,80230509.00900914
2023-07-14,300044,16.83483205934652,17.003015075946763,16.620868609609776,16.98348956725571,7149685,178747236.04138556
2023-07-17,300044,17.0571819207447,17.086474483377796,17.02094933070484,17.03347199621608,8433636,176741264.65147948
2023-07-18,300044,17.18793682284417,17.384925029723124,17.16869047886228,17.32367027279461,4213869,105021763.98987062
2023-07-19,300044,17.52100739668664,17.821168240039945,16.92796766858661,17.411192463943976,5016475,106006752.16185926
2023-07-20,300044,17.590422683145494,17.554786251343767,17.49892716315106,17.503564344103673,8328886,161553856.01310614
2023-07-21,300044,17.272494073064706,17.609332238457544,16.977418456817965,17.2771549211151,8792645,160406426.79376212
2023-07-24,300044,17.452772115638965,17.844957984272572,17.273067148554205,17.557259912669814,1781561,46592198.096939065
2023-07-25,300044,17.661254624921618,17.72226523994746,17.314413122517045,17.554817273586917,2420397,47497514.54477056
2023-07-26,300044,17.594207248688544,17.742036167557398,17.03297092337965,17.510316250892092,4566680,86933272.28415821
2023-07-27,300044,17.354595531229126,17.58927792971205,17.09028525510295,17.508378770638934,2544900,46372493.63222871
2023-07-28,300044,17.51985383851318,17.65441264389263,17.2013078197844,17.557158233588776,3953105,85195567.68307851
2023-07-31,300044,17.839781287605724,18.16434777353117,17.584951885443733,17.763909607721594,6391393,152409798.12426907
2023-08-01,300044,17.666161671581428,17.94847502575958,17.373639139220813,17.678489746268458,4934696,115934653.03800164
2023-08-02,300044,17.550564642526343,17.676553950994784,16.884019222467284,17.405908162866687,8280508,145421548.7621847
2023-08-03,300044,17.67556957457945,18.017190385995587,17.335249937368346,17.635347095420567,9900029,261176819.07864296
2023-08-04,300044,17.13431990362867,17.548885790079773,17.211729888741754,17.230803658184485,4981732,119836544.79362419
2023-08-07,300044,17.497761311370645,17.877270997166338,16.98267395224505,17.37202353498329,1656762,32466206.820443496
2023-08-08,300044,17.528941952101274,17.5386718687844,17.35863677367335,17.381160619943046,8305276,185710977.05865642
2023-08-09,300044,17.31772990836945,17.717972746725533,16.949961662080646,17.31077161761302,2556120,61440297.4865702
2023-08-10,300044,17.294549990882512,17.822458090049512,17.20012563894311,17.309686089073,4460294,96760498.48132163
2023-08-11,300044,17.187146927837365,17.30096957775243,16.950022385022898,17.21733551298862,8325759,214642466.45597312
2023-08-14,300044,17.42640635838918,17.45651418156308,16.74445347452443,17.258010953846643,5119408,103558433.3648127
2023-08-15,300044,17.149435529321025,17.52566697604214,16.805712424041676,17.293767747725532,4580798,113241805.97526345
2023-08-16,300044,17.62020363535007,17.741879813560274,16.99559132109341,17.47477584404863,7884893,139063580.12919763
2023-08-17,300044,17.60989840443127,17.619195897536375,17.44414851722362,17.60914084163009,7082573,131975123.44562683
2023-08-18,300044,17.502689450352,17.900074428642093,17.610245111053693,17.65941931697793,2082715,48126259.78948535
2023-08-21,300044,17.55423029429581,17.764397354942883,16.987384199301182,17.432256032533644,6392240,137185189.7781865
2023-08-22,300044,17.703133783804375,17.981065920037388,17.45896909235839,17.538083530856746,7769182,153134881.26816547
2023-08-23,300044,17.7064291679877,17.897647388881747,17.516684030412804,17.66091409547888,4165360,97851740.92871928
2023-08-24,300044,17.855782187733478,18.070723725943093,17.213975376246026,17.694535510157394,6734238,167755144.80900523
2023-08-25,300044,17.945885478130716,18.303997085100892,17.556157220054693,17.898990649748196,4070574,77814760.71693738
2023-08-28,300044,17.781037042485043,18.27253640366645,17.73211294104049,17.747125124682974,2615319,60199271.75696637
2023-08-29,300044,17.899664786686316,18.21659646467417,17.227328392065886,17.747204229619186,5789830,140630962.2560953
2023-08-30,300044,17.561156246976186,17.886946711543853,17.278639624986372,17.67680768116787,6932527,126948811.4381501
2023-08-31,300044,17.518140830583135,18.10605430195452,17.632707932992375,17.63556653692664,7385421,141706938.3159655
2023-09-01,300044,17.870911151045167,18.307492759783468,17.62873450200522,17.82204341618955,3491312,76525667.00793517
2023-09-04,300044,18.06890152754734,18.04505721383541,17.861556885118723,17.943227147543148,2331904,48032815.597954534
2023-09-05,300044,18.00745091519397,18.21540610049811,17.911590613325266,18.126179748547113,9197123,182909738.8990794
2023-09-06,300044,18.258743001475498,18.248639094031756,17.935511911284685,18.13050134366223,1795388,36226505.10496452
2023-09-07,300044,18.34000559288704,18.70148688295365,17.7606379195414,18.299024739497,1414278,33966491.36445891
2023-09-08,300044,18.485451944282044,18.718221839123387,18.22513095237144,18.34956005349222,5201922,131670812.95621057
2023-09-11,300044,18.524545129099756,18.873877240926504,18.12988959256225,18.573639425566935,2266025,53123690.68755906
2023-09-12,300044,18.808366880293523,18.73882454821385,18.270633496891016,18.67071304001878,5633166,122638708.58002774
2023-09-13,300044,18.835262872727817,19.171201599311917,18.53922410494178,18.82829729026094,6117471,141000604.94777632
2023-09-14,300044,19.15234301122259,19.398537421993023,18.89796324412076,18.990184906447894,9846729,212200559.47086656
2023-09-15,300044,19.253287739157106,19.882406062914608,18.889119449550403,19.335839375078514,1906121,45852097.133872524
2023-09-18,300044,18.9395461826932,19.527191825480802,18.895685978411667,19.067883798981626,7703636,180108574.63748354
2023-09-19,300044,19.375352967623467,19.659923262390063,19.253493913709082,19.42074835311557,9991253,280087510.0588844
2023-09-20,300044,19.208842174880598,19.778427213720374,18.98482834957961,19.322742686173434,1848625,40378215.09933564
2023-09-21,300044,19.50463993010726,20.038848929573454,19.064030583528496,19.55942920348602,7588282,151059447.5872603
2023-09-22,300044,19.601142861700573,19.956243272195547,18.97406436965552,19.474058047780307,9283509,203310447.92984247
2023-09-25,300044,19.84012518215522,19.929501710987164,19.70496553656449,19.810722786438546,7285664,154259512.11717507
2023-09-26,300044,19.754788129298564,20.15990350652603,19.702908185197188,19.892323595126093,5949004,134588898.8190895
2023-09-27,300044,19.952598737975798,20.65676303679474,19.782427739177184,20.135466753078372,8472802,218622184.59677207
2023-09-28,300044,20.170105489454077,20.52100161280368,19.806089168250455,20.197854111762894,2181850,63475811.46008329
2023-09-29,300044,20.481732646889437,20.476083984688298,19.75499782192691,20.309083750649627,3974864,104354994.16745238
2023-10-02,300044,20.363594539717518,20.39542869561551,19.654902764996518,20.24430308764999,8617526,195603322.75098097
2023-10-03,300044,19.904145008855174,20.267125762466588,19.557247790811708,19.767385204392106,9934265,274413885.489468
2023-10-04,300044,19.809341522218194,20.114160493909385,19.651943989389093,19.715827853998313,6980965,144363546.6757615
2023-10-05,300044,19.799262948052267,19.864948081743556,19.309293634518436,19.666919849172267,9426366,243433187.42188087
2023-10-06,300044,19.520714291772272,20.271391085745044,19.098392120660634,19.687588336542632,9873281,243655755.32398525
2023-10-09,300044,19.841708344140198,19.947399725152767,19.557699172580495,19.710980573501796,7749317,193770794.24666172
2023-10-10,300044,19.501978408111967,19.83020415374445,19.13363439856355,19.558932930478406,6133794,150601343.7973696
2023-10-11,300044,19.36847676296342,19.453511361042864,18.78757686298051,19.278281935520205,3380973,86907690.9176078
2023-10-12,300044,18.882637155289743,19.330260933472147,18.8351932693666,19.06966419327469,2656333,63113450.947711036
2023-10-13,300044,19.173196246459277,19.674086556471067,18.858427390906925,19.11899335678072,6716773,162439177.72522938
2023-10-16,300044,19.02251835270494,19.258841800335766,19.20173502175526,19.2112949242333,7809607,182206984.61773694
2023-10-17,300044,19.23456506198009,19.699800405707194,18.566259599576725,19.126654609580882,7536259,146280037.5764596
2023-10-18,300044,19.019544404189276,19.026178434534984,18.910532669847587,19.016266311839217,7228478,159657547.56193468
2023-10-19,300044,18.69162710503324,19.4196204906568,18.67967491819513,18.877619567176524,9964865,210153682.71081147
2023-10-20,300044,18.986554457823914,19.341009730730615,18.779872222739225,19.00773015420884,1661298,41885005.99818661
2023-10-23,300044,18.94738495043849,19.554253651006057,18.877478998423193,19.106381810488674,7598306,199986675.20704755
2023-10-24,300044,19.04373251075219,19.32645349626011,19.06451102719836,19.139250554281492,5559633,113718059.02182952
2023-10-25,300044,19.493447462104932,19.98690289138869,19.40223177895528,19.4116062964503,4917984,104694099.46430917
2023-10-26,300044,19.230861002972684,19.357367571552402,18.886103256151692,19.262011652596986,7252648,161133082.91605723
2023-10-27,300044,19.216675560595316,19.747091640232608,18.957019005582527,19.188756396440873,9361238,259815271.40994608
2023-10-30,300044,19.147430246623887,19.163617984702643,18.751843482913834,19.108152155280962,6011851,140521714.20833942
2023-10-31,300044,19.270202461167475,19.658129134170448,18.80165513357942,19.166283924533563,2805787,64474479.86241869
2023-11-01,300044,19.203262045667184,19.445976177867507,19.18636756628547,19.212208725391392,1009850,22330158.006223314
2023-11-02,300044,18.93138176370979,19.226250125009166,18.90601226361331,19.027250330925195,9906428,276895163.3409909
2023-11-03,300044,19.127974762082047,19.468939182975074,18.746658189727572,19.147791030766736,2921292,64178034.70445537
2023-11-06,300044,19.011009612534725,19.587435270265072,18.609953695611818,19.16859351418723,2044085,44841906.46792692
2023-11-07,300044,19.052986443807818,19.481341435789005,18.999414453063917,19.107766904285267,1700688,35752600.85774483
2023-11-08,300044,19.2642601799332,19.58196203857006,18.84738107081338,19.168164302013786,1436101,36178189.426577754
2023-11-09,300044,19.054405397460158,19.129503329897574,19.029443113654136,19.111739013844165,8664388,188050728.71600115
2023-11-10,300044,19.433485834223802,19.58209147106388,18.861398229605378,19.389887013217955,9296856,236290003.7497239
2023-11-13,300044,18.965855753026066,19.38512727801005,19.116710160756334,19.131041001927215,1885979,38383590.998574644
2023-11-14,300044,18.800019856662434,18.940936183796435,18.622391793572298,18.64327946952742,8808160,201660108.16619214
2023-11-15,300044,18.38003617605037,18.561721466320627,18.07556429742863,18.482587147289102,3192176,79423994.38275594
2023-11-16,300044,18.528757037277185,18.579855788698396,17.855327149771767,18.390993360484075,2673551,61899010.883692905
2023-11-17,300044,18.067133845850023,18.605037455713013,17.987511958116368,18.24417940087943,4008510,82419190.4274468
2023-11-20,300044,18.336612468291378,18.238068235595833,17.84632257439041,18.208753379971,5516549,104266336.7848987
2023-11-21,300044,18.16573414528567,18.14218765818578,17.710608930221962,18.08602765238365,9847260,189889020.0137063
2023-11-22,300044,18.250873604022665,18.463028784404436,17.792846668487314,18.08041004945619,7725516,172495766.99763137
2023-11-23,300044,17.877138560860338,18.02424272368777,17.618897911094976,17.956631281172807,7927444,176887609.42169034
2023-11-24,300044,18.4402630716598,18.817598332472492,18.07355030004,18.312820460768673,3568989,89578643.72992773
2023-11-27,300044,18.57070508064645,18.597902737042105,18.01079751806815,18.55250641141724,3282759,61674589.18903189
2023-11-28,300044,18.303808706753,18.88249639478282,17.968040801148206,18.484405789054072,3772970,98560600.27227212
2023-11-29,300044,18.4399708087453,18.70657662621805,17.751995099120123,18.288544295706068,7937436,179512005.6272103
2023-11-30,300044,17.951504901367784,18.489257181929723,17.69500212301305,18.130999138876412,7777789,210146772.5629503
2023-12-01,300044,18.04575903033389,18.307780936256727,17.674200308600426,18.138522452127763,3238286,64531273.72170659
2023-12-04,300044,18.131064611004565,18.426851376985088,18.069221522592716,18.159078899443006,5729289,135160698.59410816
2023-12-05,300044,18.2797765674786,18.664200159177543,18.078290010087656,18.22742827360324,1474327,29421202.12362696
2023-12-06,300044,18.207835839546327,18.464373617671328,17.626605794962078,18.156457157524745,6595825,129613557.72910626
2023-12-07,300044,18.162928157920774,18.330321940718274,17.984590194323804,18.28347788090612,3326271,83982018.18972243
2023-12-08,300044,18.592827057138813,18.686080839253698,18.450527743524926,18.546075270687425,7012928,187714124.8166347
2023-12-11,300044,18.713855864944335,18.996429592986008,18.38596111270335,18.54514624025022,3142268,82941461.73851027
2023-12-12,300044,18.422503157027073,18.80087065845305,18.529249425779142,18.5417032591771,1068462,28649102.728593804
2023-12-13,300044,18.315941995927158,18.768765046233746,18.021563846974235,18.466318609448656,9241899,224466720.15731362
2023-12-14,300044,18.574536417779694,18.663392176954282,18.557422301274176,18.66134660013818,5883078,147488808.19262394
2023-12-15,300044,18.57433805804118,19.080398425674645,18.035803949460547,18.565449397959128,7560876,161816639.2180096
2023-12-18,300044,18.359310269812656,18.54678687267541,18.094873306207827,18.398046655959874,5945794,118471003.43338317
2023-12-19,300044,18.27218274904266,18.72910411292414,18.174438171197394,18.362134566814074,6870056,154664876.42528722
2023-12-20,300044,18.454756403749528,18.60619561945993,18.071112183696997,18.470435326644175,6467176,133900939.52272844
2023-12-21,300044,18.246419559205854,18.878025635886488,17.881167358845914,18.40227172006631,2496741,55895785.35981997
2023-12-22,300044,17.905198980012404,18.355601017439103,17.89095104665202,18.073728997508738,2935641,55229521.36150137
2023-12-25,300044,18.220761148101516,18.726566477902686,17.852916601728495,18.209633768531884,8572297,175424166.14603773
2023-12-26,300044,18.537691985925974,18.645545402841698,18.35018971957569,18.530367935259186,5069407,124798279.48473871
2023-12-27,300044,18.50208981564381,18.958412469231103,18.502879036053912,18.607712037236574,3975746,102712992.21085943
2023-12-28,300044,18.355753639845872,18.824087515541244,18.116200797704632,18.526810081149065,6216916,143735951.32353348
2023-12-29,300044,18.300652540795237,18.60021868855934,18.251956998962356,18.359239764045917,4745134,91783189.64935736
2024-01-01,300044,18.088953389818155,18.31563054351726,18.176199930239015,18.189660206340037,9763843,225308434.33370146
2024-01-02,300044,18.524590075937038,18.66139487698855,18.118116523230956,18.463892199724995,7266636,148864261.12396976
2024-01-03,300044,18.645980902682094,18.686227810743734,17.958780546010342,18.486645223196728,2505887,56670915.97166056
2024-01-04,300044,18.487806432738033,18.671771527735164,17.98970462970225,18.43752387558087,5712521,130896903.25005709
2024-01-05,300044,18.58469211605041,19.081240350121114,18.465676147451543,18.553323503446705,2426631,57910841.6761683
2024-01-08,300044,18.530279779105268,18.6255387171479,18.428534778726732,18.580546994448596,8917973,208059785.343852
2024-01-09,300044,18.859234780442495,19.39335892865004,18.772454711468086,18.923778228892903,1886573,44497476.48130923
2024-01-10,300044,18.55941647813941,19.131641390712637,18.718488224086485,18.724401628501614,9808656,203704079.70733654
2024-01-11,300044,18.746060143016255,18.925698100868306,18.393601259787417,18.604255645220427,3415912,87561601.65734667
2024-01-12,300044,18.74483507363589,18.696309702677368,18.069896363466743,18.570466782729092,2505159,63190087.60096026
2024-01-15,300044,18.53801942650839,18.73893206299579,18.20389057237855,18.402231533252184,1372247,33721572.959260516
2024-01-16,300044,18.38315959638651,18.618452178294746,18.23261864691749,18.51173421107977,6943057,180738598.08522782
2024-01-17,300044,18.461190367050673,18.413379944226598,17.909548085894833,18.372185974395684,8061711,157300077.58733684
2024-01-18,300044,18.73144417615087,19.095958922872388,18.293359831660354,18.570368419471176,1282184,24746890.962664958
2024-01-19,300044,18.502388933736555,18.636675760790673,17.926039383349483,18.466639693571793,7573307,157323301.0423447
2024-01-22,300044,18.513352762766917,18.976716541456724,18.422462789089472,18.648626105084908,5255180,135522169.16865584
2024-01-23,300044,18.72438442739935,19.0649426019042,18.42408199754642,18.720757182049702,8622362,193971497.00995228
2024-01-24,300044,18.783700569102677,18.985787190729678,18.508868114892643,18.938813854322817,1061444,20170277.086697727
2024-01-25,300044,18.779300181903036,19.13599011806547,18.538250890418063,18.886558389075375,5541095,143741713.98361248
2024-01-26,300044,18.923428677985676,19.091621624649875,18.346588458485108,18.882175826822852,4273276,104442940.70395696
2024-01-29,300044,18.8135679907687,19.061150664283904,18.6711197381707,18.999612878944315,5549130,137268335.3522982
2024-01-30,300044,19.010528887366423,19.145535820354457,18.570036038950498,18.996716537338248,3619972,84386508.91528712
2024-01-31,300044,19.326280901056034,19.18946760929834,19.029566825579373,19.14579414424041,7346487,176135884.09512407
2024-02-01,300044,19.16532218815979,19.095299032662144,18.813795939627386,18.982022320335666,3365179,79534080.41043042
2024-02-02,300044,19.401838440388826,19.5218017063986,19.025246172406405,19.219002384912116,6952225,170426424.4963633
2024-02-05,300044,19.39674134747164,19.725849412226548,18.966498232678735,19.228652156468755,1653337,33491352.127329547
2024-02-06,300044,18.91418981058552,19.276204764242852,18.99446061782707,18.994730829278126,8812704,224333874.44059977
2024-02-07,300044,18.887725797296103,19.013214799281744,18.628882251598302,19.00310856847971,3070303,59648127.45292988
2024-02-08,300044,19.200896282351717,19.092612770571623,18.823009524771656,19.02389822341501,6313011,130602046.13334195
2024-02-09,300044,19.292923618789718,19.785413107273293,18.80947496633507,19.22322092174476,5805717,164613330.6279302
2024-02-12,300044,19.40485148786999,19.56074821844573,18.68605397721455,19.227021798311846,8163300,235197315.83328488
2024-02-13,300044,18.982357378105704,19.451029391413982,18.92150826672525,19.0367625006697,6870992,187827057.70960274
2024-02-14,300044,19.37636144706334,19.677292601234413,19.10918847753743,19.227644919023533,1267773,27200346.839678057
2024-02-15,300044,19.167173555145247,19.38867956894389,18.756935759389368,19.102769452537622,3605235,77737450.86841726
2024-02-16,300044,19.0144927925627,19.60754231025552,18.809390018928667,19.18197579228591,2623667,71174919.78621562
2024-02-19,300044,19.35366390100157,19.640260388687494,18.90052446883765,19.21163887545002,7220289,187657966.97883567
2024-02-20,300044,19.073940176970435,19.62834887846162,18.93579909339455,19.23124998733401,2522549,54369721.75984321
2024-02-21,300044,19.09492932178836,19.744602914974127,19.169087645804264,19.219547740758983,4931041,134535869.60072434
2024-02-22,300044,19.27035111596723,19.699994094630817,19.09677323896997,19.29040112694492,7183632,171174205.7575468
2024-02-23,300044,19.561088045693054,19.54638078570733,19.03588951260346,19.482410670380766,7575137,210817069.1452719
2024-02-26,300044,19.21444148417778,19.391147581138963,18.834630268443064,19.16249707600089,3012405,65750824.828469224
2024-02-27,300044,19.056609967606573,19.439055045716724,19.013943460934122,19.218968420529087,2057548,47483233.25166648
2024-02-28,300044,19.33056975615366,19.72257562222868,19.00016894966831,19.232852133907315,7175629,187448807.97528288
2024-02-29,300044,19.229467809688007,19.158155312511678,18.612543056379543,19.039205473284547,6143053,164933747.51807064
2024-03-01,300044,19.223726513823046,19.782766050182122,19.12949664813277,19.249769892401112,2319291,45433052.51409702
2024-03-04,300044,18.978272623862498,19.39455440293872,18.6070845704845,19.068515122187748,8307872,190760571.05908945
2024-03-05,300044,19.184857015156005,19.629331737610194,18.90452016075005,19.18317101968846,7224722,173455143.8902456
2024-03-06,300044,18.91134115372192,19.319873713484352,18.49722230727829,19.03773763678838,1542051,42566161.43744855
2024-03-07,300044,18.791740075156945,18.83104510671772,18.42089876689522,18.79073616784416,7802614,209105583.51618087
2024-03-08,300044,18.583210645694827,19.243590504723713,18.177712450154992,18.722636523787045,2312047,45133123.487728976
2024-03-11,300044,18.80738310720283,18.961077427227323,18.619242331854554,18.851331732790413,3854412,76816425.13774614
2024-03-12,300044,18.95004750101251,19.07563588788579,18.70224636169774,18.916910170024167,3057130,63748764.71866804
2024-03-13,300044,19.13640069112628,19.17601188358287,18.612205905046856,19.097639905601472,2228634,51878388.01588508
2024-03-14,300044,19.266883794610617,19.57538992210943,18.841764679319294,19.34406840068205,8195571,229013628.69884092
2024-03-15,300044,19.372223686505478,19.7614852283266,18.943051589947647,19.30818211363004,7472764,156397306.34627578
2024-03-18,300044,19.11794002667233,19.543217995897567,18.96808206252005,19.003261127833113,7853166,154110004.15151525
2024-03-19,300044,19.307483815238133,19.540893856306276,19.091730710964733,19.27580609985943,7889354,206370879.3828048
2024-03-20,300044,19.559858112728648,19.587471052427183,19.049346752617467,19.43866931190054,6933377,198582075.2974808
2024-03-21,300044,19.684958264189476,20.22595453163662,19.30832941163346,19.720957776543862,4138309,91072135.78169896
2024-03-22,300044,19.564673495847906,20.004022458076147,19.297918990567,19.598126642879606,9609845,205643431.9303576
2024-03-25,300044,19.677138425880305,19.713090365833096,19.155126778991367,19.66890198189961,5563800,156789161.91905567
2024-03-26,300044,19.765109179446412,19.708629806485856,19.21202432314716,19.66550995906124,6873799,168460364.79028004
2024-03-27,300044,19.69228753363243,20.031132001883915,19.492306495143456,19.547148340593978,5141151,129334973.99127442
2024-03-28,300044,19.51925320710179,19.85942866653078,18.952017794608683,19.4956362872422,2074491,51140566.87305519
2024-03-29,300044,19.77417093170064,19.922363922330266,19.22327183410982,19.599335815600266,7699360,155602191.01549426
2024-04-01,300044,19.645541570852114,19.81158199736413,19.44055732733058,19.639645676229357,8232250,171685767.96209225
2024-04-02,300044,19.82326281818697,20.146426752117012,19.796212400033735,19.975025072407668,8815455,229146441.88825756
2024-04-03,300044,20.18489704192665,20.430001268011566,19.857380404987826,20.35543473837735,7126021,188001319.66917375
2024-04-04,300044,20.34638643712078,20.774177796022546,20.049030704528516,20.4136821060293,8028958,240306805.96039775
2024-04-05,300044,20.76093263777134,21.290777539391943,20.73620654945193,20.75185095438327,5651210,135049299.22192827
2024-04-08,300044,20.337631599422306,20.954099821501938,20.43354534967936,20.53297987676357,1633505,50224669.307260886
2024-04-09,300044,20.90136578411565,21.341325853666977,20.367082641711885,20.914867600173984,4736672,124337674.53846668
2024-04-10,300044,21.17554525672263,21.36411519234298,20.739132308081714,21.110828858744853,2526201,78981358.66588774
2024-04-11,300044,20.961054130205476,21.04820352614651,20.594117846981224,20.75686785676602,2073202,63120125.629441276
2024-04-12,300044,20.634457728945804,20.925309014092903,20.242694553449994,20.833428829791174,3344138,91215854.60524598
2024-04-15,300044,20.520778875616543,20.65044855233193,20.427907287982055,20.57046956566498,6298945,167982749.86166978
2024-04-16,300044,20.533785103604803,21.12396586521694,20.104291989256936,20.636358242795446,5885716,177572657.67335507
2024-04-17,300044,20.34465794956072,20.578675369981674,20.051275112562365,20.540341165644683,4203983,102006260.07987796
2024-04-18,300044,20.54794942940758,20.569576173846194,20.200812063118942,20.416288912652256,5617582,145047971.69872963
2024-04-19,300044,20.32936278132625,20.944100088700882,20.032518730118547,20.53282721676436,6672202,152782982.18524203
2024-04-22,300044,20.673017843101793,20.75832279761978,20.400694643939634,20.641304035795088,1656242,42790154.364517614
2024-04-23,300044,20.987971474788715,21.24063924874625,20.74829548449943,20.826032345535218,3351435,89058449.51638901
2024-04-24,300044,21.0354263930652,21.115692936907458,20.59343667535815,20.904207947208526,9976123,234080473.8574124
2024-04-25,300044,20.77126876918034,21.349490630012234,20.778433310646953,20.91631592828591,2728908,78175193.16070321
2024-04-26,300044,20.894529762101293,21.44663273860921,20.4879098851204,20.93019914922003,7152289,173383840.63912526
2024-04-29,300044,21.21590451956772,21.415976027226947,20.721951001720043,21.32261741830287,7505771,204162022.86805832
2024-04-30,300044,21.175621943943817,21.17172193504505,20.677034625510583,21.068800595416597,3537368,75936463.99966371
2024-05-01,300044,21.49675232693208,21.858502483309028,20.93548612312625,21.298986319037674,7339081,170502794.47340935
2024-05-02,300044,21.06409660505555,21.609625390928723,20.977932476348848,21.23061472997788,6405996,200026126.78849888
2024-05-03,300044,20.993565706959348,21.593012740971268,20.999713789277926,21.084394144566893,4633299,123421352.52112924
2024-05-06,300044,21.055251236367305,21.233647397457993,21.009168484928733,21.14115818845479,5550531,170905245.47345674
2024-05-07,300044,21.125795443833127,21.41148559812743,20.785107582569076,21.104498263066294,5277322,113988737.2461604
2024-05-08,300044,20.678789397892032,20.971353089242122,20.22629815091651,20.72440226547411,7720094,202705424.19445038
2024-05-09,300044,20.555184765062492,21.211153505298142,20.45720986148567,20.74436878811359,9601471,233086385.6322515
2024-05-10,300044,20.51345166633285,20.845250463177333,20.10611824369618,20.586223641319716,7061044,193060555.2989376
2024-05-13,300044,20.987125799739044,21.51810517607598,20.80794200568578,20.89718513151575,7233439,184832377.44042674
2024-05-14,300044,21.23686530664511,21.197556759735825,20.55393016986827,21.075936555145713,8581596,244212411.3441956
2024-05-15,300044,21.092508874925368,21.5850426726196,20.580024510963216,21.17879573635946,5096829,151798029.00391835
2024-05-16,300044,21.274377272777414,21.727253389330254,20.763002759547547,21.352425279143468,9415435,217624934.16914862
2024-05-17,300044,21.189885138487366,21.220875122028122,21.158961677157073,21.18372800730161,5871051,137020604.9264819
2024-05-20,300044,21.26650020135306,21.553665079661993,20.981866220815874,21.23971775477939,4022075,94080280.7126703
2024-05-21,300044,20.8990755610982,21.487002472806843,20.864844936103772,21.05703990639495,2560735,60040686.33972297
2024-05-22,300044,20.366718137543256,20.800903899471024,19.935310861166595,20.446136904254352,8032887,208710354.97096625
2024-05-23,300044,20.4799327261712,21.006390203984907,20.147406927516116,20.419759845607352,8865001,232646227.6473564
2024-05-24,300044,20.562212873621583,21.10869883482927,20.31104363910454,20.66762652367143,4190647,94072556.21400182
2024-05-27,300044,21.033651371052645,21.121298720570717,20.786008647821806,20.944131677712,9722891,284784595.6903407
2024-05-28,300044,21.020461390532947,21.327097020533614,20.82352247723853,20.858147714468657,3556893,78662784.0672819
2024-05-29,300044,21.1062812444745,21.108120803066594,20.56497880846106,20.98137195540111,9182339,217939629.87256578
2024-05-30,300044,20.758008924504065,21.24211751336189,20.88315829566186,20.921804991055957,2119777,65224884.94463404
2024-05-31,300044,20.74813016071009,21.447671007959336,20.640847127345896,20.832899621757786,7648313,230223877.63707408
2024-06-03,300044,20.87839522281486,21.03918989041283,20.9543197498639,20.973814077203826,8381665,185338171.3343249
2024-06-04,300044,20.38386995028753,20.543501336415286,19.84753497714634,20.429055083240975,9290606,190338647.6320778
2024-06-05,300044,20.851106216558907,21.299151983684673,20.54488914338174,20.694317117467556,9734036,280736918.7982671
2024-06-06,300044,20.865478356155432,21.56811240275993,20.815772647888675,20.99992284306873,9455685,273708035.0622096
2024-06-07,300044,21.07855193639472,21.230427259364582,20.545579665775914,20.976447109583553,9947247,230876570.4646741
2024-06-10,300044,20.9880480992699,21.246643128433305,20.31793376393878,20.935952752205527,5788261,132700022.34739968
2024-06-11,300044,20.918541407748343,21.189496180933485,20.763070708899388,20.840073068950904,4565584,135004052.79905015
2024-06-12,300044,20.752337628917466,21.133439041535954,20.234991035688243,20.77848800210957,5329503,131992575.3949728
2024-06-13,300044,20.759909956419357,21.07221528769195,20.485067245951125,20.869881693034337,6412161,135204847.02745432
2024-06-14,300044,20.803744798494364,21.113285112120856,20.75651709485397,20.991706539016445,4309078,97306264.4067662
2024-06-17,300044,20.81767157295418,21.24378981513189,20.527866865421267,20.838905595132104,3132447,77506075.94301239
2024-06-18,300044,20.56319597833716,20.87581583141594,20.511946712136407,20.72525689269358,9462593,228415167.1212096
2024-06-19,300044,20.8989192864388,20.811265128355252,20.17924030226432,20.76025433123636,4813152,115470342.01290864
2024-06-20,300044,20.45923549487476,20.58827401114527,20.511809353948518,20.566700402435636,1925702,50576840.19135771
2024-06-21,300044,20.829400301327944,21.15361790200003,20.230697679627447,20.808766558255737,6627828,181790440.50825483
2024-06-24,300044,20.921180007532026,21.008739123260906,20.12278607132927,20.71742645652263,5426560,146036854.36874872
2024-06-25,300044,20.765180528027486,20.881088859671138,20.6346898197337,20.644746003320538,2841527,59889676.78303295
2024-06-26,300044,21.336357961680594,21.273446536656493,21.162892569909236,21.22010433051493,5282366,135052264.62249956
2024-06-27,300044,21.425861587589257,21.65318223280084,21.120433403286313,21.277727350951245,8768820,216020881.10922945
2024-06-28,300044,21.24828217392512,21.71114536849735,21.118018501113173,21.173069188422275,3470086,75238298.51509765
2024-07-01,300044,21.518258890493907,22.091826345129537,21.165910436415963,21.488865509160377,1235637,34620299.04391037
2024-07-02,300044,21.24799325133245,21.688143944845976,21.141618755280238,21.378083758233522,8163153,208955039.35335493
2024-07-03,300044,21.079501826287384,21.550740895538993,20.957668081405277,21.032567405511756,8078524,185741073.48824692
2024-07-04,300044,21.139409810715055,21.346340522574224,20.85361169174181,21.01116781477846,5351828,161520096.18147328
2024-07-05,300044,21.290313293920143,21.613521089401402,21.40090083411645,21.49463973818733,4383521,132796628.80356106
2024-07-08,300044,21.65232691633532,21.70434936578178,21.109062615169204,21.50585512987672,2938756,78081449.1746953
2024-07-09,300044,21.769997300882817,21.607204662101548,21.245026752577118,21.6007364547679,8594786,197815239.16890782
2024-07-10,300044,21.426301320106546,22.039717595220466,20.906672403262032,21.55325910999584,7968963,246606298.84442163
2024-07-11,300044,21.880259526497177,22.385218031932116,21.73050006809085,21.790969596648864,1238591,28905946.543013375
2024-07-12,300044,21.918964781069118,22.308698142279795,21.75522594899056,21.945618237814237,6592829,212419136.0085816
2024-07-15,300044,21.714729549974287,22.159378694483237,21.27249179999797,21.624197517413116,5817641,160334535.55112243
2024-07-16,300044,21.810715866346726,22.36336102816685,21.64323449784605,21.73109665263026,5497170,173101216.01000065
2024-07-17,300044,21.750418586851772,22.047900468050884,21.84320070901387,21.950474226883195,8723681,235677307.5699495
2024-07-18,300044,22.053762539840438,22.41491179652022,21.965849685891,21.983940718038063,8153783,199235893.35134533
2024-07-19,300044,21.930177810527724,22.300443375155172,21.806476181497214,22.016655556912326,9734540,232287934.1494939
2024-07-22,300044,22.218366987920277,22.34640884103927,21.525412971787095,22.04486902691566,5601176,149912162.45467386
2024-07-23,300044,22.162631391612287,22.485029530226967,21.769314660672553,22.05952913344382,7956237,239007849.4109667
2024-07-24,300044,21.82957346685528,22.401586324142738,21.72987570121263,21.934576104123476,5485751,177157159.2593127
2024-07-25,300044,21.73200156272603,22.129205126620985,21.66734222293257,21.874417702389266,2926792,90478611.15627138
2024-07-26,300044,22.42331709920175,22.50365986407347,22.255967027191968,22.31084691798771,1683923,48800021.09842293
2024-07-29,300044,22.51402730649582,22.76163258073064,21.80649240270822,22.385278972714694,7811707,204664859.54441673
2024-07-30,300044,22.544094311180313,22.677347234439402,22.328813070042845,22.424145799189912,7906262,190586145.9274396
2024-07-31,300044,21.874685307708575,22.435160081842874,21.892093800866938,21.912030262073344,2755646,82946112.95662487
2024-08-01,300044,21.8220563021504,22.511443931746815,21.78519259201452,21.91208461121609,9971095,272941362.0830229
2024-08-02,300044,22.519843723372475,22.442704375581076,21.878064714785804,22.316678856627934,6958247,195509657.41137362
2024-08-05,300044,22.159678687029874,22.124923133936708,21.732923533312498,21.969159438672015,7728131,247531332.17213696
2024-08-06,300044,22.05835305985748,22.094668996839026,21.52554391574217,21.897361288844873,5831180,149364482.0045031
2024-08-07,300044,21.481327033965815,22.297129816100814,21.480192441885656,21.684753192637096,5897919,182770211.39349657
2024-08-08,300044,21.910598037147743,22.407486723240954,21.351359843457566,21.91946561827737,6636383,199143751.35145706
2024-08-09,300044,22.143464637811505,22.410811614748877,22.115632194697906,22.12340536760005,1608556,45682268.311800525
2024-08-12,300044,22.226120306759334,22.48893841883984,21.525248233721975,22.043305919689143,2912777,77890395.72471373
2024-08-13,300044,22.006559405220205,22.547464759055533,21.517139922664004,22.12908743322253,2322376,68585683.62792811
2024-08-14,300044,22.147680750190865,22.81774246832593,21.71236535899571,22.345987503594497,6619194,195664928.52275074
2024-08-15,300044,22.563136343284018,22.92386964904034,21.843728238597638,22.413058571796448,1396820,46552710.591293804
2024-08-16,300044,23.05868521922029,23.541573719959334,23.045843756948013,23.112216479459676,2270284,62763191.757217556
2024-08-19,300044,23.148169624393873,23.5875668545675,23.263409396594326,23.29208628692362,5422542,128434856.29845652
2024-08-20,300044,23.543137255022486,23.537907365309703,23.33067670055996,23.449721377580914,4943382,122874528.73902498
2024-08-21,300044,23.235745361624733,23.750537448431206,22.81642770180859,23.401035709490316,7851667,188367279.83292845
2024-08-22,300044,23.188518214136913,23.51275543658182,22.7077448310385,23.152607366294976,2066195,50744889.416790314
2024-08-23,300044,23.435284084924785,24.284804246455426,23.381887461952594,23.606382370724873,9424409,227776057.24401173
2024-08-26,300044,24.019498797468152,24.220345486969734,23.19251186990445,23.907685955352502,3970636,120903371.84448428
2024-08-27,300044,23.24497208170108,23.182767697118347,22.896371158811057,23.113820393663723,7177160,202981837.49104518
2024-08-28,300044,23.531219232142966,23.645761315334724,23.31691910716046,23.573848270585998,4519074,125039356.20391817
2024-08-29,300044,23.573644565582764,23.99179839554138,22.77070231354735,23.391591556786118,8683543,271093039.89456075
2024-08-30,300044,23.07945477250929,23.41851350285315,22.915193740874354,23.150975226547303,6840808,170045442.17546007
2024-09-02,300044,23.414167453773516,23.64286437678949,23.20373724068966,23.280629808486303,2114077,53223035.20456869
2024-09-03,300044,22.852256889913274,23.098334708751395,22.835000400317597,22.907140378707318,6162674,148420629.58978558
2024-09-04,300044,22.897120200298303,23.227420785881723,22.61699797416499,23.095791148985885,9473911,301690659.8810339
2024-09-05,300044,23.05304965835087,22.950818050914187,22.42233210743401,22.900133570368297,6244124,179659415.8834908
2024-09-06,300044,23.029749146319165,23.102651207777225,22.417568028710832,22.963248045231754,1964305,61805055.6662712
2024-09-09,300044,22.74554359335887,22.747227161756374,22.184247288178646,22.747047486212708,5942942,145334913.80837676
2024-09-10,300044,22.889385396382878,22.818873310662504,22.62522088775048,22.673176972656,4712345,143767147.56600538
2024-09-11,300044,22.743621283555235,22.74008663838276,22.104399577709955,22.70296091308372,9648486,300653322.01854336
2024-09-12,300044,22.513777953851754,23.022947197142184,22.42720454259047,22.567314293609606,1451749,43103811.39851475
2024-09-13,300044,22.356924339925296,22.559017123096925,21.87177083751445,22.48604429573412,7902928,244041417.3316591
2024-09-16,300044,22.739466461916514,23.099969269253574,22.3573420061323,22.74351901609559,6411128,200345156.55122343
2024-09-17,300044,22.766961048266648,23.010894498443296,22.415802539078154,22.775708900910978,2695345,68831381.736287
2024-09-18,300044,22.495119298390815,23.100074189400342,22.163324496542213,22.484934335182686,3908174,110441337.13445863
2024-09-19,300044,22.29900129946028,22.938437198132664,22.105638498663115,22.285209707222023,7336355,212331404.4226662
2024-09-20,300044,22.28002868931921,22.784138191451373,21.98358777524587,22.272116239536768,6160995,179910372.6314236
2024-09-23,300044,22.03570229631138,22.11979135667493,21.717084149962393,21.94960744759223,5455466,151675078.2862001
2024-09-24,300044,21.991311479762285,22.615704933671083,21.83734588170937,22.125070628719577,1030051,33065611.96192889
2024-09-25,300044,22.46816329435897,23.11781891161623,22.206131930692294,22.527507951868678,7743120,209513643.42022547
2024-09-26,300044,22.500491177235393,22.508610467511282,21.780055376223128,22.36317941255235,3872851,99669890.13791591
2024-09-27,300044,22.682662841379276,22.669980795097484,22.537677430793103,22.592855218133966,6057422,173979444.5478888
2024-09-30,300044,22.666801781305377,22.75232756612528,22.107199505114824,22.63900744873218,3926623,124323773.43122624
2024-10-01,300044,22.41427643520815,23.106879435586126,22.505127836925343,22.558411373349287,5071350,140086945.20837465
2024-10-02,300044,22.29237301323369,22.57821656883652,22.168445470269113,22.199233138677155,1171624,37226976.189131066
2024-10-03,300044,21.964146033570653,22.48761767595967,21.49207330942129,22.03689955886182,9988572,248870320.0717244
2024-10-04,300044,22.03432127558834,22.71761851872768,21.814912541058874,22.066358160448104,9585904,266330071.67318207
2024-10-07,300044,22.04782947074599,22.60539119802456,21.898123748914912,22.018879442870386,2987220,76085754.81333463
2024-10-08,300044,22.32123435524927,22.291823529169466,22.132286881071,22.283627830455735,3545279,84024817.59895289
2024-10-09,300044,22.413770739142173,22.950278537593306,22.179465797450593,22.354788494239468,4874670,123993510.50404948
2024-10-10,300044,21.837260930246607,22.27910015507227,21.77181446814933,21.89574720422147,5044051,124079045.52797659
2024-10-11,300044,21.922841780831472,22.228628156342182,21.436280516716785,21.991016837613934,8877225,283061588.8244558
2024-10-14,300044,21.98806192230329,22.327744273533067,21.749839954417975,22.111163006813378,3250035,86032120.6128476
2024-10-15,300044,22.54383435513888,22.803792946477095,22.086867634559557,22.336237153467287,6244182,160207309.5402917
2024-10-16,300044,21.949329392989917,22.33478987090134,21.250047852631106,21.807000501822436,7659996,226049090.0825435
2024-10-17,300044,21.839382592997488,22.15909083167883,21.249082133733246,21.83784930177975,1609320,52601900.96305549
2024-10-18,300044,21.515362910823015,21.535371761332396,21.125055350615938,21.378586110862067,3095985,93626988.55064316
2024-10-21,300044,21.33548434368243,22.013677344118936,21.126691021860584,21.490521643952732,2476377,75900374.53724293
2024-10-22,300044,21.272232227242377,21.783090635808346,21.16352726600204,21.485982695360445,4111881,105218609.06621344
2024-10-23,300044,21.467464107272136,21.75467110446513,21.04631457705134,21.463761244820837,1254058,30338393.795945957
2024-10-24,300044,21.572801639948832,21.76797591023008,21.47604819966333,21.724993991756705,7991499,249952349.14359048
2024-10-25,300044,21.665200978159763,22.296942894814414,21.370329872670286,21.711813643299976,1887121,45304124.55283707
2024-10-28,300044,21.68710571966439,22.251423865756053,21.72992388615617,21.82427825284973,5457598,172144690.38531733
2024-10-29,300044,21.661824263594358,21.932053367956325,21.45359065299785,21.83510091575824,6406116,207308109.26574758
2024-10-30,300044,21.770643819494634,22.198440057393032,21.346957616124808,21.885180118324836,7967813,209439051.09360597
2024-10-31,300044,21.654161391993952,22.13310143086917,21.04245761061559,21.57438606585042,5073800,147541843.9569956
2024-11-01,300044,21.95558507573062,22.083024331449167,22.041404004298137,22.073168878797105,8020424,242667531.12835935
2024-11-04,300044,21.94392880791749,22.328968159646134,22.025645831309536,22.137433803850968,2946561,66397864.97480953
2024-11-05,300044,21.893817559560734,22.13057032282877,21.324291244125906,21.749345512478012,6013838,139311213.1298797
2024-11-06,300044,21.784063110429734,22.16706398908346,21.669708870084094,21.683827429599518,1571335,36921669.51828543
2024-11-07,300044,22.090637961890906,22.188913605538975,21.64093118438791,22.002704771137488,2998785,84765824.12174988
2024-11-08,300044,22.44357721104587,22.668987840842494,22.079865664939867,22.40765576386273,7219274,227851848.32044587
2024-11-11,300044,22.268703733255787,22.979303070389204,21.91009486438335,22.48311750567219,5178751,169968671.67139816
2024-11-12,300044,22.591190334416584,23.284359381245377,22.28189074482894,22.61547549493791,3887788,109958634.35436586
2024-11-13,300044,22.462228222868802,22.881849439677282,21.96997043600143,22.532437663031,7388950,241961817.645698
2024-11-14,300044,22.82217270619212,23.149350782140083,22.33309220966143,22.951142577146605,7634345,206465057.44856828
2024-11-15,300044,22.660074374778482,23.328559259679693,22.610472841939306,22.740000531651305,6247952,176568909.38923925
2024-11-18,300044,22.926512119055715,23.23360576469748,22.486522614027695,22.715610634191446,6153408,189890893.01696938
2024-11-19,300044,23.02742492408924,23.128688881980068,22.691303164900706,22.97758218232928,5958235,170590237.68376526
2024-11-20,300044,23.039695660672542,23.184185931594847,22.490940634538344,22.976821908395586,5785932,161349073.24133164
2024-11-21,300044,22.56299755993092,22.96650671874155,22.604648690057196,22.717873383257785,9272054,277184772.3201236
2024-11-22,300044,22.432561438968236,22.567801660877866,22.389097704987904,22.53255824828667,1806146,48991923.691395946
2024-11-25,300044,22.27625599629085,22.891271337740207,21.816663515779098,22.266525756841276,2909704,80440549.2193861
2024-11-26,300044,22.11169657312824,22.16434117985956,21.90287281838935,22.001528934640227,2166691,53287549.53940642
2024-11-27,300044,21.992360009595608,22.430319232352577,21.76220145131441,21.953352886340582,6525703,151406959.73253325
2024-11-28,300044,21.794687242219343,22.09474939064697,21.632934727569037,21.71626495280094,5303618,120097339.38307326
2024-11-29,300044,21.785043274661366,22.320427396373493,21.60415781003699,21.75362936894434,5365108,119575345.57857744
2024-12-02,300044,22.347815685963443,22.34831879502141,21.531070014792082,22.13891182143984,8242163,234683114.7522156
2024-12-03,300044,21.86354118586349,22.287314411921027,21.98451333013428,22.046280287146004,2148720,51568692.814197056
2024-12-04,300044,21.620226785489017,22.156861273312984,21.413150925132953,21.592441028392923,7795777,252121962.1868305
2024-12-05,300044,22.0584419238368,22.030972332637198,21.893742415963185,21.91276768926278,9545851,250008286.3952235
2024-12-06,300044,22.134204476231613,22.56592535333519,21.730536893766043,22.233900666890477,3128206,91915194.85618822
2024-12-09,300044,22.317098204195855,22.232306993794822,22.114531386894974,22.2156901148046,8353239,202450376.09596494
2024-12-10,300044,21.474071879753357,21.836714136744153,21.24014500243803,21.673874051643008,8423541,185172350.0386348
2024-12-11,300044,21.518555040560997,22.344853236024854,21.121797683334677,21.697549048042557,8197768,231686199.0980855
2024-12-12,300044,21.87981427535076,22.126871773873052,21.34952653255561,21.978504469326708,3364551,82042525.80840385
2024-12-13,300044,21.871113480131488,22.382278138535767,21.401276700031897,21.738823025932803,5799607,166907434.67530277
2024-12-16,300044,22.04980054831828,22.322552500042406,21.70200736939304,22.00141377638076,9535323,279461539.380294
2024-12-17,300044,22.144711293876338,22.556879227097063,21.568515360872194,22.029989479896003,6644759,183481969.91100824
2024-12-18,300044,22.28216515576065,22.739213901570142,21.603087839957027,22.17459008293438,5082905,118924527.18022123
2024-12-19,300044,22.396902077226997,22.361643945464348,21.937231069312137,22.27621139778288,8094230,252114470.0449947
2024-12-20,300044,21.938324349483366,22.026815455764332,21.62548389524233,21.892850127993405,9314717,297184829.22875726
2024-12-23,300044,22.01145077050362,22.042491203907915,21.407486393275132,21.827743941413217,6852781,180650304.41595528
2024-12-24,300044,21.910026100268542,22.272406254775248,21.766171197323885,22.016651782116085,9886258,246213269.1322234
2024-12-25,300044,21.50887603452114,21.803002180593293,21.256258498668757,21.714341751752436,3716114,117978944.19395569
2024-12-26,300044,21.544721881042292,22.029396261966504,21.097233106229496,21.56381578337737,3822389,109689619.98264275
2024-12-27,300044,21.599106228117183,22.043068817132124,21.070289630848517,21.636233925332746,1051714,30288655.130233426
2024-12-30,300044,21.82889684482087,22.02725070010717,21.306664227956254,21.793035121534565,9158877,201607223.21648437
2024-12-31,300044,21.789141745787223,22.05557142488919,21.291488077453437,21.86546295636196,3977889,103316859.93905978
2025-01-01,300044,21.221052494131907,21.867834270597548,21.04537584709634,21.307405180068287,5265942,129222892.71168067
2025-01-02,300044,21.118773289070756,21.277978256250584,20.822209250877663,21.192310922052144,3163107,74710118.97370106
2025-01-03,300044,21.045976026726876,21.41917091896738,20.37164330492686,20.855838139162998,4457067,120203787.77236168
2025-01-06,300044,20.672971143442638,20.72907152918694,20.19225825000739,20.62244345102154,2935107,72939291.3688621
2025-01-07,300044,20.43707370672998,20.85970766741442,19.95067625869575,20.383069563871842,5125253,132544112.22120348
2025-01-08,300044,20.416806022906382,20.644777247005546,20.123932757178384,20.361189670751372,5867782,151757367.73001397
2025-01-09,300044,20.440078535675568,20.342755879162922,19.886738354268697,20.271664605981957,7559272,217911352.218628
2025-01-10,300044,20.399938882273165,20.64284675496127,20.34777333593198,20.422450198599208,1293244,33152814.30916607
2025-01-13,300044,20.951342430217654,21.306695601311194,20.729242388869853,20.744154943112083,6407815,141993437.34934542
2025-01-14,300044,20.917348115969787,21.548940932336826,20.459332290482745,20.98091561427247,2276290,65694829.81587475
2025-01-15,300044,21.013576489714087,21.57454142656948,20.943248909803085,21.12891017733746,1430469,41549290.68285911
2025-01-16,300044,21.126651746251884,21.597851806054887,20.911386838224885,21.287137058403736,2228161,59628481.00827929
2025-01-17,300044,21.434338716226463,21.955044907073013,20.96152178498476,21.567001077590092,6838917,158808974.7607048
2025-01-20,300044,21.695857036882494,22.09775033022169,20.994008268027343,21.63275440864677,3420169,88122573.55133493
2025-01-21,300044,21.745393435428564,21.723880785452806,21.552902342215667,21.590296288779705,5441635,122569446.12663876
2025-01-22,300044,21.611020103261534,21.809988246255468,21.425189082788137,21.552809205734185,3369650,106237340.79708578
2025-01-23,300044,21.348844267000185,22.01184711593068,21.326442348668763,21.469800841036257,1559268,37624271.21926005
2025-01-24,300044,21.619891073599803,21.69461966210143,21.47809030050473,21.542867440803683,7301692,181504110.187703
2025-01-27,300044,21.61428157287269,21.654044480423668,21.386757153870345,21.601770264931574,6013374,144531939.83287233
2025-01-28,300044,21.532445004179593,21.85793312877503,20.79912601304981,21.351962104074037,1812885,50704482.07435353
2025-01-29,300044,21.23715673780331,21.29095571815058,20.680580765139435,21.282899013665627,8033130,251184970.02979568
2025-01-30,300044,21.362268173997748,21.49033971390265,21.106101353643197,21.269259845661672,7208234,192796952.68690473
2025-01-31,300044,21.20361158852263,22.003958302424458,20.88579005631005,21.39064574220608,8534348,246841826.92900422
2025-02-03,300044,21.013490156054594,21.303948620927972,20.489839248251958,21.030280023373535,9712305,225639831.046392
2025-02-04,300044,21.010819908983574,21.102631412643568,20.57811252252051,20.984161932878955,8916313,251288884.94980857
2025-02-05,300044,21.029930932579074,21.19686079396972,21.02713994246216,21.074852542051644,5429828,146451181.92064726
2025-02-06,300044,21.35599790125649,21.69706620604439,21.264808771401242,21.310319617398477,1808550,50369394.045327425
2025-02-07,300044,21.196111801563553,21.58443845691847,21.33045387949849,21.364818990032603,4658484,104198464.20709382
2025-02-10,300044,21.311913576025656,21.745547286130762,20.828582139764798,21.39288933573572,7352754,173790923.12714428
2025-02-11,300044,21.2622517678903,21.266165895395062,21.095170358777867,21.158119774620232,2630687,81486843.58300214
2025-02-12,300044,21.31223476654384,21.799899685346965,21.171812530480118,21.21666959911193,1015079,23662804.815590806
2025-02-13,300044,21.52675593441079,21.846721742635914,21.672711770031547,21.736909965208618,8165675,203138595.95020893
2025-02-14,300044,22.21536526290865,22.061679750629388,21.78300234154312,22.000469519813517,8281052,238223736.78058824
2025-02-17,300044,22.11337982980166,22.91269007552492,22.016434328077988,22.26452682638602,9776180,242746849.2481241
2025-02-18,300044,22.44552291208586,23.033782626114924,22.326051766271064,22.435771845607782,6470694,215728228.19007152
2025-02-19,300044,22.264287049375987,22.701782218704473,21.846041648369994,22.45080768405576,4649011,115589359.26107675
2025-02-20,300044,22.87641477350505,23.06516381650543,22.59604548972628,22.827135552116225,8873537,291646019.1766411
2025-02-21,300044,22.878138794730894,23.222117888320714,23.01033117242765,23.063654015678914,5026235,139416608.553379
2025-02-24,300044,22.90045529364494,23.476195284306854,22.844131863412596,22.860568779238545,6871390,167944306.28435785
2025-02-25,300044,23.480942993453016,24.032044176412462,22.70136031465521,23.399667099519306,1116027,27970817.27074718
2025-02-26,300044,24.292198258157935,24.773550117117807,23.885912736771015,24.071270537839464,7750785,249838638.20020765
2025-02-27,300044,24.144605572354422,24.2883116382833,23.703963022697433,24.103351150984857,2362873,59659424.32979182
2025-02-28,300044,24.267912991695088,24.94954466902929,23.782716975719985,24.2666696161126,5513006,196061949.09174743
2025-03-03,300044,24.461425011112127,24.666066128059008,24.22842920920679,24.296266776180076,1491890,36501129.392956465
2025-03-04,300044,24.257771966730843,24.908207831108246,24.41843626323557,24.490374825409305,7571729,261315858.17657387
2025-03-05,300044,25.33146785769925,25.471230922166523,24.54063533415013,25.104997838550418,9295721,340146768.09285146
2025-03-06,300044,24.977008046338874,25.528490486351362,24.93637316592579,24.961893831659864,5243417,154535545.52524745
2025-03-07,300044,24.53544824094304,25.244850809724433,24.33473284965004,24.643102229390692,1360462,45564110.21049299
2025-03-10,300044,25.031793016891214,24.999540146519518,24.690731740303832,24.87326787351821,3526823,100155293.12283286
2025-03-11,300044,24.924854703075678,25.285893986459556,24.61008057787059,24.704782717155098,6573578,166337371.27790967
2025-03-12,300044,24.78708839675197,25.347311445477736,24.67860408943206,24.938944320711364,2525684,89973895.39752932
2025-03-13,300044,25.257285200003764,25.56096718246334,25.083599669422693,25.157540728954856,1108411,33621437.12333418
2025-03-14,300044,25.136286275228294,25.57959003848926,24.565784487737112,25.285178565110645,5862740,161866292.37251717
2025-03-17,300044,25.048326370389663,25.892107631779606,24.694980799084583,25.237923908455034,9176136,325666194.13480604
2025-03-18,300044,25.25600324579698,25.50512969156317,24.93813691101697,25.025015787225055,6637475,207184056.89844024
2025-03-19,300044,24.559662280192043,24.953668237451996,24.178449291148514,24.787921757972384,8725896,258652210.51589143
2025-03-20,300044,25.263318159950106,25.652019758892568,25.379819819049082,25.44785658707537,8682447,239160262.44134954
2025-03-21,300044,25.27731749436957,25.70524615365941,24.657927524974102,25.251233603374487,9038934,249562943.60580027
2025-03-24,300044,24.906166727856437,25.513845872210236,24.607319241552407,25.10529548363853,3153838,81252657.33282687
2025-03-25,300044,24.72467908730596,25.351717539583746,24.649634896620434,24.959535835306163,2624833,81179739.04277273
2025-03-26,300044,24.55875621115556,25.062415716519606,24.041965361886316,24.49878339249773,2330291,58267866.2407076
2025-03-27,300044,23.547764214060788,23.526310337963015,22.881400551459222,23.35717099767712,6380163,216960948.5918938
2025-03-28,300044,24.15014306931793,24.232415210945124,23.789195105626476,23.98573562079676,9280314,246527258.80675635
2025-03-31,300044,23.79657087780809,24.277655702131305,23.44430226576978,23.979598031961192,8039391,239596734.12231943
2025-04-01,300044,23.88821420675407,24.25480454210581,23.513707603296762,23.656184692568704,8976154,296564260.1264665
2025-04-02,300044,23.87552678029498,24.30200135052018,23.70170542503337,24.115103151750652,7621605,263805739.87857658
2025-04-03,300044,23.71030131769767,24.366940102551492,23.675945401556387,23.850003896718803,3505442,94654459.17304328
2025-04-04,300044,23.803934816709113,24.089331874680692,23.740277590263343,23.777816309959498,3697538,131409189.8904059
2025-04-07,300044,23.809687859137362,24.573879391339474,23.861732454986825,23.995607964256486,5704410,185920414.43621442
2025-04-08,300044,23.869988024569434,24.513150728192233,23.117037585952996,23.800489346585447,4688832,140437372.85687572
2025-04-09,300044,23.742204698597664,23.89350252640341,23.1627745618546,23.6989000683636,9444198,301142614.5976251
2025-04-10,300044,23.475354746152796,23.818639996388473,22.96515399231593,23.611756230464476,1010875,34240468.051904276
2025-04-11,300044,23.39651976103832,23.738194639123495,22.8665050901472,23.412814389704653,3764944,131434117.12056454
2025-04-14,300044,22.78996420978591,23.416661412596625,22.262688896559176,22.88019067326,9651291,274612498.3517165
2025-04-15,300044,22.451276652438487,22.723874603449545,22.267253769134527,22.45920388409906,4989133,121290391.87070346
2025-04-16,300044,22.758894903440922,23.27632592866166,22.642859582819625,22.940952840213626,1717925,56905162.45989233
2025-04-17,300044,23.22927667136492,23.225304226673554,23.069717405161764,23.14471240264185,5557087,166817664.8127771
2025-04-18,300044,23.147823200213253,23.806301711777458,23.34281043748443,23.345219731704336,9542605,259569826.6920944
2025-04-21,300044,23.058710504822773,23.507256087372507,22.746868767889698,23.18024720633383,8660747,241464074.2447408
2025-04-22,300044,23.387016868222155,23.23931364101895,22.836947872440028,23.16486102565648,9305403,294760869.0376015
2025-04-23,300044,23.14014487451984,23.588862964976016,22.533747416537405,22.932876991462933,5494860,159326574.0302042
2025-04-24,300044,22.741668211637407,22.979875988891965,22.418221777489688,22.87501985007333,2137569,64986491.35503637
2025-04-25,300044,23.070022223948303,23.136751306491064,22.502308699097654,22.88194950547241,6359600,213406291.73828536
2025-04-28,300044,23.262112165837245,23.18850650982572,22.759575482097336,23.110682245647908,9331954,321051318.1574229
2025-04-29,300044,22.48171904824661,23.100982288211934,22.05495707730492,22.65465685219219,1586436,46532317.924199566
2025-04-30,300044,23.295684102372288,23.386417026057167,23.084971840046652,23.09728535902215,1652383,53503587.84739958
2025-05-01,300044,23.007860421240565,23.277480541398866,22.201598785272683,22.873344902762838,4035052,95156098.419905
2025-05-02,300044,23.109346803905407,23.35378037763208,22.65603935410874,23.315523261274834,2955301,75249588.46438606
2025-05-05,300044,23.850353207461332,24.1267620426062,23.635552917868857,23.642177970306506,3387585,114037750.91197057
2025-05-06,300044,23.896229130395085,24.091081711590196,23.550235336492783,23.939136713418854,5595304,189111219.5889053
2025-05-07,300044,23.844547792142794,23.94627974767924,23.489650424932382,23.837415289772306,9750041,291108631.5306391
2025-05-08,300044,23.916758166099214,24.042714248812924,23.73274054604089,23.991759056121914,7006321,199109188.07763904
2025-05-09,300044,23.831258388535268,24.195888430060762,23.643499905788012,24.052816423654058,8634925,210925345.04816034
2025-05-12,300044,24.49389113367131,24.762368520508016,23.915426157556936,24.506629141467194,7090234,194696136.12367156
2025-05-13,300044,24.27505185654674,24.810098504307696,24.168231525201424,24.231333438757673,4944801,170628041.57080838
2025-05-14,300044,23.56038795099556,24.380835899124136,23.159976813373653,23.724354820976806,5424290,134485907.20225015
2025-05-15,300044,23.876679766325555,24.35670560091049,23.267837995879642,23.659183280839464,5160518,125360960.92908843
2025-05-16,300044,22.90263931606375,23.1826330859357,22.82579713435696,22.98247287658906,5220066,153327515.08850896
2025-05-19,300044,22.956227912249304,23.458125558910023,22.630813935681743,22.905350712296375,5938883,177257034.76833987
2025-05-20,300044,22.833326573714622,23.339360473048906,22.31446754843627,22.87418560214115,8593536,237501520.46947423
2025-05-21,300044,22.979517515542664,22.90454503352646,22.339008782455156,22.781872246559118,7932983,226392341.35596213
2025-05-22,300044,22.938430160098815,23.144380532988205,22.64009009759112,22.81710626260992,8686242,248459212.76050833
2025-05-23,300044,22.751851861362635,22.858832794786743,22.473179623796362,22.74290123847211,7520266,234331306.47255334
2025-05-26,300044,22.11909721222808,22.82260041072636,22.132677571213236,22.339984375539935,5127754,165478002.71080273
2025-05-27,300044,22.712556978237817,23.036546534075697,22.276871616771313,22.51926580722549,8233288,211617252.0512638
2025-05-28,300044,22.666013527734517,22.626942909319716,22.291107914905048,22.450541858722957,4460676,101795389.34986462
2025-05-29,300044,22.144137375515058,22.761467593315622,22.130212702931143,22.335853221698294,7786863,176897988.8402479
2025-05-30,300044,22.380975074126095,22.85867536766622,21.924549566074003,22.37382814557305,2398406,54602465.92697121
2025-06-02,300044,22.5969361019689,22.808188182552684,22.312067037088834,22.70469809477757,9738737,242481572.30355278
2025-06-03,300044,23.094897504672506,22.964170993016797,22.424840552951288,22.90422781701107,9479041,303280244.47474295
2025-06-04,300044,22.541949440764437,23.23236071783382,22.160107564091394,22.653010952792126,7139914,199256116.49817705
2025-06-05,300044,22.692876467692052,23.17791502452551,22.43758463329993,22.857525717132734,1834775,42322769.77544293
2025-06-06,300044,22.645667913594416,22.784990919947564,22.494945057042134,22.594891877749948,9252436,303021064.25476235
2025-06-09,300044,22.276000107259517,22.86099998644332,22.247231257896544,22.27089059031392,6721276,214341314.66366374
2025-06-10,300044,22.272731104964766,22.899425305740703,21.968858073353662,22.469822321056682,5908016,134473304.5460829
2025-06-11,300044,22.132219026836648,22.89592831082844,22.12751367161996,22.243012351837645,1901454,42504151.74704561
2025-06-12,300044,22.063043226326982,22.76630389797914,21.827120495006653,22.1651318221043,3793091,117333407.51222683
2025-06-13,300044,22.11264863956132,22.109845356592874,21.3928882886357,21.943245059425486,9758924,313570643.1389723
2025-06-16,300044,22.149916342841667,22.38362177011242,21.367515520321746,21.998566030736512,7573904,170181232.66850045
2025-06-17,300044,21.982236742343268,22.609186975258726,21.862017011785223,22.14892355470587,8503526,203595737.81672743
2025-06-18,300044,21.98154650236336,22.84706021534037,21.817640158060296,22.188055230028894,6533365,157760974.53074816
2025-06-19,300044,21.909505759935822,22.42100148375563,21.921602920263208,21.94626929915129,5928806,160159188.80715328
2025-06-20,300044,21.74322832846794,22.539502631823172,21.61415498242099,21.960766615453636,5557278,153456677.4139268
2025-06-23,300044,21.97323540835923,22.007822741228363,21.607423094981126,21.835690704345282,6772332,164992627.16009888
2025-06-24,300044,21.594127419329666,22.141203562708377,21.749309763329904,21.78169404754769,3252902,82779671.8521723
2025-06-25,300044,22.255565432510814,22.21550543518497,21.502467793263204,22.155106974855233,1850714,42565844.62640286
2025-06-26,300044,21.98106886175059,22.183512401956182,21.782329239200973,21.895202237063753,5742007,161601679.9942662
2025-06-27,300044,22.09195030704613,22.435697181454668,22.178675285589694,22.29127304207927,9717171,317428383.4208247
2025-06-30,300044,21.679019624029664,21.825333244998873,21.61595769571742,21.799898847919792,4750910,145010184.63191146
2025-07-01,300044,21.61284212945178,21.76052958502384,21.386524063351345,21.635109080647343,3752210,81994691.04213801
2025-07-02,300044,21.15269210374571,21.12060684077106,20.744911039069294,20.989134207359708,9757626,267600789.6949679
2025-07-03,300044,20.845322163634876,21.511646066689842,20.61380654620076,20.9060371876294,4464415,99595415.3102278
2025-07-04,300044,20.824847592781015,20.82370440724839,20.65880372995648,20.708984114748716,4408171,131105058.93013495
2025-07-07,300044,21.152122441372416,21.46511134672073,21.08168424096459,21.191898690188367,6563486,141325861.9375995
2025-07-08,300044,21.461811531664278,21.535924461068685,21.24584059727934,21.317435642779706,3612200,90780612.79571739
2025-07-09,300044,20.996329896693737,21.648739002240756,20.775856377664287,21.06086146118923,4437706,137942703.6070331
2025-07-10,300044,20.929103135793227,21.370384948377687,20.9772306976917,21.10186968276373,3288279,95164785.44636475
2025-07-11,300044,20.783459125972055,21.045933961067394,20.691421574708535,20.72273315798695,8084958,192313611.24596864
2025-07-14,300044,20.687050093453802,21.012661426797326,20.22238531274962,20.79261053931608,8223586,172576307.81565833
2025-07-15,300044,20.833461081299063,20.893700350409244,20.184152908206574,20.792857014188698,8567831,217731408.79631954
2025-07-16,300044,20.691044087058266,20.942000379943355,20.302343177713798,20.735960833796202,1243565,38559265.28703205
2025-07-17,300044,20.75203652967217,20.859557612343025,20.27311693331339,20.66182304724957,2850516,79339143.74316514
2025-07-18,300044,20.79140399056829,21.135164615984312,20.580304521782153,20.79570817873833,7787353,232815940.6375572
2025-07-21,300044,20.50738410642972,20.76157495093332,20.208022630997636,20.698905980372373,9751515,286430060.9827813
2025-07-22,300044,20.16952505324771,20.572240079778354,20.102082683933602,20.195172030631756,3798880,96130407.20478512
2025-07-23,300044,20.172270859173327,20.35475947941843,20.060239469624094,20.0996085985048,3934725,118353032.69603151
2025-07-24,300044,20.046555285315897,20.145667710775065,19.346966946076805,19.866194406282638,9471760,211159416.0062529
2025-07-25,300044,20.237281762865145,20.47514461618071,19.68204867894663,20.058103230449085,8929960,251431534.09508598
2025-07-28,300044,20.020251334870522,20.32857575043086,19.285250676168467,19.86234308143063,2723687,55815280.37932902
2025-07-29,300044,19.865488928613424,20.39874484016787,19.487851749793112,20.008139790268842,8831202,242389734.86672428
2025-07-30,300044,19.73037795067246,19.999543105988852,19.40250393052065,19.598695826641062,6645981,160289370.54019117
2025-07-31,300044,19.36528205427553,19.906516519579647,19.086172281488686,19.4039661116595,6489835,156658181.41042656
2025-08-01,300044,19.845097552439558,20.068640697510805,19.23021872753103,19.739871888202707,7978840,200403966.18370625
2025-08-04,300044,19.53284225073733,19.790163192475063,19.382443275913108,19.42595012938947,3017910,70737533.61004151
2025-08-05,300044,19.398213745346162,19.637588002978596,19.04372122039449,19.5174559422105,7996929,197608734.08086067
2025-08-06,300044,19.01951249069264,19.20477415491038,19.021011005256973,19.177809728744755,4488368,126457590.25516364
2025-08-07,300044,19.215119973234632,19.6471898410725,19.025972361755592,19.23091014143884,2593801,60266493.70439099
2025-08-08,300044,19.36385861835207,19.93308761717337,19.223189464288087,19.3691930400802,4293378,124625871.6987206
2025-08-11,300044,19.53641598070716,19.536137244411954,18.92470680580869,19.44699902134171,4076797,98145054.68301056
2025-08-12,300044,19.789123722377543,19.981163453349204,19.120930185939333,19.620969279063647,3186788,73955343.31568448
2025-08-13,300044,19.743116137329114,20.093087700086063,19.484188948428194,19.876973399958977,1393785,35792699.86836228
2025-08-14,300044,19.726186988846827,20.14380616165064,19.551436377158208,19.843727896469392,9368489,256949497.95476863
2025-08-15,300044,20.006861039493362,20.280250925635972,19.75457513785013,19.979477943202703,3853158,99364492.86747316
2025-08-18,300044,20.146533487884273,20.589153425572086,19.436303498931647,20.013760019799005,3739477,94845048.08116968
2025-08-19,300044,20.30529668003453,20.201566058762335,19.896131130862496,20.1205541242121,1319636,27426662.614130303
2025-08-20,300044,20.214513226777058,20.815512937650457,20.193830868262253,20.354697101204913,3520781,81218168.63987066
2025-08-21,300044,20.78783768873917,20.9806483479317,20.268897948160763,20.667019731684416,1557257,46689508.02530511
2025-08-22,300044,20.4408394931218,20.850876609095593,20.097658817197573,20.441739020116692,5596957,130919787.49769986
2025-08-25,300044,20.639017075489175,20.805086380446987,20.017344807904102,20.497332074585618,3880098,111033803.64536965
2025-08-26,300044,20.78766685947634,20.925244595070442,20.274300131271975,20.75574138201698,3983134,117800893.43800509
2025-08-27,300044,20.707542039540527,21.22027036642354,20.759445882327952,20.878746559340694,3417602,89233019.85719469
2025-08-28,300044,20.979925993166898,21.22927219334245,20.593115678815646,21.0181474710932,8673704,269199707.56415266
2025-08-29,300044,20.81681254688231,21.485573133482433,20.479757839206325,20.93497761530038,3471534,107432825.90660892
2025-09-01,300044,20.885889367231265,21.233142068585856,20.678985518041728,20.80186657460583,8221318,212676993.31864277
2025-09-02,300044,20.528568550392894,20.92347915132361,19.898661206429214,20.50705318146404,9883113,303157867.86396575
2025-09-03,300044,20.804946695111962,21.038026841028802,20.87371203714019,20.983570366857002,4357358,98413171.5701684
2025-09-04,300044,20.841554141360948,21.31570836313509,20.845892765803583,20.977290018414557,2434433,67393748.66307521
2025-09-05,300044,20.656463600001413,21.274512156038863,20.542331432161728,20.739302306799598,6607758,185548135.36202684
2025-09-08,300044,20.53021578385911,21.02316233310819,20.304656693483736,20.63605926867117,1876437,46336114.57982473
2025-09-09,300044,20.568204614811826,20.925654705651624,20.456774227724484,20.747204634723232,8148355,194936355.1684767
2025-09-10,300044,20.578868051988657,21.043457813707896,20.287645999410813,20.555448490921286,8600298,216500148.5145819
2025-09-11,300044,20.814549895755874,21.44587425381854,20.596739776174214,20.907889215715933,1234976,29592057.297344413
2025-09-12,300044,21.084206083527654,21.019112045942304,20.61294566166177,20.94906731090808,5526189,165415793.8307705
2025-09-15,300044,21.16536045113621,21.17954116224009,20.50886531997861,21.099199406593208,8118823,240450335.43770963
2025-09-16,300044,20.901205092725558,21.56146822788009,20.474157113368378,20.95520698562236,8641651,199778819.5178133
2025-09-17,300044,21.087546350446342,21.501339074967664,20.47641702469379,20.972980399105936,2487685,60632600.09705778
2025-09-18,300044,20.933809301685308,21.319972341032265,20.50080815779008,21.12598743888364,6547756,180843366.3226214
2025-09-19,300044,21.228851927477827,21.244793820191823,20.95311208309087,21.19488275321759,5416550,115770840.15710221
2025-09-22,300044,21.697592075250416,21.631791454722077,21.11037440001447,21.561372757947026,3867655,98512351.70209853
2025-09-23,300044,21.562096432525195,21.720538815458923,21.609976977256494,21.647083322766242,7629804,171507868.52881372
2025-09-24,300044,21.77524294091741,22.115474860372704,21.346183746820927,21.854654223566307,6255071,204996544.6094212
2025-09-25,300044,21.494742007913654,22.100752976031245,21.37775708016825,21.647104201663627,4185173,94336345.04216024
2025-09-26,300044,21.93100531365963,22.547262637625643,21.269380517789333,21.92361435712886,6788251,168245316.17456475
2025-09-29,300044,21.94684905329922,22.565719156544763,21.490733812093843,21.965301976735756,7573325,240802061.8200473
2025-09-30,300044,22.36188635557175,22.41522298799566,21.836240411084425,22.28163528619684,4025167,115067490.0641295
2025-10-01,300044,22.59974395636241,22.78760756152495,21.832716210666735,22.45773516501749,5098305,145768344.39170066
2025-10-02,300044,22.91225239094665,23.276144140161314,22.850009575798715,22.911331107959533,5663756,157482274.14813626
2025-10-03,300044,23.15819778441528,23.446448665152065,22.99079550680891,23.22008106425777,1294553,34047899.28441936
2025-10-06,300044,22.966137897279097,23.70955739696872,22.93150172356323,23.17599431795817,2105478,48799175.98994207
2025-10-07,300044,22.865441110827344,23.366689779690088,22.244899973598507,22.804847221656466,7725999,229154644.60117567
2025-10-08,300044,23.241632154763472,23.34799209530688,22.983649298695166,23.040225286302313,7372304,212398881.1012326
2025-10-09,300044,22.972882435661028,22.98545969467108,22.821084902825426,22.980552407558662,2132179,53383420.651508436
2025-10-10,300044,23.573895054111077,23.379414115729894,22.849802065408127,23.350206826742422,9853440,276458551.81160235
2025-10-13,300044,22.964516368809576,23.441842170572716,22.49253071187875,23.018256236727154,9120161,286074587.23103267
2025-10-14,300044,23.307903800410102,23.811279435641744,22.851578258336033,23.222656588345625,3716624,104501856.51991852
2025-10-15,300044,23.519523157161867,23.64280358877043,23.444210044274744,23.500736903574833,3983262,99189436.20306921
2025-10-16,300044,23.06193811088525,23.538458169239654,22.60542955607963,23.285588383920825,4798438,115303653.94338416
2025-10-17,300044,23.191590232150503,23.871813458161952,22.551098238284585,23.21519764883289,5444597,177659101.24816322
2025-10-20,300044,23.564627013618523,23.959815674884236,23.611533854507048,23.709301061634722,1718086,53670381.70762144
2025-10-21,300044,23.277362566528538,23.548315249620742,22.774643134831827,23.201787550610895,5924723,192094952.1132364
2025-10-22,300044,22.825169462659073,23.63986221144487,22.38668227389488,22.963840329271257,7721309,224590650.16328776
2025-10-23,300044,22.898069352056567,23.542898736584622,22.668701561902576,23.10536841255295,7856582,228332691.2460774
2025-10-24,300044,22.76792006151523,23.465292155266592,22.769953569151205,22.92038073242763,3210585,79645867.5804425
2025-10-27,300044,22.819072126950076,23.175420402117606,22.352118525869628,22.71528452198376,2191420,66604991.82369396
2025-10-28,300044,22.48135358560244,23.123171572329888,22.106138538581817,22.479860493830905,7183428,197400877.98849067
2025-10-29,300044,22.61258784751216,22.83573536984861,22.045462152401225,22.549884912965172,3906852,100665242.28677285
2025-10-30,300044,22.221696405278756,22.947914519526343,22.19436761051136,22.432716763752182,9746107,279208378.1780619
2025-10-31,300044,22.911936892562178,23.42188351363051,22.735613230862675,22.937601566686933,8273163,218050200.7103219
2025-11-03,300044,22.762780997380517,23.475543351134476,22.803268471110353,22.895198855283482,1843317,61402996.02412644
2025-11-04,300044,23.15075230610225,23.600051122301224,22.585971121820908,23.084599534121132,8819604,223481035.3371268
2025-11-05,300044,23.478569232008834,23.69236346288156,22.994957901333038,23.325328329451068,3803689,126639953.95069572
2025-11-06,300044,23.255360425937894,23.618604247370524,22.815807413758282,23.158679068197053,8748640,274469914.9169129
2025-11-07,300044,23.194135826215586,23.720163560124085,22.756862565119764,23.083759882697894,8480003,206726410.84445298
2025-11-10,300044,22.657704663822305,23.449227137320552,22.352123708893604,22.79382084181063,8675339,280001606.7450716
2025-11-11,300044,22.820747413987387,23.172095974735264,22.85234908830179,22.990992701319335,8011243,217362915.97000596
2025-11-12,300044,23.07730887304677,23.75635498956326,22.58856931166796,23.19608147829325,9534979,308938766.29548496
2025-11-13,300044,23.81367908570953,24.000036503361073,23.60484619336317,23.854701579735746,1117274,39211710.124185994
2025-11-14,300044,24.083029957185712,24.519452595290407,23.73578804118641,24.051199958235273,5941756,183808521.0179096
2025-11-17,300044,23.962011848498214,24.149341442965028,23.747688880055243,23.835005990770995,9357564,241831556.63341436
2025-11-18,300044,24.04014882777181,24.207760876952733,24.017955875136646,24.186288595741132,1660247,53254547.24819695
2025-11-19,300044,24.076261005633146,24.871402728501938,23.92391293782478,24.243066049560852,5133878,179490445.7564359
2025-11-20,300044,24.007487637412094,24.472722852063377,23.902090348868786,23.973919876952085,5955950,157160565.15543136
2025-11-21,300044,23.40198856440207,23.586636187441233,23.281908701921147,23.53039926836816,5796717,202832245.54310867
2025-11-24,300044,23.687541742745307,23.791364452098637,22.94112085622937,23.649890208151643,7120536,228750181.47358406
2025-11-25,300044,24.006256334784773,24.15068814465074,23.319283530870123,23.903919139078134,6860708,176863803.75500563
2025-11-26,300044,23.179794880566767,23.75075883576736,22.797537765045167,23.410869164938777,5360026,126782634.60310753
2025-11-27,300044,22.974630712973543,23.652705343104266,22.804791555321287,23.010825364707436,5902263,194275570.23805946
2025-11-28,300044,22.71060569162406,22.996086304584644,22.48171865165275,22.653829850991357,3424139,78361805.23410219
2025-12-01,300044,22.19759146251078,22.313207344042752,21.87324143067281,22.14008650506167,4408768,105975969.90622278
2025-12-02,300044,22.21113865101159,22.40147671446191,22.228578675621073,22.27258607838769,5359991,132354808.0722459
2025-12-03,300044,22.170712430356645,22.296133414058673,21.65440430161041,22.10902667438195,3861489,121507579.02569441
2025-12-04,300044,22.113874877412908,22.258566415303502,21.793314366501722,22.254951179882568,2823271,82496173.52118394
2025-12-05,300044,22.432430258091713,22.931390613874598,21.72109094078721,22.277656585708463,4307893,136235059.79000735
2025-12-08,300044,22.46989100532916,22.852703302272324,21.968933610081535,22.54208080126594,5167283,153622754.4487177
2025-12-09,300044,22.930529703151915,22.850638947784578,22.52358887480151,22.75980220504071,9886614,296512604.3409777
2025-12-10,300044,23.06406148874435,23.159865808316642,22.486298852294052,22.926545897940755,2339901,62785271.679214925
2025-12-11,300044,22.788845673910174,22.90490504084979,22.340248776794276,22.671764079896036,2670890,65826469.89747147
2025-12-12,300044,22.546687142797307,22.718356192690067,22.537547389303516,22.65740436626116,2043944,60048887.83002363
2025-12-15,300044,22.341202844741282,22.701542088072838,22.443382407168148,22.471463836769477,9177210,216425487.50328636
2025-12-16,300044,22.62831465741644,22.899098976118125,21.90414368091904,22.456195367658502,4155839,122833700.98389874
2025-12-17,300044,22.563775997876157,22.5545579529609,22.2333624896263,22.5508485306163,4455206,135899380.74012256
2025-12-18,300044,22.486663067363615,22.80003017448267,22.297441109978223,22.437552607688225,1000918,28460524.763720546
2025-12-19,300044,22.910969854768634,23.209633752531143,22.709093115580615,22.922274082611523,1442172,34861885.94321525
2025-12-22,300044,22.79042736659483,23.32222441204859,22.134252395138862,22.64981894466269,1887800,47990745.69662163
2025-12-23,300044,22.63470442713005,22.883431982537516,22.315241223231297,22.717082941451785,3017633,80682276.62786292
2025-12-24,300044,22.917742090787677,23.31367941168281,22.76564510559434,22.93694421128008,3973077,113956432.46157376
2025-12-25,300044,23.183642856522106,23.88381197651024,22.944791101375845,23.220939868128337,7739913,208000616.93061018
2025-12-26,300044,22.901577175332964,23.09713100725072,22.853874317040404,23.067793869504932,9651504,284420966.5398474
2025-12-29,300044,22.96617936413299,23.3557054896126,22.353557286276157,22.85229918485259,1425365,47944920.956276454
2025-12-30,300044,22.643719011523867,23.35277212890194,22.182861723302597,22.849088353101564,9944204,339857454.70459
2025-12-31,300044,23.46954589045448,23.454224162812736,23.08042623591408,23.323384854166967,3475230,114580230.3515006
2026-01-01,300044,23.56668629924077,23.713696892708107,22.998760263038797,23.36463809597943,1256032,31007986.82708662
2026-01-02,300044,23.002396860848183,23.56862010491489,22.494040736455997,23.130811863860803,2044658,70740930.8391514
2026-01-05,300044,23.030423472589515,23.315247067446624,22.78465068289239,22.91809104433061,5865768,171377776.034416
2026-01-06,300044,22.454817724262067,22.488679492921637,21.96136181374183,22.381363685054247,9812928,254213912.9271976
2026-01-07,300044,22.06168123663712,22.49401004719796,21.644607443345347,22.110579141157647,4261201,131868043.64059106
2026-01-08,300044,22.164570897502674,22.466714308926733,21.597754778201022,22.160209404432038,9004670,296891132.95420694
2026-01-09,300044,21.757117657443914,22.151286151307286,21.14418613305598,21.79060209845064,6284105,198678900.05127865
2026-01-12,300044,21.54560972431617,22.18581463744679,21.106195301565354,21.72622532175309,2584574,61563124.168913744
2026-01-13,300044,21.39521230256782,22.041191251449934,20.950929231031903,21.50477737197062,5631080,162991275.5550836
2026-01-14,300044,22.16315007440179,22.2099077820198,21.403427132833905,21.986872797050133,9121074,230114729.57170692
2026-01-15,300044,22.178351795590483,22.73104773754736,21.673653299449633,22.165275217223105,7724986,205441177.73819193
2026-01-16,300044,22.251996317217497,22.87035883248582,22.05937582930597,22.309579702123287,1365012,32469595.56732124
2026-01-19,300044,22.2682079038452,22.67763479668711,21.900084803362017,22.395277314071617,5121516,167235661.0210906
2026-01-20,300044,22.32067005465507,22.597682699819234,21.80283464326318,22.400172451398888,8056033,270454215.783393
2026-01-21,300044,22.468367077321375,22.410501112108204,21.909616477925915,22.2465553680479,4120929,117930602.53458083
2026-01-22,300044,22.466876951269153,22.611041680965673,21.872085537661746,22.42253037740822,7623845,173951166.62256002
2026-01-23,300044,22.226963873613396,22.619017470332313,21.742655344624044,22.134477619184416,7166294,172649780.67988148
2026-01-26,300044,22.2313553958937,22.581879398778515,22.212770542835667,22.311351076723284,8880689,199872642.65670037
2026-01-27,300044,22.782925761278907,23.157941487211275,22.148560877749087,22.71982165940903,5036196,148270362.60385126
2026-01-28,300044,21.9784599089969,22.486285218788396,21.978289711136632,22.19280191587511,9633790,314124575.4421465
2026-01-29,300044,22.16331370500262,22.802374598549132,22.147321170640847,22.267598124290146,9402813,210235334.5390547
2026-01-30,300044,22.12885444551353,22.653381782468227,22.28985226049113,22.333327549975657,5860342,146458514.6217587
2026-02-02,300044,22.11793782354456,22.45733707336614,21.88958150338452,22.141282448465496,8523079,207074413.33290264
2026-02-03,300044,21.853027899038903,22.00607160906773,21.581493607858075,21.99472629500768,4090505,115342470.98002434
2026-02-04,300044,22.525530415213176,22.469341175392916,22.124192233708374,22.306242784396353,4577247,151975657.9826962
2026-02-05,300044,21.966061985677353,22.312345616209253,21.92237440151184,22.047269276112743,8017094,191593931.31096518
2026-02-06,300044,21.769617015051253,22.46697230547983,21.6189315563651,21.920047412302395,7483038,216688358.65765017
2026-02-09,300044,21.93756608210832,22.14516133530126,21.64114403951959,21.770261047400673,3670056,97261982.29909176
2026-02-10,300044,21.853964581286373,21.915195699826782,21.721331848006983,21.842922499410523,4213256,111303309.10212749
2026-02-11,300044,21.543000748696613,22.011061641434083,21.54826597229643,21.580254328582413,4902197,154407585.5037155
2026-02-12,300044,21.886742275172978,22.295589161102875,21.14337445337487,21.74133811222206,1941088,58486950.346555226
2026-02-13,300044,21.79020540468286,22.441294424459073,21.432904201594322,21.938714553976517,9861082,279226295.78060585
2026-02-16,300044,21.531744122509192,22.02175414957728,21.16649184553516,21.64063145443027,1518485,46357946.10081116
2026-02-17,300044,21.589587505115905,22.064714618372687,20.825493869965026,21.464687130171413,6695178,201164028.29062396
2026-02-18,300044,21.556434338883953,22.049686170771295,21.39670065973525,21.523863184473036,8863551,193848711.0294698
2026-02-19,300044,21.317481645827723,21.824845356855224,21.27174944490682,21.27307446897486,2216903,58054437.021782756
2026-02-20,300044,21.068642247604636,21.7202838328637,20.607553836373576,21.094166355729655,3751845,118440714.25075425
2026-02-23,300044,20.84995939454053,21.147993057171117,20.46856527720262,20.998018775891893,1385912,42973502.609962404
2026-02-24,300044,20.899416812446557,21.063298384572654,20.90272000675868,21.01041613212754,5340963,133312326.66236062
2026-02-25,300044,20.854576106253514,21.30575143693442,20.664074766954737,20.78692780713415,2222195,54306876.25761756
2026-02-26,300044,20.8832887815888,21.419646846011304,20.345211589707887,20.837507713387925,4535287,131871836.41363645
2026-02-27,300044,20.393686057942535,20.409442596164418,20.117641711119283,20.321414473099914,7432468,211102784.92249492
2026-03-02,300044,20.314752178433373,20.486993221890142,19.979616374341244,20.438455055777133,1953108,45973495.78156704
2026-03-03,300044,20.466436629994597,20.530946408769623,20.312825007007017,20.330217825990744,8244394,201375611.77620757
2026-03-04,300044,20.27867688857628,20.406653127790676,20.11076544398132,20.376528765411372,9483705,213531850.9462905
2026-03-05,300044,20.07675945560323,20.48549788560768,20.05415378426311,20.073504115139926,4508889,131316555.59587933
2026-03-06,300044,20.621113437299424,20.66967225077969,20.36500035930251,20.437005200238843,4047710,114632189.63089472
2026-03-09,300044,20.154482197785438,20.475225245084612,20.09799313748497,20.327723224989903,1477668,35186111.64020256
2026-03-10,300044,20.350800493670974,20.414180971865264,19.575918901367263,20.181152552300993,2657925,56097431.8240533
2026-03-11,300044,19.935938648041578,20.507503979599438,19.7556152360443,19.999585478657984,7088834,177504358.59343332
2026-03-12,300044,20.133712368991766,20.681582958540556,19.907759286295537,20.119330841557165,3010101,90495143.23241292
2026-03-13,300044,20.712804302924795,20.571896405321564,20.211676769065612,20.513315909173027,7487126,157242047.74713182
2026-03-16,300044,20.383200342322603,20.891843743870698,19.779502140372678,20.3613870088765,3429261,83802792.61986144
2026-03-17,300044,20.339501939310157,20.686879272688827,19.7663641083951,20.225178374650824,6265233,164336048.9843647
2026-03-18,300044,19.893581986498173,20.127010170722702,19.476291132390937,20.038044089518262,1315140,34173061.31573897
2026-03-19,300044,19.835469072828126,20.09985248353076,19.849573074126486,19.963710651039065,2418065,62881924.17015671
2026-03-20,300044,19.878894953835022,20.317843326100824,19.630796721861085,19.747407082478773,9437687,193454521.5108026
2026-03-23,300044,19.845120022890665,20.47144688008869,19.904543298722245,19.935177039186758,7762926,166559400.57454515
2026-03-24,300044,20.05862014462948,20.394617696460077,19.705426255176317,20.014035619881966,5949527,121514302.94528037
2026-03-25,300044,19.72757407232238,20.0663185668034,19.07343121395095,19.662401155361124,4463321,91493555.41618574
2026-03-26,300044,19.52032387405748,20.114158786510078,19.215236595912607,19.674559178311853,7423713,206286847.23641232
2026-03-27,300044,19.892106168675245,19.97015059521161,19.303583691356256,19.790995655933184,8730760,191889701.12975103
2026-03-30,300044,19.744313407943977,19.971107787663612,19.30961852323525,19.678988186393468,9564068,248764308.6586215
2026-03-31,300044,19.667389239008788,20.232335558280088,19.299472112222308,19.76517703803658,2773423,63328048.30310662
2026-04-01,300044,19.73599167116951,19.960644584859413,19.46151704687698,19.701837129094756,7114054,148036517.49644375
2026-04-02,300044,19.778714256203145,19.76696106120277,19.15149696119592,19.661589397295483,2523515,52286063.80719725
2026-04-03,300044,19.93014988993294,20.364960188685682,19.66485861064402,19.893555016565827,2236598,48000177.30581896
2026-04-06,300044,19.835337182614413,20.349942841016116,19.61273778300399,19.77572024509906,9367006,195216984.84210002
2026-04-07,300044,19.839455988918804,20.324567380038225,19.371056943156034,19.841049710551783,5321095,107404109.5059583
2026-04-08,300044,19.864402966545644,19.82803480903756,19.415137483721338,19.812759867637297,2480221,69459234.89002484
2026-04-09,300044,19.836183427050937,20.105139359149998,19.138767229684856,19.722039354271814,7362113,156617636.30339026
2026-04-10,300044,19.562332181624186,20.116404602418445,19.27309756776856,19.583208650301202,8594118,205725346.88872895
2026-04-13,300044,19.53599681504812,19.78125420064675,19.16742060551193,19.53321372956416,9864150,280976084.4054191
2026-04-14,300044,19.920113198888895,20.101505433947622,19.357257048843486,19.931971944515734,6030315,147067470.83070707
2026-04-15,300044,19.89322726006615,19.91330844750788,19.779379461839873,19.781115794767643,9574579,277833218.70422214
2026-04-16,300044,20.062984943468386,20.015340522890206,19.412574569513996,19.997309562158485,4599164,137214578.60972142
2026-04-17,300044,20.135651082276933,20.332830833414707,19.793897890134676,20.01270319074073,6401127,171886471.73442975
2026-04-20,300044,19.86031627143082,20.116951517627403,19.567376337396265,20.044878588434834,3992089,92246402.22959273
2026-04-21,300044,19.752768894913682,19.946938062142845,19.468349968226033,19.912206439601064,4340599,109203838.8103445
2026-04-22,300044,19.710801460144207,20.44476095163096,19.508898887227684,19.882450153239624,9945182,239179495.36375773
2026-04-23,300044,19.63108147107626,19.711375351406968,19.505693602309687,19.60026684058183,3208380,80247776.67389804
2026-04-24,300044,19.573622669859517,20.15752701549595,19.48044098437458,19.68604305067165,2480320,68801774.55558339
2026-04-27,300044,19.33596188187475,19.492688744123516,19.086423548597754,19.48990242913107,2647218,63613881.090082355
2026-04-28,300044,19.292176442760567,19.500469761147716,18.99240644186478,19.123274439432503,5240427,143388209.15104872
2026-04-29,300044,19.274096885224857,19.58107217746452,18.706683760094275,19.26378424461283,3572059,79278196.434758
2026-04-30,300044,19.370964534160475,19.783003896295757,19.046347456660424,19.28381934748586,7285516,168176272.62560517
