date,code,open,high,low,close,volume,amount
2015-01-01,300038,21.63939921254355,21.975651668708654,21.611322700882532,21.659891741531837,3329479,104820189.0495019
2015-01-02,300038,21.878484035238547,22.374427471300237,21.39005359504902,21.93037736432573,5659695,133854576.5705328
2015-01-05,300038,21.882050498063133,22.556694439215825,21.484117403251698,22.098668775123187,4623222,127284473.39851896
2015-01-06,300038,21.768600288726503,22.270941043928264,21.472160660639577,21.95158291011444,3695930,86236944.18556242
2015-01-07,300038,21.7836567912894,21.712418315853025,21.666924532437847,21.675352207136093,5927925,133326861.81922026
2015-01-08,300038,21.713861455638217,22.033597898326907,21.346268694013634,21.763326356031914,5188167,131904609.74806227
2015-01-09,300038,21.838294849961105,22.167241973699372,21.35631588231029,21.660836373350463,2600842,64823372.929440856
2015-01-12,300038,21.59030346529278,21.88969316013734,21.73964141438318,21.756568226800532,6963436,177149631.785827
2015-01-13,300038,21.96079456957397,22.376222087104438,21.706162547946402,21.995332121871783,4219243,114269796.48762059
2015-01-14,300038,22.17376742185148,22.402733863261087,21.982117485569248,22.022176624786347,8391549,193596924.7421591
2015-01-15,300038,22.003612905374716,22.572752117053053,21.603709871452377,22.19989278567149,2367593,73667589.07109892
2015-01-16,300038,22.108946163357746,22.068925058071788,21.388661059603074,21.97641245499041,5681905,127674213.01558368
2015-01-19,300038,21.252465595224066,21.92725243506747,21.278763439195565,21.44841700884082,9310684,287307117.7530829
2015-01-20,300038,21.25283689899906,21.498414342011774,21.08928953563124,21.435573838336627,8750749,227753636.63636705
2015-01-21,300038,21.500565576916426,22.014963627619203,21.438600765555705,21.577664672478477,9435429,284550253.73687583
2015-01-22,300038,21.187770889867892,21.457887816634,20.942585205773096,21.332435761090025,6134257,146862430.4078751
2015-01-23,300038,21.0933182526198,21.2189519147667,20.556101907553497,21.122742852693655,2687294,71429188.0066976
2015-01-26,300038,21.541141894608685,22.021204274192915,21.33031624489678,21.40018662998218,1475333,40133965.55669825
2015-01-27,300038,21.182481744352003,21.46608745379573,20.876228559376376,21.22419170145403,4935953,137535470.36566043
2015-01-28,300038,21.48923538912423,21.49044054547335,21.15308380748034,21.426377700260005,8322850,201722585.6586849
2015-01-29,300038,21.601166895828154,21.551386807854428,21.05853808152174,21.47177463442337,2541687,78992352.61741225
2015-01-30,300038,21.643880841776678,21.91680863292642,21.317947638372104,21.488448626772325,4669648,135771665.60491833
2015-02-02,300038,21.01910482910413,21.303074720833646,20.59290168401643,21.223909297191653,8951230,244675002.78871274
2015-02-03,300038,21.206108506419184,21.33386959374417,20.563934757541702,21.118061214236732,1296073,38733539.35611084
2015-02-04,300038,20.79275136758707,21.441371564369568,20.915989631845143,20.983844831330906,4495823,128501613.12041758
2015-02-05,300038,20.810063254400426,21.14979601901538,20.37757953666737,20.861109177866815,8056059,222934449.1099069
2015-02-06,300038,20.614197781526205,21.361462226294684,20.326687020829254,20.80067861069199,2446417,58024874.47154314
2015-02-09,300038,20.85918974830617,21.23089959981985,20.75844741127155,20.80260694528033,3232883,86479196.15276186
2015-02-10,300038,20.19908315021811,20.709186299802358,20.18359789602223,20.39827471916282,8605745,227951972.21575692
2015-02-11,300038,20.74342548453229,21.27016374065549,20.364918982162852,20.745136631311432,7259175,190821588.1176985
2015-02-12,300038,20.644387408603503,20.917469235993146,20.529896297399887,20.816899704895853,1506662,43771510.96274137
2015-02-13,300038,21.051204761464916,21.232314539829893,20.800065773438085,20.865119975366085,7230777,154654584.0961248
2015-02-16,300038,20.780454937121476,20.731148427976336,20.532205292926296,20.5841741436218,7952476,192654657.49615467
2015-02-17,300038,20.4907684108906,20.71050404303755,20.2660031739615,20.586034696093407,8002119,219120703.87143084
2015-02-18,300038,20.510471410194906,21.03669324415203,20.19389436448625,20.492278919152,3142600,87844687.14503789
2015-02-19,300038,20.49034075719069,20.407999948047397,20.146407652165113,20.378715711949727,6990117,186315939.21731466
2015-02-20,300038,20.084866982512594,20.759948029781967,20.085233932727675,20.260728115677388,4508746,100153563.048088
2015-02-23,300038,20.3976172859849,20.29088513833331,20.093656512780385,20.22039744067741,8098502,165247864.42608115
2015-02-24,300038,20.476826241225986,20.394966615503204,19.718530983459775,20.30483475053059,1100559,24066942.860699877
2015-02-25,300038,20.130330455065867,20.249142318443763,19.693034622404856,20.121632149495355,9826277,234112915.03393388
2015-02-26,300038,20.025236360997553,20.154293904761442,19.86429802414157,19.86706359556536,9654641,258958652.276713
2015-02-27,300038,19.846411038597402,20.181195332784576,19.868859274484006,20.040485188256064,3749743,75361960.10087144
2015-03-02,300038,20.23755358431321,20.30917496133953,19.744149555663505,20.12917310749023,8282014,166727032.9178382
2015-03-03,300038,19.98084391056377,20.20424248272343,19.934529891491472,19.946838559831782,8170685,242719781.44899124
2015-03-04,300038,19.82919964539529,20.441265365921232,19.847055066444003,19.971385384193493,8302878,178401529.7860313
2015-03-05,300038,19.9822169160525,20.1352669909292,19.68333422582785,19.793742400871473,5728205,152780313.55633605
2015-03-06,300038,19.694079778448646,20.342716354442945,19.68489343147516,19.765550953355223,1970342,44512416.4838583
2015-03-09,300038,20.08850842897583,20.493492172810086,19.644551496942817,19.958011749718423,5218084,136046639.98527756
2015-03-10,300038,19.88938316228765,19.874803260431637,19.73009128055792,19.867142521598737,6869131,161551614.39960155
2015-03-11,300038,20.00895947849978,20.41570581240727,19.821922387929938,19.914883500384043,6777174,202016403.1968361
2015-03-12,300038,19.72328872527751,19.956680567798884,19.27568110087012,19.832873310235698,5021917,108516339.46491379
2015-03-13,300038,20.01486570642405,20.472075427006374,19.404813892657703,19.975546793890093,5428644,125428926.01824856
2015-03-16,300038,20.178276188464285,20.527045800833807,20.28413037950465,20.295283681238523,9387593,229715353.19841143
2015-03-17,300038,20.535142318711305,20.76227255184614,20.480745279689533,20.484650256514424,3523458,73450104.88910913
2015-03-18,300038,20.79159156847675,20.76187836584707,20.337020056282793,20.66745174181814,3319789,82755987.36566977
2015-03-19,300038,20.78603217309537,21.132635216816276,20.27312508530524,20.88701824601477,5769413,134529283.2703085
2015-03-20,300038,20.677123068084672,21.092385475900997,20.643443030685848,20.87069406598595,4463114,108302479.82910371
2015-03-23,300038,20.694751777896023,21.182020956648817,20.285174551784532,20.750264824667546,8709990,231416500.2091961
2015-03-24,300038,20.844812427580393,21.4572811769569,20.76957905172633,20.865215011052605,3018088,86025418.83704577
2015-03-25,300038,21.196897137910423,21.54037196682148,20.586507397293946,21.159100817191394,3873970,98529381.86525433
2015-03-26,300038,21.153268714544524,21.28898189723745,20.64836217685593,20.99016315228894,1060432,24029065.20972576
2015-03-27,300038,20.99772025748209,21.404816045405923,20.323192350397616,20.934373639446342,8565229,208942673.31361565
2015-03-30,300038,21.01533141541934,21.0772890153069,20.857892689871864,20.866532403704337,7759333,195723499.98637468
2015-03-31,300038,20.551028817816682,21.091154251676944,20.152763821019754,20.5180167952253,5637255,150383453.85748583
2015-04-01,300038,20.58584653774788,20.698266976136257,20.305742072190505,20.653498897422025,9546999,272403296.9178968
2015-04-02,300038,20.733958440902907,20.97083523051575,20.538957995637375,20.860362368392416,7693436,193522605.22003704
2015-04-03,300038,21.321116784240434,21.834930659929892,20.843817259818756,21.238799726313992,5392145,142790207.133861
2015-04-06,300038,21.19458783955071,21.391486461635154,20.878461071957634,21.233136486225693,6779066,156619200.19907367
2015-04-07,300038,21.307440726690942,21.367984989220613,20.79583390712902,21.233771655188043,3306627,71693973.99843849
2015-04-08,300038,21.115877535798134,21.605579970409902,20.869110944261656,21.195174899421147,9994431,254286515.2022923
2015-04-09,300038,21.23539999459312,21.233427906252935,20.714436570596828,21.202904089923216,9571370,209681624.4865117
2015-04-10,300038,21.30447333588256,21.454532302446065,21.247859005806596,21.310212621614564,4995185,158458953.02125788
2015-04-13,300038,21.374464296391746,21.693003337102336,20.75098372452137,21.377041664688328,4237778,135850198.23779774
2015-04-14,300038,21.961238403638767,22.43050421185767,21.359436394527624,21.815344608321755,5693857,139955029.03898865
2015-04-15,300038,21.36073333585504,21.8699439359501,21.202646942018646,21.453599698381236,1662672,38572586.36275381
2015-04-16,300038,21.291934087867208,21.45661926790715,21.248235127410794,21.381980396733375,5727290,173656103.06995717
2015-04-17,300038,21.52603842498713,22.05971832377937,21.709604162591177,21.71944744800416,6805321,165921530.59193662
2015-04-20,300038,21.910368775865823,22.30789498120202,21.36368039736298,21.756278931215704,8183081,204519485.23076263
2015-04-21,300038,21.980736030549178,22.40560674959537,21.867612673007283,22.140479924613597,8283862,210785836.19350427
2015-04-22,300038,21.693653462158192,22.321289772404665,21.766880608866348,21.849235862809145,4322725,103284986.44157244
2015-04-23,300038,22.218214035581457,22.253735304046934,21.985182622256325,22.030919908809352,3075726,86014302.8236712
2015-04-24,300038,22.6720527094924,22.921292408728352,22.110537522344522,22.688611118177473,9421025,222168174.22560313
2015-04-27,300038,22.62514658213141,22.995589525074013,22.493693498794368,22.70837036968955,9519917,321808955.35309374
2015-04-28,300038,22.966474773426445,23.029885510597186,22.472218982428853,22.74195100077167,1896387,53068964.62439229
2015-04-29,300038,22.911811863073545,23.418945217815647,22.725059602793756,22.962665283566782,6165839,193189577.5875575
2015-04-30,300038,22.923143827755183,23.32424156971864,22.928741671088886,23.109906621542834,1835716,58018039.04645066
2015-05-01,300038,23.116961767526536,23.043548335523234,23.005645353782885,23.029880017613237,8958709,215255168.06757802
2015-05-04,300038,23.204679081089715,23.877519230962076,23.11836363900526,23.420008918876228,7353871,179192903.19706613
2015-05-05,300038,23.35413011251428,23.48228315670499,22.858659235113915,23.219757270232463,8180005,258940685.93008462
2015-05-06,300038,23.816571364653075,24.214467039978196,23.51889673460237,23.646996735546473,7379198,181238355.95321822
2015-05-07,300038,23.575067333241673,23.653392281011307,23.385895158893156,23.632364735066815,7819843,228464635.7679151
2015-05-08,300038,23.608589368497395,24.16702584205651,23.27976568908223,23.80801321103599,2656189,86432648.6331828
2015-05-11,300038,23.463504447051236,23.843755369790507,23.256717456551858,23.486676047354223,3786281,110897672.8263273
2015-05-12,300038,24.040725440884046,24.007372499599338,23.384071874466574,23.950900970543795,8031358,232264206.61463875
2015-05-13,300038,23.982063277243885,24.681596679236193,23.80154258945301,24.02938006183176,8292204,294239686.7965835
2015-05-14,300038,23.368112498767477,24.036165195675828,23.241851766278177,23.56664514886035,5238452,136134988.35164315
2015-05-15,300038,23.962519817087365,24.29924240792221,23.646871925219223,23.835750901040186,9384754,287168850.5129214
2015-05-18,300038,23.910608984189793,24.465715740003624,23.247611869804512,23.83560564137951,6599531,203503276.14985
2015-05-19,300038,23.37743878850474,24.178721329808305,23.51986252999151,23.526632958651504,4606022,143046217.9314065
2015-05-20,300038,23.046432854277203,23.52808773119341,22.341642601931188,22.98005581040593,7867571,228148853.48938534
2015-05-21,300038,22.663915865484586,22.861809789505006,21.974711062945648,22.651066195592325,9980104,319538158.017062
2015-05-22,300038,22.73167993793022,22.895286179501017,22.057357318508934,22.538992800647627,5655096,143910131.08467564
2015-05-25,300038,22.6261906253,22.778049947548705,22.01214233394722,22.67181104237393,1579931,53472454.69371148
2015-05-26,300038,22.65876959220605,23.04183795248395,22.415813253174655,22.8641920066895,5648162,179841384.87418494
2015-05-27,300038,22.3216287407551,23.065817578489884,22.205780997150796,22.483344226663554,6587947,209242407.81073752
2015-05-28,300038,22.824261447102902,23.39378669113872,22.758481033093915,23.048281151333757,6076519,196656439.93352148
2015-05-29,300038,22.956321561310617,23.04684045104283,22.992601113499546,22.995760385446637,8157432,237468866.55046362
2015-06-01,300038,22.76279366121327,22.686300657722093,21.940650738113863,22.545183669185292,5134070,152560534.0708847
2015-06-02,300038,21.724806444914538,22.01090524257248,21.57952429647966,21.912040790031934,4232314,132721553.49637428
2015-06-03,300038,21.7475639303423,22.037097523121695,21.096517190369738,21.691251692273436,9443435,288048553.9705403
2015-06-04,300038,21.649301218664753,21.89965419870206,21.161628342006704,21.65193580299683,5089930,139434413.1669884
2015-06-05,300038,21.666557280293457,22.03937696831007,21.013187498607618,21.656019431584895,6501946,150447085.554559
2015-06-08,300038,21.857959660494547,22.443267627703207,21.610204079660956,21.804725372839854,7081247,177960472.92001957
2015-06-09,300038,22.059038190731453,22.16716466134844,21.666964988097412,22.10805598869839,2681356,79939704.68107557
2015-06-10,300038,22.48718150395114,22.633525362242043,21.77706520879235,22.322832479161228,3944636,111121384.85397816
2015-06-11,300038,22.647972685746208,23.23232497199843,22.5404212001412,22.630077249582975,1585734,47417382.34652584
2015-06-12,300038,22.958320131561397,23.36686641120464,22.536544761015215,22.9784666253036,8686142,213780730.4021358
2015-06-15,300038,22.696868774851136,23.209904540401844,22.792231169182948,22.823155943566235,5134649,164718940.8336195
2015-06-16,300038,22.917129250505358,23.086783735001625,22.559544702607013,22.820025530351465,8070038,194064603.99018192
2015-06-17,300038,22.80593769916859,23.20510487069172,22.487648039518774,22.91264460594862,6422185,205279347.39646852
2015-06-18,300038,23.094819261138138,23.489755538487024,22.335341796981215,22.892019226358745,9864861,243321130.02516228
2015-06-19,300038,22.77550306694752,23.179794146200038,22.863361793778644,22.867397237163594,8059733,259660106.3507598
2015-06-22,300038,22.740610927723413,22.92947125422528,22.08778070872857,22.707860269403234,8783305,297468507.7203035
2015-06-23,300038,22.703507218549543,22.993604152694616,22.356860208312565,22.64773611748356,3377720,82501379.14828724
2015-06-24,300038,22.667975293496053,23.117449933937564,22.163283899059277,22.809338598177185,9726823,256712160.94866163
2015-06-25,300038,22.840834266385823,23.296540669216046,22.61236063517859,22.86150889145729,5372198,132164937.15294994
2015-06-26,300038,22.363991354223554,22.917371757083075,21.93424806389463,22.550054267800768,1202548,34401798.38387504
2015-06-29,300038,22.777463586879264,23.17526887943133,22.485918858913255,22.84352805117456,2003191,65200807.94000912
2015-06-30,300038,22.61009366733809,23.326417229842235,22.38860292820469,22.8270637394198,1569763,39887455.42944683
2015-07-01,300038,22.610872351219438,23.069649553741698,22.125417370385343,22.56132405070526,8416634,213435396.7911511
2015-07-02,300038,22.76767316640688,23.03036501271972,22.252925053613332,22.71860124553657,7135114,215057127.87520278
2015-07-03,300038,23.092295847256796,22.95398595892189,22.807667488243386,22.86383060476117,3380443,88385531.93605581
2015-07-06,300038,22.65058202143772,22.963309918108806,22.104897714246956,22.763643915454065,3124724,84283479.19873494
2015-07-07,300038,22.90450554363076,23.48196492182947,22.723237446211144,23.10234637415506,7019925,206320769.0960949
2015-07-08,300038,22.645021820999734,22.866169670504185,22.302178619566448,22.858736601928975,4711730,158387336.08840978
2015-07-09,300038,22.549570552906687,22.81195491574839,22.434390001938052,22.655659154156186,2994532,73688553.60521737
2015-07-10,300038,22.696706601628385,23.17177243618961,22.22280932634721,22.542453875471928,1490606,37222788.365348026
2015-07-13,300038,22.768522641908955,23.120051873276477,22.12035141885671,22.62833236599576,2923216,74007443.09481543
2015-07-14,300038,22.377114833287436,22.76109201626631,21.883056302950056,22.411743867587298,9717981,286205163.59072304
2015-07-15,300038,22.66657358752939,23.03723233900588,21.941712965860486,22.58246372701314,6454878,162255007.4616108
2015-07-16,300038,22.968298254983704,23.60517868786268,22.83776255720904,23.092189286374726,6634618,224792855.6843344
2015-07-17,300038,23.57126205719339,24.066971954416395,23.07086883052406,23.627662667292647,1912157,53917521.10507389
2015-07-20,300038,24.18066316629617,24.500019003161214,24.19109727739961,24.231351808204074,6634073,186917086.1411367
2015-07-21,300038,24.585792493775784,24.838459600626155,23.943946104619187,24.647090472742356,6169580,152655550.48753342
2015-07-22,300038,25.035893683244204,25.301293181327335,24.898216381572432,25.118829047638776,1802096,59688448.90773874
2015-07-23,300038,24.903529773854206,25.36054028847329,24.368232652219696,25.121556936733963,8485278,215025208.71244505
2015-07-24,300038,24.78083139583106,25.210401226467077,24.464572568327398,24.75301479485683,3072475,104505232.28644162
2015-07-27,300038,24.659692294166653,24.859409025359305,23.841212276380176,24.54569246432655,8500853,210106979.48467043
2015-07-28,300038,24.8141020423004,25.14042924435282,24.70989166576678,24.86362081563645,8267789,276545311.90820754
2015-07-29,300038,25.46055222928355,26.0169822377589,25.464543488090627,25.577512602132114,6720342,191750393.1069852
2015-07-30,300038,25.716310470495436,26.167232103547363,25.250685020424402,25.807298119119196,4450106,170877817.595149
2015-07-31,300038,25.594612537945896,26.289984077517392,25.063742748152915,25.646510491956732,3624315,93533405.70407058
2015-08-03,300038,25.62031493580579,25.67478580659755,24.801879503328173,25.51301000216223,1532854,53556058.57011209
2015-08-04,300038,26.163675941587513,26.226060674688476,25.594257879245404,26.09417633345084,5872662,158175119.40560237
2015-08-05,300038,25.709444840127652,25.95358532490912,25.509303427237807,25.93766769388943,2040666,70711562.62170702
2015-08-06,300038,26.17811088854406,26.45693273393724,25.6886293324312,26.043021021496532,2470325,65213226.51311358
2015-08-07,300038,26.1170452121426,26.350913654969535,25.933541222487698,25.971825932579982,2451888,68103636.2854042
2015-08-10,300038,25.81342893084688,26.008585608934656,25.238258001353643,25.92530298017049,8423132,301272069.55866164
2015-08-11,300038,26.80403555607187,27.04832700175106,26.339133967658906,26.54261460112773,7027944,278576196.3089739
2015-08-12,300038,27.04781335912983,27.414495726181894,26.30489143874473,26.898974352068652,1912936,65576302.884626724
2015-08-13,300038,26.894691868565776,27.715809102265432,26.49641905764894,26.931575167482286,6060859,229319693.20395803
2015-08-14,300038,27.04961602720132,27.803395310763165,26.23714811683658,27.00165819194657,3510395,95558437.52516739
2015-08-17,300038,26.939753954667353,27.7508228021018,26.705855173584855,27.16176475968554,1494664,50787949.65858218
2015-08-18,300038,26.6779114479114,26.95586594415731,26.386829118317507,26.79367334242586,8537331,235531562.62932733
2015-08-19,300038,26.719171254588936,27.102041490998534,26.002075148043122,26.739146468253143,6693601,188094005.64200062
2015-08-20,300038,26.944444021543774,27.569828241959183,26.28724095097908,26.857443975503546,9111412,359313369.5276832
2015-08-21,300038,27.280802151124053,27.924748060923797,27.09408592492737,27.20892706059518,3940500,112197054.63836923
2015-08-24,300038,27.338796070504763,27.810451230917757,27.40548802059409,27.48615863668422,9694217,352712589.945056
2015-08-25,300038,27.05466350831377,27.84390774849919,26.641301737060875,27.14772562784354,5713230,197037234.98141918
2015-08-26,300038,26.80343602841054,27.508699896972498,26.29659666681776,27.039272252840977,4745313,145814012.00000122
2015-08-27,300038,27.314445805797483,27.845878515965943,26.38965188657794,27.088692122004446,1288860,40003587.50682738
2015-08-28,300038,26.8307771256029,27.213840163191804,26.96707758273239,27.077519963287443,4261394,166228568.7944647
2015-08-31,300038,27.642488566554185,28.53703021964629,27.36848913769684,27.722856660058074,8310712,263126407.1347542
2015-09-01,300038,27.531640326455175,27.686552551057712,27.399723971256037,27.68632603042376,6174509,180919650.42590138
2015-09-02,300038,27.272162455732268,27.494148348321175,26.56734765646773,27.056211526376508,7542234,234005288.0921156
2015-09-03,300038,27.126631766999974,27.14503862516374,26.95805220361378,26.98991400566224,6697871,243820321.8835339
2015-09-04,300038,27.594894775728836,28.225812697468157,27.67675199576944,27.74338053888092,2078293,58781472.681108594
2015-09-07,300038,27.593232765123933,27.92836107908232,27.388249207655655,27.53526450760833,7752200,258058605.44789615
2015-09-08,300038,27.750749748143722,28.19712331475929,27.468320840362843,27.576830021398806,5236131,209304667.70954597
2015-09-09,300038,27.409797037976215,27.599285603751095,26.960291495880757,27.434471523014647,5612470,194155764.97228658
2015-09-10,300038,27.561900566682414,27.611125944503655,26.653665367103844,27.37463924939014,1958664,78487314.3476376
2015-09-11,300038,27.438812829589622,27.742872071848858,27.52442131473285,27.60738278450681,7277984,265883761.75870773
2015-09-14,300038,27.528765350437077,28.09041752678758,27.177026078939416,27.59048414936368,7723511,227644428.17380688
2015-09-15,300038,27.171944737523592,27.754018822999075,26.753199820757793,27.409837159900256,6967401,284034862.1037845
2015-09-16,300038,27.79645753371617,28.303793302595935,27.93399592251185,27.98237251978056,3047070,117901106.31447434
2015-09-17,300038,28.521285883041568,28.669429499517424,27.73665321825964,28.55438736443038,4254644,143852705.4127967
2015-09-18,300038,29.07051260600833,29.322453296039505,28.807985251918577,28.87840286327533,4776237,204404167.33159292
2015-09-21,300038,28.66226135529757,28.90556604258633,27.91276099955256,28.73174222429304,2450442,100523595.80375105
2015-09-22,300038,27.607340463476483,28.411853989408353,27.04147636505435,27.682572992622692,1470830,51256874.84688299
2015-09-23,300038,27.765726799466258,27.67532186432774,27.40473587429006,27.65877440830473,5488669,206396995.13465068
2015-09-24,300038,27.74612684163839,28.357798992460772,27.49921266532436,27.78407915366205,3808438,115973809.90526304
2015-09-25,300038,28.355103436090157,28.63549226219988,27.85535498744239,28.486198406130818,9764520,350269795.0028809
2015-09-28,300038,28.678303066085455,28.83675815384963,28.233514986014008,28.82072303465045,3861280,152976608.3278441
2015-09-29,300038,29.14840295026686,29.56827293106732,28.6547800578222,28.96769666099544,9469768,373355052.788811
2015-09-30,300038,29.04044322484611,29.345346508871287,29.05647620367945,29.243267174907725,1947237,75521565.92137478
2015-10-01,300038,29.32786699726122,30.137179436364924,28.464493828744363,29.32102159785553,6711257,230295865.2194142
2015-10-02,300038,29.972817401960082,30.006301618767164,29.201210603689876,29.71198406248971,2389893,83604707.41648304
2015-10-05,300038,29.896256719717492,30.27330251752163,29.32752665919833,29.819139507609403,2382614,81301170.99648657
2015-10-06,300038,28.97304844314695,29.174763393250835,28.255155118080513,29.099699366101756,3273911,138403902.46126083
2015-10-07,300038,30.41261742728353,30.874933000049705,30.042448731074234,30.169660108402223,2048853,83165599.24794509
2015-10-08,300038,30.171614603025414,30.582710485947903,29.527826406153256,30.148304488431194,3331500,146822682.60488677
2015-10-09,300038,30.504196728910216,31.1089482324699,29.894350360157503,30.75412332844631,2848443,118067636.93928993
2015-10-12,300038,30.73604258770851,31.386202523741286,30.457885841272425,30.953579596300305,6040979,218887397.0021741
2015-10-13,300038,30.2866094850403,30.415829044159715,29.50570007868453,30.378364599746714,5333060,185077546.52158877
2015-10-14,300038,29.632437829416464,30.595078743902608,29.72852231087303,29.90238701160032,1553860,52507775.29278332
2015-10-15,300038,30.14880943297148,30.864309122549106,29.9013908712099,30.206808361757478,3000232,100794350.59275293
2015-10-16,300038,30.721806913219915,31.01917211908033,30.373058929909824,30.62199174317315,2113215,74159099.84926686
2015-10-19,300038,29.95379957206484,29.877546138548155,29.01248022900741,29.662903426045048,4570938,181048895.07818013
2015-10-20,300038,28.95631103575663,29.110797093196258,27.996406280587344,28.844498962522607,3635240,129205775.0498616
2015-10-21,300038,28.938347665804002,28.96068389389582,28.763341420775795,28.794826851342485,7526739,255168858.39777955
2015-10-22,300038,28.47257653335195,28.710970432421377,28.219429676852265,28.30419277450176,7474853,311328807.7926085
2015-10-23,300038,28.50702446276126,29.297067567080127,27.96952245911948,28.779616897032327,4213553,172974487.2743018
2015-10-26,300038,28.23284991049868,28.587371137594392,27.64672182150342,28.48854267481178,7380680,241965266.12237376
2015-10-27,300038,28.586933956075747,29.58207219399674,28.084744886271128,28.72661759454742,7001300,295189911.3548419
2015-10-28,300038,28.757874510368605,28.878564234964593,28.77979592592611,28.85022478932591,9151570,273822301.660003
2015-10-29,300038,29.197220581723165,29.67566526683029,28.30053149931333,28.917191038972526,9884752,319328419.19251806
2015-10-30,300038,29.247088546472426,29.8928345975773,28.67211971714146,29.064458384105126,5501916,201944384.4256839
2015-11-02,300038,29.553421442828054,29.63535050052137,29.37642842895936,29.495965748040213,1566898,64540011.73974544
2015-11-03,300038,29.940969070562215,30.075558741237842,29.55424733520218,29.77754492373918,1809860,79472234.20738873
2015-11-04,300038,29.772870773938763,30.682606014400942,29.832093120562348,30.017440393880474,7128590,275525071.27037233
2015-11-05,300038,30.657200285709745,30.746045027881312,30.094553853720836,30.496895707985047,4415378,166848890.50550702
2015-11-06,300038,30.505239593874325,31.159478701423772,30.355321460795082,30.59027188909234,7795599,258327647.97398165
2015-11-09,300038,30.44567563163376,30.750457161966125,30.112652585517377,30.211848706386725,6693450,230862675.9578082
2015-11-10,300038,31.010841330439717,31.224152847622737,30.820828192927085,31.017639389672595,1182798,37845941.13322486
2015-11-11,300038,31.35890556919231,32.05927966870789,31.3724502488069,31.579630451321933,5204195,234517013.39378244
2015-11-12,300038,32.1003212383798,32.288180795869245,31.768678680732688,31.787679286029935,3809162,176867794.33953267
2015-11-13,300038,32.268461105350504,32.86817922064848,31.15110936933808,31.99935440792463,1972651,77789935.51673026
2015-11-16,300038,31.695214478592412,32.232413320868595,31.358818392340336,31.698103977859873,1347571,43096169.40283583
2015-11-17,300038,31.240720180926505,31.98421503373401,30.656614630430333,31.25482510902301,8280091,259532124.2488224
2015-11-18,300038,30.538484310438367,31.101080126648053,29.98043093799561,30.41716064231163,5643120,184799052.9059197
2015-11-19,300038,29.69110725467218,30.367258479206484,29.500186793697427,29.955414013032097,5575161,227889344.5481816
2015-11-20,300038,29.154040263870513,29.033113975434013,28.31976342636192,28.916361667085543,8030894,270638248.16752416
2015-11-23,300038,29.375083206589625,29.305916355490563,29.099619209477556,29.26976542058052,3647120,133257103.99580999
2015-11-24,300038,28.811401536338796,29.489899111022147,28.73334981070208,28.96137039911855,2089357,69170221.84690766
2015-11-25,300038,29.309303509090945,30.022280257318318,28.844481402378857,29.339002941910085,2301508,89434900.67361161
2015-11-26,300038,28.74547897724514,29.775478818336115,28.31347152913354,29.028156354312483,7625301,251132546.872685
2015-11-27,300038,29.539791116941593,29.846549582152814,28.950342462596808,29.346075487023256,7826968,269789813.6795413
2015-11-30,300038,29.45077562246465,29.91608258203594,29.51688753973526,29.562050391409787,7391374,225051266.932411
2015-12-01,300038,29.881118072788375,30.386483361734633,29.560674529841904,29.76008824271004,8574711,370402900.8199566
2015-12-02,300038,30.030634509370437,30.31403657233986,30.03460684746626,30.126623896151074,4042488,141010481.34998962
2015-12-03,300038,30.537175923383217,30.414043827986465,29.891172646447377,30.36233186518342,9679256,403672994.41463035
2015-12-04,300038,30.699661976779517,31.25376231546115,29.495633469814813,30.405923358883214,1812310,56519228.709610835
2015-12-07,300038,30.356460681177786,31.10670864393034,30.389047183708836,30.500966824689062,6779380,295560183.1021545
2015-12-08,300038,29.551819685893207,29.950701494538045,29.492659797835028,29.73577390648252,6699605,207752313.68637773
2015-12-09,300038,30.286158324197473,30.207482662335565,29.80313784469595,30.11681108584533,1682114,61541077.73236136
2015-12-10,300038,30.825911430977587,31.077913919223914,29.843335677343536,30.65413825545983,5375201,196704991.1091699
2015-12-11,300038,30.748191940879806,30.861298097270183,29.786037625618608,30.597073668515364,9186940,409048806.0988498
2015-12-14,300038,30.96387829964998,30.918354485134813,30.074959061362588,30.884567326425685,2656987,112393491.02298024
2015-12-15,300038,30.725441099711958,30.75590424563391,29.96085359920659,30.726182272457624,6395460,272483611.3943716
2015-12-16,300038,30.55960799508604,30.521647875539802,29.590517121926094,30.28662941131187,3219263,112869392.82885948
2015-12-17,300038,30.197223315164138,30.227612184535612,29.399327813928487,30.090359937720116,6668269,279445787.7829712
2015-12-18,300038,29.901959892517326,30.488470583733754,29.338958899100962,29.942123868961364,9835359,434751101.057511
2015-12-21,300038,30.289758117643885,30.218985717311213,29.3970792813839,30.128814652896853,2969363,133507098.56363276
2015-12-22,300038,30.776644914177954,31.03884928101686,30.29318913240293,30.503320558155654,4923988,177336896.9160453
2015-12-23,300038,30.659966230609356,31.56098911463412,30.259662267278127,30.920786054957645,6466361,263978537.15973392
2015-12-24,300038,30.374024364947655,30.902651269385327,29.79261941927973,30.392822348116812,6288851,264817551.12220567
2015-12-25,300038,30.255658223667318,30.50891273862467,30.293911785415126,30.371559346491424,1599637,53124858.60701405
2015-12-28,300038,29.806084236302596,30.386157398233838,29.433279336839814,29.950291348469968,5874572,257673005.5767018
2015-12-29,300038,30.028529973841316,30.593970573199847,29.918147418631936,30.114155601148145,2386429,106021033.21642555
2015-12-30,300038,31.367603765930944,31.781795133337674,30.29059330168088,31.078278267005185,6831004,283207255.86766636
2015-12-31,300038,31.217204427651872,31.56176404792621,31.053184944879305,31.19216424794869,3509192,131667861.73461069
2016-01-01,300038,30.95120800060672,31.724580960050783,30.096679667490964,31.013004171673753,7608025,332039897.2190402
2016-01-04,300038,31.027733740173687,31.0669189336845,30.20066474308644,30.993846679647874,1246341,50782934.65111979
2016-01-05,300038,31.56510724233979,32.377364165723066,30.81575970778738,31.638734813419592,9905572,314774813.4118542
2016-01-06,300038,31.161469395434963,31.43625597698223,30.530907484652428,31.374157020582892,9788844,415707672.6821497
2016-01-07,300038,32.01151537200777,32.05247051461203,31.423030833084947,31.904619379277122,9632252,325041266.22900933
2016-01-08,300038,31.781137941154533,32.32186541702702,31.125618422125015,31.818747332942532,1369896,62897431.957046025
2016-01-11,300038,30.524767266172933,30.750473447341886,30.154541957441733,30.668153604066326,3063147,128039807.95847362
2016-01-12,300038,31.132207251261203,31.32233211205896,30.898639996815188,31.011720866820177,6003920,223544458.3739997
2016-01-13,300038,29.93205822055125,30.376763092933896,30.010366402460996,30.05734779852475,8631454,293476196.9313232
2016-01-14,300038,29.79675693224765,30.185802315383704,29.641963006929846,29.96349419837623,2566876,94994404.6540762
2016-01-15,300038,29.371105299587803,29.812953639373514,28.814470431632035,29.55790847544993,8765539,324805244.37550235
2016-01-18,300038,29.670827398511765,30.33761555662199,29.383708385817148,29.671678847415063,8552283,290390819.391317
2016-01-19,300038,29.08690943265708,29.98077328400924,29.22541014789996,29.344711233901236,6472808,250566518.81465408
2016-01-20,300038,29.344588520881874,30.11322900676481,28.853618043820774,29.58195997685207,2252755,77591304.00224483
2016-01-21,300038,29.278848859120114,29.804491441535475,29.33302142551208,29.49064449930309,4122253,140622487.5777958
2016-01-22,300038,29.619437759055753,30.032444462821086,29.133823440675965,29.64230454526108,1099609,33365926.201644585
2016-01-25,300038,29.48006552340477,30.252113959624,28.961494413972478,29.491685019981844,9592567,301723240.3003868
2016-01-26,300038,29.300920827991455,29.969459086669552,28.59920975536849,29.240799664292023,8236894,333711849.141863
2016-01-27,300038,28.629458334472087,28.967095534208216,28.281491184240206,28.811233839981607,6605583,234834777.89480218
2016-01-28,300038,29.151768209661622,29.434889459216272,28.725095716449715,29.096425541991717,1376156,54816978.47033649
2016-01-29,300038,29.545424586430048,29.801844699147818,28.438803169556014,29.267918733796666,7793426,282802459.53429484
2016-02-01,300038,29.681616476797377,29.97744242733914,29.079671804675836,29.525311018500798,8647558,300561433.1289833
2016-02-02,300038,30.084894058888647,30.895900205624987,30.269303912837024,30.346654151675914,2523831,92937723.91376865
2016-02-03,300038,31.159722913761033,31.654622382320238,30.21146456687125,31.1370151653841,7649016,326136343.95860654
2016-02-04,300038,31.337901955012967,31.85139175060983,30.643480195948854,31.31216932892085,7138896,302847052.40686435
2016-02-05,300038,30.5090063137392,31.20114750478443,29.979753589515475,30.673132439103355,3825549,123565408.06264089
2016-02-08,300038,30.75670618210085,30.71901527296604,30.362373564476258,30.58808080493897,9165725,375236649.0733873
2016-02-09,300038,31.13347173319353,31.78962734711048,30.492390673403502,31.024603681556744,6121846,247046192.43596694
2016-02-10,300038,31.917669114847147,32.129739675193974,31.47225243246319,31.810376322717346,3338864,144084794.01539242
2016-02-11,300038,31.73990701371082,32.42593759046413,31.11943239107936,31.827639507383374,4929748,160041027.82590866
2016-02-12,300038,32.22818413512078,32.844083030330765,32.0747939682727,32.26892786471722,6824599,271981067.80082816
2016-02-15,300038,32.07087232563558,32.92099620890251,31.573260732003366,32.203056391845486,1017903,47899152.80411561
2016-02-16,300038,32.73545892112125,33.13888355622848,32.17304924087339,32.5837217215814,1031590,42761537.81696695
2016-02-17,300038,33.16494151654057,33.33360917335076,32.48579349611861,33.24376670957433,5224297,188963507.4397657
2016-02-18,300038,33.756134990109466,34.320594765637196,32.881362591091154,33.66097071614698,1496426,64523947.925145775
2016-02-19,300038,32.55484401727292,33.08713536347031,32.51372783887683,32.84394775016639,6997672,300351715.74673575
2016-02-22,300038,32.82414167505416,33.495752448383534,32.62071841853184,32.868160941970274,3510005,116313725.95375854
2016-02-23,300038,31.942931398106186,32.44735387728436,31.55035147307047,32.15169810908691,8264830,309782612.8405856
2016-02-24,300038,31.895643851702275,32.588553451242355,31.731028751658876,32.12127206856759,3711670,132574357.70032391
2016-02-25,300038,32.69698209204038,32.6585051930336,32.236532907097754,32.42760621916132,8439165,328867951.2732561
2016-02-26,300038,32.99323435501207,33.21343555535324,32.800527376821286,33.177956774892024,4063149,142904278.17196226
2016-02-29,300038,32.63579810846942,33.17665017201175,32.00374417742213,32.794053773420316,6829123,244853691.19455177
2016-03-01,300038,32.8772022381912,33.3443114918976,32.67438040513154,32.68215633271079,1267988,60508727.74292015
2016-03-02,300038,33.06730109866619,33.31288485764014,32.340310033705585,33.117215111145,7200671,249994535.05423844
2016-03-03,300038,33.984775564358124,34.26550865054906,33.62526603668924,33.8870358873383,2994859,102978139.57523838
2016-03-04,300038,34.117466197569556,34.726172741027895,33.20823059919833,33.970081936982616,4267219,189120953.1612036
2016-03-07,300038,33.93251683225371,34.283047214606924,33.44477289165788,34.21986801772993,3125785,126692783.39208336
2016-03-08,300038,34.919281886968136,34.766976966205235,34.46506873870274,34.712348454735334,7218663,269756517.99341524
2016-03-09,300038,34.64694600715777,34.76815616444583,33.42899750609533,34.401066663890234,8233923,336719448.1058078
2016-03-10,300038,34.65269118031337,35.20260409566902,33.48030575836263,34.40902602762739,6217725,225968136.07227656
2016-03-11,300038,34.17789479757138,35.01702024340724,33.929225193405145,34.040147562612134,8846565,314154540.275375
2016-03-14,300038,33.238477086733475,34.06877648063431,33.46578446029765,33.53774448093067,3872239,172674504.8065227
2016-03-15,300038,32.91623430168956,33.73687982581469,32.44756967292193,32.937350465605874,6694544,312246764.2727483
2016-03-16,300038,34.13095015416308,34.08887627291382,33.691482648156054,33.979814452639005,6527121,239017706.45128354
2016-03-17,300038,34.332848897393525,35.14893888455193,33.50953784649252,34.315323283929715,4291803,218071688.88155603
2016-03-18,300038,35.04844402461651,36.062789206827105,34.8253772290011,35.384392264473504,2184977,96568917.6452846
2016-03-21,300038,36.054748947123045,36.225340037067134,34.74296104971506,35.814711668857214,9250366,426300451.7808663
2016-03-22,300038,35.28475220291079,36.08325501699202,34.30073070077235,35.347899021006725,8788865,379305245.12847155
2016-03-23,300038,35.52629667165311,36.160902132711605,35.45533618714287,35.834216478830356,3667344,150217061.26705277
2016-03-24,300038,36.30688938504085,37.63540447583685,35.91438638038713,36.555941235509245,3331630,145743417.79957518
2016-03-25,300038,36.948266150180054,37.48559496066204,36.37363216272511,37.06570129418138,1969411,101056099.91588922
2016-03-28,300038,37.02945434239417,36.812583797034605,36.712200691224965,36.72704418673962,2974024,115140101.64819938
2016-03-29,300038,37.71170576696651,38.59890869098958,37.23499829928395,37.57064859486191,8910621,479750113.26144034
2016-03-30,300038,36.49004049420967,37.72372413701804,36.52504390215292,36.69106693017521,1440699,59092445.00097492
2016-03-31,300038,36.1709388992406,36.43905638251308,36.31759345594236,36.40192746331961,6612916,241405105.47655123
2016-04-01,300038,36.67412927471375,37.72078350214736,35.97571022779539,36.86547676298924,6174633,279032282.353038
2016-04-04,300038,36.142676029684175,36.98295075169906,35.1909203273111,35.91821761542803,6658653,246918409.6400208
2016-04-05,300038,35.026052737102205,35.668788090318074,34.75455779873858,35.37042802977467,8609400,403356331.25451374
2016-04-06,300038,36.05539676954825,37.07800681912104,35.07257195300924,36.09605491629945,7457807,308361360.39840704
2016-04-07,300038,35.64642128952948,36.152542623765235,35.7696854418967,35.79182897417171,8038197,419686698.28301495
2016-04-08,300038,34.323161330900724,34.79908868796584,33.48650069701903,34.20918608963669,1517981,53603610.51891067
2016-04-11,300038,34.29642816831089,34.71706993008373,34.129659691730254,34.29074036420677,4367326,224508835.13759303
2016-04-12,300038,35.06597265179736,35.402323720808255,34.12947113007302,35.03002779469446,4922928,190420905.64998573
2016-04-13,300038,35.85035078737495,36.29703056836581,34.711725300871514,35.60780273550433,4395014,214091391.42034164
2016-04-14,300038,35.75703668537328,36.6728874226565,35.12031271652811,36.06291001883425,1225257,50339503.34541718
2016-04-15,300038,35.819896637152,36.38634088425156,35.40911364110308,35.85864170885007,8689805,448173386.76931965
2016-04-18,300038,35.52332546050053,36.149492763745066,34.91949488654062,35.48698219274318,2806902,135514372.33747417
2016-04-19,300038,34.92726271003647,36.19675165500795,34.148775220488034,35.14439575719684,1940929,89619696.8965551
2016-04-20,300038,35.83765175600339,35.92547526057032,35.48789435780798,35.59021815751075,3525381,161486728.56967664
2016-04-21,300038,35.51962700251213,36.102865607467145,34.61438486190993,35.37601949644247,2279064,89797498.3017038
2016-04-22,300038,35.08012225202582,35.04925387854082,34.786576930125975,34.861218035491845,9011646,418328765.6679724
2016-04-25,300038,35.84070148286907,36.114820318242664,34.77024951193178,35.69984500547814,9218210,364004547.7761978
2016-04-26,300038,35.74945705644219,36.55853684962761,35.20670057395367,35.74960853069246,7956428,419151916.2895242
2016-04-27,300038,35.61691503320397,35.953409066678994,35.53407221010101,35.71739326811371,5630026,225983352.0989778
2016-04-28,300038,35.99146645112494,35.951235127523844,34.83404905582919,35.64769421397182,3401422,146720470.09591877
2016-04-29,300038,36.20572104586948,36.1467460006607,35.685708466105496,35.947186404916785,2233075,101025903.549053
2016-05-02,300038,35.81329898228212,36.24185866028812,36.0061494806023,36.170035194701754,1694576,84609775.43486767
2016-05-03,300038,36.44160692223283,36.64798047323291,36.1467218739138,36.59497538785796,2006579,106638152.52224173
2016-05-04,300038,35.92580415347424,36.940441021623094,35.13121337296233,36.176802053451844,6774260,353532348.4925945
2016-05-05,300038,35.2861519230607,35.45747567319975,34.80737753273073,35.2793798698915,9224505,446858888.19475955
2016-05-06,300038,35.8111436761015,36.59111874304428,35.4438781154144,35.77281217460899,6303928,263682812.27020717
2016-05-09,300038,35.960501755627895,36.111770786471965,35.092044854328236,35.93931852805382,3136949,121073447.8578233
2016-05-10,300038,35.44054936454463,36.35365061173633,35.43461611507359,35.78824674908069,1870631,82855234.58659345
2016-05-11,300038,36.91748307128108,36.779911912413155,36.13517100005345,36.77087170751444,9200332,498177476.5703087
2016-05-12,300038,36.04023800287924,36.95989771014412,35.27621101478198,36.06829473174017,6095851,301452554.5696265
2016-05-13,300038,36.82060593158103,38.0102537920527,36.43987897177692,37.03754659196384,2367920,121512110.12788755
2016-05-16,300038,37.749817818145594,38.76131372644291,36.99067556931061,37.716435688101996,3495190,160123201.90808505
2016-05-17,300038,36.73264798939824,38.00676933893676,36.537931219609966,37.028029704502046,2780998,153001174.96363392
2016-05-18,300038,37.30257815243418,37.473956246363066,37.00766551209555,37.15510244506089,2512248,95847035.47184978
2016-05-19,300038,37.73416865734224,38.85851976365963,37.54396375862099,37.981213261617185,5626964,226554090.00481695
2016-05-20,300038,37.557256228068276,37.9519562703213,36.3137015898797,37.35867945417925,6605951,331179910.1637129
2016-05-23,300038,36.90370422100093,37.71553463209683,36.508832833513225,37.02144514295544,6077686,326432856.34318435
2016-05-24,300038,37.26848587693712,38.12397166350857,37.022785050227405,37.21797151067167,1190472,55821481.03690948
2016-05-25,300038,36.63001330653827,37.32886595276569,36.55208750635424,36.92524117323603,3952661,171530121.4061565
2016-05-26,300038,37.353466704248014,37.87317533784836,36.67815532224791,37.34176959728694,4111461,180990553.8041615
2016-05-27,300038,36.36133990010063,37.092131343317945,36.430368655038784,36.52597153712529,6495922,307602994.5397245
2016-05-30,300038,36.670302667007185,37.615851281225396,35.88501263772555,36.97348424621704,7069559,332867809.3633498
2016-05-31,300038,38.01107496053884,38.89934427949054,37.66869156095395,37.957480771104294,2934728,157828523.8218302
2016-06-01,300038,37.49690305423968,38.17475820368694,36.92980725252257,37.746495503586516,5128814,288375567.0046286
2016-06-02,300038,37.85999613545502,38.10574126537324,36.63977907913457,37.50311126396464,3509086,152349355.11435404
2016-06-03,300038,36.94993698348405,37.704456752591064,36.60660914071386,36.82761827282741,9857595,457549955.97515315
2016-06-06,300038,37.50233325754594,37.74584307376044,36.747220537495295,37.28000094743179,3661082,158732150.9391677
2016-06-07,300038,36.53880828215816,37.10584956128661,36.263016838055165,36.80314472823872,8132778,318762691.9347668
2016-06-08,300038,36.74514626506832,37.472413378166365,35.710752129784275,36.67981948531486,4982468,272695757.239845
2016-06-09,300038,35.997067930256385,36.392554643109456,35.575962778799735,35.93113506464424,2546306,97705286.43030623
2016-06-10,300038,36.38632114541675,36.2357232676501,35.35159723624612,36.08458391983376,1619304,83582990.7670416
2016-06-13,300038,35.74218984409161,36.350939908781015,35.214915748446536,35.848455283903,9458965,351332000.1405669
2016-06-14,300038,35.94921310780174,36.59529485917961,35.66196326061526,36.045617107145674,4600482,236553601.70151383
2016-06-15,300038,36.10095544376839,36.86223751873991,35.82329623153464,35.94555405357686,1936426,77003370.29887049
2016-06-16,300038,36.52899388121753,36.76225952864082,35.44387478203332,36.45505509263782,2428021,115473062.94864835
2016-06-17,300038,36.93550881271644,37.81996697845827,36.18658818441838,37.02755068059914,5681026,264685098.8622428
2016-06-20,300038,36.135090321540495,36.761253349919926,35.763485600416644,36.430104253760604,5020835,193409390.39648718
2016-06-21,300038,36.877140262212464,37.51981686684611,36.081599063089485,37.17122536127215,2765574,121271168.92479679
2016-06-22,300038,37.50771625658435,37.958270234327074,37.15626619888918,37.44355866494536,2747769,144897615.4411448
2016-06-23,300038,38.203935448130366,38.37510903104473,37.780077729193124,38.26867401658133,3051813,157164463.9762275
2016-06-24,300038,37.448560593257305,38.047452943052285,36.651566548436044,37.687860972172814,6530864,262684171.73393005
2016-06-27,300038,37.0253457886004,37.81466085297263,36.42186425264308,36.75517367401348,3695249,200304136.83931845
2016-06-28,300038,37.04073929048969,37.04064831286787,36.39534585804134,36.94964629954234,9147827,488831524.7638659
2016-06-29,300038,37.12908985932337,36.991553014987716,36.14077123636536,36.945338468300825,2564776,134440499.2306925
2016-06-30,300038,37.09292811506159,37.5325682866092,36.90702907303573,37.05984829176256,5087626,219716411.30300805
2016-07-01,300038,36.71419097731012,37.48546633606174,36.87517275812421,36.920313198036695,8727706,382904896.972273
2016-07-04,300038,36.86910292951151,37.83760566894035,36.621934623948285,37.15064515945201,8876221,365864984.32428545
2016-07-05,300038,37.21122816355528,37.982132448664274,36.13912081889307,36.88911281695542,1671434,87021686.15799299
2016-07-06,300038,35.83507829494249,36.089615497818954,34.93457157160253,35.91709523321525,7346832,324126694.4913387
2016-07-07,300038,36.10941675627029,36.77444141112714,36.01462564985083,36.22348351723834,7224370,264298241.90748426
2016-07-08,300038,35.3280409061646,35.92025186193919,34.55582137796985,35.61645242900748,5965424,223186066.24108824
2016-07-11,300038,35.2503131337619,36.33391020516662,35.30725292278885,35.549957370198186,5759522,234983435.6051253
2016-07-12,300038,35.43821020491798,35.38056246924901,35.08699661579169,35.20448004705517,4457017,205998993.67495057
2016-07-13,300038,35.52775812245122,36.18732738494744,34.86330294620316,35.68530738150754,4116882,167449225.17555735
2016-07-14,300038,35.28152135471956,35.69319174811193,34.653852695578735,34.935351748273035,4829868,179336076.4295697
2016-07-15,300038,34.681752941478805,35.48924094840309,34.068498532546656,34.6392637889061,6553617,270370499.6460054
2016-07-18,300038,34.163065735835815,34.437494351328766,33.36458738956071,34.341339202790806,3947453,157711998.7038374
2016-07-19,300038,34.187875845939935,34.51018166939079,33.544734597399305,34.478242127545904,2064976,74543693.53456336
2016-07-20,300038,34.04717345441072,34.53842288938696,33.32554121206758,34.21429815796304,7112657,338545400.97156715
2016-07-21,300038,33.89937757177893,34.31710193261811,33.04652447280108,34.01639871764243,8202534,315921997.4308339
2016-07-22,300038,33.928885656224125,34.1286498929013,33.67668912966936,33.67721402083316,6514144,242930987.8046394
2016-07-25,300038,32.95156515484184,33.545642413235555,33.03777398060754,33.05940220387969,3503204,123812165.00427367
2016-07-26,300038,33.82754079102525,34.22229183233132,33.662025522994014,33.73885165002569,1716421,70135685.58631623
2016-07-27,300038,33.743157803901525,33.92529628284025,32.73921617362527,33.59108968744942,2128694,78498171.82739419
2016-07-28,300038,34.7052135726886,35.055087896762736,33.816561982968324,34.47657072764315,8286806,297364105.96037835
2016-07-29,300038,35.605991937163914,35.47066259692627,34.997881195756584,35.386514153743455,7075639,314031622.5973761
2016-08-01,300038,35.58005405548131,35.99261412157573,34.51033196304848,35.35963926389745,8486365,410734602.6389771
2016-08-02,300038,35.82932132593615,36.74519330146663,34.95300302047141,35.842889566456314,9545093,353985316.36823434
2016-08-03,300038,35.906633453356974,36.320122238393395,35.06781968744519,35.73652757226523,3077598,134033022.3826751
2016-08-04,300038,35.521036924524424,36.3523226478582,34.60998847761581,35.45258014172475,1166435,56266832.92043511
2016-08-05,300038,35.54790092071507,36.61239874743865,34.79390255245133,35.68682532452324,6262797,230056259.51519558
2016-08-08,300038,36.12514770305852,36.57055674405934,34.934568361653675,35.91326084480473,6230336,298008367.66987485
2016-08-09,300038,36.362669362818735,36.84885131586688,35.95688409244252,36.31913475613618,8926038,474816635.83196986
2016-08-10,300038,37.0094801260513,37.270262770225735,36.8001303829835,37.23987210066235,6234535,329160938.6059708
2016-08-11,300038,37.55073737906401,37.792958634588366,37.136355968565944,37.438213078919475,5602675,296584209.90985143
2016-08-12,300038,37.9003852291871,37.70254862819837,37.42613399055739,37.56014290791087,6403431,273039171.2384447
2016-08-15,300038,37.37887499245882,38.41656912842047,36.87974941604339,37.680671813289536,1941657,83172660.85637075
2016-08-16,300038,38.18579355548544,38.90367885741915,37.59232611604875,37.98876872974894,2651273,145447985.30767965
2016-08-17,300038,38.054226689381245,38.745233322832206,37.456091202979344,37.812953634267316,3300266,161325761.7695458
2016-08-18,300038,38.04757359405144,38.82506799060721,38.05343457818034,38.23843132734255,8284304,473767634.92321616
2016-08-19,300038,38.57005194521365,39.55993436687181,37.696520449357585,38.78931773169627,6002855,260707397.8330792
2016-08-22,300038,38.985351679331046,39.368337885166255,38.4255273568926,38.69627246954233,6590405,284180404.13424385
2016-08-23,300038,37.9056485796874,38.62115186941443,37.477798502938384,38.21816204981738,6064423,249589943.57293573
2016-08-24,300038,38.89450905857843,38.86070859103953,38.19312513497539,38.70214406880337,6370413,269289972.788397
2016-08-25,300038,39.074243693848494,39.15365249786173,38.401108112765584,38.75802544648221,2945759,143796534.25546834
2016-08-26,300038,39.531655088921106,40.20945343820608,38.217411160672725,39.272673032670504,1077901,62272026.81811167
2016-08-29,300038,38.77457342191815,39.752080156457865,38.666145723161485,38.7955620824488,5621126,293855668.9749315
2016-08-30,300038,37.399686614493035,38.026193596697944,36.9441481306116,37.65485964900919,8481946,353690847.9752259
2016-08-31,300038,36.33310901984165,36.93892211288323,36.391053288279515,36.63664327483542,2325943,101869067.68510336
2016-09-01,300038,35.768449095566865,36.68863838656541,35.2466721563227,35.94773049893717,8800118,347760122.6763276
2016-09-02,300038,36.16078147678654,36.20130249031658,35.559854406936466,36.01651241255159,6125852,294112530.48516285
2016-09-05,300038,35.862397197889784,36.97536736112039,35.02906985150411,36.108170918520464,5591250,256966194.30136034
2016-09-06,300038,36.42941403494008,36.92739340930871,36.35361016635378,36.51024366935362,4031667,181218134.11682305
2016-09-07,300038,36.76747332211573,37.111832373631295,36.26627142081192,36.966286927988975,8264207,421390147.4550367
2016-09-08,300038,36.4611118640258,36.80081695873103,35.9911630960373,36.733159046386994,5611853,286195446.8967302
2016-09-09,300038,36.54176243689848,37.26131077780795,35.64938142336757,36.53813730506326,6579152,355312684.67414325
2016-09-12,300038,36.38444624910703,37.13790977804374,36.26578502157793,36.536932865007195,1492132,77490381.63710617
2016-09-13,300038,37.20342328125917,37.340791960601884,36.839940258567026,36.99102257259811,7404736,380654675.2583875
2016-09-14,300038,36.990770728199266,37.47072931037017,36.59475812247181,37.08037575651609,6975751,381112518.6047832
2016-09-15,300038,36.54109673944844,37.44704114807394,36.78554075240956,36.888459254418855,1236588,54816776.70152776
2016-09-16,300038,36.57020695439074,36.875362244105965,35.57621825917511,36.62413710772395,1853411,68241370.28882167
2016-09-19,300038,36.78729433098984,37.05755412730008,36.89837402113011,37.03287975318922,8430632,422319593.4376185
2016-09-20,300038,37.13124211415276,37.44254475198328,36.45477907655881,37.13738164975786,1965694,86733088.19990787
2016-09-21,300038,37.47209135425011,37.42103342197942,36.56811312210818,37.102083438654766,7240835,349739955.83244187
2016-09-22,300038,36.51961449531199,37.03645155717784,36.145764549087616,36.845132428396354,3941213,170522975.69755027
2016-09-23,300038,36.832459703327565,38.21932004183756,36.464761385520866,37.13367144068657,2307877,113538050.12446284
2016-09-26,300038,37.18441791305823,37.27428570362721,36.522773102846394,36.91741424725059,8348204,442906787.91522604
2016-09-27,300038,37.32195044338942,37.86053634865891,37.138408727721256,37.524940438348494,3590037,153772089.76023278
2016-09-28,300038,38.07185478684932,37.75348241986985,36.71787808745525,37.75320101940697,4215977,238208890.00103676
2016-09-29,300038,38.08628977997427,38.63443555970428,37.239364489239804,37.88369686949778,6716288,297572761.66550803
2016-09-30,300038,38.12417878884539,39.47033497400637,37.50404150205878,38.380877684954356,4188738,174717475.32835585
2016-10-03,300038,38.702803127499855,38.771426691472136,37.79609753901034,38.41349418406447,1892754,81385226.47797985
2016-10-04,300038,38.849276800151436,38.667130178154956,38.147037560979584,38.5451273195072,6796266,362224778.1573865
2016-10-05,300038,38.77305874711272,39.081305001219654,38.53346472009671,38.830528205600686,5573369,217217980.66405514
2016-10-06,300038,39.053535824306046,38.91250597346944,37.70980731950141,38.8024856626062,1931956,84688249.21938092
2016-10-07,300038,38.21497576358314,38.735531490678895,37.49578769450778,38.25645912189423,1423363,56932417.803359315
2016-10-10,300038,38.83633957589148,39.228584591584266,38.10262186641942,38.85340971537545,1665521,70289675.19092569
2016-10-11,300038,38.323108932567976,39.010252766214826,37.33703750984802,38.43395487966369,5263256,228443022.73032838
2016-10-12,300038,38.46965043486565,38.578934577143826,38.12793942636701,38.28178321205902,2344328,127422995.18645324
2016-10-13,300038,39.574453271482184,40.6621090577582,38.910549763810735,39.56133828711541,9026646,530776592.24743056
2016-10-14,300038,40.154402948900064,40.78973330853196,39.18716687540818,39.76934717520764,7302863,340929138.0195143
2016-10-17,300038,39.07128390650404,39.354543695369486,38.825329637767425,39.130725511238204,6035133,237695320.10680386
2016-10-18,300038,39.24081519571791,39.11017426149902,38.998961744187916,39.07838026947812,3105887,167948029.73799294
2016-10-19,300038,38.666007443535484,38.95873310191749,38.04896864434929,38.93214940322591,5127397,210411173.37095857
2016-10-20,300038,38.06953189584435,38.7922764785023,37.33225878204105,38.21053643710549,9925141,549084960.2560261
2016-10-21,300038,38.09519477103461,38.77562232559791,37.42494642855046,38.26019616844182,4763403,240938059.80855128
2016-10-24,300038,38.4033923552634,39.141513936574945,37.65870595254012,38.6024361641535,9861184,540431262.0986271
2016-10-25,300038,38.28959772335065,38.76154036206497,38.31744672646903,38.47151567032513,5677715,307651056.9731337
2016-10-26,300038,37.83323876231853,37.873301488414974,37.19976081188675,37.52435980082208,7044326,371418231.21252745
2016-10-27,300038,37.29753367315831,37.78933920416087,36.556774224855374,37.322512332494426,9572157,453047719.93063533
2016-10-28,300038,37.5014574385959,38.334044219675135,37.17685036795235,37.824942850313974,6442043,328854888.4450121
2016-10-31,300038,37.49558693878473,38.52640839294199,37.76952995909546,37.789709356621316,9597994,476994440.4018467
2016-11-01,300038,38.00288145305375,38.38491462585658,36.94943319304161,37.948047842095136,4329417,225283329.27173346
2016-11-02,300038,37.98380733995708,39.359310413098186,37.95910233337953,38.23979825315006,3136204,133007790.19866219
2016-11-03,300038,38.999741268786714,39.54901335886623,38.53533365604518,38.9568615823969,3381460,192706974.02423474
2016-11-04,300038,38.414008730517004,38.697689973833796,37.97038776457843,38.21235968489667,4715506,207099197.125098
2016-11-07,300038,38.99116037223569,39.631596687631465,37.660344153514984,38.68393604386628,1876290,101801297.18980855
2016-11-08,300038,38.7355464631411,39.05236134318894,38.48437655516725,38.917467177085854,6291638,318522908.6708563
2016-11-09,300038,38.85976430904155,39.76385085325751,37.9702209521876,39.09822488986751,4715253,236182325.470135
2016-11-10,300038,39.111443267601835,39.06243605843007,38.43372458146673,38.73193488419629,8480708,358847493.5213111
2016-11-11,300038,39.03038345932834,39.77116836463854,38.13693671176433,38.804504220564084,2577152,114217209.17541227
2016-11-14,300038,38.64225414618977,39.17345963748432,37.61269930140383,38.5351607693526,1347306,53968775.500233166
2016-11-15,300038,38.12974952997329,38.59525495900351,37.72442836261981,37.77892682517826,9818332,516260081.17277163
2016-11-16,300038,37.02112120376074,37.70995612905424,37.3070900048353,37.327566489584164,2805623,123540428.63755015
2016-11-17,300038,38.92316587552695,39.68739744089974,37.601727964081704,38.55621118717323,3204344,181883516.12324923
2016-11-18,300038,38.41872959059158,39.26232931181911,38.00586994687597,38.58120613188221,4033527,163085606.64809212
2016-11-21,300038,38.01861827671853,38.283336239254695,37.6089870016418,38.25821633102841,9568625,389443288.1223539
2016-11-22,300038,37.703150376777515,38.89019908740334,37.36913444069769,37.823925291356474,8764159,425395593.2887191
2016-11-23,300038,38.064583450318445,38.42780375647078,37.58577221124804,37.91379200788229,1698013,89734329.56738046
2016-11-24,300038,39.33550922371204,39.627917374988904,38.731833447074045,39.4067161199947,8197196,360363337.06730074
2016-11-25,300038,39.93843933335061,40.6013303052199,39.25008897661842,39.789361221833204,6254454,275709875.7438308
2016-11-28,300038,39.66430278975446,39.45529012026003,38.3484338629925,39.42164919850978,3113435,182208913.55170685
2016-11-29,300038,39.62898560395837,40.42198341994898,39.19382292830909,39.251889414023964,2934878,172677706.49361834
2016-11-30,300038,39.53352019565581,40.38261199479959,38.2818522782828,39.416595246727034,7294081,315281695.4792994
2016-12-01,300038,38.28248349159362,38.26797505778386,37.44653337462077,38.02356002320635,7133529,373643467.4555384
2016-12-02,300038,38.03394225866832,38.67093533325791,36.98184212788669,38.02221596175798,8899413,400019664.40591896
2016-12-05,300038,38.5670674229248,38.543323807408385,37.43473134488781,38.31503415725273,8794012,443357454.47289354
2016-12-06,300038,38.444862543930206,38.69300921448293,38.03198981865648,38.0999676131902,8349924,330064773.02667135
2016-12-07,300038,36.74733635205456,37.2239269552922,36.38549393826562,37.01679254674365,1824062,89021394.43286788
2016-12-08,300038,37.33095351202014,37.90561608630749,36.7552141357079,37.10259510653412,9269559,366247568.50077385
2016-12-09,300038,36.24775058169543,36.33972777428792,35.60894692787248,36.288435022854856,5289359,278330855.8374864
2016-12-12,300038,35.79945403229551,36.309002615221665,35.1986744993697,35.54499525427589,3329065,155055777.39527285
2016-12-13,300038,36.65596858503428,37.33390399615792,36.14296365184799,36.35728205826286,6765106,338581508.2984952
2016-12-14,300038,36.13680594141884,36.71761748590319,35.606215870273175,36.240465400805945,9526284,437198324.67895114
2016-12-15,300038,36.95189023943176,37.79224884910908,35.934627891375904,36.89158986275631,1083366,45914737.228404626
2016-12-16,300038,36.2975737558473,36.854180010690854,35.47120619190747,36.45407542405643,5623529,220804207.79336455
2016-12-19,300038,36.8020051718117,37.4656399364241,36.506728369061186,36.60306427499977,5424232,205889240.06521547
2016-12-20,300038,37.11562452066026,37.680558441644166,36.182798132658384,36.81048450171764,1496566,75778769.14205654
2016-12-21,300038,37.61826234575225,37.562505962905675,36.495170015928714,37.47834551601878,2057003,115521644.54491092
2016-12-22,300038,37.194646566949814,38.014930261701714,37.210650501623626,37.43124747092407,8769250,381214419.98081374
2016-12-23,300038,37.98751741362762,38.043695914451526,37.5974740565611,37.71532226285669,4904954,207192764.2664441
2016-12-26,300038,38.436927882268826,38.82926798493573,38.020087312034725,38.743345079399205,5844877,333385598.5767301
2016-12-27,300038,38.90545017261207,40.010472323624555,38.27963261710067,38.90850987112957,5355206,307281541.45078796
2016-12-28,300038,39.334813875083185,39.8885198353634,39.12105382244601,39.26848976054934,8991542,500314707.6748768
2016-12-29,300038,37.96870665414377,38.20867787399807,36.57654083080624,37.69797358542367,2555399,98011761.84412704
2016-12-30,300038,37.60413454026333,38.251803547124595,36.94811855236946,37.77041657973861,1549666,79650777.36538537
2017-01-02,300038,37.61627006981215,38.26505380350383,36.63639863324831,37.6229054979208,8564391,364684557.83899486
2017-01-03,300038,37.37672361100308,37.70349531918257,36.47461172612266,37.49568089768112,1751801,77371921.16942641
2017-01-04,300038,36.95410342397108,38.06862685870619,36.43610058294903,37.01632405325077,8707515,483335662.3196328
2017-01-05,300038,37.100431869769736,37.92340898809788,36.93230474925042,37.29756671877725,6347627,306677870.93007094
2017-01-06,300038,38.08223027919979,38.43883209316901,37.65607991537634,38.184930647754626,4687537,254930399.4931355
2017-01-09,300038,38.05842522205629,38.64549924827251,37.801058297562584,38.41442748231866,9493040,504440022.19112104
2017-01-10,300038,37.274478459285746,37.811041792160204,36.770656670181765,37.48556031671855,8530648,471192256.8307346
2017-01-11,300038,38.3074312715199,38.56616995242251,36.94585493612111,37.95411086522461,3698515,148565868.70491982
2017-01-12,300038,36.675315551125664,37.54758456865959,36.36446828603629,36.56674081955374,4127633,215594141.471716
2017-01-13,300038,36.40475292164858,36.84981653604692,35.88963315516417,36.71027882548158,1874992,98955152.88102004
2017-01-16,300038,36.85753754172789,36.91712442434989,35.941535374384706,36.82934713265405,5761700,236524277.91741788
2017-01-17,300038,35.92451586116827,36.85905959556653,35.24993129087525,36.253252755818835,6032536,306550280.21028787
2017-01-18,300038,36.67458738732879,37.59111555909238,35.96895526637099,36.82744003987521,1795987,67096295.78663585
2017-01-19,300038,36.79604364762971,37.238720190550346,35.64509166225101,36.660164224067344,1564428,65497697.899158224
2017-01-20,300038,37.177685663965065,37.42627756468891,35.94623123644762,36.81703488282545,7296677,363081716.864724
2017-01-23,300038,36.62704608834878,37.56870133273142,35.6249265373139,36.522535931315055,1650541,87301449.48538145
2017-01-24,300038,36.29387369574371,37.20089055166966,35.526010906586826,36.40429490377338,5872489,221523489.3568406
2017-01-25,300038,36.55148268297212,36.89750964247722,36.62996937641018,36.89228981504207,8445285,320761549.84525436
2017-01-26,300038,36.38571550052219,37.05741749292665,36.1247903866974,36.62731852444826,4810426,229644265.8538363
2017-01-27,300038,36.7708183938102,37.42852336986144,35.826138001483,36.595695763019506,7747541,396566777.78601855
2017-01-30,300038,36.20074313300501,36.92845543084409,36.26938060353236,36.334341156997255,7215283,335554288.4723926
2017-01-31,300038,36.47532542148454,37.53582646995419,36.260981344755294,36.675980700141565,8886515,393426464.64237165
2017-02-01,300038,36.246661637868065,36.67485082891296,36.51328212987188,36.60132115448275,6363051,326784937.8408982
2017-02-02,300038,38.50235563754858,38.540507154959684,38.416789221410916,38.46257951183183,5298826,231914788.67368045
2017-02-03,300038,38.456274618925384,39.399777742148025,37.701092323674935,38.55171777692868,2096426,88753513.35036594
2017-02-06,300038,38.96418591884393,38.96894610699574,38.42546345723626,38.58663693440645,2899185,153872559.22916862
2017-02-07,300038,38.44956769283341,39.2674796958614,37.97720231315158,38.58962577839278,7171849,331751262.74421555
2017-02-08,300038,39.11297481977037,39.272628136036495,38.05462559785514,38.831769278953864,4487541,253532164.50822952
2017-02-09,300038,37.779100934853226,38.49027430151294,36.96478623547281,37.51309726519582,2673080,125543062.53721154
2017-02-10,300038,38.580427739416436,38.58237930037376,38.10651292216024,38.23396536816699,9019826,426882866.64118505
2017-02-13,300038,38.411574981124176,38.924607599057026,38.05416391842715,38.47798307751691,1589169,62146325.68303874
2017-02-14,300038,38.86682096659054,39.824576463652456,38.101621200687184,38.87541897727026,6418768,311368558.0005434
2017-02-15,300038,39.42534002406638,40.33038442329645,38.703702163115636,39.46931942982995,3068490,135330524.38170904
2017-02-16,300038,40.050698648428735,41.10913847187394,38.80976127939802,39.92792124429214,6759374,387287121.35821533
2017-02-17,300038,40.86430920300168,41.54407924964905,40.1202400973935,40.75253737213775,5275140,269496646.2926748
2017-02-20,300038,40.98054030720582,41.65913591091542,40.16995194938379,40.653047890436966,3142856,175255792.3651691
2017-02-21,300038,40.34665587533556,40.76451982061167,40.45421260586384,40.52204729405556,4597171,193881337.2354128
2017-02-22,300038,41.22166817371192,41.131490316467236,40.71136013927886,41.05327676779071,7121013,407885584.9482404
2017-02-23,300038,41.51638533088516,42.198772028350184,40.62081123932638,41.14314509452019,8927904,431424403.16575235
2017-02-24,300038,41.74417200041258,42.34347665153035,41.4327229306871,41.43464766523985,3041782,131578414.06182808
2017-02-27,300038,41.6942211545393,42.30806674817098,41.111713879133276,41.931555183237464,9638022,598412407.605512
2017-02-28,300038,41.9661476038728,42.751861326215845,41.34320340269283,41.80823805931671,7420231,450915079.71498966
2017-03-01,300038,41.73972106692779,42.34116386798831,41.37763504229329,41.77150343389489,4928261,271246469.16102177
2017-03-02,300038,41.16099612834246,41.65383825100219,39.78256403279959,40.867962337296746,5744791,253043830.73878983
2017-03-03,300038,40.607303510808364,41.372910521112,40.310245803601156,40.65193146607443,6437409,372310028.82103676
2017-03-06,300038,40.13333360749609,40.82171608446628,39.686312802042266,40.16405364385455,9880254,422147093.8918021
2017-03-07,300038,39.84573905774291,39.90662633003399,39.24224143281821,39.89724939463936,9224364,405432252.46164507
2017-03-08,300038,38.41832071816007,39.27171940675107,38.42093754486091,38.78035636155059,8549551,462725859.317048
2017-03-09,300038,39.98266449535049,40.558431116461435,39.78596976323459,40.042142932872935,2205205,120833520.62337628
2017-03-10,300038,39.576440377885184,41.00599051078921,39.505535919658804,39.88089773797759,8534117,494435871.3974981
2017-03-13,300038,41.74162906918244,41.782239913222874,40.63488411040324,41.55867907869252,6450081,388425646.7704607
2017-03-14,300038,41.69912511089764,42.81445753444081,40.800992511171664,41.77491974594248,4812462,238631783.62624663
2017-03-15,300038,41.36165029523203,41.577751841946835,41.409762015340405,41.49056766128543,9249679,460920566.79813087
2017-03-16,300038,41.86089224432559,41.74385429889614,40.429218047625916,41.58510412634989,3160645,181371611.55426902
2017-03-17,300038,41.476092522390935,42.18361205357842,41.03811291188164,41.35574304739167,7095024,337489413.6288254
2017-03-20,300038,41.56359466992237,42.51624433853506,40.960184135055165,41.786764415989865,8662661,377499961.5593788
2017-03-21,300038,41.47206074674593,41.9025486530502,41.20737968355962,41.55235798670109,9504861,465304791.7594746
2017-03-22,300038,41.55045119577655,42.25741267932657,40.99559014344813,41.641922201248676,1235010,66157849.332629114
2017-03-23,300038,40.94307971043615,41.828252132997285,40.467625414055114,41.25749304022767,2807071,123739904.31754433
2017-03-24,300038,41.70155723722331,41.814238909858496,40.14845290269615,41.36348492797322,5923600,254614083.97277078
2017-03-27,300038,40.60278901809981,40.45526713084822,39.667436554018366,40.32808325576202,7767780,430405611.5940248
2017-03-28,300038,41.22502120588406,41.96069634982537,40.73057944098728,41.50829510731319,6888899,412828283.4668203
2017-03-29,300038,41.13617595408955,41.77820157854757,40.72913891421606,41.295033544306044,9346627,483415260.50543046
2017-03-30,300038,40.753600603064285,41.18105695318122,39.95351369637522,40.75772629189271,5866157,309397815.0439648
2017-03-31,300038,41.59723895979835,41.60258183393327,41.381183953459306,41.5796388923081,1782389,78833355.0050803
2017-04-03,300038,41.55315819017057,42.053588206478004,40.74824696115151,41.61461556746369,5146432,216247555.4761436
2017-04-04,300038,41.23934841529136,41.41127728931342,40.440819031387086,41.27178488063035,4093636,180799081.61367613
2017-04-05,300038,41.24614270703624,41.470784250436964,40.189084775683526,41.40225906175774,2490498,127663388.05968267
2017-04-06,300038,41.285575336029424,41.697223135263094,40.60975118808985,40.98131176022274,3747054,221393110.5195376
2017-04-07,300038,40.773723547298474,41.86819083459857,40.20555114558924,41.03038232405506,9573383,441518334.9123111
2017-04-10,300038,41.21138644170466,41.854347761622606,41.23965462588858,41.58584664332681,2757970,143295134.5469376
2017-04-11,300038,42.53026841954477,42.7482312067128,41.82582482609002,42.13718341740028,9514477,600291366.0151162
2017-04-12,300038,42.841327842543116,43.4481791194947,41.36362973377444,42.4656787444601,6683151,334042137.80053395
2017-04-13,300038,43.598403024737216,44.69381446541592,43.094675244174404,43.403514233183365,6123160,347798409.171681
2017-04-14,300038,43.068087211045835,42.860796140076225,41.58624890336256,42.66983320680238,1619540,98589345.60403372
2017-04-17,300038,42.69578443529009,43.554256834689795,41.14249779051041,42.37177301065128,9774697,442811279.470763
2017-04-18,300038,40.722398930452556,41.10649192946152,40.42494542803241,41.08479274321995,4089401,247000850.00100225
2017-04-19,300038,40.82484271588007,41.79507080496441,40.39850470459725,41.04055210661414,3493090,145634623.53070062
2017-04-20,300038,40.877187003611105,42.04863090793155,40.627906613750696,41.18019052724209,1474198,62287157.80384325
2017-04-21,300038,41.24588352776126,42.21548683949013,41.187257226320774,41.42511057367301,7033973,354812949.4291379
2017-04-24,300038,41.1303514923972,41.54895789177221,40.43535256266007,41.31677933549064,6687070,338478326.70537114
2017-04-25,300038,41.626373667795626,42.14827311530099,41.250201389293416,41.83580923637862,1080316,53491445.430960074
2017-04-26,300038,41.96578547967927,43.17576024546648,41.675564615605026,42.061853267495145,4803630,237049200.38496977
2017-04-27,300038,40.34754368461289,41.56207242815007,40.58390448496897,40.63923184800957,7565474,309213995.49734294
2017-04-28,300038,41.990696028035984,42.888456238487905,41.61206861328821,41.9216822768696,8004857,385380274.8599414
2017-05-01,300038,41.26606937020879,42.60729638489088,40.45809921983042,41.41290436629728,4011214,179195828.99559557
2017-05-02,300038,41.10372468452733,42.02711313456113,40.08445310577201,40.85642028918233,6875099,390437869.41318583
2017-05-03,300038,41.007752190167274,41.13233991029074,40.42400623901367,40.71194408184858,4024595,175917906.2970645
2017-05-04,300038,40.423365471173554,41.160078680279575,39.22317879643336,40.26615249611381,7069412,415055985.22238255
2017-05-05,300038,39.77019307668126,41.168296162706866,39.24260601464641,39.98558242979849,4476656,208692503.77633935
2017-05-08,300038,39.47806315429008,40.74118457679954,39.54423464867753,39.690298996754294,1814360,96683091.10949597
2017-05-09,300038,38.012358655266226,38.94770057282352,38.015277629406434,38.253058778009596,3605322,193333035.8002521
2017-05-10,300038,37.7895091867537,38.63972787362575,37.51403063742213,37.957457431546004,6309145,331023881.5364599
2017-05-11,300038,36.9724160521939,37.87453214263913,36.76698053583412,37.22258737525185,1051812,57252953.45265422
2017-05-12,300038,37.92234843176719,38.618945918348516,37.28946220631032,38.07856137207855,8075253,449426728.6736807
2017-05-15,300038,37.162276839318004,37.56383769203555,36.42046512088764,37.32827466545399,2417109,118419553.82832074
2017-05-16,300038,37.41377487227708,38.16880901877,37.453818810343286,37.56361095902332,8916313,398399919.3848702
2017-05-17,300038,37.25157694792497,38.008351992020195,36.40079658789296,37.3138401038518,7668241,313917748.59003043
2017-05-18,300038,36.75777485934793,36.76214813323307,35.49575877132758,36.44697389367624,3291185,152684769.61836442
2017-05-19,300038,35.910938056004056,35.78485492309514,34.87728613777074,35.723277358175025,9202495,462976925.9199393
2017-05-22,300038,35.6116360653314,36.397297497999716,35.30470354133882,35.842015019787034,8318708,427205445.4221933
2017-05-23,300038,35.919257757224194,36.419359505669775,35.64023910717766,36.00306244052868,5106689,192011545.90825784
2017-05-24,300038,35.680573682137585,36.218667399532855,35.17759494571585,35.8510109370192,4140152,198694806.22927946
2017-05-25,300038,35.8322004074178,35.973436647518476,35.325972048197166,35.73077998482917,2148440,89742193.66791402
2017-05-26,300038,35.92484700966923,36.69448765586599,35.57333085716304,36.16749331676591,3113506,129180936.18582653
2017-05-29,300038,36.3112207483027,36.53615038993921,35.87812867455112,36.23300000308099,8847651,443470108.07234377
2017-05-30,300038,36.42599402662339,36.27637159073279,35.780852819822016,36.22369770950153,2599481,100648455.37025997
2017-05-31,300038,36.48843935698716,37.5353820620943,35.789887233451275,36.802436070213645,3914810,177110588.42741123
2017-06-01,300038,37.06373898457495,37.10920243674003,36.041937541318006,37.10329838446187,3543046,174116347.94757777
2017-06-02,300038,37.53507181694277,37.93418473842019,37.20688680655289,37.33183367235548,7940731,299561589.87907076
2017-06-05,300038,36.726176944402894,37.09565026671313,36.05957193885703,36.8220239293816,7646296,388615998.8261013
2017-06-06,300038,36.50777330036081,36.604398317453814,36.12550534795249,36.493304868523126,8097086,349600282.644325
2017-06-07,300038,37.132301119976354,37.203386926953065,36.74266864434789,36.846965407609524,7298329,359400576.21835434
2017-06-08,300038,37.10441209108462,37.798081264192206,36.98040954941212,37.16114634950269,4941453,263304163.57233799
2017-06-09,300038,36.3030892529185,37.068408860716154,36.46303511668758,36.63667947832222,9201130,477366293.13594544
2017-06-12,300038,35.9134654391336,36.42618414914511,35.99988747904498,36.20197791769853,9781887,383151921.1149247
2017-06-13,300038,36.04817745135875,36.41537057048424,36.00205418998177,36.10435408020916,8279810,388580492.68957305
2017-06-14,300038,36.2010330834151,36.57193295939704,36.03263791742095,36.420827251805264,1578701,74481581.47045389
2017-06-15,300038,35.728303740533356,36.76702808386617,35.40466083405785,35.86480979240217,6673105,282893897.06830287
2017-06-16,300038,36.58200011377156,37.61933055059866,36.68930731346431,36.85962666849737,6183719,303683842.57014734
2017-06-19,300038,36.15512918584919,36.808286949610014,35.41171156790722,36.269230084641855,6863239,346534754.60453427
2017-06-20,300038,35.725794548787114,36.731009971512634,35.0785799907154,35.99923411480292,4263799,213860797.45684206
2017-06-21,300038,35.71671680102021,36.40329355854682,35.11804487497191,35.50380131619521,6479201,247456805.9451591
2017-06-22,300038,35.41531123929555,35.64268126259721,34.13371277855344,35.11430350008322,7802966,343804782.94591427
2017-06-23,300038,35.28103084499797,35.91307394543057,35.339692605448434,35.56364914142945,6660116,337124084.595503
2017-06-26,300038,35.96774382875133,36.6260994427167,35.564618712734635,35.66669888011772,9689915,432890184.4844125
2017-06-27,300038,35.78046992160358,35.89444854362791,34.94668890846137,35.836834490113,9434801,397685403.7464581
2017-06-28,300038,35.71546143266051,36.122837175694535,35.66100398805743,35.87148477598522,1491768,59818387.42428379
2017-06-29,300038,35.97053856425967,35.94158902233048,35.56848138724765,35.93717439168498,6901590,291724861.24181044
2017-06-30,300038,36.041126415814674,36.603187800361574,35.1321897187021,35.85760440440016,1891446,90119021.50974043
2017-07-03,300038,36.7655497313666,36.80862953977338,36.27235410680915,36.69113921910636,9284640,448738966.5237797
2017-07-04,300038,37.38241777721428,37.31287155749546,36.75490461324518,37.2325941659881,6687609,309915634.8069417
2017-07-05,300038,36.841615482084585,37.161857848115574,36.274779039900125,36.810930685884415,4174509,223675828.45222524
2017-07-06,300038,36.1078181313539,36.997521322874036,35.15163743012292,36.02141353487572,3551894,152329123.04924053
2017-07-07,300038,35.508282050715934,35.983783256988026,34.603097722655356,35.54143518801246,7623951,368326699.7604602
2017-07-10,300038,34.76934805388654,35.14951921791454,34.681418351328766,34.914460509678236,7702260,304771734.097889
2017-07-11,300038,34.37416305470603,34.8456244152729,33.40533573898758,34.338028065571976,3538670,165402773.1265757
2017-07-12,300038,34.483682261780864,34.936687167147944,33.73430081969602,34.47755601303939,5400473,260304808.29146087
2017-07-13,300038,34.53154605213233,34.81885729287567,33.311430192134296,34.225568605409094,7989223,379146096.4347365
2017-07-14,300038,34.69628081840174,35.1571581732264,34.7513016471755,34.94801732636692,8276341,361528760.67509925
2017-07-17,300038,35.64871748088981,35.96713002869976,34.90597922617854,35.42418785588836,9078989,403805877.9852267
2017-07-18,300038,34.34245968484196,35.44748384175041,34.426783427105825,34.66759227876875,8586454,354893146.37943006
2017-07-19,300038,34.480105961893635,34.702876854340495,33.23567546529227,34.15739830033226,5405549,247089895.41867155
2017-07-20,300038,33.69031896442588,34.34114578893651,33.693993251858835,33.90400621953816,4956788,179700917.85824388
2017-07-21,300038,33.62520833615883,34.68615368481931,33.19532223717304,33.95355993184346,1578060,57210658.354074165
2017-07-24,300038,33.98535502505722,33.956150135827656,33.16265851900693,33.92089774108345,8788871,409481282.2830126
2017-07-25,300038,33.35766576252021,33.10565532724516,32.08352719451996,33.07269216195918,2245873,90025463.3162129
2017-07-26,300038,33.243616264591466,34.18559917843619,32.52593769835827,33.435229680868915,2294736,79527583.43829061
2017-07-27,300038,32.54014514249342,33.363311779400966,32.329403005992916,32.6255926703837,6878766,270995758.8036532
2017-07-28,300038,32.821641057669744,32.95887187511152,32.54973110533064,32.85062857534736,8845289,359076105.2615906
2017-07-31,300038,32.7426271761303,33.05272131588212,32.09491678788697,32.72489120222944,2482799,107068824.19460365
2017-08-01,300038,32.35045089988175,32.48175209691556,31.534205292008874,32.42668553278051,6083793,230618899.3199353
2017-08-02,300038,32.83420069193087,32.6021082594055,32.44580773751289,32.57333481312614,9039006,355120215.0650406
2017-08-03,300038,33.407541628839084,33.33984619033834,32.47751930759702,33.30993207916795,4983504,169182262.8579926
2017-08-04,300038,32.98417463954938,34.28458485000115,32.38790104759825,33.28963278475059,9433920,325365593.9695214
2017-08-07,300038,33.051198521061295,33.9472927605016,33.25874550883857,33.28134221523638,6628522,274583446.20253736
2017-08-08,300038,32.65518669773784,32.8598279316416,32.25039246549556,32.53723680185324,4638393,216725029.4091641
2017-08-09,300038,32.4079086442535,32.50289912877643,31.46566886695734,32.089214986585915,1366821,52693720.60023163
2017-08-10,300038,32.429603260665274,33.54265767144284,32.52696363202554,32.57894921211907,9673525,371182383.00374925
2017-08-11,300038,32.99028178079252,33.983415915992445,32.431741863551814,33.030499892185546,7695885,311618006.0454785
2017-08-14,300038,32.27103574425657,32.6665548582193,32.014086282346014,32.41798775666704,6781545,274964099.1031711
2017-08-15,300038,31.570481923149114,32.04910127461472,31.011401119158673,31.473340316888315,6769790,258663076.32122073
2017-08-16,300038,31.41705832853871,31.89050351795719,31.164402625016393,31.611949152581555,6606947,210157533.4614172
2017-08-17,300038,31.67409308542286,32.17200833254206,31.55723703841679,31.863505598240344,9620379,391969503.1463862
2017-08-18,300038,32.12922991274577,32.60148348424597,31.283289023289512,32.14293048744439,7988621,371326271.7959392
2017-08-21,300038,31.19610485496596,31.527314643141054,31.224946601630855,31.504202992255824,8086520,263222432.48235652
2017-08-22,300038,32.08305395025923,32.14303201414384,31.56231161396854,31.940958840930968,6671283,256813757.96225932
2017-08-23,300038,31.73578541228099,32.74440719220677,31.586067349266735,31.90323827158601,9301360,306607517.7500312
2017-08-24,300038,31.40835229102626,31.634461289181264,31.489523854774205,31.5679266931215,5226643,243264818.97323483
2017-08-25,300038,30.986635371730905,31.568147094219555,30.735042578437376,31.202482937866236,8756326,290396810.0700047
2017-08-28,300038,30.997786880772598,30.92881482862654,30.215338080778967,30.70055635815728,3921134,179545762.24220085
2017-08-29,300038,30.565513898801473,30.530821076961736,30.269230016668335,30.447790673496197,2278187,89144823.93533832
2017-08-30,300038,30.445726377062414,31.205880990236135,29.663693123051058,30.35251697703911,2777176,92348413.8709048
2017-08-31,300038,30.625583879902045,31.094530039318986,30.327873246164227,30.637318795641605,7237680,241058379.3663207
2017-09-01,300038,30.78129368160744,30.77511502900169,30.100338324997505,30.669628525995815,4409743,146643167.14904252
2017-09-04,300038,30.611848025901,30.814730145801565,30.61786043830572,30.732018970040798,2187699,92901602.11614183
2017-09-05,300038,30.79605054012101,31.291600782116788,30.24403627347561,30.54963322876069,3942279,130894244.89952616
2017-09-06,300038,31.151670498422042,31.193132353889293,30.39877700780258,31.099455185140364,2053342,76250606.63126367
2017-09-07,300038,31.3034199062498,31.937498076998224,30.86734517250458,31.09939121329746,3792243,160075078.72343642
2017-09-08,300038,31.202062520704267,31.642244660392723,30.83498904476182,31.344470910676637,4179468,162065832.05330443
2017-09-11,300038,30.988006492363425,31.6957747905922,30.60399357324958,31.25330544059282,6638541,225692683.96081328
2017-09-12,300038,31.264391598651766,31.591711311376848,30.628657816794846,31.21109749421728,3834392,149731233.55558342
2017-09-13,300038,31.361320868809244,31.541473332319477,30.90841847228967,31.45294734369017,7959150,350658905.09744865
2017-09-14,300038,31.31005359515284,32.19983693934773,30.70424055164488,31.614489954049425,9316179,412239630.16463834
2017-09-15,300038,31.69387896305655,31.96925124803532,31.00450759151388,31.89227031293297,3056931,126569528.28006409
2017-09-18,300038,32.325019722244114,32.61178866670168,31.923749030564753,32.54687084388893,4100482,191727436.5520999
2017-09-19,300038,32.54718937960678,32.55965648875619,32.23868231997559,32.519916337941325,8175229,277733856.30365217
2017-09-20,300038,32.00951156970351,32.835400115263106,31.686778081094506,31.984808742054295,9992670,465666785.08547765
2017-09-21,300038,31.560350070187614,32.08111356566136,30.93732333766321,31.763544384606593,4505763,193733918.3671053
2017-09-22,300038,31.704022898338305,32.38774236125448,31.294863980742367,31.6474450736211,7736880,298404190.31771964
2017-09-25,300038,31.644096863984227,31.569692333444394,30.570339404332806,31.404711232578478,2619561,121035936.11094156
2017-09-26,300038,31.512276454691076,32.25977155852844,31.45594087389353,31.630812944180533,3469657,122362842.29292168
2017-09-27,300038,30.34995898665605,30.982337367742524,29.844295314721457,30.3655577383645,3753692,125395596.07522164
2017-09-28,300038,30.39422257021085,30.84527458182622,29.69196886972041,30.546049559335653,7391537,248207782.623834
2017-09-29,300038,30.319730138137558,30.763927658431744,29.97128002533659,30.374253381950748,8173034,288054656.54291445
2017-10-02,300038,30.420364658148625,30.6341088522316,29.65632336131655,30.253249557656314,9283439,330518767.153399
2017-10-03,300038,30.367084260831607,30.378930164187608,29.73698463449042,30.103724190976347,8493915,311157098.8734642
2017-10-04,300038,30.531416667585056,30.806756257474415,29.596063380305498,30.448106910835048,8806993,299841966.8551361
2017-10-05,300038,30.602437613429153,31.310632372612268,29.901198212358345,30.55834117009935,6948324,258444960.49439466
2017-10-06,300038,31.12413800347175,31.6490613507228,30.426341620467703,31.152811558513342,4408429,147236887.4672673
2017-10-09,300038,30.99060054648507,31.826886712367628,30.876072186577378,31.289262311946562,5803273,247150304.95163882
2017-10-10,300038,31.790088971355512,32.01341444821154,31.47894364757595,31.866936510369058,6536230,219189040.48414764
2017-10-11,300038,31.537505982377564,31.71812447780823,31.27903607203647,31.355662217120113,2167147,96124277.28371377
2017-10-12,300038,31.483887979190417,31.760180372483152,30.51007133204001,31.379049682533473,7562525,325964013.7007636
2017-10-13,300038,31.076315419577412,31.65775845512288,30.72606587228877,31.19630273508589,1777933,57531972.343912855
2017-10-16,300038,31.480199168557608,31.983361089288174,30.76911897708652,31.643006826849767,8222421,314847819.66559243
2017-10-17,300038,31.297345360896824,31.543015317766397,30.61327120109249,31.018965416701292,6109658,281452977.6264912
2017-10-18,300038,31.095558373217397,31.641480539519435,30.535386972175125,31.254936353409494,7571489,238013344.15438995
2017-10-19,300038,30.878855666601947,31.01440256701636,30.571011128736377,30.665742670328214,2063007,67850991.79116401
2017-10-20,300038,30.576698889020264,31.661992578723442,30.763412910348098,30.833367747572137,9493457,362165764.0673815
2017-10-23,300038,31.05368455748257,31.996981030326676,30.972800199247615,31.15742702215156,2630043,111457242.32764974
2017-10-24,300038,31.231354366453083,32.286952193157724,30.98002465623145,31.531052568368843,1054613,36228063.34030617
2017-10-25,300038,30.975063425793326,31.333207375701818,30.605484526908707,31.17936817186013,5834368,268883532.67452806
2017-10-26,300038,30.89935585533647,31.304831563042413,30.723687132660157,31.12775725549841,5342428,182797506.6668849
2017-10-27,300038,31.43948175413633,32.275871234173,31.180824329099952,31.359770106416438,7584930,266020973.20294416
2017-10-30,300038,31.23936503016123,31.37198640734654,30.258783662736228,31.00135015855313,2646687,88855227.77978024
2017-10-31,300038,31.4627943179825,31.475395846920936,31.06764891942577,31.256548064268443,9221469,356470395.07574177
2017-11-01,300038,31.12106973699089,31.53962163538976,31.09702768108858,31.149232580198568,4335756,184433677.59395027
2017-11-02,300038,30.825839429864505,31.690005969823947,30.21561624445848,30.987734085761446,2844399,99749690.0784451
2017-11-03,300038,30.534053246340036,30.976738610365157,29.58880420031637,30.391030581494018,6743797,303677196.8747654
2017-11-06,300038,30.499704495907654,31.135464424193465,29.749299597162153,30.234742160425967,9937436,367474353.9898308
2017-11-07,300038,30.197095277021578,30.629743422803113,29.515504371766294,30.132099072423177,8826599,334596719.9504733
2017-11-08,300038,31.604095373025338,31.484111112138965,30.606821411449523,31.373616345378945,3508375,124987231.15198393
2017-11-09,300038,31.330786342243336,32.020184205262,30.60413555691915,31.400336701877652,6740165,303753813.7938935
2017-11-10,300038,30.830828557905924,31.22626615395493,30.737849984519517,30.83892159507604,4042139,181377401.26440015
2017-11-13,300038,31.091621395793684,31.62117606546713,30.49797615309303,30.94996096089473,1712182,69563767.91777189
2017-11-14,300038,31.08941603653447,31.013432404660506,30.432057096044154,30.86028657769763,1486917,61370814.292540856
2017-11-15,300038,30.906276709000625,31.618182876551963,31.007898036793197,31.20853185249046,2243033,81158483.52637114
2017-11-16,300038,31.513040318119028,31.98837900865621,30.283912852730168,31.211931413876563,3180789,124666556.14817879
2017-11-17,300038,30.442136038562936,30.901583300517448,30.015947535948523,30.716638706947098,6994178,319361011.969686
2017-11-20,300038,30.89255391750743,31.14299792550471,30.123731813311235,30.80887294477753,3009091,107878310.22363572
2017-11-21,300038,29.61528114228333,30.452433846845107,29.654171720804385,29.87970837270267,7296829,225564808.70159218
2017-11-22,300038,30.456009937250418,30.676102951481255,30.00301696083508,30.40991246500489,9466732,334111544.33175576
2017-11-23,300038,30.680516920550453,30.970882240348853,30.416366167366494,30.791767061188764,6317775,280278173.36312443
2017-11-24,300038,31.039624589453453,31.3217681476581,30.773454947148302,30.967735111227817,3964900,156628542.38714954
2017-11-27,300038,30.075132945473175,30.60365837551887,29.562860252130797,30.364790193052276,4358361,151893741.8613601
2017-11-28,300038,29.92931440973363,30.763357169109025,29.707627656877296,29.999121038668196,8686430,379523418.2914348
2017-11-29,300038,29.27338978949145,29.621156983247626,28.916107198175197,29.314308567551308,1599731,59986492.879841805
2017-11-30,300038,29.81505008667252,30.34509965444287,29.232599302597517,29.873999145742182,4799878,173515974.68411002
2017-12-01,300038,29.33572998640424,29.80168110091092,29.4823221507791,29.590425488991944,4936494,200792910.10797358
2017-12-04,300038,29.52300519556477,29.82655152668147,29.284197114450627,29.750466126232542,5878640,238019591.5169556
2017-12-05,300038,29.50626273131186,29.456734343444722,28.662339027578085,29.368358660181137,5129497,194051226.79141808
2017-12-06,300038,30.123898547072333,30.259007834506168,29.152568159041596,29.856044088507016,5430891,227327780.11410463
2017-12-07,300038,30.066210474842045,30.140024212232362,29.014804003905773,29.83531508900333,1496277,48257695.78157143
2017-12-08,300038,28.992752030601807,30.026618210249925,29.188566272416093,29.264839268691436,4841651,193678619.4882315
2017-12-11,300038,29.263204555934042,29.600644754146007,28.40710416764324,29.15091380315611,9619759,314469815.25502855
2017-12-12,300038,29.462829316178787,29.85537448301632,29.069127695173698,29.33350305003736,1738168,63745035.489269115
2017-12-13,300038,29.323139614724315,29.398522957495103,28.840543411052472,29.295401220631554,9493766,330714733.3218167
2017-12-14,300038,29.272036902215117,29.54800883681578,29.324765124596407,29.36639040246154,3748085,156561695.8144259
2017-12-15,300038,28.926766839075178,29.854573446143743,28.358030134218616,29.01262539726197,6775851,226625762.42351386
2017-12-18,300038,28.40192220354817,29.1840918718573,28.34770881070257,28.540919101545015,2734862,86833980.41902475
2017-12-19,300038,28.43212392100632,29.088654930441802,28.2293796424553,28.422589919444555,8434244,240223361.04011005
2017-12-20,300038,28.27667794747848,28.6102680170383,28.07403690890116,28.41220911563744,4866951,174092910.01279938
2017-12-21,300038,28.613252234690123,29.056292971798356,27.846489859539005,28.56670877369328,7383754,307585095.4255116
2017-12-22,300038,29.309362376417045,29.43714359133021,29.002670971023154,29.101783452355658,2364317,74338203.77078356
2017-12-25,300038,29.289097414223882,29.563079337982145,29.42315566780448,29.52963876640027,3556214,112263234.66561306
2017-12-26,300038,30.04774485909709,30.787901808600704,29.45380296732117,30.299587004451595,3119050,128492767.06702124
2017-12-27,300038,30.14963551780194,30.9414892722963,29.877365325561414,30.21252758207254,2873974,100148066.2205068
2017-12-28,300038,30.2297158570838,30.820955296794004,30.402453730116804,30.456672878454206,1117902,44043794.300758265
2017-12-29,300038,30.139399193585284,31.254408398107728,30.220433949238192,30.41987460999459,7837517,341463684.05678505
2018-01-01,300038,30.2978847234612,30.79612018417661,29.82269929437234,30.517860809967168,8502292,269942034.16041493
2018-01-02,300038,30.25858194782727,31.028152387572934,29.890629115490007,30.529660801803278,1410825,61977634.107686654
2018-01-03,300038,30.599706924074926,31.35035960176822,29.71981173951313,30.483386580520033,5456362,229263690.43825564
2018-01-04,300038,31.29025155346464,31.326875316991075,30.29224273960849,31.022461406669567,2306228,78648045.14771663
2018-01-05,300038,30.90690352653756,31.263723007171162,30.22624875737441,31.087711330688467,1122701,43447034.66574956
2018-01-08,300038,31.304007270883208,31.37392987260127,30.750621313256364,31.17364900424031,3159599,116992333.91108423
2018-01-09,300038,30.525506286712318,31.173551731680593,30.575226443837142,30.73998823305154,5407508,178839672.1064114
2018-01-10,300038,30.49504114290433,31.184901543994783,29.68334569680986,30.36577498389787,8087885,271199173.55196476
2018-01-11,300038,31.110290688055986,31.094840711237385,30.780229045861635,30.849841877731485,3029935,115771969.24409398
2018-01-12,300038,31.089671495520843,31.586650680367278,30.788995987833495,30.826405788147902,4588772,196705128.05883443
2018-01-15,300038,31.05102871512028,31.573058443701324,30.63871302118058,31.270294462091368,6043845,237519621.16488555
2018-01-16,300038,30.943538062871266,31.626614351919123,30.689993263653218,30.896352948948795,5912045,234949938.34828714
2018-01-17,300038,31.048793618111734,31.477991418529193,30.572797728700227,30.79010129117615,4162576,139277512.13138127
2018-01-18,300038,30.690413594163775,31.30512668307072,30.95664631919088,30.958537231818383,6841222,296001871.10720855
2018-01-19,300038,31.16772136308072,31.752703001517702,30.46677352917062,31.04546251556664,3547394,128250993.4461293
2018-01-22,300038,31.43432991489551,31.510073281025207,30.683252244373538,31.40514176609057,6712381,270755143.14652854
2018-01-23,300038,31.775326966805665,32.12403328976646,30.968894321384376,31.787899727737926,1620159,54066669.63537412
2018-01-24,300038,31.351777869198447,32.235015942125834,30.521082192810297,31.346280744694592,1833216,69555236.66736355
2018-01-25,300038,31.610667137241922,31.879898771882857,31.42093109595378,31.650014863234134,5841641,192498381.19141665
2018-01-26,300038,32.03213318964191,32.61274407217059,31.227145033653613,31.840314686944094,4990407,160786762.14932725
2018-01-29,300038,32.444367538846315,33.284167203209584,31.800539378006572,32.3153586804734,1029716,41010108.70055292
2018-01-30,300038,32.65910948279789,33.55370278700329,32.357026921904804,32.776986686580315,5992315,277172169.0789956
2018-01-31,300038,32.716131311371214,33.611109976749354,32.04333523014071,32.87628818762464,9946622,466077595.8329063
2018-02-01,300038,32.64961449676158,33.04564625232888,31.995561490602917,32.71056783918375,6050562,277984583.1495389
2018-02-02,300038,33.01495569143325,33.51397695432329,32.636602791006396,33.09724936886485,8284201,397590787.4318724
2018-02-05,300038,32.76143184233681,33.46504150773033,32.88589168187879,32.88793844465166,9430668,445686360.95376796
2018-02-06,300038,32.47000763432152,32.70475281697298,31.594785260586825,32.430100978324006,3064401,114124630.89248441
2018-02-07,300038,33.19692073252625,33.900429318492414,32.326586094613994,32.91518234212138,7382879,336187270.99173176
2018-02-08,300038,33.23921269243297,33.804434995790345,32.20005997304479,32.93738605316116,9231101,322918353.2442549
2018-02-09,300038,32.48887855001335,32.570826757122774,31.770484004798575,32.40724005969485,3018982,145750444.33491343
2018-02-12,300038,32.36246998567377,33.3676258477755,31.85971468492164,32.54007126266818,6642561,302589525.3104347
2018-02-13,300038,32.9697595156268,33.44755129550711,32.726314049113284,32.9512500242042,6442093,232659048.97594738
2018-02-14,300038,32.74761258590513,33.4890906234013,32.387964089623,32.60811702917419,8221945,371569564.0950879
2018-02-15,300038,32.64157386010671,32.94616182749027,32.04881953245971,32.401028152371204,6791805,318785728.47782224
2018-02-16,300038,32.28121529438819,32.57725068523139,31.602373486852194,32.10531716673137,5367314,194960468.22013626
2018-02-19,300038,32.53773593755358,33.25632952728606,32.43672730440102,32.46580439378032,5249791,183294922.76098806
2018-02-20,300038,32.34073043105366,32.68325151837536,31.768290347686793,32.596835136945444,2555545,112812391.92577238
2018-02-21,300038,32.57059759416983,33.509390318885536,31.878173453122795,32.575617650976824,1339721,49816483.74780368
2018-02-22,300038,32.26874172181882,32.54074838290553,31.84540671884418,32.25306374865889,6714942,270943030.3875201
2018-02-23,300038,32.80138397011817,33.11946621727159,32.803650561222994,32.81281629505936,8247071,302310494.2917342
2018-02-26,300038,33.19190821811736,33.32542996594619,33.00512804036192,33.16588299038586,5408501,242634014.21312225
2018-02-27,300038,32.78378945936265,33.384651580560664,32.423091187616926,32.78158764835589,2685353,103294293.31226593
2018-02-28,300038,32.141600473959066,32.92518291544045,32.17763037910103,32.266807890646604,7990153,330815337.65588087
2018-03-01,300038,32.57088552282808,32.993985336504956,31.69442629852662,32.35885453543854,6938190,253501493.33161455
2018-03-02,300038,31.80794866082497,32.76234832650715,32.00377931696001,32.08884418915737,6907359,291821684.67949176
2018-03-05,300038,31.79287590292786,32.236605578139084,31.09735345677504,31.826284146632048,3698091,145762824.28912818
2018-03-06,300038,32.053445999588725,32.52364944040797,31.73794088249432,32.221371063990745,6082368,221186331.08577877
2018-03-07,300038,32.278876265250815,32.68951442048266,31.24722900499991,32.06804146025728,6718888,280709786.131944
2018-03-08,300038,32.02298050013027,32.37410862127305,31.730399207376053,32.26658912368407,1712629,56657029.10928919
2018-03-09,300038,32.578673076377726,33.04329236366597,31.828835622388812,32.34389142780194,3244382,121291981.17805475
2018-03-12,300038,32.64119730601808,33.34401367203853,32.31207086119444,32.68876152473486,2645231,118921731.6260955
2018-03-13,300038,32.68951199049397,33.34454230714502,32.167159866036364,32.6847535538206,8855242,291255589.18414986
2018-03-14,300038,33.17579967769653,33.90903998068845,32.02716024202977,32.928343889832504,1905126,68997279.33700301
2018-03-15,300038,32.34396508531777,32.802983381268724,32.33701559306969,32.5322698383376,1385886,63439195.139208876
2018-03-16,300038,31.908763871917827,33.156360128747245,31.79230566877882,32.22233342444946,4642780,200025659.8162352
2018-03-19,300038,31.738936044093194,31.96679822653909,31.151866461760335,31.538449785424604,4053837,156962777.14607677
2018-03-20,300038,31.563890346312004,31.519111614210154,30.540244955479512,31.462219095169385,4917573,184360594.07456937
2018-03-21,300038,31.488055580668945,32.07512518273577,31.286024548747296,31.765217129420243,9949751,372695992.1930913
2018-03-22,300038,31.935867116588305,32.56113752949874,31.59687424616314,31.655999507924466,9515768,382094835.51993024
2018-03-23,300038,32.3152217069775,32.8891698151857,31.93623072680772,32.401897857372546,6530683,295707334.76545185
2018-03-26,300038,32.83170804222532,33.10569718652664,32.521894778271395,32.740868304103714,2073348,68934062.07579747
2018-03-27,300038,33.38167926240777,33.35486494299942,32.603550330449565,33.25807573087263,6476307,246699222.52439505
2018-03-28,300038,33.340829521620655,33.84332934749355,33.44893513885911,33.486641630431535,4591610,184610728.37093022
2018-03-29,300038,34.23599946355054,34.782929628510985,33.10938325724011,34.00043358466977,8683857,359538733.5287138
2018-03-30,300038,34.0391033002025,34.98623394533228,33.45689036841537,34.29383923961116,4618324,213856678.80306724
2018-04-02,300038,34.56590990616989,35.1385076043855,34.14252623542365,34.32129799316055,9705413,410318573.8160361
2018-04-03,300038,34.89335579310295,35.50675453528364,34.10272361780597,34.62240254609104,3746998,191572048.72483447
2018-04-04,300038,34.32989930207732,34.695765318350915,34.33968256154447,34.57889249114532,3038402,105875675.02942918
2018-04-05,300038,34.22214312225722,34.71935108407734,33.546931488173755,34.405958440154,9943277,490463151.0898331
2018-04-06,300038,34.228413891694274,34.331889458959346,34.10464457949715,34.19593486553504,9333526,424208863.5407443
2018-04-09,300038,33.824339518525825,34.48473153963616,33.58094901376605,33.71154155400162,8527123,315796071.53240997
2018-04-10,300038,33.549159936471284,34.86910113105832,33.254929150024665,33.85725035392636,5724159,285341822.83431023
2018-04-11,300038,33.48637933739164,34.58260737705289,33.02064084542097,33.741577012495995,5476839,203793289.98392028
2018-04-12,300038,33.50481895200728,33.60156488459739,32.39084789342398,33.218751858155656,1130597,42059221.48024125
2018-04-13,300038,32.976113836756376,34.09713257455687,32.64520085173444,33.14498916269534,4658921,194510201.24065012
2018-04-16,300038,33.81959987714214,34.38534367426821,32.870885966218424,33.60966385348466,7386207,366064174.5215393
2018-04-17,300038,33.98274042612271,34.49552309460931,33.70144940705319,34.017829040440205,6537246,300460531.9830971
2018-04-18,300038,34.13124296022217,34.47107814439231,32.851306987026426,33.811549060128826,2164213,87411588.62797157
2018-04-19,300038,33.96278549523027,35.18935872864616,34.05329567703548,34.169156402413456,6016903,248074793.99550924
2018-04-20,300038,34.40454911443088,35.22843979857463,34.2208888580322,34.27529771533156,1992694,82220199.16105495
2018-04-23,300038,34.334925843832714,35.14470120026609,33.4476909462849,34.226349830285756,3092842,134598087.1150201
2018-04-24,300038,34.24316230904438,34.43355665210471,34.134125362845595,34.351443871504244,4814243,201045198.75484213
2018-04-25,300038,33.857141625362566,34.692328684369016,33.37699683761384,34.194465959749955,5723665,256522819.99691075
2018-04-26,300038,33.67117553854645,34.07872806296107,32.94376053503719,33.51673483466887,3935078,147457782.09125444
2018-04-27,300038,33.92765192898984,34.566434792596354,32.854903530112374,33.676250521032294,7185021,282520583.7474204
2018-04-30,300038,33.428494133844765,34.22096616869529,33.44237474827728,33.61097525387991,9034668,401955632.15501916
2018-05-01,300038,33.639607583065185,33.6726740861569,33.34981963728685,33.6293762029039,2756705,132669852.08978908
2018-05-02,300038,34.06115436537327,33.98383833930283,33.68203400543434,33.76305548367594,1778126,88156302.94567104
2018-05-03,300038,34.157752958381394,34.26854067634228,33.47389298813289,33.994121736677315,1256015,50835618.67263592
2018-05-04,300038,33.774140884365785,34.0609746347303,33.060849148974924,33.70812135215047,2648457,115885760.30805457
2018-05-07,300038,34.2135133116322,34.52056741479387,34.025729236773515,34.18730829924115,5637708,241720359.64696667
2018-05-08,300038,33.82339688036458,34.0534559400581,33.599082164681064,33.90638042194184,4760668,166869576.05354643
2018-05-09,300038,34.136135008849195,34.910397575566336,33.823473718931915,34.27977354054071,7164470,261226629.7113999
2018-05-10,300038,34.760187908541184,34.973112008074544,33.74829705328132,34.78837349009101,3972162,182466017.3916426
2018-05-11,300038,34.609791497180446,35.16319382364072,34.20073683802533,34.44246671946339,7677194,318711623.6654876
2018-05-14,300038,34.31888898800805,34.62536903389771,34.30325171535352,34.54203209337702,8806257,404226317.3321315
2018-05-15,300038,34.95611469904569,35.353015733846405,34.58816432071436,34.71134421762679,4384620,212379807.93740782
2018-05-16,300038,34.200239943061085,34.6753575316332,34.42583654713108,34.47637955276778,6211635,260225586.8938926
2018-05-17,300038,34.98647706456825,35.47318433739655,33.92594595449315,34.85399925222259,4989894,258987931.47868174
2018-05-18,300038,34.62302642022858,35.39348976078471,34.164707722519175,34.91882696214697,5347658,223631288.7123577
2018-05-21,300038,34.25777830084489,34.688202953172926,33.786095762924,34.49038051382614,8970470,453361979.72224
2018-05-22,300038,34.849036184450746,35.113187167597886,34.5905941299845,35.029105854365596,1031927,51336104.59713436
2018-05-23,300038,35.40319495076062,36.50663078036278,35.47285074366996,35.59522343729473,6364049,245876226.64809108
2018-05-24,300038,35.312917970267705,35.66779737409091,34.40868216769558,35.30390657507233,1176020,42511927.73372812
2018-05-25,300038,35.36894643219469,36.36117000258264,35.20698688287332,35.39036226592322,3700467,152190308.17641908
2018-05-28,300038,35.51083375602272,35.83431328942185,35.4928957408129,35.82948509209109,2465843,127201612.65599014
2018-05-29,300038,34.895527267450134,35.36582732308475,35.08991769062443,35.09891555296221,9740710,374045162.6720192
2018-05-30,300038,35.26372380381639,35.752422991228066,35.016040077100364,35.27319729368592,7808221,292274612.33483166
2018-05-31,300038,34.86157395638597,35.56561731074403,34.07810360776125,34.71925767345679,9465718,374500233.6851116
2018-06-01,300038,34.618911372829935,35.66193646121722,34.33700280785405,34.73992145513192,3477362,142739647.7758173
2018-06-04,300038,34.137806719177085,34.50298037551712,33.26426865798149,34.20514779078623,8813416,409421066.6984801
2018-06-05,300038,33.967209746853456,35.06228686670023,33.97804357773344,34.309218266460775,6976607,357193557.65663713
2018-06-06,300038,33.38324778500512,34.15798131520684,33.25169471937279,33.60336317846308,7573325,344532603.09780747
2018-06-07,300038,34.14964725993411,34.38364013995271,33.39713232871191,33.85977365937022,5125278,199097084.991573
2018-06-08,300038,33.99201405309202,34.731746158180606,33.24891888493451,33.87765388032913,6317661,318572490.7318858
2018-06-11,300038,34.09632145015651,34.59903805764086,33.54134195252323,33.973964770987905,6843809,313466004.407984
2018-06-12,300038,34.377572372088146,34.89735322082521,34.60720864700265,34.60919024555493,7756550,301674172.58630526
2018-06-13,300038,34.57202612273857,34.984382495468765,33.9170301707522,34.77480457156229,2886265,102993569.34558228
2018-06-14,300038,34.41646868191491,34.54076983496375,33.55899844427315,34.266661112539055,4775063,226523710.81788576
2018-06-15,300038,35.148136443517785,35.141402625750636,34.37555218323755,34.94003059875366,8831400,346405033.96353537
2018-06-18,300038,35.96019316086619,36.13069249007477,34.81909712294004,35.87363305495213,1523030,67709307.74222748
2018-06-19,300038,36.4715533284424,36.696641396509314,35.61425942069354,36.68839422796863,3086592,165150863.2728456
2018-06-20,300038,37.02856478642007,37.268891631395896,36.07429511613751,36.79057208120035,8262123,419094812.1192351
2018-06-21,300038,36.83262832514142,37.80264099088953,36.91245587659777,37.11533670880938,1254916,62525473.247689046
2018-06-22,300038,37.4273062046938,38.64482931126377,37.3941242771069,37.53146676486064,4804954,191608016.3610753
2018-06-25,300038,37.97297109823086,38.357966263368134,37.31665002558205,37.61760292846746,8549282,352487813.8155549
2018-06-26,300038,37.67498264083178,38.233044337397764,36.89301794308972,37.72134454171106,7051862,288220195.9979201
2018-06-27,300038,36.86333044403326,38.10169597140124,36.8419244473716,37.051907229909624,9254986,383891510.44552803
2018-06-28,300038,36.27033634430159,36.81193664777968,35.75570064279945,36.5414992648502,1326392,61405846.54651022
2018-06-29,300038,36.00836700723728,36.69629263600532,35.994442447106024,36.263197651188264,4084450,202245412.81137952
2018-07-02,300038,36.235248467389404,37.418733176770075,35.96734383993955,36.44820001541689,7876122,316615363.14807284
2018-07-03,300038,36.44015258935032,37.655797874015086,36.06549810913736,36.74206908257641,7858905,401408958.09017825
2018-07-04,300038,37.81581978143565,38.22666386725687,37.0456962523883,37.45238619177515,1301252,69266297.9409335
2018-07-05,300038,36.22926648029349,37.57706457679939,36.491326120449656,36.557059989108154,7561232,351685724.99519104
2018-07-06,300038,36.7304856456928,37.014954490141214,36.53957285307258,36.60285804143652,2511690,127585424.28426282
2018-07-09,300038,36.54434190647616,37.45991069757212,35.94680055269251,36.72915753960916,8577155,406702273.30091614
2018-07-10,300038,36.867352228599714,37.392871885167494,36.55782384245942,36.93931923462787,5182141,202227570.9761609
2018-07-11,300038,35.630400421349435,36.843984110507975,35.035050033359546,35.90699249588745,9977776,439702526.5427621
2018-07-12,300038,35.808367935393235,35.680129499736715,34.92212483016894,35.45601058190052,9644749,484633882.5990342
2018-07-13,300038,34.978923520652174,35.62320823295332,33.8563036319435,34.670937557919956,9126554,448065317.2434128
2018-07-16,300038,34.485661078636234,34.8961739441634,34.12671263487203,34.736045995215356,2016796,90095221.47356775
2018-07-17,300038,35.06043061916161,35.45514612915259,34.10639544362352,35.038453771587555,7915467,364787962.2820341
2018-07-18,300038,34.13008914101877,34.467193377987705,33.95762600938567,34.36490033218962,5001044,196336718.0855367
2018-07-19,300038,34.14251793456416,34.7322019874666,33.85400399940775,33.87505442266287,3268161,153764775.524553
2018-07-20,300038,34.20259154338125,34.41668687691058,33.50049309258103,34.07833008195807,2737916,122972114.82215531
2018-07-23,300038,34.128385262154794,34.91399738859818,33.15227005019873,34.1237171452474,1608440,66220324.84163636
2018-07-24,300038,34.16818279824445,34.78995404228841,34.10603690530316,34.39199390333571,3901416,190989751.3948016
2018-07-25,300038,35.03003532024202,34.86649432501571,34.645944174806225,34.72893912847876,1200585,50016094.80812085
2018-07-26,300038,34.14933884998972,34.84929416266237,32.970534996935285,33.89315558287009,3198201,114802392.47622128
2018-07-27,300038,33.72534773410183,34.67911251990693,33.43970334141009,33.840522026954574,7519661,310053726.9295334
2018-07-30,300038,34.150469068731084,34.45049069689328,33.66371533739361,33.97496592588985,5493174,269379119.13788456
2018-07-31,300038,33.18252455834823,34.02276561045617,33.34032958294702,33.48838822120072,6731486,312069217.2340834
2018-08-01,300038,33.925959245741396,33.96026466256095,33.11007969749606,33.7001126250862,8627659,400706614.9392322
2018-08-02,300038,33.539146010740836,34.45896030692438,33.468541897851516,33.61987953711552,8872692,384825739.78807956
2018-08-03,300038,34.20334514554752,34.42830320484458,33.76461337237104,34.32594232047671,5001360,249150453.01592007
2018-08-06,300038,34.01561970182014,34.813433313495544,33.37786775551825,34.239941337603966,8580573,326760056.42370343
2018-08-07,300038,33.61666644563112,33.41000853726558,32.677520746901116,33.29616567481912,6356664,247916133.49780875
2018-08-08,300038,33.69712052659631,34.28756515833269,33.59023753751644,33.92622888342348,4533798,182559582.88915554
2018-08-09,300038,34.157686083738284,35.382437960711414,34.28589918457452,34.4592061132144,8236383,372418275.45429945
2018-08-10,300038,34.84827289360951,34.71594929585762,33.90797077141763,34.55338251641817,5243086,254336470.27425522
2018-08-13,300038,33.92734374734572,34.49803583679342,34.0282399280158,34.2550997425366,8576881,366064014.1553503
2018-08-14,300038,34.563933318008196,34.94539054607563,34.2561686244825,34.85770417452254,8849391,356647116.50682116
2018-08-15,300038,34.605485980543214,35.414880806134306,33.9249958732269,34.847848011171195,7992298,367779946.7545398
2018-08-16,300038,34.31426833991741,35.627281953065214,34.26537389828552,34.593898261151764,3366026,141007360.62284487
2018-08-17,300038,34.80662973425479,35.49481688553695,34.87077374502236,35.06625328975271,1396585,58518590.66654189
2018-08-20,300038,34.36708020733535,35.07355709725573,33.702797344244146,34.647291326188096,5717726,211387166.85250303
2018-08-21,300038,34.5127123189941,35.03160867267615,33.99060471618909,34.78208097508326,7845120,278503127.56446195
2018-08-22,300038,35.35257816098718,36.11633549219483,35.44743516232563,35.47748445469135,3749197,171528337.8123011
2018-08-23,300038,35.42302233205526,35.81961944465482,34.8221176004418,35.14112968700796,3114275,118429608.9649863
2018-08-24,300038,35.43101978770897,35.74696657821964,35.00377935745738,35.40039600514035,8541852,377423750.4905918
2018-08-27,300038,35.51341518576567,35.4133792777923,34.4134164586651,35.26615249279524,9189105,438365568.55953586
2018-08-28,300038,35.387052605695686,36.01852696121104,34.924936374835994,35.1587742415323,5090514,187654398.03277695
2018-08-29,300038,35.09812704277314,35.615351648519656,34.38154252657117,35.28950133315165,5787052,240867287.5485709
2018-08-30,300038,34.69509498451485,34.87676228881944,33.708065479574884,34.564247123757696,6729431,241310310.77149945
2018-08-31,300038,33.492428169527315,34.110807151486036,33.22972774334884,33.524162255437595,7716266,300253804.25960726
2018-09-03,300038,34.26635103729596,34.59013811083267,33.388805398931545,34.05107653425262,3605942,129180961.42125991
2018-09-04,300038,34.152473097730066,34.53184910448918,33.489886269199694,34.18990791572905,8870210,364668034.0284913
2018-09-05,300038,34.20485600361967,34.09147320700479,33.69981482244051,33.980919339919886,9416282,395027734.16847414
2018-09-06,300038,33.65389305421447,34.508584105515865,33.02572668245211,33.7320918318462,7040499,291241198.06773055
2018-09-07,300038,34.15672570138574,34.80363126934007,33.73463049042649,33.844056577934765,9997758,398041432.27185595
2018-09-10,300038,34.33660499260529,35.24210859697163,33.91350612858503,34.61093108353664,6698279,319929057.39076316
2018-09-11,300038,35.36793760922959,35.49371753539691,34.82070867496306,35.064406252975324,4513303,221429401.36970153
2018-09-12,300038,34.840650850333006,35.47201736433887,34.86042033484834,35.141139202666295,3387964,125190761.96902803
2018-09-13,300038,36.31652398098695,37.42400588663851,36.39105793318531,36.618184725471885,1994297,97426221.4132201
2018-09-14,300038,36.98758355255743,37.073413225569396,36.346259262414975,36.953487278154824,1651741,86009409.64020516
2018-09-17,300038,37.13770918842798,37.67733254485075,36.66824535208145,36.92596419140423,8713686,401908441.6660244
2018-09-18,300038,35.82899830986761,36.49899049177624,35.378068305385845,35.6961299165605,4227634,200996733.68770736
2018-09-19,300038,35.862088165373436,36.0370394113858,35.747621215723,35.98147492345687,1666618,60934963.89121855
2018-09-20,300038,37.08767300733848,37.82743192410596,35.894947612139575,36.73017879735731,7824922,308241479.8221706
2018-09-21,300038,37.583103407352176,38.36467799966761,37.33002334511399,37.50545158285578,6227560,247899371.7597575
2018-09-24,300038,38.04802103781024,38.10814794613993,37.23087163209649,37.98620716813564,5943132,273992898.67371315
2018-09-25,300038,38.05803524487613,38.95039835383024,37.96825765490515,38.277846275976444,3203648,157072198.52093214
2018-09-26,300038,38.575352248354115,38.825865880188594,38.52981948868025,38.54269565007907,2403743,112011959.28505696
2018-09-27,300038,38.57906403702567,39.11464432951137,37.80256936957297,38.94015039238282,3361697,143477521.0846441
2018-09-28,300038,39.679554936987024,40.433113010152006,39.46991033589578,39.846590359328786,1423482,76318864.12993754
2018-10-01,300038,40.6288050454248,40.76681656278672,39.56172332144095,40.35419816846709,5851625,319326995.827902
2018-10-02,300038,40.23356360061883,41.54847152749337,39.87164286540915,40.556696053954596,3657568,201281485.6525325
2018-10-03,300038,42.327802925280274,42.745219723569875,41.23943715054907,42.27298027914468,9536547,547548242.7935139
2018-10-04,300038,41.91881911628676,42.49402900970419,40.74811664908095,41.97212109323378,9711834,563478053.4507031
2018-10-05,300038,41.47017033586323,42.74128413403791,40.89229440008118,41.59213625644728,1283498,68170179.53136952
2018-10-08,300038,41.128639392098876,41.55366059000133,40.233582003632684,41.216099494556296,6597160,294915838.2646031
2018-10-09,300038,40.952785793823864,41.12236039681116,40.584501695587626,40.975425717429545,8839339,478720592.76080066
2018-10-10,300038,40.006679578209976,40.73128162873297,38.70697741669921,39.81818091154899,1143342,60736655.931338504
2018-10-11,300038,39.93933492834688,39.91451604193621,39.65578108948342,39.77866246516279,5895046,326619322.7122976
2018-10-12,300038,38.987580153178286,39.90794822747821,37.85855171778736,38.904954820095185,9838179,507845938.5657152
2018-10-15,300038,38.321420979976764,39.339681803657854,38.01810050616579,38.45814185292288,1801609,84198487.47647448
2018-10-16,300038,38.35737667680453,39.24273424569396,37.66777018783603,38.29134886855292,4042888,185794419.55848995
2018-10-17,300038,38.248886890741154,38.57349661335094,37.19812778445066,38.08415084719239,8137947,415645276.9722066
2018-10-18,300038,38.35854882887745,39.38746320271721,38.09441888620918,38.347290400869475,5368451,254849239.45019513
2018-10-19,300038,39.365588976611726,39.21697239808185,38.6694889020881,39.015998087933994,8746703,344199933.8867423
2018-10-22,300038,39.336146570013796,39.55667400282457,39.09060014414892,39.25664906115249,8746685,349829306.91299814
2018-10-23,300038,40.11067407138895,40.58114703204676,38.94190228171014,39.910406011965094,6528616,343463840.2809895
2018-10-24,300038,40.52393560960989,41.70680605516303,39.911370630887184,40.87766757787574,3609501,151703663.85991657
2018-10-25,300038,40.24399545780618,41.25439161074611,39.5660696627871,40.44474173710718,7741312,466367789.17114794
2018-10-26,300038,41.33504043455049,41.92458676042987,40.402218850543115,41.16099295228473,6428063,333842928.5886386
2018-10-29,300038,40.82320917833391,41.96792202583658,40.66719312512899,41.04710540209976,1288493,58111773.25154657
2018-10-30,300038,40.723381054766236,41.3527804393639,39.65511693328018,40.635748269265946,2256898,102557212.81456089
2018-10-31,300038,41.16716490642447,41.451665416998445,40.06796136165826,40.9220850050786,1827037,93695859.05643445
2018-11-01,300038,40.94119185820312,42.28562294667706,40.966681266594975,41.18198472251049,8365435,355930261.7205364
2018-11-02,300038,40.814538247588075,41.06358736993672,40.94160740422408,40.9537439506222,6674924,301525485.93877876
2018-11-05,300038,41.574558554577614,42.48364037936223,41.45009321314969,41.812200429298784,4913496,283888506.241024
2018-11-06,300038,42.13236226169159,43.17361289803408,41.705652722509335,42.36638658761474,8721201,423743739.35988706
2018-11-07,300038,41.995204204798505,42.84348309358875,41.760871458789396,41.837796130879994,2365939,124742415.48983885
2018-11-08,300038,42.11991083069472,42.956717234724806,41.879941424066075,41.880991596687856,2612324,154785765.03672513
2018-11-09,300038,41.47631188832078,42.856211898626825,41.15828227635915,41.81733074480903,6426642,274663667.2775569
2018-11-12,300038,40.90160282405636,41.840903231526525,41.08224648025185,41.22237229470003,8523006,441655188.3033273
2018-11-13,300038,41.31527645664866,42.494097755186225,41.08989742646443,41.36071512191123,4566099,239804112.37450203
2018-11-14,300038,42.56631985645363,43.707259802803314,41.63841379675613,42.752208708751624,5796052,309833990.12438506
2018-11-15,300038,42.90658519728641,42.93845631421547,42.423151770461345,42.59061791652197,8736603,388368468.68163013
2018-11-16,300038,42.135956348907335,42.838762853580945,41.73734088594094,42.195526948099776,5829363,311087986.6441675
2018-11-19,300038,41.5679986154106,42.810491918146695,40.59144124757103,41.698243049223585,2475339,112470082.62744239
2018-11-20,300038,41.233316876613664,42.53336476646737,40.860497529024286,41.44110900310715,8159642,351884875.5903507
2018-11-21,300038,41.316884376996235,41.80809865028876,40.716901911259846,41.50702003403953,3659166,193451678.172087
2018-11-22,300038,41.68172764293347,42.133399416710944,41.85178400960261,42.00729670888151,3413699,197887079.1248017
2018-11-23,300038,41.876404393746974,43.31300625854866,40.95734202574479,42.072644712052295,8715797,420472017.3988434
2018-11-26,300038,41.998106805883914,42.65804426309633,41.09328310433013,42.06651003120742,7526816,343662112.58377385
2018-11-27,300038,41.86763170945339,42.758899435406185,41.04024281815098,42.03326081496237,4566219,249632127.3949735
2018-11-28,300038,41.9220384196864,42.31104384596757,41.43369504069662,42.252107488391644,8207629,437439071.8504995
2018-11-29,300038,42.41637668574655,43.063608117938266,41.692954452336004,42.61229275371938,5774124,317927640.94982845
2018-11-30,300038,42.76108270813488,43.868863498720295,42.26099234942314,42.68782301827598,3139001,187078890.60409662
2018-12-03,300038,44.288228557745654,45.36634637125456,43.434347859239125,44.58129962208654,9588599,491190681.4621609
2018-12-04,300038,44.49009205323683,45.179815796104776,44.4414583492879,44.51569494088067,4371792,251022473.95529214
2018-12-05,300038,44.11383412715567,45.27394833757222,43.60823703621302,44.01864250743176,2870331,128871519.99735709
2018-12-06,300038,43.94814871901935,44.56546438960197,43.53100919099971,43.86077920422447,7826450,500254210.15593076
2018-12-07,300038,44.97621368910714,45.46009082637858,43.81761924912421,44.57402316520728,4162895,266972835.26467443
2018-12-10,300038,44.22733846086611,44.62913959945601,44.023192094271664,44.406853339324314,4220591,230889192.52380645
2018-12-11,300038,45.093791133805176,45.46294725037461,44.243817573294535,44.797959186772864,6154742,382316126.36077464
2018-12-12,300038,44.866211862850534,45.1255929291536,44.9721529133528,45.089985407553876,8754267,533657210.5273448
2018-12-13,300038,44.30621316629489,45.07318948144493,42.84220854286614,44.136049370946544,3293817,188720076.62832427
2018-12-14,300038,44.46741853427998,44.3618057023987,43.025899438820936,44.143052763057106,9240231,474185615.25320315
2018-12-17,300038,43.01324461160428,44.07376317353616,42.249217030038444,43.237488869369265,2988277,153470209.1148504
2018-12-18,300038,41.94717863310716,41.76022536854487,41.57883282659127,41.730780463459155,9558178,539246538.2059685
2018-12-19,300038,41.30344490129265,41.904298208943764,40.64497806510561,41.50334567911921,7448120,373646712.59095544
2018-12-20,300038,41.1164268097352,41.75646420141516,40.134952315764004,41.0572694871058,6055121,337083855.22863674
2018-12-21,300038,40.45522798157636,41.57456471616894,40.07321691740983,40.65275977787067,2662700,130369586.37300122
2018-12-24,300038,41.642449731734544,42.816511731312566,41.60742394109309,41.62906794272023,4840495,250432852.14922574
2018-12-25,300038,42.48631687867086,42.64922282033967,41.66132998222696,42.59440129681539,7838253,468553675.6616917
2018-12-26,300038,42.99656916560391,44.088814925485444,42.261511828212946,42.82522192679657,5085010,322076817.6320668
2018-12-27,300038,41.94690634941659,42.91493396632811,41.51118970771583,42.18193821675654,2301571,141457688.3828328
2018-12-28,300038,42.27445713393234,43.39574157292873,41.926636868098036,42.200955013982686,2696475,168859237.87370738
2018-12-31,300038,42.3259216635801,43.22170843501373,42.57936159895107,42.621354373569545,2343789,147979965.05533126
2019-01-01,300038,41.9219905464975,42.38100268106543,40.55373121966755,41.78717175481701,3836988,183497227.91825348
2019-01-02,300038,42.26033164639389,42.15152478276546,41.516240296603065,42.139114785723486,1812779,92096877.93140268
2019-01-03,300038,41.22162857876227,41.78919072178743,39.956532586323,40.860619487608275,7201401,324260944.5038361
2019-01-04,300038,41.246274771462915,40.94835861811466,40.66672033218011,40.87863958738423,5119868,243495965.734301
2019-01-07,300038,42.44248671096132,42.852074455246864,41.532031487078,42.217461835129406,5369134,280440198.0040915
2019-01-08,300038,42.83314194182956,43.94721476883658,41.955329633773786,42.91456357886894,5983261,343155858.1152943
2019-01-09,300038,43.02275631404396,43.48459153223528,43.06506421157307,43.244612571107155,1286692,57304813.89297872
2019-01-10,300038,43.727325863789154,44.79799665258675,43.70991544384305,44.054836581137124,1403861,80015267.21643916
2019-01-11,300038,44.53139370532769,45.65313557252157,44.053405042214635,44.78503120354095,1706141,102388851.84902233
2019-01-14,300038,44.525071472948724,46.03244145200472,43.647402980999715,44.810430506093944,6714832,413270014.3599179
2019-01-15,300038,44.469587392692695,44.57382861159697,43.599826229537065,44.54470282653239,5192139,336951179.8870222
2019-01-16,300038,45.58828602534846,45.573511489802435,44.7076698600268,45.17904694233126,9306590,551921280.7813627
2019-01-17,300038,45.31986459348256,45.82975159394457,44.93523500332891,45.142032072595214,2157676,111453435.88943793
2019-01-18,300038,45.2865488344172,45.651327861414174,44.45002300150443,45.15959617790932,9077310,481677865.8914032
2019-01-21,300038,45.646584687597674,46.12864286461155,45.448035353517334,45.77410320317551,6781605,435224012.1710497
2019-01-22,300038,45.27271778017606,45.48285166798297,44.60798636395121,45.39490801059957,2852921,158220792.52422956
2019-01-23,300038,45.54821819207169,46.41321160954055,44.48252450286425,45.12599821098031,4786306,305875074.77855486
2019-01-24,300038,44.15326104943269,45.13108962902014,43.92728911855119,44.45148984546688,6780972,381306960.493865
2019-01-25,300038,44.55255318642645,45.86073746767515,44.58473212669295,44.77543143956176,3887162,188304162.34623075
2019-01-28,300038,44.713537308929844,45.12491833228859,43.75096118074159,44.512931357690476,5550149,276364817.8010199
2019-01-29,300038,44.7049187370632,44.99730533168739,43.244230934419676,44.43090950025999,5318847,246939239.08915856
2019-01-30,300038,43.66909282788965,44.24014814756878,43.51849424742112,43.97877752882538,8478383,528083309.2669185
2019-01-31,300038,43.10890550800759,43.815818854877556,42.46091115567503,43.50287213445739,9327048,461607215.41684544
2019-02-01,300038,43.26051705202012,43.09914279083016,41.99775261484718,42.85736559761545,9808720,555836985.070441
2019-02-04,300038,44.35181610893247,44.4086481809388,43.474108354101105,43.91945399193544,2132807,101612181.31642163
2019-02-05,300038,43.65728147992791,44.53070056575142,43.607997286243496,43.87499222440365,5817403,291772349.0425977
2019-02-06,300038,42.541667304905616,43.50352425631339,42.345978155777,42.77800103126222,7571174,370900422.49847925
2019-02-07,300038,42.57362571205305,43.369515310468614,41.72546255128164,42.66539389344825,7254289,350422699.8842097
2019-02-08,300038,42.13543023633793,42.60651563813632,41.72632703850837,42.15726748570012,1291132,67396994.74423161
2019-02-11,300038,41.69910679189717,42.11546885951524,41.53589848742932,41.81848271368826,4475448,188678417.31106028
2019-02-12,300038,41.972431380399385,43.13602721080951,41.4413727102823,41.90775686398378,8268808,448619187.21018827
2019-02-13,300038,40.866644087582856,41.64254519561054,41.013910995875456,41.049319100041586,4900243,276912378.481627
2019-02-14,300038,41.341120163615635,41.58434565567982,40.008035568168246,40.97043798354291,4449519,221431565.45356613
2019-02-15,300038,40.55322048277532,41.32223060700899,39.919171992130295,40.603032773500495,2028365,117775652.72299731
2019-02-18,300038,39.93168865058542,40.514134940733754,38.958356628066866,39.6877309154318,6012479,239507523.86825308
2019-02-19,300038,38.949826884528775,40.04913300184401,38.009505625833405,38.989943038965386,5887443,267540772.5063589
2019-02-20,300038,39.27839896177778,39.871178246270915,39.48745701962577,39.61236358397583,1167201,55693091.11695912
2019-02-21,300038,39.140568088332294,39.772612945046795,39.085556519903875,39.438675795629564,3285733,143910483.68840316
2019-02-22,300038,38.83392235804001,39.272899917855604,38.26223642286738,38.70907949363297,3608435,157317380.52616805
2019-02-25,300038,38.20926499887684,39.21854314496792,38.374526996824976,38.48218927622588,5389824,260716018.47621173
2019-02-26,300038,39.15874935251491,39.17314755806623,39.00318833817489,39.01131642745527,6422797,297514256.2823312
2019-02-27,300038,39.141711766624454,39.057861863187235,37.80321692806266,38.87836238498975,8069556,461915727.1539404
2019-02-28,300038,38.99773128781858,39.36519888927184,38.840321678966916,39.100316538303694,5061985,198347118.2077416
2019-03-01,300038,39.78766441540927,40.45030385132977,39.41543164372791,39.56826502021163,8025599,384336159.6375014
2019-03-04,300038,40.280244031688255,40.07053220286171,39.794065127642874,40.019512503232605,8805735,493601202.17178404
2019-03-05,300038,40.376756215185864,40.11253610154986,39.31727146396415,40.03082134445737,4351317,235121436.6090419
2019-03-06,300038,41.361923331242366,41.635303539850206,40.4902604791248,40.96135070425235,9256021,430754819.0327244
2019-03-07,300038,40.4931457808671,41.543452956232706,39.8638495013794,40.48923349700135,8125902,371309103.8434981
2019-03-08,300038,40.89137843788928,41.641087704514675,41.189009173107465,41.19167844049072,1195756,72924448.03643218
2019-03-11,300038,42.68622175458257,42.35663214016096,41.61111368562006,42.352865241211624,1705992,88952161.92088555
2019-03-12,300038,43.404982702211846,44.503749822194926,42.91372341376516,43.79711894079979,6276412,371264388.68734175
2019-03-13,300038,43.80936939230986,44.624479063809154,43.36858213439657,43.75134917011323,3478352,189285186.39059588
2019-03-14,300038,42.79945829276994,43.02438163768491,41.379745211473264,42.53838789079515,8145191,462085139.3084103
2019-03-15,300038,41.82191750321664,43.20459547715143,41.8290028558471,42.178608530911774,5089867,277479456.6509705
2019-03-18,300038,42.461984174640214,42.93721781501435,42.199027148406984,42.24967164853366,5532840,277962128.6492607
2019-03-19,300038,41.3737213950595,42.03913275258035,41.69831257129966,41.78398553252521,8786613,377684347.2576152
2019-03-20,300038,42.13926660694063,43.05743997508365,41.35008989109826,41.97861892971963,4579191,274946615.675075
2019-03-21,300038,42.45087051616349,43.359025500472804,41.60052284407758,42.80144983726629,6799210,435970826.88378936
2019-03-22,300038,43.64212243170577,44.38415614935435,43.263481784805144,43.39010724248568,2034334,121699316.93426667
2019-03-25,300038,43.36204512315014,44.536061077502154,43.22261940577725,43.69088323555891,3168232,186994332.322259
2019-03-26,300038,44.98765944880184,45.004946981426315,44.34742723109114,44.89776743406384,5969285,321789601.9184649
2019-03-27,300038,44.52761001373428,45.40625404645314,43.5375999403303,44.67081186438229,3041204,173273123.3712337
2019-03-28,300038,44.87266495338798,45.82955297962555,44.37525326061638,44.83346669105503,3679889,174833193.6476141
2019-03-29,300038,45.46907457969852,46.42148673493102,45.10154016720372,45.67282766209029,4219069,244639908.982434
2019-04-01,300038,45.247018083805216,46.767768275939915,45.38073767188688,45.68605042723372,5544234,311620600.1209604
2019-04-02,300038,45.655177758806026,46.89265445638598,45.56713300375341,45.77111463505385,7478204,480709072.32344335
2019-04-03,300038,45.66368523665395,46.33377653988113,45.01130063686501,45.88160720298533,9934964,668499082.6374485
2019-04-04,300038,44.69920365325915,45.46715992395691,44.62881190968416,44.77076748600162,3435686,173924729.5287561
2019-04-05,300038,43.96654176290418,45.166893233334285,43.19578569941035,44.05442833500033,2311788,102593319.691303
2019-04-08,300038,44.05072345230273,44.94478842712813,43.61095465432986,44.00904767930642,2420157,108651679.74555303
2019-04-09,300038,43.0711404549884,43.13498148735996,41.63689264344078,42.81941484114866,4421528,217150472.17077416
2019-04-10,300038,43.95253877888608,44.05270734029806,43.39047285360443,43.812197620238244,8980826,443535600.6434875
2019-04-11,300038,44.571568628523124,44.838683261479176,43.75580870169147,44.58041955804797,1665245,85336395.85693401
2019-04-12,300038,45.495126323391084,46.59336076579087,44.91472083784837,45.40192822267143,7525437,429282626.88739675
2019-04-15,300038,46.06115615107617,46.17016475591098,45.620996788571254,46.125335772903895,2968614,162450094.92377436
2019-04-16,300038,45.86492805402335,47.232899032993494,45.4430662508619,45.92308972745925,3539706,174520417.74135232
2019-04-17,300038,46.328461666217564,46.522852659334454,45.51892333654572,46.07927175365993,2186624,121466554.58585842
2019-04-18,300038,44.9713427412703,46.05136581984726,44.37965449269423,45.28883582581667,2815577,172103852.36825848
2019-04-19,300038,45.904403131165274,46.739378554270715,45.349874667594996,45.816350565772595,5643750,307110615.86416596
2019-04-22,300038,46.61721876488115,47.918603516305886,46.11046068412791,46.96983897165023,9243608,494807296.66369754
2019-04-23,300038,46.41748370374947,46.61254817245592,44.88666255032567,46.129074333055506,2975181,139843430.4067319
2019-04-24,300038,46.615865588131356,46.93420534644484,45.44282981030108,46.30150355914606,7341310,384147560.3402406
2019-04-25,300038,45.767278880583625,46.47445127741479,44.76899781036131,45.87427854475634,3126646,204409717.49934125
2019-04-26,300038,44.82098760149769,45.78300362819983,44.16644165844659,45.265593915755154,7082045,414875972.67619157
2019-04-29,300038,46.398484294476525,46.26971772694621,45.633741605925955,46.09493444675323,3829137,264564118.73267648
2019-04-30,300038,46.17180729490163,46.84931567558223,45.289921792290095,46.37113413125155,2238829,113961253.48074745
2019-05-01,300038,46.16430647471033,47.86871011728579,45.46542391001414,46.60471276768171,2067729,139077713.8435526
2019-05-02,300038,46.75507616642596,47.84862533805076,46.48361279164994,46.994000318070576,1378105,71110433.88389751
2019-05-03,300038,46.04419139167802,47.38567430315809,45.025646462154306,46.16047439030899,7742983,454099654.1637988
2019-05-06,300038,45.68136055820635,46.28387281254212,45.09585546833248,45.91050586116717,6991525,380525389.65822893
2019-05-07,300038,44.55964872996755,45.944745970447364,44.48181059580539,44.97088251409252,6383543,394692763.98073906
2019-05-08,300038,46.2040725773428,47.33376178560914,44.811350855930556,46.074086602463446,2550167,120913954.12636282
2019-05-09,300038,46.80795993545195,47.66089375290235,45.08015394029702,46.441851392830095,6957944,415562150.7853342
2019-05-10,300038,45.524311820735626,45.86651608924058,44.56268697686084,45.471692181669255,3072493,180539663.6151486
2019-05-13,300038,45.66233096951618,46.87200993626814,44.75255228663155,45.9177712993662,6991921,443956697.3582897
2019-05-14,300038,45.73357410672732,46.391033001296684,44.78685488203119,45.71278971719235,6076745,391808061.32497644
2019-05-15,300038,45.961480527424825,46.624665184033454,45.765173509435556,46.03371773166682,4300543,211327583.57993814
2019-05-16,300038,46.27190643349507,46.756925704101256,45.59748136294517,45.96187536202715,5575218,307906543.95173204
2019-05-17,300038,44.56173487640548,44.87507970366882,43.62946784161054,44.84357608738148,1947217,108591297.70340645
2019-05-20,300038,44.200712297950226,45.70333540571382,43.33582805971989,44.595416713150854,9334506,453388357.3230118
2019-05-21,300038,44.16004206873331,45.1951373057919,43.541512926160756,44.48293841376581,9695803,520243112.4037465
2019-05-22,300038,44.76937511449095,45.561511042216154,44.193721950236906,44.477399806775175,9885970,463207884.623058
2019-05-23,300038,43.301782397756035,44.313933979204265,43.412390578322444,43.58479632281203,3781762,239966122.32166535
2019-05-24,300038,42.79137615462016,42.955112137303914,42.03807777583678,42.65910239154037,9028588,496180007.3249343
2019-05-27,300038,43.37852989085457,44.4447419082932,42.961474218827384,43.65903286096592,4427323,276105114.9092502
2019-05-28,300038,42.4398088506622,42.45056644339918,41.93844818092849,42.09168936144061,7244688,325227707.66258425
2019-05-29,300038,41.56886763483364,42.78978621948481,41.709644844021554,41.77654387055339,9576111,573845725.6788691
2019-05-30,300038,41.45795943780783,42.144962002636035,40.963585033075354,41.254846341774844,4166664,231787496.89280635
2019-05-31,300038,41.409794036699125,42.18319577205744,41.12284116598693,41.22862991496877,4095777,219274643.96474397
2019-06-03,300038,42.32328692436808,42.99374787036082,41.28661000978564,42.18776081489394,9330963,398450574.3664393
2019-06-04,300038,42.465091212030245,42.38655754349176,42.31300235352224,42.33961209431582,6304537,299574019.49434423
2019-06-05,300038,42.173818968697184,42.33942001113851,41.58815661419565,42.14950130224607,5143238,264358895.75775403
2019-06-06,300038,42.43719619752569,42.41600808621443,41.67207475395737,42.38932491643974,1222079,57458666.30805048
2019-06-07,300038,42.160850446075536,43.56302851274778,41.36204161976172,42.51123598259978,8713066,383064465.07254
2019-06-10,300038,41.68609211992352,42.14536729925914,41.180513485127186,42.044298138611495,3585906,213956933.38048315
2019-06-11,300038,42.097903433635906,43.23330167789335,41.50943084932668,42.48650794290335,5682619,267024238.21344298
2019-06-12,300038,41.941076090809915,43.12567793436199,41.09591550506674,41.9836541492596,4791026,256407263.96436
2019-06-13,300038,42.12046003678177,42.14317919869535,41.583415061146205,42.02220725528569,6859111,393600875.0369787
2019-06-14,300038,42.28092484668979,42.612865310141544,40.95479619963501,42.218536533449,3281162,186906530.5739399
2019-06-17,300038,41.79547861228499,42.56929519108845,41.37059604240402,41.53205501128001,4966658,306876930.592946
2019-06-18,300038,40.31480774958772,41.2584919135377,39.870382280304284,40.6568459509316,5561235,337038165.41203487
2019-06-19,300038,40.51437630207217,41.31961530951577,40.22524311779803,40.299774203416185,3965728,190962050.75584942
2019-06-20,300038,40.71233140973734,41.844269174009206,40.31244612282911,40.73307852176073,5851889,301689374.823783
2019-06-21,300038,40.75842796451806,41.83313259011177,39.791455056137046,40.81225566227576,2101525,112845044.54783174
2019-06-24,300038,41.71941267618166,42.43232727285597,40.51975346220559,41.4048149123159,7908978,445081309.92978776
2019-06-25,300038,40.90001388129775,41.160092190727184,40.5744731118619,40.80207569202557,5140868,302080781.0393335
2019-06-26,300038,41.36300013348327,42.20507609430747,41.50579703410473,41.56080154770676,3243349,158021087.40535495
2019-06-27,300038,40.43028666391991,40.76739002282612,39.782818988973,40.54740483554287,7462312,368447546.8190363
2019-06-28,300038,41.07096455871391,42.109908521805046,40.29569550673462,41.31753527469802,4416667,204804414.01334092
2019-07-01,300038,40.969691882289716,41.916928749401094,39.587833950839034,40.77051322935648,5456633,279146166.5004977
2019-07-02,300038,41.47511347662535,41.53292833701423,40.906384655363716,41.219768038322194,9545611,587889247.6945809
2019-07-03,300038,40.46297157252329,41.21521977267953,39.83024281110603,40.67689492248816,9338805,454113757.46039003
2019-07-04,300038,39.92735393803814,40.31776287107897,39.38927244068658,40.144901594456115,3406625,145641187.18408176
2019-07-05,300038,39.75913058172743,39.93689560646082,39.13621237044082,39.41166959951076,7387368,322470102.6181899
2019-07-08,300038,39.40697031064031,39.360725898168575,38.07031742246007,39.026858588515594,8582332,358901236.4933796
2019-07-09,300038,39.590556805895936,40.103051838092526,39.50511860116286,39.768831434735574,1929561,104801069.18000956
2019-07-10,300038,39.50616665167143,39.25075744290374,38.93448982769386,39.21021467568671,5425056,222111734.4107297
2019-07-11,300038,38.55854151624567,38.73893278760942,37.70993312073997,38.61250197164509,2484228,107522914.38926508
2019-07-12,300038,37.11205351055406,37.40333349978333,37.265837588891465,37.39234291230063,9879013,486108505.63281906
2019-07-15,300038,37.40389252874296,37.731191585799806,36.7486445162862,37.43261363400738,4478806,183836307.00021023
2019-07-16,300038,38.08498562853715,39.058543491421624,36.937422073409095,38.0686711472483,2087305,118060744.17276317
2019-07-17,300038,37.60480918626128,37.71467733799696,36.63959885101915,37.45590132759389,7625241,362275905.6836323
2019-07-18,300038,37.20388084537412,37.85433739014144,36.41380647169596,37.20429568112909,4807126,254101010.2536389
2019-07-19,300038,37.02259784004421,37.39338808369255,36.32746951879216,36.78867629745135,4116015,211281250.72990426
2019-07-22,300038,36.014235634953266,36.85275568169244,35.58102366104616,36.09056802364096,3371647,135115405.0955033
2019-07-23,300038,36.526735745150596,37.228044331809514,36.27151523183684,36.541743855935216,3052628,159089051.60998103
2019-07-24,300038,36.29175398980336,36.79397315350671,36.02543987561156,36.04055626051684,3391392,131687418.1038633
2019-07-25,300038,36.07798836310549,36.17664025053784,34.903376244415774,35.82275120035802,9182477,389951516.0497515
2019-07-26,300038,34.749161782377406,35.30903912499835,34.66936889077012,34.829505623195836,5066638,189757498.0171159
2019-07-29,300038,34.85396487064206,34.863025379468304,34.04679038163279,34.69988316885787,7995364,399476613.3581169
2019-07-30,300038,35.313341987785684,36.462594178547725,35.01093685554378,35.54139810584813,4177088,171438354.90391713
2019-07-31,300038,35.295661644820065,35.25609802075513,34.198099029557156,35.19330326506636,8906232,382107411.44819105
2019-08-01,300038,35.693683542907856,35.86396051434603,35.15581530777291,35.59591948747129,1441183,52775591.18860681
2019-08-02,300038,36.302274934255784,36.55298070727966,35.9917655095025,35.99989277817721,4129750,186222882.11295262
2019-08-05,300038,36.035003708666395,37.23782421875037,35.75869249419585,36.21248849159194,8571373,411965437.25329447
2019-08-06,300038,36.46936927707234,37.05996788353487,35.844305669551126,36.398874150510835,9131851,365556804.27498007
2019-08-07,300038,35.72254222170211,36.584506231303884,35.307131281092225,35.762353550089784,9515891,378808725.8454971
2019-08-08,300038,36.10205183287709,36.40774159586526,35.1571204149261,36.185446607402795,1265193,65841463.60453258
2019-08-09,300038,36.14611611536216,36.43778325428334,35.53848461144275,36.175106574981754,9958894,401970006.8029625
2019-08-12,300038,36.75178210128899,36.578413009250085,35.63557884816686,36.50719789334224,5986777,267347509.02103576
2019-08-13,300038,35.7810051983578,36.34761699053996,35.81275988277136,35.968721686912104,6607467,253380721.79885516
2019-08-14,300038,35.78944021694442,36.94250384373958,35.44029791554252,36.14378436799544,2818573,113620700.71597487
2019-08-15,300038,36.39903817992742,36.5152489582911,35.38028814635727,36.20931387346451,6851240,369316601.5842273
2019-08-16,300038,36.54747097463145,37.598382322936786,36.62106306247769,36.89241819042279,5076141,261131444.64407036
2019-08-19,300038,37.638488158396456,37.85497572502741,37.04611321270732,37.2672756098424,3074967,140596149.24529514
2019-08-20,300038,37.48617445708682,38.21490750873783,36.5511575670414,37.47639023321698,3460599,143001360.43312883
2019-08-21,300038,38.5571350186161,39.2046667091741,37.33551302071796,38.256861004191265,6605948,280938675.76764816
2019-08-22,300038,37.29750734972269,37.431661403278596,36.99640005104339,37.19673168043427,2633839,109718145.26069154
2019-08-23,300038,36.69224258550339,37.61593417213751,35.75779881196131,36.52918153717677,4138815,224689943.39975384
2019-08-26,300038,36.53802742092374,36.793706919278115,36.27092252855356,36.67529177127609,7773555,406749533.57304585
2019-08-27,300038,36.13837825092884,36.88284994518176,35.6117383301252,35.985663225112646,4513720,222070349.7900877
2019-08-28,300038,35.32366667387388,36.147179432053086,35.200520265362705,35.5898581676167,3806109,165574099.39732474
2019-08-29,300038,34.707908258902926,35.56659894020603,33.597146937067464,34.54926311465274,7375834,303992043.46581084
2019-08-30,300038,35.8611620858722,36.35348563234665,34.969449226746484,35.70262030933003,3990488,174714960.0217329
2019-09-02,300038,35.874381183039674,37.03360766936693,35.4373127199189,36.10836505978426,7255428,276104660.3139329
2019-09-03,300038,36.182021877769664,36.00183681751807,35.54892110951103,35.83806844461843,8150620,368194959.54997444
2019-09-04,300038,36.282124952693906,36.71936924836753,35.05207101760184,36.046857666220916,5271445,224398356.36677375
2019-09-05,300038,36.52320876529921,36.73719196629957,35.33027934983087,36.20684039000608,5367786,235643067.6828352
2019-09-06,300038,35.38347855456964,36.410862999162454,34.68280445219227,35.44999312479959,8773504,413355979.3150049
2019-09-09,300038,35.081036469687454,36.30077608850616,34.258259097319744,35.25415025467203,6634902,295336039.58851075
2019-09-10,300038,35.19017756333824,36.2128492038008,34.87185889534839,35.30325055653064,2897230,125980623.48842989
2019-09-11,300038,34.714640868669264,35.898566954147626,34.71580280811627,34.94797330591917,1833801,77343077.000275
2019-09-12,300038,36.15013891683029,36.71774478722877,35.34303048079314,35.92676474374957,5353162,268761993.9940457
2019-09-13,300038,35.4855268351176,35.990527338919605,34.38933070444078,35.44886777160613,3024921,133661829.00908412
2019-09-16,300038,35.07894703381129,35.1445806131928,34.95613920248229,35.020287914216354,5022646,259883649.3858126
2019-09-17,300038,34.72250947077517,35.222838015678064,34.62961888666528,34.87032751823375,2757657,134312807.64339885
2019-09-18,300038,34.71544832885854,35.39164480501981,34.82564482357567,34.89307118003591,4290968,188208384.68591356
2019-09-19,300038,35.463478632586046,35.86216886863588,35.31758962761242,35.420164763887485,8470849,404726311.34192836
2019-09-20,300038,35.48191165314351,36.83457550690896,35.80210102413314,35.80270024589852,8739050,346788346.6780502
2019-09-23,300038,35.857502666773236,36.31204602372151,34.96313461141791,35.68244144521029,2475414,94112812.86039631
2019-09-24,300038,35.3000369144592,35.352935602937954,34.74066063389983,35.16670090940455,2744465,143107701.41901085
2019-09-25,300038,34.8070692221216,35.09103393791952,34.2838945786842,34.87808647055525,1024823,37910223.42327282
2019-09-26,300038,34.14690854323437,35.26605229194189,33.59659316249837,34.43709629497283,4455721,184614999.66522956
2019-09-27,300038,34.40923277461575,35.03952123367362,34.08150621433968,34.24067667082974,6588543,301790863.5212915
2019-09-30,300038,34.481437955931625,35.58077514492872,34.17940745414662,34.620523670336276,3871886,188362734.10780016
2019-10-01,300038,34.55204948555587,35.172085866858225,33.834526331224566,34.393316115735786,5374661,263204137.62709963
2019-10-02,300038,35.01621272269494,34.97444481056277,33.8937138008746,34.72623719585967,3954033,183430026.36092943
2019-10-03,300038,34.35830994356932,35.06294123712321,33.78269195032645,34.60967478882077,8749894,450812344.0603666
2019-10-04,300038,35.040017801110956,35.73813706322407,34.25050162916135,34.72878913570413,6178722,276573494.2177255
2019-10-07,300038,34.83742307923253,35.60603836696719,34.064668465498556,34.761849577889414,1872350,87611739.21213938
2019-10-08,300038,34.112596295212285,34.548476831061805,34.10509227364018,34.26423504963782,1596306,62571889.08692224
2019-10-09,300038,34.19747872941731,35.139895286843235,34.03304849304919,34.28473628456564,1031643,43709483.33100058
2019-10-10,300038,35.03376331517712,35.002167727428926,34.01131467321384,34.770677112158666,3900634,138852549.66096693
2019-10-11,300038,35.04956381810488,35.60495167485915,34.92653969907819,35.37480073431614,7232031,370744874.9899116
2019-10-14,300038,35.29045544428376,36.15507602140374,35.246813359161244,35.517001295118035,3476630,151524608.9564376
2019-10-15,300038,35.76823403467886,36.088491205604434,35.22853486272902,35.592375966681715,4991767,200711430.87481427
2019-10-16,300038,36.04648534103094,36.599218278182526,34.95703987324639,35.79896453915141,3613104,174127466.77113232
2019-10-17,300038,34.63841493884576,34.36425133377491,33.718513079369906,34.33672442497874,2731421,102114670.2366438
2019-10-18,300038,33.46395082649642,33.88144950323473,33.392973612340306,33.594505925601965,5519852,232500876.34556195
2019-10-21,300038,33.981776783161585,34.302164152491216,32.9789953267481,33.68562357116516,9563843,434044612.36433196
2019-10-22,300038,32.97665253315724,33.632079410984105,32.641702945938256,33.27858247530935,2591805,95840274.97442995
2019-10-23,300038,33.79539046058273,34.27791410077939,33.638814595370704,33.64647517900695,4750760,203062869.87748274
2019-10-24,300038,33.3246490356829,33.83656819574787,33.38824150310752,33.660214722467515,6317444,279596038.9021858
2019-10-25,300038,33.08522684510223,33.95185438580596,32.21719812102637,32.96667319607674,9153153,401523077.93372416
2019-10-28,300038,33.83160381820116,33.95300975502454,32.74225476268279,33.68712359259774,8520283,333928414.7326661
2019-10-29,300038,32.73002088955683,33.45970264322344,32.92659045963002,32.98514611728328,6581957,288234779.9633514
2019-10-30,300038,32.96559229540313,33.27633935540572,32.96605390265703,33.120451790915496,7587830,286174518.0294607
2019-10-31,300038,32.81242658589585,33.68173869160668,32.92007623666955,32.987393439288255,4580414,151948075.14410672
2019-11-01,300038,33.39077486947473,34.05311576305259,33.3271754876763,33.488347995273884,3206755,128053384.621766
2019-11-04,300038,33.3698767631012,33.88701695791524,32.919586935167416,33.32521707253032,3558349,150088419.30514613
2019-11-05,300038,34.19719093373413,34.73765425620134,33.73462713482776,33.96952652341579,2994295,128473558.54009368
2019-11-06,300038,33.45313093684569,33.6964266016082,32.80496632992085,33.594058992662625,8766775,426586319.47572863
2019-11-07,300038,34.13817994777813,34.369082310384535,33.40120329835637,34.210425021715295,5897074,299059809.6765555
2019-11-08,300038,34.14757781336799,34.436324571108294,33.776423164614656,34.388145886331,7603421,302429092.275333
2019-11-11,300038,34.650877176472356,35.698465598982224,34.514375895356125,34.8437940655715,3238608,161856394.56168112
2019-11-12,300038,34.71681221548033,35.50537419266376,34.868984816882545,34.93257778160975,9385889,370806551.93925774
2019-11-13,300038,35.948149560848584,36.34173059896933,35.14658213934587,35.84686898133293,3068251,117390172.55838753
2019-11-14,300038,35.90669052883182,35.98302395823643,35.37764277078045,35.81715384250545,8277078,439337144.71620035
2019-11-15,300038,36.084794440423785,36.735042649486346,35.87969233354853,36.03395898713421,7629082,399619540.7538882
2019-11-18,300038,35.97559295571559,36.91744567597916,35.91981715234282,35.92125482537404,7959922,396862413.2008264
2019-11-19,300038,36.137660052512054,36.793606262306,36.10436704985927,36.354296144652665,6268564,337897148.2156927
2019-11-20,300038,37.21413319647018,37.44548861155359,37.20227106683573,37.224915934458096,6322462,298005136.1340372
2019-11-21,300038,37.1594695062366,38.13096629608722,36.36078537205184,37.27045310526204,4241510,202833020.48419562
2019-11-22,300038,37.26934863773493,37.96770781156754,36.953989030991146,37.27000217660455,6364506,277585925.27753794
2019-11-25,300038,36.777144391488555,37.70694372732682,36.68647598881531,36.87433827167314,2448274,99772424.56819013
2019-11-26,300038,36.559072543954606,37.14815699966151,36.47717442068602,36.82221963123787,9089051,363803362.56782216
2019-11-27,300038,36.33402868518178,37.11079644837964,35.97315184702422,36.11243260437719,8576022,318321235.55638736
2019-11-28,300038,36.420776635951924,36.88779015204071,36.0399842146144,36.186301413369236,4357017,167032986.30017072
2019-11-29,300038,36.457340147997705,37.374261588524924,36.506502928852164,36.7563958219429,3559819,165721388.69556132
2019-12-02,300038,37.0060189616332,36.856237213250104,35.971894538763486,36.69996761237337,1332774,69420860.60340151
2019-12-03,300038,36.22765504751314,36.673541907682875,35.55419442619967,36.299888718267056,3081594,131065114.84726822
2019-12-04,300038,36.83279327005894,37.08067971261836,35.41507921686813,36.48028499680624,2581154,115809325.90523179
2019-12-05,300038,36.13355199198654,37.074528103451385,35.963040752345364,36.29351225705705,2094251,103742217.80409658
2019-12-06,300038,36.711767320671406,37.306491442983045,36.22249459699219,36.92119042102607,2510433,97211220.61680362
2019-12-09,300038,35.89948153877786,36.28927766715054,35.13466390837043,36.11293073167799,5406457,210827736.91278166
2019-12-10,300038,36.464757515237665,37.06085215289377,35.192977942149035,36.12456398805904,8820615,378883638.6882167
2019-12-11,300038,35.99283137254092,36.1772608218791,34.7726781052544,35.815695017186556,4781716,234749474.73572537
2019-12-12,300038,35.48206756264419,36.20484655958786,34.84768492145284,35.496041380263776,5915658,227108176.1633244
2019-12-13,300038,35.89761241070424,36.75994106396724,34.838431534111415,35.71191386526057,3775663,158053873.83689868
2019-12-16,300038,34.77378494969907,35.55835720625368,34.49933252275409,35.08690493616827,3557902,170401915.90355766
2019-12-17,300038,34.6346233824785,35.04122138214589,33.58566078258641,34.46823410896601,1364092,53672847.03159594
2019-12-18,300038,34.72463396555875,34.85582453013098,33.684059432864,34.68602087948427,8857967,404767848.0933269
2019-12-19,300038,34.79195473488495,35.36055710565286,34.29583694531879,34.789050315286566,2479536,100759661.90754147
2019-12-20,300038,34.3615274911438,35.34727464530863,34.25938548665105,34.470538340165206,6182805,275220055.33126813
2019-12-23,300038,34.76369977815641,35.263804562845465,33.838405615574736,34.666482851553006,9526152,385117389.4324885
2019-12-24,300038,34.64373426199836,34.54323926968885,34.12205528846596,34.5297432836986,7112845,327618889.9135932
2019-12-25,300038,33.85800448603755,34.376231089116324,33.310213652923096,33.87798295754908,3679558,181308554.2176203
2019-12-26,300038,33.33816106561054,33.392246844403594,32.381057370342795,33.36792911565895,5859664,289154719.19004875
2019-12-27,300038,33.53727305007839,34.024427734004796,33.2258280039234,33.54835395114431,9545267,320272288.8370634
2019-12-30,300038,33.97463234509041,34.25481679653681,33.72292962760517,33.99153290774029,4553844,155259223.64715877
2019-12-31,300038,33.94429929520074,34.31952203809917,33.01338422341585,33.63119390570836,6286356,261797069.13174674
2020-01-01,300038,34.32820357432348,34.26962184077307,33.31395762830445,34.021395265320436,9979009,488076408.2600818
2020-01-02,300038,34.51104687417299,34.319840697430074,33.88457031932748,34.187169884262225,7863431,298374522.4199461
2020-01-03,300038,34.27924188768536,34.8386197686999,33.832605786603004,34.565130641393544,3486932,136902843.71937
2020-01-06,300038,34.882689098071715,35.383168826403825,34.71550213787209,34.80040785550912,2743105,122211575.01722486
2020-01-07,300038,33.716343073866234,34.15547725101792,33.79769448590909,33.904473807304626,8965304,358860114.24981034
2020-01-08,300038,33.7609151832556,34.06720271673228,33.06728694999945,33.883322220923944,6976430,260007682.18155083
2020-01-09,300038,33.36142001495471,34.13118815733614,33.324347434170946,33.39802928187119,6211557,267292771.65290138
2020-01-10,300038,34.19926892464611,34.56509842271744,33.26813981107042,33.92210475424454,7312283,341510019.7621982
2020-01-13,300038,34.18634990264839,34.73199661035592,33.08113310195298,34.06666628983332,4829549,227258938.48692954
2020-01-14,300038,34.110834587475146,34.36176448619204,33.91560491869872,34.06392513353838,8606138,430969788.65355307
2020-01-15,300038,33.6369858071864,34.01191109141593,33.684595050348065,33.92335280166103,7806450,292002024.45130396
2020-01-16,300038,34.617714295281644,34.358455841440474,34.23518309436337,34.347388109126484,1060806,54383081.10156111
2020-01-17,300038,34.032567790763046,34.308312236273494,33.303309260527605,34.20108717461282,4726461,162696307.6654604
2020-01-20,300038,34.978721464491166,35.75745474851014,34.77834472558838,35.0091197083386,8678641,359444250.062591
2020-01-21,300038,35.34965708448787,35.84366004359637,35.427444235048334,35.52672467986929,4890169,230253397.92423338
2020-01-22,300038,36.19203465800585,36.74467105994214,35.27701789400303,35.83510150248654,5628552,250295954.35343835
2020-01-23,300038,35.67104752067362,35.70826158678211,34.836104079884436,35.3573112565139,1138066,56553080.401689485
2020-01-24,300038,35.13073988657805,35.737679981562394,34.694422779780325,35.15572118782842,4612142,171685683.25385982
2020-01-27,300038,34.991605427023295,35.65810075147461,33.88767723876627,34.87265901230121,8793660,337847824.11101365
2020-01-28,300038,34.12078528220665,34.628024129109036,33.748555726900996,34.15574466652866,7089348,316882706.06060183
2020-01-29,300038,33.7564078475839,34.75623548101551,33.45612346622221,33.88873736593504,2409362,106423810.51249129
2020-01-30,300038,33.04615627052449,33.2228341907131,32.34931481076625,33.07822937657254,5718646,221691411.75966623
2020-01-31,300038,33.50814997929899,34.06795428831869,32.74997002790811,33.41912859103613,4344160,166574194.89508724
2020-02-03,300038,33.002814439742956,34.08502647352163,32.7613071266197,33.28849866717214,5779855,239902197.96188277
2020-02-04,300038,32.85368730525683,33.4480626813633,31.894162046779464,32.804840326552366,6637557,276997717.4246871
2020-02-05,300038,33.13257602550771,33.7590250600435,33.37284663173207,33.46279404407282,4832007,225349242.75044817
2020-02-06,300038,33.48196455029574,34.449347320771146,32.590166580649715,33.487557147933,2943454,141236737.582377
2020-02-07,300038,33.320760390978364,33.52527673974906,32.77112744823471,33.264931827401,3599770,148460122.84588555
2020-02-10,300038,32.8181226843816,33.25924809714212,32.08348479655849,33.039839981507185,8849494,313496905.34216267
2020-02-11,300038,32.77948660757391,33.48819613040218,32.45402720775215,32.64128943084401,9341738,345737249.35343695
2020-02-12,300038,31.993999164729036,32.370214834344324,31.284617990380816,32.169554507219004,3996852,159982787.61737514
2020-02-13,300038,32.292985708698026,32.94653441231172,32.14359487201319,32.604794874444075,5658452,215894734.45948943
2020-02-14,300038,32.062853196605154,32.23079942120102,31.42425693690053,32.22082502883485,7078356,304322158.2667686
2020-02-17,300038,31.941316783688027,32.352531232800125,30.968474525856834,31.919955472946437,4080232,160930557.39830542
2020-02-18,300038,33.526483437175024,34.00439941451511,33.143634206554765,33.52202674232256,3803872,137735287.27900583
2020-02-19,300038,33.414729552707556,34.60376302367987,32.83150256590783,33.70881235559649,5298858,193682072.55173665
2020-02-20,300038,33.90346725509047,34.26266100378424,33.158965224275214,34.15625063079908,9736771,367331258.9286063
2020-02-21,300038,34.10398358769374,35.439156342816595,33.48870921101803,34.431137145484456,3960103,139021605.1570904
2020-02-24,300038,34.81737974348327,34.69368769694358,34.040434794513985,34.66742965311574,1906000,66625571.717250176
2020-02-25,300038,34.96351249836643,35.44997252350415,34.42766276746323,35.13578282847695,5628519,245148122.80494556
2020-02-26,300038,34.63594386614429,35.27710075880829,33.75814249171342,34.70313871293712,1692954,69364480.59806934
2020-02-27,300038,35.187431875459104,35.200356108956576,34.581328676434644,35.13879249222343,9711477,382868062.44647986
2020-02-28,300038,34.88429422797692,35.040580972256144,34.615863869155234,34.85925712021411,5757994,283595495.8112171
2020-03-02,300038,35.10381826313758,35.23682127860743,34.86952021387698,35.180765368820666,7758559,306186273.1229584
2020-03-03,300038,35.56886125279183,35.79775090511664,34.86212022663696,35.36184457103403,5376078,212140164.12605202
2020-03-04,300038,35.07769539170519,36.16685296455682,34.72316684491404,35.39776496772721,6571390,247794793.49828702
2020-03-05,300038,35.047290588163705,35.612659693658905,34.668028609740595,35.25593422031399,2044332,101404404.75315659
2020-03-06,300038,35.58140728427876,36.31520161489035,34.73947043298242,35.300824499887796,4245788,202343448.7064815
2020-03-09,300038,35.307587422285884,36.51546513902256,34.63550269588892,35.51780563071998,9815801,379991380.51668084
2020-03-10,300038,35.40796328898163,36.390652908765226,35.4726335208217,35.61062600026322,9160907,389636852.62565213
2020-03-11,300038,36.014424610207605,36.47158193367939,34.9586515858302,35.97514343400161,6553175,349454393.03349113
2020-03-12,300038,35.81143624006248,36.49403853488093,34.95218425164396,35.82512186515558,8213928,364260592.73836994
2020-03-13,300038,36.1032829536381,37.105972999722525,35.90027144695258,36.121680268369516,3740382,184238531.39521638
2020-03-16,300038,35.58344222587441,36.24396769417705,34.89812321494571,35.24887184617549,2221302,109786491.90705605
2020-03-17,300038,35.80030758318593,36.20153299923188,35.33986056998007,35.760569237197686,9291999,360879580.1820622
2020-03-18,300038,35.63497499485266,36.46012171849777,35.03923720438423,35.87827375042762,7648080,362600264.38142556
2020-03-19,300038,35.7265537204471,36.73782485786162,34.77229496643485,35.70580143259965,5424706,273830988.04604053
2020-03-20,300038,35.14669325587696,36.14583920978381,35.20238088748173,35.29752219751155,4979450,182034840.61634433
2020-03-23,300038,35.31667329755788,36.52526364447072,35.15670239023533,35.59227237180856,5257604,251648736.05813304
2020-03-24,300038,35.43380377067955,35.83040099230214,35.51675828058508,35.58088077269639,1467041,71256944.7703078
2020-03-25,300038,34.83564973067114,35.97835203740246,34.49099968483051,35.18603009889979,9821713,471166170.93768716
2020-03-26,300038,35.061849110237844,35.91786843738272,34.45400615551836,35.30159084782382,6341606,245889999.6179246
2020-03-27,300038,34.67699679193099,35.125660320961295,34.377406554382404,34.88631961451286,1189450,46447482.14247479
2020-03-30,300038,35.68414345010137,35.88706901590218,35.23560786858471,35.74788999008133,2832020,107520979.48128714
2020-03-31,300038,35.748089318923526,36.55309745718263,35.79696633645358,35.97624267193774,7990231,295383533.17036116
2020-04-01,300038,35.69143035935567,35.971023234502034,35.17516355075388,35.393427139163094,8576432,438367023.5639755
2020-04-02,300038,35.11245429486276,35.739908155789756,34.543673996835416,35.02010057687748,6152423,231321317.32254592
2020-04-03,300038,35.33118218063966,35.44960341779947,34.81514800044986,35.29201872382964,7850930,307924257.4595117
2020-04-06,300038,35.634656515495514,36.541173735223495,35.18778468235696,35.480638447002974,8455816,359689931.1200976
2020-04-07,300038,35.98194195526493,36.149764958767804,35.72647999497243,36.028078348207046,1106843,57958748.14665684
2020-04-08,300038,34.81563793513708,36.11161744978372,34.088346741887655,35.121948525363806,2734529,128235785.96048868
2020-04-09,300038,34.42609202790218,34.42571149126722,34.021024412274,34.15965481028434,5436129,227425859.20236468
2020-04-10,300038,34.69876690918433,35.172625389206075,34.274033393616506,34.413386859815745,5443503,216773823.69922686
2020-04-13,300038,34.67010282246967,35.13517836302433,33.963699680015715,34.51403615687133,8944629,309275192.3926893
2020-04-14,300038,35.38639735340844,35.58903062865286,35.15046867053203,35.40646830973026,6440255,260988856.4312512
2020-04-15,300038,35.39580940160488,36.41260346443802,34.58778864133591,35.57046717042428,3718234,171444837.78676108
2020-04-16,300038,36.24213510988259,36.40221640743285,35.53717637429703,35.94835138463205,5726353,237658218.1831608
2020-04-17,300038,35.61809835734233,36.560771467666164,35.678299343112776,35.7724557714767,2948084,111503301.94964004
2020-04-20,300038,35.23349737552109,35.81167560105798,34.876541122231295,34.88731139285018,3933543,158685653.52978057
2020-04-21,300038,33.75583775623207,34.79222490888455,33.46535501738156,33.80359316955947,7918679,348611467.50075823
2020-04-22,300038,32.68219951493149,32.94064884376634,31.96246777385942,32.93459571863532,1304499,60226154.086309925
2020-04-23,300038,33.05804532212841,33.908066977495906,32.55308503759881,33.14203655297257,5368203,227308182.56321523
2020-04-24,300038,32.54172143806226,32.89797286870631,31.892276335042386,32.78668427246574,9266791,381536664.43509275
2020-04-27,300038,32.3941596380235,32.676431159680966,31.566085476640993,32.11155980160672,2156504,73393240.61498134
2020-04-28,300038,31.73057299151881,32.03687374154405,30.558493054909704,31.423581701767365,8114815,343157428.7664883
2020-04-29,300038,30.820217854500378,31.57329080547415,31.039228771560495,31.100993447426337,2103853,71656940.52742976
2020-04-30,300038,31.27313988791312,31.458854155040417,31.03069843802303,31.348138989699578,7909312,369158981.6158533
2020-05-01,300038,31.03147583514268,31.555102129377218,30.983916816950455,31.286982054543078,4276726,148758946.67669854
2020-05-04,300038,31.0865418012888,31.633208445226373,30.659597987803355,31.12104712075197,5942886,262759012.34678987
2020-05-05,300038,30.4099237374117,30.626841461342945,29.908635108332824,30.498156802509403,4003715,148185639.0307275
2020-05-06,300038,30.29205441735103,31.104207222964448,29.963905839516464,30.395942737992915,9403152,335985840.9326665
2020-05-07,300038,30.26155756436802,30.4621974401844,29.844138033720647,30.20406066205103,6135147,197440123.68760997
2020-05-08,300038,29.30899276107954,29.797369366749333,29.18799055226924,29.432806370706626,2468325,97408145.0819784
2020-05-11,300038,29.66713153155998,29.96036797016506,28.98298152585171,29.504669271514313,7347992,236534408.4155362
2020-05-12,300038,29.388553495157318,29.427727396767555,28.572858306962974,29.134367135347304,9760927,398185754.05202025
2020-05-13,300038,29.05097963627809,29.99478869492922,28.84076170177707,29.272731094505872,6846033,202990925.1833213
2020-05-14,300038,28.89958825363864,29.764510221844365,28.404501699303,29.057027074709904,6786722,290057797.5394816
2020-05-15,300038,29.37549288848284,30.134102195346884,29.360629662327227,29.409793545243634,5053999,216289212.8835018
2020-05-18,300038,30.129801434345563,30.110890952509386,29.22339810565863,29.890986457163645,5664655,175663528.95112523
2020-05-19,300038,30.151895299661803,30.827607068379116,29.440104821424075,30.267794466374877,7478255,241026707.2454471
2020-05-20,300038,29.738024944729407,30.715307382799633,29.72845107991499,29.948607007180737,3265911,120696387.1315071
2020-05-21,300038,29.076486817252018,30.1821890098284,28.819058412659487,29.306341221605074,7872639,265255326.99038437
2020-05-22,300038,30.356868898588832,30.30755072009943,29.23856771223794,30.131696889462045,6145552,252110839.6388836
2020-05-25,300038,29.548690537127523,30.35397916618285,29.22051008784501,29.582623456228433,4047009,145736138.465905
2020-05-26,300038,29.989461374484133,30.521498561629592,29.081814489214043,29.69386886540083,5733846,191099043.86709434
2020-05-27,300038,30.454589398640657,31.51833456517311,30.491343654101147,30.635986496383698,8524617,332853773.71657115
2020-05-28,300038,30.550339421978478,31.20924565394715,30.132487368863117,30.739406390037335,6283278,223972507.82728022
2020-05-29,300038,30.9362160485255,30.957162277671475,30.077071886683875,30.665256318059708,8759689,294610997.0105796
2020-06-01,300038,30.587505991961265,30.826367805382066,29.948351689076656,30.430697261083065,7998385,361807976.75944793
2020-06-02,300038,29.761835786557587,30.653694941754356,29.917564440973592,29.9770936369044,6857708,234960155.83093354
2020-06-03,300038,29.885666787206077,30.360418316657498,29.21166730284419,29.926217883442963,7244243,222103551.58745873
2020-06-04,300038,30.68855274301914,31.6627118046889,30.265122312236265,30.793904492219472,9125883,342351899.62259585
2020-06-05,300038,30.72024246351242,31.306357055604934,30.136754232569704,30.812141569377772,3566926,140985240.60814264
2020-06-08,300038,30.840763956906404,31.073361222261397,30.6960010745978,31.056122262465898,3115919,101833407.05682965
2020-06-09,300038,31.438003126451285,31.23744650025275,30.237392944476458,31.17092947924233,7511887,252351304.4020558
2020-06-10,300038,32.0242713165386,32.37556782792436,31.45658545468007,31.9627657868092,4121568,142354411.58135054
2020-06-11,300038,31.302463031401697,31.86223914626549,31.123359041012375,31.50746028107527,3787547,142420419.4381487
2020-06-12,300038,31.802144546760108,32.55547541055927,31.735010590424565,31.83910917192806,5467097,227085054.0138223
2020-06-15,300038,31.358997311749423,31.977836185171082,30.978819526447236,31.10390153023966,3842661,159480711.9340287
2020-06-16,300038,31.409044192754685,31.538000686259796,30.899390080131926,31.26781933743425,2607145,106279053.40409419
2020-06-17,300038,31.04776227445115,31.7752564420124,30.651063367697258,31.296296382846414,9919749,348996876.2174503
2020-06-18,300038,32.10243432930064,32.28737477370529,31.4070904368423,31.92404841530441,8605400,363329468.2374352
2020-06-19,300038,31.636361011310566,32.13959927746552,31.347576671388687,31.49795259989953,3418754,141206922.59035152
2020-06-22,300038,31.264559822452252,31.57959994342292,31.28808046621269,31.386696699285988,5272560,178398491.76907098
2020-06-23,300038,31.510231986648442,32.07456527608483,31.144941848198958,31.636401321819648,1895259,69633408.71778174
2020-06-24,300038,30.87238049093611,31.89166956241374,30.450479556181914,31.01230731404156,7768412,286247662.3828844
2020-06-25,300038,30.78528694675441,31.10668990121038,30.299118007281507,30.919383620395692,1572158,50670619.71099914
2020-06-26,300038,30.394716603677256,31.001357519345795,29.896616032140738,30.426704496186858,6085699,259855946.71330324
2020-06-29,300038,30.97209183327996,31.80032601540428,30.502464571605355,30.934373164004004,1516604,58607854.30934809
2020-06-30,300038,31.464974062362867,32.33703506978362,31.226256623916633,31.423574850882652,9049840,306361369.7917497
2020-07-01,300038,31.638270455440274,31.80026039555486,30.594060249130195,31.528338762040136,3141783,131556803.57556903
2020-07-02,300038,31.550522731614272,32.208826231728345,30.915632558524035,31.778889182611643,7977956,296574054.54478467
2020-07-03,300038,31.615270935392896,32.34325915817402,30.76766778495484,31.42859986389787,4248249,141929326.7223967
2020-07-06,300038,31.030231009944494,31.429733257288834,30.05369217609467,30.741631752924036,9470125,312937635.86813337
2020-07-07,300038,30.661829522707457,30.779562359463316,30.24437653236315,30.506638679509372,8379077,259199439.23139733
2020-07-08,300038,30.03735171672797,30.880884516302952,29.818041275228424,30.072346789750384,9847640,361382705.6602078
2020-07-09,300038,29.522394647129946,30.567654688506906,29.576598915673383,29.726731858097853,7448652,299521261.75513065
2020-07-10,300038,29.101190964518878,29.279062893043452,28.29365737519879,29.12559446741982,5661389,209128337.80973127
2020-07-13,300038,27.9892503528884,28.925243408629616,27.94292073023529,28.211384994887045,5044354,152527627.50861332
2020-07-14,300038,28.466830697976487,28.91273766998446,27.671939535387967,28.230108633735455,5125737,200270879.79359227
2020-07-15,300038,29.235611296731893,29.259163789706765,28.567972216290567,29.138016723056168,5340065,191187190.01510102
2020-07-16,300038,28.85938919797809,29.52419836947814,28.584079844015406,29.016966752603878,7434409,286882456.0240037
2020-07-17,300038,28.613765632665096,28.84184117616798,28.15847936701283,28.459940564619163,3377842,120393801.15918256
2020-07-20,300038,28.129795539719122,28.37925472537888,27.69018623183023,28.25318461835224,8260291,240580918.48034292
2020-07-21,300038,28.30388154513883,28.296317445275854,27.959804854923824,28.113935988103858,6984093,237520613.2193819
2020-07-22,300038,28.37363780868615,28.670458710089303,27.997545634457186,28.35272115205605,7438214,226874372.66398102
2020-07-23,300038,28.453880809297367,28.572443301884654,27.96714811039921,28.318850116554255,4964297,160872558.90312406
2020-07-24,300038,28.4223572375373,28.856216604647848,28.049360665567498,28.152942056617917,3051387,105262008.46915908
2020-07-27,300038,28.555842676108067,28.932369477455236,27.91388149977052,28.320806609113642,5936457,201053753.62131125
2020-07-28,300038,28.696163369207888,28.752370812581947,28.342392608062127,28.504025175254302,8161600,310821555.54534847
2020-07-29,300038,28.7676038837651,28.98093494828758,28.15127521463511,28.597518653209253,9104155,383644494.9910665
2020-07-30,300038,29.18374549568802,29.330799008926803,28.76646006347982,29.08486813167373,5735059,249772283.73756918
2020-07-31,300038,28.746373964462865,28.93345974843474,28.289788038137925,28.614231120538083,5779917,192399630.84957767
2020-08-03,300038,28.256351726915256,29.059444113277742,28.26872191559982,28.454683465705454,6998206,293088327.33489376
2020-08-04,300038,28.893906682112103,29.05771851535885,28.10636791239666,28.63477092514893,4515116,169714115.54412928
2020-08-05,300038,28.336925247658918,28.950317313385018,27.77344342116474,28.425345415343177,1423482,54685633.64263771
2020-08-06,300038,28.20368625994817,29.149260053345266,28.153747271516362,28.481779116341517,2122515,75607429.45522778
2020-08-07,300038,28.657077071685137,28.875348174998763,28.626411866400133,28.856066840527102,2161950,86136749.4258069
2020-08-10,300038,28.6143601402447,28.943067710415278,27.836056233169778,28.416316952094853,9658420,295614422.5008992
2020-08-11,300038,27.958637396950273,28.415290808534262,27.630393494722586,28.16622549549376,7741286,322515746.7672142
2020-08-12,300038,27.996989242887548,28.839883817082942,27.425648287268476,28.17619078401587,7357119,296453645.7271561
2020-08-13,300038,28.235629397840903,28.7611398622221,28.02114567047186,28.319034742024876,6651730,254941447.5452837
2020-08-14,300038,28.048170777692214,28.73142303194628,27.97036659377463,28.047235194410515,5632449,205278894.04369816
2020-08-17,300038,28.43731901090723,28.42710525614699,27.78183576538029,28.335285719575243,3496734,136175448.2915931
2020-08-18,300038,28.412062265232418,28.99845142775434,28.104898337098245,28.46745967638001,9183125,315295685.4864348
2020-08-19,300038,27.76242187181095,27.828112766737814,27.67718818227511,27.751323136031225,9328551,290015457.82233113
2020-08-20,300038,27.955599087241673,28.740953803667118,27.792967519169387,27.9214110762725,2616625,105103959.96006313
2020-08-21,300038,27.827353701821405,28.207700678111035,27.610139811950607,27.66293199218273,1611752,56563403.024785936
2020-08-24,300038,27.513681638389034,28.190847686450848,27.272746874308154,27.772721798994496,3941444,154088775.04626524
2020-08-25,300038,27.984076579713143,27.92525777161891,27.57414310704822,27.863897728682574,7116454,257747573.46787766
2020-08-26,300038,27.88187629322772,28.00160752779767,27.5668778495922,27.76337962090571,2736499,109430832.38738987
2020-08-27,300038,27.742581174970475,28.017114674395685,27.556174326719795,27.849145429236785,4394216,173370331.4953899
2020-08-28,300038,28.0458193815558,28.74799316962267,27.78646597320052,28.203882350654045,6291359,186849012.83822688
2020-08-31,300038,27.994065363395567,28.039217375534832,27.499453314417313,27.843431668618813,8321525,232878260.15492022
2020-09-01,300038,27.99309762690411,28.384973757830426,27.113324893468366,27.856061660487303,4645519,151173977.64996445
2020-09-02,300038,28.53686638598117,29.22589972877606,27.91580470373802,28.709109563621137,7120472,266832643.96062765
2020-09-03,300038,29.193833452466922,29.926318326477766,28.87102655849529,29.068597191292678,5197736,224637682.71384856
2020-09-04,300038,28.41913033703411,28.77620742936555,28.514476209489104,28.66092332056193,5736423,216809998.7877629
2020-09-07,300038,28.3218748654174,28.583576200926704,27.76942645604708,28.429012478728517,3090971,99830153.55076455
2020-09-08,300038,28.330321688908118,29.32397169706055,28.32455553616649,28.547573401770006,7528586,304568050.58018994
2020-09-09,300038,28.64891562732162,29.034577398042234,28.595223121232966,28.66010202144975,7420471,218910395.0527594
2020-09-10,300038,28.70900689759467,29.425584486809395,28.36992460404025,28.879420569609607,6541153,254985561.4213013
2020-09-11,300038,29.695664225660394,30.346194578690966,29.465427678013473,29.557455812097732,1649836,71423731.33189851
2020-09-14,300038,28.7318447562188,29.506316333887483,28.491153135436498,28.877769057715582,5193812,206528459.57761928
2020-09-15,300038,28.966964953292848,30.02462134233862,28.552748717808083,29.25177597760975,4525979,192787360.30246618
2020-09-16,300038,28.195897440421444,28.83844488476923,27.71965752758868,28.305687529301988,8283069,248736767.35572374
2020-09-17,300038,28.10792988503329,28.860079114791084,27.512921521473146,28.258770938864494,6330024,247972206.84498987
2020-09-18,300038,28.4342901538927,28.69044194237173,27.609682125605744,28.31770141689158,2421983,81471271.8276172
2020-09-21,300038,28.784269209661264,28.839873003188423,28.507457339655303,28.607247081249007,3223847,120181989.3220063
2020-09-22,300038,29.09456738094379,29.338696203772543,28.907394964299094,28.913156042807415,5788483,183012313.50571212
2020-09-23,300038,29.519581464259236,29.636693210348664,28.926124311199533,29.432029536673447,8112759,322040956.10626453
2020-09-24,300038,29.510376521855218,30.209658199127976,28.868359603658742,29.598397071748355,4164783,127369827.40952076
2020-09-25,300038,29.922538595510066,30.59665239312185,29.259799481742707,29.959457289841318,8963584,287425651.4300202
2020-09-28,300038,30.092164175192924,30.449677541492917,29.409383941375243,30.227855353046664,9019952,322711787.0924812
2020-09-29,300038,30.064742831007454,30.503297753207615,29.518677588503536,30.17178723399,4000997,123837538.81707837
2020-09-30,300038,30.85166235432742,31.186387137233872,30.25834715173479,30.781384501786587,4984275,228348162.42052925
2020-10-01,300038,30.478493954991475,31.123407904370747,29.922049309761974,30.7038878954152,9240929,326831842.64960706
2020-10-02,300038,31.14050758264921,31.427324770445637,30.70184102831117,31.232190258046018,8203111,340783238.17952406
2020-10-05,300038,31.373180576834198,31.425696649228286,30.99547049770363,31.232825949478876,6068302,233792633.75395587
2020-10-06,300038,31.43984512791324,32.119507853088166,31.157676068845934,31.73308225069487,9270948,369605759.47915167
2020-10-07,300038,32.155318195132025,32.91961417644762,31.307782304293248,32.04636026294089,4452483,213252579.08756214
2020-10-08,300038,32.24334152217303,32.96988869313786,31.313005227292976,32.19377338620141,5970603,197130909.8939979
2020-10-09,300038,32.1791213225651,32.69963808667627,31.852017901536403,31.995119905382765,2942238,97185054.36862285
2020-10-12,300038,31.77071634664054,32.566499665850394,31.654736992954447,31.87611820443606,7277547,293373710.5588487
2020-10-13,300038,31.709015774859797,31.74358107968097,31.25014334957389,31.723546076843615,1053798,47101710.144723795
2020-10-14,300038,31.730528765918713,32.0766542824823,31.471195215576795,31.69271761296112,8012041,318900237.93977773
2020-10-15,300038,32.340752865592314,32.355822891966916,31.89947325921567,32.32212509380081,4037474,140170988.06791386
2020-10-16,300038,31.967023067803567,33.01244289244868,32.00206565323297,32.27672454495443,5271952,216102601.95067844
2020-10-19,300038,31.907492093793348,32.93975739378861,31.0640008495611,32.00535803043221,7790369,304427791.7276447
2020-10-20,300038,32.338109575681855,32.78997245744876,31.831354259149492,32.53321880477627,2048445,92565117.1364327
2020-10-21,300038,31.77536638987794,32.45408245627114,31.007486668926195,31.822171609108736,9959811,436052860.2395771
2020-10-22,300038,30.993731975803023,31.53652509770769,30.22813763551237,31.124843552650027,6560222,219483768.9544632
2020-10-23,300038,30.68422292124827,30.886399061854448,30.38212329830531,30.421762335278554,5722170,231277905.49986735
2020-10-26,300038,29.63870087179697,30.386646469374472,29.59864183261744,29.82713741818271,7263258,302212515.4262591
2020-10-27,300038,29.223822327951982,29.226506338881272,28.59002287936887,29.078647001115563,1888069,65204880.75515016
2020-10-28,300038,28.843709827810997,29.15670856490524,29.018917940121693,29.063487246910302,3119201,109090586.31791902
2020-10-29,300038,28.615163815943053,29.192535972598918,28.47369338075972,28.60162399534568,6199074,229060402.33930886
2020-10-30,300038,29.476453660150078,30.251367124227635,28.609566703287655,29.46160896521065,3965744,171177433.5880371
2020-11-02,300038,29.86762058775751,30.258810137109332,29.680465430066135,30.04676215647375,6380364,244159128.52088457
2020-11-03,300038,29.98150086938666,30.404933638182857,29.755788281830984,30.006415931987135,1979056,74349258.26733008
2020-11-04,300038,29.3094981900627,29.82907727409638,29.17190940453088,29.536227358410155,7633938,315520679.9955665
2020-11-05,300038,29.627289727957198,30.0699561321023,28.662104190174283,29.476839020516195,6280586,252949984.13033423
2020-11-06,300038,29.06734727928992,29.732641952749418,28.463826059960905,29.252957457980173,3226396,122700762.39294806
2020-11-09,300038,29.411095584263027,29.559712721360913,28.979618387690977,29.271493573700464,9450257,406311591.29928136
2020-11-10,300038,29.314679281129855,30.258123779047022,29.228497697511386,29.39443915137211,9660517,290611755.6397068
2020-11-11,300038,29.7866369302721,30.489461934554708,28.846082948070062,29.66447214992815,4262668,151340829.60241818
2020-11-12,300038,29.878185718321024,30.341792908027415,28.909595369443174,29.738978053665296,6743006,248891916.51685315
2020-11-13,300038,28.867548089630123,29.580021001864043,28.660629720388343,29.02676629615298,2100462,70769644.61837326
2020-11-16,300038,28.66282412129196,28.971137127294657,28.55979802579718,28.83842439531678,9870081,334638147.3133513
2020-11-17,300038,28.414709436460285,28.88599015538496,28.12905372575458,28.57039022517405,5836220,177757491.56234828
2020-11-18,300038,28.708821020428548,29.578597822396638,28.90218271814539,28.985527420296197,5688762,247271821.38758925
2020-11-19,300038,29.287144319360564,29.582110119549057,28.653427384404058,29.493160533592917,6117643,220628351.4632389
2020-11-20,300038,29.55216201391572,30.18744136792009,28.782745759566083,29.574891837708858,2876322,101899160.0598222
2020-11-23,300038,29.58610358984676,29.655381156027637,29.272664125425333,29.602890126095062,8552350,331272249.75440013
2020-11-24,300038,29.07665591702624,29.379033047111353,28.781292314932088,29.131539365811136,6701661,217291799.56104386
2020-11-25,300038,29.42687528609667,29.928869222764494,28.799698952302403,29.55763929278842,5827175,211967337.13329652
2020-11-26,300038,29.912261097921885,30.72140359301828,29.752572376950987,29.828699485689967,5658335,222406525.9035198
2020-11-27,300038,29.787897150163985,30.271560465701675,29.661682360654396,30.087876812356136,4685139,168748187.3631135
2020-11-30,300038,30.275958127140676,30.999721763528665,30.22207359397252,30.504465984118145,3264760,131220592.61092322
2020-12-01,300038,31.461427112429266,31.215845351297983,31.150237884455773,31.196981092248063,2771312,88722663.98520868
2020-12-02,300038,30.837208577613424,31.636849935990274,30.704668362609166,30.752262488807315,2368440,106544108.16410488
2020-12-03,300038,30.97768548786976,31.296859668499316,30.364786666579374,30.9450971694599,8776496,324681610.79427904
2020-12-04,300038,30.336930845230583,30.978393024530554,29.57751803631787,30.43768745276385,4003360,129153554.69352746
2020-12-07,300038,30.976794967500155,31.662924501717857,29.90110520152049,30.77273293468752,2417844,82167641.15479438
2020-12-08,300038,29.87629871599037,30.083767424479756,29.57671447910286,30.02142823738567,7194282,311049574.07627696
2020-12-09,300038,29.828049134640512,30.158871409226418,29.374591494212957,30.124753384360158,7573299,241933427.75048706
2020-12-10,300038,30.71660707076668,30.655120398516004,29.84299093515444,30.541312619280177,8245067,291246176.971697
2020-12-11,300038,30.32116408083013,30.670481871291436,29.841431811191168,30.574051427998263,1719918,54008995.79062916
2020-12-14,300038,30.15782889030332,30.30850884949629,29.93992348386936,30.248870138380447,4874606,154535412.27940467
2020-12-15,300038,30.260585661261374,31.16792246670854,29.524559474477474,30.355605467182663,1084157,34011725.950000234
2020-12-16,300038,30.031156969210386,30.396633749844778,29.800676658038796,30.273915900659176,6961752,314827548.24339813
2020-12-17,300038,30.215425455200627,31.107546819238735,29.70981360838636,30.38406642856624,4951072,207461906.26378298
2020-12-18,300038,29.654244463192207,30.14256012776605,29.480921780364188,29.723565362109888,9554886,367031270.3872698
2020-12-21,300038,29.630681631155902,30.30943005343383,29.90561304446054,29.909069442157673,2113721,76959137.3098611
2020-12-22,300038,30.584669046662675,30.955468675667575,29.581844562001407,30.477598700011804,2584622,115571894.69000621
2020-12-23,300038,31.13969927448771,31.378592331612367,31.165521583958927,31.322485936033203,5112806,203339500.29297584
2020-12-24,300038,31.801288578429457,32.036656772286555,31.214316819890872,31.981662384955513,7308392,276613142.879073
2020-12-25,300038,31.542639055043256,31.54603636390011,30.936700882308042,31.51662744545821,8748736,312666769.6052423
2020-12-28,300038,31.427376891847494,32.397225292461286,31.24908957052813,31.458308362432017,8607505,363855076.37835294
2020-12-29,300038,31.435927122150417,31.766057628663006,31.570544148461032,31.707838226441364,9978403,426738227.4672045
2020-12-30,300038,31.61935777081236,32.625139942189804,31.559502589022838,31.798336389554844,3050712,98395574.79566166
2020-12-31,300038,31.699344427327617,32.02566721187814,31.46020049527252,31.805010004100748,8143444,286025842.82515424
2021-01-01,300038,32.11772016087432,32.80663164434104,31.613953976267474,32.16412623137508,4140947,170698854.19130886
2021-01-04,300038,32.18130395510445,33.318091940200084,31.918364795615844,32.36570338737006,2784780,110723884.17159933
2021-01-05,300038,32.24916865378934,32.51333176104509,31.696983245586168,32.34774010828947,5616053,186301885.31358075
2021-01-06,300038,32.67264697356499,33.535956212724166,32.74532515532264,32.75355328678254,5196124,180794118.27193472
2021-01-07,300038,33.005788872406725,33.33148608974746,32.662224439038674,32.944390627811245,1902183,73164480.83076665
2021-01-08,300038,32.39870075438329,32.83808103793925,31.889353947181203,32.13536026854357,7209034,288159986.4295542
2021-01-11,300038,31.70343041776848,32.35174826259388,31.265004652509234,31.990730437718163,3693024,166137348.88460377
2021-01-12,300038,32.0697226426136,32.5652575748128,31.717943480497524,32.068595347749024,1305419,48751380.2780404
2021-01-13,300038,31.843312058429827,32.580382993240256,31.783207441248592,32.14709291523202,7823487,295236856.90298885
2021-01-14,300038,32.52794420735075,33.27163971993492,31.95925830057558,32.476327037016574,7469971,304361711.10260504
2021-01-15,300038,32.23427390143196,32.60706229427188,31.480386936742097,32.04853622777432,4731682,165597389.31982028
2021-01-18,300038,32.62282419516127,33.52755815582911,32.40774007912977,32.65459358295961,4582505,184527042.76338303
2021-01-19,300038,32.1788780640833,33.22232404439529,31.605677424677484,32.34356883291335,5116377,174861493.86346927
2021-01-20,300038,31.317382947624058,32.07412128883459,31.01903029001375,31.314532089759727,3278702,144141891.00810722
2021-01-21,300038,31.447367538669777,31.97969521919409,31.369181981378027,31.629817403799148,4687411,201854579.5405743
2021-01-22,300038,31.916112914760063,32.12686004009995,31.61717059527817,31.871394118483828,7732334,266931319.17465222
2021-01-25,300038,32.46956155976339,32.314936879286336,31.4455039331163,32.19891707880548,4824214,168221847.10576028
2021-01-26,300038,32.40042842203926,33.04910078386795,31.592314381746878,32.48637455612531,3312350,121775243.97401147
2021-01-27,300038,32.705679502941535,33.28719505171299,32.2026608472793,32.408947159345956,8580503,371116997.16618025
2021-01-28,300038,32.13123646608822,32.76250676476565,31.329710461404126,32.13728575210571,8926531,381933634.27530926
2021-01-29,300038,31.545691017960294,32.25044200847288,31.111150926838505,31.46222063452029,4384107,164468647.17168045
2021-02-01,300038,31.48204701086254,31.53778632622103,30.995281229523833,31.24194380678424,8385771,392918403.33673275
2021-02-02,300038,31.762785086482193,32.410402296626884,31.25425041171508,31.555794365687905,1150759,41143137.53319987
2021-02-03,300038,31.899000826871323,32.174479423180905,31.59695540044239,31.723498967296102,1729449,63693955.08519503
2021-02-04,300038,32.35946850517919,33.06957261348767,32.01157488503552,32.27490401850395,2238954,73986897.84570542
2021-02-05,300038,31.88870105117022,32.7101839416368,31.893374478423404,32.10088485217648,1017103,45133092.33301552
2021-02-08,300038,32.17839374917894,32.35551385175747,31.92899206494025,32.1790901004596,8402307,398633720.43682855
2021-02-09,300038,31.27602405217472,31.52597996943362,31.073738201365042,31.222602316679087,4435884,183564087.21390983
2021-02-10,300038,31.50950013896869,31.750553338663426,31.288940312316534,31.41450462462913,6212056,291070883.7370865
2021-02-11,300038,31.6271543300185,31.97599961910066,30.71528446203014,31.46820339120889,9242465,339041484.1171713
2021-02-12,300038,31.051563369779316,31.366720679800867,30.807582008456716,30.99758262433395,9568414,328833393.31627864
2021-02-15,300038,30.422075691165485,31.268675001454255,30.329235999906984,30.41909419647745,5965056,269316041.1902272
2021-02-16,300038,30.735418435715292,31.17595059337133,29.926380796682558,30.78116514798114,4467595,186378050.30791873
2021-02-17,300038,31.396848207622845,31.798948290880702,31.205462993264643,31.699947743657823,3617331,115765110.85093753
2021-02-18,300038,31.309379373430243,32.06509389305419,30.720892598015972,31.47024721994257,3872953,171394051.7834166
2021-02-19,300038,31.56860377009973,31.94194024283539,31.416752550719764,31.596518798477547,7848763,312299964.0584575
2021-02-22,300038,32.16101911936676,32.70956025706024,32.23112999537893,32.27042372476454,4592412,161124916.62083444
2021-02-23,300038,32.81875482488402,32.770456930601604,31.793263885535108,32.58908130776247,7090224,270140130.78807646
2021-02-24,300038,32.26161192478992,32.82365301045145,31.529795475667555,32.37805591722517,5445975,246710582.04489934
2021-02-25,300038,32.96664060614443,33.41531848438983,32.54785605760892,32.943387871030524,8717659,359414424.0237351
2021-02-26,300038,32.70660326670506,32.694130468775704,32.511597431885605,32.572401837387986,2481558,113559619.42191242
2021-03-01,300038,32.31786578413781,32.77027785257493,31.31837790775846,32.07776943463989,7404217,354533141.98054385
2021-03-02,300038,31.833750055462723,32.3036403350091,31.513989118353834,31.74744210544691,4969120,161476084.4913277
2021-03-03,300038,31.761550454588985,31.927130641550622,31.2867611389175,31.903357334610053,9910188,444750128.7190223
2021-03-04,300038,32.07903936324466,32.37606648647318,31.518476857807826,31.878572023589566,3832377,143002844.44962642
2021-03-05,300038,31.47000234218862,32.34805337463888,30.791919283389422,31.54309110648442,3264274,147616362.0935742
2021-03-08,300038,31.628843337628403,32.33967061084812,31.302449198624096,31.62287835088823,7836702,253743125.52868772
2021-03-09,300038,32.405149466682644,33.17218007685448,32.14291324278093,32.363893840605755,8904324,320235519.9295825
2021-03-10,300038,32.4103808763514,32.37186198219827,32.03194008053574,32.12148958318899,9590760,320929623.84290576
2021-03-11,300038,31.92262503780429,33.117020828716335,32.20324084798306,32.230455741849674,4073976,178216385.10308018
2021-03-12,300038,32.19417844175607,32.21467224652659,31.600209441454066,32.013589100068586,3921219,180164136.96031976
2021-03-15,300038,32.291645938776774,33.38962568488858,32.04938168498221,32.52980507958259,7760963,310065624.3972608
2021-03-16,300038,31.86380363338382,32.20068896932749,31.13922657180277,32.05551919437917,2487227,118407764.600449
2021-03-17,300038,31.676624775422763,32.49628039274717,30.888155787121658,31.76985599012137,6220599,284483978.7576306
2021-03-18,300038,31.25323843555473,32.119952277041065,30.838290250835424,31.47525154458815,4270020,173168553.35489637
2021-03-19,300038,31.81790627174849,32.1377891905434,31.75534335108981,31.811684340032677,5055184,232811791.85235208
2021-03-22,300038,32.47501306374813,33.19192023852805,31.946906526871302,32.49876325836375,2135386,72865615.78740692
2021-03-23,300038,33.1391777370983,32.98638285984748,32.679175739151994,32.868696342893635,9337483,337443790.59978586
2021-03-24,300038,32.609985279574765,33.57519349484791,32.12837764758517,32.84350912571421,4108086,148982511.5537896
2021-03-25,300038,33.15397494835639,33.60615354776524,32.187696578593936,33.12338048406456,5976239,247206602.77301654
2021-03-26,300038,33.381725225119304,34.153361623123736,32.54577841345184,33.47341351557341,5738621,284039028.0514753
2021-03-29,300038,33.32574212108843,33.551355834833664,32.84612589419,33.39776537201573,6266164,308628220.3401779
2021-03-30,300038,33.553016329670015,34.40749545627928,33.11316440140387,33.47646692703123,8187878,297469114.11972857
2021-03-31,300038,32.83720348892364,33.25233639591,32.15894573733363,32.916913673931234,2104620,89360657.20176342
2021-04-01,300038,32.610514020574655,33.47634410399538,31.78246689283209,32.59297616396621,1510230,52430012.218949005
2021-04-02,300038,32.52943011278361,33.02783632226785,31.953457178037436,32.69053750387966,6820762,247389922.6615557
2021-04-05,300038,32.657083749968216,32.76525448416711,31.986093297890502,32.62269811238636,7458598,302737216.14589864
2021-04-06,300038,32.34009251930015,32.920852372165314,32.169227702430085,32.65003682742554,4905057,207545601.2241206
2021-04-07,300038,33.61938770338508,34.16251469806176,32.96878179428727,33.804929589382525,1986693,86389720.81486088
2021-04-08,300038,34.712503585161876,34.49257830184462,34.35234599455487,34.412990267933424,8378375,324001291.8942887
2021-04-09,300038,34.35307757981134,34.80711490615022,33.057435907295975,34.071741081099084,5014938,214164624.1024644
2021-04-12,300038,34.13255315183714,34.90110414894624,33.68456809047868,34.43555386234654,8057037,295718534.4617069
2021-04-13,300038,35.412953047724095,36.00485987714373,34.95976841532982,35.304081384728875,8849992,409601626.4337718
2021-04-14,300038,35.56940223492644,36.142013873309715,34.4739330873185,35.39506019370563,8482912,339849846.7873441
2021-04-15,300038,36.56541300554477,36.58005537777267,35.59634474383784,36.32583960015143,8683989,468018444.6158195
2021-04-16,300038,36.056674370050466,37.006973856584416,36.17830622970734,36.345095409238986,8610490,325297770.0642767
2021-04-19,300038,36.785602856288236,37.25441498631075,36.23313490118846,36.42664847444087,7018985,274495295.0979157
2021-04-20,300038,36.38136048646215,36.900569540290356,35.998232080585,36.2102725861114,5576915,278279049.1927539
2021-04-21,300038,36.219282915887,36.7571477250629,35.78082906447779,36.40767112203014,4381063,223062564.1524688
2021-04-22,300038,35.91827017110404,36.638414118456964,35.93363471628634,36.10556191675366,6255724,332239401.7141667
2021-04-23,300038,35.672590658280946,36.19424889270112,35.07576853029248,36.026121344348454,6524176,297608609.66278076
2021-04-26,300038,36.32056484646042,36.77479291122906,35.11456818481735,35.982591048529116,1623706,85519922.43223561
2021-04-27,300038,36.40086870853343,37.12519426651054,35.63342323121173,36.726603449650725,6628510,253419952.6706764
2021-04-28,300038,36.72832154438357,37.222710493233826,36.6554846052517,36.984804235357615,8498011,467198668.63833845
2021-04-29,300038,38.13701720408327,38.02354133118764,37.306245013257474,37.87053580903462,2093304,115125654.21992323
2021-04-30,300038,38.13430219827427,39.227030709658834,38.13877538411177,38.25819944206222,1499932,67607131.12883627
2021-05-03,300038,37.99171152061504,38.679697843024215,37.01304027401432,38.05310723625807,6298074,304214517.25352955
2021-05-04,300038,37.92243485332672,38.26645484910496,36.98731696519542,37.942301366327996,8840454,413711773.2486116
2021-05-05,300038,38.57874603894709,39.88595772730866,38.31702619993135,38.911619483967,4700092,229399321.63309032
2021-05-06,300038,38.621658357260266,39.49670692991744,38.30843944686897,38.79259455918773,4001547,218944307.48732105
2021-05-07,300038,38.3844390836078,38.97178984085568,38.31207412724429,38.48853719433491,2106265,119265355.75081436
2021-05-10,300038,38.44837148568051,38.817304703513905,37.571619315730835,38.48623076351586,2764657,126264633.50492415
2021-05-11,300038,37.766904336348816,38.88031070535127,37.16779126537634,38.0933856848827,8468172,427825282.7259795
2021-05-12,300038,38.52468840598885,39.75750597224362,38.10124071549965,38.771994461939286,3385183,173982959.25716802
2021-05-13,300038,39.56782875913501,40.983665306847534,39.37709090160528,39.85714848520415,4145900,217128568.94386202
2021-05-14,300038,39.967686832677906,40.47529355424526,39.002654161815805,39.9517948534441,6640458,286761343.59028625
2021-05-17,300038,39.77891820623862,40.7235537562849,39.385569860043006,39.900430239245445,1180440,57456268.28490275
2021-05-18,300038,39.35634585637296,40.45425635052372,39.30503072631313,39.359074263859064,6168932,317818790.50079954
2021-05-19,300038,39.59072758294013,40.63146472129731,39.166759483201496,39.848669068026695,4235794,214861614.7648929
2021-05-20,300038,40.331585825134816,40.39002775700539,39.27204327902713,40.324339432247385,7698269,334935866.9592772
2021-05-21,300038,40.18343630211354,41.64713168833581,39.95466171515451,40.46627248804713,3946892,186053693.88464522
2021-05-24,300038,40.73710785860038,40.7571812636715,40.29335180675857,40.44484331504668,5792900,304119475.370439
2021-05-25,300038,39.83309395531958,40.81548299838373,38.995384366757776,40.039411649834015,6418268,366716632.9743299
2021-05-26,300038,39.1568459698183,39.755860014656406,38.229258312644056,39.38846420064711,4546407,264379412.104476
2021-05-27,300038,39.1613815464239,40.239124449263535,39.242460938472156,39.41506329772102,9628627,559128605.0089796
2021-05-28,300038,39.723953899210386,40.78385148409159,39.34563999586232,40.04219661041944,1731012,83361226.46604788
2021-05-31,300038,40.74956236952651,40.829742949556284,39.98519648340997,40.57496203624886,6521439,377929875.3688566
2021-06-01,300038,40.91601361004752,42.036751705986575,40.462552943712055,41.24704341705788,2493912,119432861.86411959
2021-06-02,300038,42.23604856367449,42.67865285620662,41.03823103600836,41.90946983169095,5867176,274761939.46756065
2021-06-03,300038,41.30858494767393,41.78885469646764,39.98974136122476,41.08821559091213,3766148,211126266.42601374
2021-06-04,300038,40.639440884580615,41.22567695686136,39.83835068897962,40.952548657793045,4116736,206454211.21543956
2021-06-07,300038,40.84790784869945,41.23694875900925,41.061048071002666,41.1806055350595,3119760,192642990.00859433
2021-06-08,300038,40.40668601639957,41.64285772207809,39.64576459262002,40.70244067517367,9295128,474556168.17110455
2021-06-09,300038,41.093701072736295,42.03350520444781,40.505369043426185,41.46168117293704,7434010,350144076.8626725
2021-06-10,300038,41.4292250793275,41.95597902537934,41.11959858498358,41.680270335411606,7206152,380264889.7483808
2021-06-11,300038,41.47219837992723,42.495439434920236,41.13334916800812,41.40121547862554,1592570,85142195.27941178
2021-06-14,300038,41.145018221185815,41.272350770532384,40.61578915064383,41.14831188178107,2293674,141461183.21938863
2021-06-15,300038,40.2717218151451,40.739334059601966,40.447047951153465,40.51164024840328,9543076,522682760.13643116
2021-06-16,300038,40.962032105767406,41.77675923550257,40.39397654620643,40.7435269294013,4197100,231675052.51139495
2021-06-17,300038,40.89013786940055,42.04774217296111,39.95785446728702,40.943324205025306,4078868,188343968.78380957
2021-06-18,300038,40.43731433710091,41.42504235587937,40.46234292799851,40.52370659385987,3581385,172767853.30315104
2021-06-21,300038,40.723655410252704,41.136888952606434,39.28399291478668,40.4673239737816,7444171,351451924.4935099
2021-06-22,300038,41.33743198219728,41.86425415523951,40.80048653157363,41.1286952551865,7957431,476054197.8509646
2021-06-23,300038,40.914066634976926,41.677291480127636,40.23120455599521,41.10521220996377,2124018,121557659.21398658
2021-06-24,300038,41.02146857542504,41.6945520716458,40.93643378958481,41.273473900262786,9155133,495557949.68554246
2021-06-25,300038,40.61805129595796,40.99695070391145,39.658610392340066,40.60764035706521,4531402,251284782.68307635
2021-06-28,300038,41.224189719741325,41.535805403674466,40.439241898494345,41.119782061739045,2844654,136245461.58866903
2021-06-29,300038,41.10934808398566,41.484673712548684,40.18806110873659,41.180837646850435,1006507,61435587.693988696
2021-06-30,300038,41.43380826790108,41.685232736213216,40.711637220162416,41.583808265411236,5640673,343994296.35028625
2021-07-01,300038,40.997693220467205,42.43653261720657,41.312787157743294,41.400503970462125,8615434,433751597.16838604
2021-07-02,300038,41.47007233677243,42.87881955359255,40.944500970733216,41.74967277045247,7233107,409798174.19002414
2021-07-05,300038,42.57880082384869,43.38588447373435,42.11428056596614,42.656164668120134,6633680,361944778.9062077
2021-07-06,300038,43.551515043182995,44.29960563455961,43.20797766107933,43.30730472203418,9789462,428216053.0698534
2021-07-07,300038,43.647250994486626,44.27285112366943,43.4459098489181,43.54727236061155,9119265,580690693.3922418
2021-07-08,300038,44.27941289587943,45.16003945870624,43.39176556094815,44.304309326244905,6450508,332230066.77689815
2021-07-09,300038,43.30314388784055,43.56029601168678,43.006804750712426,43.535500395126654,8902568,451414658.12949884
2021-07-12,300038,43.798570801981484,44.19320816940017,42.535648289702564,43.607175175176856,5993520,325922355.1963328
2021-07-13,300038,43.3896533759157,44.323138220153126,43.50462867742851,43.72993193707671,3537151,213901358.1235931
2021-07-14,300038,44.171033497359154,45.01681237523623,42.976095427740724,44.188021594907674,7105571,329724814.5297558
2021-07-15,300038,43.87516718051268,44.53950283819104,42.77312227431875,43.97318940669114,4689338,210479739.1444284
2021-07-16,300038,44.14842458734784,45.46702500483548,43.82550567052132,44.23305720753001,6419461,311074957.70821726
2021-07-19,300038,45.446851804706334,47.01225489596271,45.38671170358522,45.70180270507766,6542807,404180713.70692414
2021-07-20,300038,45.18996419990889,45.72435406566649,44.828130999046316,45.00823651644521,2864239,181384564.99080265
2021-07-21,300038,46.67334747793296,47.21114501808348,46.04512244075968,46.64603051706496,8889358,509072344.14465463
2021-07-22,300038,45.431249250981885,46.994519619579926,44.930817252981484,45.794493829053614,9732716,579288400.2161381
2021-07-23,300038,45.38832234179934,45.78328429558049,44.722391001025166,45.68007739782777,1788461,112972064.00352478
2021-07-26,300038,46.53125915196133,47.58166013944472,45.0054220344328,46.39307615957652,7526473,499410296.526578
2021-07-27,300038,46.06909356635776,47.060345963818925,45.80989059807027,46.05511746843292,2044830,117198721.9681118
2021-07-28,300038,46.71518021822679,47.85840846386569,45.98732284669483,46.92186136737803,1872893,126428810.33491275
2021-07-29,300038,46.088971006518435,46.53377409686848,45.204412024214236,46.06377730543203,3485276,175839656.51068968
2021-07-30,300038,47.3123067695007,48.738206261049044,46.76169474977061,47.369991654694,8888703,473339124.04338753
2021-08-02,300038,48.991781779486644,49.06203012268998,47.841064331917686,48.58554656399809,8195175,567230823.3537843
2021-08-03,300038,48.60268450379072,49.6736999758517,47.0427820002741,48.24914559813854,8474963,548254726.6883364
2021-08-04,300038,48.95785463362721,49.86231860914079,47.541166667230534,48.94238556442716,5474913,369712383.7568634
2021-08-05,300038,49.33735829428806,49.561398134200815,47.936941759642075,49.01949190048451,6268245,382436433.3947552
2021-08-06,300038,46.30424473788549,46.62902663340585,45.61263989906639,46.588220919825716,8662743,541118646.3934023
2021-08-09,300038,46.95690985172066,48.33006242127388,46.862195336170004,47.07525238507565,5199125,294999116.6181445
2021-08-10,300038,47.19149492234561,48.629608236800316,46.40018843172127,47.21527322262798,9783538,685995598.6784539
2021-08-11,300038,48.06386784830486,48.56220426445201,46.90881892066453,47.609727603538204,5104285,257513938.9369719
2021-08-12,300038,47.91629329849432,48.82469364785563,48.00215035397696,48.13440994204881,7756048,459908947.67505693
2021-08-13,300038,48.6027414071456,49.23711505716446,47.78203430434325,48.46587673272068,6960710,373220667.0907334
2021-08-16,300038,47.86516991274401,49.69748120390081,47.60344277041381,48.34137414707087,2140632,112205101.89686443
2021-08-17,300038,47.91258757280435,48.31787160048786,47.06279460389016,47.966030539218764,7928632,546239541.926439
2021-08-18,300038,47.60685320482012,49.32718945152933,47.599457310113124,48.01108094713757,1459254,102413509.78900973
2021-08-19,300038,47.75704731068828,48.63739856903126,47.332565902026005,48.082068622638126,3158133,195708163.11304632
2021-08-20,300038,48.133996719117384,49.0166360835563,47.71887259969697,48.59294137298133,4998506,266811994.71525866
2021-08-23,300038,47.94354409374317,48.657758399706786,47.187643037527096,47.98162911733992,4890412,320470703.22022027
2021-08-24,300038,47.30825325628346,48.221264572124056,46.25026681777829,47.63857157303948,6717846,463381725.1367268
2021-08-25,300038,47.13503961374923,47.84577447845401,47.2549971342437,47.49667756028578,7691406,428617922.91341954
2021-08-26,300038,47.552072334775644,47.937510985833,47.63428719271104,47.869337819716655,6860677,344280669.78712755
2021-08-27,300038,48.2036658028743,48.95395003795701,47.38488631914677,47.83001090999825,6904123,346409874.8425015
2021-08-30,300038,48.70412681924254,49.74097511169416,48.70903259669741,49.112513876987244,9281118,607880608.298094
2021-08-31,300038,47.958864878540595,48.55655835975807,47.68620005195546,48.091761610176675,2579074,183416585.31934464
2021-09-01,300038,47.84894879773501,48.242269407575705,46.27293929581184,47.47149174534017,1656556,83577329.9456704
2021-09-02,300038,47.04740699693533,47.786658875987406,46.39701133408967,47.062272544369364,3612825,174879730.16061333
2021-09-03,300038,46.413084493929865,47.23890266457533,45.17529971375051,46.56350235221303,2521304,154249443.83898336
2021-09-06,300038,45.643256093766944,46.49624773348268,44.90658340257307,45.936214377152815,3096479,205347658.18769193
2021-09-07,300038,45.89033860615558,47.02936993248855,44.86073061095382,45.73911109149037,1781966,97216386.91073081
2021-09-08,300038,45.93098807108783,46.48633269427212,45.39801414206483,45.985937313645735,1134767,61008147.88037505
2021-09-09,300038,46.643072623590385,47.03388673635601,46.132054920663855,46.78455345633888,5895266,296458743.8540749
2021-09-10,300038,46.606750822742804,46.62550763819621,45.63294203371827,46.400695606624886,5208012,273051545.7878036
2021-09-13,300038,46.045161861428745,46.95137429276489,45.06760811098404,46.31516612578213,3381368,196968639.82359588
2021-09-14,300038,45.94805736021718,47.29895852309281,45.76080266525563,45.97011573450023,6964611,394235207.6995272
2021-09-15,300038,46.515229191015614,46.61278615413618,45.065955148041354,46.121345573940054,8421888,487056294.89722455
2021-09-16,300038,45.40434946556421,46.993259614703234,44.36921788182607,45.67106446759021,7642639,502070176.90671366
2021-09-17,300038,46.19248233937948,47.15133965963156,45.62321519852862,46.40266373103065,2639981,176008929.35326132
2021-09-20,300038,47.1702509153454,48.03511394029209,47.18237870854539,47.36802660663883,2381055,116780023.55202827
2021-09-21,300038,46.607954975811545,48.10696539202463,45.654488636621586,46.90992835025173,1162353,64198503.3759685
2021-09-22,300038,47.19209670162264,47.93968234853302,46.66054590461109,46.97550643624564,5380270,377313499.2443117
2021-09-23,300038,47.05033213636632,48.254177249183726,45.84775368415421,47.07744602631168,3785944,222609253.72454813
2021-09-24,300038,47.77600216095108,47.711921198778796,47.56334789453551,47.60198933874529,3544146,231742226.8232373
2021-09-27,300038,48.078117681795185,49.301563151178705,47.978690261900226,48.033287750277,4285364,296955058.6507677
2021-09-28,300038,46.889918471271166,47.60672309279686,46.38762094191107,47.26018540703509,7551752,359460202.9544431
2021-09-29,300038,47.86393528788423,49.32269287996055,47.41408018455596,47.9569005421407,3896373,214860575.23701948
2021-09-30,300038,49.447721271967886,50.368894791538004,48.555031745352906,49.26409560925972,5123067,297370428.16645235
2021-10-01,300038,49.09112177582858,49.22029685483728,48.63907919973619,49.19953229688329,4205895,209752039.44528863
2021-10-04,300038,47.68157174886001,48.633411715437084,47.07625432131144,48.05772403434038,8476620,569043713.4784791
2021-10-05,300038,48.13143582546718,48.539856314372905,47.7311286980953,48.03923801468613,2273643,140759834.12704188
2021-10-06,300038,47.568388351961055,48.36295735620075,47.177720191708474,47.33438912966614,7208789,496957318.5516172
2021-10-07,300038,47.05323401026592,47.250407350112006,46.34712890690434,46.79313513729898,6368256,398997388.3621752
2021-10-08,300038,45.24792148467125,46.6872036380767,44.34256183687028,45.53449791261742,2626922,167500035.62796512
2021-10-11,300038,45.566647503094345,46.930530614515554,45.73381414009441,45.82733112049531,5344884,310837725.01947695
2021-10-12,300038,46.395782329846966,46.63367564661636,45.83976023071248,46.35142225524923,7087242,409753589.7815531
2021-10-13,300038,46.379580569585876,47.085907972014546,45.6512213850806,46.543151191550315,7048116,352295191.53195983
2021-10-14,300038,47.21828459093147,48.84617083642891,46.235174806725716,47.54654561661292,4096087,232505005.41069475
2021-10-15,300038,46.02694154025045,45.84012970899052,44.615090788094754,45.83843406822919,4215389,276460313.0907374
2021-10-18,300038,46.33145108234902,47.34843051909973,45.27039417096119,46.08017575257897,7735964,372831077.87412894
2021-10-19,300038,46.95842362676023,46.8688159124132,45.681460999816444,46.70951433450277,4078178,233417187.20691422
2021-10-20,300038,46.23017981027085,46.89388426291936,44.77020214530447,45.900662568880946,1101206,59258214.63196838
2021-10-21,300038,46.787285703615204,47.57118392992146,46.31486564500986,46.863846997255095,2827219,156115940.2361828
2021-10-22,300038,47.38448580717982,47.707688362441765,46.10994315864146,47.16686295453236,9070157,600064949.2261535
2021-10-25,300038,46.32643858488207,47.098368205165855,45.55481685140423,46.76892981654998,7737352,362396939.97355986
2021-10-26,300038,46.83900827255344,48.38961121746069,46.921814243409045,47.01867567903887,9567660,460195089.6221613
2021-10-27,300038,47.23612007035225,47.364996396175265,46.28033495980057,47.21391893834368,9604212,547186816.4213309
2021-10-28,300038,46.526566396598135,46.88193651344331,45.88729252974177,46.299333927455436,1446714,100401830.0254266
2021-10-29,300038,44.67602687861303,45.60532092648156,44.43401823044072,44.71960893122813,1118879,71877771.70260368
2021-11-01,300038,44.161017975986184,44.50433905137357,44.156488044283535,44.344532619266936,6870432,343382273.46298105
2021-11-02,300038,45.048824002001055,44.99220923504258,44.006080045130616,44.73102982958987,4435873,255098000.68388975
2021-11-03,300038,45.10413468209071,45.12383573245274,43.89149862863878,44.99069532109626,7628157,495213218.6561084
2021-11-04,300038,44.687641135369084,45.33055202073678,44.351940467446774,44.89311285728362,8005864,415662257.19265187
2021-11-05,300038,44.94297091417671,46.408196174621395,44.757898495962294,45.295230164905895,1070437,51691321.792419985
2021-11-08,300038,44.8528485896702,46.289303563149886,45.04798261229809,45.28692296930675,4355496,281607780.0199555
2021-11-09,300038,46.66178810251479,47.533914180411344,45.56512434466955,46.368092084430145,1427758,71114393.76051936
2021-11-10,300038,47.87016243431166,48.90183245629729,47.04650048227495,47.589892801490706,1597603,88535390.95939577
2021-11-11,300038,48.55386239042539,49.866920404517884,47.723953947757906,48.837490795309385,3645769,221985860.08255094
2021-11-12,300038,49.42477927249189,50.48579731298729,48.22822245722958,49.383135756330525,6457167,328595585.94785935
2021-11-15,300038,48.30926511218853,49.267787300154225,47.459967140051035,48.32137276083376,1548277,86300747.42278071
2021-11-16,300038,47.19607489942924,47.76883634615124,47.20906143908683,47.21580401874728,3567968,204034535.76909068
2021-11-17,300038,48.50923837509149,50.24688957131584,47.770709092502884,48.95677485787715,3720598,266672521.12859574
2021-11-18,300038,48.54038700745648,49.01121128914893,48.09308372750025,48.94958929943863,6531052,366599633.3453033
2021-11-19,300038,48.760952012220265,49.18227270614097,48.100485542199785,49.08275061457242,3431696,170623184.85611245
2021-11-22,300038,49.25064739731296,49.49353163969266,48.14390199824798,49.37426313519645,8002440,470228836.3044344
2021-11-23,300038,49.77948578288869,51.17082531467964,49.50601485536185,49.69592082064852,4770679,295377786.2795539
2021-11-24,300038,49.68909120637598,51.33773759751874,49.5901251395339,49.861275946702726,7232914,477804288.3871591
2021-11-25,300038,50.6176216462229,51.151656017542166,48.93562484588478,50.268593785387615,5730519,412107204.79482985
2021-11-26,300038,49.553381116859505,50.54863884181746,49.44264719136032,49.98332805598004,8980774,476348813.60898226
2021-11-29,300038,48.82153743825845,49.35729665371682,48.060365530219535,48.948770211061664,4702687,243983956.75345466
2021-11-30,300038,49.052227871955566,50.82126109171522,48.20581464523975,49.36050312114198,4581353,333344125.37842107
2021-12-01,300038,51.17470066586881,51.326054895684024,49.79045732374598,50.81046293949805,7833813,567026247.8850529
2021-12-02,300038,50.917226256181145,52.31080991285839,50.3775387248921,51.307509820791026,5678571,399539798.0735116
2021-12-03,300038,50.39125694181255,50.91576790397781,49.31272620223424,50.72523051322588,9850553,716547804.8754965
2021-12-06,300038,49.350887367973314,49.92312021455083,48.177544380163226,49.53251302974215,1595894,110947712.61348489
2021-12-07,300038,50.80067548270187,51.09509775627217,49.182000392782854,50.42419536584991,9785086,678688566.6734426
2021-12-08,300038,50.14759763122506,50.555722395682665,50.07281013599877,50.47740728322312,3612943,187036994.73462307
2021-12-09,300038,49.60626871151161,50.41019465784915,49.319041217750154,49.78252023402429,9547219,564934105.9630288
2021-12-10,300038,49.27085659459428,50.63614931806681,48.596738682948626,49.20951144201146,1339966,83647885.18013082
2021-12-13,300038,49.37230422882632,49.40130324497649,48.49546130387579,48.92209248084281,2837212,197966569.20868114
2021-12-14,300038,49.195879044435145,48.94535033112957,47.78558999700759,48.8895518735602,9858937,619290904.4714979
2021-12-15,300038,49.56003040195376,50.74228098688981,48.248412179693055,49.271029668352874,1297145,64118490.207127854
2021-12-16,300038,50.067971559261885,50.35266619925413,49.55067738027297,50.04883522358782,8564133,544110989.2050798
2021-12-17,300038,51.236649546693876,52.049158996130984,50.591349002218124,50.91824100202864,6095637,386372452.8823158
2021-12-20,300038,51.10277668875723,51.82280780383802,50.28683456165703,51.02773470302069,8297004,516906864.91050684
2021-12-21,300038,50.63592030123987,50.58696682738971,49.92217003184473,50.47860328766809,8592758,580611555.0562172
2021-12-22,300038,51.972824938877764,52.5299171690251,50.36107655704134,51.883817915275884,4472979,301566155.5858491
2021-12-23,300038,52.75001027200322,54.06592795631818,52.486196565849596,53.029723138859794,9124548,546721757.0139581
2021-12-24,300038,53.71237581737117,54.902086762891436,52.821320282006795,53.64725981098201,4501273,257407079.6304172
2021-12-27,300038,54.60671221228443,55.198358385354794,53.61927429180289,54.0696143121166,2045160,125305912.29355717
2021-12-28,300038,54.462373366763416,55.91287436376258,54.035196993565094,54.53196079459018,9504812,768718605.6227851
2021-12-29,300038,55.15808537521745,55.09034861494165,54.74111609425932,54.75373171064457,4421795,249230124.7758995
2021-12-30,300038,55.0295065598121,56.12669318015861,53.61085660550249,55.166331507386914,3259072,209233970.4093823
2021-12-31,300038,54.85157357131412,56.11667527895994,54.63684001450914,55.27867861433005,5427579,346359053.46247244
2022-01-03,300038,53.72410004822956,54.45144514063842,52.86680159193512,54.07637959651818,7454759,504200010.64877063
2022-01-04,300038,54.383055486237794,54.91998218966039,53.08302078666778,53.868505810535716,9459476,640181280.7641119
2022-01-05,300038,53.11909138739344,53.778140207351946,52.78248718148674,52.86030499314493,7098990,462991934.95926815
2022-01-06,300038,53.410161279731014,53.83689202600768,52.24922994876606,53.277421738264614,9804573,566594804.9748538
2022-01-07,300038,52.65723916067768,53.242139404827434,52.61146504875261,52.95391927927071,7119290,506531289.4011383
2022-01-10,300038,53.47121194720303,54.74267760187119,52.31464192164393,53.88757042315356,4319094,348571260.26432914
2022-01-11,300038,51.77957598497224,53.52917795009267,50.63608519739818,52.04701500319129,2180975,159609803.83043787
2022-01-12,300038,52.8569076061874,53.72808500080951,51.27842290113257,52.69778267251115,7415277,460591074.69320744
2022-01-13,300038,51.05526537752132,52.58220667743128,50.54984824842417,51.471548303339375,4659167,329448720.0435696
2022-01-14,300038,51.93692268752738,52.09654782632376,51.84893280067302,51.997704823281126,3740191,214579203.25015846
2022-01-17,300038,51.89413732053914,52.01164068865565,51.04462319083336,51.80045258272815,1417617,78931283.80174269
2022-01-18,300038,49.81492993653494,50.78833424233223,48.75032765674218,50.122263694461715,8994437,550105259.7210693
2022-01-19,300038,50.24356404086012,51.39143217231418,49.744100472072056,50.65836412665666,3352119,244343780.0543999
2022-01-20,300038,51.08889866474006,51.866172967805724,51.16248336029569,51.58647552658709,8780571,478035761.78908813
2022-01-21,300038,51.35251120978365,51.9660963748507,50.6019274182116,51.42946603265324,4778346,277706056.72380954
2022-01-24,300038,52.105561616846195,53.61788393906039,50.68679867121123,52.19521369214246,6067923,414204929.52009434
2022-01-25,300038,50.60823210512133,52.20955920914109,51.0031126030902,51.0299040417649,7778118,431417351.2304871
2022-01-26,300038,50.45996965979545,50.87077046904784,49.72896825611971,50.83282212747847,4274197,274779369.3437576
2022-01-27,300038,51.98280009744233,51.996165619380264,51.333939894102386,51.900898514913656,9569468,539113473.0560442
2022-01-28,300038,52.34177174263664,53.54110896309947,50.82557644220167,52.2193355977493,3162855,191725814.21844482
2022-01-31,300038,51.91215209343428,52.51977847592146,51.23000748936833,51.63775627753979,4078938,307593813.02700365
2022-02-01,300038,52.88077071881033,54.357846938588835,52.712587876314565,52.8516544298846,7317166,405613170.0266015
2022-02-02,300038,52.72532112771387,53.30733168338505,52.66434073796911,52.85678328548647,3756216,199504947.69985482
2022-02-03,300038,53.57970202884803,54.08323920093673,52.21430773373105,53.371104076048866,8317506,527061612.3324326
2022-02-04,300038,52.010983629006354,51.78846942982609,51.680375206726374,51.68459647387064,9940466,680827412.8505983
2022-02-07,300038,51.54534663983667,52.513885394248085,49.82193661201446,51.0747461701157,6516513,479473878.58438236
2022-02-08,300038,50.92775202441864,51.66100968704126,50.55262058505867,50.79379193063504,9941949,653112854.27928
2022-02-09,300038,51.88280484410001,52.326385551856816,51.54074617609972,52.0367818376873,4739154,317421157.8415939
2022-02-10,300038,52.87724733206599,54.06152842508502,51.463504856427456,52.64612184356808,7436806,568650708.4700254
2022-02-11,300038,52.40600505952554,54.363099657590105,51.29642759612401,52.807689660361945,4008896,281901592.85634047
2022-02-14,300038,52.662423613647846,53.35769719287597,52.041603012572395,53.04166201291782,9722731,643269688.5967772
2022-02-15,300038,53.55825017447417,53.9773057653318,53.221729197461755,53.65532676824209,5710045,452347931.1537599
2022-02-16,300038,53.26504259221334,53.57495512791877,51.86085122529583,53.173657887050226,5029506,400107180.54658455
2022-02-17,300038,52.436241143618986,52.985541306099826,51.156710705118364,52.24225659327056,9046773,623110584.3970916
2022-02-18,300038,52.2448969657154,52.77403872851263,52.156107419789166,52.41998024616748,3214170,241006957.78526068
2022-02-21,300038,51.68040787320686,52.578866839273246,51.21692516000375,51.8175620199773,4628382,276730080.6362116
2022-02-22,300038,51.24059830816394,53.13950576263064,51.02188303107517,51.632365772040835,6964734,529253403.9645163
2022-02-23,300038,51.48733813223722,52.58627543232723,50.88318715479756,51.392229467934285,7961553,432571750.02295107
2022-02-24,300038,50.71580193792825,51.331776089482226,49.43807221588019,50.763395999795684,1733212,97599759.91124988
2022-02-25,300038,51.563251397429205,51.67473659309493,50.65952593248102,51.338774684677304,3682477,235654897.58410913
2022-02-28,300038,52.52573688933188,53.12839142934125,51.342239439416154,52.31828050646497,2570767,142374169.25272447
2022-03-01,300038,52.823525762775816,52.98895847197882,51.79781664848379,52.79721194762723,6154517,385809153.23666966
2022-03-02,300038,55.77752310208767,56.899906674311566,54.68151935915501,55.37080202634084,4819871,349592409.7549314
2022-03-03,300038,55.36279643120729,56.92720391411471,55.62146778452609,55.90553655180446,8308829,644776906.1061985
2022-03-04,300038,54.36881391401115,55.830769466463565,52.90954195988795,54.445415783864284,2612486,193390121.3323089
2022-03-07,300038,55.73267403210834,55.45609186125856,54.9010227910496,55.19101167042314,9673546,702152511.8874493
2022-03-08,300038,56.15738585842884,56.826280464127606,55.25240095026306,56.12742801339842,3674659,301700940.8162408
2022-03-09,300038,54.99276394978698,55.781950497924186,54.9441535380288,55.370809598385264,9408757,721734557.2473375
2022-03-10,300038,54.67515634892447,55.8710494655857,54.55952864192018,54.826661398405534,2291028,159029800.89799497
2022-03-11,300038,54.92510556568309,55.574105350340716,53.84118092583352,55.46683702523558,6239502,348436048.06891596
2022-03-14,300038,56.117827690331616,55.71540703022984,55.21403757929343,55.65954528542686,7019554,552127440.6187502
2022-03-15,300038,55.107839243725444,55.939365190415835,54.76822411856436,54.78384368731992,4235467,296578789.6587066
2022-03-16,300038,55.37726743787744,55.84505264801309,54.49372047465943,55.12886293591957,1232101,91393620.38276155
2022-03-17,300038,54.9739918788306,54.97333739758134,54.63366356456135,54.830409624504796,6704760,462671420.9339493
2022-03-18,300038,56.63438178771386,57.27138637356855,56.16513390070609,56.330520660952224,2071365,150671216.33627966
2022-03-21,300038,57.335634699368455,57.019629391793046,55.49337560883543,56.820739169867814,1956774,161275003.6618814
2022-03-22,300038,55.95295848691152,57.445977930340405,55.827281039667994,56.250905937061084,9307331,691178630.3497819
2022-03-23,300038,57.03380693156449,58.361944681897974,56.45359588989033,56.82641171493593,2471245,197286966.17194182
2022-03-24,300038,56.66951131107011,57.43602768092948,55.88163631211989,56.45838327925071,6906414,512280976.0232356
2022-03-25,300038,55.058877484494886,56.30764835133327,54.32031919373732,55.608346281661795,4881654,324269243.91087586
2022-03-28,300038,54.52961611692916,56.182692855074556,53.30552884083113,54.882756832174955,3154339,246916413.60850394
2022-03-29,300038,55.254015265049965,55.616282602644695,55.036515918581024,55.57023929556281,4609639,258411992.60507885
2022-03-30,300038,56.086181767471444,56.13572471795,55.03997918791348,55.85195029319559,4574668,295853107.7750479
2022-03-31,300038,54.396858364538616,55.49422319296705,54.42641481322584,54.641388324539115,1783528,123823582.3760045
2022-04-01,300038,53.15453190585329,54.217254476724406,52.14095018834196,53.68543176162692,2240134,166043412.37909222
2022-04-04,300038,53.24511258775473,54.21101983506083,52.39810955620921,53.509524974561415,5235855,317259137.4855749
2022-04-05,300038,53.776788534615854,55.099686523625856,52.760123479338496,53.72667896932898,8586370,544684817.7590735
2022-04-06,300038,54.51935209872635,55.227468562544196,52.87419556962132,54.37150902269774,3943935,240997591.19743562
2022-04-07,300038,55.578241219887374,56.240710272012734,55.150915471917976,55.367591804781256,1923008,128676238.55378294
2022-04-08,300038,54.99185410289836,55.525014926356995,54.85106905805202,55.46613514159557,7136545,567674624.1582731
2022-04-11,300038,56.345387626451085,57.490789000871146,55.22994227384784,56.2210710113754,8349252,535018595.26432115
2022-04-12,300038,56.35602388702303,57.470866181745656,55.997911175619244,56.446960155660335,5525597,458101735.4646995
2022-04-13,300038,57.08469329406986,57.05808281770009,56.94416745403709,56.95289164151187,1317559,76820472.70339066
2022-04-14,300038,56.6304268670969,56.93847507426142,55.672751419146635,56.65643014685642,6394281,485455591.5421053
2022-04-15,300038,55.06248100481021,56.91404179444489,55.36974905534868,55.38412456475164,5475513,303476970.1307223
2022-04-18,300038,56.341058340293465,57.46940454394571,55.05264164535387,55.97804848187972,9495114,589497306.4848516
2022-04-19,300038,55.36411265866249,55.208115331235355,53.462184232282034,54.99524985002704,7283355,578522370.283093
2022-04-20,300038,55.956533001088005,57.42194386439571,55.008045943012235,55.804352918672976,3462779,253229410.8459335
2022-04-21,300038,57.26002428175113,58.131347053185316,56.969687151293954,57.099891083262996,2329745,141255975.3580354
2022-04-22,300038,56.526761822539,56.7750554786106,54.93904919682194,56.325614414173295,3331802,197100927.79692283
2022-04-25,300038,55.76207222781588,57.70678474916408,55.325805554939244,56.23166425442477,5798188,470906433.39409167
2022-04-26,300038,56.400734364466544,56.202907187023435,55.73228878326132,55.93456964358841,8612060,595448095.7296667
2022-04-27,300038,56.736297926891964,58.14950362755088,56.84172931330301,57.261156048302645,3429987,264567271.74956405
2022-04-28,300038,56.09425628632812,57.120125740633476,55.01223983910245,56.43921147826806,7469658,566924445.297571
2022-04-29,300038,56.78501714512628,58.75202428604314,55.73390699734761,57.299716278459556,5750219,452320775.98408127
2022-05-02,300038,58.211816066010265,58.77797632103843,56.62596566441117,58.14468544664113,7105818,561643800.3460513
2022-05-03,300038,57.28696655842682,58.51995740769043,56.83571773933671,56.926519644037874,6378339,405965206.6394224
2022-05-04,300038,57.02009691301324,56.74142819726616,56.19630516049687,56.48913359355471,1974057,139410449.1170493
2022-05-05,300038,54.98344995392714,55.70024059714358,54.86689105779579,55.436171842966466,8886377,584634430.1397706
2022-05-06,300038,55.389579976828415,55.431824801477795,54.390391391681916,55.43175578407983,5631569,369998586.2938937
2022-05-09,300038,54.69280193410825,55.75252590185348,53.13426655049777,54.741131268874625,6273032,387651859.9885344
2022-05-10,300038,53.313272756750834,53.64671217244334,53.4874070620781,53.49848304114359,4638491,251198880.25158527
2022-05-11,300038,54.41549666078148,55.780017400883764,53.59376303321519,54.21193875716174,5544565,415034049.45363975
2022-05-12,300038,52.960416949271846,53.95195656435318,52.63500690962069,53.36903813488939,5726574,344607635.0563866
2022-05-13,300038,54.240252830499934,54.55337204059445,53.3057598816824,54.376173350265766,3920162,262962244.32882786
2022-05-16,300038,53.27374726264019,53.51450205127778,51.980776237165905,52.88657046221649,4716859,310962272.94870424
2022-05-17,300038,53.16536214766078,54.79450500442672,53.31198152087517,53.493831338886835,3188845,246031305.969604
2022-05-18,300038,53.022149210822846,54.62556797356198,51.95034462924723,53.26036443288188,3018247,183305360.46779326
2022-05-19,300038,53.74094578832151,55.482865274077824,52.436858694644386,53.884714925804005,2272923,171649023.3988506
2022-05-20,300038,53.5347245198952,54.562318574538395,53.56464101370829,53.629014463522076,4563304,358643303.27696127
2022-05-23,300038,54.325069430923435,55.460169180095946,54.78087399922271,54.83340481712582,5342706,385669673.6513911
2022-05-24,300038,54.093175981608105,54.46970437242925,54.01426081428686,54.28706210084279,9440564,699681468.6763155
2022-05-25,300038,55.1852461160048,56.29278827264477,53.775910546920464,54.765565165897094,2232458,150631245.29121673
2022-05-26,300038,53.26038252580665,54.028064947102415,53.28580921304156,53.50653331333643,1751967,118603846.55224486
2022-05-27,300038,54.86318916565709,55.94035248976519,55.02216642338194,55.12453691686575,6800984,453198087.662599
2022-05-30,300038,54.59472813624776,55.6038610525821,53.92819243443101,54.64721713847928,3710243,238989901.59151062
2022-05-31,300038,53.64353525927481,54.96069674959123,52.90207566618937,53.39410433648547,8742000,686286996.4706161
2022-06-01,300038,54.15771800146239,54.193849875683185,52.865588917767774,54.08137592155261,1681887,131745084.80227748
2022-06-02,300038,55.51512400168316,55.86651595705684,54.86837429171682,55.63465205161558,3819437,300136610.42783916
2022-06-03,300038,55.168831494355786,55.09102128387187,53.530482655001265,54.82463862752108,8396541,625222101.0262761
2022-06-06,300038,53.93981611829316,55.15858125963014,53.78413226428421,53.97042870459495,7517950,430726628.499721
2022-06-07,300038,55.74283426246865,55.68758201339788,54.7143676825789,55.2673097862942,3947390,323494512.1589416
2022-06-08,300038,56.263293795985405,56.63276609959254,55.85128108348632,55.93826853507236,2154036,163316304.9249116
2022-06-09,300038,56.51753605552551,57.08976899699085,55.778645096724304,56.45904430523675,4935925,388910081.7092851
2022-06-10,300038,57.37464361018189,58.91003417022607,56.043823685868794,57.68882617523555,6676367,557910882.6972519
2022-06-13,300038,59.39349900216148,58.93945587755812,57.804212408047675,58.806871429236324,7326326,607099166.6216582
2022-06-14,300038,59.63069836631085,61.1961583810424,58.82198919358023,59.56085024915942,7701210,550966919.9569927
2022-06-15,300038,60.24045439185525,60.83962810890099,60.128623966006074,60.54804383322551,7380771,470161567.7358571
2022-06-16,300038,62.473613163851915,63.713565172693826,61.87625906561208,62.744544452564355,9893328,779370036.6782339
2022-06-17,300038,64.65990239205983,65.89700609108573,63.91039671975428,64.551526494184,5267167,444145996.001796
2022-06-20,300038,64.61355455590713,66.70322925674704,63.94422808518154,64.94938214074388,2621438,174920626.81617624
2022-06-21,300038,64.43048445322354,64.65847709403984,63.258004948299586,63.91006476642679,2781026,231527055.97770637
2022-06-22,300038,65.36762025734592,66.02026913766403,64.35428777890999,65.00514049246476,7484652,616595758.2564292
2022-06-23,300038,64.41448083789487,65.71408030039782,62.509948723050364,64.14214047271344,7614550,722675818.1846986
2022-06-24,300038,64.35354433460053,64.94621001005983,63.350892929585505,63.94327777525627,9619241,714334714.9038001
2022-06-27,300038,65.87111720455934,67.6380756350466,64.21114068520544,65.90498988088606,3035857,285629395.18380684
2022-06-28,300038,68.27579844912944,68.16387839508887,67.5907401129979,67.89478628374202,3292691,314486630.60255724
2022-06-29,300038,66.91050387361481,68.67225398873262,66.4054305082023,67.29880160033844,9624509,718125506.8277024
2022-06-30,300038,68.01008946681138,68.36777380813443,66.50980175569333,67.74449577463821,2582111,236548901.78411934
2022-07-01,300038,67.81259193471071,67.81961308706326,66.37840218531676,67.59968327558316,5120415,505785498.3652411
2022-07-04,300038,67.33496868303884,68.91014481457037,66.34697726601557,67.20214851354692,7041807,615488464.5015888
2022-07-05,300038,68.62858334230494,68.53521125079936,67.75175510515095,68.39523228159321,3544876,306527283.2774162
2022-07-06,300038,71.44406778690795,73.67275341091865,70.21571993797888,71.74790538651027,9607309,1014629836.0393542
2022-07-07,300038,71.79950203113117,72.07699207343423,70.19202762009915,71.40428357227341,1070265,83358854.47426178
2022-07-08,300038,73.28783998490594,74.04521885667909,72.5723205767781,73.21409451236127,5716111,435236406.47912735
2022-07-11,300038,72.51292996666179,73.29742392952242,71.43146857417798,72.4833018990197,2913691,268479256.78365564
2022-07-12,300038,73.54039202923076,74.94309012078148,72.03226078827295,73.31341627994554,4264799,334876211.3672616
2022-07-13,300038,71.92610572230483,72.58473778432179,71.91458497569919,72.31868723698517,4961122,414086217.2559456
2022-07-14,300038,71.44128221844376,71.53739186149393,70.67122996323447,70.81385856474355,5794703,495057362.3958611
2022-07-15,300038,69.81407859534438,70.06061723293652,69.59376787507394,69.68871331002373,7501015,651674827.89387
2022-07-18,300038,69.1454695911753,70.24306855999461,68.98821007213719,69.70828283713118,9855732,992354707.2326168
2022-07-19,300038,68.9858102248279,69.9962724952495,66.92551061109125,68.61105606522874,4453819,305979002.71981245
2022-07-20,300038,68.80720897280402,68.90493015722095,67.41122119184496,68.319685019069,3276264,240404525.04261515
2022-07-21,300038,67.84088958352677,70.16639930817145,67.401226581951,68.33086217238078,4742914,398323146.63339084
2022-07-22,300038,66.05373336340446,67.38495400319185,66.53166965250749,66.53787676530396,8366931,609519949.4817007
2022-07-25,300038,66.7469412498475,68.6615273518302,65.83688799635549,67.13933612813908,8664892,736532241.6090475
2022-07-26,300038,66.84334818783482,68.14190610999367,65.34791966404332,66.49730172451575,8557311,577282862.7427233
2022-07-27,300038,68.43116921787814,69.47889204422032,66.06746563944094,67.95989991525332,2749019,197798230.38761583
2022-07-28,300038,67.99262908165515,69.94894738199018,67.08166669785889,68.34076487965294,8994771,747621436.9655628
2022-07-29,300038,68.4421497688049,69.09387437957255,66.5547869344813,67.83607600478362,1086907,102368150.44466081
2022-08-01,300038,67.19694039793056,67.96250415786565,65.5900947297172,66.93247246580671,5695711,423734102.2868406
2022-08-02,300038,68.93933985038787,70.5662333219066,68.91802986256668,69.32720676183467,4987765,458416073.4797208
2022-08-03,300038,70.54270254781623,72.64978840470533,69.35320785318241,70.93363114936088,4959406,464368291.5841811
2022-08-04,300038,70.21841531702614,71.81501870058483,70.34507052849403,70.79364106105345,4226733,432874402.87154204
2022-08-05,300038,71.7857146575579,73.02990297385992,70.9523704461309,72.3655939384546,8835740,686212901.699241
2022-08-08,300038,72.19853049232138,72.33623957486083,69.97463130340226,71.88519143654187,7662189,608591675.6813381
2022-08-09,300038,72.71719354397311,72.86259832307354,70.94985633721676,71.99842206451214,5709993,521263994.1030171
2022-08-10,300038,73.20689207838478,74.66198700117764,71.7270722117326,72.92809916397515,5864445,533652162.25255996
2022-08-11,300038,72.76921583245375,75.12321901894789,72.89898328224993,73.30389896844174,3908469,396708887.52887696
2022-08-12,300038,72.62773913728265,74.09909847464402,70.9695610553689,73.01438349925988,4915648,408943783.412909
2022-08-15,300038,69.63069775214181,71.64088611792792,69.26915454999305,70.14345777370303,2539271,186660971.15849927
2022-08-16,300038,69.78383000276774,71.267206204969,69.54054836752535,70.479156474225,3701835,307384702.0169216
2022-08-17,300038,70.47700425487722,71.66796384971074,70.42912766218265,71.0220705387024,9130787,792698148.6378863
2022-08-18,300038,70.27216833880712,71.69063814678628,69.72924663598087,70.67606449341716,5820561,525605787.27435416
2022-08-19,300038,71.60052757095546,72.42100306959978,70.41937171262454,71.06977276071115,5197380,417858041.9184155
2022-08-22,300038,71.14548906602288,72.13503580349335,69.7570202139177,70.95026707487082,1440986,120980114.66181651
2022-08-23,300038,67.94267308631073,70.03654914176546,66.3931565807695,68.38513524278466,2131169,177905382.18607965
2022-08-24,300038,66.46694080737203,68.13165134951666,65.25966856954052,67.01165913278459,2160611,149149169.29021245
2022-08-25,300038,68.79983129245693,69.76785774251984,67.22641310994584,68.41897203862615,6324927,485949496.6339832
2022-08-26,300038,69.778557533967,70.23185623952176,69.2254984870133,69.87375336190368,2673711,249484547.12259036
2022-08-29,300038,71.97455645267625,73.4032558208857,70.7012957156488,71.70338265998853,1512867,129960199.86921822
2022-08-30,300038,73.24878543607299,73.56291290782093,70.76311972873427,72.74553316060852,4888505,432689965.83806366
2022-08-31,300038,72.34651670759591,73.22937666098403,72.20971916785406,73.01087644486736,5932447,473930848.11424077
2022-09-01,300038,74.6471611196363,76.28283829445431,74.01928545911099,74.81200501263422,2676815,291235765.547305
2022-09-02,300038,74.3557832825709,75.68995257549955,73.2369609576418,74.18006951231062,9281104,884334746.4746883
2022-09-05,300038,75.07067118426897,76.10777068636307,73.16502019375716,74.49864020026881,4578305,409154307.1953322
2022-09-06,300038,73.96330301969367,76.23269698085896,72.63409126339397,74.20151864243145,1291857,122996543.9571251
2022-09-07,300038,72.54461730371953,73.69637053645997,70.70189927531533,72.6103770083684,9265104,790558409.9478582
2022-09-08,300038,71.17595156211065,73.68594219334025,71.21350891772654,71.69504314765032,1439100,136148917.98936468
2022-09-09,300038,71.87880524439326,73.4992280571736,71.765454064479,72.00311527891449,1279640,99871563.77493851
2022-09-12,300038,72.39981523749906,73.24510063545338,72.89873215755841,73.12794781627073,4146757,394505662.15906006
2022-09-13,300038,72.1103116267949,72.4020148478146,70.35865939494401,71.82386401209214,1301665,101463352.7037752
2022-09-14,300038,74.23697459592027,74.49903860281859,73.6647245466107,73.91764292520051,1009314,87004741.51039009
2022-09-15,300038,73.44489075827566,74.41748328938958,73.87139243515827,74.14144593440597,9645462,745135609.2829767
2022-09-16,300038,73.71945608481876,74.66129727119673,71.51476754509048,73.29066853685572,4949664,463212971.44268703
2022-09-19,300038,74.73898775712442,76.67784882399032,72.7890946013477,74.60055474937845,8949129,687569207.993554
2022-09-20,300038,74.53551010529297,75.00877206092127,73.74712366599191,74.31581773506896,2731647,228946178.02423865
2022-09-21,300038,75.59758607442244,77.2318765025932,73.95416834176322,75.76608611110838,1369664,150975796.48891246
2022-09-22,300038,76.69737104306051,78.81953607537399,76.90485250439819,76.94435448339118,4018298,347641773.89277524
2022-09-23,300038,79.21001501778164,78.88464398437617,77.66836304574215,78.5652299139154,1931004,174992316.04837993
2022-09-26,300038,80.842712671426,80.47689288423675,79.89759213958615,80.22421060094686,6674856,607836075.9320183
2022-09-27,300038,82.64853302737882,84.75178348775512,81.80883120634314,82.51247283119298,9914917,1182157622.1502564
2022-09-28,300038,84.21057113743761,86.54927204230306,82.70257365744159,84.53295394257394,4319265,379106891.1835798
2022-09-29,300038,84.26013374695044,85.27352185483852,81.94413894169989,83.6875782549831,8169364,963047719.1224678
2022-09-30,300038,82.14428990981604,83.26970481883163,80.47051468631369,82.25477792899703,2184573,239879077.12592754
2022-10-03,300038,82.26200428373531,83.3057666487009,81.14848052914844,81.7697918007476,5064433,461614644.9223807
2022-10-04,300038,80.96173467948365,82.2636953365097,79.58901915946198,80.40242053927126,5556486,665368217.753771
2022-10-05,300038,82.04975803376657,83.26902135555896,79.21674014837772,81.44911980766778,2324850,247880843.43737596
2022-10-06,300038,80.36368436201182,81.63859033928415,78.71657664489182,80.07354749223474,9100971,806638738.6872352
2022-10-07,300038,80.37441978694659,80.97542392274677,79.71865812520267,80.39340973972647,5844599,496430539.55374366
2022-10-10,300038,80.83356850505706,82.32862642344088,79.90065829924914,81.27632794704293,3422658,403196148.86317295
2022-10-11,300038,82.90382136213687,82.82788216271146,79.90114205800246,82.27293179134608,7614602,883611427.5849177
2022-10-12,300038,82.456238698541,83.65840885542146,80.6043263963274,82.39187206519657,9053067,930835485.4046648
2022-10-13,300038,82.85801343381793,83.85818283169833,81.9745672748594,82.67953605321726,6423200,711127314.7544112
2022-10-14,300038,81.23509186336797,83.32708318695337,81.08271836199843,81.36312125123368,4831716,521123185.7893384
2022-10-17,300038,82.78781237397364,83.23264530596116,81.68541102855745,82.4899807796405,7533826,696413126.6696464
2022-10-18,300038,86.34746708254595,86.57405394921219,83.29404620908856,85.57316943802788,6122437,647030643.9860917
2022-10-19,300038,83.96765747698747,85.68461955992211,82.36579519779487,84.15395233472059,7790597,928947000.1286095
2022-10-20,300038,83.46785939091183,84.06415251725694,81.60554579834582,84.04490396631745,6686190,659630957.0979325
2022-10-21,300038,84.52657788928644,86.32072627326485,83.8184372870429,84.52366445616644,1963824,199895321.61249244
2022-10-24,300038,86.68414594910165,88.03158903873073,85.96090825079068,86.40567885431737,6990936,738650767.6666924
2022-10-25,300038,88.48936267060418,89.42693883881962,86.85483847132772,88.033499521808,5731091,590755032.8336033
2022-10-26,300038,91.4513415085779,91.12482878573712,88.41798159644392,90.9304825321745,8878218,1179326507.634851
2022-10-27,300038,89.61510877988171,90.65616553587527,86.83998239358276,89.20239784554775,2048518,184692614.97058323
2022-10-28,300038,85.98091714394698,87.82168677009811,85.29184011291782,85.56803127373807,7804549,901601962.3997233
2022-10-31,300038,81.66858845242677,83.05485430282663,81.55099776298094,82.42395225500809,8924508,1071659212.8178964
2022-11-01,300038,82.97949199444876,84.67325769499021,81.86011479062816,82.7110522598779,5015553,597729853.2727386
2022-11-02,300038,83.07629530908974,82.58097807125118,80.37999619624412,82.50697528958419,5533459,477607064.6323922
2022-11-03,300038,83.39166377330857,84.40014501956007,83.81745568718674,84.01223074776237,2926170,317667042.50028205
2022-11-04,300038,81.97431996578871,81.36782110596145,79.15712091652645,81.23328853176719,1279820,114181673.17037271
2022-11-07,300038,83.58132770509589,83.74648806898695,81.78884608919087,83.29115411175587,2523137,211791997.46613806
2022-11-08,300038,82.47140956540905,83.06182773237549,79.74155113408848,81.67618038454799,1680038,199982493.16697004
2022-11-09,300038,82.76613967776292,84.17330487174394,81.80107450212377,82.23254083529879,8005799,939711354.4578768
2022-11-10,300038,82.55864993913487,82.03307118202642,80.17259674937944,82.02995925992808,6112334,540794803.3338982
2022-11-11,300038,81.90813627563557,82.69047773421052,79.16017196937199,81.19455687156798,7486152,679363602.6711012
2022-11-14,300038,78.05384196174923,79.96599725988638,78.08412925927448,78.25874232840579,9719779,1100328200.6487412
2022-11-15,300038,81.86684121599271,83.27500357822086,80.99734049543056,81.34165330232713,6275625,531402602.49887365
2022-11-16,300038,80.82568352753053,81.63224628424095,79.77561622825756,80.44694591349214,5224128,518314310.29024786
2022-11-17,300038,81.13621571066301,81.41274095034122,79.5962297623123,81.09669699131138,7387882,606664852.471701
2022-11-18,300038,80.58401533391486,81.15772266811337,79.65933916488453,81.05438142679263,3494799,377657779.97136366
2022-11-21,300038,78.93452006875533,80.91597857810011,77.76057028498572,79.68527383635225,5119816,455704623.549958
2022-11-22,300038,80.4341052275408,81.34123942999727,79.89585259145124,79.97643093435254,5900031,608600039.4263176
2022-11-23,300038,79.94775816147036,82.44369101506469,78.12050011505706,80.06141582854946,4707208,430318684.5694516
2022-11-24,300038,79.89093540619577,80.7673907508459,79.44423908576566,80.665651743411,4822731,477861631.5793346
2022-11-25,300038,82.00181198264869,82.85114187156982,82.22125563667046,82.62126630402524,1085150,126808055.32291545
2022-11-28,300038,83.34097472006762,85.86547599166951,83.50442485103733,83.5392788758623,3262577,289640590.15249723
2022-11-29,300038,84.98818788335144,87.26264223566447,83.08841252132144,84.74177433737792,4623522,570113688.731642
2022-11-30,300038,84.55994730923594,86.07975925923692,84.25138684248971,85.18743590068522,9436628,1145579664.9682038
2022-12-01,300038,84.05442308211126,83.73770519443245,81.57334246517867,83.52803568816064,9886946,1131994960.0805233
2022-12-02,300038,83.8342552968419,83.63074616752503,81.16754928927604,83.13698287867898,8627491,1044929206.5927504
2022-12-05,300038,84.07199784583179,85.35755951733078,83.44111849491652,83.47931284485627,5097338,633210936.6368238
2022-12-06,300038,83.0473139587141,84.21956045986659,81.97682567547567,83.21316319493364,8764865,941331948.9329071
2022-12-07,300038,83.20874628573732,85.55207989795578,82.17943175216541,83.5772451571855,7541969,820683461.54157
2022-12-08,300038,84.82741699658266,87.57613592692464,83.11542290792279,85.39528181282061,9734873,928569034.6857123
2022-12-09,300038,86.16168015631261,87.11745590042072,85.62418884549004,85.65636719072621,7423414,917136109.0167369
2022-12-12,300038,84.70160277237522,86.6139065413263,82.04044942779115,84.55719977817483,1285652,112860009.93094249
2022-12-13,300038,81.7687774786283,82.96239066645468,81.99712118769514,82.25226353609663,4517206,384062496.8317726
2022-12-14,300038,84.62623561612762,84.76014694431213,81.76659262469934,84.18829691550063,5023738,426725492.68233514
2022-12-15,300038,84.24791505113197,85.03054791730005,83.09098714413871,84.11112280939695,5791422,638367297.2967194
2022-12-16,300038,82.91193979013504,84.34902062648362,81.84835224220355,83.10250174285451,7790018,682229196.8479778
2022-12-19,300038,82.90183317016842,85.4786251456354,81.41737901204094,83.14646137376894,1748291,184712089.25495386
2022-12-20,300038,83.63620170956061,84.65659119653643,81.79324955165696,83.72252341820207,7717372,650720487.8175681
2022-12-21,300038,85.49856966649631,87.16905485617369,84.0450611478357,85.42461907263139,3783387,451980273.00317246
2022-12-22,300038,84.70362286289026,85.55734008481548,82.37824794934781,84.81838192182688,7714499,671747767.4359581
2022-12-23,300038,82.27929638592364,84.96845660213418,81.39948876981674,82.94238429309861,3368520,331304324.55473703
2022-12-26,300038,84.37063570577837,85.97654675358993,84.75367589163437,85.22185945346374,7506761,917044094.7657526
2022-12-27,300038,86.68399331103127,87.52324715390094,85.07225783155103,86.23787302212885,7328821,746216925.2838557
2022-12-28,300038,86.72577328776109,87.43702071356604,85.70402375821887,87.21141651995914,8512079,1084030296.3085432
2022-12-29,300038,85.33659883634887,86.86028657358122,84.42269910706663,85.60110761687663,6223129,646062277.9613447
2022-12-30,300038,88.33058020205479,87.92479347654675,86.92106409311583,87.62196221895205,9030952,894000316.0172443
2023-01-02,300038,87.57153838237907,88.79246009924178,85.81108066377654,87.08738364141725,4006493,393675445.9481901
2023-01-03,300038,87.66290519905228,88.3671757242868,88.17873291794984,88.36617900097677,8480649,873671051.0228451
2023-01-04,300038,86.79544134912436,88.85596786224016,85.33738358269986,86.73121529033853,8684822,755428479.8636262
2023-01-05,300038,84.34337269525585,86.9836124037614,83.3119035132533,85.18988457597794,9449579,902497284.0626551
2023-01-06,300038,83.27718460820205,83.76083132764579,83.29095094025547,83.50640524861635,9153461,1061368700.1857411
2023-01-09,300038,83.11090626782239,85.29739850743668,81.15597156159433,83.22140448301923,3505928,332452592.82759655
2023-01-10,300038,83.39953580350962,83.21250106126261,81.24094837193027,82.73492192648035,6343740,687867352.9862763
2023-01-11,300038,84.52812589709806,84.35834091369645,82.11876184115,84.22470450510255,1981575,218806045.63557416
2023-01-12,300038,83.4003019296973,84.6610491120344,80.60579724803605,83.09636517319328,4739569,405794337.3419954
2023-01-13,300038,83.32092591812619,83.37588776278896,80.25881738221142,82.69406634017058,2643069,280123946.6497543
2023-01-16,300038,83.68653005524996,85.65949851095566,81.90719132892578,84.27483411754457,7643489,950825204.5980854
2023-01-17,300038,84.27465001095138,85.74544266193571,83.96443869453624,84.43785537580231,5547079,617594886.2126948
2023-01-18,300038,82.08233393744734,84.2030816138786,81.14266908233658,82.5736204930751,4191961,401496672.13778764
2023-01-19,300038,79.15949301726954,80.35270749060506,79.14947459879264,79.34271903308246,8623627,830653472.8786988
2023-01-20,300038,76.71962643563417,77.90707281944512,75.59707845363988,76.45378693145922,3605270,303025409.6722881
2023-01-23,300038,74.40687598599597,75.94982144574162,72.78902234391336,73.99843519331182,7780208,633774192.9194291
2023-01-24,300038,72.33076190173361,74.09072785716286,71.7264713138412,72.35770065236828,4847577,412220800.2633782
2023-01-25,300038,71.50348647860717,72.39131280907571,69.87967762920968,71.7361870488823,7690726,650182105.0558879
2023-01-26,300038,70.84507967538683,72.34756670167008,70.95306511350658,71.54912152297784,8501189,655177028.4112033
2023-01-27,300038,72.64003337818879,73.62297087759384,71.8505191295309,72.04620041807809,6629508,666743616.657605
2023-01-30,300038,74.32747651494594,75.74735744023175,73.65754848671216,73.66354531948706,8244115,607547077.3960955
2023-01-31,300038,74.55179951291898,74.74566292967747,73.36144044369566,74.1310074001802,7733243,575764829.8206964
2023-02-01,300038,77.04390561782198,78.50735517560858,75.4514045312127,77.43367544563566,1551187,160176292.0704707
2023-02-02,300038,77.4853821392625,80.5755173726894,76.24745122494375,78.2426554526386,7873620,773554711.1422192
2023-02-03,300038,78.37160703775024,78.34823456895748,76.12815439733376,77.64568491850245,1862275,197715098.37878886
2023-02-06,300038,77.96516537903966,79.76765734474652,76.25126935279341,78.22613505581727,4365255,488765884.54445523
2023-02-07,300038,75.48762106861084,76.51503648880607,74.5613356649906,75.67637454795626,9524074,867702611.2011089
2023-02-08,300038,77.61928500230903,77.88125779059122,75.3688987731256,77.35496678367878,7952223,805397939.9614465
2023-02-09,300038,75.62128817772344,76.80759450315033,75.53423238251801,76.36608018247047,2514549,227133683.93708628
2023-02-10,300038,74.71194263741857,75.08479683058592,74.25798922852572,75.00001036945979,3470551,282019201.19760495
2023-02-13,300038,76.11708714495015,76.48547201249926,75.50240241946452,76.22516209420557,9665512,751790063.0731912
2023-02-14,300038,72.57185889119333,74.99334022325459,71.21563110309586,73.17973324342046,9822382,742870298.8806494
2023-02-15,300038,71.69705599202901,72.47129406429035,72.18470315002315,72.29983277328584,6129408,551600273.4964641
2023-02-16,300038,73.19263237321043,73.92508344993321,71.64399532253455,73.15110934129042,9461389,743912865.355995
2023-02-17,300038,71.41983251484042,71.53817822303571,70.33217218930996,71.50614059849124,6314928,589922568.1369197
2023-02-20,300038,72.29586653876898,74.15982201344535,71.85471482039141,72.16843937211726,2344970,188439789.90236777
2023-02-21,300038,73.10121229243859,74.04020575262206,72.80727498532785,73.32877643902452,8800446,733704483.1872964
2023-02-22,300038,74.46157245571426,75.24609401386769,73.81569077499952,75.07852934218396,6023897,577974547.1408249
2023-02-23,300038,74.43761118011503,75.39584814095234,73.76367227757022,74.72959501298484,8207409,877516404.4660475
2023-02-24,300038,73.68733601302561,75.80137250619545,73.10937307506379,74.31123279789625,1912854,198968755.7181327
2023-02-27,300038,74.20874979206154,75.32743491203081,74.24971077765584,74.40311132326312,8775259,823302363.7882452
2023-02-28,300038,73.92222622356888,76.72089696303124,73.09456936723898,74.53337194575862,9791745,961747690.0854537
2023-03-01,300038,72.15977338083356,74.54566911269136,70.9695759655575,72.38202349219502,3678938,352401809.09384775
2023-03-02,300038,70.35798942596077,71.41148284613139,68.65750273689265,70.70045475493647,8156375,758261008.7689108
2023-03-03,300038,70.3963504226129,71.6982023058971,69.16513811680673,70.42102499459962,4360059,414183645.1339987
2023-03-06,300038,69.02667537726492,70.0016308512276,66.5736493722645,68.5114160793076,7375020,737948656.8961266
2023-03-07,300038,68.62540500720291,69.2147599210828,66.34660345948961,68.38834299771132,5155091,464850473.8004631
2023-03-08,300038,66.67900903476836,68.31175727065201,66.21210381596853,67.11336671275774,6447370,572008232.5119133
2023-03-09,300038,67.4732343791767,67.56476547904172,66.22061059932169,67.19703203804214,9590075,662201069.8427105
2023-03-10,300038,68.64774358890426,69.43225319876535,67.95091238969448,68.24553262564308,2111582,149437910.66270092
2023-03-13,300038,69.71962013518285,71.3898451170047,69.2864175658695,69.59281516945808,5664138,531556234.88575435
2023-03-14,300038,69.60684580952729,70.71307189890233,68.9465233926352,69.26990929912168,3913286,272737538.5942494
2023-03-15,300038,71.20119229610357,70.84870444678953,70.71711544146673,70.815209943548,1405038,123002379.61090828
2023-03-16,300038,66.80723933440636,68.07895036998448,66.14955266603607,67.26236211225995,2417857,205134588.98483312
2023-03-17,300038,67.74843511340097,67.29242910664428,65.27367444249064,67.15156190758583,7334429,596365638.4740877
2023-03-20,300038,64.15122624033404,65.85827793473258,63.09659207447212,64.63158456171502,2570460,203042769.46074116
2023-03-21,300038,64.28313406491401,66.19734358315675,62.57510655048065,64.4527085396606,7024283,631332630.808291
2023-03-22,300038,63.41519076190517,65.10596269081248,62.339469874901454,63.82632199288922,6755658,548736857.9194453
2023-03-23,300038,63.5299734641121,65.65650090487837,62.42128297436958,64.04958317241193,4038350,377674552.39560133
2023-03-24,300038,64.70785600274989,64.83621378925301,64.27219175315838,64.51336984487585,8484835,702912982.1872319
2023-03-27,300038,66.39632218002846,68.6602362150404,65.85542922445808,66.69782285613857,8306619,771496711.8478404
2023-03-28,300038,66.37192618907392,67.74747579339828,64.63682200685996,66.25650829516545,3773360,326171645.70547444
2023-03-29,300038,68.57715332757884,69.7668488897836,67.63856531337808,68.09028532098205,2879729,232462762.49010485
2023-03-30,300038,66.03260252433566,67.931936690185,64.73738043153115,66.16854978723418,9891673,883990337.6487087
2023-03-31,300038,65.97182280244938,66.46746878699462,65.1824592465298,66.3630506534784,3698031,271465659.97443736
2023-04-03,300038,67.48255499332959,67.88786582363727,65.50970136890491,67.13320875928176,2763364,205518173.50884905
2023-04-04,300038,67.62275406771222,68.16408956722539,66.46585692618142,67.12385652066389,5583455,473375785.08496803
2023-04-05,300038,65.20508302377388,67.2157890179631,65.52015341218532,65.72938027963016,8771056,701870220.7629601
2023-04-06,300038,63.80115163114773,65.4001034549701,61.81082378340375,63.68936135745997,3674547,295642232.34818643
2023-04-07,300038,62.847255823732,63.446777431035684,60.52904949474329,62.35314862104386,6785522,616824952.259096
2023-04-10,300038,62.29239139959352,62.49202690279292,62.24749588834758,62.411347416435376,5931993,469688040.10536706
2023-04-11,300038,60.78827628079268,61.992224547531706,60.569628686538174,61.369491333201005,4045033,307752955.22127724
2023-04-12,300038,61.85645713775388,61.573267683244985,60.72064429671214,61.257930157198544,7601284,698207070.1774266
2023-04-13,300038,61.31211809755027,63.21617192764879,61.05231463061603,61.43855538347594,6320227,514415152.4103364
2023-04-14,300038,63.12373117242743,64.3994373953004,61.44966561932009,63.08024159902665,7602983,648685822.3804477
2023-04-17,300038,64.22076932697354,65.72689074585399,62.87548278212176,64.4983253900472,4050829,266010892.15416896
2023-04-18,300038,64.79139622616685,66.62005668527479,64.28918419588706,65.1196732788908,4463072,391880195.6446061
2023-04-19,300038,63.42862958249384,64.05805007102157,62.95039507366811,63.64177676511905,1055770,96105466.67119506
2023-04-20,300038,64.43409644535396,66.21008438991026,63.05715353052445,64.36644281481131,7538753,531261308.5780726
2023-04-21,300038,65.04005747427993,65.2156898503726,63.90616071865643,65.0091526657167,6791275,618169254.0931673
2023-04-24,300038,65.6401732043517,66.52778244243979,65.52198477393475,65.90354324661661,2877121,218960549.25803062
2023-04-25,300038,66.19450729369191,67.97921266935423,65.86251993411358,66.06610987549254,6997591,473371692.22356176
2023-04-26,300038,65.36655685759645,66.37980139178097,64.44537694944951,65.52426895394588,7909931,762492112.9357445
2023-04-27,300038,63.90430972127142,66.44995988827364,63.67571723097041,64.53229962470886,5648657,386422151.3687678
2023-04-28,300038,63.663353873034694,65.28434965767735,63.33427189450464,64.21501357941355,7540447,683768880.6651683
2023-05-01,300038,64.4204035141225,66.51087877945423,64.86459022444815,64.91431658954573,8258345,571780654.0371451
2023-05-02,300038,65.77154558134309,66.08602248434657,64.0794384714151,65.79904487407069,9950626,746372142.4482908
2023-05-03,300038,63.85409528084493,65.73435272278144,63.31025666877989,64.335139595646,6616540,481789545.1511772
2023-05-04,300038,64.34170278357918,65.45396129882161,62.95426986193542,64.87248422854942,2330816,218400208.2624671
2023-05-05,300038,65.02930147636346,66.902386550263,63.410195206970755,65.11767987531792,3427288,293808027.05169713
2023-05-08,300038,64.58243029305883,65.55222077992566,63.74325053886271,64.40403806817301,8475299,599313652.9037507
2023-05-09,300038,63.809496445126555,65.44744547143154,63.30112245119932,63.67867781025782,9352245,863878421.4213935
2023-05-10,300038,63.850161566351986,64.98808475363954,62.282924765922346,64.02858745774091,1757287,129499849.84328778
2023-05-11,300038,62.82001928928811,63.658902771938585,61.860117771978885,63.1754396911423,2085113,175530218.4570387
2023-05-12,300038,63.200553153997305,64.3972227871325,61.54056976151187,62.893228056991894,1282048,80946319.39908649
2023-05-15,300038,60.761276879487916,62.23159126606488,60.621328350074215,61.369582171476,4270194,279927824.7255674
2023-05-16,300038,61.081926450586394,62.32723694793768,59.380832046623325,61.115855816916316,5032500,312128652.61864376
2023-05-17,300038,62.783375757653815,62.43804824813789,61.06115254381139,62.27407653934282,1845226,171362914.96937263
2023-05-18,300038,62.51765715177812,62.35832449552733,60.78810762630677,61.983993650456355,8414950,605876819.2059013
2023-05-19,300038,60.05103462979832,60.52961177708453,60.20452526407278,60.51056441681835,4073731,355416028.3232978
2023-05-22,300038,60.45696401805941,61.09547861695772,59.50489293334982,60.38577222123782,2531043,156667997.51819864
2023-05-23,300038,58.74216190462529,60.16152385613325,58.7899091653652,58.97640204225181,3399155,249194427.50628015
2023-05-24,300038,58.68454087958698,60.7970121280346,57.339850249605064,59.101149047668905,1148119,85856594.3965548
2023-05-25,300038,58.442676519877054,58.44260451090136,57.689922614901164,58.438293852118015,3825704,293561516.80533636
2023-05-26,300038,58.64746738623725,59.22591851325593,58.03450013368623,58.1611533517845,1528018,116627919.46891642
2023-05-29,300038,58.62073371203153,59.03389618180827,58.360950564019554,58.952312470335734,2273089,160247109.2957693
2023-05-30,300038,60.563425998839804,60.41539035128249,60.038645924156164,60.16490774193797,7822267,693819412.1823937
2023-05-31,300038,57.412165896601074,57.79851106999961,57.06518897519046,57.072201412322755,8764685,552235364.0558742
2023-06-01,300038,57.17414861874298,58.96932909174105,57.15738287413079,57.32646323588101,3177045,233946448.2445139
2023-06-02,300038,60.20427309024068,60.82987014490167,60.2364429122338,60.57497293550541,3847422,313032981.5696234
2023-06-05,300038,60.557332084113234,61.56500186651712,59.58244852850275,60.31122223491319,6682502,600491591.7092985
2023-06-06,300038,60.12685723586216,60.7887610004246,59.037119115668254,60.08325055094523,8871882,654218115.2388717
2023-06-07,300038,60.89907267598898,60.749091562232515,59.09313975602848,60.41540604312639,9442670,641563480.2664605
2023-06-08,300038,59.249875795091505,61.510370208806286,59.309326248593415,59.75754022478745,8940927,797017708.4446348
2023-06-09,300038,59.00559294047331,60.2828092791809,57.14417040049977,58.85421431725736,8585677,698508200.0696719
2023-06-12,300038,57.3696185093155,58.651709533757355,57.47744921075817,57.589324483467095,8820618,644232360.7150192
2023-06-13,300038,58.430177977474806,59.87651465391279,58.840108941227896,58.90767000559294,2121965,141395800.07786456
2023-06-14,300038,58.57985315733256,59.37801632918112,57.71781261352047,58.192980766685494,8873715,606309833.9867091
2023-06-15,300038,56.55834444927996,56.723245177679644,55.957261192465545,56.283095774502684,5600046,408189024.92068225
2023-06-16,300038,55.86660656197466,57.423638360763896,55.82461597988446,56.24696843280788,1366626,91230228.57437013
2023-06-19,300038,56.4557051255896,56.08236807847905,54.876502027004854,56.01079289843216,2827932,198750035.31485847
2023-06-20,300038,57.73304934866308,58.580621536780164,56.4567994702931,57.235652160165934,3651395,279294536.89880145
2023-06-21,300038,56.121334786764955,57.099827690449516,55.33370593551707,56.46549291261043,3744404,223594163.77411014
2023-06-22,300038,55.96175584553597,57.171095188516894,56.00681533979926,56.31775219409697,4746642,357030390.0431434
2023-06-23,300038,54.86082611075326,56.16343945736619,54.51512774727326,54.96300459550453,8200428,576913172.0677465
2023-06-26,300038,55.58663900053875,55.51368145143311,55.36371660642023,55.441906897094306,2418403,174443866.42705873
2023-06-27,300038,55.03674474131732,55.701558152225275,53.93636523059668,55.30524307912722,5298398,307365482.7137278
2023-06-28,300038,54.56357761705581,54.482217615123524,53.6219108496172,54.16249452393929,3020990,189917160.67813858
2023-06-29,300038,53.99466189616829,54.944171600070625,52.772714628783184,53.60956122518368,6580047,443691122.24365467
2023-06-30,300038,52.66255188457729,52.766145017180875,52.149580709970394,52.18153422654966,6790728,400230155.1565501
2023-07-03,300038,52.29560624631548,52.86449049959585,51.83240157206716,52.360492917130685,2496777,150961044.80154368
2023-07-04,300038,52.757650558237536,53.82413413735981,52.132982202688105,52.28319926162532,3743039,233905778.35048047
2023-07-05,300038,53.68830815811313,54.331165722345354,53.24149596862836,53.72825803339881,2648877,182469539.46917176
2023-07-06,300038,52.94373811555608,54.11653275650794,51.64011378469139,52.95137323168305,3095961,217611776.1096404
2023-07-07,300038,53.12632998419772,53.99059347168576,51.75290190568907,52.74278857006688,6461785,363365469.2317874
2023-07-10,300038,54.08753047699228,54.7337976936079,53.312057103668366,54.12966481105335,6414382,498057213.47936827
2023-07-11,300038,54.15541852526585,53.92106528165586,53.76689808379149,53.86386462249772,5773175,406613238.5862969
2023-07-12,300038,52.46579212229089,54.41072877051747,51.87194124331527,52.890117172272255,5157332,324585469.61109287
2023-07-13,300038,53.85736724773479,54.04933103766689,53.15535207761808,53.77150109421651,7435688,494330448.83870393
2023-07-14,300038,52.06119839208308,53.47370776419544,52.29333672419674,52.535145803288685,7903200,481971164.4350924
2023-07-17,300038,53.603572931374146,53.80776190302631,52.69518913684575,53.62527712615677,3840562,262904703.3429749
2023-07-18,300038,54.150213567255676,54.945517886416305,53.39682422102696,54.4173521335487,8071679,620282859.2679697
2023-07-19,300038,52.86943023433254,53.622393444819615,52.016928408819254,52.442641664735156,1314914,71949471.06858866
2023-07-20,300038,53.37477550163173,54.316423542858466,52.5262841891562,53.277918631727864,3726791,227784042.4765468
2023-07-21,300038,54.35638920452272,54.63505901303531,53.07569592331417,54.01978812417088,2964396,209726421.4280244
2023-07-24,300038,55.6266875072655,56.573576041690906,54.46970844469394,55.16275756641568,1805541,125264508.35911489
2023-07-25,300038,56.50774357785438,57.51892567498162,55.82244485949642,56.26403137120274,6235795,454842728.35746664
2023-07-26,300038,54.21531614020241,54.83460186626673,53.917422826574885,54.026279591326364,9306987,707486864.9889317
2023-07-27,300038,55.37687713075438,55.78297096732578,54.898146827514736,54.93107971386709,4695822,357441078.37115926
2023-07-28,300038,55.9559055387337,56.635519363816506,55.0565090241948,56.272857183838916,9119347,515212656.4658881
2023-07-31,300038,56.92715337892019,57.16736417305473,55.984967456794706,56.46255963046018,9617576,812989944.7188679
2023-08-01,300038,57.223601426478595,58.60603500492088,56.631726297340464,57.6255248942316,8805116,614756578.4154185
2023-08-02,300038,58.9356513910082,60.16257572997981,57.70146112964411,58.515240655836394,4673637,321846639.4921476
2023-08-03,300038,57.72073115441165,59.40358081800703,57.49429924316256,57.703641703213506,5558735,414719377.4336965
2023-08-04,300038,58.14824356480502,59.20474548646679,56.38253151651865,58.098803309881475,9657487,828247098.5391985
2023-08-07,300038,59.137738993234024,60.29280020145799,58.05079810067356,58.98139745208882,5816977,491762782.61639637
2023-08-08,300038,60.43367154798199,60.876506689545046,59.283641147983104,60.109045032534986,5814973,364759340.3242114
2023-08-09,300038,58.22005131854244,59.505216907867386,56.62333687944153,58.28133710672121,3136585,252286514.93482506
2023-08-10,300038,58.85536396414531,59.48029675055093,57.720777471387514,58.97272432805203,7805923,469559941.6470258
2023-08-11,300038,56.847788623856964,58.29659074279343,56.91194853392861,57.42191887677172,5932338,429071317.1627266
2023-08-14,300038,60.081960764104274,60.79784367726553,58.866734554333384,59.8455975100293,1153780,101727016.84904076
2023-08-15,300038,58.17021710491366,59.059944898943016,57.978876116158354,58.46883619591376,8860800,561759396.3566169
2023-08-16,300038,59.070026319885905,58.96648202868813,58.512776837780955,58.643290026560344,4316662,313101595.43084794
2023-08-17,300038,58.42784507880676,59.5210067986303,58.578900166432526,58.88402201951406,6973741,431554433.61682665
2023-08-18,300038,59.151512238962674,61.0160960158863,58.94347185272952,59.39720159170352,5364548,349884119.4322159
2023-08-21,300038,59.466409413827044,61.0493107917577,58.08551216148462,59.59309194304223,1407176,99075729.37752098
2023-08-22,300038,60.30479523753977,60.68365570023977,59.783015627083785,59.99013237457869,7679177,489023735.6475078
2023-08-23,300038,61.148724962338584,62.54935166637238,59.80192323618219,60.9267069069256,2770868,172434039.37445903
2023-08-24,300038,61.578923615020585,63.044104943810126,61.83712425298146,62.07298765127417,4946953,327216945.99000853
2023-08-25,300038,61.80790789636096,62.097489467213144,61.03512616412734,61.704160098779255,9846302,808943893.7508025
2023-08-28,300038,62.95940643939444,62.75496561346003,61.59655652466714,62.46990279659583,7862556,577863619.0684319
2023-08-29,300038,61.766987182401934,64.15474549065758,62.03411146343837,62.36656759757014,1376444,86733819.43718101
2023-08-30,300038,62.27626370269092,63.02721559046171,61.99423573871338,62.66830700997749,2650933,240041184.1807901
2023-08-31,300038,62.690196121046455,64.49853754242122,61.62197607939724,63.286259804580006,3102129,278741929.32981926
2023-09-01,300038,61.85026629627975,62.09032721292841,60.461417776224245,61.349170751721715,1785794,163269225.8026316
2023-09-04,300038,59.85621432498285,59.54528448954001,59.11719684023396,59.438622285011164,5285575,440425265.2915249
2023-09-05,300038,59.57269839247599,60.83978747396258,58.64457857031519,60.07551778497395,6201762,497668037.3663708
2023-09-06,300038,59.25353952512691,60.766792936684595,59.13862048274899,59.77378407421837,6374145,538170334.4018747
2023-09-07,300038,59.411264112915994,60.67860869742287,58.11735257410507,59.47590987592473,1149325,85972149.31464587
2023-09-08,300038,60.03054369116524,61.512760321693534,59.72077346609905,60.4052342581563,9384400,660309244.572342
2023-09-11,300038,58.84484802246984,60.22991832181114,57.682417849855234,59.3888220392467,2233912,133339680.02814308
2023-09-12,300038,58.94573445093017,60.77369898587993,57.65261189364903,59.00963289089442,3043296,218820067.74046734
2023-09-13,300038,59.39994796521648,60.64854420998646,57.37121286594238,58.97171077606003,7698043,601244372.0560657
2023-09-14,300038,57.872008872008195,59.11977018894413,57.065945517211674,58.1743476551153,9279452,770567774.988221
2023-09-15,300038,60.216725720195406,60.16367913276569,59.26949856196353,59.90467007794847,7820611,693918602.7782017
2023-09-18,300038,59.99614596205893,59.563802894883636,58.34274423794013,59.534301638516396,3060705,229875043.84128454
2023-09-19,300038,58.220194909430106,59.29030358863361,57.399800041990495,58.41853031471907,9595976,791888434.8823985
2023-09-20,300038,59.70025562246538,60.78882440317288,59.62578388028445,59.641018241775804,5530180,358748116.22917145
2023-09-21,300038,58.1722403176747,59.401117128521044,56.965627321703444,58.35246423836182,9081108,556873511.3618942
2023-09-22,300038,58.89692040084894,60.371557833570684,58.63245396895763,59.36627860187291,3603519,255961604.34758112
2023-09-25,300038,59.95722814968865,60.53958846799716,59.10520351959558,59.5075607118862,4943938,295290312.0480777
2023-09-26,300038,59.15977056943016,60.05194908163548,57.041874885883196,58.70688872264836,9730594,687488065.5902202
2023-09-27,300038,58.51295698766936,59.70076755876528,57.856085492436264,58.34252672027165,3675687,270623745.3288559
2023-09-28,300038,57.75579807887559,57.985201038932495,56.46507766880139,57.716196558974936,3410156,273365326.02647716
2023-09-29,300038,59.1073711707572,59.71528222719201,58.76040941732523,58.81498896308488,3894612,309389205.55703545
2023-10-02,300038,58.57530511067525,59.09384151848261,57.53938924447013,58.575923011285504,4877875,408938793.15144587
2023-10-03,300038,57.184243813758584,57.5201358779878,56.316874962616986,57.40908038881849,6911213,447011706.2440283
2023-10-04,300038,56.61787634588877,56.62803482443256,56.14354336519212,56.21785307172891,6660606,496673337.5981282
2023-10-05,300038,55.99194121208305,57.422254055403855,56.29130089935501,56.39879891860782,5977438,344411409.9103396
2023-10-06,300038,55.00861069837095,56.215053097210884,53.50949548994923,54.97095433233931,4520690,291577344.6725694
2023-10-09,300038,53.22739890782795,54.88459377945393,52.86205330962661,53.46589498467445,4214646,252779282.77925497
2023-10-10,300038,53.65318063704317,53.29925251501778,51.892804558900814,53.15995855728449,2998040,174618723.48606214
2023-10-11,300038,54.50312453678972,54.57227629179433,53.48957644786492,54.184751924256744,9412921,518139706.7404729
2023-10-12,300038,54.98516430897592,55.82325808972785,54.546930615413864,54.71019581782223,3199780,187623705.20676094
2023-10-13,300038,55.010141732269076,55.49278355733003,53.72254494663407,54.74825433400529,3692104,232994414.7837008
2023-10-16,300038,55.63054258923344,55.56033003894595,54.05670270591191,55.14484928170023,3933276,302722651.09963304
2023-10-17,300038,55.50688786899145,57.238677658738105,54.50662525938515,55.69740850660849,8892941,680780448.1714965
2023-10-18,300038,56.355144046442504,57.24993171558013,55.92649910629545,55.93032222907036,6946423,488417029.5266099
2023-10-19,300038,56.14566022968847,57.387876044212916,56.47424573939435,56.583302309664404,2698899,199389724.59937638
2023-10-20,300038,56.981346860461606,58.16402922619336,57.16748260335024,57.1885618856537,8842707,716850855.4553276
2023-10-23,300038,57.24104873546678,58.97652747063289,57.10584092089176,57.66825443505748,4784522,366124212.3079519
2023-10-24,300038,58.01061833987587,59.55049524541691,56.792086549267275,58.13226050848081,5424448,379108381.3982291
2023-10-25,300038,58.05696856059739,58.5823928955094,56.23310576350225,57.76756950418972,8223089,496115436.0308043
2023-10-26,300038,57.170665990482576,59.15539162966502,56.16206882986405,57.67671856439416,4854693,281379971.97233194
2023-10-27,300038,57.9642502164818,59.81053880578201,57.944099531551934,58.15270166896381,7894126,616661308.9552236
2023-10-30,300038,59.39748495897568,59.81191352133175,57.7940072159361,59.21995860186707,9010942,707955112.7016002
2023-10-31,300038,58.664041357853264,59.421726163356276,58.708315483941576,58.737993026589486,6645945,443278380.45705265
2023-11-01,300038,60.27232995430025,60.19631843306328,58.05903687151015,59.82603904806793,4195907,349260588.490318
2023-11-02,300038,60.689477575112,61.177524006750176,59.35234251064989,60.630767775039594,5580752,473133744.6247015
2023-11-03,300038,60.09027881116211,60.90434360599884,59.617434311134005,59.995388753996835,9885299,850936271.1937598
2023-11-06,300038,60.959319123697625,62.57912780631302,59.41445991188589,60.840934018438986,8243849,655714412.4024501
2023-11-07,300038,61.63225997875343,62.24386745476026,60.06583130664696,61.42669922250299,2451857,221936351.48792872
2023-11-08,300038,63.429542083589844,64.31655876301068,62.38354676474541,63.031981796555044,6896640,476576216.12568045
2023-11-09,300038,64.50146451895979,65.46234157881965,63.18268739071719,64.46508232188913,7886470,649911661.7780025
2023-11-10,300038,65.21328391944422,65.02485841286924,63.8143706380123,64.99194096583778,5087050,336744840.20891565
2023-11-13,300038,66.05094737510763,66.04697833607635,63.628048033545774,65.50667554480071,5909901,450854485.40370804
2023-11-14,300038,64.52825308093,64.9425592841523,63.01014581842927,64.40101523790499,1846199,175957634.54393682
2023-11-15,300038,63.2918440098495,65.18815168641751,62.80748855319349,63.59537237527106,8395220,673878997.2903038
2023-11-16,300038,61.40601542654267,63.7216375611558,60.17558399508723,61.99244036356843,3165231,249567831.2490301
2023-11-17,300038,60.7861931960772,60.96302988559018,60.15000156166715,60.53795520626983,8691368,584847045.9869763
2023-11-20,300038,60.539395396193854,62.22157616191115,59.71448836939734,60.93347030586515,7285017,467480876.07972795
2023-11-21,300038,61.81781987975165,62.759544289177995,60.0370234341317,61.32666798230469,4585762,302096724.861338
2023-11-22,300038,60.97476872666898,63.062049917069665,60.68477848855689,61.379054679302314,7704023,643774302.4479198
2023-11-23,300038,63.81175564935588,65.35253039955462,63.383954367892,63.71015553157619,3892680,346700616.0964388
2023-11-24,300038,65.07063554533256,65.50891148902623,63.92358984931478,64.469099720023,2476990,209416836.65514997
2023-11-27,300038,66.16848037877071,67.10371360349075,65.26502742495266,65.82887723026886,8660484,654732057.9801626
2023-11-28,300038,67.18759144595737,68.44304566507493,65.51186113571312,66.67670062181281,4678014,384857780.3858227
2023-11-29,300038,70.16701594337124,71.41368648241942,67.6637658867709,69.5077577350007,4904417,375604979.5305097
2023-11-30,300038,69.8387093736572,69.35004201087489,67.74653013849051,69.21037423021438,8222273,804446175.131723
2023-12-01,300038,70.63308820417298,71.49577293341076,69.89331513156515,70.19608918811441,8635969,885510021.6093297
2023-12-04,300038,71.8012871110288,72.52753210151083,70.68192849570525,72.06203188883907,8196900,830501488.6642803
2023-12-05,300038,71.68600857669438,71.4076272569217,70.2571708656432,71.04341479892665,9477919,845497869.2333068
2023-12-06,300038,73.53725807347354,74.384089697795,71.80161377791822,72.81451026823268,9583768,994135349.7774521
2023-12-07,300038,74.22066945495608,76.06870360258753,73.42986695728412,74.13371526923028,2505951,205485497.51065958
2023-12-08,300038,74.61051120556837,74.92790995748145,74.33419027403191,74.33566874169126,2445963,196351083.16345912
2023-12-11,300038,75.14229859981609,76.58392102263385,74.00930283283607,75.09753964314471,5146631,391232960.63359755
2023-12-12,300038,76.73860730038196,76.89053852171442,76.49871948339755,76.82430996798297,2694672,229582900.9785593
2023-12-13,300038,76.53905961327125,78.71730379441512,76.24094419896878,76.52027730003424,8439027,746786382.7705954
2023-12-14,300038,76.50278346507963,78.81356790330973,76.54248262258898,76.81893809202768,5685098,622058871.6103023
2023-12-15,300038,75.7865426132742,78.78225420074446,74.39879777124612,76.51100329409638,9423224,1065486029.7358123
2023-12-18,300038,76.00589438296792,76.16480123476401,73.93581935096454,75.67556815568699,5299439,495434211.6134536
2023-12-19,300038,74.0420008102037,75.06030500626233,73.2741466154917,74.58825282203051,5985956,604198762.5451524
2023-12-20,300038,76.12844051347973,77.47295068592886,74.21070041159626,75.8676314661648,5181414,499379223.9072857
2023-12-21,300038,76.69926147800005,77.84147748346989,75.96718042805327,76.27084731630018,1089584,115731587.518832
2023-12-22,300038,74.07532013394544,76.44339485784039,72.39156109972515,74.31084634116911,6216332,507704305.903676
2023-12-25,300038,74.5670731455925,74.85951581578288,72.3058052285032,74.41758297836591,5700727,460158404.4079571
2023-12-26,300038,74.52771524420261,76.12144886269625,74.39365519527705,75.03858535849403,8579909,901307863.583932
2023-12-27,300038,73.76360020505805,75.74230221410862,71.45719667295472,73.61606843336878,5754388,591904374.0518832
2023-12-28,300038,74.72522005841913,75.5382153840297,73.51134976605353,74.48900673641069,1031277,91112484.21612485
2023-12-29,300038,73.5078951180422,75.10031320569729,72.24134099529533,73.29399564360028,9530124,785407587.4383112
2024-01-01,300038,72.70737421993384,73.47432554701234,71.60665260380624,72.16888912279103,7164302,636438090.2038981
2024-01-02,300038,72.2389135983304,71.68286512128638,70.55426847181799,71.6563220116154,1291936,122735015.68380946
2024-01-03,300038,72.20222945864077,72.3765212460014,69.92327966852523,72.06990006084331,8662125,789576606.0054758
2024-01-04,300038,74.52326789265835,74.69869034403354,74.56247141038155,74.63004956938589,9185274,898704505.0114832
2024-01-05,300038,75.15028972291563,75.12183355411315,74.84890909159466,74.89024853538895,3458478,287508432.45450014
2024-01-08,300038,78.52839463940401,78.63529671182127,77.39853116349276,77.8099572706577,6921044,556438233.1458452
2024-01-09,300038,78.4918556605742,80.80286149518369,77.97631762843046,78.92257702948899,6553531,604797146.6648009
2024-01-10,300038,79.30167154796949,81.83701291199137,79.48482095816705,79.56476116836316,1317103,119983237.62624836
2024-01-11,300038,80.24447522588741,81.45979503152368,78.79427120447426,80.34343445514047,8354059,691335291.2146188
2024-01-12,300038,78.23866724564827,78.70043505606702,77.65521097400712,77.73030613490869,3542825,356745776.06328934
2024-01-15,300038,79.35791363480698,79.97246079342263,78.21449370751675,78.8192653579012,1043497,96706911.62227398
2024-01-16,300038,79.05803244660605,80.99194003593446,78.90793670345336,79.51460700054169,7415381,846957995.8084339
2024-01-17,300038,78.29635102771726,80.80970676747647,76.79187579549952,79.02993670976467,9862003,1025559304.7360232
2024-01-18,300038,75.7166811031016,77.43258310399953,75.9773545337803,76.24828688932652,7115359,593256843.2064848
2024-01-19,300038,78.04281115119541,78.60258618006867,75.53011377125763,77.80454383658311,5941430,511864680.3957413
2024-01-22,300038,76.8839632532587,77.71211179464996,76.16022194240294,77.44811043156878,3208260,316180056.1460936
2024-01-23,300038,79.3810931728711,80.83053205299758,78.61988452835655,79.00653856027176,2855203,252740337.70405206
2024-01-24,300038,76.71662124257034,79.05105857614487,75.27351255045558,77.34098679995482,5937873,575813277.2601779
2024-01-25,300038,76.01795544983257,78.16169038727179,74.60567364002613,76.58977695545532,7174555,689774789.8277397
2024-01-26,300038,75.55891239993619,77.92930142831813,74.47003029318232,75.94305973849528,5215151,550372862.2553694
2024-01-29,300038,74.32288153551858,74.89308710303752,74.19130895155385,74.86598346177993,1757143,188704637.8612718
2024-01-30,300038,75.38110351327381,76.30781399110775,74.45665937854614,75.25971982131676,1645018,136369790.7730761
2024-01-31,300038,77.03023644812636,76.97457013185945,74.96725755474534,76.39044915208987,4088885,402055745.61747867
2024-02-01,300038,77.88123556904571,78.98639774813822,75.78771421894872,77.19175615569871,3752138,329409046.5812358
2024-02-02,300038,75.85284972511876,77.94805445327033,75.46990319781453,76.23496879336794,7606397,840873884.673234
2024-02-05,300038,74.36362591648461,75.77415422321793,73.7407022089206,74.77334583316038,2045753,172509972.93579337
2024-02-06,300038,74.34821579331668,74.80292169233998,73.77316816684191,74.72159613441099,9454426,894877329.8335723
2024-02-07,300038,75.54025005791162,75.6062890478953,73.87536466174443,75.00298577625496,6932313,620254718.9843851
2024-02-08,300038,76.50708510466738,78.29667099455071,75.01950532511715,77.16260017292254,7493254,840460661.8931725
2024-02-09,300038,76.5774891674299,79.04391625257504,75.70335856096445,76.86677167412485,7680227,857774376.9855266
2024-02-12,300038,74.12475949462262,75.27232665200079,74.4989047773877,74.58275296074903,2957624,261592061.82458284
2024-02-13,300038,75.0547741118792,77.14840889327706,74.88478262194211,75.39502601697325,3013487,300538380.0107657
2024-02-14,300038,75.03412233683453,76.19399133889426,73.43741745110178,75.19839197225437,8618815,831529138.5503061
2024-02-15,300038,75.28579405954892,77.78126469416141,75.79025427382443,75.87599510375902,3412068,331929198.7390228
2024-02-16,300038,77.67276223300132,77.80385800263444,77.20561900016679,77.36701188225663,8558226,934691534.8053472
2024-02-19,300038,72.7502491613599,74.16099748907311,73.43984333374149,73.44636766781153,5944638,461419008.05821526
2024-02-20,300038,74.0290970438439,75.50611295253545,73.49341168000251,73.81432853270312,6412712,530124526.8791853
2024-02-21,300038,73.3022315313454,72.91893024109692,71.76588400785776,72.69618597795417,4402414,411054168.5205251
2024-02-22,300038,73.39987620363111,75.19095045106836,71.37811668006887,73.08505581067848,7142020,713112783.0882542
2024-02-23,300038,77.16869909255054,78.69156786181104,75.11586025042618,77.03012262544478,9035257,1039044167.1147045
2024-02-26,300038,79.09628945074243,80.80303421458702,77.27053818332688,79.37851007251851,2076957,201922280.5160161
2024-02-27,300038,79.76191128658417,81.34712277111,78.27426495355687,80.52532019504079,5107672,597797303.3432153
2024-02-28,300038,85.27717796711372,85.01646157082868,82.96762412251002,84.71179344991029,7686264,914239059.184796
2024-02-29,300038,86.39676154936116,87.86424499195006,84.38948736398429,86.18072429876773,6476465,729177162.2128496
2024-03-01,300038,85.80195699048511,87.64088820136908,85.20025288929901,86.08147218503673,2009467,246351507.09870887
2024-03-04,300038,84.13001342048108,86.40316813059154,83.33640898187626,84.08137683818242,7867389,745102494.3416443
2024-03-05,300038,83.63687944948575,84.1231985173329,82.00319734627928,83.63442427097594,8196733,944487528.0260803
2024-03-06,300038,82.78121905816054,83.53646025548728,82.08527051568144,83.22316173555271,5779583,492100002.9571956
2024-03-07,300038,81.43218958765438,82.4546765197671,81.59413778759702,81.63023791776061,4843456,482117500.004036
2024-03-08,300038,80.97277625102178,82.10408449415753,79.22197063107694,80.39777170417648,4240300,503746877.7965376
2024-03-11,300038,80.80574265493965,82.0650292026581,81.44148241829016,81.56477309484966,4206861,425588571.5066888
2024-03-12,300038,80.43472737829772,81.20947582410403,80.34774960217126,80.9548410535469,4608830,553102762.593626
2024-03-13,300038,81.17190650880922,83.01969089635082,80.4444080478256,81.71341345849622,8543184,887108687.2723655
2024-03-14,300038,82.79869097524974,84.14378479098397,80.26920839187495,82.34675581556394,2125322,190469279.88260213
2024-03-15,300038,82.96468949270981,83.75553600591377,81.18692550486212,82.81827347850445,8021672,694114058.604707
2024-03-18,300038,81.39152627248154,83.53192177283955,79.26371215872003,81.5127569722396,9775719,1177367927.1677973
2024-03-19,300038,82.041346347111,82.0134711314567,81.03565144466621,81.99536522088115,1953255,181023698.71132776
2024-03-20,300038,83.33974697199581,83.03362667419373,82.48980898023645,82.82970726538093,7985023,905687538.7384541
2024-03-21,300038,83.95499703683316,85.52218735926036,83.37895939326233,84.69744783165939,9349061,1017601447.6932367
2024-03-22,300038,86.54071825068951,88.92833815008667,84.79105059316186,87.08373020888011,4183386,432789594.01996857
2024-03-25,300038,86.91543185493896,87.6824365132486,84.26623919556275,86.32681258662328,1052584,128077523.08654022
2024-03-26,300038,85.05019068484987,85.8279717718654,84.31335787217644,84.97204306838374,3976502,408543534.1775434
2024-03-27,300038,84.59090740266076,85.34539842815548,84.86646601091778,84.97118001504965,8391967,869572656.9212576
2024-03-28,300038,83.14947348570986,85.05466179015376,82.0608994327224,83.09643391956598,4628469,407901347.9373944
2024-03-29,300038,84.79639612104268,85.79423030267834,83.46673283858702,85.59994882855658,3795385,371804422.16472334
2024-04-01,300038,87.93308277130112,88.08229956967102,86.37969172658687,87.77107975312951,4636591,522864624.15606517
2024-04-02,300038,88.29679626034195,88.22028828871107,85.33494479794436,87.88580920166585,8659655,788079325.6806141
2024-04-03,300038,87.12773183702164,88.87096810829905,84.59169912876486,86.45044058784872,2101235,250485409.63680533
2024-04-04,300038,85.07520102249764,86.25468516061127,84.66284566846855,85.45791579554538,9326861,1127959294.3568947
2024-04-05,300038,84.84349266325479,86.2334363471357,82.81992885553144,85.18431623929413,3556251,394316505.69178444
2024-04-08,300038,84.04943084857067,85.41623608531381,82.06304593422448,84.56904230857755,7945234,680735427.1737361
2024-04-09,300038,81.6996556081494,81.91024312699692,79.85644731438488,81.78366935389754,7133332,845154173.117753
2024-04-10,300038,80.90851159753122,81.1691344457414,78.9206715463063,81.12756379383984,5027933,580284675.6940831
2024-04-11,300038,82.61261612993347,82.79815183141234,82.1461240452161,82.37009686941089,9089675,1055104671.5920421
2024-04-12,300038,80.6871009115187,83.0698177431976,80.23067661375764,80.95953818434356,2687472,276090104.59174526
2024-04-15,300038,78.35949469505101,80.27945245258013,79.10019014515025,79.13598586128079,4362471,388225981.0166023
2024-04-16,300038,81.97963692121552,84.67383045812261,82.15398077504423,82.73282666906411,3530369,424604324.4377153
2024-04-17,300038,84.62210953828561,86.3236947559455,83.7221170441845,83.9016765463352,7523463,660584968.065476
2024-04-18,300038,85.26405980840026,86.44524966970187,83.71350005020757,84.77219729471094,4705024,437250194.3804958
2024-04-19,300038,84.49337475387617,85.52936876170006,82.22217944646736,84.69171786274516,9341853,847059807.95492
2024-04-22,300038,84.89073311639712,85.44006697753058,82.06379749820714,84.24150133437838,9368275,820567701.592342
2024-04-23,300038,85.22951658239131,85.0685008423409,84.42102100494395,84.84844213835615,4790977,479282298.9045164
2024-04-24,300038,86.06512349736674,88.17977051557679,84.958291609697,86.66135225535069,6409992,764229525.9263213
2024-04-25,300038,87.12436172225632,88.12462866823601,86.2271596659778,86.4959980316004,2514942,309979160.7844571
2024-04-26,300038,88.80152856448339,90.86409358075764,89.21194204747157,89.53604359141485,3614015,346376501.41310024
2024-04-29,300038,88.37854493529682,89.52327203666408,86.72394232422499,88.56298327985995,9150087,1150758895.4552386
2024-04-30,300038,89.60697054668171,89.40740272024925,87.98823901645372,88.79961986242624,9666018,1167637658.2119093
2024-05-01,300038,87.4310775288296,89.0815042494067,86.40638112343072,87.1563244838037,9605534,1180506416.0379763
2024-05-02,300038,84.79147427779137,86.08801864269499,84.40562608764066,84.64047454981376,2535271,268057035.2331254
2024-05-03,300038,83.76941868173985,85.56194685532932,82.9025830516959,83.10345365022971,6677433,776412924.0156341
2024-05-06,300038,87.16972200531275,89.32020391439507,85.80901085140498,87.0689405442071,7256628,688890241.6180004
2024-05-07,300038,88.2271210105363,88.9112079064716,87.96362493167682,88.66228366118935,5916985,544739906.9901311
2024-05-08,300038,87.7690680241803,89.53990966711065,87.70965110498797,88.10148808667739,9117646,1139662767.3590245
2024-05-09,300038,86.63994083827572,89.09300947672565,86.79247676460821,87.14570358877523,1989641,189253000.2180225
2024-05-10,300038,86.14298078183664,88.21049375541841,86.47170429704163,86.84801260986161,5593428,718555677.2436218
2024-05-13,300038,87.05856047013232,87.97362503179103,87.49148425628498,87.50131791399012,5618809,662658533.2229232
2024-05-14,300038,88.62334055465313,88.37673594675138,86.12563032645829,87.80700053596675,2018530,216272350.918385
2024-05-15,300038,87.70005715907247,88.7053271529682,86.23863427231657,87.59684474056658,8621829,1055316748.4272532
2024-05-16,300038,89.56088074633657,91.34391993987691,88.62795910445111,89.72640469646613,6487865,696197261.1162435
2024-05-17,300038,88.85088984644115,90.41421652070787,86.41750756958842,88.97526687777574,4276403,403226949.6288783
2024-05-20,300038,88.15609307740482,89.49192537102493,87.55111425072019,87.71158240752962,9245788,988852613.6990676
2024-05-21,300038,86.44316753485506,89.04356761948692,85.03117725119255,87.12630941837322,3467699,365032474.11567444
2024-05-22,300038,86.8796538635965,87.09022236234983,85.71433386427866,86.27481296920338,5161467,628712438.0836161
2024-05-23,300038,88.97259303473777,89.43892738899689,87.17257787204318,88.95610254829435,9329000,988606480.0160764
2024-05-24,300038,91.19630725118196,91.50154671178642,89.40089289599011,91.38697566391009,6804128,723417688.5147172
2024-05-27,300038,94.05179513755948,95.23775535933403,91.47187384173765,93.45108064029678,8870381,1197492897.4552753
2024-05-28,300038,91.20720238731568,93.75782004868657,89.81343425298297,91.80063107618396,6067716,632543177.1701593
2024-05-29,300038,91.01327612951043,93.38424495653622,90.6741544821395,91.81410423001742,9357937,1169916135.9210029
2024-05-30,300038,92.07343153117189,94.17108877251147,90.11488156754976,92.23781336599298,8670760,899357778.9396588
2024-05-31,300038,91.34551862821591,94.45953159560291,90.41645644380854,92.17910946065264,2872474,271912367.97499716
2024-06-03,300038,92.93903083359797,93.40981059140047,92.86197945126824,93.15958936834319,7876212,969514789.479855
2024-06-04,300038,92.31666703343345,94.01625833776217,92.84674978331448,93.16631541498373,4429324,570456957.9685466
2024-06-05,300038,92.93309358859973,93.67195419746987,91.32533217957223,93.23245417360813,4314467,462507148.6529262
2024-06-06,300038,93.11567915900672,94.73059328372636,91.27782142487881,92.26991928659876,4317380,405501482.91535836
2024-06-07,300038,93.72644936695934,95.30575025762045,92.30043151959462,94.02203391496963,4227948,576377286.8021874
2024-06-10,300038,94.32855159796127,96.54907977534812,92.01060065940382,93.79853301591537,9293346,938619109.239753
2024-06-11,300038,94.48599248613675,96.76696929518167,92.42729541871971,94.77303259447221,1504136,154479008.32071084
2024-06-12,300038,95.7890443083923,97.37522725066243,94.08874287536769,94.91962048896131,1047426,137471697.25647154
2024-06-13,300038,95.15287333222525,97.80448186781634,94.97600153319618,95.25867516403964,7455367,727865657.4141049
2024-06-14,300038,95.70980567969714,96.3951495796577,93.17811014710898,95.40085479482137,1306763,152346280.78843486
2024-06-17,300038,96.89587571722292,99.26903972570709,95.2495507207042,97.18695428002725,7815209,781998208.3086137
2024-06-18,300038,99.89509201979531,102.2600466903532,97.88236743395075,99.32571324418846,2665691,354246420.7826243
2024-06-19,300038,95.63341061831888,96.78158431958401,93.72715184943235,96.47352739577614,2214742,228138890.47006896
2024-06-20,300038,97.52695240562248,99.25056443456941,96.70090759949926,97.37854033587168,2208569,274318094.95547736
2024-06-21,300038,101.36487059572063,103.28121448331818,101.65754771495484,101.87200765172256,5669114,749604873.1608131
2024-06-24,300038,102.89007864642994,104.28331632221689,99.07975628727658,102.0140865035373,5302795,687692326.9591987
2024-06-25,300038,103.50073505660309,103.09713518330784,100.27248975908286,102.980016532454,6396072,939584013.412527
2024-06-26,300038,104.66827022519533,104.28560630913779,101.51719506962495,103.88807136567218,5627158,862588646.0803475
2024-06-27,300038,105.09369723008123,105.71340055233776,104.15544088407924,105.31437046483819,5968003,924067149.111174
2024-06-28,300038,104.04973314979183,105.77172259088212,101.13792742720226,103.61055705159178,6504119,904775329.6292086
2024-07-01,300038,100.69813704948137,102.8980306198298,97.06379222800554,100.03269843191148,4701951,675642121.2252097
2024-07-02,300038,103.22969100996353,104.4642858910956,101.67859352789706,103.18696062273777,3032707,367330891.3833491
2024-07-03,300038,105.45302502435102,106.53360479133043,104.97035566623532,105.53852650204836,4830602,610898883.0791572
2024-07-04,300038,103.1000657104248,106.54697099254192,101.78736779234023,103.62416592164963,7637013,894989176.623858
2024-07-05,300038,103.49579944719109,106.70047928274134,103.08495058206319,104.15601267178454,4315783,509541453.1569624
2024-07-08,300038,104.57946026825488,105.82023667419107,102.31723299139404,105.22149182896067,9814776,1420110561.3916209
2024-07-09,300038,107.67271048735834,110.15170527512781,105.12831564707726,107.19613388061732,7777758,938075688.5475727
2024-07-10,300038,104.08713446380665,104.74872797643373,104.37437662019315,104.39738082855125,6840268,1067421615.722914
2024-07-11,300038,101.9290805611612,104.80509780366948,100.55241257450811,102.21741340917326,8836846,1262511443.3583436
2024-07-12,300038,100.84727297422008,102.58262707908108,100.313178252693,101.59373236083628,2967386,325181400.1228447
2024-07-15,300038,98.9054623341945,101.21478920506645,99.0614080676789,99.23348451774734,8071940,847564812.8812119
2024-07-16,300038,98.92397766791835,100.44885521118469,96.13279119021034,98.6094928689964,1508483,188155149.22561437
2024-07-17,300038,97.66353714751818,97.8589591741441,94.59745810923026,96.8106163795477,3033302,398700781.1034084
2024-07-18,300038,97.1890340908918,98.78216744185055,95.86216620546556,98.08217280490845,2656226,359405177.4707725
2024-07-19,300038,96.74218985788731,99.0832041225405,96.07874537600414,96.62326052371434,5637688,653731228.8420011
2024-07-22,300038,99.06609184725265,98.69551469243899,95.79536740479499,98.29750611722766,7588033,773919407.8945267
2024-07-23,300038,98.8522978302009,101.14015972522166,97.43151163219507,98.67794186057417,5048404,649200237.6059462
2024-07-24,300038,100.24666148271783,102.50308034823487,98.73454285199568,100.63682857599461,8718664,1135570358.4809656
2024-07-25,300038,101.62469274315404,103.54582523085664,98.41454900106848,101.38074942395635,3226453,386617805.1931779
2024-07-26,300038,106.52456937655023,109.08495373159518,106.37367654099204,107.5973399361458,9089622,1274996346.2712088
2024-07-29,300038,102.45571428959846,105.96305965181014,102.85414666942688,103.3850892058666,6111624,766356495.8985353
2024-07-30,300038,103.94275641079356,105.06961893882051,103.57206635097083,104.77289364482486,7666278,831019473.3501234
2024-07-31,300038,105.62650723711657,107.26243821391839,104.75099487768404,106.19380183438201,2782670,308954796.33820564
2024-08-01,300038,106.58717456448704,108.31752244210166,106.09924193606058,106.11420068100452,4433452,693535727.6428909
2024-08-02,300038,106.47792026402884,107.13810228607187,104.17481156062819,105.50099255965016,2016259,240898302.73852247
2024-08-05,300038,104.79526818256004,106.16118986417179,101.83286853968139,104.8155303297749,9808639,1078195329.1279871
2024-08-06,300038,106.00312115782225,107.09271224695372,104.61020538115612,106.8878864865419,4760835,643049919.1424985
2024-08-07,300038,108.62403122059928,110.62721962130303,106.41421881979994,107.66942948709743,9966198,1503920248.2156577
2024-08-08,300038,107.57890110194525,109.21825942081963,106.4744192888005,108.12949297782981,8993058,1345239166.7488809
2024-08-09,300038,111.45510956076748,112.67303017758803,109.07703999641815,111.48664141013113,1252984,205594400.29297388
2024-08-12,300038,110.92025564846216,113.2248578741999,110.8706542786284,112.02287375653181,6578759,850757081.2180808
2024-08-13,300038,110.97441227613261,111.24597734677216,108.13293281813955,110.4493913741708,8233584,1014028753.1354138
2024-08-14,300038,114.7250792340709,116.30614921634411,113.1163419883906,113.72610893240848,3358212,460964530.2375429
2024-08-15,300038,113.71891786754179,115.35325228923121,110.54126067167336,112.82210143627447,6861966,837915647.3140109
2024-08-16,300038,115.18098275547806,114.36873010641409,111.68137293671435,114.06482073984441,4870814,768031461.3416291
2024-08-19,300038,115.6731109708961,116.98766421490949,114.00967082571792,115.47069329252525,9132313,1381436441.1788301
2024-08-20,300038,118.87167333991147,119.9278042179013,116.85650405186283,118.34770375133205,6069353,983918465.5866678
2024-08-21,300038,118.28911203835315,118.60039662289148,117.12903513940822,117.16224483194601,5064198,879592180.2778296
2024-08-22,300038,117.65862153371265,117.60676415334463,117.11711623250606,117.14792809204214,3186085,470649422.0972158
2024-08-23,300038,120.82226482232804,121.5028610027754,119.5595634570767,119.82196671941765,3710544,524280832.5678957
2024-08-26,300038,121.97611312508567,125.5051169176702,120.03657443695928,122.28009228389304,8558004,1455101600.2572634
2024-08-27,300038,121.2128026112515,124.4167550332632,118.14566461504744,121.36375719626449,4119451,664363967.9588803
2024-08-28,300038,121.71944782075745,121.04407669985179,119.18502877105783,120.97473498482019,8650802,1186830345.3770187
2024-08-29,300038,121.88181652610095,123.09621678920827,118.94599686692939,121.51890584388428,4421893,779000410.6860181
2024-08-30,300038,125.60893290673798,128.87059254897088,122.87693031110621,125.61638417500191,9264427,1603738021.0278094
2024-09-02,300038,123.03239169010052,124.30976370436001,121.99600377772381,123.31404664429431,2379808,294049734.60324955
2024-09-03,300038,122.08458848338728,123.36671079424345,119.63744782890664,121.67011487127554,2606526,463734743.3771638
2024-09-04,300038,124.87052116545642,129.56077098569247,123.81683152665482,126.10705860387098,9700334,1665581797.1785474
2024-09-05,300038,126.3262178786818,129.43922304501848,125.55681244728008,125.87224027998755,7938442,1056894749.2542679
2024-09-06,300038,127.79915152705424,130.55419938984832,127.12518642168095,127.2959962218243,4412338,653698721.9541312
2024-09-09,300038,126.23121225263067,130.2230589215,123.91449997409387,127.22636533206278,5517406,977673738.9898336
2024-09-10,300038,125.35690321844703,126.00993509839849,123.95809776415022,124.40478657757112,1313033,213201169.30523482
2024-09-11,300038,123.4036225699548,123.85409714079026,120.89787530098832,123.01472928928108,2600527,412166215.6979849
2024-09-12,300038,125.87492144561843,127.43356706364372,121.86889731622131,125.07787459153607,7429997,1237685934.07085
2024-09-13,300038,123.35604658057568,124.97241878437582,121.43246538251172,124.03986104925013,3324042,581794018.7109816
2024-09-16,300038,122.62877418633308,125.72024951302708,122.30146466907603,122.44822838079877,2113817,373526262.6888257
2024-09-17,300038,122.01453348134618,123.65763792163489,119.72408518370622,122.5672227350245,8510424,1326541319.2364852
2024-09-18,300038,124.42457185245571,127.10609343692914,121.43615223783253,123.57444279305967,3058366,494700467.1309707
2024-09-19,300038,125.87639818616198,129.052544476067,123.5193838023352,125.95746105272617,7699184,1258289345.8470128
2024-09-20,300038,125.4056191677972,127.29665822980803,122.76811454482436,124.38248844755473,6036352,899752000.5873457
2024-09-23,300038,124.27558548535714,124.57107698505988,123.0947243215623,124.0593882704227,8929419,1242312840.5575867
2024-09-24,300038,127.75765365785408,132.007824732016,126.03813205876392,128.42628876778105,4732690,722533706.8083892
2024-09-25,300038,130.03911188370603,133.8715790896349,130.61384352534068,131.1187742688116,3367874,475565080.8769331
2024-09-26,300038,130.56388544564442,131.5996393485599,129.3793030156198,130.16446768589515,8702803,1488942293.1853545
2024-09-27,300038,129.95608581832983,134.4864151742735,128.1463299063662,131.03712374317277,5795110,945783374.3496612
2024-09-30,300038,134.32250981446893,134.14991163991587,131.5527056165366,133.39998069950929,2602976,405505908.70644516
2024-10-01,300038,132.10129502627277,133.1009700742839,130.27373496444932,131.46517294378904,7376595,1166053682.581032
2024-10-02,300038,132.36546905024602,135.34499430496646,130.60248306923344,132.36905445714658,3833548,611444056.6876903
2024-10-03,300038,136.03341153379893,137.08225498231673,133.73381939193425,136.62990544478407,9343422,1551412549.6727855
2024-10-04,300038,133.32407074556812,135.20727672901964,133.13198012425684,133.66599835130654,9930265,1478969707.6820946
2024-10-07,300038,137.292775517238,140.8151135162437,136.52364550171785,137.82349710701016,9647506,1330265301.4095297
2024-10-08,300038,141.74517001047212,141.20393282311173,137.97677499482396,140.9062021836726,3414564,555118397.6423852
2024-10-09,300038,139.6277623931824,141.50082531065937,138.88707914519318,140.36363077695515,8133377,1193927583.9577942
2024-10-10,300038,138.55835037562449,140.22661182453513,135.0377770451491,138.12487340756738,9309856,1789725260.9345171
2024-10-11,300038,138.17503137190957,142.2392220153936,135.30564973637587,138.29271162360212,8820682,1600141890.149885
2024-10-14,300038,135.44636484278453,137.67190890219666,133.33580372439582,136.76445583781077,8405736,1425524471.411934
2024-10-15,300038,138.88119532047725,142.621991690298,137.627927685819,139.8427511970584,8268007,1503504133.8202586
2024-10-16,300038,141.81094934532408,144.03794860572614,139.1051919464978,140.9795532741447,7524741,1080086314.6392353
2024-10-17,300038,142.46446851387117,144.20540586916673,141.90982312012,142.3262133691676,8251362,1736752894.5458138
2024-10-18,300038,139.19162072123822,141.63066397169948,136.18834176646362,138.64003217707594,7367480,1259843597.2996366
2024-10-21,300038,142.20875709564348,143.77185142926461,138.8826383064601,141.338706017625,9749848,1446885948.3740697
2024-10-22,300038,140.89042852191898,145.78745442548265,138.22725410907051,141.77251513109897,3719618,677687419.2200618
2024-10-23,300038,142.25613229947035,146.05203980518294,142.02917107623847,142.34923834200472,2430453,439683851.2433502
2024-10-24,300038,146.45328569684685,147.3541693234651,141.95937917036446,145.114870526271,2497811,441720710.82357734
2024-10-25,300038,145.46095706287753,148.43732446010858,142.40091399097096,145.7687677339478,3768167,622671361.0540512
2024-10-28,300038,149.21155875345423,149.40884667195098,147.70762051583426,149.3134839863984,3393003,543259118.7352568
2024-10-29,300038,151.48313309666145,153.76800237271235,147.09205717091135,151.3256015047787,8301414,1398143152.1171694
2024-10-30,300038,150.05371632867286,150.8430404320943,146.36315595261934,150.0953766697069,4434993,995724056.2670729
2024-10-31,300038,151.1447775460244,152.18750146953417,147.29345127920513,151.37203274032026,2425302,445140230.23565984
2024-11-01,300038,154.40807993016958,157.17278724716408,148.82243701881285,152.89200620664232,5916258,1105959035.6148157
2024-11-04,300038,143.84764083919057,144.21605044212296,141.4681941690239,142.88665334885278,1968136,383130718.1055142
2024-11-05,300038,138.90514978274334,143.92538581944936,136.41640664413404,140.22909527303497,3936142,566246587.0104014
2024-11-06,300038,141.69659262284355,145.16586146014453,141.60553992078508,141.75385322372247,8685521,1681711896.0142846
2024-11-07,300038,141.5576213656396,141.7523767660295,139.98604917008518,140.9241278712897,4789731,829854746.6992365
2024-11-08,300038,139.26296298526898,142.64285524591898,137.91492408211846,139.36054927601222,3268492,544337172.2914572
2024-11-11,300038,138.06509175273195,142.02062891203718,136.18705289395604,139.22882824666166,5695491,1086747522.3824177
2024-11-12,300038,136.0532522810742,137.09724546588794,133.2741173952207,136.00482527659761,4226997,735370627.3419797
2024-11-13,300038,135.7572612165899,140.11377033529473,132.150170735542,136.1400568233808,1595478,235686825.66336364
2024-11-14,300038,137.29300458507544,138.3391280702619,137.37619892548852,137.6488658382974,2022414,344480445.2939889
2024-11-15,300038,139.411643630829,140.7343058107909,137.47144636217206,140.66728344181595,9908505,1846640072.8805988
2024-11-18,300038,139.6914755776201,144.86623077269897,139.4770856562383,141.06742983861977,6663716,1370177848.9709625
2024-11-19,300038,139.2306079527509,142.736562264961,135.70026509707756,139.43691218621095,6862601,1172728224.3369727
2024-11-20,300038,143.32035840007447,145.32351772874398,139.48203290532854,143.6572605108368,5753143,872145476.4916645
2024-11-21,300038,151.79516511392856,153.71186326371975,149.5623323367301,150.3438495394995,2956767,527160516.1166144
2024-11-22,300038,147.82608649164584,151.1652929609471,147.69005343127546,148.0644620837656,9360464,2052903915.0089645
2024-11-25,300038,147.0193516488233,149.16261310298108,141.9732044323983,145.68413486940213,1247491,214056669.71338135
2024-11-26,300038,141.07074143925553,143.2962310974286,140.93132990978006,141.10596677777457,6224894,1114713590.218653
2024-11-27,300038,144.0818064608947,146.41587628112208,141.63438142822264,144.3741469434693,4761380,922912474.2571993
2024-11-28,300038,146.6196977683125,148.8412477216185,144.25635996858765,147.72960711252125,9914675,2106929377.0537531
2024-11-29,300038,155.55735115362629,156.80670018727446,150.43877393907664,154.135714355464,9968601,2086636651.274091
2024-12-02,300038,157.78783602790838,160.5864965193575,152.94686734878113,156.6433265536802,8920015,1578120610.4906907
2024-12-03,300038,157.4055566695394,157.84835246281432,156.353058706577,157.38095119060182,3273333,568308639.8900436
2024-12-04,300038,163.2748493264539,166.15114431314151,162.1141766411033,164.67150989265602,8549544,2087057081.5948749
2024-12-05,300038,168.82813612019436,169.78518360088194,165.69768353850134,168.1930705238248,9479283,1808939686.7954328
2024-12-06,300038,169.65107456527213,173.39732957129328,166.02902856097268,169.12802301202072,2945865,562199874.9125978
2024-12-09,300038,171.17866386985128,175.25552437413015,168.79260243363447,171.4718820522039,9519188,2047122537.4530783
2024-12-10,300038,169.22016550398507,172.43033249921842,167.69450268195905,170.7835076035935,4374422,927950574.8141233
2024-12-11,300038,171.0734918384282,169.69335299331053,166.86596887804163,169.59596401043166,3660833,718909916.9091276
2024-12-12,300038,169.78316789116363,173.30675169923447,164.04362293165215,168.5890326906397,9065890,2097146548.3589694
2024-12-13,300038,169.91204683643153,171.1267989287142,167.31129931804057,168.64525620429305,2463282,476447078.24226743
2024-12-16,300038,172.9306064663096,174.62964154309893,168.32214708704745,171.80488263379848,5745438,1214855509.7130756
2024-12-17,300038,169.93876150478638,174.3044485653939,168.5382496570909,171.60825726329617,8273108,2018947175.713042
2024-12-18,300038,176.07764892721775,180.43593420152027,172.20697501568398,175.5148688749365,9670668,2346487532.6424603
2024-12-19,300038,176.77770708995715,177.94442017219131,175.64824680221776,177.4928255146915,1532741,400482927.7265609
2024-12-20,300038,174.00693505260344,177.2360343235126,169.93389475840382,174.57309441659967,8488187,1641201395.9366438
2024-12-23,300038,176.97932914336639,179.62028664490802,175.80480399243484,178.7161116603708,1313409,342883064.79791164
2024-12-24,300038,175.2707193122954,178.09564405125943,170.7326348479088,173.66279352561483,2049980,473971119.6525346
2024-12-25,300038,175.8414530739181,177.13272885391297,170.0433861586425,174.83997487023953,5686591,1467934803.0370567
2024-12-26,300038,177.5181555763299,183.55036215498754,174.3551561306889,178.33937166761183,8233381,1761120839.257192
2024-12-27,300038,179.53562183961813,185.1786055608149,175.68557704302094,180.7461040931553,9631463,2427910217.405543
2024-12-30,300038,184.13421129732237,188.50166671860285,185.8142986971277,185.9809497691796,4425667,1089262939.5822368
2024-12-31,300038,181.80596709689604,184.5225602986769,178.1818143017615,181.6029041999943,7118682,1789680628.921496
2025-01-01,300038,176.3081330570794,178.46202900172386,173.36873827494617,177.59758797242623,7422207,1817313888.6277094
2025-01-02,300038,173.91206579550143,177.23452775183077,170.95203936536694,175.06851521040443,4090685,876094750.8614315
2025-01-03,300038,181.817623788623,180.60826043866936,178.06998478437822,180.45802532769895,5637412,1280487617.8123884
2025-01-06,300038,174.84449500264975,176.5093450409655,169.84521126218712,174.74023010074987,5383294,1292517487.0799038
2025-01-07,300038,167.78068912028482,170.11219243178365,165.4215107976821,169.0595668776459,9874737,1744852584.188029
2025-01-08,300038,166.64709634476088,167.39559154279846,167.26233507611477,167.2632060972607,6949657,1463494273.5918655
2025-01-09,300038,172.95383187359522,176.51264661385,169.25111133505504,171.4581931567016,9784241,2211945722.933122
2025-01-10,300038,169.3816737730455,174.752884521945,169.18270612057518,169.723665322785,8242958,1667571252.6208816
2025-01-13,300038,169.42564069602778,173.301667199001,167.2358726200148,169.11544057000816,4076701,690088741.5845336
2025-01-14,300038,165.24689539519363,166.36018295035558,163.19800044342705,166.211949255481,4777286,956070101.7564836
2025-01-15,300038,165.13820659875444,165.22270447497138,162.7176785357554,164.6592837995821,1256058,243052051.9209116
2025-01-16,300038,161.607977226384,165.8336962604814,160.505570088327,162.9720623564184,4820453,1152914881.6255345
2025-01-17,300038,158.4963652151729,160.653150627303,156.2859141488009,158.6608261669588,5076013,1091750406.679146
2025-01-20,300038,164.1272311514203,165.0999951706635,157.9546980182005,162.65508277110104,4677151,1114693072.0555112
2025-01-21,300038,166.4167081851051,166.42047491230593,164.71303782704172,165.41196931739938,3976813,884184564.1103498
2025-01-22,300038,159.01283794658218,163.719269999236,158.3182251919335,160.05835021111645,3878764,837526514.6270075
2025-01-23,300038,160.858249148375,161.77871082538115,159.457214461752,160.78261715132848,1657500,308380413.4340481
2025-01-24,300038,161.51047853890083,167.08275585764306,161.58391999901497,162.64946694283324,5708898,1368776344.737334
2025-01-27,300038,160.62525243402186,160.37388455960414,157.57187928252534,160.19488685118012,6199911,1089729789.6854198
2025-01-28,300038,161.39335649954467,165.23293974577868,161.85066423844026,162.5495048280147,5100251,1058945617.2125338
2025-01-29,300038,166.2821760721729,168.88292298891875,161.21964003725364,165.08894331159527,9028822,1679930675.5938544
2025-01-30,300038,165.3597232833228,170.54681773190245,166.08734727209608,166.25164994025624,3584246,752962545.5422993
2025-01-31,300038,163.01362646608283,165.92052896982798,158.6252180308007,161.68851318724538,8922467,2006666265.679687
2025-02-03,300038,163.0676137651588,167.29952328166812,160.72004252174602,162.69818596796617,1842700,329340984.97225505
2025-02-04,300038,166.35395362013728,169.4820021272167,164.20846689195386,167.56910274171688,3084118,556252013.9512532
2025-02-05,300038,174.59871592059767,177.2688760282431,170.26407130914095,174.41314685412354,7538398,1878693204.5552988
2025-02-06,300038,172.25166078999865,178.4555201925086,168.86060142567567,173.4666774154449,4508131,877347589.1444453
2025-02-07,300038,179.6154425767858,180.5372480374413,177.29643465188153,179.49346122738515,3546105,894071068.8725467
2025-02-10,300038,176.13481602447334,175.9106468973795,170.76255323581967,175.04084079369082,4377201,1141942382.8686578
2025-02-11,300038,170.32671281589631,173.85854115940387,166.6993453315218,170.51173899094792,1349964,307199362.72244245
2025-02-12,300038,167.6094671022423,170.35595793115885,165.69199969283798,167.08509135435608,5560435,948870818.0445698
2025-02-13,300038,171.96551622610207,172.48973588167362,169.17097148254342,171.42106065980562,2453968,626119769.3407491
2025-02-14,300038,169.60316924211426,169.48498645802962,166.69632621537832,168.9213225783141,3646295,850758854.0016594
2025-02-17,300038,166.58681164433423,168.77059328779697,165.4682583858601,167.227235273334,9789468,2431977317.3243904
2025-02-18,300038,172.18243299468062,173.35899313731716,168.29278916669026,170.76117212612522,3436816,763327321.1442267
2025-02-19,300038,171.2160782668742,172.3578013466812,166.9765919861261,169.53766210043253,4208252,800508014.4574276
2025-02-20,300038,167.49006884335773,169.80119020272892,165.23880545847663,167.18810718237307,5813612,1403379977.5743344
2025-02-21,300038,170.1023506661564,174.66524157288424,169.06893865448112,169.704639489259,7737463,1513161437.4078195
2025-02-24,300038,169.66498844814913,170.70464645120038,166.41475866660693,169.42489427682705,8629725,1697110361.1852114
2025-02-25,300038,173.53431668210166,174.55846526538497,171.36072787611764,173.16730472753915,4103410,841432027.0870891
2025-02-26,300038,172.59839108736705,175.83690733465485,171.34001722450293,173.35923109864822,5395963,1227647671.7481735
2025-02-27,300038,170.46353152506512,172.57513484947782,170.83314755067437,171.13179711244945,5507166,1110418478.6008468
2025-02-28,300038,165.30945557440694,171.6728810898388,166.28239498574194,166.9707530497756,8125672,1894629017.8529239
2025-03-03,300038,168.5630378224409,170.44923230710475,164.6049477677361,167.60683737404406,6104830,1434482575.1851437
2025-03-04,300038,171.16551372226525,172.3710486666743,169.49704832743893,170.63481935437483,6844610,1174179676.4325256
2025-03-05,300038,167.82181643604113,169.46575492961668,164.26777292893388,169.04075549817617,4218680,805267362.1389482
2025-03-06,300038,164.9666531385293,169.2321003039437,163.93602115912174,166.59373745914834,4209314,965462615.5012461
2025-03-07,300038,170.6904574705693,176.18249637690778,170.6243818339126,171.64677460891335,8146605,2093492168.7047174
2025-03-10,300038,164.12392570391933,167.45093570396162,163.64603280696835,165.23842449902534,7647349,1811457685.1890469
2025-03-11,300038,168.74221240401891,172.24080785574174,167.25798969207318,169.97719276672976,8054872,1934923157.7177694
2025-03-12,300038,169.9499393274362,173.29213727180354,164.28835477694173,168.86714150949064,2618361,652254727.5083529
2025-03-13,300038,168.9392134834867,170.038526873148,169.065260227822,170.00064486003146,5642627,1390367025.800128
2025-03-14,300038,171.83196604821663,175.15256317576316,169.67266972018416,171.01420804872754,1436462,246713275.45567945
2025-03-17,300038,164.9189499404024,164.47957498515862,162.09340211594068,163.94833534228357,1778437,429663970.97949696
2025-03-18,300038,162.6338284597226,164.5872636200642,160.69564531227635,163.5567585890895,4101302,705008096.8957837
2025-03-19,300038,167.54273168734167,167.4569990944184,166.19632228593986,167.19797922955144,7991181,1973410533.99401
2025-03-20,300038,169.08519086392405,170.42410971993357,165.6496412886353,169.26018814660156,5535255,1339546710.8998017
2025-03-21,300038,170.26242762045396,173.3359580118089,169.47270431847465,169.700575572008,2752085,618786766.5759931
2025-03-24,300038,164.19252091904343,166.47281219516475,159.9203404024689,163.86082692370496,7092215,1288432827.8174677
2025-03-25,300038,165.64106573266614,168.67461843548466,163.96106277172885,165.97212827877232,4198081,1014581014.8479623
2025-03-26,300038,161.31620081194777,164.0903013875327,157.33654914324433,161.4297099210284,2064684,406469125.31190276
2025-03-27,300038,166.67235893053186,167.9714702999011,166.59110823208545,166.8902490366506,9935994,1764084278.5113983
2025-03-28,300038,167.61300900794032,168.00915103764697,163.8735467564741,167.79355955205193,6433067,1383626255.8702085
2025-03-31,300038,172.88592947629488,173.65001021085737,168.59305815515017,172.32360708431514,9243533,1726304012.7761023
2025-04-01,300038,172.26687791121282,174.68383023925375,167.02156987769803,171.7135374845073,1942032,422247897.38201284
2025-04-02,300038,171.67291358078236,174.6939656627511,167.96663198932035,170.3383124277346,3233978,756436471.9162335
2025-04-03,300038,165.3482591918892,168.8102535711139,161.62698738005733,165.84503849208676,7489760,1752456813.3942003
2025-04-04,300038,173.066551904589,172.3512096672683,168.10555234281307,172.11788511091433,8970868,1871833939.699147
2025-04-07,300038,172.69010547983314,175.27694374430092,168.64499929680105,172.66270077156148,5958668,1228488966.1416957
2025-04-08,300038,168.18661937478979,169.15930185556118,164.11110525821735,167.604720478646,1137917,252944033.0019021
2025-04-09,300038,167.06569305635233,168.6910101786248,164.38082889361183,166.50270425116423,1383111,250083347.28706628
2025-04-10,300038,165.82966708294,169.0842019556052,166.50241930207378,166.89349178763794,5330316,1026871617.8906207
2025-04-11,300038,165.73775694760567,169.67766733773288,161.67687646077354,164.93185577711006,8947048,2045568090.5693247
2025-04-14,300038,164.82727299264764,167.3402366833766,163.49356915338078,165.34419111036212,7684530,1854116835.8257878
2025-04-15,300038,168.55179537755285,168.4372482121334,163.92970264109735,167.08139673527847,2499582,561240224.8954952
2025-04-16,300038,162.6631781308216,168.07945838537353,160.81471079464467,163.51980887666016,2827826,480141101.6007251
2025-04-17,300038,164.66073381453387,166.4147070488594,165.14910103094218,165.29246235705511,1960461,443928791.077896
2025-04-18,300038,166.34719698266056,165.67228143497164,164.45100678445357,165.06776064348813,9421051,2102790050.4003344
2025-04-21,300038,164.1617142595836,168.45581956650167,163.01437938536174,163.85888208287898,1909155,336732239.9126841
2025-04-22,300038,166.9538768138824,169.46457994184485,163.65736824851422,165.85671775629353,8548769,1463642018.073441
2025-04-23,300038,163.64408067954687,169.0066471891175,159.8664338085814,164.60433236478397,7013165,1563599490.6911771
2025-04-24,300038,158.22532639326016,158.8864630310627,153.26029604152902,157.19804110706846,1465289,232284243.45067
2025-04-25,300038,160.1828185050212,162.86562068871282,154.63729718660093,159.01834711548085,6965108,1369353746.755946
2025-04-28,300038,158.5787021408991,161.09538755906215,158.2005632303068,158.27180061050606,1729491,338467564.7827678
2025-04-29,300038,161.1008675907292,166.40718930259595,159.81051346454714,162.19182583931953,6738549,1242068027.383734
2025-04-30,300038,163.17716821357513,165.94053731822532,163.44348262872614,163.87267162280682,3607112,748824526.2066734
2025-05-01,300038,168.52806989153316,169.34145740976464,164.1475473911711,167.34571849822953,3191008,666360393.5905603
2025-05-02,300038,161.77376263080617,164.95913123132374,158.20254451813875,163.0099365002735,9823392,2157295226.482302
2025-05-05,300038,163.316768324556,166.7650788648538,158.187734450173,162.28119444126676,2746591,559966465.0446323
2025-05-06,300038,161.50371123124052,166.34774994942518,157.43332260337476,161.7614950396074,2434214,588845543.8196658
2025-05-07,300038,161.56121338346202,167.01544050743613,161.98100628593733,162.87718036040224,9148434,1870451650.67323
2025-05-08,300038,164.99177014963476,166.53749849266038,162.7997510572471,165.47647478995373,3747864,649964282.9114804
2025-05-09,300038,165.146071134122,170.71897218896342,163.8808797880987,166.738573387237,8153277,2009275223.2118149
2025-05-12,300038,166.62527103144132,167.8171828691608,162.34775709323577,165.09197609544702,8854567,1833818387.3505573
2025-05-13,300038,165.92276584463784,169.4883050164574,161.29729631302177,165.6498010224857,3793203,935311070.32582
2025-05-14,300038,163.00734351188166,164.27364294459343,161.32299102326812,163.26797513945706,6195625,1206662102.3816464
2025-05-15,300038,162.80911059258167,164.6294262483284,157.77802294951536,162.29409560410357,9604043,2295057026.622506
2025-05-16,300038,161.67546508569802,162.02680304434324,159.53174841046206,162.0118520030923,9475612,2135496157.5866013
2025-05-19,300038,159.514337415253,160.3208617008376,154.66919861051585,158.1801276959256,7133472,1551288016.4904356
2025-05-20,300038,155.2305275286888,156.78504599170336,150.78975275092392,153.82850920884908,2510785,532585734.543941
2025-05-21,300038,152.103097424458,155.69491349107366,152.37976953025134,153.41266360530165,9398700,1844927168.7508464
2025-05-22,300038,150.7137181653385,153.03632901432817,146.85837949039362,150.11773416245614,8946098,1893431532.5417743
2025-05-23,300038,148.92039667029036,152.4796721019793,146.74675465944472,149.99483161978426,4098041,685156357.1275873
2025-05-26,300038,145.383559135858,148.03612289914827,142.21219992533395,146.18129462876632,7810861,1220729309.8319304
2025-05-27,300038,146.12662781327077,147.02993000321118,141.34618000072814,144.89837545614057,6737374,1105183109.5469542
2025-05-28,300038,150.66360920420982,150.8336077991387,147.72115628112283,149.79119782548685,7672109,1387175728.1886635
2025-05-29,300038,152.68549118016327,155.94394702311737,150.03007463823238,151.99822849910632,8260336,1524589028.064534
2025-05-30,300038,153.49333714295105,155.44901991566087,150.62602236385504,154.61441533622548,8383634,1850572717.0739362
2025-06-02,300038,155.26703642918105,158.0443508677336,154.50897644924368,156.0838773871907,2088657,426937168.2744432
2025-06-03,300038,161.49113366290447,160.5834467630817,157.92358008341398,160.5009200659956,7311525,1531152067.9623847
2025-06-04,300038,158.03717726472433,160.8043815077034,157.62827597366913,158.6401780806635,6116356,1386527267.2761483
2025-06-05,300038,159.9277772719033,160.18526852386242,156.05557729702468,159.9563714903751,5997501,1033470830.0410173
2025-06-06,300038,163.65391758183495,168.41749556181117,160.78245074461472,165.01958426244346,8427648,2000176708.8376157
2025-06-09,300038,163.16426899282067,164.41781474802272,159.5087789047741,164.21154708211165,4835056,1057259837.5386094
2025-06-10,300038,167.94164251508099,167.2649310124971,161.96290570636333,166.8263370033984,6678335,1640906096.853252
2025-06-11,300038,163.95960050777921,167.19043639226058,159.7460489646398,163.51502530503086,8348211,1961335486.7784286
2025-06-12,300038,161.3569134330099,166.68258439372323,158.11334346644006,162.65480123540138,7919381,1597879455.7562165
2025-06-13,300038,164.42492101857948,168.317441036144,165.0666656943615,165.4603097970271,5518982,1157217807.8641415
2025-06-16,300038,167.13052761332386,171.89088235338002,167.62654332941565,168.80585443192186,8525008,1599582529.0280578
2025-06-17,300038,165.2090509040624,166.1094254215235,161.878030903356,165.75875169603657,3793849,756175680.7042686
2025-06-18,300038,166.5213627103914,168.3493492284748,167.0362029677841,167.49578239794198,6558687,1409692320.8491433
2025-06-19,300038,167.66925740483444,169.79912161511544,164.45445925000763,167.36245859525917,2204857,446686227.10305333
2025-06-20,300038,170.23194271344806,171.94032069175287,168.51498496502597,168.92109355631007,4964473,1249881239.0814652
2025-06-23,300038,167.82985746631581,169.0505497377424,164.52600075893133,167.15115619388266,6934636,1658694302.2874672
2025-06-24,300038,164.98684729651666,165.97064157743344,161.37669521155894,163.44435360694177,1719480,352903464.5162531
2025-06-25,300038,158.2792546288588,161.91718061137556,154.64974420483864,157.2989189236542,4277975,769618713.9690473
2025-06-26,300038,158.22441906264467,159.1779348904535,153.62228644724377,157.23642260151505,4651497,1032224564.4459134
2025-06-27,300038,156.41950954843992,158.96836037904907,153.61076857566428,157.85768433024907,8523644,1995535027.2868526
2025-06-30,300038,156.98656343044135,158.20681179269965,157.81121729183405,157.99130540694588,6814345,1172380465.8359342
2025-07-01,300038,159.00759385505597,159.31066360690343,154.15957656250947,158.31966123790897,7146591,1234710338.7894676
2025-07-02,300038,155.5373469288717,156.0886633353552,150.7327858023293,155.3149464919439,9737591,1881709516.3021662
2025-07-03,300038,157.10794394377402,157.24347704400964,154.34385475882442,157.13932150464578,4843158,838793439.1273265
2025-07-04,300038,162.52706589187335,166.17016899440497,159.22920493477278,163.05529755304877,8205727,1642906156.8494987
2025-07-07,300038,162.21185031315355,163.96041118848208,158.67423774087084,163.48171544258165,3020680,656290221.8083103
2025-07-08,300038,164.99280628478857,167.03972584722254,161.16532249770373,164.25356121134516,6124980,1433887187.7181864
2025-07-09,300038,161.7480804442336,166.34249087321606,161.75807664984222,163.1518596809307,2754996,517369104.4255388
2025-07-10,300038,171.2650795832634,174.01931036039528,167.8040868468433,169.66737688544984,5660681,996676492.2254145
2025-07-11,300038,169.42162276949995,172.57431749283836,169.3005467944357,170.12539560093668,9825513,1798152156.130669
2025-07-14,300038,174.63561451859348,173.8065463496197,172.6251995774934,173.5206660715038,3640772,885553772.4746653
2025-07-15,300038,176.54833144807347,177.66519858613336,174.96899470468566,177.0411101139609,2247906,583750798.5148785
2025-07-16,300038,175.740939361705,177.2043490680686,175.2265815173234,176.05743536321157,4156133,908172739.8618455
2025-07-17,300038,178.59393556511012,183.31298617864707,177.6993949566152,179.07189169168126,2595046,593253938.7937506
2025-07-18,300038,176.10111255151716,178.7127140355341,171.9530145569615,176.59731301896088,7008307,1403403680.469604
2025-07-21,300038,171.07692848671422,172.70612969315312,169.7454051773267,172.57894686551305,1239453,244397769.6344728
2025-07-22,300038,167.37905398762706,171.0155674349658,163.08663834417857,167.483549306346,7019927,1615558052.3878417
2025-07-23,300038,174.07069292468583,175.8588290781364,171.88225792759968,173.13191284931654,2608570,526490070.0530939
2025-07-24,300038,175.15798318333117,177.03387265373377,172.94460245385898,176.314011703425,1414574,345280546.3535586
2025-07-25,300038,181.853617427467,180.179079954426,177.27148171365272,180.0957859832285,1620912,344469029.2803328
2025-07-28,300038,182.6927294947122,186.27280659408004,179.9927617281118,181.16453118297204,3930276,781453287.2943951
2025-07-29,300038,174.5331664404963,178.14500475896133,174.25109202740876,176.02311517240759,8487465,1836419697.3231852
2025-07-30,300038,180.3460598710078,182.6915784129665,175.80856664957417,180.04900019781655,8511890,2101506555.6747284
2025-07-31,300038,180.69888071857187,186.1691732630558,176.87381245190133,181.81670316849997,1009826,207417680.42298016
2025-08-01,300038,178.08575127171864,177.46379214443965,171.45499972727785,176.59651168627332,8324411,1720066657.09804
2025-08-04,300038,183.14655175535225,187.3713594433223,182.65341619085876,183.24742376190068,5915243,1431316806.50201
2025-08-05,300038,177.4928902946824,183.71440479637553,174.20769095842235,179.20207249594097,5802166,1253347042.3684812
2025-08-06,300038,180.97464115719282,184.6060043022014,178.09377852322726,179.29786552966823,7954042,2063329299.887347
2025-08-07,300038,181.8605611814391,183.4604125212047,179.1820039525545,181.50775685232347,7115722,1684480697.258359
2025-08-08,300038,177.91001164966448,181.25768880534324,175.85610455255338,176.45183599642246,7583683,1520847091.9132612
2025-08-11,300038,176.7385592466072,180.2249231751708,176.785350344805,177.50586478604671,3571419,670521887.4105282
2025-08-12,300038,177.81504125719349,180.16299678453788,173.35930366042973,176.52629416322387,8718265,1693841568.8953354
2025-08-13,300038,174.0051771787589,174.65717578190038,170.25484984562857,174.3933753114577,7144324,1619935253.582574
2025-08-14,300038,182.4854310118659,183.0894935615348,178.5021573606186,182.8949473608133,9799556,1955037077.8563395
2025-08-15,300038,177.90980211086304,182.69132255697832,176.1655005329289,178.62460310319355,4969257,1002252925.6560427
2025-08-18,300038,178.32482505263104,183.4009125921164,177.35673338205177,179.29389642372064,4604877,1069556675.4912521
2025-08-19,300038,179.83938537914827,183.73292554034637,177.3615857449758,178.7118334598027,9012565,2233723234.9485435
2025-08-20,300038,177.60727958451943,180.56874225534096,175.64830793734478,179.29775907829506,8917215,1925926573.0094213
2025-08-21,300038,168.5230548312892,172.23573570729292,169.20678436210034,169.92492729844395,2730162,644764465.2193984
2025-08-22,300038,175.37581709390426,177.98018665988934,173.62627818426105,173.97119037968298,3679561,843872198.3867546
2025-08-25,300038,171.34197870817036,176.78491546065837,167.8185031354209,172.72332403696922,6322102,1265997761.5908396
2025-08-26,300038,171.3316674676592,170.7847638264895,166.5438548515123,170.59420624752048,9981573,1742404706.592781
2025-08-27,300038,175.30966598863984,179.11910042741005,173.92650130390564,174.53733133199523,2826921,734049172.3759551
2025-08-28,300038,172.28251456268768,174.3983259913038,170.8384507331022,173.1635638283993,9823965,2463095152.850567
2025-08-29,300038,171.80013517366643,173.3759760090379,170.01298232975955,170.68487854419885,9319900,1893059791.2737687
2025-09-01,300038,168.88436946729533,171.30486533051402,163.0044879049022,167.5092318210683,1526401,334097457.4128751
2025-09-02,300038,173.10734744755848,172.82929454186012,169.16738935083097,171.56012284991604,5657483,973390496.572195
2025-09-03,300038,168.5671129635292,168.64442550860156,167.36521640299827,167.9245964602294,8985654,1819923083.2350125
2025-09-04,300038,169.93055491474044,173.45463619455703,165.91142633336514,168.76668950469224,4647724,797449210.6802268
2025-09-05,300038,170.81286819047148,174.4161935307431,168.13144251601472,171.9206984330577,1267474,228801477.33455572
2025-09-08,300038,168.23623054617156,171.2852611652433,165.11805275780227,167.54008150981466,5623848,1074510606.1440213
2025-09-09,300038,167.41552623618676,171.6948895286588,166.43538775460075,167.1089798163592,3527655,818414944.4743295
2025-09-10,300038,162.74036953684399,162.51808322549132,161.33598405817565,162.10031688958333,6207005,1049466868.1009601
2025-09-11,300038,160.13664558986451,166.45359553546157,161.0401760675684,161.744591593407,8254616,1818793090.9834187
2025-09-12,300038,157.52459804913588,160.7870286132582,158.17278051599146,158.76699356157627,5375006,883821770.3033626
2025-09-15,300038,160.18846322670203,164.48115613630628,159.98255696029355,160.93944298522484,9182748,1938932877.8328724
2025-09-16,300038,163.0450200766117,164.7280108763871,158.768868278546,161.91884638901445,5617075,1059272341.4170775
2025-09-17,300038,165.2252907226628,167.91377441988294,161.419822892137,164.7626229672344,5393230,1197508858.7957008
2025-09-18,300038,165.48239097353144,170.62043432545335,167.03078630964495,167.1337149936215,4383336,837545721.7467822
2025-09-19,300038,161.03378802360007,164.4878321343895,159.3032335377346,160.87595315023313,1284287,271062148.4779475
2025-09-22,300038,161.34667069426044,164.73587919577534,157.2731341833826,161.26574735401144,7957414,1391700293.0152938
2025-09-23,300038,155.44000829963258,156.66299408542707,151.32724624857295,154.64110146168233,4066608,815704255.2952199
2025-09-24,300038,149.3012364228034,153.23921091405907,149.31627805468563,150.07595959206944,6749093,1416358526.6527672
2025-09-25,300038,149.87906233218533,149.24498613935208,146.4213454933096,148.60707140318297,7031034,1171384605.5078502
2025-09-26,300038,147.92628833478489,149.05697785872894,144.2791322824946,148.09866701918642,6676153,1290364566.2366776
2025-09-29,300038,151.52422203687985,155.30312099411745,148.25609624278331,152.59580051329058,3565051,555166711.8140397
2025-09-30,300038,151.0439910396178,153.33380421163824,151.056700576831,151.81783985765878,9819433,1842915600.6571167
2025-10-01,300038,154.31980885102206,155.3013324906621,151.98032151040152,153.79094216783938,2939260,456853202.5411368
2025-10-02,300038,152.66966539419624,155.22210913202267,151.2954980893531,152.79546256513603,9268815,1602654460.8997638
2025-10-03,300038,149.22887566513216,151.37486634563498,146.50320418640774,149.32487400703585,9897565,1804491849.9359062
2025-10-06,300038,146.42400595222978,148.14069292003987,146.00678539486765,147.61501300801532,9912908,2023835515.19357
2025-10-07,300038,149.3992134297492,149.53144614358365,146.8033930504652,149.42310285434647,1846959,285174094.7742244
2025-10-08,300038,148.30226770512377,150.8770530236867,146.71516735902372,149.79767753259307,7090040,1504172309.9160213
2025-10-09,300038,144.61089120916685,146.2761386911811,141.43581419026083,145.4947742018393,9538421,1565316287.970203
2025-10-10,300038,143.18590196427226,144.2508528147309,140.11561160100067,143.45666655813838,8590835,1538403780.4728105
2025-10-13,300038,141.97703911921533,143.10505199724247,140.97620369861033,141.2926081239757,9688496,1581724369.7346764
2025-10-14,300038,140.50740640857933,145.62876342932643,141.08786020515714,141.87204795789185,6961240,1330228171.7979693
2025-10-15,300038,144.85647292531627,147.90087205620262,141.8776184442059,144.87382264606717,7961455,1547538527.6131065
2025-10-16,300038,146.42806223275966,148.49952210365637,142.69171280235867,145.30907725720715,6092443,1216359458.6778908
2025-10-17,300038,142.5556798319454,144.85411166088346,140.05935569139092,142.0188917183668,9251624,1552062221.4430563
2025-10-20,300038,138.92901128803453,142.57265903911096,138.42443822292327,138.5543995937337,6858035,1174867682.7133417
2025-10-21,300038,139.62412730375544,143.40522031549096,137.3485296892064,140.39045757187137,5054828,769778265.7300223
2025-10-22,300038,139.8734596801852,141.75571852325044,138.86731204997244,139.92626184071946,2265280,340342528.7385868
2025-10-23,300038,134.30809247266012,133.85517192484605,132.29536071716558,133.09733666234945,2420086,373367111.8636877
2025-10-24,300038,129.75883473023367,132.01527448215776,127.64741874611333,130.599270549562,4057624,722535003.0624741
2025-10-27,300038,127.87548124817337,129.8074616814296,127.30240824630023,127.9854473716777,8406500,1206932524.3216991
2025-10-28,300038,126.27338864175765,130.92364058443064,126.47244250367201,127.14391104019138,1607623,249207131.90158132
2025-10-29,300038,127.21254776934391,129.1930828993934,124.0883107283056,126.30511835185189,3290555,576651802.9938375
2025-10-30,300038,126.80242111828878,127.38215817546214,125.6024610770081,126.92040653258634,2201890,388574693.6592589
2025-10-31,300038,126.75639193666217,129.32108389467666,125.55204337996364,127.3186344133953,2387135,357033544.25079054
2025-11-03,300038,129.22902983902245,128.89885533533922,127.55694551968124,127.96553301756495,8249351,1524646534.1048226
2025-11-04,300038,127.37508740455229,127.07821416889897,126.10810413492888,126.67232820156175,3764496,575401961.7497512
2025-11-05,300038,130.12977082879382,133.12916411023508,127.0180037158544,129.974993887234,1499622,239262015.81421268
2025-11-06,300038,128.37363714695528,129.05180081181504,125.40379501558064,127.37416733920368,2189001,283939092.7184342
2025-11-07,300038,127.76214998882472,130.96338803399522,126.44202478521295,127.68416493387411,5579602,908171479.486957
2025-11-10,300038,132.50933461187327,133.1514253765524,129.4611916607366,131.39033095612533,9655084,1795900702.4722626
2025-11-11,300038,134.0480493336881,135.9126040181755,133.00031370496035,133.65108413563297,7301818,1293631268.469706
2025-11-12,300038,134.47650350384876,138.197399405264,130.9353799011338,134.24468850781145,5830869,1078365923.707618
2025-11-13,300038,132.4525091494532,133.7874888588945,127.60100115016735,131.46042525877226,8164948,1092716111.143624
2025-11-14,300038,131.71296585056498,132.8196922683952,126.81066303808954,130.72753362593738,1408289,215534541.87534377
2025-11-17,300038,133.1120006808615,134.25543903104116,130.46054049865847,133.37347446262018,6758852,1083791731.8252041
2025-11-18,300038,129.83250508294063,133.05760326027612,128.53956826727776,130.33018488144376,8302239,1185997656.9657254
2025-11-19,300038,134.3918864515002,136.70241982848202,132.86441766865394,133.632124576896,1993192,290118699.9569644
2025-11-20,300038,136.4632530069663,139.95581499126956,135.73372869682973,136.93376692275928,2552129,381874472.8957221
2025-11-21,300038,140.3291272415211,142.25421282400546,137.08039968793895,139.5658056151165,9124391,1900817387.4882371
2025-11-24,300038,143.92403252170533,148.41973618856113,144.15214878290024,144.2196431644651,6771132,1156342102.0409288
2025-11-25,300038,143.807093136744,143.68334509871025,139.3651486730367,142.5249088612236,4036435,602701710.2135423
2025-11-26,300038,145.67703279098689,147.61171971059196,140.84205386389942,144.25002675800533,9217470,1436649821.0628617
2025-11-27,300038,148.29928995983752,148.7417539993178,146.4830440599713,148.40089107584646,6166324,1105184956.4242198
2025-11-28,300038,149.23885907794406,152.17313403445758,150.02655910006038,150.59434366496868,7130496,1594954700.395693
2025-12-01,300038,149.73719018018738,154.9328282156013,150.56287598722616,150.97444795668244,7181889,1267016128.543838
2025-12-02,300038,151.73339519792873,153.8019616667985,148.69112706847716,152.63440950367215,3668022,710049422.2533733
2025-12-03,300038,153.5143121381528,154.21976639694432,152.12652054331843,153.61835996765743,9420062,2000426767.172217
2025-12-04,300038,154.13002558918137,155.7556134206108,149.58631571356025,153.04030275713262,1462895,238959182.38392657
2025-12-05,300038,152.55294828192416,155.0461030122428,150.84839194860382,151.5516077754889,7315818,1349721320.2846594
2025-12-08,300038,147.15896442407907,147.7274015002173,145.31544011992528,146.62483963088692,6074053,1270305628.7391632
2025-12-09,300038,145.87875188797656,147.3650320382031,144.84871491795786,145.42881200112407,1456705,235349597.28301024
2025-12-10,300038,138.47922277150573,142.98201418043794,138.92311391483526,139.51308000734593,1274699,210045915.4256564
2025-12-11,300038,136.4024145546118,138.34527359353237,134.55153903589414,135.736006305772,6241248,1200651439.564898
2025-12-12,300038,133.46456411717165,137.7269071735671,132.06450900781235,134.0613606927143,4463099,710849081.3751237
2025-12-15,300038,134.47761026442637,136.99884894830748,134.12310303513362,135.45145760144914,4014254,712380675.2789121
2025-12-16,300038,139.17759890303293,140.32043307619787,134.83617932860327,138.69683240428748,6140029,1182325311.4169765
2025-12-17,300038,132.83244088173453,133.8144602962741,131.08759021908347,133.5559276859663,4975916,701728136.0296205
2025-12-18,300038,134.75484164996283,138.15352695395472,131.3111646345288,134.5263021298751,3732362,664931606.8002315
2025-12-19,300038,135.28420610651932,135.6359616931956,132.03214715050586,135.47998586523465,4108418,699388690.6612332
2025-12-22,300038,137.84951934403034,137.79265072935675,137.49974267771884,137.62663548277175,7389070,1217739246.6054256
2025-12-23,300038,138.28804928690772,140.0405782198214,135.805564886609,138.60571597296106,9781114,1728890928.3478918
2025-12-24,300038,142.23200173807177,141.82690670315955,140.63896797905198,141.5009876552467,8045935,1306219874.1408663
2025-12-25,300038,137.78856750454185,142.35913324771738,137.91379802315666,139.06517896442756,8754364,1219794663.7892268
2025-12-26,300038,143.88301902096958,147.83705810193482,142.0633356675683,144.15760125392515,7562218,1432574926.6608145
2025-12-29,300038,143.35618740032774,143.54886759549441,139.0244676712771,143.28708595484807,1082170,216419819.96518934
2025-12-30,300038,139.8527224514893,141.27569873887114,136.65966465228078,140.15435300045658,4575800,902472812.4362582
2025-12-31,300038,142.17773745482694,140.83370341427928,138.9618857766696,140.82777465034167,8344076,1720149843.7741737
2026-01-01,300038,147.2251630224607,147.3944677266318,145.7366605427385,146.22942369150365,5793524,1039027726.8874831
2026-01-02,300038,145.79671604947467,147.74313378753234,142.9010572720799,144.88879830626766,2066193,312660061.8837715
2026-01-05,300038,146.22294264578818,149.7015831160395,141.86870421820197,145.41267634620505,4706420,746920532.9189234
2026-01-06,300038,147.2182453241322,148.28514482129455,144.9923166326448,146.89153922788452,5919124,1255936546.6259804
2026-01-07,300038,142.00707571330287,146.244217105419,139.96496138663255,142.67013647456025,1867756,296794485.4784058
2026-01-08,300038,143.25875459702573,143.36231414875604,141.46055086539755,143.13590806558932,5041778,868243849.2741221
2026-01-09,300038,141.65442447209927,143.0005656872945,137.9077381701494,140.9420461594814,8683879,1457205573.6160765
2026-01-12,300038,142.2991010470741,144.4265333427612,142.28532042200285,143.35120139778834,1612933,291663756.0160884
2026-01-13,300038,138.12488631144055,142.6558489368907,137.39612556869832,139.38172047933762,4599936,744272171.0646296
2026-01-14,300038,140.76340547833544,142.45647506122896,136.50304868273102,139.4607268166484,2935097,503808185.4281694
2026-01-15,300038,141.2888316129563,142.3084616595811,139.96744937066393,141.21728637154035,3966956,631973671.6381041
2026-01-16,300038,138.45285779898097,138.79754570940918,136.96406830231936,138.3909782267893,4376052,738830647.182417
2026-01-19,300038,139.6821635599543,141.59758252532268,136.91342023857442,140.44217036029266,2039550,354763973.85166854
2026-01-20,300038,145.0506477348874,146.77207286931085,139.95526932303778,144.0900978436777,1665590,332442554.62225026
2026-01-21,300038,141.08641244203707,142.8751730309636,140.2555547175301,141.2475917799996,4161012,804471099.6520987
2026-01-22,300038,142.2482167793526,143.60012796674815,142.67195493447383,143.35282874117328,1639260,300800971.2357798
2026-01-23,300038,144.31491015609168,146.89255566188885,141.9380098761023,143.39354173744962,3461137,723311247.2918242
2026-01-26,300038,143.453114717948,143.80218191280858,139.12445304820358,142.82988945697292,4928840,708057313.2066253
2026-01-27,300038,145.18170891207745,146.48299421692843,141.30146463647068,144.64166312999805,6701283,1125185380.3206983
2026-01-28,300038,141.29439629977068,146.5722002186855,140.75882372148158,142.50599884568743,9072721,1644254713.2550004
2026-01-29,300038,148.34367886150935,152.41083236068044,148.17496939376102,148.55586184440534,7385916,1346695748.884002
2026-01-30,300038,144.36169243604374,149.71286905990735,143.18626064799088,145.52896684953936,5386214,818713775.4658101
2026-02-02,300038,144.36986408338106,144.32263213902033,140.39574424085134,143.46882699149512,7758020,1289184792.863375
2026-02-03,300038,142.93759867228889,146.04191978301625,140.14570140945574,142.14047723872068,6710318,1205955970.6128056
2026-02-04,300038,143.01808953063653,147.8177253598666,140.02430651146472,143.99484758943143,2721164,399211695.98354363
2026-02-05,300038,145.5467188332947,146.06878288600373,143.88841871601755,144.9785383524996,4788330,723618971.2811028
2026-02-06,300038,146.77090314502348,148.91704175645174,144.6420790743035,146.13776744345896,6743741,1056503073.2823716
2026-02-09,300038,147.0914183220292,150.08515143483197,143.7581800864133,146.0668782782366,1152955,186838682.25312236
2026-02-10,300038,149.0497860385042,151.26091277380203,145.89092756263707,148.22359820066285,4607450,974680233.1918461
2026-02-11,300038,144.9067802552909,148.26030393447934,144.64709095020288,145.92008017957394,8312178,1615513570.396689
2026-02-12,300038,144.6439462323585,145.6610900353579,142.43656137958217,145.11496955825118,5226519,1047620618.2908417
2026-02-13,300038,145.9385040575355,148.70447303144434,143.21714435797392,146.2919202809129,5653306,1055130769.8165447
2026-02-16,300038,148.80736247787,153.02327781834717,145.27120520570995,149.59772636517258,4225437,824754832.5975175
2026-02-17,300038,154.77328221152914,153.97538211175618,150.1080361390837,153.62882013362992,6255395,1430211500.4401786
2026-02-18,300038,150.09905375283574,152.32025772725248,146.04964641672612,149.79861690056208,8931064,1948492647.3638165
2026-02-19,300038,150.41950961490033,153.49677184413324,149.65583845853678,150.3715723849031,1965899,368061752.88130647
2026-02-20,300038,153.27937186600005,155.2671274322758,151.97752158530565,152.01593049186508,1127225,200458244.60147867
2026-02-23,300038,153.3967389504431,156.1469238602477,152.63112086268555,152.9655204745097,4311475,848057745.0812887
2026-02-24,300038,155.5108850792247,159.99650431668164,154.9990962079673,156.48950707334575,4676292,741351884.6505878
2026-02-25,300038,154.1854817254798,154.71376437018813,149.66800898827674,153.24085671854837,2679410,430957580.41463405
2026-02-26,300038,149.48469622231633,154.74789646465032,150.12416756335764,150.5899124195833,2188636,372460895.84407663
2026-02-27,300038,146.33905733546771,148.7769321977465,145.5709583425014,145.73436364071614,2413198,465772437.5813408
2026-03-02,300038,143.07275060031384,145.36472924309746,138.6585578096092,141.72611456013198,7371001,1063288097.3998765
2026-03-03,300038,147.91745125911282,149.59921414678115,146.7807020382783,147.33212055558985,1027470,175561597.858702
2026-03-04,300038,152.98803050882452,155.7915141267147,149.95263218543735,151.7283985845096,3427362,592736879.0014223
2026-03-05,300038,152.3248725344953,153.05906916970852,149.46979327889554,153.0204726180681,3559352,617582592.2295839
2026-03-06,300038,153.4407907237421,155.45160575269884,151.5629229410758,153.36195107195022,6110292,1301325544.951594
2026-03-09,300038,151.69497197091493,153.72331189502896,149.6261023391824,151.34992968801043,4784008,1073696579.1906166
2026-03-10,300038,149.33837711605457,152.59929369403207,146.09974048303584,150.18565241433419,9678425,1524274540.4404638
2026-03-11,300038,152.0639943117522,154.55534997765727,149.01699442007242,150.5805407160114,4952598,847404441.8187027
2026-03-12,300038,153.8611385590602,157.78149815385026,151.35580205855138,154.5266296802589,5948198,1070212606.2801901
2026-03-13,300038,155.71011426065817,159.09581498286332,155.50276262272715,156.1098581446033,7394957,1570251822.0713315
2026-03-16,300038,156.48734264346078,159.35711954111454,155.78318851300935,156.2434339654619,1905460,426594523.23782444
2026-03-17,300038,161.31470250056563,164.21475460020068,159.30092184034666,159.8099884183377,7323234,1223599266.5214343
2026-03-18,300038,154.99965209334633,159.1955437570664,154.0247264366077,155.1307890606649,3403192,584190905.671417
2026-03-19,300038,151.2437974103513,154.19686218445284,147.167531601581,150.4300190688605,7628981,1273406632.9568093
2026-03-20,300038,153.02247726491785,155.9357330919795,151.91913904974993,152.12192386181988,4182371,747355281.2212672
2026-03-23,300038,145.54165730619178,150.50222802831402,144.80130862563206,146.99344586816886,3316538,687611378.305394
2026-03-24,300038,148.00404729680494,149.84797767748725,142.9925632934073,147.20482947215103,8852150,1843179509.3304393
2026-03-25,300038,150.8183448717073,151.9050165776135,146.18267005157398,150.0095791456604,6388356,962329196.4068557
2026-03-26,300038,154.51148524888703,155.77496880560204,151.95457846882164,153.28567852216636,8317194,1666797264.950318
2026-03-27,300038,155.26207086757992,154.4022161225295,151.57443018657938,153.98812499991962,5657708,990876576.7409643
2026-03-30,300038,152.94317493821828,156.3662618318511,148.02271396775188,152.0554587345454,9623916,1766785751.1306767
2026-03-31,300038,153.76328453351633,155.3617079216752,151.40555313384846,152.2527958322567,4102048,892985814.4022983
2026-04-01,300038,148.72936897408226,152.2796714172225,147.92557820026005,149.9473494294602,6081003,1154799547.4170835
2026-04-02,300038,151.58253894649823,154.4134282522061,150.48060569120958,151.51027067691155,2214208,361820234.54938275
2026-04-03,300038,151.25417135804886,154.32471064671313,148.79208902694026,151.40108864425474,5341491,1099950226.511432
2026-04-06,300038,149.744026201972,152.44639345071562,149.8684829118902,151.1426668883875,8896162,1394420190.2031305
2026-04-07,300038,151.99780082247582,152.7445000952751,152.2210470498064,152.69816641016328,7075424,1100338893.545707
2026-04-08,300038,154.0075717081441,155.2377515185391,150.52948279619977,154.7218741715628,4404768,1011997283.4754486
2026-04-09,300038,151.53820887899505,152.71046681248708,148.39637844780103,150.9145177186839,5994708,1235512174.401988
2026-04-10,300038,151.32377988414405,152.95413123551657,149.08573190088336,150.7478949560739,7453267,1338470885.2383392
2026-04-13,300038,154.49676067335483,160.21269176429746,152.08352111559296,155.97095765572402,1023866,169208422.5790412
2026-04-14,300038,156.80382783485544,161.48775389497735,156.9044082654008,157.5863285454373,2125706,460000241.0859841
2026-04-15,300038,158.84109410785982,158.70362052255305,155.73098430479726,158.12185262624033,3207033,605490020.2359223
2026-04-16,300038,159.52527368525057,161.7132003855146,156.3564175319697,158.53824990074096,5280978,1002180862.1274763
2026-04-17,300038,159.89583139680033,162.37605186345564,156.36505947987868,160.3622516667342,4275079,793356508.0603596
2026-04-20,300038,157.1482246907321,160.46650717353086,156.37394317207838,157.8934615552369,5303234,967682616.9787124
2026-04-21,300038,158.47179126482854,159.91026300070428,156.7844759725136,158.60905809454974,2003887,320983861.18279386
2026-04-22,300038,154.08642274393978,159.27554384902027,154.2378514233464,154.92378938713478,9895235,1774484709.1215997
2026-04-23,300038,153.04016817195583,152.57384666240728,149.08126814484336,152.40636317854106,8247720,1531401989.1612873
2026-04-24,300038,153.78366576609335,155.9225454101147,149.92745889628966,154.14247014028464,8869052,1446606854.89813
2026-04-27,300038,150.28527062629635,153.60261860780335,148.04856607027335,151.0431664396653,7676856,1243344330.0763562
2026-04-28,300038,155.91060458936133,157.52535391874133,154.34113288402955,155.94983967143276,5073263,909025326.1686224
2026-04-29,300038,157.58293351383483,158.16681264396385,153.62974741827932,157.20561632025263,4184132,746494868.130721
2026-04-30,300038,160.73634162329736,164.4100536936441,160.07382436887207,160.29582600224268,2908205,466180216.2474767
