date,code,open,high,low,close,volume,amount
2015-01-01,600113,17.40606281136517,17.536478197007863,17.170880221024976,17.43200332022376,5739964,132534118.8184661
2015-01-02,600113,17.098072675947066,17.465144292659257,17.184990484306685,17.199934557251105,6292175,131159665.66829956
2015-01-05,600113,17.281435015307153,17.48765367573147,17.22574093035498,17.31720644864643,1884159,41413045.47323771
2015-01-06,600113,17.40712128260941,17.853657701228382,16.91129637033364,17.361713205091004,4933969,123578106.34597398
2015-01-07,600113,17.566808288167874,17.919209584575214,17.019032650465874,17.521543052867656,2741066,55226506.49495327
2015-01-08,600113,17.31862880494119,17.639262248736706,17.314528380387614,17.466048558675418,1834345,38110963.70106233
2015-01-09,600113,17.632889675093608,17.728226690683307,17.20651395796114,17.50912271798292,5380601,121160220.75148022
2015-01-12,600113,17.419835500505194,17.500958287598305,16.9864891994447,17.50002971884401,5181696,108151162.56061666
2015-01-13,600113,17.318376747233778,17.222742468638973,16.706351107979238,17.21333649355273,7830929,150231988.34620154
2015-01-14,600113,17.022512243115912,17.572587634332727,17.10879158811083,17.1503907646082,6179862,109285349.95919645
2015-01-15,600113,16.84370199445679,17.490902324632223,16.607173532747186,17.001513850192012,7031814,171226685.5471402
2015-01-16,600113,17.061287451965015,17.41942612529761,16.720869238945482,17.02607304315187,6395154,131527904.51968315
2015-01-19,600113,17.184950806960927,17.37126479073029,16.97480554553415,17.057225549952708,9783047,186839386.63201424
2015-01-20,600113,17.161516231370364,17.417106461819582,16.894119198323377,16.99527073136034,2357238,50506296.82221172
2015-01-21,600113,17.090241590433745,17.36580741969584,16.677546394693017,16.969530610586578,7863163,173860879.07692462
2015-01-22,600113,17.15096186523074,17.027699691482564,16.53974796356283,17.003847687661136,8942862,189804858.80161843
2015-01-23,600113,17.175899714276333,17.0248057031344,16.970545871790836,17.021454247870267,2053033,45258138.86794461
2015-01-26,600113,16.791820919546154,17.03101753341483,16.63827163623522,16.93500433138378,8940149,188360108.95351607
2015-01-27,600113,16.899639719442177,17.482221469605197,16.90949119934946,17.05596923472286,1944055,46453416.66890518
2015-01-28,600113,17.234011367015402,17.089106798066116,16.775140043501413,17.06570062637787,2018582,35806408.39347163
2015-01-29,600113,17.095898236961126,17.71375297198867,16.957154704383747,17.263451021775776,2020090,44998632.96489398
2015-01-30,600113,17.174502527523092,17.645069384737226,16.973327567499584,17.190949981269803,9619184,193841459.07066134
2015-02-02,600113,17.275020258666746,17.623996865916357,17.250922492827492,17.299979720387,4265052,88938654.16005023
2015-02-03,600113,17.525850623987463,17.538906810006488,17.45595926660316,17.48573160594519,3160370,56746063.75036143
2015-02-04,600113,17.554745536704583,17.737143154420302,17.453701237392615,17.478421841821575,7660820,166409657.22787976
2015-02-05,600113,17.772775435616236,17.684328135859143,17.254410906527877,17.612376041932123,9594624,185861182.69771394
2015-02-06,600113,17.532408024683928,17.713128495095425,17.025147121058026,17.54497900407381,3677367,82545395.36399053
2015-02-09,600113,17.48498463827397,17.601076881026646,17.276979256358565,17.312565845145777,6406552,162023459.13072112
2015-02-10,600113,17.186233940480783,17.378422086403045,17.100184225334257,17.321262579907895,9796537,237791639.29686004
2015-02-11,600113,17.17561167759521,17.676803499421233,16.98267150441724,17.29765509939401,4512532,96242518.36891831
2015-02-12,600113,17.270159439275428,17.367023077642326,17.15042650245032,17.242950840451712,4091952,91595154.63924037
2015-02-13,600113,17.099311452637874,17.451190059935126,16.951635191582465,17.15498131992603,6839405,118348645.68520157
2015-02-16,600113,17.1080236551747,17.502449580959027,16.6958689990869,17.082028359913174,3874698,73212630.37974186
2015-02-17,600113,17.13169759582335,17.585162981229455,16.779816781857296,17.121963426614926,7634694,133812269.19830221
2015-02-18,600113,17.192734202259953,17.727627170904654,16.970594128713728,17.253690768876737,9100274,208694689.60307056
2015-02-19,600113,17.158139230832134,17.596244748984947,16.935928846208096,17.310049959179302,7094971,135314001.77199692
2015-02-20,600113,17.28772660244072,17.563240780947957,16.986573418282802,17.30925288995064,4296094,76379624.74477707
2015-02-23,600113,17.285658315330586,17.59639708565735,16.742025649103187,17.193777406857254,7154220,145492448.3645965
2015-02-24,600113,17.16481546776325,17.29827418728835,16.69713793950936,17.17595758078897,6344972,155847008.65706736
2015-02-25,600113,17.384585490351036,17.368487977763586,16.72409718478416,17.24034490798438,9347599,171020152.2937049
2015-02-26,600113,17.191089999392236,17.65316764765808,17.100405355120735,17.221991331553575,3990825,91103006.15681416
2015-02-27,600113,16.985148665379086,17.313302361078847,16.92936691281412,17.070692629367667,3066611,69640532.97505501
2015-03-02,600113,17.160619713566046,17.61833032964574,16.808169493262614,17.31890998510805,8711915,192424676.4584924
2015-03-03,600113,17.458234549162945,17.912687923828777,17.148178923025895,17.443311553031084,9346902,223627596.34903228
2015-03-04,600113,17.2414147911072,17.541756479915286,17.12311935364556,17.37993772684727,8484880,153471059.79485336
2015-03-05,600113,17.513623099861352,17.73492224086109,17.394473326018286,17.441996267452822,2687106,67841348.73468529
2015-03-06,600113,17.428854194298264,17.58730159432221,17.33566077714621,17.498589733499145,5883373,112403116.99696197
2015-03-09,600113,17.577679200867852,17.994207796648908,17.470804565828757,17.666949914254,9798899,215915234.15184578
2015-03-10,600113,17.453816440058606,17.749787126292794,17.38281693396826,17.50404647154177,2413475,61849705.39669237
2015-03-11,600113,17.236113191161728,17.643123780333028,16.74703049501399,17.261440835386438,1575572,38570073.9023813
2015-03-12,600113,16.981957557627943,17.461359096919065,16.6545652252646,17.12962206674342,3938266,88013148.61748338
2015-03-13,600113,16.82165948614863,17.072775790147073,16.8777582864298,16.93102830905344,6910588,127760358.4538523
2015-03-16,600113,16.762879229210718,17.332577513134577,16.713912815439976,16.880719351263096,8302415,196824073.21468058
2015-03-17,600113,16.887261688443182,17.511943611984755,16.772715761097796,17.002685235358452,8534211,178468046.8584127
2015-03-18,600113,16.806059005824046,16.896247792902244,16.780657904236264,16.82981660058444,9290869,185280188.68283507
2015-03-19,600113,16.72386259024065,16.932856188792602,16.238131911214605,16.57073843126772,9328587,213101878.1394047
2015-03-20,600113,16.597784106465046,16.681226335215026,16.138776516467395,16.438127856319376,5703904,113464200.12561303
2015-03-23,600113,16.483534040497005,16.472976536527806,16.102624192635904,16.455796668697282,6118203,142764999.0073248
2015-03-24,600113,16.322257307883312,16.842881018759485,16.12324183426204,16.46583103921702,1648288,29445687.15861535
2015-03-25,600113,16.263075683390547,16.396913699831547,16.09694417859873,16.269334213362455,5667333,131148306.01326412
2015-03-26,600113,16.19935171211498,16.338202177927304,15.957794216337643,16.06064515372582,9520868,168099315.37277794
2015-03-27,600113,16.128390927224956,16.162413882422047,15.761425051876193,16.001225078084605,9401306,173104125.317586
2015-03-30,600113,16.056403458498654,16.04957304500742,15.689610487370185,15.944848901281144,2756111,64249969.6826953
2015-03-31,600113,15.852825951906512,15.975357948683182,15.522732429100436,15.903752172731739,6637702,134797579.0566966
2015-04-01,600113,15.688922080626694,16.03299307274817,15.648709554999915,15.75346930931121,8534279,138884347.88794315
2015-04-02,600113,15.588022651664291,15.483429773778777,15.142196506379316,15.469479404081877,4578833,89649056.82733066
2015-04-03,600113,15.461801313170081,15.910000908165701,15.310893001607305,15.55333268330303,9759422,165709238.62025693
2015-04-06,600113,15.76501051274935,15.870230552067751,15.488093838343863,15.689158621928208,8550062,188318577.83720946
2015-04-07,600113,15.591844697066527,15.907757649915702,15.18183782933659,15.58580862829417,3056837,58662635.34483917
2015-04-08,600113,15.519076466742845,15.495377565809948,15.327879774178726,15.402099819935405,3914386,61184726.958688915
2015-04-09,600113,15.402002936150264,15.67453034970106,15.147031820105626,15.330322763808073,2712491,44924862.33477743
2015-04-10,600113,15.03820373723246,15.012101373678156,14.559588862650164,15.00309320530455,8864528,195602575.22669643
2015-04-13,600113,14.826856703058397,14.886551564475393,14.463627235342726,14.88283823668107,2063571,41832721.12853257
2015-04-14,600113,15.062539276274482,15.017332031903086,14.798022946151333,14.982717567527802,1476251,32642939.75109256
2015-04-15,600113,14.894231150572054,15.321314033998393,14.788525415455167,14.910818653254339,2157514,33142868.02779715
2015-04-16,600113,14.792043268795997,15.101824644713718,14.671489961747515,14.807986989050754,5560823,116858706.81022085
2015-04-17,600113,15.11904110499634,15.20302808987405,14.793925983719385,15.004096311450763,3690755,66551164.42373631
2015-04-20,600113,15.172567685209266,15.4840375021584,14.856851177727492,15.03771801459021,2029744,39560141.81088269
2015-04-21,600113,15.031404799525063,15.135432177728616,14.946571085437137,15.022048128723384,9321812,198842955.13666987
2015-04-22,600113,14.973206111034964,15.165261094064938,14.989928695298337,15.10843573440345,3026595,57591747.97549755
2015-04-23,600113,15.106967561208108,15.67255511125759,14.926315755019893,15.225465028220043,9964410,201450753.73460308
2015-04-24,600113,15.202548051096006,15.481920075413386,15.0930461341334,15.220872197117629,6660383,139708666.39967024
2015-04-27,600113,15.1361042939418,15.530492399539273,15.092446498225694,15.137812412206037,4650066,81694377.90276198
2015-04-28,600113,15.237859402270601,15.617719838373008,14.889851063642242,15.17430796575631,9798073,197092738.70526543
2015-04-29,600113,15.224638775467755,15.568913897221348,14.84700961568317,15.25617541845983,4097076,69323570.07877596
2015-04-30,600113,15.065052714255684,15.535958124146122,14.783472045820732,15.18092929813201,3463059,78132486.97119592
2015-05-01,600113,15.276465340723169,15.261520868777477,14.806962467331928,15.189731920696392,4421683,69206756.05702849
2015-05-04,600113,15.221805596544685,15.454414882672026,14.886294534929354,15.285001592475176,3050266,50310900.687344305
2015-05-05,600113,15.37783948946858,15.306705725427314,15.181030356388872,15.287281872635898,5936991,135702607.38132033
2015-05-06,600113,15.449991632871903,15.906562302824938,15.169549450884883,15.488846944638077,6807655,130399907.32223904
2015-05-07,600113,15.305240304095513,15.472936438716058,15.39350614260292,15.40700317049977,3592801,71851624.00621909
2015-05-08,600113,15.530667130483565,15.844046944994373,15.108682537526407,15.476575562256118,4674563,83031582.30120362
2015-05-11,600113,15.59823649553348,15.605420460452008,15.441476639309023,15.467439725328653,5050447,86662908.84607556
2015-05-12,600113,15.398155499246545,15.638050530140365,15.171445694326541,15.313900339521275,6353610,124660630.28713395
2015-05-13,600113,15.250691224150396,15.589149358996117,15.083029503825198,15.374145709763717,6021504,136649449.25819573
2015-05-14,600113,15.292680138445808,15.493893534852498,15.214059789459924,15.423408478082484,9902125,161620543.52582496
2015-05-15,600113,15.40451509891103,15.78769059115801,15.117765092307675,15.427146357255452,9053514,150902752.28640798
2015-05-18,600113,15.556666651530907,15.886451741916087,15.477990931274949,15.502609699454446,9730359,181301953.82604265
2015-05-19,600113,15.495732396321566,15.484804448009658,15.345435804531995,15.43511863596046,9979357,209193231.28169012
2015-05-20,600113,15.530068803537535,15.652772684814243,14.995211247917526,15.39562008129466,5511258,96850781.09103675
2015-05-21,600113,15.48703283297519,15.523930722338559,15.025327311343663,15.392381067308966,6644598,108501201.11034867
2015-05-22,600113,15.588914247362121,15.805334985330113,15.211643952850713,15.519092851888391,4598162,78313896.29284687
2015-05-25,600113,15.66076821999158,15.77645471382465,15.49796535070888,15.518806029765823,8110995,144229272.3337521
2015-05-26,600113,15.523637925137992,15.786318639224616,15.159281071402324,15.506632722962811,4430629,96508211.03428373
2015-05-27,600113,15.715056135950872,15.820405331359142,15.43513263308286,15.652409549451239,2500541,58534093.77862662
2015-05-28,600113,15.770188936531817,15.753468520283361,15.453443797529333,15.669209520602173,2360518,38788304.58544772
2015-05-29,600113,15.632388621605887,16.06788098941509,15.505061656754808,15.775197432094508,9933680,223731397.70996988
2015-06-01,600113,15.71159510452029,15.857298008938121,15.276864476155454,15.708128755436547,7866385,182648190.21129227
2015-06-02,600113,15.749979624544329,16.09018421201098,15.701398988349556,15.9023563623815,2967548,63107280.461265355
2015-06-03,600113,15.670246693040776,15.85084269927665,15.495799515151393,15.785578759892044,8164456,179278743.84770015
2015-06-04,600113,15.819098699116648,16.068490499289695,15.907631100246311,15.961656784678304,8123996,160695632.12043992
2015-06-05,600113,15.912763079435948,16.115342325154664,15.592351259933663,15.968814961506762,3590034,80676272.33096229
2015-06-08,600113,15.99501504625984,16.33544494187411,15.432947592783831,15.894760326907653,2575526,60165962.24040809
2015-06-09,600113,15.94466328243113,16.154825454062333,15.60428236427413,16.02976796807762,5455941,106586841.27022536
2015-06-10,600113,15.782876106573994,16.121699592880667,15.461714111978079,15.863899012926327,9470483,197822097.78284264
2015-06-11,600113,15.692791421329577,16.00746355219582,15.783331604138645,15.794785758063352,2405732,50429181.52327032
2015-06-12,600113,16.074942971552975,16.171738610191802,15.557313485606336,15.974159786488759,6361178,142923234.63673803
2015-06-15,600113,15.84805903712466,16.0802884946786,15.845054867304452,15.967327199134457,9831687,164429931.97111797
2015-06-16,600113,15.927919016083715,16.163253433913496,15.86853374955498,15.981450152593856,7752316,153478720.38488
2015-06-17,600113,15.787887760131111,16.129005680546,15.603963008224847,15.85214484480204,5000166,81175953.7438924
2015-06-18,600113,15.885645970121804,16.237241591849006,15.80729911988741,15.891766703655556,8794423,207894473.93108854
2015-06-19,600113,16.152255788662238,16.35706928804786,15.982677178780323,16.011618567004152,2844472,54552068.32773824
2015-06-22,600113,15.9625539758053,16.029461997031365,15.794193116200157,16.005438882676156,9823041,203870467.97578895
2015-06-23,600113,15.90704681981711,16.349743823953606,15.9169998079226,15.934829866069148,8806930,197089849.01636204
2015-06-24,600113,16.074422901875227,16.271419848874817,15.952800901179012,15.985022920824658,6584395,132436946.46092999
2015-06-25,600113,15.99821541849896,16.25678999256894,15.98284553667003,16.154922664189634,3228289,59446237.290901266
2015-06-26,600113,16.032382914744296,16.135058333858456,15.797087147110147,16.048198454085,6294980,122225692.07538292
2015-06-29,600113,16.38327921209158,16.678772246425314,16.032124789502053,16.225130938459916,6332358,136260944.95476717
2015-06-30,600113,16.39394941565074,16.398155747706035,16.189713041600434,16.295363728296643,3809052,79459496.27901685
2015-07-01,600113,16.06684441429845,16.556128486665312,16.166301907117507,16.19719808275976,9573174,216039471.6728912
2015-07-02,600113,16.306427785165003,16.578718550723277,15.737191359450744,16.1957902560409,2732203,60551354.584573224
2015-07-03,600113,16.368868138053628,16.45927709289079,16.07958853371988,16.299651498278266,2997063,61223253.687046655
2015-07-06,600113,16.59549631905284,16.621811749930114,16.04436186494308,16.484837877529465,2270216,49528997.28613589
2015-07-07,600113,16.322179326064585,16.58974100102081,15.979099943040985,16.434361845769367,8669223,164263225.9321164
2015-07-08,600113,16.679177552304935,16.61855828465526,16.494019264816977,16.535802006323497,7351397,141360172.2739142
2015-07-09,600113,16.518517803863794,16.960391375099924,16.12640004954868,16.470557043075345,7766326,148720160.1023097
2015-07-10,600113,16.66309622869577,16.716619207114604,16.311916402383826,16.55840282479598,3506084,73639964.94865836
2015-07-13,600113,16.760281133843282,16.802546247267564,16.286762071066846,16.75730229607262,4649992,91003014.05688249
2015-07-14,600113,17.070445305316873,17.363785526857427,16.456620832050103,16.9230050574972,5642549,127261296.88551606
2015-07-15,600113,16.81343635810775,17.001577630744823,16.698579258473295,16.845541058474108,9659965,237540626.7988321
2015-07-16,600113,17.09966263810203,17.292073710508312,17.036275069355998,17.077867140881047,6840557,167990194.67401883
2015-07-17,600113,17.08720992575836,17.211837319111787,17.031822466063268,17.142120757024067,4809477,89935960.26296838
2015-07-20,600113,17.2028412275931,17.516377604306083,16.821165471457387,17.208028581040068,6392187,136653168.66214672
2015-07-21,600113,17.48940823178263,17.372370184668746,17.104467067976874,17.351319258500347,5546378,128926727.77949487
2015-07-22,600113,17.450867185219604,17.79524055080912,16.9957273229465,17.4735694959265,2295975,59698658.98047904
2015-07-23,600113,17.577983406961582,17.953428155385648,17.211154529728947,17.458666358587024,2487817,62277136.02312913
2015-07-24,600113,17.407342655659342,17.676015751641643,17.38487052639933,17.52558194383909,1338654,25742738.182139374
2015-07-27,600113,17.907745253357604,18.06091314291704,17.316993269542056,17.73473825764328,7149409,148892143.41391805
2015-07-28,600113,17.781697542854893,17.96347483516989,17.757829894208772,17.91436585799432,8487784,156945382.7275011
2015-07-29,600113,17.92481098288323,17.9489718474882,17.49582740776451,17.87910225492477,7355982,181304937.36818963
2015-07-30,600113,17.827203561865645,18.261934514049635,17.78527850322268,17.940225627086907,2883107,73491928.15755436
2015-07-31,600113,17.96670412038133,18.383616447664632,17.549935823105592,18.044600313721162,3146967,79426074.94842915
2015-08-03,600113,17.993711364294324,18.16956910418525,17.44815801047131,17.900767906963306,8525265,181404058.51430896
2015-08-04,600113,17.977038576592495,18.230586985682073,17.696027288586986,17.808305935800025,8913959,227841831.2347414
2015-08-05,600113,17.820199319163436,17.97351395853874,17.92897953895672,17.961682266897284,3572197,93096144.72911271
2015-08-06,600113,18.31180749072993,18.714353561263383,17.797001728627823,18.25553860033616,5157695,98259458.30915019
2015-08-07,600113,18.08555910663895,18.435039312913194,18.055604979896366,18.1354626660219,2911912,60232142.21993844
2015-08-10,600113,18.2698778057532,18.44803598676998,18.229104199551273,18.378112087542014,8991914,211938587.4083832
2015-08-11,600113,18.747992449585528,19.15657745189237,18.15704455479441,18.63265489121977,6076400,143325710.0439108
2015-08-12,600113,18.512876508081806,18.773676664713314,18.401529177427854,18.572968230446957,9657637,258601943.90461552
2015-08-13,600113,18.867567473858866,18.79676839749651,18.396406934909034,18.705626203549556,6695729,143564204.8130435
2015-08-14,600113,18.502849333438366,18.905931607557406,18.156814658014707,18.620670094546227,1888685,39147893.77838718
2015-08-17,600113,18.579137561736406,18.79856656443012,17.86614290061516,18.401613956212508,1175535,27015848.465569314
2015-08-18,600113,18.36741170477504,18.575473850916005,18.218002300409086,18.46900039532879,6102822,115028445.15953909
2015-08-19,600113,18.501674395688397,19.00712371773387,18.081725898696487,18.605987616031296,9257256,243531477.56375268
2015-08-20,600113,18.73890684272854,18.859049303127296,18.664087378213768,18.679577509317337,7734639,208634190.2276029
2015-08-21,600113,18.97222021045549,19.213042160279443,18.885005587900004,19.090757990122867,4970850,99868713.2519042
2015-08-24,600113,19.23302711928325,19.668550776433253,18.858503482953953,19.25776737915285,5077204,136133132.48114103
2015-08-25,600113,19.159359686988928,19.63946935510416,18.937312322987506,19.32814964415291,1013594,21375864.93867648
2015-08-26,600113,19.367965861799913,19.521276904879745,19.445985158359342,19.47051460844048,1168904,26522170.215955924
2015-08-27,600113,19.38659275502724,19.995986157534944,19.424484199557405,19.527871404851695,7782017,188753597.65473488
2015-08-28,600113,19.805996209717254,19.78085035446117,19.649406793938866,19.652629020493563,5186195,108879421.73786081
2015-08-31,600113,19.31933994903959,19.319593097794044,18.953814545786887,19.2282133266312,8637267,187624203.57444865
2015-09-01,600113,18.939489909719832,19.463461383626115,18.590022896849344,18.942462051435484,5183394,109378090.290305
2015-09-02,600113,19.330648222039663,19.491883527688103,19.01910873550957,19.42407245000735,1178624,24102784.634620372
2015-09-03,600113,19.188266652118507,19.7078985861406,19.02283310035939,19.29195670461375,9937092,267341385.02803516
2015-09-04,600113,19.399099434270404,19.473015763303465,18.984171456128333,19.313770811825364,1352895,27412819.53886903
2015-09-07,600113,19.47469751033025,19.86936154600877,18.971343174002204,19.363082708293017,4479430,121322674.50629085
2015-09-08,600113,19.265991439219047,19.163032759018808,18.949566172185218,19.12781767889129,3186916,77618984.2373694
2015-09-09,600113,19.070479931635205,19.22781425058899,18.543145542501218,19.024087575437726,3409140,74716096.76264285
2015-09-10,600113,19.172902145053776,19.570516540449756,18.764299207419175,19.04276041718496,7337267,140815891.15487596
2015-09-11,600113,19.144836415143512,19.306936923445466,18.762492621939824,19.04412475098586,1378453,29207050.700918198
2015-09-14,600113,19.115282654383293,19.124317918293855,18.72130228438931,18.95270785605595,4296206,109796208.43343125
2015-09-15,600113,19.237435205752654,19.59889219893072,18.881972676782734,19.363740361293956,4395360,113004243.72703922
2015-09-16,600113,19.36537398017253,19.280663696986572,19.235033665595473,19.26186736211787,5027371,103371262.35309929
2015-09-17,600113,19.039070032360836,19.349515719146957,18.711266957198855,19.18403720873635,4639653,117661911.33829081
2015-09-18,600113,19.12059746140197,19.390330306101642,18.82396875461847,19.117482853686546,8669074,178582847.88363996
2015-09-21,600113,19.34302324985395,19.845629513361633,19.09238138688141,19.3025471785267,9915048,214274819.03813323
2015-09-22,600113,19.263895326441435,19.643690468793704,18.833333746391983,19.259651241277428,2383728,52837745.371754736
2015-09-23,600113,19.28548815130268,19.643779079165522,18.97535553000278,19.35106116205289,9941687,221563395.7168079
2015-09-24,600113,19.357396570300583,19.624129207757715,18.644955688466016,19.17517980918985,3158359,63117190.85630974
2015-09-25,600113,19.245667157728708,19.371263537344948,19.01916577563442,19.263856125625523,4050361,86319207.73404312
2015-09-28,600113,19.403442687818004,19.721033393777493,19.00257636691334,19.350001896215517,2825367,67095119.734820746
2015-09-29,600113,19.710883144479777,19.547089319948864,19.34913335623188,19.519514984875528,1060021,24854751.45374653
2015-09-30,600113,19.274587126810243,19.891969566600952,19.407290142669886,19.417683569563657,1155952,32750360.41257034
2015-10-01,600113,19.498814977242304,19.719397336475808,19.179563721647348,19.52523850087779,9686261,235633548.93531993
2015-10-02,600113,19.568746954005675,20.097288175575542,19.5153579743559,19.520664393224912,1029416,26921490.121660247
2015-10-05,600113,19.486493980737535,19.89172863754848,19.25911481062684,19.672640340030043,9823815,284128462.19715375
2015-10-06,600113,19.475959473586197,19.944853929761795,19.217593507547377,19.4174541829477,3408144,95001391.74739231
2015-10-07,600113,19.649691614008194,20.203622992428226,19.328867979159494,19.651743879554736,2731995,55217644.27086717
2015-10-08,600113,19.95964276773737,20.102975109698143,19.6930021066368,19.85803990489898,2528199,61507265.74950877
2015-10-09,600113,19.86228216743762,20.091741476513256,19.579741898985183,19.690045154603396,4617628,105340572.11940211
2015-10-12,600113,19.640099963120342,20.164811437283024,19.098165090352065,19.653884864283533,8156835,172568757.23334366
2015-10-13,600113,19.684229945265862,19.86377439351626,19.26328764495185,19.62696329168513,8910596,220871018.0279481
2015-10-14,600113,19.846002043470897,20.182075298393503,19.493567962625985,19.677422812119154,5088499,134031040.44422059
2015-10-15,600113,19.979185541891287,20.376214673792695,19.29863908432362,19.79658708110512,3543953,74435262.31094518
2015-10-16,600113,19.672037530853597,20.216501265760986,19.108146685529306,19.682824038408935,7864806,208982194.30010247
2015-10-19,600113,19.67925899461297,20.202868734352542,19.190843887861398,19.689558535743586,5610196,162306162.02719587
2015-10-20,600113,19.75866322851369,20.139079637728322,19.673180670399695,19.802835469429823,4186813,84506069.40327525
2015-10-21,600113,19.676005847625,20.165814238915083,19.215701330325395,19.692808909541306,5416121,125404056.91746971
2015-10-22,600113,19.65703775827136,19.630785613539828,19.394949724154614,19.493123198824,3544192,70927952.35607316
2015-10-23,600113,19.5585480735796,19.72286180196597,18.876740241493348,19.391789144441773,8671762,210801321.4615312
2015-10-26,600113,19.725228708737596,19.653990334895518,19.14662975770901,19.622817203370076,4620759,104900643.73543212
2015-10-27,600113,19.791974458243484,19.98491013107637,19.088111809025044,19.67261551223904,7429212,193428112.87373284
2015-10-28,600113,19.78787592136775,20.20345884214093,19.56186217281361,19.88630942022568,6505912,166906182.4828905
2015-10-29,600113,19.617252358586253,19.74107280713835,19.457710372690464,19.685105715471764,6199742,168102098.1316158
2015-10-30,600113,20.038062630288234,20.40581675515781,19.871041310348634,19.90106145977225,6154053,139625937.2015924
2015-11-02,600113,19.702883438114963,20.038060796643062,19.3169148877502,19.660277805677378,7404287,202323203.95322314
2015-11-03,600113,19.78644027318411,20.201876305003932,19.53513700936856,19.678327684669576,1386296,37979581.12941481
2015-11-04,600113,19.8544389038745,19.91901327146608,19.598920042982364,19.673246663620098,9859289,242865823.97673303
2015-11-05,600113,19.573487201254558,20.23386575068759,19.265555006254957,19.72585533606751,3664899,91391455.1700081
2015-11-06,600113,19.880686248987345,20.16145937092115,19.64141858013239,19.842782215913378,3573609,79649085.71552117
2015-11-09,600113,19.226693562526904,19.90027377263136,19.066099160935806,19.412346340745373,9379732,239438272.91155028
2015-11-10,600113,19.599996241915942,19.712488622623994,19.539671131642173,19.57811861581679,1705248,47725534.42243479
2015-11-11,600113,19.604147132435767,19.716900718418362,18.938966422840277,19.441751099788448,7477162,211883682.7921694
2015-11-12,600113,19.067658428896408,19.58008482437481,19.09923926450233,19.212446709665173,9682361,239917874.6004002
2015-11-13,600113,19.312583375120084,19.754709864749216,18.826750255335803,19.19900892285319,2334159,60847831.19166662
2015-11-16,600113,19.30031637713786,19.546893933714912,18.69379139209924,19.232536442939384,1167039,30789832.088453848
2015-11-17,600113,19.276891643933524,19.23819542228934,18.854242734592606,19.21091350747401,4882689,132918937.11407867
2015-11-18,600113,19.280572792399308,19.49365209042718,18.751170422136425,19.26607671070001,9541987,186849775.9337257
2015-11-19,600113,19.230691109802706,19.85617248048679,19.140976975144504,19.37723107138288,4460000,126756005.41435419
2015-11-20,600113,19.57631212896075,19.72117165775118,19.435841361485927,19.485276094004384,4280145,104412449.5816093
2015-11-23,600113,19.269126206701312,19.802981883634505,19.25846586422413,19.351527683984656,5020792,112357733.59837872
2015-11-24,600113,18.977598697402357,19.552323536616974,18.71976265145193,19.15026318993388,4288075,91846992.46425526
2015-11-25,600113,18.792746195512702,19.26736230137107,18.42536654647363,18.936439428319613,7288956,147990893.36865726
2015-11-26,600113,18.660924680949993,18.673091999476647,18.252546611200177,18.62973545628404,8609853,207311480.54287228
2015-11-27,600113,18.711191553701,18.920161766380915,18.29995425836018,18.527269913287128,3081099,75877250.50070162
2015-11-30,600113,18.690476950196828,19.058122813110415,18.35853721218405,18.620556074108663,9573990,217636279.5397132
2015-12-01,600113,18.61010381493892,18.56846106018123,18.33374729196714,18.51905698628765,9638368,185506752.84497124
2015-12-02,600113,18.54287571746751,19.143261225187576,18.36886139607477,18.6621640137662,3397857,82336354.94595928
2015-12-03,600113,18.637585080635446,19.108368881652,18.091656499536338,18.63670024376907,7101193,168595724.20783433
2015-12-04,600113,18.481851038556012,18.978198620345854,18.420429774584616,18.52477477763796,3627031,88869378.03910682
2015-12-07,600113,18.373141237976707,18.54204708464197,17.9102267877413,18.422480905474103,3799871,81769693.28349905
2015-12-08,600113,18.65781745677731,19.062828756038,18.2370605285721,18.79003337901483,5230558,142515159.24163607
2015-12-09,600113,18.485383243966464,19.04626393405193,18.41136021508564,18.585287009960318,1200926,25859673.14087484
2015-12-10,600113,18.594546478205977,18.734262062575848,18.01208723616163,18.459514326686747,8954416,229519794.03063777
2015-12-11,600113,18.381655446166647,18.40739512272625,18.147961371714597,18.222746981868198,3685941,89915665.41813633
2015-12-14,600113,18.431456831437018,18.72846334915737,17.958467827745768,18.276943586425393,3216970,62505305.94189639
2015-12-15,600113,18.49410076070328,18.84193718699375,18.40042696724135,18.52892462273485,8136117,208026655.79124582
2015-12-16,600113,18.087141101583683,18.53627635942081,17.55121373239694,18.036660009734995,6246805,137113737.11683133
2015-12-17,600113,17.964689427103337,18.25772786878992,17.881665799358338,18.084524218810834,4536974,105257823.20176293
2015-12-18,600113,17.81966982507599,18.38775136654057,17.507385786492343,17.960779590778465,4175416,77685249.14723758
2015-12-21,600113,18.01604745209649,18.109060171669906,17.988034997184403,18.012196348877396,5053503,99171967.08348264
2015-12-22,600113,18.03705973130708,18.602339713834784,17.759127491521554,18.17034049492482,6105310,162575495.42335233
2015-12-23,600113,18.006586945901375,18.376159223826978,17.508433292207012,18.00869904757775,4685202,125763282.49159683
2015-12-24,600113,18.056423173272865,18.427693312337475,17.539080676806474,17.92073088484007,8243482,174578899.12698895
2015-12-25,600113,17.750152674554904,18.152089869798708,17.408002889839548,17.912824717121516,3622142,83655809.45784427
2015-12-28,600113,17.96555448981851,17.846328025711212,17.58060867388534,17.79873160503086,6706024,135175670.98287818
2015-12-29,600113,17.682195559107555,18.273343296707274,17.305586267624463,17.74170180274402,4878771,127844603.42232013
2015-12-30,600113,18.111992238310933,18.07059407412192,17.493121675204748,17.976327514611047,8907996,231162155.784187
2015-12-31,600113,17.87567457960968,18.09587347155466,17.888138841942098,18.04955358761029,8775591,221135306.8450252
2016-01-01,600113,18.128530126632416,18.12516887872264,17.853880441803838,17.977595068562913,6550125,147770823.67665514
2016-01-04,600113,18.073736468574854,18.258930774542055,17.818468445489547,17.916854058576476,7028343,135827724.96918294
2016-01-05,600113,17.63070570577076,17.882749043989026,17.20399594867434,17.717216922844877,5430471,123496981.09014525
2016-01-06,600113,17.57195673181969,18.142875391075805,17.689230351951988,17.702901568455893,4943202,121660157.59860145
2016-01-07,600113,17.433521303009428,17.93748692184871,17.256827381348753,17.607117247615903,3619143,67077709.548047006
2016-01-08,600113,17.479033492254246,17.757970294340225,17.283637263821944,17.3983871001978,3406003,72156938.77777338
2016-01-11,600113,17.455059669244825,17.986306352572804,17.213362769256417,17.580517251564856,2530902,53428893.99821977
2016-01-12,600113,17.838098574432266,18.326443302627503,17.862916163190285,17.883450850706446,6048287,146281814.45982358
2016-01-13,600113,17.72967115912159,17.954701155059897,17.726131791015188,17.89589842976406,3644155,88827831.93655834
2016-01-14,600113,17.948123935835103,17.89113479964307,17.39750202988086,17.84636703656857,5039028,93207648.68093537
2016-01-15,600113,17.77474669801318,17.840006914227065,17.333434143765782,17.8071958404551,9324900,235847875.30418846
2016-01-18,600113,17.63605267696247,18.04654851002575,17.310735238957832,17.757029455663613,1417805,27833374.267036173
2016-01-19,600113,18.000941477627016,18.34980686338085,17.796872153989494,17.987137201810278,1242931,28346742.623900846
2016-01-20,600113,17.781991766054514,18.221441827801808,17.696103085230934,17.8754997652572,9492755,194809470.66971707
2016-01-21,600113,17.814857502443864,17.99726209929807,17.702819965987878,17.976785196842645,3429713,81727103.68683702
2016-01-22,600113,18.190837450776144,18.470485600628372,17.620188421537673,18.055858124551783,3807047,84099817.9166913
2016-01-25,600113,18.104078827518666,18.295532645749816,17.97166015880863,17.979548431315546,1762572,43349341.899062075
2016-01-26,600113,18.200970802940944,18.357174083105054,17.709506136701275,18.137897135897177,9235080,214980244.1976449
2016-01-27,600113,18.035317136683144,18.166248478066123,18.07156097015614,18.104342140390436,7593221,139520820.93360144
2016-01-28,600113,18.392819874894197,18.538837307727874,18.344029018130552,18.39257982749029,1206534,28855045.7279194
2016-01-29,600113,18.661843772821918,19.022419419768855,18.266357517380648,18.489860268837305,9356506,257637202.11727312
2016-02-01,600113,18.636082336042712,18.634631681075295,18.185915419052762,18.58462221335191,9801835,258522236.49943125
2016-02-02,600113,18.231208013005357,18.600705610163775,17.82446454140827,18.3304540028548,1781267,45099742.55817724
2016-02-03,600113,18.279062641377436,18.730454786093013,17.827543361240558,18.343782494222083,5503647,109609292.28802973
2016-02-04,600113,18.440809989652944,18.451726753934526,17.928569873809558,18.37947511461347,3634863,90757776.435783
2016-02-05,600113,18.3669723841952,18.610693740490714,17.85728017921732,18.20818342185481,8237578,164773256.5764189
2016-02-08,600113,18.12434977574591,18.753441109911194,17.967653510993696,18.241032802148037,3772703,80623288.02595142
2016-02-09,600113,18.738931009979364,18.868793215693575,18.07841345896492,18.580473061035413,5090861,116576190.18375598
2016-02-10,600113,18.46707136127813,19.109339099435633,18.482273504299144,18.632903727239764,6924374,178733325.05244336
2016-02-11,600113,18.635528788938156,19.01182701247111,18.502273201548412,18.747133956091066,3295298,69972911.79374199
2016-02-12,600113,18.171417635822525,18.813505843086805,18.0092246816122,18.32246958878347,5674206,132873175.23686004
2016-02-15,600113,18.252653717304327,18.622651456458563,17.948359011350178,18.325583585317155,7282742,161871281.3702444
2016-02-16,600113,18.319099804775536,18.842199672210324,17.846738866491428,18.293792108189386,9055221,198407198.5106596
2016-02-17,600113,18.297303736072042,18.492917210368443,17.996452863286834,18.395040481047957,4755171,118646549.75365897
2016-02-18,600113,18.597421245414516,18.674633327256817,18.1855389736708,18.596904947367538,2355092,46026698.97333696
2016-02-19,600113,18.367608506144517,18.552295394238694,18.17241682951407,18.455207629620624,8947162,178690157.89521906
2016-02-22,600113,18.51855218899129,18.684524763233465,17.925094539547956,18.3921348692952,5298313,140955760.32685065
2016-02-23,600113,18.229611947685783,18.86744855718539,17.804687417682764,18.32060042868912,8538457,213302284.17198697
2016-02-24,600113,18.16316022493986,18.178524451289515,17.77549272431935,18.126861234273427,4252859,110992251.12482756
2016-02-25,600113,18.059180137461475,18.376513892034104,17.65535749467756,18.180715587068264,1362155,25695340.253296055
2016-02-26,600113,18.489772500731775,18.856418728047863,17.98522003709729,18.423120552916664,5308610,98032551.90658945
2016-02-29,600113,18.552731097778683,18.57811632274427,18.20721751600057,18.46312875920176,9423430,250985899.99745652
2016-03-01,600113,18.31877749703387,18.775693911763927,18.376853844634642,18.446886214731663,2871973,54206972.040791996
2016-03-02,600113,18.463375254993995,18.943061650154227,18.079012602605967,18.588383729616375,4172549,112582030.1627701
2016-03-03,600113,18.733660156895706,18.869941975371116,18.71169063227715,18.792264752735,9125710,254792016.05723393
2016-03-04,600113,18.824708368738673,18.89872201432228,18.718694529348266,18.728153101427417,9877908,220936017.88359657
2016-03-07,600113,18.831358201745264,18.859473157587303,18.549429651877304,18.81961162573908,4412685,122587645.04396413
2016-03-08,600113,18.661355602849092,19.409873116848637,18.496427204285432,18.845137771030856,2344101,58751694.60574044
2016-03-09,600113,18.7366215525736,19.24490690306418,18.54139674828502,18.890818239612585,8433353,227927250.8561035
2016-03-10,600113,19.015501542215784,18.939861361153994,18.429697992040122,18.938718746606604,1664364,40475981.65722123
2016-03-11,600113,18.889113176798798,19.588841576276646,18.95134234617679,19.064852873256733,4861217,124037401.83588414
2016-03-14,600113,18.67516928130194,19.25354852480373,18.592391079888007,18.813338388333804,9868678,200252419.4775635
2016-03-15,600113,18.81247770781681,19.244141265760856,18.59523597827006,18.88318690824729,6121890,142839016.10760385
2016-03-16,600113,18.72998180431285,19.027801365772966,18.672883917835172,18.79003450704296,5707193,139984988.8649181
2016-03-17,600113,18.792304758629996,19.024197343248762,18.757454455922062,18.940784170610897,2889950,79869379.96569148
2016-03-18,600113,18.627856979541587,18.961675914525674,18.672074727315056,18.775733842719177,4500664,90919263.06186782
2016-03-21,600113,18.5497568102344,18.590812183628067,18.39878334396761,18.539861334704703,1861313,51531280.372050755
2016-03-22,600113,18.828173237287,18.808069240718982,18.248218949834776,18.655699325822788,5333664,113020361.90680863
2016-03-23,600113,18.440786673658476,18.670118560864957,17.977053165554956,18.26775647773566,7070075,141778079.6339125
2016-03-24,600113,17.976549630161596,18.507742621255346,18.03893025092718,18.139241861885218,9945871,190630058.70949268
2016-03-25,600113,18.141352285437687,18.449170081004006,18.06652467751788,18.2651775442122,8555531,170075000.15455076
2016-03-28,600113,18.32305983419612,18.33942769637565,17.970676137545723,18.21015998922335,9402263,174947684.96345094
2016-03-29,600113,18.091876385239285,18.520359691218065,17.768043043291527,18.029692963152165,6773700,165720702.8563351
2016-03-30,600113,18.02773558025596,18.327421684054684,17.406937136826688,17.870063794738797,1766540,33488552.5195599
2016-03-31,600113,18.056597431364874,18.317649195227087,17.752956566066057,18.06856742783952,5808001,154233240.74773386
2016-04-01,600113,17.9420926342708,17.934823300840563,17.837110954019245,17.853891207174854,8818948,199017777.5321412
2016-04-04,600113,17.64536968594858,18.106972726831135,17.64660443926072,17.695013726562525,4528831,85716003.57725994
2016-04-05,600113,17.725731383862644,17.907825746001578,17.461144846144705,17.565652389182212,8788781,200631443.33386075
2016-04-06,600113,17.510402775143277,17.512606032307147,16.875743485790153,17.377707890892438,6855979,166485266.5173489
2016-04-07,600113,17.58548257800155,17.72567484360135,17.463806686516847,17.494215063432538,7415142,149558686.10205376
2016-04-08,600113,17.58521547478248,17.944134307584754,17.514420683239244,17.53163868999937,3391677,74436219.25568956
2016-04-11,600113,17.599977125617578,17.84010834735278,17.1024613777713,17.485148586505275,4559430,110713333.68601508
2016-04-12,600113,17.49908423995831,17.848233944516693,17.30225410551999,17.41786861471115,9234875,195622564.1625537
2016-04-13,600113,17.367117853420094,17.48061866793665,16.999789028204386,17.429775583912203,7783191,136421407.10230035
2016-04-14,600113,17.57210186991222,17.522119389915552,17.389456473658154,17.49250292713259,5197349,94959678.69228803
2016-04-15,600113,17.319699519801507,17.95791393160787,17.018861734182455,17.483308462976066,4227030,85702549.05202381
2016-04-18,600113,17.453454504768974,17.76503554497464,16.992603621392135,17.355134742024823,9028341,157614471.88902375
2016-04-19,600113,17.57578762772961,17.591245714655763,17.408715426556267,17.42788381717773,1289489,27034674.481249135
2016-04-20,600113,17.373029800836118,17.848621798898918,17.063764554959217,17.43571614108121,8583484,222491547.2826985
2016-04-21,600113,17.513269272024953,18.075991805445078,17.172640692119746,17.603750661427465,9218971,240137530.93644726
2016-04-22,600113,17.772287731632545,17.89762855502551,17.428317469570068,17.709373841888116,9818903,229564791.3361944
2016-04-25,600113,17.831673889906444,18.176203317674396,17.484990355973412,17.686806052212035,3819908,70007763.22093643
2016-04-26,600113,17.921381422127467,17.940352400762514,17.834766459521553,17.83640459442864,3325494,80562270.60732903
2016-04-27,600113,17.828975340886043,18.09829588270596,17.48856411753799,17.814468793256307,3614860,81273734.09934486
2016-04-28,600113,17.56686041458044,17.963650187098363,17.297014460763396,17.73171916345416,1685545,36892175.40795448
2016-04-29,600113,17.96423472695441,18.154589112362842,17.55366696486174,17.85175909358219,4244433,106943590.01223674
2016-05-02,600113,17.844868690464175,18.453574686153438,17.543407774713152,17.97248992839996,3596946,64831647.81322824
2016-05-03,600113,18.36645269137873,18.710670599162555,18.059427127282174,18.190838265958696,4605959,124317467.13564603
2016-05-04,600113,18.317528288953753,18.657922579479795,17.891292750858145,18.374851469326366,9948984,208500374.69632602
2016-05-05,600113,18.210521982118095,18.80387692988645,18.30930915121545,18.36959631228117,9303604,228737265.20801362
2016-05-06,600113,18.39384947932991,18.695496250000115,18.065145199728715,18.500974424502576,8801554,170237312.58944237
2016-05-09,600113,18.726600141746054,18.85201534143839,18.145638074595055,18.639998860194453,9344034,196414211.5490601
2016-05-10,600113,18.636731375028038,18.814343802556184,18.297053149907576,18.760112978984903,6159474,160057817.3783778
2016-05-11,600113,18.78410232142458,18.695738416757035,18.133666033775494,18.626662111187414,5167944,139426589.19294822
2016-05-12,600113,18.33673733516784,18.89475280205464,18.283175101680907,18.51188431849035,2475447,61061965.84873554
2016-05-13,600113,18.707481827023827,18.754684094215822,18.432642635644115,18.565029234210876,5528369,111256814.3475778
2016-05-16,600113,18.448017457385642,18.74422190283826,17.963610215274453,18.473081811986013,4824959,119488047.34525324
2016-05-17,600113,18.526832764194737,18.761866340424955,18.0549742665877,18.570654936139597,1361948,27889601.761589404
2016-05-18,600113,18.914869121753405,19.139331138974814,18.710932760532653,18.746545594962633,7998697,223406606.78542838
2016-05-19,600113,19.053525500141543,19.256104615505603,18.414832433384035,18.911579286991063,7576545,171223105.35590744
2016-05-20,600113,19.06306416861268,19.199634008629673,18.837243531231113,19.093635144418734,5110318,143472203.2540684
2016-05-23,600113,19.1683620601781,19.25029623655384,18.858515668661564,19.07234208030524,9446577,206779532.62348256
2016-05-24,600113,18.98009184864513,18.94923632211855,18.37750993750756,18.88165643043225,5321673,128727685.37481
2016-05-25,600113,19.156749132034125,19.356457906839005,18.73785551390914,19.09167604043543,1924046,52086903.381616905
2016-05-26,600113,19.108229544727656,19.43073761808426,18.946058761835193,18.99893019955178,2494919,50086345.51099711
2016-05-27,600113,19.122520762407074,19.267551355109944,18.689723833770195,19.2186157372266,2846156,56254927.27583418
2016-05-30,600113,19.071029422796226,19.51413830293413,19.09788779385011,19.129442786139364,1146717,23839189.09697787
2016-05-31,600113,19.296489471005764,19.564376868451205,18.867741754083095,19.216595846659487,8194292,182569049.20810524
2016-06-01,600113,19.247703721809852,19.315980796319792,19.017922750471097,19.165663153211987,4166680,88829346.3808149
2016-06-02,600113,19.134082252655805,19.5858623111608,19.169012576144556,19.197766017011915,9036379,253738225.0882199
2016-06-03,600113,19.347852518544315,19.55251664929837,19.084233751694434,19.38177653966906,1509362,43070549.477504715
2016-06-06,600113,19.35474087750681,19.41565304650977,18.99028072047158,19.314247449864816,9871090,281077037.99130464
2016-06-07,600113,19.55793809422117,19.52213785179308,19.2727441853107,19.386862334787285,2054345,58474770.580249384
2016-06-08,600113,19.802892892605154,19.896414577093864,19.466646817718225,19.626527812647623,4539506,120433839.17850906
2016-06-09,600113,19.613434835308205,19.81220175104756,19.2279748114599,19.561169613195165,8271274,190838888.15069184
2016-06-10,600113,19.67835452767986,19.875651166866426,19.39905888221686,19.678800656780098,8857068,245477119.43696672
2016-06-13,600113,19.77068249636297,20.033999599723153,19.542570040358374,19.623957066464325,9100630,265136832.91165775
2016-06-14,600113,19.81280326539064,20.34176347871987,19.33330210051912,19.80863115989164,5145240,128247056.14099218
2016-06-15,600113,19.56095007270109,19.58604051131183,19.232516132007397,19.575176665052105,6250676,159595436.63283366
2016-06-16,600113,19.49480439875366,19.997194046910913,19.09970932147389,19.608448841389478,2869362,75351134.11303824
2016-06-17,600113,19.77385075615049,20.127813228774396,19.753941676771557,19.764046936817607,6495546,134051829.99925676
2016-06-20,600113,19.327150337397033,19.469474341138433,19.118126390484033,19.313131516031383,4305527,85899856.82920995
2016-06-21,600113,19.44879444595969,19.496615852404123,18.851176662346226,19.315495310772608,2190360,63375599.49512546
2016-06-22,600113,19.429736327363436,20.00331782051333,19.379590878863723,19.49765644521625,8279046,165880080.45043308
2016-06-23,600113,19.042309220006718,19.51667890906783,19.128493545481433,19.203248130083157,9755850,190305263.41751948
2016-06-24,600113,19.27492733170648,19.68725746435503,18.824924939907245,19.365422191285823,1345604,31821097.088389583
2016-06-27,600113,19.928593801254326,19.978173014469423,19.695264561079,19.761137724994708,9170987,256285361.04607573
2016-06-28,600113,20.02216898650743,20.19685103702041,19.39123878796499,19.93734647117384,1558728,31376729.183149006
2016-06-29,600113,20.22987253073575,20.422252942335405,19.77937705272103,20.067639263624816,6050310,175782659.67060524
2016-06-30,600113,19.700347808522633,20.299711507317628,19.312398898913262,19.744812491717866,9572901,278603045.84585214
2016-07-01,600113,19.82846385015239,19.854913727379717,19.19214771719946,19.772129784399368,4857890,134891699.66109374
2016-07-04,600113,19.923238151894036,20.014002720725813,19.406884742591227,19.92838846977309,7167121,167776584.62419304
2016-07-05,600113,20.03660426473606,20.425036803936603,19.632881000608755,20.165069899782146,6119889,151887793.30406228
2016-07-06,600113,20.154748154971823,20.224391905658546,19.898311013787385,19.96724482681481,9252153,241318780.55776986
2016-07-07,600113,20.06757510023508,19.900018849411552,19.41888103917954,19.898461498972978,3393346,91877955.6278173
2016-07-08,600113,19.822284643987512,20.259150945755238,19.783889868940303,19.937119362962775,6180273,152617588.02194622
2016-07-11,600113,19.258869613596804,19.787020930358796,19.279924512574713,19.40007169226755,6977323,181975654.34992108
2016-07-12,600113,19.427263250193963,19.480925836038832,19.226289026419686,19.4039644966537,1222175,28192971.34668497
2016-07-13,600113,19.662032898365755,19.76511189079711,19.08445848803442,19.535156542358166,5324260,137404160.66933388
2016-07-14,600113,19.69874719746323,19.86885586020103,19.2876567638719,19.673607849328903,9088586,253239477.84138706
2016-07-15,600113,19.79606446661172,20.05378323351663,19.779145196727974,19.85102931749716,4714481,105238157.9532812
2016-07-18,600113,19.827055087620504,20.381258057862635,19.458122403748472,19.92244679320055,6919193,197018991.0630372
2016-07-19,600113,20.11795398144469,20.46261353246019,19.732206793150915,20.24863817566967,4733190,140439681.81418496
2016-07-20,600113,20.19516779752444,20.233815768805744,19.669909274990037,20.14494715731857,3096876,75590438.45900694
2016-07-21,600113,20.421417951974075,20.97112087802512,19.95449366057043,20.36575697884266,6925375,149454515.22391263
2016-07-22,600113,20.403988825944396,20.505970993401686,20.098050338461594,20.24606352042079,4953427,131676554.33528654
2016-07-25,600113,20.1472658116276,20.505649102231917,19.78451946762538,20.17187560011609,6824062,155607511.54240215
2016-07-26,600113,19.828722390703586,20.103039235109588,19.771786909835484,19.90420343248939,2080149,45735090.66800377
2016-07-27,600113,20.159909499015065,20.33804242614339,19.428181727694515,19.980779610390385,3761436,106005171.99696518
2016-07-28,600113,20.088082959172194,20.39038304262506,19.716493635283864,20.063948746895985,6304831,127009147.7677755
2016-07-29,600113,19.92443114561236,20.119403200506365,19.32864288187953,19.84521441406518,7972769,173891943.4993614
2016-08-01,600113,20.000681176424752,20.347363479260206,19.817005707897298,19.85286732071617,5583783,138399814.92668635
2016-08-02,600113,20.121234917671703,20.47166806607012,20.058410230639215,20.10713916042561,3313613,93017662.65763645
2016-08-03,600113,20.186058768197945,20.15673683208622,19.69989318854114,20.00128187664111,9323001,269051041.5596915
2016-08-04,600113,19.684809194546897,20.036548964107283,19.30842500407861,19.78457938913303,4192759,120524675.29922026
2016-08-05,600113,19.624270885642055,20.009622706497,18.962171986594722,19.495574680993272,1481914,35808540.62631373
2016-08-08,600113,19.620660243363268,19.9827929386888,19.465554181242993,19.471820384896105,8460064,225708788.2584491
2016-08-09,600113,19.54840322179315,19.91275640350046,19.030690486200598,19.427878982389878,3279303,95312671.18836072
2016-08-10,600113,19.548956781761156,19.88913245395732,19.543908607230172,19.684137427527823,1803528,37645402.16694354
2016-08-11,600113,19.376008521466805,19.852206664486086,19.485946354776857,19.51700282040505,9328735,251476061.67341968
2016-08-12,600113,19.42755555323463,19.680145194420337,19.07056113052533,19.51451546257222,9692902,200308333.37219238
2016-08-15,600113,19.38692282970276,19.50557036565534,19.28698917193533,19.481992790411525,6975048,183143391.03712144
2016-08-16,600113,19.669793402376595,19.651845450853173,19.206959826026118,19.475888320708627,4778572,139353421.2372598
2016-08-17,600113,19.407938643556005,19.728604959165075,19.154630361520315,19.438411142573024,2670450,75646722.87362128
2016-08-18,600113,19.566516735403894,19.83589690975091,19.48375226557055,19.512919575576554,4808378,95866872.0054328
2016-08-19,600113,19.69528717674495,20.187403933133172,19.556758706312113,19.70183521100642,1559779,34474398.690228224
2016-08-22,600113,19.511113155039162,19.72681074977537,18.961753599359124,19.33872845444347,7347717,158935277.00097963
2016-08-23,600113,19.355916553699103,19.391621613373026,18.72523908310285,19.26622514635042,4444357,90084726.66227505
2016-08-24,600113,19.6244070523972,19.56352325267949,19.220900738310903,19.463692313438315,6032732,166389848.05562267
2016-08-25,600113,19.63099636860272,19.987735229719345,19.310961517780008,19.706466196428828,3672990,90573438.39402314
2016-08-26,600113,19.851351739705514,20.38468179561281,19.527121784555465,20.037765392067342,3036955,90913126.0502754
2016-08-29,600113,20.084682121946763,20.375514602602724,19.90813412560969,20.030087524577215,6851847,177856375.09222272
2016-08-30,600113,20.233801642719804,20.32329409264488,20.068378031071514,20.143074137939458,2274621,65535169.03894074
2016-08-31,600113,19.991536042268475,20.70614430122944,19.829715227948814,20.161738797092617,6701453,183979177.5870957
2016-09-01,600113,20.295660472317707,20.74982620187698,20.085678720425612,20.1620627274552,8796139,178489724.70793283
2016-09-02,600113,20.078822921807514,20.674834608871176,19.984860655772938,20.152422652045665,1562049,32869398.66663293
2016-09-05,600113,20.23545759537106,20.34249746928374,19.829673632549447,20.151575385261104,4831451,118172672.40389283
2016-09-06,600113,20.06665828651364,20.411723313116994,19.841860463758938,20.194233231522055,5055704,130046514.0507379
2016-09-07,600113,20.346682586901057,21.035240520957366,20.015688651419453,20.527403839035166,5264261,127644296.72735427
2016-09-08,600113,21.048685347852004,21.44237675733655,20.72579893496863,20.91511611975444,5912528,182826841.125398
2016-09-09,600113,20.963335970304023,21.1821261744582,20.56756587423012,21.021067093893677,2682038,82274434.19760112
2016-09-12,600113,20.637887219184428,20.893054589317803,20.41495931048783,20.824158555865836,8838945,226608347.2061637
2016-09-13,600113,20.967907686088097,21.385533462011402,20.3295674835424,20.902208328842818,2442646,57115409.63591576
2016-09-14,600113,21.3240801021647,21.368854828671797,20.885942597901707,21.183963878243915,5908809,159010996.25726232
2016-09-15,600113,20.707753606191257,21.36128762595537,20.645155267566597,20.895606966022598,9567504,296998940.9864951
2016-09-16,600113,21.37574991897372,21.254950682132165,20.585724561575336,21.212009571676198,7313464,168704279.54993677
2016-09-19,600113,21.3739413349357,21.370175044090082,20.948926785829137,21.175614759833397,5969165,170336703.25431415
2016-09-20,600113,21.28446184791566,21.738079417562922,20.842997090477706,21.228769065193603,3206948,85006986.75081967
2016-09-21,600113,21.354571137192135,21.411951067180812,21.15020797515663,21.248403449982842,3344344,100099420.45131244
2016-09-22,600113,21.176129721376,21.50611453903798,20.671428855070317,21.206484650525873,9790788,232144466.86738607
2016-09-23,600113,21.714057246533006,21.81374267379961,21.285299295682968,21.592731115053873,1584072,50217422.395265155
2016-09-26,600113,21.928550318800973,22.17157480524612,21.195849358232024,21.721409953306324,5874167,185839587.33247826
2016-09-27,600113,21.37330202181958,21.741077585846913,21.139632624235375,21.403903265491294,2620616,83581720.09223509
2016-09-28,600113,21.338707749839514,21.691012315254103,20.691509272642115,21.292254733866347,8174189,252642535.77876344
2016-09-29,600113,21.162448352670232,21.53760389570252,20.94506775269156,21.311240970616517,8471837,208644798.8279422
2016-09-30,600113,20.82591331166188,21.202441467025768,20.612641418207275,20.807907084099547,4999762,139471990.91129255
2016-10-03,600113,20.619477776365382,20.95682045188789,20.103430327778288,20.69356846747861,7015477,212280111.51022848
2016-10-04,600113,20.216616788766736,20.375753496396648,19.96348135272131,20.35440786995943,7237904,205270749.90741637
2016-10-05,600113,20.35929111587344,21.033311855610883,19.970812629469705,20.445994415748416,1931782,48472856.53239888
2016-10-06,600113,20.76659614621796,20.72136466691856,20.398075643650923,20.720625043517828,2812665,65171140.772677176
2016-10-07,600113,20.6569647935971,20.80317884292414,19.982398279577158,20.57773516494539,2118282,65131080.0537914
2016-10-10,600113,20.65314198664699,20.79395848453569,20.25562072433103,20.486442574414962,6095787,184943945.56415844
2016-10-11,600113,20.224166460500225,20.833476019324227,19.78275453769239,20.274050395190113,7180758,188997386.21197343
2016-10-12,600113,20.461818826589703,20.581619401277226,20.30113173094661,20.34312261629084,5294962,141907507.8561721
2016-10-13,600113,20.396927246688602,20.425598458989885,20.04278471418924,20.353959155172358,1291069,28202027.78433395
2016-10-14,600113,20.182541866916957,20.919847330311274,19.823760451324155,20.354816679709195,8786101,223361875.0866645
2016-10-17,600113,20.075090494558097,20.454636454243573,19.629094743367865,20.031988364904784,2622575,58536543.185710296
2016-10-18,600113,20.049813276225347,20.167443631774436,19.630861103415743,20.025808623353182,8831928,211249021.38191584
2016-10-19,600113,20.337134267723723,20.758970836742854,19.85721826764604,20.240701176566816,8399667,214859981.95749384
2016-10-20,600113,20.498171914126033,20.477601006413845,20.13670202690902,20.33577392065657,5329503,132598451.54830633
2016-10-21,600113,20.480514550221812,20.616137541065093,20.516961655048636,20.581703032522768,7326229,178713331.76879498
2016-10-24,600113,20.776046792538587,21.26867241980317,20.719831691294868,20.784247040508667,9230196,239713942.06177083
2016-10-25,600113,20.90797194183187,21.39149060664783,20.882450611813983,21.11813313466295,4080159,111949238.76952893
2016-10-26,600113,21.252782953450637,21.732899134881784,20.554114998558916,21.14271873953974,8964903,231160344.6306517
2016-10-27,600113,21.233703437785014,21.436160648859424,20.86129442432569,21.028896284415204,7101765,179029104.31272164
2016-10-28,600113,21.057251078493767,21.338667191375148,20.551545173937424,20.869164948744157,2573361,70486230.8992436
2016-10-31,600113,20.669471913534505,20.841651504509766,20.757193260499314,20.795164213516777,3075673,65691297.30004874
2016-11-01,600113,20.90263156958223,20.894494311851084,20.660942316869594,20.70456360728594,1144745,31390873.64469094
2016-11-02,600113,20.70393662447717,21.319792152268793,20.19824477737978,20.756141444198683,4338330,102560928.31850705
2016-11-03,600113,20.708420283106136,20.736758913661532,20.338892729387236,20.64450698340378,7140999,219417359.63079548
2016-11-04,600113,20.78186288205201,20.770748681535014,20.177659252856635,20.653934338299194,8365844,191611878.0887384
2016-11-07,600113,20.477299309419728,20.883062444295444,20.40615600074134,20.543077072006472,3388689,76696283.73296614
2016-11-08,600113,20.439079976154293,21.254866989606764,20.026222059487306,20.641511563576966,3068365,64754647.48946024
2016-11-09,600113,20.90048946378041,20.971293933792584,20.732206345852994,20.90060532057215,1618759,47386853.77748371
2016-11-10,600113,20.496394139587014,20.67601635715681,20.152042239378332,20.501875428427738,7889777,180952683.86471033
2016-11-11,600113,20.207498913488717,20.65162197098976,19.966199167856196,20.25511940224116,3396487,75866420.30833757
2016-11-14,600113,20.382758893685406,20.826813110890342,19.854929799728904,20.224088896725306,7942948,190737109.65934485
2016-11-15,600113,20.291233918175106,20.369259015417246,19.582786909293286,20.156410999399004,8428224,231488612.96996143
2016-11-16,600113,20.13891032530689,20.37500622557198,19.71473944829095,20.015574252411778,5950147,143173045.6288578
2016-11-17,600113,20.381011419254644,20.677521163753024,19.67831048148614,20.25957924149759,3883063,107287784.26949552
2016-11-18,600113,20.298822914804422,20.457856476031246,20.181130544376888,20.270013500543875,7926300,189539121.3289748
2016-11-21,600113,19.93561181322166,20.073029865594105,19.54550336272833,19.97572139284653,7663242,213224980.85597894
2016-11-22,600113,19.785899170791282,20.3546035380577,19.65326236136363,19.978420544388474,7905645,175887720.96245974
2016-11-23,600113,19.981321810479507,20.188419575567945,19.868687176713568,20.085014560784074,1551458,32278391.150793493
2016-11-24,600113,19.74240169171436,20.47256038305446,19.428258083204796,19.906227445694284,4904784,111774002.67636296
2016-11-25,600113,20.004355095868295,20.405390982708845,19.96991481042313,20.143527459714406,9254864,248763662.41474015
2016-11-28,600113,19.959223780193042,20.658133560216292,19.846644921169858,20.097913411404598,2209446,51804450.73859544
2016-11-29,600113,20.102576677068434,20.640960244029053,20.05169366544579,20.144743200784447,8674807,181394712.68482023
2016-11-30,600113,20.06915777949112,20.194405089905135,19.33710400011712,19.924689172570673,8729636,254355597.2421901
2016-12-01,600113,19.86382060238572,20.064433164114774,19.35691969596975,19.920601139773936,2571429,76259868.17337714
2016-12-02,600113,19.658785490321403,19.95388667746234,19.266275078589466,19.677850053827882,5495668,142027919.04002723
2016-12-05,600113,19.31380798257588,19.358406553759718,18.828622483789275,19.253658478907212,3762571,93549451.84466203
2016-12-06,600113,19.538294181696642,20.014606190554126,19.01159042887788,19.48517518770208,7929915,197416784.57783931
2016-12-07,600113,19.269161654931374,19.512993499550124,18.92928318852624,19.219460620727418,8919506,182470763.80095395
2016-12-08,600113,19.25675366321509,19.47379634376675,18.607175458173344,19.076122660022268,4004477,98939482.52784306
2016-12-09,600113,19.001011597470487,19.183950131404938,18.552815257047616,19.11871507107076,8369791,230736458.12689948
2016-12-12,600113,19.550564655670133,19.64615721672341,19.09038835594153,19.47901276360053,9534042,211271012.51294762
2016-12-13,600113,19.79550433011893,19.871315014910955,19.510963123963478,19.71726469688136,6048434,144339878.55320764
2016-12-14,600113,19.571386806846586,19.771937038225584,19.50930485345468,19.73731217962068,2094650,47936349.5623833
2016-12-15,600113,19.69456145228338,20.13704583293506,19.281535289538702,19.73587089147037,1713275,44616335.38818592
2016-12-16,600113,19.710840443389507,19.973531573176718,19.729479581501742,19.890955522317988,2978625,75045884.35325423
2016-12-19,600113,19.76754061997442,20.037740074552573,19.911279646211014,19.947383214437366,9458998,211029754.7753792
2016-12-20,600113,19.874138566970778,20.122430122253313,19.602886131593017,19.872452663781644,3545342,102421932.192447
2016-12-21,600113,19.919218385937025,20.336641428607887,19.540808078823858,20.08938257657112,4417706,93814951.82913934
2016-12-22,600113,20.19704776521283,20.0114190891048,19.708465237847964,20.00554756944058,6136148,130780639.16866879
2016-12-23,600113,20.195499828373034,20.557931082189462,20.243982774810743,20.2583515317802,2406730,60683815.81836572
2016-12-26,600113,20.56354464352516,20.897964457761,20.52895245695502,20.62002870593288,2372735,49387615.5663486
2016-12-27,600113,21.171017129339717,21.124072545274842,20.667822787662118,21.103325931912917,4664515,99308554.32507057
2016-12-28,600113,21.440820498912107,21.908104668001076,21.473276896292266,21.478224711566803,2022345,59694141.285417296
2016-12-29,600113,21.569457362275834,21.820993516377726,21.52782359601703,21.664971982835745,7646307,194122456.49285287
2016-12-30,600113,21.918567808159157,21.81702258890468,21.69022222735064,21.79224135067387,6697082,218328625.55233133
2017-01-02,600113,21.785917108237033,22.543029209643485,21.62620645058024,21.914908866759383,7575316,173997217.41193026
2017-01-03,600113,22.40728563056847,22.505522340350264,21.71862064470718,22.240512220782925,1196490,30534288.77399309
2017-01-04,600113,22.645502176280985,22.59878799557873,22.071277147451156,22.445960073199398,6656495,155378466.08830342
2017-01-05,600113,22.3018704662548,22.75424251328485,21.678784669923516,22.29537309609359,5333868,141262018.391968
2017-01-06,600113,21.971967242101297,22.34240586875516,22.038582194718394,22.14545045149343,4626669,122632621.4811981
2017-01-09,600113,22.594888368505476,22.816436792166634,22.05172698103052,22.54242403316791,6294543,211240500.13345942
2017-01-10,600113,22.64850628851827,22.767360553680902,21.845052223359495,22.450303238927013,5632648,134044978.37495755
2017-01-11,600113,22.299233994897197,22.50098659814007,22.222584349612887,22.291260406468524,9358776,238205330.69046837
2017-01-12,600113,22.5403171899466,22.995205984766315,22.493620906655945,22.56084994207533,2952611,66841419.74144232
2017-01-13,600113,23.03744904304756,23.122646535609505,22.600666304604655,22.860425536289448,5343658,177526578.5290918
2017-01-16,600113,23.28143761643064,23.701989792380637,23.427197695700247,23.444390590477084,4654597,127147596.63080758
2017-01-17,600113,23.091126310757996,23.713589726890586,22.905000686537615,23.270514972061175,3284764,89108053.91974153
2017-01-18,600113,23.62650402153034,24.06292336754575,23.412588852961985,23.43629233085651,9459151,234863446.9197342
2017-01-19,600113,23.070382733619006,23.598714375186074,22.637482952009663,23.133269961989,8592166,222139365.5818174
2017-01-20,600113,23.469144289416775,24.23447745284933,23.153019830487146,23.584732206647065,2790177,97799161.54363294
2017-01-23,600113,23.60791938091681,23.687516552544725,23.259296991039037,23.377302833141563,2592063,77009730.86085291
2017-01-24,600113,23.43795036225926,23.388446543233428,22.707360289135803,23.206014571243838,3980564,110830820.97352976
2017-01-25,600113,23.203689019898746,23.390123214492416,23.1280452185472,23.319060425437094,8434089,231612723.5205244
2017-01-26,600113,23.50614398593455,23.7421333825388,22.97009667924543,23.55146299281064,1330600,38978478.60918598
2017-01-27,600113,23.581877133304335,23.745504380875904,22.99890859116349,23.390942355413262,5475812,150367696.23403102
2017-01-30,600113,23.754865599445978,24.180997800682547,23.21122780878547,23.776793976378286,4490739,121834900.98429367
2017-01-31,600113,23.31751003982675,23.786067507667063,22.881923950872103,23.48958741179598,9165086,313390144.197098
2017-02-01,600113,23.912023507557983,24.36625119135116,23.417442487158,24.018734050799804,5691945,191050288.4897541
2017-02-02,600113,24.13244200220024,24.463394776325924,24.165907767003336,24.339242052391747,9252057,320466159.9116633
2017-02-03,600113,23.660740541845318,24.26243582716827,23.1638628336413,23.608978495204433,8404603,218637557.58009294
2017-02-06,600113,23.515854793975297,23.764201326088266,23.080370816631753,23.361748833318458,4227741,112407173.6580091
2017-02-07,600113,24.123273403350233,24.465985207868112,23.525013146984886,24.002915293114178,3091471,106623686.25724442
2017-02-08,600113,23.26184122193672,23.761625125581585,22.972195893603534,23.41251419217995,8893825,301061514.6953752
2017-02-09,600113,23.55028972209139,24.07949369023624,22.815928608853643,23.468374155168142,4028676,135915420.84598738
2017-02-10,600113,23.53516384095198,23.70973476325259,23.265899366654587,23.529908986460796,4367495,102987400.73408845
2017-02-13,600113,23.049298406275184,23.289375225741356,22.824741743304276,23.172813894394785,1989484,51378524.68771062
2017-02-14,600113,23.64210624171353,24.17067121435462,23.1255004312449,23.578542245507396,2335470,55408333.361606255
2017-02-15,600113,23.606307371192532,24.10096258439194,23.234473711251532,23.65020219419533,9002702,277916252.33310205
2017-02-16,600113,23.501386031848487,24.02413508021695,23.21214143571467,23.38096039867108,6381597,210825266.84995314
2017-02-17,600113,22.90115373722923,23.577347432644586,22.824849646716743,23.108353058152623,6784139,231822236.26953837
2017-02-20,600113,23.276225957808112,23.797882788735176,23.163106527194113,23.268155311030398,4992619,126698113.98915921
2017-02-21,600113,23.192579986488095,23.394384276298283,23.004135465576425,23.317161338795223,1545437,47257462.707302995
2017-02-22,600113,23.597136485888832,23.883778865825416,23.081144845633965,23.636762222667542,6658848,177736018.74541923
2017-02-23,600113,23.420362420492626,23.4176890525123,22.635546726846545,23.197347379704247,4497011,146830842.7962367
2017-02-24,600113,23.421620115725997,23.349082152678253,22.882787577610557,23.215828134893453,7894564,200222209.87792736
2017-02-27,600113,23.06841265371434,23.303229153256073,23.038832396838256,23.15239554282154,6245041,148332370.87552235
2017-02-28,600113,23.12865864368225,23.09125904263575,22.77554672338731,22.983701414795,2346014,63727916.75036701
2017-03-01,600113,22.76940611781391,23.330857205934585,22.51616837120038,22.992724583185783,2309499,73586961.88130775
2017-03-02,600113,23.12059478074058,23.164686626076875,22.35590725258693,22.928536198530452,8202468,193319907.64598832
2017-03-03,600113,22.63105789328798,23.336596178331437,22.20882027372874,22.839379606819804,9719786,253431302.89887396
2017-03-06,600113,23.21509088207449,23.595524335112238,22.625276937153494,23.05564807746618,5135670,119052619.3527712
2017-03-07,600113,22.852290154009246,23.159534091907616,22.831961232661694,23.057063781728523,4397424,101996409.0106702
2017-03-08,600113,22.94820843943409,23.167995194128405,22.741749883349456,22.849964170031285,8567817,204685672.10576555
2017-03-09,600113,22.691255186871423,23.23365885173764,22.40528462646629,22.917858158814173,7854955,183736946.34854648
2017-03-10,600113,22.510365197816306,22.38516675785317,21.850190698965207,22.381931641194704,2482230,56506174.35525295
2017-03-13,600113,22.20464299895881,22.778810281095566,22.09709474745235,22.412913021380675,2171178,52062578.86756666
2017-03-14,600113,22.155680722693944,22.175957408432996,21.795962700132737,22.07569968928299,8054056,225881500.37255442
2017-03-15,600113,22.18637519922991,22.314916229644766,21.9776547753986,22.185342422377996,1866165,52240785.5307485
2017-03-16,600113,22.476361424826504,22.93662434369919,22.29098162698895,22.356405863466914,3141659,87662650.58724697
2017-03-17,600113,22.153089721650336,22.501121859210325,21.620088000963417,22.11661053637749,4917056,129251787.18889008
2017-03-20,600113,22.3351481646213,22.90879720105259,21.81833159141876,22.30940888537841,1241669,30367549.427797455
2017-03-21,600113,22.93843193634913,22.953244649184157,22.735594141000018,22.78570168493733,9598847,289548305.7325899
2017-03-22,600113,22.556261934598524,22.964137732162754,22.427786204276483,22.588544017000466,2487723,81439186.82725367
2017-03-23,600113,23.169617166074772,23.394511360787835,22.501601684218723,23.024122034208986,3667875,102558774.29098442
2017-03-24,600113,22.705396743150608,22.92586067218197,22.687022977727434,22.76161227819354,9324732,261840258.65570825
2017-03-27,600113,22.726622125800628,23.295978242414073,22.795846460923467,22.824589932288397,7017595,204543819.06493106
2017-03-28,600113,23.03557141933018,23.56703800361776,22.44560907529613,22.920982196376137,9047111,229292984.8539662
2017-03-29,600113,23.128617437042642,23.254216043276987,23.019220681293728,23.06970059600927,3640112,100236405.09103523
2017-03-30,600113,22.69460875186032,23.121069379160943,22.274618962388796,22.724785545146432,6973390,208328852.24827075
2017-03-31,600113,22.55707839795946,22.89300419935528,22.273289567888163,22.61800236140945,5575979,131492614.99056208
2017-04-03,600113,22.82601802963699,23.110800841363524,22.57676381352605,22.711628737670672,7902740,262275298.19394383
2017-04-04,600113,22.854761244307433,23.603770137167253,22.52512116690118,22.937777788240197,1407159,44543517.05163433
2017-04-05,600113,23.17456256447325,23.88802851521902,22.669399286194174,23.236117161312936,4276196,136886572.26506197
2017-04-06,600113,23.36131265796075,23.710027204944648,22.765529903958818,23.258127595739843,5146350,173812867.99396998
2017-04-07,600113,23.03397616503711,23.646056100264115,22.47095642433439,22.96691607055238,5125330,137384673.2809756
2017-04-10,600113,23.759329277105213,24.140515620917967,23.07873634164464,23.74790173549721,5395131,132234494.88586983
2017-04-11,600113,23.87976189199462,24.45469852934094,23.503776271870887,23.91657747055034,8771152,249037787.5209498
2017-04-12,600113,24.127140474428654,24.618576027756504,23.92221910927224,24.12754556269232,7007980,250488081.65633678
2017-04-13,600113,24.260333080666182,24.523952324436824,23.78597682670883,24.040453568731266,2067949,71294467.01838051
2017-04-14,600113,24.000788881524326,24.489909616006457,24.03052656652064,24.182483044754107,4773861,172343473.1463148
2017-04-17,600113,24.333139982742146,24.365980755187994,23.620847483977386,24.13369578663032,1976237,60282767.605703965
2017-04-18,600113,24.45083927923508,25.115939518739548,23.679512086010277,24.39172791346201,3568172,104010834.33436245
2017-04-19,600113,24.330098502803526,24.595882564860503,24.066435866764348,24.191470890824096,4658911,148986937.10836345
2017-04-20,600113,23.96166863419092,24.87132578956879,23.648874950349317,24.17903392516051,3839498,92924443.7420543
2017-04-21,600113,24.139723550640323,24.816422711998246,23.933339761274958,24.13156444733725,4147652,100222485.09703335
2017-04-24,600113,24.32115541807508,24.9560648301153,24.064671982272085,24.34636146126193,2634347,88753605.63314292
2017-04-25,600113,23.951909875339037,24.254411930503977,23.509690883444684,23.768861917748417,8843754,281314544.16539884
2017-04-26,600113,24.204256519941733,24.672149705414117,23.788414231816297,24.14757234740039,9734796,327116962.8655798
2017-04-27,600113,23.47319147757888,24.1327201212983,22.967922036055292,23.645812988990237,9001596,284349876.1060184
2017-04-28,600113,23.466347540203877,23.98939704316269,23.3230163111801,23.551971639807896,2197812,71635472.80963336
2017-05-01,600113,23.26029034920769,23.509173012610106,23.03764598862057,23.402035378902518,5816039,180521165.19308805
2017-05-02,600113,24.161021744394237,24.106225010249684,23.50925681447486,24.08914810418841,6937325,176550958.71832824
2017-05-03,600113,24.368462620758365,24.560011602344613,23.666789400973016,24.189272980226807,7922940,234222058.51874685
2017-05-04,600113,24.718651549157464,24.945168212844003,23.90314261557654,24.525546134511668,5536091,188108346.67982727
2017-05-05,600113,23.59048982003556,24.19628267631238,23.646650491580786,23.769629435052373,1610006,39487631.19950179
2017-05-08,600113,23.492274385689534,24.287731640372403,23.17574468051235,23.590212696570042,4614904,151281143.17367664
2017-05-09,600113,23.921429135850694,24.693118302509877,23.34683464448976,24.034990066640898,4838953,134357420.7117602
2017-05-10,600113,23.85008696404912,24.52371749493997,24.059154044480934,24.08382169213315,5822630,154695061.15557334
2017-05-11,600113,24.63864854692497,24.7844122003441,23.96506200396693,24.58225001068778,8834915,296374188.01778996
2017-05-12,600113,24.63095601539085,25.140013645967073,24.72591092053715,24.805172221786556,2488275,73073621.57709692
2017-05-15,600113,24.8947385898525,25.59093650084759,24.700548576211002,25.03170568345373,5980106,157115141.75215197
2017-05-16,600113,25.281676783432527,25.907043083585823,24.790306657927417,25.40645234661438,3706315,113016297.34227425
2017-05-17,600113,25.633845168487067,25.499327274986612,24.89404439563837,25.38164279596764,5933692,208232886.50904885
2017-05-18,600113,25.518682398754176,25.446923333531483,25.085692611774274,25.291746462080805,7149636,221770392.9973453
2017-05-19,600113,25.28717163510205,25.617032868502744,25.06682376749871,25.38197358645988,8842416,297908385.8118116
2017-05-22,600113,25.529818089886472,25.764287887227116,24.83017281693528,25.499766199184567,3484395,99501200.91506258
2017-05-23,600113,25.83553609233232,26.012408053611395,25.804498292288088,25.986860251229402,3224529,118378648.20248084
2017-05-24,600113,25.964351656117714,26.720913661076757,25.707420443172676,26.214366535784382,5039245,190034208.2320084
2017-05-25,600113,25.78179535289235,25.720631356365892,24.874833141662165,25.564536069130618,3689449,120793904.12507418
2017-05-26,600113,25.526270428838792,26.23091056727316,25.02531792893163,25.71166546591462,6385349,191699417.81338593
2017-05-29,600113,25.610012263290287,26.04341034027645,24.813383922502265,25.464567751556093,9027589,265875397.40379676
2017-05-30,600113,25.51720531015517,26.050062093027538,25.094558786968523,25.52064961345225,9277022,245057098.25244132
2017-05-31,600113,25.516225647876926,25.59015798021453,24.647051919329133,25.317455914094573,2774167,103206260.78352848
2017-06-01,600113,25.753213236659423,26.64600221251454,25.896052736552555,25.955650395744755,5712036,199662710.65953588
2017-06-02,600113,26.307996692103202,26.17785724690287,25.631824204889927,26.153977974692477,2470980,91854888.46598436
2017-06-05,600113,26.682414857781936,27.04269775728402,26.22660379155422,26.439445607748915,9940974,292227474.47539186
2017-06-06,600113,26.071957262379645,26.331568917080368,25.70457445351786,26.19663137342852,3294310,121495455.26125512
2017-06-07,600113,26.426970675572353,27.43421846836083,25.872589032042473,26.639104565897735,7419373,217071709.21569625
2017-06-08,600113,26.689209008564585,26.86216054930302,26.331740732360444,26.674066209124607,3549433,100914321.84637865
2017-06-09,600113,27.161568281464834,27.49161234446496,27.00312005640656,27.175777429461064,9050800,315334565.70840436
2017-06-12,600113,26.719694294586418,27.147919547688655,26.68379511659456,26.967958390743377,4828555,146035435.47764993
2017-06-13,600113,26.801730484567344,27.045006869628118,26.738970457843575,26.854650556622328,3786903,125234613.24172564
2017-06-14,600113,26.77624789577296,27.4282138882608,26.65887089562417,26.80764528693064,1872530,52196774.72842782
2017-06-15,600113,26.28259157087872,26.942422992522562,25.91674146559831,26.322712469061887,1477762,48176997.82942543
2017-06-16,600113,25.97654364583006,26.670115463594136,25.89653813747795,25.964243717123594,7274382,262453456.85094818
2017-06-19,600113,26.38382224843827,26.618117574269547,26.295953690880527,26.39824479797284,2286860,66281959.21430913
2017-06-20,600113,26.725607572174685,26.805947318420724,25.787921752738182,26.55447926830129,9012940,334633897.3373008
2017-06-21,600113,26.334508203338267,27.15245727366301,26.37826482961085,26.42601914740132,3696569,102963062.63995552
2017-06-22,600113,26.720202055006517,26.966539874385624,26.32614273075936,26.76805364704368,9090195,254711638.60858992
2017-06-23,600113,26.616596564753845,27.29009130532096,26.336456457460088,26.725484614463703,9527507,323027163.72648036
2017-06-26,600113,26.12765938091348,26.485235936421006,25.543362861588633,26.245322960437193,7268877,250257338.22239128
2017-06-27,600113,26.58693299415363,26.569923018538457,26.194423071889275,26.427466265123094,5742549,210627008.09226218
2017-06-28,600113,26.150588689782595,26.488402233465447,25.404854607872824,25.955508567543603,4911221,186029637.00260115
2017-06-29,600113,26.434564449399204,27.020229632638845,25.973559363314134,26.26150112770014,3425874,112468026.87272401
2017-06-30,600113,26.33357669885032,27.06304897554865,25.804831281173698,26.39188480232531,7133649,200167954.00065893
2017-07-03,600113,26.669372332835703,26.99825063276876,26.140276298040522,26.638911217933085,6093557,227418658.1566187
2017-07-04,600113,26.584191229595973,27.41208601764617,26.430754999734415,26.75459304737998,4237653,160348170.35482457
2017-07-05,600113,26.091698005709265,26.538744428184337,25.62314522082726,26.166963674612916,7637273,206661334.53333548
2017-07-06,600113,25.997590656544716,26.573029984016557,25.73688963837995,26.095358862386014,2657855,86036628.13636899
2017-07-07,600113,26.363064328364047,27.115620347362345,25.968013870076106,26.551233021427194,1620126,59662797.34494002
2017-07-10,600113,26.416921200689373,26.740872101960672,26.373303702103303,26.50907881564453,3747036,114466323.51364842
2017-07-11,600113,26.488217440142336,27.01321520279034,26.09035122246072,26.67636065623969,7871070,285089653.53445226
2017-07-12,600113,26.563528567836883,26.855501223308767,25.925956098403468,26.610257666953384,9586714,298407149.119707
2017-07-13,600113,26.63199933388912,26.709088904803117,25.96471135770584,26.392423154270098,9977606,265031903.23900145
2017-07-14,600113,26.56558311550057,27.052696906145307,25.929230335579888,26.362607336501995,7151375,256707795.31131262
2017-07-17,600113,26.78230967955234,26.727619924798255,26.275535005424125,26.711096304532287,1001315,37435219.15107495
2017-07-18,600113,27.00861636086685,27.306731424595462,26.544683136584418,26.78407185002094,1755456,63263657.554482415
2017-07-19,600113,27.282503619486246,27.255029985762366,26.77327867168248,27.03547186843838,1804150,62150341.09366761
2017-07-20,600113,26.95560778827019,27.027465966230668,26.140249339902446,26.896912792797195,9532145,280373213.3230648
2017-07-21,600113,26.53745862497037,26.905102725300765,26.463017272407416,26.759715206688696,2667728,78696474.92227967
2017-07-24,600113,26.56950863178639,26.925706232631384,26.151633103955003,26.75487781017413,4735499,169700653.81194025
2017-07-25,600113,27.071903670055534,27.03168958374563,26.19799963523949,26.998619705175734,5396511,187011897.57457224
2017-07-26,600113,26.852223085683583,27.541352984549953,26.3577579335182,26.954854931079332,2973930,93127101.5722943
2017-07-27,600113,27.26572896061677,28.02262997901393,26.84448405544179,27.525697997265546,8291504,337446360.3459307
2017-07-28,600113,27.692308723806722,28.16136754365816,27.45738329332903,27.690122661937632,3165635,110394470.57329561
2017-07-31,600113,28.168703566246833,28.42438418614549,28.089215714514623,28.09179699338411,8716310,351941665.5124714
2017-08-01,600113,28.643374719379942,28.910576875245884,28.351206515703083,28.39104376824815,9733710,315838963.25862014
2017-08-02,600113,28.464800739351745,28.49118023141469,27.67958574841249,28.208168300922924,9638739,327711850.8082038
2017-08-03,600113,27.453554712119598,27.938230768257135,27.397032734998238,27.595697844462766,9377803,289523195.80734015
2017-08-04,600113,26.9964105868778,27.19467155756399,26.70289344806873,27.19432299937978,1145697,33409872.47408295
2017-08-07,600113,27.081253460498385,28.108141869368463,27.28353043713197,27.33658883260035,5201642,163681347.15059543
2017-08-08,600113,27.63927877187623,27.5605945713188,27.02200038372929,27.536261896949284,4465512,128406784.58628982
2017-08-09,600113,27.999923845971374,28.681759377994677,27.089301320819978,27.897094784854303,1898951,61191515.96283937
2017-08-10,600113,27.56103123526808,28.003412668365012,27.61163115046333,27.75909918157006,3495263,108141430.02239998
2017-08-11,600113,27.734553729492635,28.30297192829359,27.206073939601314,27.624564862060254,3454989,98168730.08030097
2017-08-14,600113,27.804899452097885,27.979069930357483,27.922787171146904,27.94623723053574,5318305,184272471.87299925
2017-08-15,600113,28.031397452299746,28.67588464149253,27.471073505287567,27.84243649020772,7988920,331796937.43343925
2017-08-16,600113,27.726540269174308,28.23021545846251,27.865086090671692,27.920138359415994,9452704,362586464.0834086
2017-08-17,600113,28.00504681733092,28.690591100551632,27.96885596786477,28.143214270561664,2841334,113037552.08721405
2017-08-18,600113,28.358242219099335,28.839695025877166,28.48436574149618,28.518855254025993,7126824,293901985.6050731
2017-08-21,600113,28.14858316988206,28.492701705291687,27.739167094559996,28.05448071354305,2592750,93934899.69215159
2017-08-22,600113,27.879526849498532,27.798113511618606,27.440318310986278,27.792720903706922,2049594,61007699.468519524
2017-08-23,600113,27.622015278734732,28.327457592959977,27.804424622644984,27.83541707255147,9270045,329490155.64749587
2017-08-24,600113,28.153440868201223,28.808119055590275,28.093577836367064,28.139764310971227,1397834,45583683.60144957
2017-08-25,600113,27.420260819217177,27.654312747284056,27.138347988915513,27.404217211383727,6043540,243881572.60620993
2017-08-28,600113,28.08098043059498,28.423102162162632,27.877909194859523,27.89668586197586,3052011,116182642.2702351
2017-08-29,600113,27.683343946654475,28.198069181159607,27.385865399575128,27.90509209671465,3464105,121419821.73573965
2017-08-30,600113,27.996386234830716,28.237459684890833,27.77121352418625,28.167523179786578,9361598,385202292.2069038
2017-08-31,600113,27.844062832383255,28.58851193885226,27.20020723855682,27.968035023107696,5165571,191655164.5742362
2017-09-01,600113,28.35074565252498,28.559594955633074,27.791660869743687,28.238103263623984,6103765,211093634.22779003
2017-09-04,600113,27.547778962559896,28.07635310104739,27.388094537380283,27.623611615039806,3736353,104225185.80501868
2017-09-05,600113,27.048471942100615,27.331294384141213,26.64671818141756,27.152768323083784,8535755,255031092.4046157
2017-09-06,600113,27.013511740831312,27.726214525767006,26.442145343941316,27.101930183317993,7412970,300517913.948101
2017-09-07,600113,26.81654330571665,27.632045357563726,26.139051186407947,26.940088713803544,6523231,245009712.8066441
2017-09-08,600113,26.95401271513525,27.034885002446593,26.169302159608375,26.87230842326643,3640190,139635871.77924368
2017-09-11,600113,26.946260578285784,26.987635940139906,26.594610364707187,26.799500846138894,4419744,119502061.96691595
2017-09-12,600113,26.74804827147533,27.556162136829908,26.397662927171236,26.892936200784497,5841346,205852203.12253675
2017-09-13,600113,27.463315577750958,27.835493971108633,26.599988510174537,27.397914656255715,9860994,331124923.15338486
2017-09-14,600113,27.04416472068436,27.48504736197458,26.963809781438197,27.190167871460577,4648118,133701213.16675736
2017-09-15,600113,27.563321170068132,28.523651988907922,27.548376278864623,27.70549148047456,4154481,158454487.8246464
2017-09-18,600113,27.033601482704466,28.056124323548215,26.902823057691222,27.300593468080972,7025687,276153033.70691234
2017-09-19,600113,27.73101821361164,28.494060567890486,27.471458818896405,27.688688706792366,7310360,274853826.2335969
2017-09-20,600113,27.538799809667424,27.945939654587438,27.038158274042356,27.44855551754805,2451135,90828010.41232373
2017-09-21,600113,27.849446494676076,28.003603626855302,27.109520837829834,27.59777023443069,2649777,91869652.02581248
2017-09-22,600113,27.46885737736836,28.230608793798343,27.50908667232104,27.66293282958743,7397523,221198045.7825833
2017-09-25,600113,27.45222744372323,27.55918758652055,26.81082849988088,27.258478612061285,5844661,190054110.13545692
2017-09-26,600113,26.558471177856287,26.683562925478316,26.125813878227,26.636166694897874,2086214,60417556.00742083
2017-09-27,600113,26.371153991867835,26.61538982266842,25.76459649698305,26.457552043847485,9184655,286614196.5904064
2017-09-28,600113,26.89686089400127,27.246275200398923,26.1114409825769,26.67729514249293,9962192,368299597.1116924
2017-09-29,600113,26.528152837127777,27.170916690935044,25.85533579815135,26.548511727994384,3011387,107768126.0204867
2017-10-02,600113,26.64207599140869,27.614152069341223,26.491814676533963,26.84349114979641,4672905,166234083.57996348
2017-10-03,600113,27.283715971751885,27.458012628417716,26.74280798997656,27.23860835755636,2468906,92644537.4046865
2017-10-04,600113,27.375600894232136,27.545156137991743,26.599832230362665,27.376633313894633,6122635,213523939.3827555
2017-10-05,600113,26.95914033393134,27.415450033373787,26.75046005763826,27.16836564884951,9467667,384054337.6083649
2017-10-06,600113,26.995388659964615,27.226663217410238,26.752061271829884,26.918820335292448,5209815,203427854.73354265
2017-10-09,600113,26.839857149418307,27.28249661139263,25.963901931402262,26.73476606993019,5941911,164436400.99634346
2017-10-10,600113,26.445423129103723,27.187719044011953,25.956952795131425,26.66604578391888,6169688,201199067.04190543
2017-10-11,600113,27.122416649464366,27.57357223439647,26.370960318418575,27.17607205855211,7064484,210652508.21024904
2017-10-12,600113,27.143834584703033,27.44366467268434,26.530446072616055,27.285061955931777,7021573,196456376.67767498
2017-10-13,600113,27.47693965400839,27.89463831880575,26.879747630036672,27.30288708568708,4767949,186004755.06904212
2017-10-16,600113,27.066392844177944,27.036273142769573,26.375807437591735,26.805927212582915,2028073,77314875.42377359
2017-10-17,600113,26.922158151291157,27.51969695583256,26.700768741912324,26.76684523085127,2758471,98867439.41893134
2017-10-18,600113,25.999145391920194,26.905187047652465,25.412004728721396,26.158884790334486,6142385,187010736.48661634
2017-10-19,600113,25.921144146647034,26.714595269999943,26.04315919093643,26.117051119873995,5285894,166248026.72646382
2017-10-20,600113,26.241423565342142,26.35054612423861,25.643632299362086,26.299299295351044,8625901,330296110.9560224
2017-10-23,600113,26.378439019897495,26.747798865975017,25.98090719396627,26.31826554672939,6655082,204142580.78583363
2017-10-24,600113,26.953552984027336,27.624696417364486,26.76454510065466,26.83292019737606,2365003,83235852.3712215
2017-10-25,600113,26.648406499245997,27.070177130385897,26.06513036354251,26.558888602313406,8954644,335126606.59240353
2017-10-26,600113,26.57190539408687,27.033514665157053,26.729801091579425,26.79448017401823,6740789,267707400.9627913
2017-10-27,600113,26.498945910482426,26.95381813417916,26.073868570122325,26.532847856383242,7952709,211457109.20544302
2017-10-30,600113,26.59836294307571,26.775630399317215,25.99575870036435,26.38909793831193,7793683,270854910.094649
2017-10-31,600113,26.18689098200569,26.466016955341246,25.73113614935317,26.422096475595268,9275490,361521512.6489417
2017-11-01,600113,26.363708140255618,26.899797431676134,26.243175993762172,26.304658541598137,4705107,174161431.13771755
2017-11-02,600113,26.23522827178451,26.57405347617861,26.165575938603613,26.20093311984813,7786589,234110422.09775102
2017-11-03,600113,26.29420311723986,26.85271849314879,25.491861838016536,26.24489472606222,9968135,340263950.1991613
2017-11-06,600113,26.754155217095235,27.28419428898086,25.979535369809508,26.559810213589273,6446595,204106204.4076818
2017-11-07,600113,26.07881767340859,26.522126520426422,25.50544880859105,26.197755494630243,9633230,324785529.70121866
2017-11-08,600113,26.17950143749059,26.224464492535496,25.433750216108198,26.121933794605408,1462938,51893529.999410324
2017-11-09,600113,26.440221122563912,26.752054179942764,25.82965675112535,26.376308843726175,9285036,338546224.60308224
2017-11-10,600113,26.58883805982665,27.06515076258264,25.727547466671357,26.40156543180991,6712787,198265684.73181775
2017-11-13,600113,26.399933468482896,26.98838271026842,25.87860208872209,26.62829229024856,6580550,241791855.95783952
2017-11-14,600113,26.12603184246684,26.65908849008566,25.439854149858004,26.159802930136067,2911419,90831181.26139835
2017-11-15,600113,26.777598238157225,26.94567808918618,26.125567565779438,26.746432424500885,5591144,194142886.19505617
2017-11-16,600113,27.035231536676545,27.790774821460754,26.37081160903255,27.012188086896582,2542240,74841674.82713896
2017-11-17,600113,27.109361412317266,27.477536758797427,26.585446972022016,27.22159770257089,1119961,30752354.628036145
2017-11-20,600113,27.746197095014864,28.173847861832172,27.164355247090494,27.868116157211624,2776867,99578214.23072457
2017-11-21,600113,28.337713798490867,28.43096428712596,28.008605876752778,28.23066221165924,4732168,181907692.2449076
2017-11-22,600113,28.515351424205054,28.741594343448767,28.148508713835305,28.3807212112911,8223886,307766887.61708313
2017-11-23,600113,28.62193451059039,28.980998684097106,28.758030526805076,28.83338763865263,5277075,198443471.277444
2017-11-24,600113,28.772961751765664,29.107234907535553,28.452536348049584,28.68997039943618,8013511,322786803.70104164
2017-11-27,600113,29.43680136008908,29.288657332392162,28.347504650566158,29.20597359260239,2071785,63158694.20093716
2017-11-28,600113,29.016329251638304,29.062689444140634,28.404900397086703,28.87790086897823,1107867,45319754.90391361
2017-11-29,600113,29.370907232542777,29.77194991747468,28.988903597413948,29.335689612700065,5823632,223524329.64472058
2017-11-30,600113,29.36148709608058,29.409084584725836,28.49539477206328,29.179988352096153,2439801,71382853.54929943
2017-12-01,600113,29.500056156296193,29.638799137900257,28.713578637425613,29.40996074243912,9790073,356724654.082695
2017-12-04,600113,29.454885301581893,29.80927868325274,28.342175611935808,29.16885706804553,4769548,176874494.83732596
2017-12-05,600113,28.77438003809446,29.51964822103299,28.118310409132924,28.838474289845884,5037551,192281984.24885854
2017-12-06,600113,29.641988855390142,29.914164285249925,28.550499141910414,29.39764941372796,4469616,184894754.99690083
2017-12-07,600113,29.33262192795217,30.11725793189477,29.246393720976446,29.437240898439185,7650147,309070562.5078382
2017-12-08,600113,28.624990494740278,29.256086346467214,28.076174720632597,28.826952863751615,8595021,290545153.1241992
2017-12-11,600113,29.374099440815595,29.18202218879445,29.113994523559295,29.174035379438088,2592550,108013272.89976446
2017-12-12,600113,29.48853847432328,30.10722397594202,29.106953033937145,29.27048921578985,9959277,345852236.531834
2017-12-13,600113,28.983488312133254,29.80723572746765,29.16099614542904,29.274139114066113,8059195,291766036.38375837
2017-12-14,600113,29.816960595777015,30.39976905950474,29.734784973818666,29.767450982666382,5813051,241291774.49248922
2017-12-15,600113,29.798930332545062,30.27950936442849,28.645807397882624,29.520727606619328,5250482,223911274.13904145
2017-12-18,600113,29.492496960739363,30.349949704730406,29.255628564351845,29.510432991178664,5654741,195499766.09724042
2017-12-19,600113,29.046698815379507,29.609544598792027,28.86759034946741,29.192206355962078,4307419,174499567.9590943
2017-12-20,600113,28.802884549864963,29.294209540037773,28.75738611029493,28.868723693196984,5061322,171415946.43885973
2017-12-21,600113,28.43171840780382,29.422172948148795,28.395767545011772,28.660141331200155,1896041,79322750.63849619
2017-12-22,600113,28.501491209865858,29.105888852220293,27.800888702927818,28.29312750858854,6487067,212816655.33275664
2017-12-25,600113,27.650012104806446,28.5496499420405,27.717723315007262,27.861018372956373,4518472,133607459.62587728
2017-12-26,600113,27.92323271206089,28.618229848207033,27.301172112171226,27.87165982183227,9506134,312713387.13020486
2017-12-27,600113,28.454224709920148,28.954428373491176,28.287256206020967,28.560038370477173,7496902,235870912.9108492
2017-12-28,600113,28.07572057114867,28.69591656756041,28.220305595453272,28.35208159110394,5910037,222689784.09241885
2017-12-29,600113,28.340611491261946,28.850372620206606,27.588826964526245,28.29544051197412,6391637,225583837.8334093
2018-01-01,600113,27.36326898514791,28.239442781198072,27.468616625498083,27.582095655207077,2267126,82816778.93762603
2018-01-02,600113,27.740760237694058,28.063571393613298,27.42867691257752,27.875534729975936,5498681,207642813.7621782
2018-01-03,600113,27.40351236495949,27.57033207886008,26.808031266335494,27.457650429698134,2805131,82875701.92115161
2018-01-04,600113,27.243317993920527,27.969520596924024,26.71373686059791,27.27718024971338,1213146,34601792.23067053
2018-01-05,600113,27.209316396040123,27.074654033496028,26.642378476621797,27.060248544823292,9075649,258943295.1934016
2018-01-08,600113,27.32568381423267,27.55424166243604,27.39379370196459,27.443727517093375,1201449,35411567.43376191
2018-01-09,600113,26.798773959897883,27.486461893077873,26.948422506233417,27.01143191610072,8679390,263696906.70962614
2018-01-10,600113,27.37870554966187,27.277633447295997,26.46027611782863,27.18369713560708,4271661,134882073.36256573
2018-01-11,600113,27.485170957545098,27.553982798443272,26.657824065834987,27.283581570855198,5788113,178842605.65683445
2018-01-12,600113,27.477813174739616,27.49914898401638,26.730307507860953,27.237618285576232,1493750,50729819.41281225
2018-01-15,600113,27.4237711178699,28.109758709014407,26.585749381519612,27.387201212240555,9974491,383890635.91978383
2018-01-16,600113,27.75611862110752,28.553145825233017,27.608483003296364,27.982847133419536,4941777,142463201.67833817
2018-01-17,600113,27.92595009170851,28.190606264075036,27.744375845536055,28.110768963961522,4288572,178978363.5438246
2018-01-18,600113,28.182794261297055,28.319619010179764,27.814726251723954,28.23099369576614,2746062,91560694.43948145
2018-01-19,600113,28.384899491884592,28.50817377186716,28.092840705726864,28.28206920821891,4106147,124036561.8807291
2018-01-22,600113,28.715122290456236,28.842428201252623,28.44097036944403,28.509649814556035,3597372,114068711.8175037
2018-01-23,600113,28.211959988381807,29.116034330696774,28.308401806123705,28.490560191009173,2189508,66404119.8374491
2018-01-24,600113,28.523503567008298,28.745719277689023,28.118248184593753,28.29933298671105,7880185,261140153.524987
2018-01-25,600113,27.937788808541104,28.81338252152606,27.532920604948828,28.043297411546423,4212208,135132730.32712397
2018-01-26,600113,28.337173231772592,29.111804656667122,27.512229318474944,28.294164698011002,9744901,322068311.68539524
2018-01-29,600113,28.84253439481451,29.2092735398983,28.316053716915793,28.76552975006912,2871345,89376462.36678754
2018-01-30,600113,28.93932214042701,29.3725633882552,28.163130222018616,28.661248326508886,8995028,374727849.20723134
2018-01-31,600113,28.566775008471232,28.662105132856713,28.4780103305461,28.63172438171188,1348294,39174368.439084105
2018-02-01,600113,28.225862769020075,29.078156406182092,28.095768841297772,28.351568877992925,5645586,170327356.82889166
2018-02-02,600113,28.852811069879152,29.123048246741003,28.342398816454264,28.741948196289258,4319871,171234307.5577529
2018-02-05,600113,29.074530765906207,29.891129945691294,29.19693117639684,29.198980583409842,9296628,358870707.44882053
2018-02-06,600113,30.31244616749729,30.70892725617461,29.83157772701728,30.255247723800032,7026179,293795012.6839627
2018-02-07,600113,30.029737748407374,30.598381192979154,30.021234768522497,30.09510528902164,9026598,345347360.1252224
2018-02-08,600113,30.2341973228297,30.15395498550768,29.601337698019805,29.989164597637227,1782318,71185959.31100217
2018-02-09,600113,30.604578398744753,30.83690182058649,30.060503849547178,30.53061610732277,9639452,427163674.49668646
2018-02-12,600113,30.5361055932885,31.324168659906032,30.30923796645585,30.534352962023117,6354138,253859572.0981153
2018-02-13,600113,30.44070335180449,30.29708453180869,29.48722636784835,30.26522151273657,7276390,310688792.6766626
2018-02-14,600113,29.42236560047432,30.068048443240787,28.768982509680285,29.517749890011306,1994234,85328671.01803353
2018-02-15,600113,29.354067128105882,30.359308518414128,29.184359185510278,29.48293911102145,5004433,202686774.2598478
2018-02-16,600113,29.460942881464057,30.533530439914994,28.83407347726458,29.69319929739647,6088365,254180082.22777733
2018-02-19,600113,30.107525517801665,30.66281535436163,29.438387359018353,29.945184309348544,3724625,160241671.2660183
2018-02-20,600113,29.974022931894577,30.56893715546678,29.89908903834168,29.94688453552073,2407302,80976068.47668624
2018-02-21,600113,30.86927147523292,31.28127450344786,30.277205228176935,30.659657404378073,8795639,326382747.26831627
2018-02-22,600113,30.518166213502553,31.66557407362855,30.1971494694292,30.79994873970077,8998776,305364496.3806529
2018-02-23,600113,30.818377262038574,30.987670817011,30.58995417313671,30.943903010594862,7255052,281984780.44581556
2018-02-26,600113,31.359754100554508,31.654836902925684,31.196929956803494,31.22675709600025,3553284,127344450.21758911
2018-02-27,600113,31.40731325944667,31.78693690018607,30.78398016441646,31.598581369129093,1208021,40035954.33146076
2018-02-28,600113,30.74109775714291,30.832693488626944,30.481428852887817,30.667201731287683,4577165,205890693.48616672
2018-03-01,600113,30.475277373565774,30.747588247211272,30.190535701731086,30.5510317502114,3881022,136647117.19464058
2018-03-02,600113,30.804671150825907,31.412035589952694,30.190607617883146,30.674793259541126,3244034,135120826.83557206
2018-03-05,600113,30.58523024645689,30.91377214319642,30.79001081032293,30.817910668718394,9633693,413715528.4483428
2018-03-06,600113,30.524540671452538,31.43683669113886,30.510434533023304,30.733207147856398,1629393,60907376.73309929
2018-03-07,600113,31.06066822516208,32.12874021135623,31.20660152665181,31.29258408278996,6696010,242459589.2793469
2018-03-08,600113,31.88890724732955,32.68321529365904,31.038904308179628,31.94644316818749,2871295,125364429.99773724
2018-03-09,600113,32.392807780654095,32.960847489783994,32.18930457470736,32.42352020578597,9344317,316151095.99614805
2018-03-12,600113,32.69749481195513,32.73791771846721,32.06966407779133,32.549900773439745,1608799,74789121.32656875
2018-03-13,600113,32.60131856186992,33.25694484201588,32.04284604965245,32.78854744278276,8291562,304211967.9781981
2018-03-14,600113,32.45232293010959,32.395857215955864,31.85212714280044,32.24948552050907,2009866,78763452.06750743
2018-03-15,600113,32.21149122981666,32.93877927312903,31.668159758356047,32.52018575833593,8255073,366653874.2932334
2018-03-16,600113,33.54822470033946,33.258181910622156,33.15232908940036,33.245497716516454,2760446,111732256.87618127
2018-03-19,600113,32.94393827497215,33.2875761678175,32.00106187886237,32.7130188417304,6592738,224593792.32639825
2018-03-20,600113,32.36253436847456,32.393911373764126,31.84140423902446,32.36301383144624,5973567,287415021.70554584
2018-03-21,600113,32.36050894373468,32.796131623787424,31.829675553545513,32.29088686713601,1540989,54534101.97205786
2018-03-22,600113,31.936520026095337,32.54859725028477,31.313567037815982,32.06469439134264,9795844,464440413.3289702
2018-03-23,600113,31.99104328801425,32.11166952277096,30.989227386730136,31.750389754676608,7787420,322509103.0465182
2018-03-26,600113,31.77875262771681,32.89242508321057,31.41877925610675,31.951567413691308,3948556,176515585.98719096
2018-03-27,600113,32.50891456228869,33.426945536404766,32.10074251034278,32.61352599647266,4935656,209048320.15800744
2018-03-28,600113,32.68472723949463,32.77709239508615,31.814090368912076,32.6779433824555,3638376,125157154.00962162
2018-03-29,600113,33.848672284200774,33.83130787190771,33.598736787776,33.64171126752967,7738395,317831527.2343145
2018-03-30,600113,33.687249914238365,34.1002253385727,33.016111229934886,33.746856229714226,1549948,61980345.27731848
2018-04-02,600113,34.47594656257863,34.62258979961327,34.11146065784411,34.22441640328129,6001157,307047982.54019904
2018-04-03,600113,33.18754322877587,34.20475173964712,32.47670920660488,33.42988259237695,1848110,63276999.22163936
2018-04-04,600113,33.75339301941336,33.667949893592976,32.81573940413589,33.43446544526898,3456335,169885990.5763311
2018-04-05,600113,32.5320652779577,33.192194828321924,32.206635446947494,32.84605351766523,7673905,336317847.8096821
2018-04-06,600113,33.45806552174112,33.610929915632504,32.98082102924346,33.561902698570016,3979629,184155252.81236735
2018-04-09,600113,34.28325341772276,34.697005485907894,33.616598862598444,34.12514408568357,7575203,339744610.75171405
2018-04-10,600113,33.53017183325622,34.35758260195411,32.5269696953868,33.52986441472308,4308764,207178336.57429442
2018-04-11,600113,32.96192461338518,32.89090867934144,32.40512710588857,32.81577542314233,2088218,86046316.86387925
2018-04-12,600113,33.39078544363532,34.010487379888424,32.39045694090425,33.14166576135281,1498386,53417029.69822468
2018-04-13,600113,33.539205778086384,33.93766087724055,32.75002004674762,33.30430345967811,4047755,185286087.4474452
2018-04-16,600113,33.407159659300795,33.82463982502429,32.50790102975317,33.0810739681097,2997709,129480117.09221773
2018-04-17,600113,32.634436289222606,33.09643358633656,32.20522987937583,32.489662080865926,2016736,82570372.33649479
2018-04-18,600113,31.497598236848766,31.439648431234975,30.73991995841417,31.397507247196963,1697106,79233276.95388842
2018-04-19,600113,31.554415465870765,32.49641527572033,31.56560616803011,31.69289445615885,4932996,200091205.15056396
2018-04-20,600113,31.671568103719313,31.53287772938532,30.696712684924204,31.501571072256265,7033850,304417237.1239583
2018-04-23,600113,31.686485986855082,32.091204989471905,31.365477719749677,31.650487013462104,7538713,279084769.84365714
2018-04-24,600113,32.031345957044934,32.6337935894329,30.862529541910792,31.7234015752452,8681978,375799027.27373576
2018-04-25,600113,32.03012921741909,32.829813213857655,31.675999450677722,31.90756172628815,7441086,274631581.7711013
2018-04-26,600113,32.64794956650386,32.4822832465496,32.30063900122946,32.43474809566156,9414630,342168252.72593105
2018-04-27,600113,33.151304341254374,34.05090704498181,32.62650281493406,33.09318641178601,6486007,276244130.0650772
2018-04-30,600113,33.35888934810209,33.94758860867571,33.11633600808897,33.322046537445274,3754681,183654296.25282454
2018-05-01,600113,33.343890523965285,33.42417886167401,32.899432470412656,33.390092904975596,2635749,125571673.97255109
2018-05-02,600113,34.51141095145695,35.19306038680675,33.62777029800572,34.22176934840604,3576194,138327416.06328678
2018-05-03,600113,34.17692791101001,34.27078958211708,34.01937708072405,34.184011439741894,1642653,59223411.19512804
2018-05-04,600113,33.55040998474185,34.24503713654003,32.79980081018256,33.4939330960552,5883316,206687123.8064201
2018-05-07,600113,34.64912349254464,34.51052184927474,33.41757932881914,34.34665921477749,3241496,156063997.4314549
2018-05-08,600113,34.578918998073526,34.339469610624114,34.11914928149089,34.33281921991922,2754888,98872927.15903197
2018-05-09,600113,34.44310347852841,34.30910987353184,33.13733676084015,34.14451645517866,2038517,99700835.46140926
2018-05-10,600113,33.579092566820876,33.765328816198966,32.824423953964775,33.6324130099209,7826645,316585087.4498217
2018-05-11,600113,34.24803698096482,33.96427102301733,33.13698160815737,33.93120159016825,6036593,220024254.57124797
2018-05-14,600113,33.66222687926674,33.60700076867109,33.30256914773118,33.54276091982472,1555653,69484776.45791894
2018-05-15,600113,34.1177078202522,34.573821560715245,33.60906343951524,33.903422413322986,1832243,83099144.52432922
2018-05-16,600113,34.186065048927,35.07437467739887,33.57128002965685,34.15330654535714,3216879,157965519.84442165
2018-05-17,600113,34.227668805570474,34.669030840637895,34.078155703948084,34.31630851826772,5060736,254571188.26699308
2018-05-18,600113,33.3804919041311,33.61977299313796,32.41970380223171,33.35074831919063,4543055,158116015.2671368
2018-05-21,600113,32.4740313982732,33.185047451472926,31.70392742651587,32.421271188849744,1227217,48009164.54421603
2018-05-22,600113,32.43589760608579,33.4655922851547,31.992543229104662,32.61056066963514,9020258,375512282.3900091
2018-05-23,600113,32.06230916034464,32.64767236724298,31.33130382936135,31.77596660774997,9038421,406740973.1437393
2018-05-24,600113,31.533329454253387,32.59483457474992,31.63549091074072,31.809663719904243,9476455,347588000.012594
2018-05-25,600113,31.91602995174443,32.00344451183818,31.289116213870543,31.65748342888858,7349710,326334623.86203206
2018-05-28,600113,30.992079034508585,31.3560999127203,29.99006083417707,30.873802713480234,7330831,332818309.2712978
2018-05-29,600113,31.42284880390466,32.274742144511485,30.998607411353834,31.444218148806865,2534178,102407815.0398144
2018-05-30,600113,31.274429244818762,31.566351139158837,31.006938760609124,31.164129793499225,1933453,74524633.03742208
2018-05-31,600113,30.778221626479944,31.615467475667987,30.11023028821817,31.000658192682586,2155594,89322840.49009785
2018-06-01,600113,30.823300518614904,30.80740987541204,30.17341688665702,30.6445827055926,3119968,125988657.12912333
2018-06-04,600113,30.854624254301342,30.769336300976637,29.975101895786427,30.696966907921226,1389046,55391502.112919964
2018-06-05,600113,30.831927099606332,31.204981809325034,30.500916792449154,30.74582008082105,5692361,229893138.29898453
2018-06-06,600113,31.053559405595138,31.59069913950733,30.49512018308389,30.873927597654056,3088568,117703471.91042814
2018-06-07,600113,30.299921178623997,30.42191164187996,30.182654729346794,30.276057077947247,8443530,360797460.39249814
2018-06-08,600113,30.05713245742339,30.421086052619405,29.62487390114999,29.971486515535663,2832637,108398518.8433709
2018-06-11,600113,30.02245819914679,30.825909364044225,29.912598074224785,30.30423214640948,5556438,249863480.6802255
2018-06-12,600113,29.22895408439923,29.44390488315837,28.814961569650148,29.28888334343481,2929960,109100103.02011602
2018-06-13,600113,28.491789995388714,28.674387165557043,27.633361661794076,28.48081146627572,4638965,175562049.49944365
2018-06-14,600113,28.04683155540927,28.02944561606482,27.76286371747756,27.92917936149026,3982784,148681284.22920784
2018-06-15,600113,27.355457976394497,27.708948997619686,26.904382271303238,27.330115145599983,4439011,137905501.42439392
2018-06-18,600113,27.627701211610763,28.1401947680173,27.559571839205375,27.64784337122394,6764701,223446850.91360965
2018-06-19,600113,27.30596531843709,28.120967352716484,27.54635306914313,27.563243497503535,3728920,153342064.6419665
2018-06-20,600113,27.0392963795475,27.742894635681726,26.445311047031613,27.233557960054924,1698309,59570264.847143725
2018-06-21,600113,27.156369452099643,27.586500675703363,26.68281804400537,27.157197791630715,8903423,355008122.95933384
2018-06-22,600113,27.172857331677505,27.30689077097142,26.695279570785154,27.0894537953142,4247024,128540661.61020128
2018-06-25,600113,26.84571237793691,27.33162456501206,26.22414159774232,26.760271927022835,7000921,226478049.2620128
2018-06-26,600113,27.07458910887844,27.7308263059348,27.013904126930868,27.06282949698084,7457623,289742606.0994615
2018-06-27,600113,27.060817105745148,27.730064208814333,26.445316618463842,27.19650395040812,8961659,356650198.3603943
2018-06-28,600113,27.00921031967511,27.366115627860303,26.858778501307263,27.099082130086753,2064768,64822312.48600096
2018-06-29,600113,27.61667929033449,28.50499550589122,27.692641394149053,27.828968339757637,9993107,342957662.83754903
2018-07-02,600113,27.905314911232633,28.278109457044234,26.936356502019244,27.66766902280635,4195704,121686136.1868486
2018-07-03,600113,27.479576646842958,28.409305161791117,27.26476500790603,27.62241101296815,3656216,104294947.50808202
2018-07-04,600113,27.683092531026947,28.161219965929135,27.1052489091437,27.934274876028237,6827901,204729400.51203015
2018-07-05,600113,27.27554244978689,28.270313203561365,26.92764664802565,27.502551231066,2679248,77674056.36544304
2018-07-06,600113,27.09343715868387,27.85151202669446,26.982481021824462,27.237419905430468,5359644,174254961.9991082
2018-07-09,600113,27.326481906115582,27.40352239724484,27.09176932296645,27.38181681366856,2449502,78177310.62799032
2018-07-10,600113,26.706341137880603,26.99273261786824,26.340410807263076,26.86300881296382,7693245,221688479.30529988
2018-07-11,600113,26.7216941234921,27.189632104357177,26.3111174235714,26.503537923520145,6202903,211926948.55509913
2018-07-12,600113,26.72711852575986,26.54525883026054,26.291698128375213,26.501904918440058,1466916,48328424.78852386
2018-07-13,600113,26.83385202520494,27.050168575258695,26.61716532937282,26.759913176802545,3654894,144345949.39393425
2018-07-16,600113,26.420571659464883,26.918765738197255,25.70175019957277,26.430186103083447,4031577,135168694.02997097
2018-07-17,600113,26.61360689611606,27.32974578608862,25.968112879763297,26.640962096194297,5764313,156016158.97442853
2018-07-18,600113,26.090470616296766,26.51947743302566,25.52873530104702,26.314676141710283,4731809,127910226.25836726
2018-07-19,600113,26.53545228423235,26.67780801731223,25.884690193720786,26.2928594382028,1926586,73442002.26524809
2018-07-20,600113,27.189569974034832,27.832959730135762,26.477908906294847,27.036492535280445,1462801,41591789.77015887
2018-07-23,600113,27.095427025378985,27.302956332266245,26.868676945068437,27.149795718608896,7824738,314445537.27765566
2018-07-24,600113,27.116206995570693,27.604354990819512,26.784333583359633,27.286658235946383,1944106,63157994.94509731
2018-07-25,600113,27.75095674611052,28.08034654019733,27.744268489068105,27.79737285512804,2447206,89251604.3235387
2018-07-26,600113,27.792697892424503,28.411449910684997,27.68656170773064,28.04520885861196,1034119,41603849.12917746
2018-07-27,600113,27.978324859722306,28.8648919801716,27.95895384557365,28.065945365695047,7602654,271063665.89812255
2018-07-30,600113,28.348340979967215,28.963152321932668,28.351066177505093,28.37304632009023,1830799,61963913.92275019
2018-07-31,600113,27.94202085125824,28.534664430953757,27.379575526083585,27.990858967742867,4691742,166979617.60136935
2018-08-01,600113,28.121234676576634,28.40178771300533,28.15545072387327,28.234532947113465,2685732,95303706.00285915
2018-08-02,600113,28.16834125219842,28.324908359225955,27.86339057684242,28.237227556731007,5651206,185882385.8730222
2018-08-03,600113,28.493774531956134,28.51874570501548,27.904700392659766,28.281581261718692,5633325,220749200.85285112
2018-08-06,600113,28.463380505101938,28.789254828811124,27.920800752409505,28.52670386953033,2017722,79132436.33131428
2018-08-07,600113,28.790688494011697,28.87279473638172,27.69478311031379,28.516812349363395,5588523,209183916.2228251
2018-08-08,600113,28.257820385302043,28.953648631895035,28.518371503220667,28.542950961954276,4238194,149023367.93015325
2018-08-09,600113,28.690388055977518,29.240944617992486,28.211902828368764,28.645979604998576,4408339,179770765.72662172
2018-08-10,600113,27.754532999421976,27.93492367820458,27.30323207184306,27.92653927804649,3937624,137269742.42425665
2018-08-13,600113,28.42585247334635,29.043724517843977,28.09992935781963,28.234515356805662,3833137,117163439.59249595
2018-08-14,600113,28.725925706454664,28.70299838864782,27.77306036779109,28.455836686821087,6411069,194121640.63629496
2018-08-15,600113,28.402814899574967,29.02816143534422,28.644995697572696,28.663092446169166,6469080,267757157.9526405
2018-08-16,600113,28.93603510292483,29.29732293454443,28.046916917200164,28.704288154002416,1406992,49194392.50011922
2018-08-17,600113,29.009749596328216,29.175040016502837,28.97396441903197,29.027367984507027,7248695,300486125.6928904
2018-08-20,600113,29.79397731457625,30.037910480094315,29.20213412181804,29.707698071358095,7943470,283243243.69276893
2018-08-21,600113,28.839497703917587,29.931466811871793,29.11351813634229,29.116541829187053,7155480,251832769.39039525
2018-08-22,600113,29.083945805065948,29.870571015531436,28.710229225848693,29.22999388093411,2618356,85937643.78135112
2018-08-23,600113,29.248155699499492,29.876912559366335,28.746048841038036,29.479232081553185,7963032,271757247.32006615
2018-08-24,600113,29.604046786293566,30.53217848685153,29.023471864254322,29.663982867191073,8311806,248813140.37956464
2018-08-27,600113,29.52896568952988,30.254612387433824,29.196225408999386,29.74932289682775,4109590,175730112.66322264
2018-08-28,600113,29.81088790808398,30.29264686539473,28.983516501727173,29.699034108038784,2685764,106164697.220351
2018-08-29,600113,28.985575638813668,29.373082135107513,28.727358543525956,29.231467021128477,9323438,334658354.94595665
2018-08-30,600113,29.651648716342176,30.282165758084098,29.61432785265071,29.900152666205237,8197122,271674998.5524914
2018-08-31,600113,29.732363342840145,30.197630260276597,29.379823994245797,29.688849272350964,4065118,146421100.13089514
2018-09-03,600113,30.02846081905076,30.7009253728021,29.229596739838122,30.013454253035988,7753993,328920889.0569974
2018-09-04,600113,29.63846222148275,30.007595186572672,29.450385947968346,29.560113145445772,9654832,346824810.62473947
2018-09-05,600113,28.850140392493902,29.580913886489906,28.901518902806444,28.96257309524068,6157449,219668579.2895819
2018-09-06,600113,28.24673767021537,28.524969416136713,27.645605975796425,28.415591462952104,5008691,143151800.30689344
2018-09-07,600113,28.042032516394414,28.31606245325292,27.10201773528275,27.8304724359737,6496959,189722804.53130192
2018-09-10,600113,27.784835803554955,27.841408417516487,27.280856400736337,27.74461999578598,2829141,98803216.94032988
2018-09-11,600113,27.606054157206547,28.10063354533453,27.03306031198935,27.498012349458484,8992820,349637582.7325459
2018-09-12,600113,27.58168384778057,27.911492886582074,27.28780571439265,27.615403560497906,5003540,138670947.81304833
2018-09-13,600113,27.275544384488132,28.01475090428326,27.134318000649063,27.323342899602338,7697458,250131761.37113684
2018-09-14,600113,26.986012415062657,27.19164047015445,26.571153859238184,26.935460839339054,8257716,268744910.8037273
2018-09-17,600113,27.57214617096054,27.63052070350521,26.64394969565517,27.309055539093013,5423645,207214666.4409708
2018-09-18,600113,27.793237002712377,27.9244821557085,27.250288532592595,27.735444408981945,9926114,311878064.5360729
2018-09-19,600113,27.70027810797761,28.16252658361965,26.961558546638372,27.456059095527692,7416048,276911206.58040124
2018-09-20,600113,27.96326975897366,28.535244301442056,27.53525301075672,27.754605430882176,3397407,126897039.14539301
2018-09-21,600113,28.05367371897573,28.28077095808181,27.543240017906083,27.98779997684768,3376144,137756126.16983828
2018-09-24,600113,28.1191427860607,28.34334596854614,27.82230058024786,28.050291659779216,8094409,234428270.10204065
2018-09-25,600113,28.5608028026763,29.056546218543527,27.614269264561127,28.392086616980823,8227713,313611099.1629869
2018-09-26,600113,28.713898581064093,29.069596011425528,28.321236872363446,28.537566974168715,8607642,273121144.12873375
2018-09-27,600113,27.761792851009055,27.80517947341456,27.56992076573185,27.710710290424522,7915857,312228826.16048604
2018-09-28,600113,27.861647064728384,27.934655855617805,27.249475983904492,27.890153355999526,6588588,252122339.6423806
2018-10-01,600113,28.488159342696697,28.671000500442148,28.245717324988743,28.280023403229805,2830349,88353049.96087769
2018-10-02,600113,28.873223687378044,29.452971676956977,28.907421387647126,28.911429357176278,3722483,137566490.10335654
2018-10-03,600113,28.41161113519031,28.83272498140225,28.29323167112229,28.62319801175983,8407089,346811723.6406021
2018-10-04,600113,28.39767232386358,28.999009515273297,28.068161959058152,28.484639368436227,1843433,59745644.450977854
2018-10-05,600113,28.599325892624357,28.990897028292807,28.26738803159266,28.59435954750596,2627312,94567650.9344961
2018-10-08,600113,28.643552232883508,29.417464150883962,27.90025124541719,28.732726549694227,6327497,201893768.5868655
2018-10-09,600113,29.178255387113513,29.525119625716258,28.377206469239262,28.96238852090023,2158046,87440470.65305278
2018-10-10,600113,28.77984372842152,29.027621148371036,28.821657465995216,28.823363261222845,9214219,322216582.0591867
2018-10-11,600113,28.613790095737112,29.191987118056016,28.3987989059953,28.640077446738385,6566687,244171261.6002292
2018-10-12,600113,28.615427463613567,29.406258903543655,27.98333506765687,28.673277713862166,8382852,240691688.9286585
2018-10-15,600113,28.54266597701245,29.117076956327605,28.29464532419623,28.52478413643804,4316770,157886838.68223128
2018-10-16,600113,28.14581734973771,28.952745141289594,28.173432558876065,28.21088654134595,5686863,164447995.3507212
2018-10-17,600113,27.995524788332318,28.408386595048352,28.102048966071084,28.162606871439877,4142360,136504003.8545118
2018-10-18,600113,28.413655764712633,28.560816429802607,27.896273919333872,28.228352760654097,4668277,136366304.09930867
2018-10-19,600113,27.830615113026486,27.89868143101061,27.391906723276175,27.77045218655179,7796023,222910947.74597952
2018-10-22,600113,27.64561246783955,27.753122934160427,27.340773149390333,27.501960227101872,9087640,260191276.02439255
2018-10-23,600113,27.469983381841022,27.9036073161342,26.99160757451432,27.24477395029319,2132698,86911274.97899383
2018-10-24,600113,27.415370611209095,28.14707719605185,27.252733231835187,27.64003205171431,4479907,149428069.9624187
2018-10-25,600113,27.42842482570864,28.032991562843304,27.37776024376858,27.504450937585933,1981427,67820219.77419508
2018-10-26,600113,28.146749544401,28.02152285611728,27.05101231117372,27.885254869348966,2152619,65284159.43427153
2018-10-29,600113,28.264672660550893,28.648744268421748,27.460431581737033,28.029967190939576,7715394,280693720.53654593
2018-10-30,600113,27.887776056982286,27.731408549065158,27.179430700846424,27.662587443301792,9001059,361523550.6283918
2018-10-31,600113,27.84141907040613,28.06814025874294,27.628334422570514,27.87843598129292,2156375,74360210.70677651
2018-11-01,600113,27.258947312315097,27.997174853955272,27.289426638957092,27.47215488245698,4849625,161433983.41949463
2018-11-02,600113,27.607842814818238,28.460637484769343,27.380745632890505,27.7273856968775,7017284,265067118.4373948
2018-11-05,600113,27.82273780718025,28.652524368827006,27.72746014599147,27.907219610038727,1637198,47525962.31532294
2018-11-06,600113,27.782366067998527,27.782548521826634,27.081899555196372,27.51939213743113,4881333,151876097.59135267
2018-11-07,600113,27.0288540705278,27.844467348258494,26.874429202684823,27.158822638956554,1225658,39575183.395376235
2018-11-08,600113,26.878904016908074,27.433743583527985,26.30785823375589,27.046267340442594,1292332,39650613.57812404
2018-11-09,600113,26.033806317919737,26.55001963413546,25.802936119218998,26.17764725644493,8768714,250687311.35485274
2018-11-12,600113,25.94939600523312,26.470634683890143,25.346932096037634,25.934276960889754,2861755,83109171.67080687
2018-11-13,600113,25.81723131084922,26.484863684513993,25.5799357495369,25.83409066245286,4399515,169127458.90440163
2018-11-14,600113,25.815769546802244,26.071123865728346,25.678445608457903,25.988934999879348,7497580,255028445.93596593
2018-11-15,600113,26.609066713267165,26.36274264808657,25.871586942792515,26.354399527286837,1024623,34191553.418071054
2018-11-16,600113,25.63802195519159,26.118845494760848,25.467121149931607,25.814143024050114,5318562,196339205.7858534
2018-11-19,600113,25.431839018187453,26.14802395930163,25.193157194288272,25.633692155949557,6825701,196575982.36469272
2018-11-20,600113,26.28668815848777,26.223859955824974,25.640555058771668,26.143006558672507,8795947,317075266.93517894
2018-11-21,600113,26.03533691381055,26.611371580714618,25.548256193189264,25.941556249333225,6831518,240267519.36192852
2018-11-22,600113,25.997709577841928,26.29730696745209,25.627610324980626,25.751729463496993,4285066,165421543.42769554
2018-11-23,600113,25.330059528158927,25.48757535534137,24.5978384621755,25.342598306791043,2453922,71640768.31768723
2018-11-26,600113,25.11316746550485,25.220457616410528,25.122682062833125,25.173738417102918,4762370,165543608.25644487
2018-11-27,600113,25.009225330780918,25.63046626417164,24.81836102591259,25.231149971868405,9964071,317651745.6840096
2018-11-28,600113,25.39604640845785,26.01240634974539,24.811985189505453,25.424292293317116,5718074,148347061.31524783
2018-11-29,600113,25.096350329531898,25.139591936301215,24.56754356957843,24.960247783749328,8947425,315024052.1915749
2018-11-30,600113,24.85341315653054,25.25894451147636,24.671944814510137,24.82413131848939,2977470,88297185.79150525
2018-12-03,600113,24.61677911404899,24.53535154562219,24.390099197819143,24.45236619505884,2787238,98285429.76355259
2018-12-04,600113,24.501078756984047,24.831937180396395,24.11788733908612,24.433166896401552,2066247,51929424.98768596
2018-12-05,600113,24.632620799999415,25.137792682076576,24.41906395702976,24.44813198662812,5486278,200718603.79215136
2018-12-06,600113,24.43851223918827,25.21255226296058,24.11766554424779,24.553156198056534,2339730,79994463.33563441
2018-12-07,600113,24.676294207822238,25.200456273718746,24.668965572920033,24.67882649636966,6874597,245478000.86986804
2018-12-10,600113,24.98853088925895,25.339508842555972,24.416549536139648,24.795750400591018,9525067,269470814.3029654
2018-12-11,600113,24.805109233236337,25.109851308454225,24.266762229543108,24.648780296899954,5910940,206561158.80235142
2018-12-12,600113,24.767254086500856,25.260452026786513,24.830226366870427,24.88474969563078,5396757,154523531.5730306
2018-12-13,600113,24.835245635311207,24.716809292401667,24.304419991714116,24.69013145615063,6055990,160890808.44083145
2018-12-14,600113,25.14013860816574,25.416724894867016,24.166806294700077,24.89499612675806,5086636,165948178.4324871
2018-12-17,600113,25.084588481343637,25.70923991544786,24.772288984778907,25.112228651655084,2771927,87316347.29631078
2018-12-18,600113,26.0632596860874,26.26440831580695,25.746038697069796,26.0203727065775,7010095,216993371.66854453
2018-12-19,600113,26.6688690949709,26.997801073302384,26.534606340272934,26.643627144224133,9980768,341292947.31214726
2018-12-20,600113,26.82177865445471,27.721389840130257,26.759572670049877,26.94296306559745,7274157,253597905.9272803
2018-12-21,600113,26.812629909744754,27.02510046626563,25.98780249064504,26.724856875413522,7713451,265149772.21013957
2018-12-24,600113,26.308805358481937,26.577750732318577,26.181352683331685,26.501985647403995,6061640,189781058.50100127
2018-12-25,600113,26.959568137771356,27.169923426289962,26.045341047000477,26.81473104984734,4267273,156419994.52902573
2018-12-26,600113,26.18585233311352,26.529233321220993,25.598862724214236,26.256002130269696,6030426,183507783.63330197
2018-12-27,600113,26.375342034253965,26.839416476067132,25.79880901732513,26.2833386306534,1661040,58312214.342337295
2018-12-28,600113,25.469299690885162,26.248944800456034,24.939852389732607,25.67012291107384,4338155,162801153.78507942
2018-12-31,600113,26.324632428147332,27.03891273925221,25.955814126584706,26.508854430508052,6250469,184812344.8875272
2019-01-01,600113,27.031847354755474,27.04765430869198,26.75398606765705,26.83354314683303,4098367,147552377.32433337
2019-01-02,600113,26.600999475403903,26.67887882633251,25.922895915136124,26.408417426256893,8766263,292385917.2565925
2019-01-03,600113,26.370681331568935,26.447276011621888,25.981149097301778,26.362330101489352,9382647,349922593.19740075
2019-01-04,600113,26.214872272194842,26.648654378975937,25.970014151400363,26.391621650334905,3712705,125032184.2375869
2019-01-07,600113,25.646407003692953,25.85727697287808,25.201612669620207,25.60528624698742,4872408,175063767.7386377
2019-01-08,600113,25.89625247632858,26.035348462623418,25.656502586686337,26.002364996719997,8321943,258332330.14332536
2019-01-09,600113,26.301499098720512,26.430081599588423,25.455879541328077,26.21743095483167,6712042,191669536.04589295
2019-01-10,600113,25.88310618241064,26.6214361782049,25.82433411782423,25.89545399673809,7938725,279416481.90711904
2019-01-11,600113,25.778935730978112,26.00251566968721,25.230205543536638,25.949970832668253,2844093,100754681.76542479
2019-01-14,600113,25.88453034843087,26.52589232139718,25.280889851997014,25.867322207490734,9461786,245592425.27261007
2019-01-15,600113,25.64774376491588,25.61831364881035,25.356288823729905,25.606319695890058,7185833,203350035.13309717
2019-01-16,600113,25.49802444279305,25.887337408346536,24.993168844394038,25.633538084507386,9661889,320703821.91479176
2019-01-17,600113,25.69289063445034,25.917554547162585,25.584931679683095,25.774760109392147,8905569,343854988.816948
2019-01-18,600113,25.212790168437394,25.40449534183406,24.568486097410283,25.204005975090368,8770151,279884735.9146368
2019-01-21,600113,25.461460017883052,25.29492023999988,24.985872681866045,25.280554871877065,5031010,154136364.61291736
2019-01-22,600113,25.746490812905744,25.916195184623703,25.869471161088875,25.897955493959273,7326182,196513467.40463164
2019-01-23,600113,25.85911966768611,26.61167931286076,25.535461117357656,26.007295691459408,7332706,215816454.0941288
2019-01-24,600113,25.92820623582414,26.03019947052488,25.458808727266266,25.998197023019785,9233211,309329304.3199536
2019-01-25,600113,25.64523541071695,25.852249175852346,25.539007546043937,25.673165412980538,6901039,231343878.27765495
2019-01-28,600113,25.2500010029346,25.329385517805587,24.842809573927084,25.1602174561187,5453281,157722592.41150945
2019-01-29,600113,25.07672616669327,25.465822705911847,25.18519128723873,25.29473772643592,9140737,287047808.16781497
2019-01-30,600113,25.002783022888224,25.516877523747542,24.61713749068148,25.098135827670415,6983017,194186532.63954112
2019-01-31,600113,24.80407613046007,25.305378067844856,24.102231235612187,24.600333384183738,3936068,122401162.45955592
2019-02-01,600113,24.539948122742192,25.417094527819557,24.254238586876205,24.766475771671498,3482209,108670094.3954653
2019-02-04,600113,24.93287753073702,25.41959036860539,24.747048083454075,24.816559865265603,7540032,239057683.83588296
2019-02-05,600113,25.25452098667666,25.218136921929265,24.64883898467941,25.200631520066903,6338804,229973893.56712696
2019-02-06,600113,25.50975424291919,26.244889288960668,24.818469303618954,25.529424607662918,2986009,112961826.9117351
2019-02-07,600113,25.69586794241364,25.90079264155898,24.99583131358752,25.614331894586833,6447099,171809149.87441403
2019-02-08,600113,25.50863696705281,26.163282263485762,25.456297063808695,25.720974770015005,6072919,233021741.1957209
2019-02-11,600113,26.0701255927952,26.447944775680263,25.690712753029793,26.16952683247234,7764546,239473774.97181165
2019-02-12,600113,27.249590903246222,27.241048213555704,26.615565498195775,27.17870777564541,4887995,156302106.5706766
2019-02-13,600113,26.97256225303215,27.113382880981206,26.685165690787326,27.09423751071116,4794443,155379356.7000836
2019-02-14,600113,26.444760799346735,27.303541805968685,26.008783528471316,26.681406137404064,8385489,249459724.3272734
2019-02-15,600113,26.186048713304555,26.607228238533462,25.787623122242252,25.944197200065986,7286933,214395330.4411799
2019-02-18,600113,26.748303248021966,26.853962616613856,25.86262460549126,26.517387929225876,4154045,156669376.82198808
2019-02-19,600113,26.466404900855025,26.801727274706952,26.01586750628594,26.53455675726268,8306450,244666819.91713992
2019-02-20,600113,26.100537368882172,26.36780567095342,25.82886894604936,26.23783698562337,8286198,264081794.38388857
2019-02-21,600113,25.724130282548252,26.505730047047603,25.309180035941008,25.810960338420948,5470686,187174634.51065275
2019-02-22,600113,25.4543273084491,25.698367855871666,25.206351915218676,25.617705189487744,8336782,248207713.70817453
2019-02-25,600113,25.386931200538786,25.963884473006072,25.531161244347444,25.57512138650516,2188612,63753945.10249619
2019-02-26,600113,25.822534411613926,25.860981444146287,25.751848503085636,25.847573883105767,5604653,181966924.8652274
2019-02-27,600113,25.536335332603635,25.946564052868492,25.119975678786126,25.559492709499796,7783445,289001698.2513466
2019-02-28,600113,25.390803947489896,26.010005935815887,25.19130249187987,25.518351512426044,9562038,272572334.88789725
2019-03-01,600113,25.29358469900665,25.57945429258717,25.0807531489645,25.42015124047864,2301228,64787019.54917424
2019-03-04,600113,25.17019328980186,25.696570679912938,24.896872936100415,25.08896355152567,4733974,145512886.17067415
2019-03-05,600113,25.498365502094373,25.66600390919952,24.81755706761002,25.387570630616274,4221484,112661949.79414928
2019-03-06,600113,25.470537369628808,25.460238900544883,24.67653742467342,25.323856086796248,6320206,173791763.0568511
2019-03-07,600113,25.41414154978761,25.88372213217784,24.70871532257629,25.16707470600476,8701090,265447743.0588944
2019-03-08,600113,25.158757384323252,25.222695031229335,24.97699410889575,25.049008357875593,5079240,155977530.84817353
2019-03-11,600113,24.597633905669422,24.663200479561944,24.060096635087042,24.60459645973085,5844531,176117899.44410905
2019-03-12,600113,25.389933685800212,25.441368012162776,25.142786732518918,25.317241299439438,3605499,112528241.99303311
2019-03-13,600113,25.724477133719283,25.994212988046478,25.00341682710919,25.74435133273351,9612307,286629164.8343817
2019-03-14,600113,25.59554886379258,26.237092919092408,25.280911437733028,25.627929097466204,3032796,91587368.00295925
2019-03-15,600113,25.825690316070006,25.98262153320856,25.873445390267992,25.952388863961147,3691204,100365821.03790471
2019-03-18,600113,26.240374507918258,26.50014100818611,25.681265492459627,26.084033171786352,9986907,363497279.92342484
2019-03-19,600113,26.480265690573336,26.883040421942173,25.694616800898018,26.420240989307775,7415192,285395694.8802613
2019-03-20,600113,26.223873593867577,26.392670907296566,25.81351020294386,25.990772938448245,1740958,47987348.58907856
2019-03-21,600113,26.385794844758315,26.904135451437895,26.068531178173703,26.153532789281094,6049189,187727264.76424286
2019-03-22,600113,26.625353189396915,26.94999623557956,26.033987524187403,26.613086190064504,7595563,220893380.79039684
2019-03-25,600113,26.93712369148079,27.033988367313686,26.825023045138003,26.90403954956973,3583791,115415893.37566134
2019-03-26,600113,27.08129637792016,27.26261110147551,27.06341449756223,27.148652754135558,1203704,34044509.28567505
2019-03-27,600113,28.00626218750791,28.448575352117256,27.107476130366237,27.89691133848063,5046966,163073737.52408844
2019-03-28,600113,28.030921160548274,28.474170394206947,28.08892903225496,28.146730499354785,7515016,269825724.60695577
2019-03-29,600113,28.087349991565844,28.03192983156557,27.499670012754628,27.962000715275526,4401688,123955137.14165965
2019-04-01,600113,28.360133960753213,28.97652219505806,27.91051967207683,28.3858353393896,3526650,126728475.04909766
2019-04-02,600113,28.3797998927702,29.019123031036575,27.594924971865073,28.44729622893346,2539781,90410826.45195691
2019-04-03,600113,28.20356128493583,28.603229608202426,27.711930233658048,28.120320170384428,3429072,110140626.22824341
2019-04-04,600113,28.09161657679549,28.482135998787193,28.27868584510514,28.317526134987155,4908319,194535420.7861975
2019-04-05,600113,28.262702316894504,29.00974874737834,28.292849583446074,28.3149029836342,6885633,253314204.7045647
2019-04-08,600113,28.64791811027454,29.578551051033113,28.67461783349795,28.849558886602274,4289377,147674818.9864897
2019-04-09,600113,29.35043879377831,29.677304222061903,28.46122481875212,29.279964451031258,1248403,39266015.518849105
2019-04-10,600113,29.17743361321032,29.53123806445511,29.237328569731417,29.322191098592693,9070641,286989747.5640117
2019-04-11,600113,28.90939916427413,29.330902628153392,28.51321730992594,28.99712266063115,8526317,332686784.2566067
2019-04-12,600113,28.91158706469433,29.580215604332423,28.26564838359047,28.88183864235119,1983512,79221377.02658059
2019-04-15,600113,28.52314940660257,29.34672970362509,27.744141884358505,28.554495311405006,2877327,89548343.534237
2019-04-16,600113,28.05676790763212,28.2885320286252,27.98583528373831,28.033462571252592,1651941,57636716.02856428
2019-04-17,600113,28.53875658750741,28.373911661235905,27.51608534172678,28.2712356141294,9819689,358034658.0384397
2019-04-18,600113,29.03310463954658,29.036773113513995,28.226977024154564,29.03041445981204,7009228,246101493.36598223
2019-04-19,600113,29.30831794311828,30.34411682762963,29.252683983309105,29.503581876174426,3519497,107760920.44316813
2019-04-22,600113,29.668184955692965,29.927194097540315,29.126813898670683,29.46835240242294,9710135,372452413.3643509
2019-04-23,600113,29.880824322807822,30.136828782986356,29.531412149256273,29.856213832510274,2261017,85155176.27498569
2019-04-24,600113,30.986003347919397,30.936625604869175,30.209242430398334,30.75913501572068,6116499,189539756.0901053
2019-04-25,600113,30.214393534741962,30.921736621315326,30.110364564590576,30.460335585765495,8546318,360074935.6169634
2019-04-26,600113,32.07894946414299,32.03690641266597,31.58450099233928,31.794925566254417,5063421,223072196.13415524
2019-04-29,600113,32.025426921670494,32.36145660279694,31.72285118050839,32.17859343363702,3548700,156185153.97570118
2019-04-30,600113,33.52301600676618,33.714610799526675,32.780653274702345,33.202502402002125,8402698,360412522.62006295
2019-05-01,600113,33.37745883831216,34.26266328003301,33.24376128402426,33.64409245240738,3543554,173466220.32645148
2019-05-02,600113,34.12999496760196,35.20547408471157,34.127168089326084,34.32776998957501,3160033,151291102.50654724
2019-05-03,600113,32.97036448599384,33.76259305752872,32.337288469059516,33.230084338157305,2136957,88978043.6216653
2019-05-06,600113,33.74128117800124,34.0177749261546,33.81084565135334,33.84487547286287,1343329,67378167.17057094
2019-05-07,600113,33.83912348615909,34.18689781099869,33.40053768006878,33.9596499161589,1570332,57207874.00227509
2019-05-08,600113,34.79015133042761,35.594186230645846,34.504594239777,34.75524334145183,7496081,377892314.5820532
2019-05-09,600113,34.315808114721115,35.160270196089456,34.383281935868794,34.52403130090573,6720626,339458698.2086863
2019-05-10,600113,34.40045367476206,34.83984775403203,33.819882408183275,34.25891396866027,8212620,333111854.49743474
2019-05-13,600113,34.258669957406404,35.07611924670702,33.56474646277049,34.285441271452086,3383164,117383442.5913481
2019-05-14,600113,35.242799468935345,36.14046770719095,34.32637711165934,35.13786001135878,7792292,298084303.6983349
2019-05-15,600113,36.12084122021409,36.92943402128424,34.95006426740754,35.96730575149834,1858553,97097660.79693484
2019-05-16,600113,36.29918912299131,36.721257339103595,35.883855274795025,36.00554176707439,3289204,159186985.92382532
2019-05-17,600113,35.75659599411077,36.55650092840204,35.72456523912954,35.85850697449766,2557704,128849334.30519679
2019-05-20,600113,35.81672350481225,36.42267695530241,36.06020948687454,36.099911558225145,8982767,478312424.48482275
2019-05-21,600113,35.559752513379024,35.958948182543175,35.35807013087512,35.702428576540655,3215994,156714756.7660153
2019-05-22,600113,36.45793386670848,37.25235188206599,36.72849441858782,36.821669659714146,7138674,304223289.02144533
2019-05-23,600113,38.458186724125845,39.068199247001274,37.88999303550967,38.10192927457815,7677226,370312576.39900154
2019-05-24,600113,38.00751143081041,38.28164302777355,37.496775985361936,38.2348071810069,5791883,265754143.03375816
2019-05-27,600113,38.161720979528155,38.200899684691606,37.2970486381269,37.94168894298521,1316102,67263751.08647548
2019-05-28,600113,37.55872049409401,38.44910926663354,36.456619058093295,37.45053352520202,7057709,373988026.50137556
2019-05-29,600113,37.023977418188345,37.7799570435687,37.1028781526823,37.154162691861686,6153459,325013971.427848
2019-05-30,600113,36.60643367532758,37.29696095399893,36.592015861284494,36.91955288396246,2270681,91984137.102187
2019-05-31,600113,38.18100218438532,37.99836879887211,37.66170856042117,37.97732492089153,6178029,329515024.25798506
2019-06-03,600113,37.999379697949145,38.30953278669801,36.74164814376603,37.73798741309909,7361791,413883920.50137705
2019-06-04,600113,38.42007764908726,38.52728816357437,37.347462839931744,38.3410538253106,4137804,169857100.04004863
2019-06-05,600113,38.80787021402267,39.58271096571195,39.057471445053814,39.163644875544946,3890946,196886741.4602733
2019-06-06,600113,38.6045777960116,38.734912017079466,38.25893256242469,38.52426892557488,4401688,248531399.41115484
2019-06-07,600113,38.68285602473925,38.86147051574813,37.985107184360864,38.83399707705709,7067568,314542868.601643
2019-06-10,600113,38.381516543713836,38.73303551776065,37.61815130025492,38.099225921379485,6811922,383998124.08445865
2019-06-11,600113,38.53551048398635,39.19281860652193,37.919186185536134,38.403483807967206,8931394,475561008.3245279
2019-06-12,600113,39.07836491139234,39.57787615815127,38.35485441648986,39.07655778248796,2492372,97539177.10989776
2019-06-13,600113,39.48161358796082,40.48534705045829,38.22438199521894,39.3414010933503,4143205,202487715.4560804
2019-06-14,600113,38.81162489428447,38.88989109042299,37.73242689252366,38.69734857793728,2348945,130481501.11021687
2019-06-17,600113,38.467209513844345,39.45205480032435,38.33843276593568,38.772093715687724,9444740,492036039.41747814
2019-06-18,600113,38.38664681965003,39.518885764046566,38.51715714486204,38.56670515361007,6717349,279090250.43913656
2019-06-19,600113,40.35959546495597,40.663797719669574,39.80385127758661,40.27049443456944,6907304,341228553.825487
2019-06-20,600113,40.593874167445335,41.18504010235758,39.77792293081428,40.87260341719432,2249887,101818451.23319292
2019-06-21,600113,41.055149519604676,42.13307868045876,40.017279569523204,41.14654799616483,8310414,451816907.3936825
2019-06-24,600113,42.17677206121042,42.466286968935776,41.98865088777242,42.055248419361966,4796891,230485464.2870199
2019-06-25,600113,42.89339175704715,42.92687624651455,42.299177516646836,42.51584724642863,1153247,63467046.95586886
2019-06-26,600113,42.136050899497285,43.566019932703725,42.144400261591635,42.452419497902504,2932424,146848363.0630904
2019-06-27,600113,41.5961707442044,42.83123604923067,41.446088343911754,41.67395974370758,7915006,365403282.10223323
2019-06-28,600113,42.13955329223332,43.0275484545499,42.02506147521105,42.09953875197847,3554429,221568537.65337315
2019-07-01,600113,42.32587260570876,43.28377575928752,41.36442046641742,42.047421958880776,1360388,58509879.70246021
2019-07-02,600113,41.85611795355678,42.15910378625004,41.406264891844216,41.515871412745604,5411598,243248942.0644723
2019-07-03,600113,41.510960048672075,41.742967383068475,41.48429032824343,41.612047373174974,1338820,75812826.43011858
2019-07-04,600113,40.766586364399586,41.76208802452507,40.041133256857805,40.943882818316254,5076732,222700698.89157233
2019-07-05,600113,41.30894783142295,42.79225158656412,41.37832597399634,41.55218866981663,6521342,361618859.85377645
2019-07-08,600113,40.67470392619694,41.32470636669702,40.582549174585765,41.01793325514049,1333066,62234548.19848818
2019-07-09,600113,41.202301035246855,41.830703693422805,40.21703914882034,41.46048079781777,2087042,110166328.12304297
2019-07-10,600113,40.24449898267446,40.763704352124584,39.78078498318578,40.192781942218474,9318018,499207354.1371361
2019-07-11,600113,38.94419810700176,39.26993118094482,38.74010619862567,39.224367880551824,5881650,269453832.5773898
2019-07-12,600113,39.22984933987546,38.938624633535355,38.68650831342993,38.8857647608182,2759708,123512572.10931864
2019-07-15,600113,38.99229632361529,39.73094112217771,38.73385270363377,39.17203638437991,3048484,158540985.28739503
2019-07-16,600113,38.55426544620759,39.148985279127416,38.00479348116602,38.91870369415672,9377525,458677059.8349585
2019-07-17,600113,38.83249948208053,39.67657168283363,38.9203092599512,38.96875367324444,5810035,249992650.32905754
2019-07-18,600113,40.77005178932493,41.93639681288236,40.43344806147148,40.917019514294694,3183670,174120704.93803453
2019-07-19,600113,40.97819376243184,41.76758964332051,40.05564681046907,41.05387918443938,3671309,178344401.29398903
2019-07-22,600113,41.497669874377756,41.792480159477535,40.85772474943039,41.77453853920413,1347680,83027934.50358604
2019-07-23,600113,41.96477538390251,42.33904848159428,40.71703708865416,41.686044845467904,3626158,187862113.16304362
2019-07-24,600113,41.441841940261334,42.43991823157783,40.3097463546906,41.263977214521475,9483989,496096189.6236962
2019-07-25,600113,40.84755739078784,41.39752417813239,40.29981677727481,41.00424115249979,1206343,71592934.61196266
2019-07-26,600113,41.75435322772395,42.187454396409414,40.88539265615181,41.391527950244814,8673454,520529534.1806142
2019-07-29,600113,42.738901417738255,43.46710901459909,42.40669625938035,42.54643878454845,9533030,576904557.8374732
2019-07-30,600113,42.18632298950336,43.456349693203094,41.14192039133477,42.27228960033906,8012195,444562795.7045615
2019-07-31,600113,42.19922999371325,42.53654700237068,41.35365282261046,42.03360182172714,7245107,403715928.1213559
2019-08-01,600113,41.50286522588813,41.355282786207376,39.901652534733834,41.125487122951924,9159413,500863789.9635985
2019-08-02,600113,41.19126644090574,41.079315870496224,39.67036013242876,40.86187389582225,2429027,111854039.96845904
2019-08-05,600113,41.60028394496582,42.129172659022096,40.71738661749828,41.55062594414231,2145341,124496089.93361233
2019-08-06,600113,40.82097116150959,41.5776445445903,40.57658685764173,41.10415795946463,2693238,117076194.24445991
2019-08-07,600113,41.23223248874123,41.21881329201303,40.72833850390331,41.19709069305238,3980893,230662114.93606678
2019-08-08,600113,40.9541444158357,41.18500686721442,40.33856257188809,40.86863207342938,5404366,226752974.473755
2019-08-09,600113,41.020546413544324,41.77827867677842,40.5776098569173,41.23928864867906,1187258,59583468.770231545
2019-08-12,600113,42.08876034751268,43.25389312804316,41.51964138935555,42.20336301216515,9157758,467345158.89936763
2019-08-13,600113,40.94461081936135,42.46032709950627,40.264695600201534,41.35688672183211,6305868,318391849.8722465
2019-08-14,600113,41.25536148851998,42.56786914955961,41.185876883993735,41.431991182393034,8609294,471126820.7690283
2019-08-15,600113,41.74636352677266,41.693127134481706,40.6686760169629,41.62398390597025,7571403,342046980.0982411
2019-08-16,600113,41.016954793488445,42.05951613949829,40.3521082276969,41.30790799773542,7471650,390781000.201667
2019-08-19,600113,41.69029742495614,42.28305864700914,40.492499899573346,41.44071835604662,9885579,513837959.4851893
2019-08-20,600113,41.23715234508027,41.4603017406158,40.5241089886238,41.38984721915038,1175700,72044976.95404653
2019-08-21,600113,41.30211488999105,41.75380871433171,40.38232175462259,41.19946967126836,2720744,134133459.3646025
2019-08-22,600113,42.1743227251631,43.09511214039683,40.83828074425896,41.93856106720502,2074514,123244924.9472197
2019-08-23,600113,41.3038551663783,42.007055861623535,40.8307642884501,41.093715284481476,5602777,242663938.31349918
2019-08-26,600113,41.92118448300715,42.029703448690796,40.77203903163035,41.686360948292005,7777834,421327634.2530626
2019-08-27,600113,41.20561316068533,41.934412256606294,40.82724687547536,41.22893405371681,5635236,246621172.81566662
2019-08-28,600113,41.38203984365387,42.45457205848953,40.91699922247647,41.66930167692098,5147442,319972023.9771155
2019-08-29,600113,40.410058576100596,41.704705637553744,40.61395315491569,40.78842533393143,6100021,369447734.9391027
2019-08-30,600113,40.62660539125514,42.04745114325919,40.43705662915993,40.848241165183794,9769571,468275755.5163031
2019-09-02,600113,41.89383691017404,42.75864457155739,40.93821458264873,42.19929429604781,1792274,112468767.54226597
2019-09-03,600113,41.29328616611653,41.42265399198374,40.89039821587578,41.13159735021462,1945313,83741983.62019567
2019-09-04,600113,41.65190418627532,42.28378503652752,40.65292648588825,41.73230400968717,7140402,409091048.59261054
2019-09-05,600113,40.873001656233555,40.92301548827456,40.06078141304452,40.663224711420895,8563484,358238535.8883853
2019-09-06,600113,41.34073542663745,41.91255045265872,41.18449273670438,41.23914549750072,8349337,427151268.0966613
2019-09-09,600113,40.06000656972893,40.93487455995406,39.62736287110855,40.28046976828642,8296977,371894707.69410837
2019-09-10,600113,41.49828589216158,42.34190678800929,41.80888236961936,41.86429526925126,8682343,456962849.33567816
2019-09-11,600113,41.79709550874058,42.766593631539585,41.92957524773959,42.19166122019218,7103888,357312826.2260246
2019-09-12,600113,41.9884652316046,42.320894406368716,41.303639212508884,41.6690936508082,9299256,547757535.8961458
2019-09-13,600113,41.287934563601596,42.24800729769395,41.04399307126922,41.46823665744404,7426775,458264750.1138222
2019-09-16,600113,41.34764458245846,41.811104042034785,40.63156242738247,40.96079378871255,5012370,277933573.6900615
2019-09-17,600113,41.488040671617725,42.420564792651625,40.369409874560134,41.445461262463084,9827441,547013113.3539188
2019-09-18,600113,41.04048489056324,42.389139284895926,40.44049674614768,41.218244989912975,4579036,190257972.3359385
2019-09-19,600113,42.50648120756295,42.88954096633823,41.599161577835105,42.092749586707704,4229844,231710448.3843531
2019-09-20,600113,42.271776724754034,42.15180272711201,41.97685434305998,42.01829734107309,8407725,383150979.0083928
2019-09-23,600113,42.10077581714411,42.665615521249904,41.27235556435819,41.77793187839605,7465999,345366541.04956216
2019-09-24,600113,42.577528357665194,43.29632838142311,42.47855714666656,42.81564553840674,7230339,424027782.8219717
2019-09-25,600113,42.121348909857375,43.22780047246908,41.34611852481977,42.54393629233295,1488337,68340801.41243315
2019-09-26,600113,42.29495727960713,43.073428590396865,41.934773677500445,42.253760907854286,7355357,444958157.56568974
2019-09-27,600113,42.12710973443239,43.34093150031706,41.46361065999663,42.30909791918271,8204324,470371804.1752426
2019-09-30,600113,42.69798200248937,43.0932877548403,41.895909220754156,42.90226821578457,5170273,285672546.3092797
2019-10-01,600113,42.958243956003116,42.96211025936315,42.64556791551531,42.77124697116209,1032785,59024961.284741856
2019-10-02,600113,43.670742720497564,44.306316812393476,43.890086262832256,44.00327975578945,9660140,476648539.7621831
2019-10-03,600113,44.50785430887971,45.62327586082376,44.05651464508049,44.330613217273175,5920744,294211489.60270315
2019-10-04,600113,45.8663096665833,46.92097941137625,44.34158583688292,45.68440600658456,5237149,352627639.1167887
2019-10-07,600113,45.36029482362664,46.7944352093738,45.03715274150317,45.755585544850256,8461229,403749700.8264711
2019-10-08,600113,44.70284973207329,44.923962561499486,44.08081515450992,44.738476976505865,9147119,566069604.5204409
2019-10-09,600113,44.55869839966143,44.19200599794593,42.924962482991,44.15442476340272,1331437,78876290.07245868
2019-10-10,600113,45.01190801284929,44.75443902436746,44.59725826426639,44.63340731216034,2260736,133266647.0697066
2019-10-11,600113,43.64568540583154,44.876258644838764,43.24500765663567,44.064418585661336,7949219,424308836.7303488
2019-10-14,600113,44.49883365133721,44.23967975036381,42.912178523414184,44.10631558684544,8346523,421056242.9204874
2019-10-15,600113,44.56581226820403,45.24519226189157,43.64542924855627,44.42680101303934,9010510,401098259.7533412
2019-10-16,600113,43.842090883026366,45.04946316689574,43.092363725475714,43.87979706430441,1730160,76078482.14445806
2019-10-17,600113,44.68253330792009,45.859965759211754,44.03494554045132,44.94017287692031,5641246,292955201.3905583
2019-10-18,600113,44.858060925993684,45.63503788309533,43.72420209227749,44.617361441836024,4513579,259737366.22404316
2019-10-21,600113,44.636931686146426,45.4125050135632,43.31716244635982,44.33383425431016,5479526,354314013.1850355
2019-10-22,600113,45.12943238063573,45.534100348968586,43.97792151320262,44.71560409545607,4663095,239102799.22912744
2019-10-23,600113,44.10000907333034,45.326731651018854,43.41684815558786,44.48487535424813,9309228,455357227.2240122
2019-10-24,600113,43.198562010070546,44.05703164514602,42.805344474881814,43.45840322515618,3396123,196455904.37830666
2019-10-25,600113,43.57913658483628,44.080048748310354,43.50832231584292,43.78583876615106,9528236,492258650.78259337
2019-10-28,600113,44.018593090745796,44.10591445548791,43.74883164709853,44.102881932533556,4961927,220844620.38088384
2019-10-29,600113,44.079845682987965,44.30077159075504,43.89838568639043,44.076908686249226,3344265,161122225.97899497
2019-10-30,600113,43.08839453518408,44.44236266267623,42.55244476046554,43.4152356705415,5585719,354897301.0813417
2019-10-31,600113,43.320985098764275,44.230126707946596,42.06175044320785,43.18541039034063,2733350,168640013.68592015
2019-11-01,600113,42.01057095735984,42.335425772190966,41.689993788637935,42.30510906327079,2324031,119949766.23828115
2019-11-04,600113,42.05057600806097,42.43053711595796,41.65463182638689,41.76251641010846,3113112,144149962.882387
2019-11-05,600113,42.05983631491637,42.440247106171086,40.86731770322318,41.85591276694555,6019766,275666613.33924514
2019-11-06,600113,41.63125624992374,42.51431960155304,41.6073884880034,41.73743958085815,3258651,178410452.717708
2019-11-07,600113,40.60002143230471,41.21438794071435,40.006658146516,40.88199874458516,5758694,264206644.46602666
2019-11-08,600113,41.25070513553707,41.893306845861495,40.551946898273364,40.99524334580219,9341331,463309423.6460376
2019-11-11,600113,41.02052768454611,41.69218201282715,40.76964367926435,41.35784993177158,5804912,293195131.1575464
2019-11-12,600113,41.17790339484473,42.11131959654309,40.49678962263076,41.198009999552326,8885195,498764356.868954
2019-11-13,600113,41.439688928583635,42.144373239713765,41.28816126131962,41.68467542113315,4809623,206305268.82691878
2019-11-14,600113,41.80425328055229,41.81821531353441,41.55471732449737,41.68741315776449,8099103,368207171.2151818
2019-11-15,600113,41.498237081599896,42.96629057721937,41.40777790282225,41.75550233753461,3925979,243058987.43320414
2019-11-18,600113,41.46062959414605,41.81527624335526,40.34239425008131,41.484852004090364,7253806,411467697.8143606
2019-11-19,600113,41.60566717190472,42.24840879538424,40.15849356867846,41.30264554695137,3262315,148607262.74213612
2019-11-20,600113,41.17752512623638,41.94630759130835,40.17704746675039,41.004578904729584,7479721,322602724.1169056
2019-11-21,600113,41.471135998298905,42.92783876422912,41.35476438008688,41.81923831695528,4880891,293552363.27691454
2019-11-22,600113,40.574040069615165,41.06088765813598,40.334993158513484,40.840541643514044,7267952,351184390.45414066
2019-11-25,600113,40.030943310707656,39.929292746349454,39.5267408739085,39.70825306672829,3026654,137134292.38359493
2019-11-26,600113,39.34834767553175,40.12788354628597,38.85298909327646,39.52669520039302,1214222,61004466.74969156
2019-11-27,600113,39.541518345200096,39.83155417623271,38.57452553826086,39.52295709048067,1027562,56907967.602180235
2019-11-28,600113,39.779765723445074,41.02004765390691,39.644480754503675,39.988969949749475,7458983,364974517.6782552
2019-11-29,600113,39.675929554008334,40.5649297215128,39.118465577669895,39.572378362384455,5527808,244696189.609845
2019-12-02,600113,39.07591679817043,38.94378078823783,38.617680799065376,38.75399678915222,3272509,174825453.25335145
2019-12-03,600113,40.30063706018446,40.18591119411238,39.80289592569113,40.02845185620012,4316393,239628886.8469149
2019-12-04,600113,39.619822520811105,40.52580459595316,39.47181403272067,39.94064956418356,2493739,140685914.18681926
2019-12-05,600113,40.56385508720166,40.74161868272329,39.10218578667549,40.23709213230342,7052270,287876226.8723732
2019-12-06,600113,39.72004531632302,40.51629095233588,39.56530361081851,39.7411086366874,6516833,342173674.04591227
2019-12-09,600113,39.41214691154496,39.484236512219816,38.5796305656614,39.30121859378485,6901056,323671330.66602635
2019-12-10,600113,39.0449040245423,39.22598220126002,38.719776714479586,39.13755384727354,9137058,444112459.15904534
2019-12-11,600113,39.647617370093094,40.900639216616185,39.13240899824131,39.87588860805825,5692463,235480420.59756204
2019-12-12,600113,39.80599007231816,40.07292180865182,38.4705966136053,39.642425025209135,6248226,348512476.213719
2019-12-13,600113,39.745977399454425,40.3118709961899,39.703008484455765,39.95024478237315,8274385,415237769.4774192
2019-12-16,600113,40.715364379047266,40.99067285661477,39.905442838362625,40.50114348029319,4291580,241488188.7623008
2019-12-17,600113,40.75875940887776,41.06695944136985,39.497119334623484,40.35552977893207,2531385,111800309.48261799
2019-12-18,600113,40.09781193984733,40.129474397994855,38.69710245653763,39.827041809752714,3415151,148804178.0075537
2019-12-19,600113,39.90311806858117,40.23972463755121,38.52327532216807,39.60665295871766,2751746,117149811.70352556
2019-12-20,600113,39.80863686178743,41.03158673180052,40.01721260906093,40.02860429040338,5630367,296299947.7061405
2019-12-23,600113,40.14520766716926,40.352468955209595,38.807769216935014,39.983197174649945,9156780,416954299.180373
2019-12-24,600113,40.65048783745397,41.08129761070894,39.48944086473955,40.659228491844075,7005449,319869714.9254729
2019-12-25,600113,40.58307804916633,41.27319921463803,39.680229508194785,40.74664607753189,3234912,142166438.16588047
2019-12-26,600113,40.04821211549513,40.3712438009588,40.044623535385625,40.07252811428456,1991187,95140812.36388563
2019-12-27,600113,40.50000142923942,41.25707063616074,39.16487986561868,40.29511093533541,1349216,58860935.80244236
2019-12-30,600113,40.70813015674727,40.920719655063415,40.05721838455954,40.32607403840824,2607683,140944280.0799591
2019-12-31,600113,40.4341871561918,41.24838002490103,39.632844418233425,40.26811846517002,5310511,247345902.25479725
2020-01-01,600113,41.69792932441417,41.96082043043847,41.166461576565204,41.866583498112426,3996002,178508934.8460219
2020-01-02,600113,39.81690895465639,40.79915568492447,40.14777099403592,40.21675390068356,2859720,130110004.9171193
2020-01-03,600113,40.83213020168139,41.023216471883785,40.690078690710855,40.91171285822695,8698681,416122750.564185
2020-01-06,600113,40.7402982794256,41.120584885237484,40.123438003155904,40.573384788982125,8520796,460167080.2954174
2020-01-07,600113,41.132865818354276,42.436644027873726,41.41222036758162,41.4803958130465,8058001,461234241.82398134
2020-01-08,600113,41.55923790823764,41.6862494468394,40.98465283664635,41.352950984630155,6810260,318305912.3048239
2020-01-09,600113,41.218739813131926,42.23942580525502,40.38363477610306,41.366559639368106,5420314,252216288.89490482
2020-01-10,600113,41.7170004766512,42.422145964702715,40.97022358367282,41.56266968600643,8587034,400319815.6019584
2020-01-13,600113,41.66240109285386,42.07603635076782,40.89996209957836,41.31188990439712,2984659,165676077.4374545
2020-01-14,600113,40.88853347358502,42.19575998217136,40.25474929865662,41.21386556631034,2840662,127477251.19797948
2020-01-15,600113,41.014355306698775,41.030363950214884,39.968023920156064,40.966539415261586,2624327,144486825.2565186
2020-01-16,600113,42.11153596886451,42.465130393444255,42.134674371696306,42.319868880217754,7733969,413740936.87523484
2020-01-17,600113,43.4133746091296,44.780056449991314,42.67087188957889,43.691809683079505,3360385,173477956.80223244
2020-01-20,600113,43.66577292413953,44.08072123918224,43.45408152477563,43.862776986317,1942027,89748757.19776325
2020-01-21,600113,43.34911917259195,43.80897627047804,42.363361534111704,43.09089733185598,8832134,548552324.9870474
2020-01-22,600113,41.91259835655579,42.96953273906822,41.31778346782228,42.26945702622868,3509345,179210080.57880154
2020-01-23,600113,41.99461306411903,43.430227426468946,41.911579557319925,42.41865218805973,1558617,71010808.09956518
2020-01-24,600113,42.435869318220035,42.84162055455511,42.063630006779356,42.40479223730774,2931605,174725780.42108116
2020-01-27,600113,41.3088605012382,41.37617741395219,40.39846941464162,41.06945015318425,4181890,174204208.9456661
2020-01-28,600113,42.51277645531766,43.03865653227478,41.915169814842386,42.303452950940404,2571792,110791035.50863498
2020-01-29,600113,43.11112133059916,43.3301488729077,41.81869277211978,42.95027492699213,8069868,379084236.27049553
2020-01-30,600113,42.74878092863524,43.62645527377767,41.95153423929822,43.05101657722331,6331437,274913373.50324476
2020-01-31,600113,42.92723481438434,43.55052938621808,42.31531078574371,42.91732800591066,4475783,211338849.8145311
2020-02-03,600113,43.13389632660754,44.66162055115664,43.425881649715755,43.56558277081155,6858162,316999003.16526574
2020-02-04,600113,44.37362124266164,44.5074611972035,42.83115478789329,43.956653693578964,2023202,89483806.54099998
2020-02-05,600113,44.523186491753,45.4783846343052,44.55376806495059,44.6667586022009,7257548,396306971.3849756
2020-02-06,600113,46.11628547326764,47.24633340104463,45.223873326249716,45.8861562085834,2772849,131121022.08523737
2020-02-07,600113,45.59502559394466,46.3389338152463,45.22642026057474,45.57051261477756,1313247,77890994.55713622
2020-02-10,600113,45.18278077013212,46.241235062294834,44.561378018967666,45.32987469742104,9774720,487944874.5163492
2020-02-11,600113,45.25244769746265,45.592959669412096,44.52204069264219,45.298247970527214,3559892,164911966.50031054
2020-02-12,600113,46.77338342578715,47.118864738238116,45.47433896297234,46.59465679471104,1287538,70962252.07951586
2020-02-13,600113,47.80570845854013,48.33438446374221,46.12139061276495,47.49197806352127,7469996,380074625.4076061
2020-02-14,600113,46.775044844653415,47.60640668146921,46.33355512761424,47.11584859027244,6950025,332975613.3697835
2020-02-17,600113,46.85892956318192,48.48748210602082,47.09227999699979,47.1212243033569,5454461,320692045.3755439
2020-02-18,600113,48.12614954871998,48.93421984840095,47.82153729264458,48.10714424600765,6383863,345610103.28424096
2020-02-19,600113,48.03975995074718,49.62221930397906,48.30574157697671,48.49554206707782,6458726,424455964.7126866
2020-02-20,600113,46.829242857700095,47.6672123969464,45.72697678611673,46.50398663590095,9495436,497964847.7969615
2020-02-21,600113,47.25860605442223,47.24710854665873,45.76793059978201,47.05724237072341,4302912,220576095.90577424
2020-02-24,600113,47.66569508781755,48.00109334752097,46.50011867499754,47.80499736481278,5119484,258269479.05177942
2020-02-25,600113,48.018321086411646,48.722437324805,47.05934468359559,48.32313542420862,3352646,225080720.35923547
2020-02-26,600113,46.7465866218914,47.91520637406302,46.86515164246475,46.96383955091028,8519699,406637914.8793857
2020-02-27,600113,46.10723403831884,46.91564993976203,45.845064307616006,46.35137954212797,1840692,125734847.73832168
2020-02-28,600113,46.8610864911962,47.83553019451732,45.44313930026521,46.491941324777265,3169266,180340663.8635997
2020-03-02,600113,47.6381546313694,47.84737031963586,46.24030679243067,47.523050327699266,6699999,472866089.13118863
2020-03-03,600113,47.707804013039265,48.80937916277128,46.68648059758263,47.46803404486503,6608368,328214496.5426087
2020-03-04,600113,46.73617625776278,47.34607881382601,45.26122374592968,46.40729719983991,1075477,62801887.03231189
2020-03-05,600113,48.48116214586639,48.391816365562455,47.016721850255664,48.369346775797794,5493327,380541438.7983014
2020-03-06,600113,47.82414857100248,48.764726938137095,47.998611060842585,48.30166672204654,7543972,450297936.1726183
2020-03-09,600113,48.079237496694766,48.60659826369403,46.892052553759434,48.05854443106479,6961648,458567109.9798663
2020-03-10,600113,47.23150147750374,48.10710206685192,46.5328360076009,47.311373146632306,4317195,290744811.1148133
2020-03-11,600113,46.582481862092585,48.07088851062484,46.30275704884617,46.78311125459705,8558432,411517913.4098944
2020-03-12,600113,47.83361273333997,47.756306096928,46.99961941517795,47.41093112372374,8184075,528742754.0051648
2020-03-13,600113,47.06591777048075,48.33497830576751,46.17560202159039,47.16255709418662,6730480,410770681.2219996
2020-03-16,600113,47.16121997802669,48.368994620485054,46.642298283404976,47.331885138135014,9440218,632407773.5369308
2020-03-17,600113,47.15586517359143,46.89998512952324,45.915420940955414,46.84460452998528,4732994,221807714.1821324
2020-03-18,600113,46.77894022541532,47.165241621062,46.847121338054365,46.853804665561206,1203208,63435732.96429743
2020-03-19,600113,48.34851475861096,48.63600302211429,47.938069237487014,48.138624250481115,1936409,125408563.19650093
2020-03-20,600113,48.77254229854027,48.93015531075336,47.59615023156753,48.925821848235955,9530339,590490391.1616325
2020-03-23,600113,49.12282503240351,50.41053421156689,48.79146123274328,49.159569670643826,5389144,372532040.42182493
2020-03-24,600113,48.73887769174419,50.199070798341765,47.948614390087826,49.127613154290906,3680428,188445516.27488536
2020-03-25,600113,50.23747519680785,51.18532380374424,50.20206207460074,50.367462034242216,6139608,371450331.05182916
2020-03-26,600113,50.40360437768103,50.92159690610332,50.07001819931254,50.71116278905913,5645026,359105507.35011977
2020-03-27,600113,51.61782019114727,51.72149216850876,51.028258079122715,51.286203853412374,1467798,100016298.40187836
2020-03-30,600113,50.899667645037496,51.7112937606279,50.05614264867184,50.86032103792169,9901886,599301456.6334252
2020-03-31,600113,52.12272665114476,53.43926285533519,50.796252303594805,52.23834828952554,1352433,102681840.3944618
2020-04-01,600113,53.09622507085379,54.582080918135716,52.065011861363296,53.293804234235665,1691259,113247829.90601106
2020-04-02,600113,52.53882496265909,53.31825949712383,51.683207679448856,52.31025487822413,4254031,324318562.67425823
2020-04-03,600113,53.11115433450547,53.342089000940994,51.657590697055426,53.09407129912332,1837452,110756344.8367915
2020-04-06,600113,53.77638470658031,55.201089814160696,52.35125883735163,53.8176805314135,3694659,257987042.94576862
2020-04-07,600113,54.63061283102188,55.63734076714474,54.05076222416524,54.64848195268098,9137262,687427066.345937
2020-04-08,600113,54.88699187031679,55.50263303615101,54.9225646266391,55.413343863339705,2641647,190867198.3462027
2020-04-09,600113,54.92394508221742,56.300478152322604,53.978859389437574,55.32052848373377,6694360,540343680.3104217
2020-04-10,600113,55.56335816351881,56.334013090824705,55.5259618150345,55.91332866084881,1065131,82841510.4668986
2020-04-13,600113,55.107685158956016,56.01285666266848,55.36577691352316,55.43572510599058,8085114,663864673.5421678
2020-04-14,600113,55.77095457917847,55.96618398089127,54.654842301475284,55.279738746007865,5293876,386244247.1873077
2020-04-15,600113,56.914570506808886,57.10908181884853,56.42904048246941,56.622358062288,4949470,401657202.1151916
2020-04-16,600113,54.27993293736614,55.9799985008284,54.10057347375591,54.81790607776569,9763260,610096860.8306504
2020-04-17,600113,54.14033817737072,56.106198104366975,53.85214510313861,54.635848280788416,2503393,199642207.21821716
2020-04-20,600113,54.216787889150645,54.77833615223441,53.6310108620696,53.692372767043636,1714493,121133016.96125124
2020-04-21,600113,53.89449717697998,53.61402078790505,53.10134300597146,53.499421885297274,7014766,537483231.199667
2020-04-22,600113,53.124119418203016,53.925461296866914,52.32831160214956,52.96813600430353,9877510,652241545.1322575
2020-04-23,600113,53.861576083681264,55.39793895047964,53.71560226898607,54.33267307075623,5861148,378270579.59253085
2020-04-24,600113,55.362406753588374,55.98862578130631,54.2019750507964,54.946289290956145,6820649,472368924.1165979
2020-04-27,600113,54.5275394581232,54.33705896515778,53.48129774463847,54.102777345865974,7878441,532515239.79932153
2020-04-28,600113,53.88776581174441,54.16058955669859,53.57230942095022,53.88838573553575,5874721,318565599.8319429
2020-04-29,600113,53.36173788074272,54.932525064479684,53.56584566985484,53.73060525147539,7503282,511200461.86885357
2020-04-30,600113,53.54806586134532,53.79903277820466,53.33222631878345,53.70308479946283,3287234,201009119.70505476
2020-05-01,600113,53.839532395808874,54.39073309098782,53.68167383489887,54.383247572677,3507004,256819133.17545205
2020-05-04,600113,54.13954717209713,54.74065678143988,52.52307096983202,53.89902042256653,9304095,529573171.50730497
2020-05-05,600113,54.987417082207344,56.02258958955329,53.15072858300822,54.718413350221475,9527510,667790505.6162966
2020-05-06,600113,55.0797985285744,55.37202878714696,53.193154163882866,54.81762271320448,6305705,418662190.5564088
2020-05-07,600113,53.20440760053976,54.894068062942864,52.13561261754914,53.52910756737243,9374955,624016066.3269584
2020-05-08,600113,52.720973582734075,53.11632267054488,51.45392977705202,52.23753488853119,6246141,379524404.13480717
2020-05-11,600113,50.83360166064594,50.94884505605702,50.261591018308344,50.6882198423293,4023835,255357165.70232967
2020-05-12,600113,50.32877234649982,50.908457369664816,50.01087523977715,50.25387552905554,7714576,578499271.6180663
2020-05-13,600113,50.10584546077256,49.74669640019198,49.42911410511415,49.71580102015232,2610798,178475738.9126812
2020-05-14,600113,50.329747175948754,50.831954730294285,48.87779250305685,50.14979284474041,7611850,550912564.7613674
2020-05-15,600113,51.4426919358766,52.53021151868612,50.80827725852769,51.07230052075525,8866872,486506472.0948407
2020-05-18,600113,50.319037765342365,51.40820571751403,50.03304864997805,50.69318600854857,2499466,175580370.98393485
2020-05-19,600113,49.9623776488616,50.555788813039314,49.261289034360075,49.92573985037018,5807828,387835015.9139886
2020-05-20,600113,51.02827768003209,51.0318787829832,49.620344219217706,50.74426437110076,1753531,125747114.43676293
2020-05-21,600113,49.96753688395344,51.0497628196078,49.97273144153184,50.23259322306846,8555815,559187970.5014725
2020-05-22,600113,49.53500458118935,51.299997272354354,49.70924642586009,49.87486588866888,6505203,372299820.0519811
2020-05-25,600113,49.7742372775732,50.021729146748974,49.04092985991295,49.407286161904416,8258025,494668114.74260867
2020-05-26,600113,47.585184223961186,48.25411609332348,47.35899215930161,47.59247710485404,8552667,585027629.6830099
2020-05-27,600113,46.60461718594841,48.0406487765094,46.11878301688349,47.008388047762196,5763815,326969476.1366022
2020-05-28,600113,47.60077771872423,47.93743850288129,46.715741698261546,47.29834690381083,6764902,333329231.63372284
2020-05-29,600113,47.50493502469601,48.887304460173645,46.35768594683947,47.513095381511064,4063817,240208780.46497464
2020-06-01,600113,46.09152881199849,46.24014481730041,44.948845641010195,46.1056832271116,5962642,369632850.7626015
2020-06-02,600113,46.62281448735008,47.21364733637164,46.846566772432205,46.92517901713358,1409266,77619601.32146953
2020-06-03,600113,46.867290818344344,48.04168632447716,46.930081456733596,47.17874555539638,9372377,567670312.2549578
2020-06-04,600113,46.99856468449792,47.36490656847476,46.68513980795408,47.19070559577436,6339941,345269041.5720745
2020-06-05,600113,47.68045537282044,47.94172193267868,46.15590806172406,47.56205435626008,9870865,584378339.1465867
2020-06-08,600113,49.21084958108287,49.332891790049544,48.69598133358691,48.78265958856741,6112808,345062698.90891737
2020-06-09,600113,49.5635310112801,50.11038686203465,48.13808555376954,49.10827466105082,4511831,275512440.48324716
2020-06-10,600113,48.72527715663193,49.102606421927355,47.333162040344355,48.77956332312689,3546870,245534071.8299231
2020-06-11,600113,48.983494793558876,49.99092718835825,48.14310025968513,49.383606399815235,6980049,491592467.83733773
2020-06-12,600113,49.19928838291853,49.95814165428985,48.09665295197286,49.126129165614024,5169492,300074997.76597995
2020-06-15,600113,48.691700417190944,49.53398409272005,47.196109347072394,48.64676335294993,3603116,248148164.81804883
2020-06-16,600113,48.51450119444534,48.87839946206466,46.796037708257536,48.21294121945558,5497307,367972739.6205613
2020-06-17,600113,48.09323802127143,49.4322633361612,47.20778957817652,48.20295591316051,7344746,515661136.19790465
2020-06-18,600113,48.64277093872519,48.76563426805461,48.672445340457365,48.68029520608119,6476556,318029967.05949277
2020-06-19,600113,48.35132374836696,49.97024525146179,47.51204198138968,48.69542637276497,5396470,385834104.39930004
2020-06-22,600113,50.28997018255247,51.791753711723956,49.883515799396164,50.51188655554591,2256486,153574074.7208501
2020-06-23,600113,50.35677356021272,51.671069995652694,49.2709235471692,50.689571911807434,8324825,472051821.327581
2020-06-24,600113,49.63794391891675,50.457653938256406,48.59082124407151,49.70152412986028,2725255,194885527.1835699
2020-06-25,600113,49.068735759682525,49.33876803143031,49.013622541524946,49.0441416617825,9650192,605782442.9559246
2020-06-26,600113,48.84039013915597,49.257142180194215,48.499944324145204,48.7667214883686,5546443,395906160.16045135
2020-06-29,600113,49.03867462688693,49.79131432548806,48.417039947441864,49.217695397023924,1578683,100617446.59077004
2020-06-30,600113,49.49577254829127,49.5995832268143,49.14376045357235,49.42512092541798,6342811,314062230.2863744
2020-07-01,600113,48.85736545619411,49.66670233757794,47.93498449838117,49.307307289928,6429063,350063653.25429744
2020-07-02,600113,49.67041353237123,50.995385537365394,49.069378404857034,49.84901357187771,1133338,75308337.4450225
2020-07-03,600113,49.298700755143315,50.94685326487267,48.92810034626404,49.53623360288256,4895828,262453730.41384506
2020-07-06,600113,48.11391780780984,49.06209038847339,47.64571290042819,48.17920845686935,1249181,73651165.41133063
2020-07-07,600113,49.06733074949862,49.181101788335575,48.43927908990496,48.74226034534072,2269060,165108596.0431468
2020-07-08,600113,47.11242326985909,48.065331241623795,46.452453194399205,47.357568864761475,2198315,145299512.39914787
2020-07-09,600113,47.49348758557077,48.45980229791572,46.78446800799016,47.62646704332714,9407403,559611232.0081148
2020-07-10,600113,47.662819452200836,48.66113758719606,47.05145001123524,48.00764383221439,6162995,324620328.2364961
2020-07-13,600113,49.229202030115545,49.40820906216052,48.10355040485203,48.78708231255138,7127602,357247486.6117257
2020-07-14,600113,48.07166180358851,49.518374563192474,47.81361785746498,48.5155543142837,6864135,391940567.1666163
2020-07-15,600113,47.78971388763424,48.63062983548611,47.870881158068215,48.24441455410115,7843638,525778144.7078855
2020-07-16,600113,47.99832167318353,49.04648467163212,47.27104135747338,48.1558257031072,8671057,540796784.2100139
2020-07-17,600113,46.659200612133695,48.11123927693029,46.14120184506117,46.982938429142486,9097065,487665905.105589
2020-07-20,600113,46.94108468306264,48.13092269362607,45.71776539313461,46.9867455090093,8875185,464164598.83570075
2020-07-21,600113,45.5727037221254,46.762564897696265,45.45487690984442,45.82735713941382,6858721,451015334.1967719
2020-07-22,600113,45.71061046361164,46.77076558812985,45.45091570751335,45.494964055721944,1907223,108364295.61645834
2020-07-23,600113,44.89882751223861,45.969722249621064,44.8012578274545,45.17333724676102,4870909,232647079.53816712
2020-07-24,600113,44.74361488893357,46.02824046878179,44.07877444795686,44.88256406374716,6418002,393193698.0910074
2020-07-27,600113,44.22189357700959,44.279928730897204,43.809243778402255,44.20107575960807,2227547,131005950.08889355
2020-07-28,600113,43.75045254639198,44.505044866684756,42.95198089775022,43.699087599188665,4673763,269787372.86168116
2020-07-29,600113,44.916485598292184,45.8405425825442,43.396094269849364,44.670771370179324,3548976,208374990.61086655
2020-07-30,600113,45.07882685478411,46.47505358279954,44.23496064034843,45.13168978188061,8788697,451985822.8200342
2020-07-31,600113,44.73416953832348,45.978334271760126,44.11277790175948,44.68317892569833,6954164,334412850.10192406
2020-08-03,600113,45.09833708121138,45.69498947219236,44.52199646474165,45.358119389588225,7123250,347687448.93178284
2020-08-04,600113,44.88156111478752,45.95827508485162,43.7678070179163,44.79547752652817,8761398,565330483.0800067
2020-08-05,600113,44.898101344357926,45.08265280262365,43.9216558948466,44.70343106460688,1084273,57637401.762254536
2020-08-06,600113,44.44247645721001,44.39926503733482,43.7320990890288,44.25400511339681,2125411,134981725.75916508
2020-08-07,600113,43.53651919277623,44.34694505797741,43.45487858416931,43.65045765345023,5988340,310029001.4561558
2020-08-10,600113,42.92296288979041,43.31928616820513,42.66145614704841,42.751246181527755,6963112,361037532.69078344
2020-08-11,600113,43.45337435131334,43.694667600220455,42.370169893216875,43.130401835497,8532754,378651209.72755617
2020-08-12,600113,43.99303093963685,44.851531302745094,43.835210301755296,43.9598983192634,1795367,88125400.31444028
2020-08-13,600113,44.072232950965336,44.36568821426393,42.897969690880444,43.81896964365669,5838833,380783012.1992107
2020-08-14,600113,43.6452518021488,43.852295933931586,42.47646028016397,43.75491662047404,1819136,89108968.25164399
2020-08-17,600113,44.04715133822947,45.07927874155855,43.698368622632316,44.3962116763886,2679554,152375831.9202211
2020-08-18,600113,43.905906583831865,45.35392230873696,43.22251005166108,44.238363001286395,8023072,471137736.5730045
2020-08-19,600113,43.73748641310147,44.43865996969759,43.17886171856533,44.1391894542685,3093979,175730768.66860732
2020-08-20,600113,45.68838417434268,45.87057713793792,44.359576910870175,45.3063192242345,6877290,311605061.19763637
2020-08-21,600113,44.31684971003612,44.977349319980426,43.99318792828498,44.74675153741621,2322842,142738223.23632807
2020-08-24,600113,45.30087539184914,45.79516235191711,45.318513690885084,45.32226737452042,4628113,239059321.63595417
2020-08-25,600113,44.57633994095063,45.76773233509653,44.687833896506504,44.993757362241944,9711200,587753209.6723307
2020-08-26,600113,45.42575992433451,45.91627657823584,44.10797682898771,45.09373905943202,2031058,129787295.08870968
2020-08-27,600113,45.78017985120993,46.87793911129578,44.79288473250793,45.73216244623653,7759712,458114125.74611896
2020-08-28,600113,46.00934401754213,46.49504417125905,45.21462685764573,46.116977434064225,4432249,298878053.09223646
2020-08-31,600113,45.40867460107303,45.84463954517296,44.076497364508086,45.21420139140535,2058574,105388127.8397521
2020-09-01,600113,46.245182655270995,47.34715003378642,45.60667531019986,46.057296785749884,7042999,448429988.0392909
2020-09-02,600113,45.997433195295855,47.18968466691999,44.55126335165566,45.881340855107155,9113553,516315919.83312124
2020-09-03,600113,46.2838891965003,46.76484335533903,45.03248208367725,45.96124927116077,3282638,167134593.44550523
2020-09-04,600113,44.938579058444944,45.58708009335704,43.48343554336285,44.79587951823551,2662501,155204703.83476502
2020-09-07,600113,44.430000466995615,45.78606232493264,43.798138903882666,44.58223201458328,4752943,234986141.68713155
2020-09-08,600113,44.356119923687565,44.98172747129183,43.54431727849723,44.38737654870454,2217532,120429036.06538914
2020-09-09,600113,42.73102797884385,44.07746064737176,41.990043233987926,42.857916529743655,2339639,147043563.65946755
2020-09-10,600113,41.836477990251694,43.413650216926165,40.95119896540528,42.17368029298566,3664607,187948293.31570518
2020-09-11,600113,41.77956799399275,42.16017878519809,41.570416298069404,41.82733402872012,3391683,205981116.6625068
2020-09-14,600113,42.600335826335005,43.592854927961,41.51875813996354,42.50536265608492,8903083,523786766.29031837
2020-09-15,600113,42.40095113798337,43.30421348459095,42.107900485478154,42.62048362750608,3355206,188936072.91613302
2020-09-16,600113,43.27911460079637,43.266532955298665,42.80792537329458,43.23880909372412,3497201,219074443.74666876
2020-09-17,600113,42.563457210624264,43.33115588505571,42.23274116207193,42.90892562181804,4403011,209646558.04847655
2020-09-18,600113,42.32095944627799,43.88352897863593,42.42433610394309,42.738982831353724,6681020,415807179.7975369
2020-09-21,600113,43.31047431904902,43.478637647451094,42.2825900568314,43.30230310930254,8728301,440913975.401838
2020-09-22,600113,44.211227386875656,44.48588682526412,42.90127495396812,43.83217082789954,5975273,312507828.0931302
2020-09-23,600113,43.82651322673756,45.08729908368067,43.79534370053944,44.24710905234065,2264576,145861471.1410489
2020-09-24,600113,45.35133615726784,46.5957750469039,44.29931300833758,45.28792009368544,1613048,94658944.59535584
2020-09-25,600113,45.03433007803545,45.806975709635175,44.47126622515601,45.309379166138804,3213499,181324443.4605035
2020-09-28,600113,45.76697572292765,46.56618868195671,45.41377865467661,46.1034711833799,6591172,318248585.6143598
2020-09-29,600113,45.43470943756809,45.80540339734228,44.65931895153427,45.651035200443154,7630010,475056267.17445445
2020-09-30,600113,44.2317423613298,44.570540184220654,43.59073226083681,44.397633970780056,9955440,504595004.90906054
2020-10-01,600113,44.01945609247558,44.46567955327421,43.25693420976638,43.91326805595023,2654486,165837027.26635298
2020-10-02,600113,44.72989138159788,45.59101945446222,43.78703346272728,44.73245159408546,7946009,380878172.08094466
2020-10-05,600113,44.9446015861793,45.58116713871451,43.686882367561715,44.94809504954049,9210728,480245483.36693907
2020-10-06,600113,45.2022153918665,46.59682490077635,44.87618632868056,45.36013567642055,2057698,120944121.62826473
2020-10-07,600113,44.90210659376348,45.5502958312283,44.65869903653958,44.87467212853423,7987326,437048558.27227706
2020-10-08,600113,44.92453739078885,46.082176532207704,44.968070902636946,45.339791047674474,5465580,306463173.9015461
2020-10-09,600113,45.8065072209298,46.31136219969818,45.145829028943055,45.65343653706718,1793260,122518033.65292002
2020-10-12,600113,45.84339904194158,46.16481731055341,45.5969927352899,46.146345484756154,3523261,204840341.36641082
2020-10-13,600113,46.57444044553948,47.38756373878265,45.91273257817852,46.68029796303767,4872471,292494706.2787367
2020-10-14,600113,45.88152701519311,46.99171178283028,45.67888587429623,46.28820753998739,2075463,96923393.09108226
2020-10-15,600113,46.51008094822271,46.59540815653185,45.24300842316982,46.47588085517539,4788664,263078086.05324236
2020-10-16,600113,46.17170630030799,46.4875272723806,45.34054322132543,46.36242617699184,4948723,256225927.08357406
2020-10-19,600113,47.17723346775599,48.3771053717659,47.09637395135347,47.58313529454021,3673875,232605802.343542
2020-10-20,600113,48.58852589924862,48.80217386986715,47.690857297122925,48.745783539871496,5867753,290623517.2329693
2020-10-21,600113,49.889743429758546,50.134772006220096,48.6516358005894,49.43682531252696,9035059,472861719.9791327
2020-10-22,600113,49.46895506888977,51.105507074478815,49.212904472908676,49.67743106041696,5996845,311000968.6290685
2020-10-23,600113,49.69395129942183,50.95511506279347,48.70668993085255,49.81008937403299,3390863,234783205.71372855
2020-10-26,600113,50.76416743608212,50.34148151166674,49.05981372113332,50.283208284709204,3334809,177197529.13681892
2020-10-27,600113,49.80591342008343,51.54708955583716,49.80146156203266,50.20941892829553,4931012,261834453.68330947
2020-10-28,600113,49.522349894377975,49.826152753403406,49.18132707528567,49.53211081393672,1260098,69675196.14420223
2020-10-29,600113,49.98655290014485,51.495399266553754,48.89108157598098,50.05784281507358,1890527,137358590.81374887
2020-10-30,600113,50.32567060028048,51.21115479569396,50.0524510918255,50.06430621722608,5719265,385121757.9342658
2020-11-02,600113,49.619506307351905,50.99255944568365,49.71917252621969,50.012068787144194,3193992,239176674.99926153
2020-11-03,600113,49.74183269258075,51.36170518961018,49.91226400432425,49.99496168005096,3117381,186387012.2661186
2020-11-04,600113,50.690577233843555,50.70622171268827,48.90256642271153,50.35246712809894,8303355,514914467.68315995
2020-11-05,600113,49.70316023633677,50.97084811442889,48.894218630133345,49.73217889012805,7395431,422497674.3542755
2020-11-06,600113,49.93540981503859,51.61907941492614,49.03319443081815,50.293405504475515,8367964,589583782.431182
2020-11-09,600113,51.65131075719436,52.053337742545786,51.31603081407955,51.954873759394495,4343778,310617782.65877664
2020-11-10,600113,52.108000483403295,54.13114807299121,51.65636668000728,52.62693645059739,1168194,68928736.79797365
2020-11-11,600113,52.773659060508734,54.36674556513532,52.55622150763218,53.04843835252452,6902728,412814476.09070843
2020-11-12,600113,49.678414534864096,51.11573457398572,49.154467277463915,50.085581796819945,2275566,128889150.6671559
2020-11-13,600113,50.62378650060979,51.075926267612296,49.53645597486762,50.219753961431515,6894312,516196416.97307855
2020-11-16,600113,49.203101276217176,49.9511426621135,47.77279948243908,48.98305764527605,1840814,126422858.19367497
2020-11-17,600113,48.45002141441447,48.92770188591039,48.09424712894275,48.72614331065081,1781283,95675385.90378976
2020-11-18,600113,48.90228595237224,49.57029580204034,48.46904927273466,48.518265308348646,2657974,153598566.308745
2020-11-19,600113,48.15020923079723,49.07920212697058,46.72737473944674,47.813352817329175,5036036,303230101.39777726
2020-11-20,600113,47.64080525715815,48.453206270896466,46.32823801198493,47.66215518919107,3391838,192205110.86669323
2020-11-23,600113,47.303006581751816,47.27471008612403,46.20070317065738,47.272550903956926,6644080,333007118.54712224
2020-11-24,600113,48.10723931179893,49.54646296189228,47.74251858754341,48.188136716023095,6749096,448259243.9189831
2020-11-25,600113,48.671342921701076,48.54135587063452,48.46242658262541,48.490386522427535,9342971,551634638.66408
2020-11-26,600113,48.69678017319107,48.92625686935303,47.9455468698112,48.90294839303008,2737710,199475523.5684783
2020-11-27,600113,49.7419348587887,50.075447708952794,47.98296288881335,49.40165560170051,4224545,250093554.7446135
2020-11-30,600113,49.534331593080346,49.63207202652744,48.85767293521855,49.339520403014625,1055596,76458361.61814971
2020-12-01,600113,49.836930255551295,50.80688119773168,48.39197533408192,49.81100031127272,2356076,135945452.27093443
2020-12-02,600113,49.650005967732426,51.292702765820444,49.22306571341262,50.04960530134067,1965605,103763156.4490393
2020-12-03,600113,50.67754117833339,52.413858252548565,50.649626010825244,50.966848754743566,2017348,130738505.16701119
2020-12-04,600113,50.89049060615763,52.2039470090723,50.94072797345616,51.29458071878485,8174070,588724030.9123306
2020-12-07,600113,51.13690914631619,51.68985493678205,49.727207995447806,50.73104198298063,9488082,543676279.87717
2020-12-08,600113,51.543335973022025,51.64600461262426,50.89877856405565,51.53376964903447,3103535,221476723.92668357
2020-12-09,600113,50.61907707309297,52.13605117113537,49.69464661354307,50.822690038967025,1837642,139437097.4599717
2020-12-10,600113,51.11963349790266,51.29652578691692,49.24023501546281,50.740392849657965,5026390,277517617.3325857
2020-12-11,600113,50.712938828381056,52.6290287889098,49.836871432223056,51.19150013494593,5491410,328505619.6913599
2020-12-14,600113,51.28008780826738,52.732932259496174,50.88255625078935,51.461685975272616,8401222,454248737.10117334
2020-12-15,600113,51.080096989611775,52.003430727545194,50.561319555698006,51.39043168334597,1059991,56171706.954233356
2020-12-16,600113,51.49543619746881,52.35913544328536,50.84267475336534,51.50264003595255,3837970,290313651.2962898
2020-12-17,600113,51.55048922490358,52.38027421178185,49.81193230574829,51.27099856505839,9752317,638122806.550106
2020-12-18,600113,52.01882791914768,52.902547603875874,51.65322687860295,51.95758073238705,9855597,646510644.1217574
2020-12-21,600113,52.81328006635319,53.35791890566671,51.695158560498214,52.54610050972343,9374025,610221429.6371903
2020-12-22,600113,53.31214111249702,53.41460104321771,52.77562982088683,52.789889239793844,7781662,537682892.1602328
2020-12-23,600113,52.661045357549646,54.01430860202349,52.394268045813135,52.93976763368982,7510413,479261117.6426188
2020-12-24,600113,53.81313160949064,55.428682955420385,52.981286218913695,54.08267891189802,4876550,346531719.2880584
2020-12-25,600113,53.489698729066404,54.47490683154443,51.4192046679464,53.00343299384437,2929805,205052504.27693066
2020-12-28,600113,52.748061890109994,53.16740377655871,51.60978192886275,52.490344801422296,2845978,202729107.6234726
2020-12-29,600113,53.445461615153874,54.44536245173701,52.237772164512506,53.08598409351211,4676175,270728239.7008177
2020-12-30,600113,54.662816137768075,55.27805859491781,53.099173840947394,54.19239167173806,7793902,434792230.45360416
2020-12-31,600113,53.75205975228608,54.227276970420135,53.00753843438862,54.203987108993054,3371097,232311228.53682742
2021-01-01,600113,53.9444661513392,53.62970472748738,53.438092620761,53.529384779006264,9355468,659152920.6349453
2021-01-04,600113,53.276818296410575,54.24269901574688,52.11873014501124,53.68612887517989,6788292,497585656.2077863
2021-01-05,600113,55.463560928222826,55.70636737398003,54.1073400548299,55.3243736603428,7960685,587318041.3492712
2021-01-06,600113,54.079033777223586,54.63676650443561,53.58105403165144,53.89944748430464,5046352,333721843.1656412
2021-01-07,600113,53.871041201347,53.83554141051809,53.47215632590328,53.61465578597136,3353781,246956642.41537872
2021-01-08,600113,53.26982317196899,53.86976248900649,52.44714313763461,53.17304665918687,4673294,337647684.84445965
2021-01-11,600113,53.48058336071209,54.5790406174157,52.423938468127524,53.667454172690825,8162175,544502184.5640864
2021-01-12,600113,54.70279470685235,55.30924837677764,53.3723433629711,54.54508126454235,3583127,208899203.91985843
2021-01-13,600113,54.15521550273158,54.61304747481066,52.624695776923566,53.869884376854564,6474847,453486243.1443644
2021-01-14,600113,53.43665396853835,53.828013612873804,51.850841574037155,53.24161327336091,6416390,344610226.2868956
2021-01-15,600113,55.03685244965065,54.94515591525248,52.947949735834904,54.58356428666092,1335343,106574292.86341023
2021-01-18,600113,55.58711477591814,55.68985422420927,54.536990194454994,55.631464775941396,5291591,424320856.9888865
2021-01-19,600113,59.06484521776923,59.413813190182125,57.13888340371688,58.62484257159878,1391900,100911318.9136843
2021-01-20,600113,55.78483710511398,56.42833984845926,55.036807437176236,56.33638705458273,3998665,320574263.80384815
2021-01-21,600113,56.968485385076654,57.46360988380775,55.44832553247965,56.510653252071165,6831955,527322717.8233563
2021-01-22,600113,56.064175084239444,57.36811044708633,54.967073186268344,56.02936952001694,7388080,507793262.17800033
2021-01-25,600113,53.09125389432743,54.97243454906861,52.24245569089644,53.615988932892606,4100750,304945328.9547391
2021-01-26,600113,54.04757320615738,54.619669361577714,52.43335709648199,53.54628851773684,1538351,108049343.015204
2021-01-27,600113,54.26624584624198,55.27239143448574,52.556131722646164,53.76128762681786,1948027,116555881.54782405
2021-01-28,600113,53.422009584447295,55.164072951611736,52.325863235386244,53.565070996232635,9290207,541652265.0788976
2021-01-29,600113,53.54278705765387,54.26572777811686,52.79282065492042,53.27430610344234,8629570,515048163.17021644
2021-02-01,600113,52.19485881210729,53.533986266170764,51.211781095369304,52.480743873677035,4459138,254611373.46880254
2021-02-02,600113,53.21870538467076,54.61682620363662,52.04929068869323,53.17803121383295,4885327,301227644.1032931
2021-02-03,600113,52.9449484043924,54.20847374671079,52.07221888201258,52.681506041149966,5729661,426795421.3257519
2021-02-04,600113,51.729136768844704,52.3691664257566,50.84847742265507,51.78291832628102,8184848,461343987.8394481
2021-02-05,600113,50.805922215786325,52.28222226558262,49.46830613407265,50.89988136984774,6169871,455986885.6726061
2021-02-08,600113,49.96593481331595,50.07530863227061,48.233215001946554,49.61392567082358,8523678,604105511.5207106
2021-02-09,600113,49.500525206301354,49.773637184718446,48.99230518646262,49.45692954332304,5704395,350006276.1715862
2021-02-10,600113,49.393549144015665,49.767078494996795,47.96829597806452,48.950161245484466,7128290,398879495.31565094
2021-02-11,600113,47.75503999821111,48.822138958638206,47.33666399226582,48.15603115703607,2828707,156714854.16697806
2021-02-12,600113,49.02839844946588,48.661261229728865,47.962420815439195,48.650032561088494,9269404,452816942.68809736
2021-02-15,600113,49.53199792751216,50.75162566230151,48.40973747277278,49.29957678638134,8014308,440939496.7745441
2021-02-16,600113,48.88061819987946,50.102090356767725,49.20085351428184,49.316349863388915,4068540,214479312.9517121
2021-02-17,600113,48.980116699313314,49.274941449433165,48.90835726919274,48.98428130354892,5330941,362319972.9022167
2021-02-18,600113,48.754719495935404,49.83230000669598,47.51440375049395,48.49844422553206,4271168,217300254.26272705
2021-02-19,600113,49.59267586324901,49.307130809742546,48.691597676899804,49.27620588522982,6987609,448981045.6379856
2021-02-22,600113,50.62548843267318,51.70553154067086,49.890021117563094,50.6158875714178,7009565,496558422.2174519
2021-02-23,600113,51.630246293024896,51.425993494759446,49.906109359801135,51.403602808598094,9408163,545868787.793762
2021-02-24,600113,49.84893189529041,51.76640090392531,49.58864795818287,50.3261448440981,9347073,491500825.3127248
2021-02-25,600113,51.65258209400196,51.484106329188805,49.94107062549954,51.20693717842293,2553638,143496722.38632354
2021-02-26,600113,52.436302011567044,53.85157307680867,51.67007367704069,52.34207521980726,2657903,175529084.06107086
2021-03-01,600113,52.55744199559495,53.626357385292955,51.42470825659853,52.334851027409414,2764449,185774059.72205263
2021-03-02,600113,51.494678383827974,52.75368558885692,51.50054939682139,51.55085386531895,9970005,727156854.4990036
2021-03-03,600113,50.602848243993684,50.572561620091896,49.43221102401322,50.50905737494728,5762434,303182203.15716183
2021-03-04,600113,51.2015457237957,53.001044975312375,50.6352635519371,51.478453898210105,6545951,480065680.69014484
2021-03-05,600113,50.27725346743102,51.94652867213526,49.37920147472599,50.612923769597785,8366239,480351195.9776188
2021-03-08,600113,50.61008235467506,51.02314497640904,49.4667767136024,50.518895257350856,8563376,564104526.1650397
2021-03-09,600113,51.81721814848067,51.64683325595345,50.35269240921541,51.440607486237056,9782034,516496467.75863373
2021-03-10,600113,51.35182939672133,52.5237549590801,50.410456162963925,51.473676991508356,2475180,130924839.2237279
2021-03-11,600113,51.45690000574458,51.97872453113052,50.21692473614017,51.53960275529088,7707100,399234780.67924094
2021-03-12,600113,51.0544168307808,52.51474653169709,51.25428343505149,51.53271671795743,1527486,100432357.56036596
2021-03-15,600113,51.09833961053941,52.05837276381185,50.57003933345493,51.151486768383,9662847,501803442.64101493
2021-03-16,600113,50.92724501610176,51.733586099254204,50.20156843396976,51.2828020643135,1192387,75672814.49489239
2021-03-17,600113,49.713429899806776,50.69565061964586,49.509619249313246,49.686893288640476,9918301,729404113.2991258
2021-03-18,600113,49.6696305692327,51.08938410339134,49.78200906102599,50.13382300411842,8142376,560384642.4679365
2021-03-19,600113,49.96983255109611,51.62632437149799,50.04148133963958,50.302171302551294,5626936,391955676.2733795
2021-03-22,600113,51.764036794233924,52.65247571012844,51.04719090830648,51.867225282464794,5440803,397958687.04101926
2021-03-23,600113,51.041744382086705,51.8308008388657,50.28238340069371,51.213905240099116,7671045,459580152.53931427
2021-03-24,600113,50.894120066142975,51.22860870409079,49.58868764971523,50.81246109577607,3506155,220390451.00069603
2021-03-25,600113,51.566885520667064,52.18392384078741,50.40541420711034,51.271320070528716,3867192,263621209.58542082
2021-03-26,600113,51.97629605109173,53.30101337542151,51.45946440815469,51.80374638476271,2298178,133257547.032518
2021-03-29,600113,52.859570713566214,54.18784850932523,51.62083872042819,52.861546583639196,8694972,552163120.1452025
2021-03-30,600113,52.4757525215147,54.002381732740396,52.422413568633665,52.43412704911056,5467248,348715904.19474185
2021-03-31,600113,53.52551707930772,54.5201152842873,52.31201530114657,53.03470816879242,9566124,573158623.0232682
2021-04-01,600113,52.88554153878733,53.9213418961706,51.76844557814369,52.96985002533064,7636060,590065983.6317997
2021-04-02,600113,54.569106296510014,55.448871963237266,53.03067805096846,54.09778206758265,6111179,487171498.9292665
2021-04-05,600113,53.51348521173878,54.24281650062138,52.691073918330645,53.88623711717565,5255284,333675699.975354
2021-04-06,600113,52.58278060657887,52.959777064069634,51.86812268027344,52.294030889355646,6448176,432759881.0359933
2021-04-07,600113,50.9032255738387,52.12659959071533,50.85732768456147,51.10662942826867,5108925,373156385.81801903
2021-04-08,600113,51.08864875141419,52.06560029904922,50.00412629665805,51.485772990433766,3509919,219483744.38415655
2021-04-09,600113,52.43856385333937,53.6876267415454,51.30030413327249,52.18439324634368,5641424,356971389.58476233
2021-04-12,600113,52.725547054534175,52.924781665215704,52.17871618338431,52.73341759524523,6359820,423442110.3765236
2021-04-13,600113,52.99910961159897,53.15561187583558,52.07537894858849,52.5952651953658,3091680,170101254.82186905
2021-04-14,600113,53.80956269505285,54.323600939892955,52.8728635133349,53.44146638558564,7544077,485353641.26851034
2021-04-15,600113,54.15972960130442,54.42996371132227,53.78946294771201,54.121906239194416,4318029,332950770.71100783
2021-04-16,600113,55.00924940842543,55.68256983064799,53.74883200120892,55.0752404207137,5388950,421162962.9694602
2021-04-19,600113,55.53015719406006,56.17611224816794,54.539201749002004,56.0904003114284,7159530,460657431.4487547
2021-04-20,600113,56.54687286573001,57.294928575313804,56.51023709555041,56.526349975472684,2919812,191790816.5204204
2021-04-21,600113,56.03470517717284,56.57056242468226,55.27155779967695,55.51700844261782,1790276,128938871.5562388
2021-04-22,600113,55.78815176927961,57.540068375536,55.641328361998625,56.13405292104711,4333673,354911888.5493565
2021-04-23,600113,53.64764918208526,54.429979015576194,52.00934663611999,53.616437080975714,4129064,278511854.71410453
2021-04-26,600113,54.32280559072979,55.467268892469555,52.793965025162876,54.41590952517836,2094497,126334724.31922844
2021-04-27,600113,55.656623322019044,56.40285266245143,55.12566279393069,55.69444870119068,7476800,526441321.2198714
2021-04-28,600113,56.068333056399474,57.52626332009983,55.24341674856037,56.49300965654091,4655032,332456059.6375729
2021-04-29,600113,59.123737893347894,59.85233222553705,58.24499095991269,59.38108078487432,3714878,231317572.6185415
2021-04-30,600113,59.67129896988783,61.87443357008593,58.79198968990213,60.16202135630687,8377151,746281760.4495584
2021-05-03,600113,59.33767914627118,61.19615273289394,59.50198911167299,59.75299519555412,4909498,348325402.4027871
2021-05-04,600113,59.90160834227784,59.6517570401843,57.96743947504552,59.59404005779387,2278601,146698309.52544188
2021-05-05,600113,60.43851796144953,60.45556916146876,59.68959299813136,60.42907950709732,6991453,479490372.85959136
2021-05-06,600113,60.03998737584986,60.580563473299875,59.21047349622514,59.85482201775581,8328489,556732696.6994282
2021-05-07,600113,60.26395760231021,60.041734875198365,58.76305941377712,59.84073412988639,8377962,690552836.607385
2021-05-10,600113,61.5761405978983,62.280534549672346,60.95984079366646,61.793959672001684,1112800,94944264.67370433
2021-05-11,600113,61.27216634704161,62.193245912972536,60.14538477025618,60.71780414833305,6696481,585565034.1450386
2021-05-12,600113,58.8084592820161,59.38458958503127,58.87866722957112,59.24692307534923,2703868,198546844.36628696
2021-05-13,600113,59.84178026978026,59.43651596819062,59.30046836325967,59.33065997024663,8804081,751959882.0876238
2021-05-14,600113,58.155026932014515,58.9817714751999,58.33978946584404,58.58233020984889,9764205,775477305.7537113
2021-05-17,600113,58.31631404347772,58.78204399723069,57.149870218222894,58.63899823728047,4319495,276402520.01241285
2021-05-18,600113,58.44248945891504,59.10328570335897,58.601919720338685,58.9682553498667,1260943,82264722.16670068
2021-05-19,600113,59.63436922967714,60.28006359679505,58.191592731428365,59.05477032136752,9622448,659459181.262709
2021-05-20,600113,59.06173864272365,59.84778884393207,58.27017309905773,59.578253247073334,6006926,398249131.6997965
2021-05-21,600113,59.83774045919213,60.598394012438675,58.435342699471285,59.56390483438232,8566601,753503923.8324997
2021-05-24,600113,58.23947190583387,59.00816919028345,58.670932575190804,58.710632388129895,9554552,573003139.9650539
2021-05-25,600113,57.34025203254266,57.619236776017075,56.24645422345724,57.38269258505019,1801315,140527790.72277716
2021-05-26,600113,58.03786472075672,59.55913018954664,57.71303899211328,58.43297528901044,4659121,379480671.77163243
2021-05-27,600113,57.75640209279202,58.55671035347181,56.32382628022358,58.01258001506744,7629209,606063568.261949
2021-05-28,600113,58.27255706611286,59.120028762871115,56.88268412917049,58.46964320792683,3031550,194380044.65983447
2021-05-31,600113,57.89036157614846,59.46011707776743,56.69555739345435,58.325141899054735,2281702,167588750.29165125
2021-06-01,600113,58.199164876209096,57.91511379875059,56.7811988077784,57.91061743108913,4606471,278193341.42950106
2021-06-02,600113,58.236907718493285,58.209146619073394,56.38957622012022,57.72126983109558,2276042,157046275.2270766
2021-06-03,600113,56.614648727260025,57.02205464268707,55.47916987913934,56.99549901574465,2143527,143797283.6524887
2021-06-04,600113,57.28664563824536,56.95641208892159,56.0384912341091,56.87283940921265,4874848,415326935.4664031
2021-06-07,600113,55.25771714680561,56.85679721424109,55.26232766362974,55.67595861742456,6027353,410498654.43619484
2021-06-08,600113,56.4061118720501,58.568261853132675,56.17841684077686,56.92833262235719,6889609,464826348.4838432
2021-06-09,600113,56.476314878937345,57.89321002216533,55.62347923456285,56.948359366060636,8315059,510707767.8138215
2021-06-10,600113,57.216873045175674,57.260797243871785,56.15824760416845,56.7259618062084,8403212,479384353.3358514
2021-06-11,600113,54.95041985208871,56.10275264447791,54.401638208344295,54.53202135934443,1577566,87026666.60225873
2021-06-14,600113,53.77206877983975,55.727287103027145,53.59212650521929,54.122791700253735,6649830,416327159.5273544
2021-06-15,600113,55.209099812461176,55.43652296248915,54.98715020261456,55.11058454426679,9965680,623804126.5208874
2021-06-16,600113,55.36265233628663,56.80241064146815,54.48494261363208,55.530771400705625,4662306,336109053.0440988
2021-06-17,600113,56.1344258053902,56.448898714494284,55.70605230717849,56.348257166470724,4672424,327882318.91797864
2021-06-18,600113,55.35948243577816,56.664745234539744,54.44722407834125,55.69468773684962,2504651,152780254.90682143
2021-06-21,600113,55.3935495236445,56.30554526313778,55.6963527706957,55.872889922494295,8989862,534101093.4347573
2021-06-22,600113,54.905186378256126,55.915033726170165,54.054093249955244,54.92102003999067,6216943,375760161.62792563
2021-06-23,600113,55.83880323176973,56.3223135475704,53.70356867572673,55.306349971246014,9645231,598427425.247465
2021-06-24,600113,54.75188456173326,55.960641887269055,53.58978641262748,54.880194596871576,1543591,117874673.34141283
2021-06-25,600113,55.042308210497254,55.903394244241845,53.35496049813033,54.711043084316636,5567276,353000986.55289954
2021-06-28,600113,54.64858011377556,54.6182972980321,53.1420138370181,54.58083769730283,2267976,131682464.16179131
2021-06-29,600113,55.319802530359055,55.36151947963567,53.525164495445416,54.811664014375495,3288173,209230835.136614
2021-06-30,600113,54.54876956194166,55.896105499805685,52.805243302129135,54.38566327811729,6029361,329211418.0602254
2021-07-01,600113,54.09791720522671,55.04140734969195,54.33984290960429,54.60377027038116,2972616,180287537.38707
2021-07-02,600113,53.95518788225439,54.77325480457853,53.057750528892726,54.14230284244053,9218246,732475500.3369865
2021-07-05,600113,55.77290616692508,55.51220677055955,54.82776775149347,55.42427143538441,8445819,701376985.1873355
2021-07-06,600113,55.79710667075688,57.09703223827778,54.52066043534022,56.1747605431966,9150928,541936467.2929629
2021-07-07,600113,58.06802211168172,58.55431372495012,58.02675029063962,58.508939734696554,6584404,577289362.7152189
2021-07-08,600113,56.642077527294376,57.128575911463024,56.10754658781087,56.57017732305266,3344700,277740361.9484498
2021-07-09,600113,57.58712767013878,58.94270173876423,56.82972949120116,57.552233653648315,7657401,626953879.0344924
2021-07-12,600113,56.37169693882076,57.70226862999765,55.612023735469684,56.55793677177939,1734530,104311612.47122069
2021-07-13,600113,57.15458540048949,58.14399230749702,56.87321030421609,57.24911676296332,5392224,353594242.44969726
2021-07-14,600113,57.69970625643721,58.847259056123406,57.6673432809569,58.08075592397226,5386170,434853900.8743894
2021-07-15,600113,58.659066984644305,60.37844672645131,58.08803088109771,59.015121102610756,8007270,617429735.6098468
2021-07-16,600113,58.785164710183004,59.96749316217925,57.34288855378622,58.653418721930656,1385390,97610895.81191462
2021-07-19,600113,60.674760236606744,61.68186299157798,60.29880728367679,60.79734789224859,8502705,585047277.0247056
2021-07-20,600113,60.87120340725044,62.399769662773764,59.156843976239735,60.87751717921449,3741820,319147957.11843574
2021-07-21,600113,61.90811600156353,63.646362293713004,60.26372269307177,61.85017890765525,8870189,727293910.6158631
2021-07-22,600113,61.32905412483217,63.100531293124035,59.8853739416699,61.46081087821547,5008658,325956879.92611474
2021-07-23,600113,63.54165956360811,63.80861422492794,62.82931410140062,62.94587848053809,3998642,334123201.8485428
2021-07-26,600113,62.96354914252869,62.498397876851115,60.59928462132791,62.38247919631306,1372230,118400405.77145028
2021-07-27,600113,60.32970353712728,61.02745707372242,59.55476159509383,60.203091245384805,5974263,404880694.3970464
2021-07-28,600113,61.04255653041155,60.65161854751864,60.14171100343007,60.639527078286676,9711405,592154122.176984
2021-07-29,600113,59.817149073788876,60.95643424188252,59.08298596490935,60.30354511528913,2472133,191194279.61466172
2021-07-30,600113,59.391770535413286,61.03014756932581,59.77278619402531,59.826318230264555,9675204,859058544.7834151
2021-08-02,600113,59.51537182914881,59.51568974311371,58.74200503685625,59.337101862491025,6718085,532173199.3776127
2021-08-03,600113,58.982342133801076,60.04821237048152,58.64144773814478,59.41299302110965,9491069,806564002.1199678
2021-08-04,600113,60.853651094527194,61.2073033313424,60.53177064265046,60.74731390531574,2692541,217657945.7384953
2021-08-05,600113,59.77204901074422,60.3413615890734,59.19171631639929,59.56728822822918,6578219,504083258.92944276
2021-08-06,600113,61.02687697418771,61.55855391429297,60.650650051176754,60.78433116846667,2582250,202588921.92655268
2021-08-09,600113,61.444960088716556,61.39230401650159,59.79990322426587,60.93547743631195,8469324,561604604.967585
2021-08-10,600113,62.566612175922636,62.35901337568605,61.161153482026414,62.35468066695565,5194850,449043950.54001915
2021-08-11,600113,63.64607045220803,64.34129291542587,63.13302627364063,63.96041014764648,9198815,644191741.451886
2021-08-12,600113,63.2905151798649,64.43061154745891,62.90929734121636,63.334038343610366,6742145,546361641.0773027
2021-08-13,600113,64.20140218274584,64.96393814936076,63.895368014374924,64.05671694324316,3293672,219045581.20613304
2021-08-16,600113,62.87958384344998,63.40353666600925,61.413738101995705,63.292185336183856,9621998,614460228.1640718
2021-08-17,600113,62.95913885058463,65.22599729960864,61.84612546011061,63.502640735636824,9091076,817081277.016396
2021-08-18,600113,62.59125447850474,63.54468805041202,62.70047275927802,63.03756435239349,2646910,228887576.8687314
2021-08-19,600113,63.10586272641881,63.751429130708466,62.31275231197037,62.60709402292796,1759471,143923193.32729387
2021-08-20,600113,63.193724002429136,62.93649414958954,62.28640740011412,62.61099994433836,5669733,433343610.7580062
2021-08-23,600113,65.53308637159917,65.60729411606093,63.859244894009116,65.53051916937054,8686566,835059769.845756
2021-08-24,600113,67.58674845998277,67.94080562745506,67.71311383364993,67.88715928332988,4744174,370552651.7556155
2021-08-25,600113,69.10118726401261,70.98568081893897,67.7389365743323,68.9202711336824,4414493,416043721.24793476
2021-08-26,600113,69.23065904711937,70.97328165537121,69.37057855693907,69.78502502748333,6654935,689365393.5775911
2021-08-27,600113,67.71767445051469,69.79938271680749,67.9020477775472,68.29890347635165,9902934,795650284.4870967
2021-08-30,600113,66.41074047849197,68.08237578695902,65.10211849660881,66.12429973933521,1039282,88782612.64869791
2021-08-31,600113,66.15407499023686,67.06799864563702,65.56592940597722,65.97856085059132,5567709,515044630.0104687
2021-09-01,600113,65.54100520406227,67.5894877302854,65.37161545186999,65.87242803658847,3423712,326272311.57320464
2021-09-02,600113,65.6441559162229,66.80809657541695,63.615302593946495,65.45352067458592,4228365,364320906.7186738
2021-09-03,600113,64.40586754095133,66.70047476035468,63.084999962073745,64.97572542226231,8114168,548905166.1809114
2021-09-06,600113,66.15220129763242,66.00564234902237,64.91308138540928,65.67661910037631,4673387,354046219.804933
2021-09-07,600113,65.93102799317083,66.13215051550556,64.45704544776387,65.94845861419961,3950357,345823550.7398617
2021-09-08,600113,64.42641758088523,64.99659971166714,64.58980958060674,64.89594870876512,8844166,768630660.1769632
2021-09-09,600113,68.51284020003288,69.88458512759053,68.24268524541986,68.78861267050561,3402455,328955574.8072552
2021-09-10,600113,67.4017413488815,67.7439774063712,66.16939850512188,67.02243058830908,9076964,671582136.6622248
2021-09-13,600113,65.57817176123974,66.19714985748962,64.89133159681658,65.85726104233714,6946283,667862475.9467528
2021-09-14,600113,68.03560983381973,69.82149847517444,66.46604418092078,68.50889701152904,5512407,559305187.6497205
2021-09-15,600113,68.20509717948192,70.03151685712159,67.75735808151298,68.0230151964931,2413544,212527891.16645718
2021-09-16,600113,68.38465297489091,68.30250253823789,65.93257671480127,67.81792761109185,8040613,704618595.9928799
2021-09-17,600113,67.86792344565394,68.991382148721,66.6791844711505,67.39540912259282,8965425,716931322.0181967
2021-09-20,600113,67.22805539123398,69.21605355008302,67.0807224864884,67.84883623393054,5781422,461689638.3769888
2021-09-21,600113,67.45703621501403,69.61449526848217,65.99105557523605,67.96623228471273,8888478,704352917.1906213
2021-09-22,600113,67.08654369014286,68.14026593532368,67.43028341614863,67.60714939835631,3899442,360194680.0886671
2021-09-23,600113,68.17479004109585,68.53045010197144,67.28444825803783,68.42781582409492,4397051,359069633.66011375
2021-09-24,600113,66.47097029915973,67.98734529467207,65.55899532582845,66.45797448070434,8107494,584687707.8571285
2021-09-27,600113,65.08525617074575,64.7346592380314,63.979782321384846,64.6395817589007,4837001,344158178.9096737
2021-09-28,600113,64.55797496632935,65.35754048591537,63.498024024549935,65.11671701972053,6394676,549450438.1009076
2021-09-29,600113,63.97006250907992,64.8156393493058,63.416108155066915,63.884393558475125,2815372,245987127.78899342
2021-09-30,600113,64.76643261600171,65.01735860447941,63.790050209064155,64.57193581164984,8099925,649276098.368343
2021-10-01,600113,63.45325443307144,63.72985934532765,62.774260485487495,62.86321064338178,2420336,156255665.71520448
2021-10-04,600113,62.63657553675548,63.30854894068066,62.35854083280038,62.838813530715214,5896587,509821046.8663925
2021-10-05,600113,62.537179282326534,63.13386044356862,61.4906487315887,62.584225769614164,9284314,755653871.1623609
2021-10-06,600113,61.54117466923065,61.99814316677276,59.71345137960178,61.423712626395606,2972331,184240169.88152653
2021-10-07,600113,62.16073045062686,62.16943398348678,60.93724619717192,61.73758040809466,8967866,819989052.4528986
2021-10-08,600113,61.10670019958457,62.677126182627894,60.61894266109521,61.579206178466855,9862843,871706048.10162
2021-10-11,600113,62.21564239007184,63.54956245537344,60.49594538406054,62.07114817214041,7472837,481319838.00666374
2021-10-12,600113,61.02085583863502,62.578330092053,61.061409251707616,61.58704988756313,1164819,93693873.30022593
2021-10-13,600113,62.263514145039416,64.36750500803991,62.681136963044786,62.778664412013086,1988556,157911672.88205993
2021-10-14,600113,62.804635479192626,63.65801168804708,62.414130983659405,62.92981494570949,7179282,519618579.89263505
2021-10-15,600113,63.61426711678313,63.6202322497538,63.21762496456359,63.61172582304508,7445664,634411614.0012774
2021-10-18,600113,66.55193747515085,67.4056707183034,64.2554905371292,65.93588815683762,5514753,475870467.43943363
2021-10-19,600113,65.82756873052844,66.17160212220949,64.4022663618172,65.99073954466559,9816828,784872974.4914433
2021-10-20,600113,65.26179904701038,67.14198862862666,63.58872991047639,65.29943079775518,3931422,327586518.5175355
2021-10-21,600113,62.988196512489054,64.17275765581222,62.56439458753288,63.56139435450915,7753015,527058522.99320424
2021-10-22,600113,62.93682685448185,63.986677940617696,62.13980411157693,62.92500590907537,4373600,409231729.13448626
2021-10-25,600113,62.49532463948716,62.65330655998465,62.497525073013705,62.617910753767106,5213167,455062385.9946553
2021-10-26,600113,62.9717677414422,64.37061201929721,61.66263477557135,62.57370373857593,8588193,718158838.6092863
2021-10-27,600113,61.83875111793049,62.69607081960008,61.66585255491136,62.25868122343367,6426160,428336980.4417077
2021-10-28,600113,62.56497529559891,63.79709236552653,61.838825843612696,62.04374539700688,5433200,473496494.9287414
2021-10-29,600113,62.90303685447203,63.26561027460528,61.458548561967326,62.95776660474755,8202500,518697846.8310129
2021-11-01,600113,63.299014019500625,65.40840913686883,62.938390171608695,63.78060159793983,7595078,683924895.561044
2021-11-02,600113,64.30337537325569,65.45846354283513,62.25865755176273,63.968681723054246,9433569,743805540.977772
2021-11-03,600113,61.789518393061606,63.47150549215319,60.349674122180595,61.674954677122145,7968361,619067083.3876983
2021-11-04,600113,60.82661405753945,62.18399330511575,59.3231008119664,61.108310581502096,1211813,108876816.00278604
2021-11-05,600113,60.817596838480036,61.53244912876572,59.9668293683369,60.21732401448959,4700553,380327266.3177364
2021-11-08,600113,60.051967076589186,61.13266125490961,58.50732778844149,59.800495547061935,7742307,514080112.6224044
2021-11-09,600113,60.30259879513271,61.340567289468424,58.77602020231866,60.08480542810825,9581838,709394380.6683272
2021-11-10,600113,59.718263740703776,59.79707191551353,58.11506871539721,59.72640636294917,5896025,382228427.8482164
2021-11-11,600113,59.98620435082425,61.26073707984963,59.858237831969284,60.131873077846066,9533802,773396200.6562861
2021-11-12,600113,60.32067858362752,61.22390843613648,59.99102188718548,60.39906125352879,1756686,151442826.7617533
2021-11-15,600113,61.138208736782005,60.7420266020536,59.338401599252755,60.6876544504522,1096581,72483659.63793048
2021-11-16,600113,61.16991312764687,63.2274376988453,61.09855116855087,61.57081374003444,5949096,390665709.95571625
2021-11-17,600113,62.91433375332217,62.85367399660764,62.31879890895303,62.621243111287576,8271798,531968954.75647414
2021-11-18,600113,60.5581185618788,60.95479899745161,59.89163837944911,60.506590760513255,6158404,505155771.20758885
2021-11-19,600113,62.369211345795705,63.630657926975,61.1696334649183,61.87716246273675,5874850,443009453.6629555
2021-11-22,600113,63.45481934326306,63.19084751977518,61.33490471070808,63.04923925825396,5839509,525232026.1474403
2021-11-23,600113,61.11000771302954,61.24812839870627,59.562225350418856,60.718465598860575,4426902,395740170.28981704
2021-11-24,600113,60.49210764415876,61.42240851540003,59.50094912282562,60.82888239819408,7729024,568804122.757763
2021-11-25,600113,60.476242094058584,61.113589495167965,58.38862624449712,60.18887846818393,4185350,340168145.13078594
2021-11-26,600113,59.746080918396316,60.86992902070064,59.13508594630193,59.67659723668013,5912691,385508507.572435
2021-11-29,600113,58.92008662651492,59.86408294055607,58.67286585458955,59.00745922239226,3620306,284280969.46477133
2021-11-30,600113,60.88399844103088,63.107283765353884,59.71246302048239,61.38048437306368,6470793,421928615.6011518
2021-12-01,600113,62.96192438469188,63.70861053344278,61.92749614584252,62.474475866077576,6979547,620635633.7288502
2021-12-02,600113,61.78097717685348,63.237594972111154,61.33776514720418,61.96426132374864,9982545,706717985.5430839
2021-12-03,600113,63.07692258559266,64.19616862262133,62.56605438023217,63.48571365234295,3862387,338380691.1628174
2021-12-06,600113,65.08019592806095,65.59308301733782,63.49491666275788,64.50008252198643,2472324,197721551.34406233
2021-12-07,600113,63.994796005478264,65.90659851710852,63.0008237619474,64.06758352800168,3144787,206580012.09908897
2021-12-08,600113,62.81258420860228,64.61477095387178,61.309779513057315,62.96070778339945,7097018,587205592.9856516
2021-12-09,600113,63.76096033150089,64.93986834170373,61.63201313422975,63.28601666840796,1856607,118264200.39859311
2021-12-10,600113,66.01374503907986,65.95293003671098,64.4917705385257,65.79478033708918,4791224,338676404.88225096
2021-12-13,600113,66.90458923411927,67.57087747827678,66.94975672128797,67.44718195770135,9946772,748251753.637717
2021-12-14,600113,69.1865464944622,69.50844155873023,68.09603790852547,68.78693531554931,8376895,627443823.4660767
2021-12-15,600113,69.87653500461691,70.15468995742101,68.97484526035342,69.27732048327465,1006799,74998736.56078897
2021-12-16,600113,67.25428256844383,69.39258967624126,67.12429867122702,67.65503754155407,7163745,574705643.2748617
2021-12-17,600113,67.97028783304636,70.03474515174774,67.12959510948501,68.26910522914883,1563911,141291184.4120543
2021-12-20,600113,69.45351143179582,70.9185631685193,69.06736566629469,69.18920132071568,7245507,683744666.182107
2021-12-21,600113,70.59870881580322,70.83172961037485,69.09595589408123,70.09283719931892,7997416,719573892.008766
2021-12-22,600113,67.98762024204548,68.9538086330811,66.52284260555354,68.16733624083167,1478881,141862443.6148526
2021-12-23,600113,66.0954304439122,67.23668342442664,65.32203152658278,66.23933687327664,2506772,216873392.9203314
2021-12-24,600113,66.9004216996547,68.03479630900324,66.85520521447286,66.90586763589104,5929301,464361452.55944973
2021-12-27,600113,66.09122127300978,65.54719233833579,65.03838195824403,65.45156324473692,9121620,743376741.0581236
2021-12-28,600113,65.22232952157465,65.46740069978688,64.45025998589789,64.98254712181875,6788432,461946545.52866846
2021-12-29,600113,63.18114592721372,64.47238247310732,63.14883724642069,63.65919310072308,5738738,521747857.7072697
2021-12-30,600113,63.42949741831903,63.86650272334393,62.19397030053464,63.628532201398805,6798996,504703298.45640165
2021-12-31,600113,64.36782871172456,65.23783962765796,63.94631838410877,64.58692589202653,5752272,392685509.85599506
2022-01-03,600113,62.46858022108722,64.90872332501993,62.85294969294836,63.09380781272837,7219622,601504691.9413085
2022-01-04,600113,62.65244965397776,64.1892163011673,62.54401636354566,62.66899915524798,6640049,549819027.70517
2022-01-05,600113,62.81222506322434,64.29398155132012,60.94021024129662,62.63816938627068,8091168,582509239.5235595
2022-01-06,600113,64.62033236232043,66.37359739839859,63.838849045346855,65.1310469888883,9598782,813002854.0998086
2022-01-07,600113,63.63867418361664,64.70240174892436,63.30920160866587,64.02128014895314,5124660,329482132.732269
2022-01-10,600113,66.2364702220868,67.05717317024612,64.34836869444281,65.97382008208056,2202079,168097647.6433247
2022-01-11,600113,67.81474560891581,68.01341125844667,66.18507866086995,67.1595707737498,8158627,590715057.5616726
2022-01-12,600113,67.78523092304276,68.7806895658568,66.4800091522324,67.75043074114728,7043964,549162082.3329152
2022-01-13,600113,68.13661125284716,69.32765567822034,67.22588302482455,68.16349685031639,1283054,124417511.10862002
2022-01-14,600113,69.30500904498973,69.41178921038156,67.7743605637312,69.08340637154356,2440631,189872233.03914997
2022-01-17,600113,71.59507557535335,73.02907425471061,69.9075105655089,71.28215857271704,6960018,731984327.3112355
2022-01-18,600113,72.09644889539463,72.63664641532753,72.17151855156249,72.19517225336246,1808366,180002918.2664508
2022-01-19,600113,71.05658475615049,72.09192001350011,70.45974227679618,71.55119748952458,7582676,644240986.821403
2022-01-20,600113,71.93312604063857,73.0670259365173,70.07306387943298,71.48593854557923,2396968,188716658.93921593
2022-01-21,600113,71.59953887786065,73.0330994098271,70.10872581098721,71.54307156660593,3955134,393724174.03287035
2022-01-24,600113,72.74481716435017,74.14504312519044,70.10323089014746,72.03623561048617,2722964,222356434.64414862
2022-01-25,600113,72.31422222100115,73.49743113023179,71.41472365835264,72.39405348526736,7526723,685977554.8541198
2022-01-26,600113,72.01360892143676,74.00242386763571,70.52859063315643,72.48990789120599,3017138,311955888.17380214
2022-01-27,600113,70.54981117692743,72.2959415997788,69.30819474150549,71.20738284203975,9866116,964683050.3142656
2022-01-28,600113,71.93270574695151,71.73054081407024,69.76885769385632,71.70554765335692,9733606,1017958824.6081457
2022-01-31,600113,71.15505947108252,70.71235975863455,68.67874005361655,70.53084683957792,2881951,289083974.75241995
2022-02-01,600113,70.17684469743803,70.77789053809985,69.04550587154013,70.00608316982007,4820020,342621248.18344665
2022-02-02,600113,70.99573541546255,71.50858274399266,69.48928308026653,70.3669597912114,9216601,689836407.8612216
2022-02-03,600113,72.98617356323128,74.16745681973704,71.40841980560748,72.41397307124643,3432272,266202774.72390524
2022-02-04,600113,72.23991157166017,71.63665332848416,70.40824892981388,71.5467956772137,3415193,298343300.0836907
2022-02-07,600113,72.5718326641776,74.20830897093647,72.1815166711166,72.35511365786815,2425990,231598743.8724086
2022-02-08,600113,73.72979550810588,75.73987404256837,72.99260143169542,74.04679284636585,7764122,618316862.791504
2022-02-09,600113,75.04194453338674,76.32376342997024,74.43259436212833,75.55458793229556,4562964,404407659.3048907
2022-02-10,600113,72.85899021089593,74.64390929830108,70.85247814098842,72.70294937727834,7495098,651605684.9402273
2022-02-11,600113,73.39967739347297,73.46020134234263,72.70543399895094,72.92377399275162,1696236,154205741.08725673
2022-02-14,600113,71.76658641021314,73.45159276798583,69.85976710443464,71.78326511559824,6590583,596958481.0429748
2022-02-15,600113,72.74301027096723,73.07148867535105,71.59068994579994,72.43954286426441,8174409,691322562.4509379
2022-02-16,600113,70.87594080791249,71.46774655590089,69.99871180242783,70.6509817383344,1908778,138774871.3250448
2022-02-17,600113,71.0944908621777,72.16858254765211,69.26382653169019,70.99672848001953,2218252,225401100.92659146
2022-02-18,600113,71.19611425598563,72.36119478829097,70.01341794312438,71.8016110738211,2949417,228682682.5879734
2022-02-21,600113,73.49566970999668,75.25046552979508,72.15659440807713,73.29599393025265,8284639,665289388.651512
2022-02-22,600113,72.29188155299481,73.75124520425639,71.514002505813,72.27654583826754,2445445,218832927.9434959
2022-02-23,600113,72.01118023439446,72.55750769133199,72.14824643454928,72.20709142222107,1487246,146111866.220908
2022-02-24,600113,71.32463748809353,72.07054993773266,70.64590782543158,71.89833760424064,7072526,619292026.9216243
2022-02-25,600113,69.28062291570542,70.0892332376546,69.32290626995521,69.97002897318782,6908267,599598926.6871605
2022-02-28,600113,71.40899846700717,72.12956008499481,70.54450665132619,71.44653633069177,4224755,381174626.659365
2022-03-01,600113,71.05297904929162,72.36295595874965,70.57693531995147,71.1984511968561,4949080,488074876.2535035
2022-03-02,600113,72.23970076294937,72.81534921885476,71.15866363838336,72.7447756430067,7142808,620070670.4166976
2022-03-03,600113,71.98273560985278,73.26854178237193,70.84278684703034,72.54588397128639,9868270,1036573332.7569941
2022-03-04,600113,71.29236909162145,73.045930541739,70.24290215792345,71.2838059901237,2781617,282078829.37910366
2022-03-07,600113,71.69534161421814,72.28743453593323,70.27561550221472,71.70504156851521,4332775,330481242.4700281
2022-03-08,600113,70.57120016273433,71.80203764771949,70.14368273612864,70.9815246848583,8568182,682030796.9147508
2022-03-09,600113,72.62291208468055,74.30365981603133,70.80041527405788,72.24677973750343,1445770,151080150.4075025
2022-03-10,600113,72.01701242689319,72.49651517831829,69.52781258789798,71.40274996008696,5061441,488977366.2861998
2022-03-11,600113,70.5528801249214,71.66835341579318,69.28244127647481,70.3818841085336,5507169,575402440.9994743
2022-03-14,600113,71.68716619595517,73.95485129803365,70.49789914992569,71.83687271716381,3962652,382006751.6920136
2022-03-15,600113,72.94560106427933,75.33833855933197,72.88849306399982,73.48276195851369,9390820,744828434.8739601
2022-03-16,600113,73.99992775278596,74.77127034476801,73.75503348484051,73.94674314840103,6615691,731120446.7900717
2022-03-17,600113,74.88855168413562,76.37743943882288,73.82860876769188,74.57266790811701,7040404,642013817.316024
2022-03-18,600113,76.95675032979592,76.68073923675611,74.77098724153987,76.22574454374238,3417664,364367295.56160057
2022-03-21,600113,78.84183254409892,80.35876059375421,76.11905596939037,78.25775790406168,9815431,781214097.652127
2022-03-22,600113,79.65409034304619,81.55380141136345,78.9244417791801,79.84885019280885,2866625,294945583.8680084
2022-03-23,600113,80.97959583707022,82.77627641228787,80.05548426237273,80.78042672923796,2036970,169958657.0972749
2022-03-24,600113,81.23595632522309,82.46692585815599,79.9962223465102,80.72308443667839,4664859,517781321.30598867
2022-03-25,600113,81.02810985108482,81.82140730008386,80.15694034251268,80.61950907769344,1535557,129971908.48341985
2022-03-28,600113,79.30584653976875,80.32941548581235,77.19369874160539,78.89782561562323,2579248,223073090.89535546
2022-03-29,600113,78.68466381396391,80.86295926621882,79.0314804248429,79.34974105909055,7074544,813028200.1557282
2022-03-30,600113,78.81717990276027,79.74545754806113,77.41943911679299,79.35304337933697,3215175,301552156.1295831
2022-03-31,600113,80.47055329583915,81.78756815305833,79.16237679826465,80.88161350671366,6992552,750071157.9118888
2022-04-01,600113,82.68694296513588,84.08935287679516,82.17099200787457,82.95564786910016,9785643,1196016590.7241864
2022-04-04,600113,84.0098288891858,84.13797987626323,82.39678385699564,83.51962907471935,5013156,467457003.7422175
2022-04-05,600113,83.71730060467189,84.88274787740514,81.0298130431026,82.92329894367113,4395951,379857742.4102074
2022-04-06,600113,83.15081806668061,84.87673199484759,80.81725912858336,82.96632014869873,8531924,1007209939.2235686
2022-04-07,600113,83.88136464806911,84.75685187167022,80.91343518520628,83.27920012235491,1082298,134524154.86602846
2022-04-08,600113,82.2932188519258,83.66350432348939,80.88204651292834,82.02920472989169,5525672,602207393.0030501
2022-04-11,600113,80.27028656001484,80.07553654355785,78.96166740547805,79.55525595950317,3148953,336015397.21154964
2022-04-12,600113,78.55437628516988,78.11868330300743,76.40234349389182,78.07465609435246,6180373,617153498.0533388
2022-04-13,600113,78.29411515950756,79.066938479804,76.23282883435324,77.61249983538377,9105357,884419389.0838153
2022-04-14,600113,76.81786401481958,77.78630546379222,76.45759941976087,77.17187800406758,4805466,427333444.117317
2022-04-15,600113,74.95433114454647,74.79097602836006,74.7168644846566,74.76630799395477,1787656,179263998.78227282
2022-04-18,600113,74.54451269880468,75.29688033380835,73.87684404734848,74.74597802814273,7312136,656177919.4972551
2022-04-19,600113,71.62835277396279,72.65205410268776,70.65382810813072,72.12352958995243,5142281,417408832.85974276
2022-04-20,600113,71.26547914202223,71.73303948336071,70.02160755278426,70.88001310743456,2438940,176982586.81857315
2022-04-21,600113,67.76037385696014,68.36613328305297,65.46891880250189,67.10548346374931,8999994,865257118.8060272
2022-04-22,600113,66.9839089273472,67.06667478140483,64.44226024064497,66.42180397371692,5371429,376454504.5565666
2022-04-25,600113,68.1562977265583,69.42347843150274,67.14276840459688,68.1042289886062,5090635,411909111.11736345
2022-04-26,600113,69.68315784304018,70.61582913808341,69.56329023606442,70.07610415685298,1901592,157306648.6559553
2022-04-27,600113,68.94858879535437,70.03599977016667,68.85240510399778,69.14039447589539,8853958,635007655.1107458
2022-04-28,600113,69.78893767157962,70.05787918639923,67.43498205075863,69.1038741151688,2570003,235592684.3583295
2022-04-29,600113,70.22973842115914,71.39906810084706,69.63544777676728,69.69688590869573,3394967,319761313.4535364
2022-05-02,600113,70.45719524872334,70.88832923383114,70.45945223077503,70.68558911585956,4707893,349678403.62264633
2022-05-03,600113,71.54747854802383,72.45887703021343,70.05881796298118,72.18139216170809,3123549,277424091.70060414
2022-05-04,600113,73.04723434163421,74.98113229092309,71.49668418047807,73.10800790930679,6202176,563327886.300114
2022-05-05,600113,74.77761340748768,74.96821179844387,73.92702007949434,74.88357204400077,3494470,353709044.50426805
2022-05-06,600113,75.27896756379147,75.06286245790469,73.9334946482174,75.03243420727289,7572746,654505376.4645016
2022-05-09,600113,75.66267854592166,77.00601252802657,75.29825420890188,76.13721905258787,7609858,708540538.2344465
2022-05-10,600113,78.45503059950494,78.67971242581801,77.99978059011195,78.39196764670295,1803237,208670436.7371159
2022-05-11,600113,80.56733990669147,82.02487656889024,78.90303928641949,80.5683274686042,3646184,379010834.6003753
2022-05-12,600113,79.5801341293417,81.65469234067174,79.29138113416768,80.09476851463602,9874779,1100432469.5424154
2022-05-13,600113,79.4685227626789,80.09770797560991,78.43175907544975,78.7533811958143,2500821,249809187.85673442
2022-05-16,600113,82.19263220530833,83.47835750238993,81.20398279820995,81.42572781905979,4119903,354715051.92028505
2022-05-17,600113,79.88521970088557,81.7861294910239,78.56449082315345,79.89984909684011,7931381,658056343.8882581
2022-05-18,600113,77.70161670489378,80.35611320881479,77.41896676211252,78.16340848908024,6855004,598970403.916792
2022-05-19,600113,76.84162301382811,78.93518661177868,74.80217252004346,77.04972784300045,6090091,642202952.8710603
2022-05-20,600113,76.0455254064552,79.05813201997621,75.98112682611175,76.76301316984171,5513686,574769931.2513242
2022-05-23,600113,76.91749292335527,79.61848366514893,75.40928353468806,77.67964442332215,9807474,1012175663.9977283
2022-05-24,600113,78.64086601331645,80.41488811004331,77.052104664501,78.19722440391683,9834436,856795291.7547518
2022-05-25,600113,78.53619057599829,79.16788660526353,78.53559282749404,79.16578796367286,4716972,532403111.627042
2022-05-26,600113,79.29802977071606,79.96998732013874,78.87032155376863,79.24520861093326,5025451,445603378.90186614
2022-05-27,600113,80.58044525902913,81.45662150344224,78.14161870480505,79.82172447841477,1899104,156433314.0183502
2022-05-30,600113,80.52194117589836,82.3363026730647,78.16228919436381,80.0587829465436,8977003,837562322.3587981
2022-05-31,600113,81.51493591611325,82.78741807068866,80.93500070868272,81.36642378437786,6493720,709519872.9455825
2022-06-01,600113,82.55392848520019,82.98172527129697,81.71641548224486,82.33271738449004,5393360,598912102.5018479
2022-06-02,600113,79.71721380434875,80.98613268519892,77.87552624340424,79.75011379121355,3404578,371374196.4425574
2022-06-03,600113,77.6147916289595,79.16250338524809,76.53384794352807,78.06207016152895,3144008,264879626.48616678
2022-06-06,600113,77.6480835821806,78.7835226187484,75.26911755847821,77.2370060160495,5088998,575627524.7268463
2022-06-07,600113,76.09956501930678,77.88451714946389,75.27536856246805,76.58768023648999,2414657,270982068.54591185
2022-06-08,600113,75.04832868430265,76.62765857016558,74.33520548734957,74.52601762832782,2399476,221428703.76671466
2022-06-09,600113,76.24447826169563,78.54938339043807,76.15073226048366,76.30967503835625,2732657,276690854.54041517
2022-06-10,600113,76.45512504398955,77.86920239359233,75.89330802483987,76.10705005683042,1740736,148832919.42141852
2022-06-13,600113,75.90001421435772,76.62813394951132,75.83713866647986,75.90870763225519,9354885,1027311645.4900589
2022-06-14,600113,76.62014722983905,76.68815890237883,74.56182159998689,76.34243376305517,4560950,502775447.3039793
2022-06-15,600113,75.76230817666166,76.88903656001776,75.02626102780725,76.40038936939479,4845337,407922935.0879436
2022-06-16,600113,77.2151289683703,77.65278290994877,76.00315577984735,77.53222965700868,4093004,426312518.4460777
2022-06-17,600113,78.84000480889168,79.00058785535273,76.96899523078265,78.30091701641622,2430878,275428937.7809254
2022-06-20,600113,78.5592196427246,79.89181287368622,77.76895371116358,78.42767156559464,2762083,312236536.13979334
2022-06-21,600113,76.96090316103916,79.00618615236867,76.67108818979209,76.87108055272765,7076337,736235532.5594428
2022-06-22,600113,76.87275731294712,78.25202873688099,74.14507436305313,76.13280536465862,5500692,521899288.5381268
2022-06-23,600113,74.8725096448563,75.84445894578546,73.33559551199562,75.51940190967686,5896948,616147568.373616
2022-06-24,600113,75.85333864133013,77.64291797283069,75.27521934640319,75.83454266172421,7572847,858365740.2330116
2022-06-27,600113,75.23510814399614,77.3442862076121,75.09621332306489,75.26884240746735,6492328,534256996.86498976
2022-06-28,600113,75.74726064007267,77.75646586166069,74.24879598344704,76.19682272755006,3024437,321171210.5223817
2022-06-29,600113,75.97506373923697,76.96019423320989,75.81501728389793,76.53523395406387,6591120,739587350.6207933
2022-06-30,600113,77.83580519336165,78.9844938269274,76.54671294353567,77.52725999841186,7997813,903491358.2751967
2022-07-01,600113,76.39821089102465,77.86648937772392,74.03499994434624,76.18354287060782,6809337,675923231.9998844
2022-07-04,600113,74.50652412542841,76.83901568713978,74.41073589461669,75.10094101102318,1553333,139564779.78557944
2022-07-05,600113,75.4224641921904,76.64570637790241,73.58139020804,74.82978945637599,9626091,823419323.8482118
2022-07-06,600113,74.93718760511769,76.26144063018266,73.78782626186333,74.36211323289334,9785324,747179809.6324244
2022-07-07,600113,75.08628650337089,74.75452569193726,74.19280054203696,74.65287115448626,7979396,784401419.1558621
2022-07-08,600113,75.80061952522048,76.29671800192146,74.87322557561872,75.78517231972752,9972724,810563396.8437185
2022-07-11,600113,77.7374095328949,77.08228181975635,74.77063797385533,76.98339750298629,2075795,208763544.69444817
2022-07-12,600113,75.82698837600734,78.0445276439807,75.16872578914693,75.84976792314622,6609258,703160595.4843857
2022-07-13,600113,73.49386648572218,74.20263512954797,72.73655575776924,72.87548846998739,6523058,539440698.5313972
2022-07-14,600113,74.18678261781724,73.78548670037068,72.73864078686755,73.5923176817453,4695014,401475977.04029864
2022-07-15,600113,72.93979683575681,73.76212137546547,73.38555672522571,73.59727859794452,1894729,139883116.23369256
2022-07-18,600113,71.99991211542785,73.15626225501325,72.3392803648207,72.42406615490135,4823155,522625246.0374005
2022-07-19,600113,71.68590931218559,73.81324634045124,72.2599097826252,72.35061969125327,7047578,519254708.2245387
2022-07-20,600113,74.13200559766757,75.55536847120159,72.39590498968616,73.76804775780754,9114881,796726627.9602633
2022-07-21,600113,76.43312196860916,76.52790718340825,75.04459316662864,75.74715084868227,8949888,768438654.205109
2022-07-22,600113,72.06289310563751,74.59148457041519,72.57268330678816,72.69386145106063,8521647,651406109.2032439
2022-07-25,600113,71.13270938537642,72.94233636531592,69.5262155510151,71.15131557516003,2643673,192776928.3920894
2022-07-26,600113,70.53527530211211,71.22984884756843,68.26782415549553,70.03761690516558,7046907,734549300.9650477
2022-07-27,600113,69.07044598673663,71.12945853817837,67.7597598062503,69.66444646795804,2581834,228048323.60615045
2022-07-28,600113,70.95709437474476,71.6700712271652,68.69613143490801,70.59959169798644,3179223,249406989.11032894
2022-07-29,600113,73.83651639148864,73.70736893560417,73.20142962829043,73.45375422467671,7028611,716439324.9949689
2022-08-01,600113,72.64369261858546,73.4851957773642,72.24252898101963,73.25726291508309,9734737,730597261.734135
2022-08-02,600113,72.38105998828289,73.10126529149287,71.52554296576173,72.09172223910022,7205902,568700224.0870051
2022-08-03,600113,72.93864862178508,73.49669451447379,72.70161264149368,73.15880281218925,2330915,250000725.25939596
2022-08-04,600113,72.42573508494108,73.67371261414841,70.21370577740139,72.16468429291962,2289018,229462331.15978977
2022-08-05,600113,69.03992651276116,70.73339228598745,68.16315072352285,69.28284655476341,5769696,564248970.5086025
2022-08-08,600113,70.83770635500935,71.10131662322226,69.74465389508852,70.83820320678547,5870553,468356600.17775583
2022-08-09,600113,69.07155563879925,70.66084164510397,68.30438270641767,69.4237922619422,7781659,680289350.1611338
2022-08-10,600113,68.19102494444964,70.09612858358439,66.8141629538257,68.79626997903136,5779427,483716708.77955955
2022-08-11,600113,68.31781302160627,69.50030382965099,66.40510203590783,68.05333367217972,2083079,186981952.79081523
2022-08-12,600113,68.71311352747529,69.60217688410921,67.88017457369793,68.76140166335276,1537314,146743587.9520799
2022-08-15,600113,68.33090595473242,69.91764010588983,68.00844352666651,68.98350162128345,4481783,344805138.91887164
2022-08-16,600113,69.8697356209347,69.91211119137049,68.44358877045836,69.19348210807475,1322826,94841490.69278537
2022-08-17,600113,68.33199536894142,67.82240174928236,66.6909760558121,67.80084141271857,4166524,374794062.29864764
2022-08-18,600113,66.48010815875122,67.4027524838239,66.36445929482676,66.52280680765196,9813522,750915124.3666027
2022-08-19,600113,68.0328553051878,68.62862126274487,66.56059855637473,67.73671159956467,1126968,84329152.82496111
2022-08-22,600113,66.303326303607,68.46115441914364,66.36225222612583,66.87439080363782,7878139,757283081.4357165
2022-08-23,600113,66.1425183454689,68.38451020316066,66.01532088106141,66.65155362524743,9144686,864404131.082202
2022-08-24,600113,66.25125034913125,66.79843668464211,64.43504807846323,65.87799476323761,2255817,148836877.86773783
2022-08-25,600113,65.7086668316553,66.33860027296728,65.50358980647606,65.89971166496173,4184987,374790782.14471525
2022-08-26,600113,66.04744705802335,68.28410503239628,65.05616215466915,66.50830909007908,1959612,170191175.80993932
2022-08-29,600113,65.84842791830894,67.23461994459667,65.6501993425471,65.71968124315023,2396201,176150069.64260265
2022-08-30,600113,67.23567756880526,67.57074199897801,65.5463072245238,66.59827083357747,1885112,133012019.66206874
2022-08-31,600113,65.33335524335558,66.33618120056539,64.24865175266599,64.93146493980882,2928788,229749274.52015308
2022-09-01,600113,65.67114617392984,65.60247919805103,65.13723824292998,65.30757415048438,4008524,334160002.16970676
2022-09-02,600113,66.82518612891496,66.74925563499453,65.39611414537328,66.36556372815895,8895877,735405593.2075708
2022-09-05,600113,64.12994174080258,65.12643298690456,63.91682032590835,64.26604427943491,3973227,319914725.95320404
2022-09-06,600113,63.67833011887714,64.32985571577197,63.111705956071134,64.18734194053303,4266641,385140682.0419346
2022-09-07,600113,63.97023775068975,65.62222580552947,63.956723872625474,64.0746236789318,8018641,584278201.617801
2022-09-08,600113,64.64688319267104,65.91988620517962,62.407112818364624,64.08507274550418,2416898,177889755.62375584
2022-09-09,600113,65.18206414125885,65.98515803420898,63.34209615529249,65.29205853248892,1698824,116136487.35997951
2022-09-12,600113,66.09505096093464,68.29786122305997,65.32005554553231,66.51168374290563,6277642,599384689.6509328
2022-09-13,600113,68.5808834964284,69.32286545364614,67.07964555626062,67.9702742420711,2994824,214463021.60743058
2022-09-14,600113,69.79717339213516,70.92133892061966,67.54144616057108,69.56999070237721,7462855,614189569.2854737
2022-09-15,600113,68.76709465658647,70.77566093331066,68.09422626015532,69.01073666183738,1807942,157245635.18482503
2022-09-16,600113,68.47866413539678,70.02778955245594,67.32740290234203,68.75446998478351,8462974,817260525.250092
2022-09-19,600113,68.11164477288726,68.47886954544111,67.63287684333788,67.97715386599792,1009484,85619355.90814246
2022-09-20,600113,67.29421205618434,68.13638698644284,66.68390030251517,67.78106891258913,3471816,288010639.62325794
2022-09-21,600113,67.39342032675367,68.8612670515983,65.70781023142273,67.70448028372408,1220100,102072679.22744113
2022-09-22,600113,67.33175396862065,68.80331315611177,67.4236322128768,67.85333933042781,4628145,452211627.3349263
2022-09-23,600113,71.55645291124705,73.04535659916816,69.9624553117716,71.33403719568236,8823190,900532325.4242573
2022-09-26,600113,70.91023693140284,72.67906989178753,70.12404215454826,71.11324675909125,1247460,106195180.7003969
2022-09-27,600113,71.45238886009055,72.52474773861087,70.25470311541096,71.00204981948326,9926082,882764163.8689529
2022-09-28,600113,71.79785756459732,72.27499980318099,71.43624222518778,71.61527074900653,7986080,784613934.0820308
2022-09-29,600113,71.72469294284099,72.06379409639317,69.9186925946235,71.95652909682963,1591452,168491070.0761649
2022-09-30,600113,73.88430507361494,74.15511850841051,72.6689862514166,73.54940514496323,1779367,170468984.5404022
2022-10-03,600113,74.5431267664228,76.15454543082294,73.56525649484763,74.40766300972533,5044536,425452090.048049
2022-10-04,600113,76.69949504195903,77.1828142938323,75.95363071736537,76.25563121977036,2691996,280166108.8767358
2022-10-05,600113,75.38674130434778,77.43808482434648,73.89844608924818,76.05948106431475,2903016,279825584.7634357
2022-10-06,600113,75.17253684496549,77.2675755991459,74.3801013369267,75.02231733003764,8226493,766465204.6824005
2022-10-07,600113,76.7789845186985,77.25954875313712,75.25231699244378,76.5201872995367,8315271,758991055.2488949
2022-10-10,600113,77.47143265526245,77.72570191815294,76.18163073221888,76.77098902424633,1478973,144333396.46738994
2022-10-11,600113,74.91793736986438,74.72502369045758,72.8561740959559,74.51907220859492,5328735,470876581.37489456
2022-10-12,600113,74.08108732798445,74.89850799929961,73.75014961100482,73.79116171137908,4175966,363570115.85755724
2022-10-13,600113,75.50584010753106,77.94172111764017,73.556156499377,75.82597214822125,5430101,452687457.6445625
2022-10-14,600113,76.70438081989629,76.81690595992058,75.02073326645896,76.60865777890909,7370997,723534400.0325549
2022-10-17,600113,73.22028613002944,74.89488598968157,71.85209761980471,73.90566851926116,2057956,187258170.6677495
2022-10-18,600113,75.36957778213653,75.15903882618662,73.6875905357058,74.96604326814133,9466591,1019203860.2781893
2022-10-19,600113,73.70984304053196,75.49583079793823,72.8354028708242,73.38528063757072,4603988,398615859.6878802
2022-10-20,600113,73.14773459044034,75.46220176365125,72.2558268985501,73.37643748490547,7973404,634980709.1999959
2022-10-21,600113,71.16316110052712,71.82864644170922,71.450682526506,71.54382448031683,1018514,97107322.86418481
2022-10-24,600113,71.09305074549417,73.16705657937968,70.78603664290809,71.54206283598137,7596770,777571029.6399609
2022-10-25,600113,73.36197944671389,73.85839122826799,72.18956019096888,72.69662346969645,6048445,592424050.8172315
2022-10-26,600113,72.42776895283448,72.21910169166789,71.16756986483892,71.83261028268275,5013114,495177772.86373204
2022-10-27,600113,74.4315129315396,75.73268897895095,72.63626400359243,73.71565949279605,9770177,1061445524.7517765
2022-10-28,600113,74.30152383184132,76.15702597844982,74.77803348529667,74.87094377094535,1364047,148479612.27893323
2022-10-31,600113,74.33369798181204,76.1895668503626,72.37844723631572,74.05858530390988,6046249,530842538.43499196
2022-11-01,600113,74.39410442778282,74.8737435700947,73.22231714904697,74.00250062705528,7363407,766239382.6372015
2022-11-02,600113,73.19206672475883,75.47079187899652,72.11768799228072,73.66126825086656,8783871,647108054.848171
2022-11-03,600113,73.9312829517629,74.28516839141193,72.85137518416465,73.24896411683264,7277388,778393937.9365846
2022-11-04,600113,72.65712896212746,74.69606273947863,71.51888664290243,72.85679887596132,9914901,778271539.0429077
2022-11-07,600113,75.36707261402482,75.44376196159548,73.1601534191871,75.2833023840366,7073681,558073744.4539261
2022-11-08,600113,71.72959194724295,72.20574950105238,70.77453629499755,71.75747368679679,7289276,541656018.8288828
2022-11-09,600113,71.52948926419354,72.40149639939611,71.66637046955601,72.24572972113612,2517210,267041398.7996721
2022-11-10,600113,72.30200789509193,73.98236274338214,72.13466494342053,72.47510783631296,9482321,850287057.1493751
2022-11-11,600113,72.89854329364368,73.23855622856232,71.93263807104684,72.57983154003527,2673127,206100090.89079234
2022-11-14,600113,72.20523496610787,73.75959189803432,71.14715347721076,71.96451599984994,8892530,783907794.5253025
2022-11-15,600113,72.06910266294999,74.18353106854103,71.15674427709087,72.58594767953467,1819260,159148396.28651017
2022-11-16,600113,70.30599851225227,72.09770139015663,69.20912964096895,70.88738055075379,1015114,101862257.23204386
2022-11-17,600113,69.90070057988248,71.09785710264063,68.33960250062474,70.27005034808023,3383944,296275041.4674654
2022-11-18,600113,70.23313588588458,71.90080718683636,68.67717615661938,70.11832987829581,4176604,335945857.44771415
2022-11-21,600113,69.90896636312195,69.67400070120514,67.84742075205494,69.30912992019807,1882468,148200901.6366868
2022-11-22,600113,69.11241722318229,69.15802164762242,67.7352836851124,68.71660053862806,4943725,504548907.2469433
2022-11-23,600113,68.54564482471011,69.69165104674708,66.89722065044279,68.79513042846808,9777190,981844629.4874039
2022-11-24,600113,68.8902424400421,70.25912377162828,67.76964819746004,68.51779840291393,4993512,348726579.63463676
2022-11-25,600113,67.2745242596247,69.08570360564046,66.27967097393359,67.66308495622079,8365371,580470716.8441423
2022-11-28,600113,66.22872134109745,67.61266348162862,65.74872572153183,66.1946300844742,1384305,134990356.55818906
2022-11-29,600113,64.18992350093085,64.58938084583589,62.592224909425596,64.34913746418708,2381878,224549012.3231602
2022-11-30,600113,63.05257951176001,65.2112017698144,62.31388284061202,63.354172794215366,5746545,488546177.53920317
2022-12-01,600113,64.08678147652812,63.69040024802281,62.03367177500031,63.561411225841894,8004824,553872086.6204686
2022-12-02,600113,63.93286250775436,64.38751610297851,63.08008384982279,63.816785694144926,2305858,172172076.66724676
2022-12-05,600113,63.301532925956636,64.52297136798072,63.12742154217551,63.924789443421545,2938986,262955612.83222795
2022-12-06,600113,65.92139030092817,67.45384501311058,65.28809507353891,65.93001070567217,9002705,841306505.6222767
2022-12-07,600113,65.73836992921099,67.41312667625627,64.694334474479,66.01500956894625,7434514,619766205.0819701
2022-12-08,600113,68.54533428511391,69.33031804924522,67.15082172867145,67.97358410796515,6157691,500829309.8046031
2022-12-09,600113,68.274028616568,70.03656037150024,66.74989570886268,68.72591224144134,7691193,636641932.6444116
2022-12-12,600113,68.9479837364147,70.4098022473215,69.54540036497775,69.59577510883815,8104028,713046190.8541106
2022-12-13,600113,70.18020617529503,72.4966040907473,69.05389887398078,70.65221762894055,9073582,802608512.3198162
2022-12-14,600113,70.39892537925934,71.31803475677312,70.3419330012147,70.53456694829191,4874545,498813618.9145995
2022-12-15,600113,68.0622608573769,69.68173462069772,67.78838456219795,68.48491806403692,8251607,812109185.8199875
2022-12-16,600113,66.259677181563,67.11379681021167,65.25514083211034,66.8709980874435,9345189,681344837.9584846
2022-12-19,600113,66.98666725739753,66.81936942836654,66.20845768631062,66.34019306512474,6235407,558045282.328691
2022-12-20,600113,67.1450141219188,69.44940597303764,65.64197156214858,67.64426313476507,4903091,424293149.39562094
2022-12-21,600113,67.77732399483375,67.79318014893492,66.35636634765098,67.48940683026046,4338943,398793699.52043
2022-12-22,600113,69.6742624188929,72.28394024625504,69.71148198865006,70.2178980252309,1493082,135164156.35635254
2022-12-23,600113,68.87576859170171,69.99768703909444,68.53393723061635,69.27372177351856,8190890,574007306.7041155
2022-12-26,600113,68.8770581203281,69.31319252257862,68.21298799736483,68.51070759595027,9769487,884863064.7534822
2022-12-27,600113,67.70838734017799,67.4856938875983,67.03569800951959,67.43278290890746,6251793,552102681.3372308
2022-12-28,600113,68.84108464459203,68.69072868240303,67.39959182374758,68.61524010586248,3630561,301160566.83963954
2022-12-29,600113,66.53973561940853,67.36782227964933,65.0596535525188,66.88279362170661,6932271,691163671.2607816
2022-12-30,600113,67.97211132090916,69.39038253520052,67.45102274059546,67.56739217549114,1542769,132505695.90591018
2023-01-02,600113,65.23965266952688,66.65853577301776,65.49851309085133,65.68437968976409,9037852,879173504.4914353
2023-01-03,600113,65.51241725189392,67.08069257031876,65.27542013548855,65.3785902602418,8331409,812891074.0541493
2023-01-04,600113,65.93563925003625,66.23829037279583,63.77263917617736,65.59829693367021,4000491,291244670.0476028
2023-01-05,600113,65.37718843687354,66.36077065464872,65.64857599849282,65.83002434674174,9021813,648459285.2458266
2023-01-06,600113,66.36531757904653,67.68231619500874,64.74064104184127,66.01145866420106,6722622,520846819.4590859
2023-01-09,600113,67.12254033599842,68.57561394491375,65.44044384374389,67.38119216871351,9216764,842814868.3646804
2023-01-10,600113,67.68982208436,67.3555083831859,66.51137336091087,67.06032425311884,1523777,108624627.26220258
2023-01-11,600113,67.92244995945367,69.23786022290018,65.82514807881022,67.62258181221856,4342649,353570061.19918466
2023-01-12,600113,67.59046985780037,68.28046867275107,66.84914765124871,67.43138856671504,4949124,337035420.45030636
2023-01-13,600113,68.30641720397841,69.39787232150326,66.71461765704821,68.37045029174905,7363182,590539285.8702503
2023-01-16,600113,68.38442049745835,69.75954259981033,67.94662721504363,68.98993617770819,5504982,403156598.1787107
2023-01-17,600113,68.5443496162488,69.56019666150041,68.54325309820848,68.68642283388962,1477669,108642970.65240958
2023-01-18,600113,69.84354360569931,71.20222039837309,69.02040679601379,69.18780753186087,1839593,161041694.6202799
2023-01-19,600113,69.0808812760072,71.46433006374328,68.32615310487458,69.69465167264701,3533651,337561492.69698274
2023-01-20,600113,71.66820554882435,71.15168002815072,69.13921124447286,71.12515752225934,3293516,260075576.1617632
2023-01-23,600113,71.49913940780537,72.70074235996857,69.58975404342429,70.82186527541174,2384890,220859362.85018614
2023-01-24,600113,70.49972741926176,71.98053507258987,70.45544211491966,70.64522525858033,6776774,544198136.82912
2023-01-25,600113,67.74409859919339,68.53912690782516,66.9164122554005,67.68078693114606,9805058,742275024.3588017
2023-01-26,600113,67.23597677439183,67.12910780636135,66.48263312931614,66.92814144561768,7525295,530304136.86485
2023-01-27,600113,65.35404532169576,65.52434710431045,63.35080314786109,65.1517204490087,5839545,552910601.9571357
2023-01-30,600113,65.51220282345652,66.42619396063324,65.07525884415584,66.11779814306885,2690941,213365854.38257724
2023-01-31,600113,65.39259506999893,67.44483264279708,65.00421680466307,65.96015495278134,8230172,651932721.193207
2023-02-01,600113,64.1755056327076,64.96805482510787,63.409018444545715,64.21869718530697,6188141,467779780.20950353
2023-02-02,600113,63.003755781137656,64.67210580822383,62.74723097034929,63.19656007854827,6842379,585990456.5588815
2023-02-03,600113,62.05137620318191,63.48037506563935,61.72012158384569,62.427411572160004,7041446,638364119.9101784
2023-02-06,600113,62.09202111609164,61.71349650376729,61.35837436079332,61.63428780521823,5752788,458517860.6543284
2023-02-07,600113,61.57327544782735,62.075079292281714,61.20231213500814,61.73095292724602,5847534,429207974.72377175
2023-02-08,600113,59.82292806882182,60.29107797922792,60.21475758090535,60.21665907472429,6876350,535561127.75864077
2023-02-09,600113,60.60234319972032,61.32848352764379,58.96482705111285,60.4986417847041,9938555,844163846.8861492
2023-02-10,600113,60.65253778037879,62.81646032229242,60.87357083205986,61.18203097727922,2352024,181950820.47070554
2023-02-13,600113,59.559120418951785,60.578051354719534,58.617127682206366,59.40073797942431,8695005,704172433.7852871
2023-02-14,600113,58.5119378674388,60.106785609742644,57.09640546596427,58.5153759780634,7593452,479711455.06210923
2023-02-15,600113,58.28059536916814,59.37915163295641,58.21039373241407,58.528242092325186,2259335,149843145.98356363
2023-02-16,600113,57.02396404898274,58.136202893607916,56.186796356979244,56.883551962877114,7126434,537229823.800267
2023-02-17,600113,57.65087076320332,58.584634840487446,57.799123332811895,58.10146867850514,3034080,250191542.05184132
2023-02-20,600113,58.9283872239172,60.675298801076124,57.673134539610174,59.234908635258606,5793386,511660482.42276293
2023-02-21,600113,58.82570097694055,58.92000868176639,57.811888832061136,58.43188211807606,4083255,251751472.73025075
2023-02-22,600113,58.143878895264706,58.63807997441741,56.77422613848786,58.22320873760344,5520255,406942731.2532099
2023-02-23,600113,58.16335943216156,58.99341380042707,56.451580458879704,57.63578688981312,3929179,274150604.94386953
2023-02-24,600113,55.94991385806471,56.42945372678764,54.594380369836514,56.09745750475665,2816987,210411339.780097
2023-02-27,600113,58.75819436667058,59.991621741354265,57.32606036399698,58.59260034501773,1025984,78408540.06490797
2023-02-28,600113,58.838382767084866,59.58013288542826,57.34899642797524,58.83099933077225,6338471,422783444.44496506
2023-03-01,600113,58.319362912421376,59.14501571561015,57.48863589068604,58.630038419954204,1071678,93878562.93119352
2023-03-02,600113,59.90553053594992,61.38459778378397,58.417997025197316,59.9287610871679,4112731,253291692.565966
2023-03-03,600113,59.046373787551246,59.38998713932463,57.741853208131985,59.289167431519715,5841960,370014647.86257046
2023-03-06,600113,58.08847849327484,58.34045896194526,56.10976636637723,57.799845121816865,2657984,166424152.8155918
2023-03-07,600113,57.581345046830876,58.03693764934174,55.86971929137125,57.139179433415165,2923538,190141375.69143623
2023-03-08,600113,57.9304379244097,58.692083775010296,55.77165814854866,57.44846413988524,2440262,181961885.74514404
2023-03-09,600113,58.78462701027661,58.625407014082874,57.79350088221551,58.61800986491214,5043795,382212517.41697335
2023-03-10,600113,59.47353500906079,59.25511136568209,57.47363342528533,59.04991315016124,8886516,532931496.23313475
2023-03-13,600113,59.02803199742464,60.427229760634134,58.40885502713859,59.2483710139575,8103155,491116895.074058
2023-03-14,600113,59.609136931436844,59.46917891291271,58.846473286155806,59.13521525515339,5807933,430914505.3716937
2023-03-15,600113,60.40072674024463,61.862026042189456,60.21102028172368,60.34589716668076,2448242,163440913.5435767
2023-03-16,600113,60.389634938328896,60.80978409886532,59.762334253532416,59.803644546352736,4461258,336833203.8557525
2023-03-17,600113,60.19326988432759,60.22878731011008,58.40396013967355,60.03808332015416,6995750,593513657.771566
2023-03-20,600113,60.91166732942923,60.39643472646747,59.592177136027786,60.37154187263235,1264493,97489967.66909672
2023-03-21,600113,60.63037196799551,60.55787212625242,60.2674836393177,60.32618160282532,7651020,554862801.7279527
2023-03-22,600113,61.44273511582393,61.33024177777633,60.20954568927371,60.95467272259505,3915651,317410651.4462486
2023-03-23,600113,59.708325972715095,60.592880233328,59.31955442177315,59.61884980051634,6009157,506825552.2804541
2023-03-24,600113,59.22068047082197,61.14272397474677,58.25968883612254,59.762694772158746,7400030,502821405.7711891
2023-03-27,600113,61.7043985366955,61.80507268707524,61.491053769383434,61.76849295437981,8959284,790436336.4443523
2023-03-28,600113,63.1875418334971,64.40166238873607,63.213842849405374,63.54856283700677,5892879,405338070.2721375
2023-03-29,600113,63.97553601980596,63.37115125161213,62.6177633176839,63.35507647522575,5021554,466580359.64001286
2023-03-30,600113,63.99602723441431,64.37131046870186,63.38229439734183,63.9201322378439,3671801,332359919.42969525
2023-03-31,600113,66.43538718558594,67.92090170473574,64.70461364396402,66.01734817451957,6805853,534839745.92784387
2023-04-03,600113,66.77879563972859,67.54466314341202,65.44667717950648,66.67715323615889,4555197,389698982.98286533
2023-04-04,600113,68.61392967612117,68.44197245352079,67.84006509424813,68.43458190380649,2520444,233264376.83927426
2023-04-05,600113,70.31093259592949,71.48945089490877,70.28040779021926,70.82165461722897,6527427,512792212.4137949
2023-04-06,600113,71.03049246787354,72.29903530807567,69.43755183068716,70.61387869628695,2170959,228914502.5422049
2023-04-07,600113,71.12776633570795,73.40899310116265,69.63110447387905,71.43451513961332,2222783,236716082.85791844
2023-04-10,600113,74.29812644775113,75.89796315010129,74.12132541972268,74.583197656433,4109336,412549370.8311421
2023-04-11,600113,73.12754841676585,73.69930769869714,73.17899753251609,73.69378417638941,4350391,459782702.93875307
2023-04-12,600113,75.73549735811307,76.18847600380964,75.1360610152716,75.29685974443888,5364238,594992357.6077862
2023-04-13,600113,75.18082366793075,75.36407410960908,72.82337084507297,74.50810849071178,7307767,655901340.4740424
2023-04-14,600113,74.26097751455828,74.81608743341069,73.4677225461426,73.86234148245781,1706565,154249827.74799693
2023-04-17,600113,72.89872942898967,73.87538674483386,72.96765092419456,73.35461042339264,5185314,495513620.3833326
2023-04-18,600113,74.42985833851182,74.81893994409566,74.43404908809332,74.53635957612337,3484647,366127278.90967244
2023-04-19,600113,76.68237476189742,77.65609541294522,75.5521508019531,76.66869327123035,3722934,373045719.8035429
2023-04-20,600113,77.17681440851872,77.9703695506104,75.41602174772855,77.11227253003177,6514085,601852251.918697
2023-04-21,600113,78.87019930644222,79.70146816862017,76.02363743935827,78.23258482184787,6537569,608765374.9194821
2023-04-24,600113,78.98252384671692,81.02010281840025,78.22774291172237,79.21525247621689,2882175,242527509.93158656
2023-04-25,600113,77.56502946138176,79.79336098684705,77.32418470465686,77.92079739102901,6485568,552769386.3462754
2023-04-26,600113,77.80260547154498,79.44200058396825,76.63067819798601,78.32105687468977,8304646,860341675.2076128
2023-04-27,600113,79.29338900764449,80.94079289618574,77.08608752811458,78.82577433411997,5452900,574723058.1943607
2023-04-28,600113,78.90734734409025,80.98579643673658,79.03697915111717,79.58128939176116,9366399,1050701651.3255689
2023-05-01,600113,80.58605748769318,82.78498622482144,79.90212754711443,80.73421524322929,4239200,508815468.91159374
2023-05-02,600113,81.22245431065006,80.79323822466901,80.30160172414871,80.68204027046121,4658345,417077831.6423482
2023-05-03,600113,80.32042742401839,80.60310135939456,79.26813010738485,80.20858830585489,9904144,1078489338.099249
2023-05-04,600113,78.48366202245873,79.59259047307825,78.66757581870314,78.9336933884833,8797731,1031059008.399224
2023-05-05,600113,80.97245858512734,81.78128523589136,79.21379758141757,80.50945190083645,3237489,336964899.04991347
2023-05-08,600113,81.7647200435756,83.49545396009108,80.9327808736118,81.59295317796747,3658441,343498234.99126446
2023-05-09,600113,82.67081331359371,83.26837312614065,81.85041258699815,82.32347321992424,2347858,227324108.7285551
2023-05-10,600113,83.65977872956299,86.12927925058635,82.95162013345019,84.10815464162368,4237309,393506402.1989614
2023-05-11,600113,83.81214398914805,85.02800770497979,82.9867143356061,83.82337367974273,9539982,973974519.4492643
2023-05-12,600113,85.64442919921156,85.82831010659115,84.25675589442075,84.87652340301017,8844763,934066581.3451462
2023-05-15,600113,87.14950665119883,87.60104744753065,84.99739141477903,86.45763415500578,4072137,414703011.72625977
2023-05-16,600113,88.57383118451857,89.84023901038246,88.17918893434036,88.42543140928565,4300270,488370680.9605017
2023-05-17,600113,85.32547067200971,86.19451500384253,84.66742994739175,85.44615175275057,1417230,146759155.77687758
2023-05-18,600113,86.32862997788658,86.58558929184044,85.17675678698939,85.86081829749465,2411347,213521271.5650283
2023-05-19,600113,87.07958904609421,86.83992550431407,85.55493532531658,86.72233917488313,3089375,377062773.9770315
2023-05-22,600113,86.34032672494772,88.44889188290645,85.54922541290657,86.28912963688052,1834041,203846775.7339693
2023-05-23,600113,86.51730719142643,88.47710757107617,86.51454163516266,86.54506703395832,5847532,586700506.2813985
2023-05-24,600113,84.80435543221901,84.80210634634433,82.13161739704792,84.37941265119397,8571806,746714486.6059308
2023-05-25,600113,82.69778467503625,85.14665523512821,82.52332847597245,83.4457448867772,8604425,994341383.773987
2023-05-26,600113,80.43828139438881,81.07417429820151,80.28740013016889,80.59200668180175,2131495,225095388.43837854
2023-05-29,600113,80.95726102606537,84.02532406743771,79.1758725848274,81.59512829311893,2992408,324484754.22281384
2023-05-30,600113,81.60874099662567,84.17052407033144,80.66391868932266,82.01772551638463,7137339,710008472.0670187
2023-05-31,600113,81.89232505526128,84.27183287364014,80.08456630608545,82.53972449033269,3631943,363510254.27589697
2023-06-01,600113,80.47850723685288,80.78688198288116,77.97291494704236,80.1704235289261,4054590,393196105.8290675
2023-06-02,600113,80.93966430392389,81.78333301456345,80.35945881814642,80.6308960689642,5878696,647427559.8639246
2023-06-05,600113,82.97708616253077,83.62531420660378,80.00053620388219,82.35846397795929,6432501,594701482.7176166
2023-06-06,600113,83.26110501304794,83.62797642685274,82.7409998430037,82.99034240255554,2928929,311471130.0357645
2023-06-07,600113,80.28855652886196,81.34052639047682,80.65176146739738,80.77595889530133,5384017,651837150.4386194
2023-06-08,600113,78.59945107412338,79.52895828099051,76.8845232374259,78.14446759913614,9164710,1008889698.0178373
2023-06-09,600113,77.69923562830026,77.63943553554331,77.17831204857721,77.2718311247528,6383651,529927964.95277494
2023-06-12,600113,76.95040972791877,78.2337089398709,76.16136225837106,77.11094332670443,5596193,434575607.527782
2023-06-13,600113,79.18439536573717,80.61592463695824,77.46028084352719,78.5021415037632,3095935,257462420.93937695
2023-06-14,600113,80.26733531886184,81.51151703203192,79.28091736903892,80.49250867388642,7493829,640003220.6544123
2023-06-15,600113,81.70838682719301,83.79723112267433,81.29512115760852,82.19828445720086,4064118,488596685.6314334
2023-06-16,600113,78.80789248415672,80.19216670635144,77.04954806540688,78.5008154767614,9908187,977400461.9280738
2023-06-19,600113,80.68953192567474,82.4333856524853,79.87597094503735,80.95239973390244,8524597,1003910814.084884
2023-06-20,600113,78.20118681074071,79.17766974367365,77.28877304674683,78.81758411072379,3948495,379286351.45337266
2023-06-21,600113,78.7317394168673,79.73564068406948,77.25326789821604,78.72338365736239,4399915,435497358.6756846
2023-06-22,600113,78.05119672922463,79.4262568432612,77.06761600563627,78.24430450043597,7590418,825620922.5853138
2023-06-23,600113,78.8663464785366,80.01131772783481,78.21600032611784,78.92744408913012,7967718,737747325.5089562
2023-06-26,600113,78.66662266662574,80.36864903990018,76.58008167410358,78.94747545570004,1282763,127501643.48250985
2023-06-27,600113,80.12149219925435,81.48908372211142,79.80883919990119,80.15402561363086,5708669,680219249.1155035
2023-06-28,600113,81.25690518884866,81.74843994081093,78.20273056285842,80.53509247780451,2261239,261585691.25408384
2023-06-29,600113,79.20405649973024,79.85128782640936,78.26471935517183,79.38756594372424,5294785,480646223.9698163
2023-06-30,600113,78.34675149267252,79.67511672342957,76.20391644977782,78.4624657582858,8494276,678537597.4505416
2023-07-03,600113,80.63124675050688,81.8418026671696,79.02528498832096,80.0604588056951,5149154,530369572.19357383
2023-07-04,600113,81.59951911001701,81.27901678604393,80.0499928698837,81.2475191415936,2271039,209097527.3698611
2023-07-05,600113,78.93140860295395,81.47467917300423,78.01736793242566,79.35323078206977,7633254,792028991.016995
2023-07-06,600113,79.86991266834853,81.40123747318678,78.10669022432326,79.36629573425792,2636972,288198330.32530963
2023-07-07,600113,76.47733067628774,77.79250139044304,75.75212885452945,76.81335876570068,1414698,128364669.56381644
2023-07-10,600113,75.5726528722647,76.16059602776245,74.1474221321224,76.00052832214898,4165307,469861729.4084218
2023-07-11,600113,75.55114472876193,77.17404406890807,75.11970656446476,76.08434583857975,4291812,346679760.5523762
2023-07-12,600113,77.11445211704077,78.30352308022624,75.16385786059745,77.01799434386267,3874682,397269114.4996573
2023-07-13,600113,78.12356663827453,78.13567339569906,76.20920677639924,77.68399616030715,6369838,606119233.5006223
2023-07-14,600113,77.06091507030722,78.59216697082594,75.44588210292106,77.77542079992001,2757261,227345331.63985318
2023-07-17,600113,76.95656001459099,79.3775170879223,76.63447284471857,77.17545809255641,2559664,258324775.99369523
2023-07-18,600113,77.64163612932457,78.78878129403554,75.97448419774732,77.87388828246779,2674927,270174055.0809505
2023-07-19,600113,77.43253203389314,79.8920298330572,77.17423571715634,77.85229829379396,1577626,135616786.1438476
2023-07-20,600113,77.74431701862908,77.58092043574617,75.55539935777982,77.56312302102302,5785177,647808989.9204268
2023-07-21,600113,76.20117749449281,78.4099979166153,75.50223372345393,76.5286241765024,8694606,852114092.8976129
2023-07-24,600113,76.93300391237622,79.46814784639831,75.82776788050295,77.17726589360947,3793592,338583478.0646533
2023-07-25,600113,77.65013022753261,78.86676292675568,77.974729985299,78.17244575899183,1736206,148463688.20659104
2023-07-26,600113,78.47705686152757,79.12312012345014,77.4311760554835,79.11644182318263,9581907,1081338898.451175
2023-07-27,600113,81.02424155348538,81.03898438571646,78.60660033656198,81.01424313635734,7554446,686037474.5939258
2023-07-28,600113,80.74402114234698,82.31523372679172,79.88265150641485,80.14909866926214,2973255,348561769.1386863
2023-07-31,600113,81.19694073797305,83.29923108985155,80.32039835682669,80.8772937383428,6418791,705332698.9124196
2023-08-01,600113,80.23299556546945,82.51414471572522,78.67800403427263,80.23548447793534,6921072,610860984.2726204
2023-08-02,600113,80.03390329099639,82.37900735331426,79.03455935886743,80.68422546663544,6288516,658353747.090934
2023-08-03,600113,80.70235521031536,81.16334476311114,80.30442249187044,80.44131481603372,5178135,463397760.96587104
2023-08-04,600113,82.25987690675413,81.59305319088979,79.21117872368156,81.50259252809902,8631759,911367420.6850295
2023-08-07,600113,83.13894075971308,84.10676728766052,80.13880602851499,82.541821897067,6283194,725669246.0856645
2023-08-08,600113,81.75465325355411,83.63200837855902,79.82831422925871,81.53082522958312,9800606,813524495.0316657
2023-08-09,600113,82.82500423756612,83.76584404360403,80.79146825240812,82.14275985751004,8169507,964699561.3936573
2023-08-10,600113,85.08416836675119,86.48515462353353,82.08474823478937,84.3430894908276,6264203,529797115.43718857
2023-08-11,600113,85.44398820075725,84.81519757626543,84.58568800211675,84.73319594708214,9812100,1216910575.5697582
2023-08-14,600113,84.69913373939885,85.87314933559423,82.24025878563256,84.23568378100205,3907229,481794454.9050683
2023-08-15,600113,84.86458476010716,86.56994380175308,82.28878476446013,84.4089818734986,6111276,655211610.3139169
2023-08-16,600113,84.86998164338365,87.89301764227407,83.37722757321663,85.34221242441626,3988379,388706869.35023004
2023-08-17,600113,84.40664950277443,85.6805210517281,82.36996895790162,83.9950229293209,4568005,437213347.1940969
2023-08-18,600113,82.64908543281432,83.81541181741864,83.24635739295893,83.45841800669005,7528301,633295164.8312566
2023-08-21,600113,82.5307342317791,84.35870341690472,80.02080175344771,81.91146994799138,5336379,511535503.4171462
2023-08-22,600113,81.56565696522425,81.81073474229902,79.18718740629053,81.43652773872631,3521525,324737063.92879957
2023-08-23,600113,81.22265471499483,82.6818469142684,78.25583662749638,80.45342599989381,3916171,450452330.22520906
2023-08-24,600113,79.34936898675744,80.89407010311906,78.40456266641755,78.71304032337055,5389956,632789813.4851694
2023-08-25,600113,79.79060503890321,82.36603667583213,77.74809861620483,80.13293961118,6854698,639548109.8957855
2023-08-28,600113,82.3024609764304,83.9511033830146,80.77499969350394,82.69895547984001,9749351,860799893.3177302
2023-08-29,600113,82.31197046487004,85.32146636320061,80.74198678828559,82.8895700997928,9129223,1048036284.3918053
2023-08-30,600113,83.52627547900487,84.36224754381419,82.34773767217094,83.20186074586292,5877101,592699400.9193138
2023-08-31,600113,84.35044026122675,85.95062693329027,82.75475222898473,84.18737930436797,3764698,458395451.2395824
2023-09-01,600113,83.34797176645331,85.38398503449835,82.54651706787827,83.5128436430311,8682240,843122613.2131916
2023-09-04,600113,86.01410587592805,87.56771262386793,86.29653256702935,86.79669028028464,5874540,580738005.7379868
2023-09-05,600113,86.82373878546731,88.21973678575652,86.88533266276121,87.67850912827741,9813119,1180742771.8491232
2023-09-06,600113,86.42133443759062,86.36729207153148,85.25770159988629,85.72552953932832,2926945,351684583.2631358
2023-09-07,600113,83.59563457414271,85.46027758426007,82.35858501329058,83.13683669269082,8628232,808535788.2453822
2023-09-08,600113,81.51772404478112,82.53213135014217,79.13490275482839,81.04587907400102,7284185,683820533.1274824
2023-09-11,600113,82.34629117858242,83.69164918347803,80.66630921322228,81.99698797884751,7175400,665144341.8295565
2023-09-12,600113,84.67252660639204,85.39394225373645,84.00907378979963,84.22583157973433,8387804,976935795.1178397
2023-09-13,600113,83.54549723941419,85.5594724742849,83.60763102509797,83.84887138639722,4619536,460364161.15257776
2023-09-14,600113,83.76852938905822,86.2087089808738,82.4832975762115,83.92800776489445,5187621,547691217.2095165
2023-09-15,600113,80.84438640134366,83.60060245945967,79.4911172405084,81.60914696299177,4355306,450885361.2847776
2023-09-18,600113,84.1586680375208,84.14725817219593,82.03509035807501,83.62895940695195,9772014,1133448868.3818278
2023-09-19,600113,80.89110930071283,80.9352666428682,79.63294249326243,80.58211980254966,5462134,624613822.8218005
2023-09-20,600113,79.42128795076411,80.42764264488528,78.64341509542795,79.03024342358493,2443497,241189496.27197015
2023-09-21,600113,78.04329320554486,79.47644763099018,75.60066049787291,77.3814960390072,7408314,773812470.7135092
2023-09-22,600113,76.20892103145795,78.20059323809446,75.86572761989618,76.94101380625543,3875758,443553375.6918314
2023-09-25,600113,78.99069605938483,79.30596605727568,78.86531971427212,79.06454488826726,3097261,352643268.49964756
2023-09-26,600113,78.15718188805019,79.02249337714795,75.09744554441345,77.41450345121126,9191725,932874814.2807727
2023-09-27,600113,76.93053717841578,78.82032262517451,75.16350332259202,76.66947157842105,9308540,849973145.0050853
2023-09-28,600113,74.63766994209881,76.9140587253805,72.92793344870803,75.15972562952314,1305846,107720166.4915017
2023-09-29,600113,73.51763926301881,75.75834464291717,72.040837489147,74.03339159250172,4191156,343885394.7265866
2023-10-02,600113,75.3768321852317,77.2873247882996,73.23460476755696,75.48945104874478,3045923,242618796.33893505
2023-10-03,600113,73.92441503905745,75.14380870523263,73.54510171410875,74.13299497545732,7908526,728730949.0530975
2023-10-04,600113,75.11291660378328,74.60942065721794,73.0068465193858,74.56317780787161,5564626,516314255.7724548
2023-10-05,600113,76.42806375120949,76.43509691818993,75.89739740390557,76.12852385827638,3609373,336296907.19729394
2023-10-06,600113,79.04820777971199,81.11297046098508,76.67358733773736,79.03434142610604,4887237,448066233.8357959
2023-10-09,600113,80.18868616866827,81.89631220302888,79.10650706017523,80.67678587141631,7639589,629658747.0323849
2023-10-10,600113,81.65395480612696,83.55683341266436,80.83142624030177,82.3596142337749,2333814,217691315.6676892
2023-10-11,600113,80.18331327806284,81.32172791168394,80.10403142059876,80.33349475802268,3813383,376915150.90120435
2023-10-12,600113,77.86122103340566,80.42511959341346,77.01856861475673,78.23790029655417,7397420,697020450.4771321
2023-10-13,600113,77.67640127669853,77.26002803360963,76.81207043650981,76.99639181041947,9696563,950377114.4090544
2023-10-16,600113,76.58706725539855,77.39094140247276,76.14110683155485,76.76905773771468,6011047,488472737.9447223
2023-10-17,600113,75.17130759297619,77.07723412211277,75.35628158746476,75.55592480174198,3669292,415469628.7922863
2023-10-18,600113,76.89014179192544,78.76985931128499,75.25809779136657,76.57092898941691,7779941,845552065.3455284
2023-10-19,600113,76.89010856272891,77.1606166299143,75.85083846509977,76.15519231868063,1051524,81843837.6897375
2023-10-20,600113,76.15646301877811,78.36588067182404,76.20322957465243,76.67876986487117,3526198,371157473.89612687
2023-10-23,600113,74.70417942677673,76.14901812230711,73.08787058507579,74.46451734108156,9295328,808596769.587213
2023-10-24,600113,74.31526642571306,75.67167015717774,73.00591144692815,73.74133484032262,1037789,100318932.54332443
2023-10-25,600113,77.54528614416245,79.4733211695319,76.56339490653366,77.64560148841602,6604203,607743274.737735
2023-10-26,600113,78.95148834725642,81.29708880229329,77.27408672751649,79.65180474119542,7696225,659074069.6817801
2023-10-27,600113,80.59667747022316,80.34488443259804,78.26936999551702,80.00844962643772,2033590,183046647.34232882
2023-10-30,600113,80.54825534368884,80.82571634377398,78.43815713995777,80.67932855142585,3198719,288877955.83913535
2023-10-31,600113,79.96057009857645,80.92004340494509,78.40522832147317,79.74056000870765,1910710,172051462.36247003
2023-11-01,600113,79.43948800979503,80.72557758688265,79.14287757385962,79.40795228231954,1283350,145499101.57728827
2023-11-02,600113,81.54327912332836,82.42068034930169,79.96907728610893,81.2613578310314,6702470,658053598.2807676
2023-11-03,600113,82.09673784345287,83.51070798227387,80.53712775724345,81.5632213641473,9690347,826369722.5216607
2023-11-06,600113,82.69940002353027,84.76097350904304,81.5852851943502,82.65105196122175,7684665,885168712.5215565
2023-11-07,600113,83.0941291581942,83.82667461600747,82.16246708162507,83.44438516422174,3580919,340715766.46383506
2023-11-08,600113,80.35350175004972,80.34425324536119,77.71773081837766,79.99186941345215,6163133,549259380.4365262
2023-11-09,600113,81.24245139064595,82.3300083360653,79.92724298645504,81.33243688470318,4866435,466034244.6432849
2023-11-10,600113,80.86490603059785,80.53573073097387,80.05071041693931,80.2826317891308,8962620,964291462.4934357
2023-11-13,600113,82.56902324844172,83.04092898147567,82.27201604057244,82.55479886617044,4568255,522604000.4166391
2023-11-14,600113,83.78067748779297,85.6069591371197,83.25420583730137,83.60389285317913,3713096,337535243.6748108
2023-11-15,600113,84.03033182056116,85.65700017487632,82.32360928985423,83.51742554883475,4621406,408006803.40305674
2023-11-16,600113,83.75198991589025,85.16887579294644,81.3299572895242,83.56794538871517,9557049,1026972196.6365006
2023-11-17,600113,84.46940621332752,84.35128748791784,82.0606493639953,84.24285980635784,5328676,589986303.9432753
2023-11-20,600113,85.75140834237945,86.67057934922886,85.69096690084451,85.76173671799742,6970323,733330007.1291487
2023-11-21,600113,87.73882692222546,88.85997079183687,85.69162586619618,87.29081257811343,7696775,828675678.2081631
2023-11-22,600113,87.2741676037998,88.6355445611296,85.218204411463,86.76605322157086,5055619,579739813.0046782
2023-11-23,600113,87.3152953734667,87.51894643166939,85.9626048583668,86.48732216970114,5242302,499290155.8225078
2023-11-24,600113,87.33085558571153,88.27953281740338,86.45941821373182,86.67110397742333,6242663,695256894.0758212
2023-11-27,600113,86.59943427955376,87.40693654776463,83.85848270235448,86.13907601843896,7679832,948464570.3112137
2023-11-28,600113,86.88515353408323,88.20308563317978,86.41385890203695,87.53029400347165,8916610,910751392.3187188
2023-11-29,600113,87.19068629537887,87.91824166605055,86.19179157527621,86.84726758891544,3352056,314180151.13061374
2023-11-30,600113,85.69007514723292,87.50918478986542,84.4216379564848,86.45081769193867,5947794,708130901.8744671
2023-12-01,600113,89.17498384732603,89.63417302171496,85.84005188483607,88.3013940665237,9084588,809945010.2678005
2023-12-04,600113,84.45232602744456,86.20805866992987,83.20835564989834,85.02463427352957,7663179,745311698.159068
2023-12-05,600113,85.31824973897358,86.21375338530302,85.34407245461861,86.06932719477882,4387445,507739117.277261
2023-12-06,600113,86.67593388272266,87.73807542892587,84.02308929272048,85.93300747687867,3551861,356471534.14743036
2023-12-07,600113,86.64139314481976,88.93860235751873,85.82887340927365,86.73902900301822,1402835,164928855.63180608
2023-12-08,600113,88.30328742521276,89.58009105247336,88.28396648710911,88.88199191322728,3379613,306230609.6137007
2023-12-11,600113,91.68847636560027,93.01501290262036,91.29277076762413,91.3845336305709,3518011,405929037.5049779
2023-12-12,600113,90.5883418455633,92.39630250999224,90.55106662169226,91.23961355683294,7944189,919120702.714728
2023-12-13,600113,91.43204758274689,92.84425661620871,88.4836118982361,91.05315800417087,7663900,698464091.2227002
2023-12-14,600113,88.34032680121949,90.08304373628607,87.76194646521037,89.2155023825595,5762561,676243021.9858171
2023-12-15,600113,83.87017494429507,85.90706193062033,83.23125126539519,84.62500185371763,8645979,764463139.8864877
2023-12-18,600113,86.0066570712872,85.86722883162773,83.35979855671,85.2788030443713,2411169,295548574.07684326
2023-12-19,600113,83.08651082388938,84.91034815108029,82.48208692935621,83.08538765091623,5523545,535454127.3589004
2023-12-20,600113,82.40909952171668,84.52868002735315,82.14525674015734,82.74708368921635,8950052,1071680662.7953836
2023-12-21,600113,81.7959116246151,84.5291492775206,81.99424513247261,82.17221443793865,6113909,683956666.5973191
2023-12-22,600113,82.78322491329672,85.54668979915986,82.69462798468633,83.2420821428425,2826289,326468047.9191722
2023-12-25,600113,81.09263265924608,82.54855217928883,79.1850267321776,81.60481033958845,2653558,293339899.71547097
2023-12-26,600113,81.34606719849602,84.4619315744343,79.72517064206347,82.02522761810744,9070403,776710774.2867771
2023-12-27,600113,82.53169418062437,85.239324622535,82.95295200207566,82.98629927568207,5023644,531911859.54167306
2023-12-28,600113,80.75095349266178,82.97538465008563,79.0942436901407,81.32768746486983,3803689,392788672.22574455
2023-12-29,600113,82.89910431356024,84.34472791948302,80.24079039437181,82.67101471131774,7284152,888628181.01785
2024-01-01,600113,81.86565575109307,81.35392897045256,80.28418829589899,81.20811299652698,4156222,366960274.0308489
2024-01-02,600113,80.98561572364993,81.78992763858267,81.15871859686816,81.54608511887939,3838784,355998250.231296
2024-01-03,600113,82.12162375108146,83.9803778754942,80.57205257044959,82.16470160529931,9482513,1033789842.9370826
2024-01-04,600113,82.34747613967099,83.63777644712303,80.58496746456224,82.46063867959899,8605206,1055012643.109667
2024-01-05,600113,81.72860591570702,82.29444265012756,79.64270728213198,81.12172147121417,7004751,574578657.8532752
2024-01-08,600113,80.26213774772468,82.4041902195496,79.99872930795243,80.52657952410425,6842822,559696559.3758972
2024-01-09,600113,79.47515442653629,81.22821994518272,79.8007516683675,80.11414251775624,6621338,619707831.0529124
2024-01-10,600113,80.33314877840955,82.00303678916774,81.02495573555514,81.10647497240124,1062838,113839708.59614587
2024-01-11,600113,79.0627621582363,80.25457268322971,78.1951983902317,79.07635400928977,2955412,314504689.26457417
2024-01-12,600113,78.84186106482058,81.30321669105372,77.13762889067928,79.15545525785329,1236399,119929550.40932578
2024-01-15,600113,77.95062811080462,78.58477658875415,75.90616392025477,78.19443275944967,2111160,174993667.82508484
2024-01-16,600113,79.81289302504518,80.44035890657642,77.11722174260792,79.2085075859875,5891528,509693460.7415281
2024-01-17,600113,79.88538813250702,81.88274469761816,78.752291427457,79.71072035048455,9694535,964446253.6578763
2024-01-18,600113,80.01769972823992,81.0842685934237,80.01372918623696,80.28671000846607,5022663,448835028.2880477
2024-01-19,600113,79.69060761686156,82.13945505656878,78.87487418886238,79.8774584221183,2136966,196701082.99275443
2024-01-22,600113,78.48711104642197,78.52412987261734,77.02339473049602,77.94183365834995,1618347,132216304.86851788
2024-01-23,600113,79.52522189996746,81.47728507554582,79.12807827386678,79.47888750267481,4519978,400110702.07080543
2024-01-24,600113,81.17806224857254,81.41349412618398,79.82376486628249,80.4620594847436,8603235,933388004.4765265
2024-01-25,600113,81.23863855538671,81.03131174231494,78.79572923842247,80.55073449335079,8936922,764626031.4468939
2024-01-26,600113,79.60379094895912,80.44834391239998,77.45913108759466,79.06306864980519,8457511,729421863.1637403
2024-01-29,600113,80.39146361037417,81.78186242269639,78.64941906746765,80.24413393561822,9920552,1028662588.691868
2024-01-30,600113,81.31708592811832,82.55044527610671,79.31932253119557,80.63260309757419,2861350,244500174.58019328
2024-01-31,600113,79.81788642337348,79.67596432458018,77.74492029570229,79.3515623061834,2021646,164260958.78895405
2024-02-01,600113,80.69114931417803,83.22850907560029,79.4484141467526,80.84572441440713,7981040,669737544.8273951
2024-02-02,600113,80.13624587073004,81.0700266315772,80.38331367241821,80.63699242867514,2596375,309918527.72117525
2024-02-05,600113,81.7848059707825,82.83148761418862,79.66705531988255,81.15147751622638,9919666,962749678.7514691
2024-02-06,600113,80.47055881272648,82.79828314762044,80.61124099624926,80.99353521121239,8083676,884615547.4259876
2024-02-07,600113,80.912447778913,82.44825100736423,79.53118900404077,80.19986137284393,7474421,805394244.975637
2024-02-08,600113,80.33412214206744,82.0841215139019,79.68588446679806,79.88178112570328,9019557,1018397533.7395775
2024-02-09,600113,80.1225601593573,80.9954867082716,80.26982716942165,80.427772720937,8990747,832590884.4342235
2024-02-12,600113,80.85723350316533,83.2164443469944,80.21344944780338,81.26458888043668,9488129,980779090.5387145
2024-02-13,600113,83.28422004331073,83.80883626977058,80.65101189132517,83.04896966440916,8525293,925229008.5538507
2024-02-14,600113,82.4361301962207,84.58612051585939,81.2586687683114,82.14658467893962,6081483,508130806.9905132
2024-02-15,600113,82.36973778920428,83.07411151839933,79.61909432113899,82.0338552462797,3444813,334129865.24574435
2024-02-16,600113,80.75136477200085,82.97915831095493,80.66248719292707,81.35600579359411,9121895,1084827767.4505458
2024-02-19,600113,83.41303308567912,84.80669157733703,81.51430517348781,83.52765075603115,1064977,130304074.82411787
2024-02-20,600113,84.06675048124777,85.54801951361043,82.08948212161751,83.56009569716733,9051217,1042611477.7660434
2024-02-21,600113,86.89716000180199,87.15134430133119,84.56483653066792,86.31339779317122,3688600,421626744.57483065
2024-02-22,600113,86.75203066966418,88.97547839988182,86.15982300781593,86.92128139854742,9215603,807398318.9232986
2024-02-23,600113,88.97838724390147,91.33016217511678,89.11936495657285,89.21345389926401,5072069,676542049.1074593
2024-02-26,600113,86.23761350104321,88.01370707077581,84.43056416761912,86.93539361583353,8924215,1073549767.760937
2024-02-27,600113,85.9132022669296,87.16900654651033,84.61666068470171,86.69687326132016,2365626,258797500.34591082
2024-02-28,600113,87.78618380728305,88.49820557503463,85.55874798011651,87.01817688510947,5889909,650008027.8293458
2024-02-29,600113,87.67180548479388,89.06634572523895,85.81639533583727,87.78681592506204,6287805,605485754.8758483
2024-03-01,600113,90.00435025907512,90.07596589886434,87.64791365668474,89.55289638869837,5156074,599385726.1682006
2024-03-04,600113,87.00547303922262,88.33227353669164,86.00989126084954,86.77156551902063,9145205,894653127.1003435
2024-03-05,600113,85.38128598488674,87.74973521512324,85.26647044712674,85.33830644961479,5948175,632394889.0538839
2024-03-06,600113,82.5692477147335,83.3159673437834,80.6447047643328,82.44563818668668,6993709,704712186.4597167
2024-03-07,600113,83.41333236183247,84.69025794679338,82.61028743441243,82.82900312769878,4920498,497648337.581526
2024-03-08,600113,84.06226305239535,83.57803017594495,81.14126224221022,83.5760321425645,9404091,924616140.2867794
2024-03-11,600113,83.78963407966855,85.03768867741154,83.5143203563667,83.96086345737288,8734521,1004527167.7772608
2024-03-12,600113,84.18072689074349,86.00821101591977,83.08105745792271,83.51696975908665,8226877,701455600.6810011
2024-03-13,600113,84.98060760150983,86.15844797072262,82.88099969878388,84.32604003989795,4913561,616127247.8533853
2024-03-14,600113,84.3428662642281,86.16243579294836,82.26185651133548,84.13702496948136,1936840,181343142.63283846
2024-03-15,600113,87.94505082196513,89.69388928187364,85.74597072670134,87.4395191035432,1087413,124846709.3825862
2024-03-18,600113,85.76037602809089,87.62989758465822,84.03092107608171,85.73383620006153,2366540,283067923.768912
2024-03-19,600113,82.71238362362631,84.08856863435564,82.01450175626684,82.67063634717177,9893475,1185186341.4179637
2024-03-20,600113,82.55241528075622,83.63625503396842,82.85561215047342,83.21360376295209,5594696,584971314.3875418
2024-03-21,600113,85.17536364725765,87.10073102715089,83.89985146215136,84.88607685958308,9311385,1007514076.7415214
2024-03-22,600113,85.84638734504776,88.71705290679908,86.27385787903232,86.55821299419672,3458677,309425634.54285985
2024-03-25,600113,83.49398616382015,84.5291111390409,81.44485980345536,83.37223403151089,4336587,439013515.5298541
2024-03-26,600113,83.9593770243703,83.67141332977396,81.94850549106573,83.62442552588004,8977851,813993484.1523063
2024-03-27,600113,83.07429022300384,85.00147360940555,81.89661450313156,82.84318174287354,4060200,490515797.69952714
2024-03-28,600113,83.08609431341844,85.40112894749872,82.38580736446762,83.28122435754396,3596352,366290347.864532
2024-03-29,600113,81.86375133027653,81.94208002573778,79.24726619712523,81.41039195427432,2555526,251610406.9926255
2024-04-01,600113,80.2349685214728,82.36244154117853,78.41250710851457,80.36605900156897,8981657,847666521.7176133
2024-04-02,600113,80.27407569165645,83.0351813963356,78.3535525798688,80.70867925025287,2127312,210515292.26003447
2024-04-03,600113,81.70686757033315,82.28384039138176,80.20705503266856,82.02924959308912,8293169,847251109.1821064
2024-04-04,600113,86.41367975570758,87.09568458062174,85.65554377423057,86.18335462738048,1291097,128566737.57595672
2024-04-05,600113,86.48516093136752,88.6111616205919,86.99186855431019,87.00731937019482,1433302,155203322.2191501
2024-04-08,600113,87.11048314065188,88.46717720027804,87.697670722969,87.76097663297438,9796383,1082066010.739213
2024-04-09,600113,85.91698595139094,87.74615468341092,85.48740339835273,86.2766403016342,3020174,298403358.3500413
2024-04-10,600113,83.51546519928871,83.80572193287554,80.659401119428,82.77558630017181,2899933,244427184.017203
2024-04-11,600113,84.85520346417692,87.05801055013153,83.3790754391254,84.58542636487648,9743775,964491773.7039298
2024-04-12,600113,83.1623289126927,84.06434283474154,81.84737910102089,82.72838078625658,8930798,977455103.5267354
2024-04-15,600113,82.27686726359109,82.91440161837757,81.45042073455322,81.56753065557143,5481039,518890637.35459965
2024-04-16,600113,81.74906700132833,82.32864378203264,78.61994330930096,81.03060281132845,5176855,469708551.57940453
2024-04-17,600113,79.48259577168459,82.21328444620315,80.03749625983141,80.1799665645285,6959107,666046512.0339135
2024-04-18,600113,77.9787271722069,77.90495746157136,76.00485712008671,77.6494120459446,4731118,394634846.79895395
2024-04-19,600113,79.59117101539142,81.63676793575715,78.06688417063071,79.7160543069724,5308412,501624377.5391703
2024-04-22,600113,79.9645633803583,81.03317851327944,80.04663449419294,80.09460276478161,8259379,876829268.6465316
2024-04-23,600113,81.40393300978225,81.90080173959421,80.83385303385195,81.02573238427433,1831005,160959966.68019727
2024-04-24,600113,81.30333601610288,82.9327779686595,80.17457871829106,81.06713257196125,8692536,853221470.650447
2024-04-25,600113,78.59980427288164,79.58247858725382,77.70763420300744,78.70881129085895,4733428,523081624.31608564
2024-04-26,600113,77.73280595479032,80.62823200365736,76.3964461219674,78.39526273751636,2706605,224506805.57577258
2024-04-29,600113,78.62280072524085,79.92135052912009,78.86756931051353,79.35000376234463,4812706,456244694.54294634
2024-04-30,600113,76.99091345750031,78.04683527562104,77.36211284274532,77.60286538441261,8507881,714010869.3688979
2024-05-01,600113,77.80305452182844,79.01855306077408,77.13404647052195,78.31764677312533,2300566,269253481.3205318
2024-05-02,600113,77.35303462433005,79.52246662107196,76.66138090645448,77.5115418772293,3836535,334489381.9711394
2024-05-03,600113,78.03619107484921,78.77054819851129,75.47903438934759,77.5206714864837,7290801,585353178.9272424
2024-05-06,600113,78.36605318987303,79.07142807642502,76.97285222714251,79.03839385604215,3170583,373536047.22960454
2024-05-07,600113,78.11448121285397,79.03253785318796,78.50736457445176,78.88852375683095,2477972,281908116.5683923
2024-05-08,600113,76.5666650537069,76.69577963583208,75.73128292594988,76.50730542754432,4098101,421486508.2796944
2024-05-09,600113,77.2416814917784,77.51167346579756,75.5381591650032,77.25683424352697,9485200,1068352066.9933543
2024-05-10,600113,76.37961600030074,76.93262835737684,74.80051388937939,76.89897499986994,1031161,114228807.48834142
2024-05-13,600113,77.42504744538617,77.01162547940754,76.51050809711914,76.70243149622532,5769559,518536190.7781548
2024-05-14,600113,72.1908885446821,74.03863989813462,72.19801854102111,72.33385584450085,3114401,292284480.48072577
2024-05-15,600113,73.25587171393036,73.4198326283172,72.55774862629039,72.96644609584305,4070461,373046162.156107
2024-05-16,600113,70.07241283792138,71.95180226986814,68.584886751896,70.52229264352842,6885281,559766593.3078388
2024-05-17,600113,69.85555687452381,69.58585769067157,67.27803325679916,69.1738408886063,7235502,693350297.8204876
2024-05-20,600113,69.22079860268363,69.02928874060257,67.31050879314877,68.82597694517055,3998497,368782056.75198466
2024-05-21,600113,70.96595795347302,72.63924057553047,69.63676220514023,70.96002283623707,5971868,534210937.28392726
2024-05-22,600113,70.85992197361664,72.57000856670113,70.66554441902856,71.18981382591058,9663557,743469943.5152298
2024-05-23,600113,71.76653603937105,73.44311110208008,70.67343722054798,72.43221625046138,7313740,603279477.7740455
2024-05-24,600113,72.82395478455798,74.04277782053583,71.74843225674364,73.14166208251541,1186811,92858643.30307561
2024-05-27,600113,73.12726837534706,74.74401566443836,72.68064473172281,72.71705180345484,3858097,375324111.74990845
2024-05-28,600113,73.95510197415084,74.66040736792546,71.95429147936616,73.9052145613273,2705183,233246665.51459748
2024-05-29,600113,73.81852875766664,74.14240449638608,73.01021142088723,74.09601545741735,2046198,213639005.955467
2024-05-30,600113,74.09899485814543,75.28555511781363,72.35301776917572,73.41885791511498,6186660,507987141.65007937
2024-05-31,600113,70.75278574223898,71.64969804463904,69.1526407197332,71.25886496427569,3796629,398762642.8395734
2024-06-03,600113,72.86908011751585,73.2738705278595,71.76438449598191,73.20519563613352,4667451,495507014.38830125
2024-06-04,600113,73.53751726798582,72.9268673052162,71.44362309818924,72.87725885450915,7560445,768507617.762317
2024-06-05,600113,72.74652852776492,72.34266096203532,71.504529763413,72.06058731535157,4876729,457659764.19585425
2024-06-06,600113,73.94087303734155,75.76910426127779,74.25535542467489,74.40087296596681,3660527,322636135.60226434
2024-06-07,600113,72.4745070401055,73.32935523135363,70.8105661247654,72.8575818308025,2529957,265826252.44204062
2024-06-10,600113,73.13020154707033,75.43191536651747,72.70986391220792,73.33311929641687,9820956,1053234471.242317
2024-06-11,600113,74.00048936845414,76.39834125637094,73.21832953130554,74.29354255040373,6465242,666938148.4748019
2024-06-12,600113,73.35032269503758,74.04761924729532,73.10580295883007,73.15397043889585,4712776,457071643.36067665
2024-06-13,600113,73.05669840002633,73.75596605970028,71.8635586308305,73.39608111740498,9820598,736834532.96266
2024-06-14,600113,72.09674695246035,73.04177820587732,71.35433325314145,72.6858537946845,9923482,731730023.3973669
2024-06-17,600113,69.55168776430598,71.89950516260166,69.3913872193718,70.03490213895044,2793352,250710012.8797515
2024-06-18,600113,68.73291389833489,71.05271891877629,68.24564638791473,69.32500618132735,6217715,459953515.8772362
2024-06-19,600113,70.52305830214199,71.67864618237398,68.79437568275324,70.09023569942357,1506895,149301656.30644587
2024-06-20,600113,72.06226638475428,73.07817058664189,70.12986188715887,72.01551445661687,7382008,565327948.7433057
2024-06-21,600113,71.51052904241699,72.32447288179885,70.5706410025176,71.08821676520188,4607434,438571957.44210196
2024-06-24,600113,70.03144891285164,72.2442613746798,68.24394771850629,70.29530316869176,8964255,703545124.9049904
2024-06-25,600113,70.24423100816544,71.14648723751871,70.53078634255772,70.94133194071465,8762576,822165352.0953715
2024-06-26,600113,71.13359179909277,71.71783503247607,69.50656837672376,71.5570913895346,7941617,746134027.8063831
2024-06-27,600113,70.90943633208421,70.85192039148669,68.89715886497851,70.74119534543067,7575309,696076866.2945008
2024-06-28,600113,67.30915188650432,68.36853019441084,66.9418027628293,67.8966880866289,2168016,192820848.49048558
2024-07-01,600113,69.05587663054061,70.53351352954157,67.38433206256299,69.41306069188397,1613588,162739122.37982017
2024-07-02,600113,70.51734988298318,72.26714519737607,68.24263656553471,70.22591429853901,8670560,904101541.4220988
2024-07-03,600113,70.73859036427582,72.18756521402264,70.2897045775871,71.23106556230348,6816054,597616399.553791
2024-07-04,600113,70.41460793712245,71.17713136169166,68.87166743031428,70.82920414722932,1054961,97773616.87120609
2024-07-05,600113,70.22500464405772,70.5260738302246,68.3671507956526,69.93512490451718,7840560,795046424.8143014
2024-07-08,600113,69.09689282398722,70.51251357638958,69.31848749689816,69.76632544758232,7049012,560912001.5127363
2024-07-09,600113,70.10201689576489,70.82288391911041,68.4222719212388,69.93366805084479,6494632,552720983.9833231
2024-07-10,600113,71.53867534073648,71.72927532980212,70.00715333040793,71.54102120952531,9796777,784432548.5281819
2024-07-11,600113,71.5356242564425,71.92128179002047,71.18012312903002,71.22169774144697,6586794,471313298.5796341
2024-07-12,600113,69.05991631726356,70.1683893671654,67.10038746833503,69.14496938492904,5971622,471204758.0735461
2024-07-15,600113,69.72370322794282,71.2799882907899,69.40182756424787,70.1527724306302,5216143,493405536.9313517
2024-07-16,600113,70.92765412122449,72.50633413989593,69.59661685872942,70.92653777452227,7749187,666033166.9997629
2024-07-17,600113,68.96949817061639,68.90734172301434,68.12078339295485,68.71099831453503,5924369,589532097.8157856
2024-07-18,600113,69.29335409438306,71.3441543951217,68.48526959445833,69.58640118740291,3706414,302875754.4446437
2024-07-19,600113,67.59488344118985,68.96422471884445,67.03809299187792,67.78277738858381,7673968,534574687.36106914
2024-07-22,600113,68.72456123112083,69.40915992084224,66.82276246743447,68.22737020013209,4414628,376037784.39455324
2024-07-23,600113,67.47455600082611,67.71767124326696,65.61273543009273,67.00122297522523,6037095,510703582.2849503
2024-07-24,600113,67.75293728979152,69.18846382238293,67.51293921758445,67.69887669110318,6922394,552636626.6096827
2024-07-25,600113,68.20376067729804,68.82432393840122,66.80219441827325,68.24428928462524,9221446,764100443.955066
2024-07-26,600113,68.40063257899764,70.13800169983328,67.39645270521912,68.31389128930516,1408135,126487055.53078009
2024-07-29,600113,67.971878632634,68.042337006533,65.8641643919556,67.68499622072295,8937214,889505135.054632
2024-07-30,600113,64.68784243430682,66.7842557925871,64.47075767172322,65.25486684385879,3062407,217511191.63091546
2024-07-31,600113,65.14089908529125,65.13774964979149,62.844510985690334,64.67844977674676,8987438,671807278.7255409
2024-08-01,600113,65.73672430570211,66.97197581157324,65.21551565362974,65.51861982537268,7723007,579001403.2921314
2024-08-02,600113,65.69951148943274,66.71558188744754,64.37868429433448,66.3404335310315,4948081,434029840.2532593
2024-08-05,600113,67.1034058453212,67.98372298150612,66.6562749172222,67.51810081314625,5092601,462633033.65242505
2024-08-06,600113,66.06191586234355,66.33627035565979,64.34578689967395,65.51807182931236,8261323,738404939.7616838
2024-08-07,600113,64.79685741344903,65.89922591841847,65.21883508283766,65.27072160273744,5100111,438480484.50307167
2024-08-08,600113,64.81808795245234,65.36191486046879,63.98935196967145,64.70315492992833,4801941,426949742.97017616
2024-08-09,600113,65.98232734644807,67.25179018490341,64.42897422597152,65.38118789229904,6234994,559621766.0206244
2024-08-12,600113,65.81182620714107,65.76152997639225,64.10689311602384,65.16322874673185,2545482,230498005.68637228
2024-08-13,600113,63.55679500932179,63.7414357018055,62.615659008256145,63.45670756887652,2551693,199507331.99589834
2024-08-14,600113,63.4101094271999,65.48916345009798,62.06948205683897,63.98726627944595,8496443,642929972.1821241
2024-08-15,600113,65.00911023390995,66.25024775448207,64.07480239134706,65.55374424458044,8685487,824737668.193964
2024-08-16,600113,64.30098502009726,64.13785598548363,63.64556064194188,63.84049034079525,4725382,442943938.4639798
2024-08-19,600113,63.36481806050733,64.64005489717398,63.001646791061674,63.481596013178816,8073499,730857656.3179998
2024-08-20,600113,64.15190149544416,64.66706469951082,62.18272568250506,63.897238523734295,2675416,249351957.25747988
2024-08-21,600113,63.94852267813787,64.27127106394177,63.76807661956382,63.905039547485245,3502018,266519837.58444795
2024-08-22,600113,64.75719054404522,66.71967411340974,64.10003441650547,64.82066882319697,5836122,495556801.8951693
2024-08-23,600113,62.75997544853878,63.46843965809385,62.46127764563656,63.37295438634039,7600062,597502200.1631249
2024-08-26,600113,65.3192872255267,65.41330402496209,62.933299182490664,64.79674022716847,2317868,173783206.98877415
2024-08-27,600113,64.50999417479255,66.32939218387715,64.5430105895167,64.75069802653243,6056521,519556081.2441725
2024-08-28,600113,64.987037273972,66.3564244671383,64.27295437023675,65.36448991063995,8571038,609098260.693467
2024-08-29,600113,65.8183486042541,67.14408405601723,65.23024685421672,66.37998549153386,3688613,342572655.1219856
2024-08-30,600113,68.60818295052123,68.5598084153546,66.39612848332403,67.9469750616773,8316879,839938920.5758265
2024-09-02,600113,69.56796524083127,70.99468820232828,68.35908565979817,69.48345292561416,3640004,363668677.902208
2024-09-03,600113,70.99414115559017,71.59971322695989,69.98011471270462,70.87198341263493,1367973,129139478.61520755
2024-09-04,600113,71.51911746794771,73.74064869129072,69.7423891890888,71.67119302996694,1427933,122760198.28399889
2024-09-05,600113,73.6036091925306,74.93984174442946,73.04572575993619,73.26512512698761,3907501,380703623.58180165
2024-09-06,600113,73.54709317699925,73.43864321622134,71.84611438646384,73.02048350661792,4248863,314695831.05397594
2024-09-09,600113,74.41655771971669,74.8916960763744,73.14874520359581,74.78955468653061,9443638,776083501.3468032
2024-09-10,600113,75.98083745370229,78.22167218371337,74.98452581346967,76.14902827517437,4735593,533822228.7330041
2024-09-11,600113,77.03072967469895,77.7583896707411,76.76368920506938,77.2171115074044,3349292,382577533.3476663
2024-09-12,600113,76.64784047181735,78.12784127077171,76.11954953963459,76.9357736382607,1563022,132777704.09579317
2024-09-13,600113,76.42987769911903,79.11624110568191,76.08015702052258,77.09221209827662,8575205,668652090.3115814
2024-09-16,600113,77.80681955223662,78.2146332851659,76.17364157808399,77.35191021012287,9454272,858234054.2048188
2024-09-17,600113,76.87128028844899,79.06440319475874,77.46201081500969,77.49336762556604,9386835,909201520.8139311
2024-09-18,600113,75.27501385150488,76.04412783653544,75.64608016899024,75.72225281131483,9611712,917780950.8825823
2024-09-19,600113,75.20344542870181,76.90221977564975,74.64188388846915,75.94833339907584,7598671,611849849.173456
2024-09-20,600113,75.76236626046537,78.37484599068809,76.19613460044785,76.32949661946022,3576239,316905367.4942744
2024-09-23,600113,74.11009900281677,75.51575796745888,72.82074771465861,74.78948609742702,7563814,826481151.7052163
2024-09-24,600113,74.22628973666002,76.06688602992028,73.0972883858273,74.10328603865793,6562508,582758455.1898139
2024-09-25,600113,76.74466865511057,77.19790353224094,75.98151264194904,76.18910206498158,9138137,890701792.4149901
2024-09-26,600113,73.37406884606244,74.52921073302282,73.87162489673322,74.07806916986137,5375379,508153280.3327503
2024-09-27,600113,72.55531925650737,74.18597347983503,71.4947825916878,72.21632916075927,2627114,275131741.9641968
2024-09-30,600113,71.06579817473889,73.39146267223404,70.96716337823335,71.6530626982954,5398815,524446078.4168326
2024-10-01,600113,70.99610287676163,72.94917995671885,69.03126419385592,71.05400085766206,7684069,783326862.5858114
2024-10-02,600113,69.21030707989367,70.02188317370516,68.24081973304902,68.53202716452441,3284611,298507475.88529414
2024-10-03,600113,68.07953297923318,69.73111292475363,67.42558306947079,68.04098486619486,9177433,629650448.2249861
2024-10-04,600113,68.44592173087396,68.32255960911998,66.44053832177406,68.30093307868114,6864243,623883970.757755
2024-10-07,600113,68.46062405491016,68.90236989162703,67.44582025885795,68.41211946883833,3152709,323470929.5527977
2024-10-08,600113,67.81013489396054,68.09953096740712,66.2937408168206,67.6084672596449,7725403,713578268.0130062
2024-10-09,600113,67.87072457022127,68.51086315590106,67.88689441310167,68.16104327373205,3428960,296210785.8404415
2024-10-10,600113,69.09625813780904,69.21018561633629,68.52906549660918,69.0336529800212,3214173,289208031.7486596
2024-10-11,600113,67.38464803827289,67.62387226444504,65.44719508113873,67.29426776795526,2236543,218574496.2903365
2024-10-14,600113,68.71069073782564,70.01532765184928,67.72375654916695,68.809565897266,3544379,256103004.48342323
2024-10-15,600113,66.75882474017872,68.57052043620753,66.57325125291601,66.60656700118241,9259291,803882746.5188862
2024-10-16,600113,66.4896759857031,67.89922110034301,65.60664479209811,66.15139735201404,3168484,261901003.97421563
2024-10-17,600113,66.24565122100749,66.62625078723121,64.67430265486968,66.16360905901328,4182815,301469962.0491304
2024-10-18,600113,64.4545527558415,65.71483395260653,64.35432548287345,64.75446228637566,6386877,505364558.1800534
2024-10-21,600113,66.60580473999208,68.23410128073472,65.10204701067306,66.52252985934962,7195504,503647245.0059325
2024-10-22,600113,66.68145416152542,68.46872487008052,66.5450834282699,66.73941111967324,1531475,102673428.6303278
2024-10-23,600113,65.99038307656649,67.72379476157573,65.6020949543117,65.83904669050904,9866491,826059853.0742848
2024-10-24,600113,65.58072685087632,66.68560369631838,64.42282040200513,65.81581956753861,1064853,75737663.91466065
2024-10-25,600113,65.33971532637732,66.53398388350014,65.56082391713154,65.76474234361046,8268219,799863565.6395868
2024-10-28,600113,65.091493606992,65.63345916722545,63.76573172307898,64.53565890736083,2261543,208944900.362549
2024-10-29,600113,64.4038451958903,65.52544245465474,63.033961583181366,64.91141066970343,4477858,299908215.5093656
2024-10-30,600113,66.01307612417062,66.61426098282942,64.54394272833262,66.23113940463969,2479875,234962078.2404133
2024-10-31,600113,66.56198631801638,67.73102311114043,66.06811953020741,67.03941065391196,2645921,194425834.856115
2024-11-01,600113,67.68024261650577,68.3467190939334,65.40564941686948,67.06552550840402,5827814,544985696.3958673
2024-11-04,600113,67.75807540833281,68.82921476134324,65.61196231630284,67.41227436303856,8619101,686082191.949385
2024-11-05,600113,68.31288954780571,69.86314703378567,68.25264664055462,68.39841104304378,7659287,715301147.1735691
2024-11-06,600113,67.13301159488807,68.79037172515284,67.16635799748146,67.31941972318015,9168320,748565991.451352
2024-11-07,600113,67.27527500352981,68.17810282087387,66.70198293286647,67.0337777580085,9643175,672755301.2982839
2024-11-08,600113,65.73698467737547,66.11615656074528,65.28925511273162,66.05649659416878,5114727,489258384.537416
2024-11-11,600113,66.45243044302688,68.02400528149177,65.01846262539667,66.70720787474649,3845350,355623717.37936646
2024-11-12,600113,64.21129484782455,64.27988631883218,63.61368059791656,64.26727384366251,5924058,547581070.2022858
2024-11-13,600113,63.52212468129493,64.67809016323214,62.13996400965401,63.58606931772854,2464748,196611755.2031925
2024-11-14,600113,64.93241729487545,66.72545271270698,64.01034459761385,65.54572969432269,8726632,795243349.5235068
2024-11-15,600113,63.85736752576719,64.31622890065178,63.88979322475398,64.20418876737003,7140378,574607569.3788141
2024-11-18,600113,63.28096255664848,65.09418948945539,62.58527797015584,63.451566222857956,6273439,563524871.1536542
2024-11-19,600113,65.00227590732307,65.92107762273943,63.675378132491645,64.68288632181228,9795569,669774136.5745016
2024-11-20,600113,62.816850326845234,63.59707843916991,61.97722346533204,62.55893120780339,1631349,107894922.21802782
2024-11-21,600113,63.0619420335828,64.36464850907271,61.968824575180825,63.57223717585853,3879358,310244502.9420941
2024-11-22,600113,64.63807505916503,64.8980552466965,62.87228655368145,64.21342897522419,7842223,692961645.943451
2024-11-25,600113,63.5491567258888,63.99182075870706,61.5731381195905,63.45353901877249,7234888,678199505.8382335
2024-11-26,600113,62.87354457284955,65.026371102203,62.986793849508196,63.21925215974705,8893056,602703230.8523813
2024-11-27,600113,64.09042810988554,63.82097199162884,62.20774571679648,63.72636777442147,1233053,99364679.67848846
2024-11-28,600113,64.66202707204059,67.08473224248877,64.04653633210728,65.25139830296004,3903293,260656279.03375405
2024-11-29,600113,65.71363071411687,66.91535524270412,64.75317317868289,66.04802197754267,7175469,607760922.2027832
2024-12-02,600113,66.51990344929202,67.11761118664337,65.66721101685445,66.78733725121643,7048540,626889305.9966004
2024-12-03,600113,66.28330638366357,66.87415182401766,66.30328443504546,66.36183636527585,8060071,629604587.4152114
2024-12-04,600113,67.70216808501104,67.877902043956,65.92820898821388,67.65586439811514,5194511,508863836.456946
2024-12-05,600113,67.30576628105527,69.43971427071374,66.70490320758954,67.9341500867796,9354136,640257957.5577924
2024-12-06,600113,68.9106522459826,69.18560869697629,68.70839950881171,69.00795557307703,1236738,102198537.47619978
2024-12-09,600113,69.78596713526584,69.57807021931093,68.97514873745747,69.34574886557758,3792930,276162343.0902949
2024-12-10,600113,68.60878024571902,69.62363930175415,68.38961534915138,69.05784315296286,8291444,596471234.1703146
2024-12-11,600113,71.3001495216052,71.86859460731458,69.45856552784495,71.03395533040856,8480585,742814167.523188
2024-12-12,600113,69.00980284669926,71.09460320839374,68.71812643338853,69.25326916051549,8576890,843414400.977914
2024-12-13,600113,68.38728326533264,69.20351976631812,67.88228700883231,68.2898103816415,7069935,582948959.7073834
2024-12-16,600113,68.346630436963,69.87147310855401,68.24585512433121,68.28262111376347,6513351,472837489.0319176
2024-12-17,600113,68.08991099185356,68.08743649870515,67.6479305228479,67.97032677113788,1430928,118667985.01230663
2024-12-18,600113,68.99402558247252,68.62864303414761,68.48466610248228,68.50526520420252,1289624,130677667.1123049
2024-12-19,600113,69.83536390728734,71.47155077309526,69.15986177826701,69.61900642563987,7324339,673409852.1775792
2024-12-20,600113,70.54129151106851,71.3878167884214,69.32469001025733,69.85260776694184,3697134,330251999.9096573
2024-12-23,600113,69.58203263061584,69.77045887795406,69.43217888608575,69.62616014151666,8811659,665793568.9169048
2024-12-24,600113,68.77712985898582,69.39554594066772,67.43001543066599,69.17833808407914,9263494,676394187.5321158
2024-12-25,600113,67.24921730026423,68.24300245101729,67.04743501096472,67.51502555098423,8435068,831753891.4886515
2024-12-26,600113,67.45826528969155,68.34219725184971,66.70120992596219,66.96309217535477,2764578,236094039.03431237
2024-12-27,600113,66.90917529518163,68.54104783006028,65.10091669861195,67.08712686972527,3006646,228033574.99912196
2024-12-30,600113,66.75992059828332,69.09584328073575,65.96161707967049,67.38320207548131,5133948,367846515.83043844
2024-12-31,600113,67.6205164581232,68.10647106784316,66.44535719670421,67.90000647304123,1846159,127504543.95211124
2025-01-01,600113,65.7528551658524,65.96906736805254,65.30711495633336,65.79770865036437,5066304,460475456.1651122
2025-01-02,600113,66.9647085577645,67.37775567807385,65.24887206214976,66.31723056983824,6239749,439270156.0532676
2025-01-03,600113,66.37250418985789,66.79454207515586,66.12797152189395,66.45150523779218,4934006,456334439.1349609
2025-01-06,600113,64.5768284954714,65.24380974833001,63.362398556714794,64.99468011501605,2147646,199519225.94137508
2025-01-07,600113,64.16436556907206,65.10880079885143,62.73315753990808,63.996160531814795,1592412,114960128.9546078
2025-01-08,600113,63.732983992554814,65.456977310051,63.203538904754915,64.02476054660505,3950820,327701010.4744031
2025-01-09,600113,64.10709092230516,65.27914719337012,63.27232815657209,64.1891369323439,3698748,344913878.8273841
2025-01-10,600113,62.93866872994352,64.58348863837193,62.55296764565477,63.037481021827105,2593722,224904436.2311025
2025-01-13,600113,62.38112141824101,63.14279697745121,60.58838504596061,62.13818883358519,1219712,111661498.30150023
2025-01-14,600113,61.85409706468246,63.19748705121174,60.84063650871944,62.39076697400841,8758942,595404689.0467213
2025-01-15,600113,63.819789766487446,63.638490524177485,62.232206406854836,63.553765823375265,1525056,138601269.99186575
2025-01-16,600113,63.261070562040224,64.67005730098907,62.07867698409218,63.39800818033032,2933711,233795260.74319956
2025-01-17,600113,64.55325355282606,65.84154206321868,63.93569933222093,64.6749017180377,5987095,414948584.12151897
2025-01-20,600113,63.50595283992423,63.93803990857766,62.16364987162974,63.00345549774957,8254239,763905804.3714236
2025-01-21,600113,62.89389755801806,63.27247976611722,61.11980243229035,62.57527233248135,8463558,660170415.6775064
2025-01-22,600113,63.30221782470616,64.67064288617021,63.532072996378865,63.68023731498158,6806170,561971810.1671094
2025-01-23,600113,64.44050351826527,65.72515537550109,63.201134892916684,63.89220452395148,4357217,312500816.1777331
2025-01-24,600113,63.58210778383815,64.14943368124925,63.93719175283293,64.05629496680046,5053573,419880308.75661796
2025-01-27,600113,64.79458833759894,66.67882235470141,65.30381654938208,65.40778759890327,8856690,793028929.4185773
2025-01-28,600113,64.27339333409572,65.1056127030575,64.00247883087063,64.50202166337519,1562495,146340890.21767938
2025-01-29,600113,65.48040091842857,66.36765991791785,63.20333650899391,64.90611018437166,5353376,419193546.60862803
2025-01-30,600113,65.38668540119676,65.81708729153787,64.5373552035151,65.61855304664016,2578361,248116764.76638794
2025-01-31,600113,63.61157462861602,65.30720583423559,62.034458008870075,63.41582056471037,5793458,397007314.51516855
2025-02-03,600113,64.01141280697561,65.47434319219191,62.62065653583068,63.63850393369608,8488656,734628061.8335906
2025-02-04,600113,64.06466875217781,64.50069405473134,62.54457756327422,63.7181089648985,2106304,178768718.67759663
2025-02-05,600113,64.00701610192749,64.24772322472133,61.91847531561061,63.48854941839192,3066169,256366330.68917078
2025-02-06,600113,63.03143079745622,64.1812675451389,61.590719094510554,63.252503495328746,7058174,520861522.0854655
2025-02-07,600113,63.923753534984876,65.12046522402777,63.50279682176629,64.48102738411089,7928029,703703482.4783703
2025-02-10,600113,64.02917924214057,64.98439327989358,62.41793951740081,64.31016621059186,2438074,205863805.23412812
2025-02-11,600113,63.04921567516927,64.35015991370828,62.56664500718555,63.319678183153734,3976479,310670766.63651425
2025-02-12,600113,65.56759325180994,65.21069800670486,64.78449648623824,65.04804214551538,7640080,677755893.1952591
2025-02-13,600113,64.47231662038048,65.13125229803578,63.895781677879555,64.84513318314796,4808170,384305772.5292433
2025-02-14,600113,66.12859556701959,66.88290546797333,63.963279526434036,65.4778027721055,8293296,736439210.5862341
2025-02-17,600113,64.30555333644085,66.36219018239157,63.64228136040014,64.83715455554952,3784757,306782789.2479095
2025-02-18,600113,64.87302477211317,66.28220494381425,64.9818708132901,65.37570508013059,5060323,446795148.63701963
2025-02-19,600113,65.79526374158287,65.67346607272468,64.1495574480848,65.32053955341215,2864831,245853304.34891176
2025-02-20,600113,67.53311545916164,67.42575846035444,65.45223193284349,67.28119441711996,3331892,265159561.85647967
2025-02-21,600113,66.58801764854411,66.30713983782496,65.31690485962893,66.27049123971295,7804285,561143431.1607811
2025-02-24,600113,66.27549177056584,66.92349862335811,65.00521408289904,66.11302625490951,8515828,607904887.8780777
2025-02-25,600113,65.6582713096067,66.89634614910437,64.7119018785856,65.79230908868016,6027073,495469102.6723627
2025-02-26,600113,64.88243393527917,65.79819346234106,64.72083694543473,65.05497853275612,9411309,774802379.4385494
2025-02-27,600113,64.39166615211089,66.0616582614474,63.84106257781562,64.20276928451455,8799083,822750485.3335961
2025-02-28,600113,64.74101267861566,66.44024381690224,65.08281018796022,65.12642696252647,5344960,438713368.6280462
2025-03-03,600113,63.752430705783915,64.88912853729505,62.32297247118535,63.323312457069655,5283935,459731716.12594897
2025-03-04,600113,63.07262940608332,64.51610480925976,61.575534404726305,63.24315353637884,5840197,379498313.83612376
2025-03-05,600113,62.70895390063001,63.256772254364535,62.389552612957736,62.60903791307261,3266867,295318367.56918067
2025-03-06,600113,62.627178838957626,63.306964055164975,62.3586010478609,62.78077053611606,9093856,604428971.9333417
2025-03-07,600113,60.287494956302666,61.15361298014338,60.09413359260694,60.8117288579167,7178521,536789518.03000355
2025-03-10,600113,60.65104068801532,62.653037319504094,59.81511319154566,61.10747659863911,9689077,671879956.1447628
2025-03-11,600113,61.47236631900788,63.87399992490674,60.304885152953666,62.03995243275439,3896741,361469139.77128565
2025-03-12,600113,61.603804637510095,62.939357914260974,60.5540739352599,61.41121624726453,2547367,196351016.79251996
2025-03-13,600113,60.33343952296073,61.84728714218947,58.673522014408185,60.049988059226266,2180866,191704193.18756536
2025-03-14,600113,60.90984134159481,62.2527814030331,60.434477387186405,61.37202803880442,4884397,409822771.457605
2025-03-17,600113,62.13323952392898,64.12118759332357,60.84725131448482,62.728583437500205,3611286,260489731.90473807
2025-03-18,600113,63.461425600111944,63.93710388803191,61.585321847001474,63.169323682609196,3182726,259604482.35963866
2025-03-19,600113,64.20873342858995,64.6350896451288,63.10011551455065,63.676339431557324,3903999,284679415.21843535
2025-03-20,600113,62.83002653938094,63.36235466979052,60.96358074557263,62.623904340456505,7531603,700585422.0040519
2025-03-21,600113,61.70694447379381,62.45543751146183,59.6785453343622,61.121224852413675,4781276,419920339.919851
2025-03-24,600113,61.69261934700992,62.284595182016794,60.443443437577315,61.411779358820965,1626710,119167822.15122543
2025-03-25,600113,60.85395040832003,60.93292528316032,59.19007579084506,60.74630003545002,3011503,216270547.74270552
2025-03-26,600113,60.960446394441945,62.703023232720895,60.827207509181875,61.261256115274406,4844631,375518295.1759314
2025-03-27,600113,61.50376371250429,62.92401787863927,60.64694358432807,61.1980764210144,8806476,702771007.8112547
2025-03-28,600113,63.155300808256314,62.78435823076884,61.16826173418064,62.58165190507125,6083208,514231480.04512763
2025-03-31,600113,63.1135690939979,64.44208621508426,61.799425281539826,63.32049660007298,8100048,752821286.6048564
2025-04-01,600113,63.924776328747775,65.17337891222179,63.53184208572816,63.9523303697411,1209703,113814633.28673315
2025-04-02,600113,65.11021839857791,64.87816770418253,64.32235286034432,64.79215640428092,8923381,627707129.3300642
2025-04-03,600113,66.68188068335012,67.2513916385105,64.83050422379046,66.25220179769138,2575935,197664067.3780758
2025-04-04,600113,64.77295221743255,66.06987686795125,62.83883815765834,64.63769751956633,6225567,495413391.58823067
2025-04-07,600113,64.71526073930343,65.95604409842137,64.06626379043827,65.19695582156649,4502007,416037842.0768182
2025-04-08,600113,66.05655484448755,67.71596756384328,64.37797710424954,66.12755925410929,9554178,726928630.2157375
2025-04-09,600113,63.548005079192684,64.76688161362786,61.81715817582212,63.41873364143849,7342151,608846605.4764556
2025-04-10,600113,65.56478469025136,66.38010429574157,65.20721378396829,65.32196556259709,6586038,544266278.6006299
2025-04-11,600113,65.03677909434532,66.48600137502511,64.09872546210461,65.43110369353496,3938829,310942337.4595345
2025-04-14,600113,64.25968958274798,65.71565257045259,62.7640987804673,64.48786559745481,7355835,680326351.1417234
2025-04-15,600113,64.55880667965572,65.1257122696895,62.507720620574396,64.43357449848068,3559635,341343210.08520037
2025-04-16,600113,62.27026510530146,63.67576293148761,60.28128624499369,62.07988300494359,3977966,342959868.68971467
2025-04-17,600113,60.57356726601681,61.91260391832986,60.38906259682896,60.46434826488882,9756202,593679822.8951286
2025-04-18,600113,62.265931712032916,63.40870649363547,61.826724957199325,61.831008436033954,9791372,877687143.5516895
2025-04-21,600113,61.00372007903677,61.42665294683096,59.856532672128616,61.0965414767306,6885158,529551662.0022016
2025-04-22,600113,61.96141302604376,62.38283093581977,60.99318225657394,61.838657573365836,2411936,212956252.3026492
2025-04-23,600113,62.91309712875766,64.31300947755702,62.632403699297086,62.8110843760875,5435928,421811436.71994996
2025-04-24,600113,59.39009740966974,61.39659021193176,59.05233986180283,59.83140217672367,6054805,429547721.36787647
2025-04-25,600113,60.16314833953833,60.61458304667186,59.48872512710752,59.85727567493249,8335657,674261003.6293561
2025-04-28,600113,60.44566077320642,60.42795853998341,59.87068505488856,60.064043801971714,6157628,428543208.24128884
2025-04-29,600113,60.440567503856286,61.23575225423731,58.2456712832725,60.0305555816292,9574480,603111714.6461761
2025-04-30,600113,59.12142775053714,59.52559302448524,58.577716471943674,59.09454618613704,4159184,295900791.43851054
2025-05-01,600113,59.82855948294902,60.48076406801802,58.68085012408108,59.60760141957402,1793448,118020351.02454513
2025-05-02,600113,59.63915834094722,59.91001458560095,58.100782729650064,59.45163051778352,3351785,283301934.9746094
2025-05-05,600113,59.74114327971175,59.83997980825752,57.871530356091036,59.48373141378278,7243547,439155888.1818853
2025-05-06,600113,55.713959944747145,55.92274449561599,55.677774053773405,55.8864890677624,5834565,387323439.3213816
2025-05-07,600113,56.20557121694359,57.29940429459527,54.77096070728131,55.86260456046589,9266673,642111867.0776119
2025-05-08,600113,55.66374980953592,55.86753857063209,55.6890337956096,55.704352318641504,9867289,551093164.4560465
2025-05-09,600113,55.028835159651365,56.29434164578388,54.26742502103219,55.54925035464649,3210708,187209516.23894867
2025-05-12,600113,56.161961252151485,55.866948888692555,55.10562326849732,55.742961297331064,2741337,182996030.12867594
2025-05-13,600113,56.0544544886969,56.38441985422508,55.679631805896506,55.84359526623515,7791312,624078676.1407838
2025-05-14,600113,56.63516575858614,57.12266659858882,55.52328549980481,57.002019163137234,7060646,439876906.80683506
2025-05-15,600113,57.89870935776637,58.32814471591499,56.147989296493776,57.58175080143788,7204299,449915233.44679403
2025-05-16,600113,58.491643536913315,58.89572012618622,56.917077770200564,58.594412364323695,5119559,341924576.64157236
2025-05-19,600113,59.16367093647433,59.26573415043331,57.57431894469765,58.90374890224719,4173502,298247142.7655779
2025-05-20,600113,57.76622630612717,58.928616910285896,56.495541996714124,57.77916719122235,8468858,725047352.5260808
2025-05-21,600113,57.528615701732384,58.71974851232769,55.70234785731825,57.10423830372243,2618836,169255535.20530945
2025-05-22,600113,56.53676343084089,58.04653980508906,56.35416337117714,56.655309703912174,4974132,351598848.28639245
2025-05-23,600113,55.52872926937365,56.913506349445534,54.40281564682056,55.59545244524395,4637923,356500185.64548296
2025-05-26,600113,56.3885181373558,56.073962449832315,55.79946234078083,55.83270246768146,8488020,586980530.489788
2025-05-27,600113,53.909472958143276,55.05841994017626,52.708650096101195,53.46446085831283,6251210,394837263.8031353
2025-05-28,600113,53.89898764842692,54.52819147554484,52.73821844574223,53.57909211369922,1663685,101873927.060891
2025-05-29,600113,53.03529688663477,53.536430337127776,52.82611337774038,53.21724441059645,2064671,128508168.24557115
2025-05-30,600113,52.92349372728297,54.02777523418177,52.213354575188006,52.836469462507836,3999858,289601103.9244619
2025-06-02,600113,52.60717628723747,54.44439748034575,51.82734840983709,53.0995528232145,9332258,664903501.305449
2025-06-03,600113,53.287341699509,53.74869836399617,52.588654984236214,53.35355055775879,4392055,326116560.49894047
2025-06-04,600113,54.01378210578319,54.48195812163567,52.79818013650819,53.977638741898126,7373043,494459897.9782267
2025-06-05,600113,52.919228565180866,54.42219012633501,52.594431434440416,53.16755752017111,8877102,642981973.8589269
2025-06-06,600113,55.8272447851572,56.67495286228772,54.63721565356508,55.956454415045386,6704773,414144363.71861696
2025-06-09,600113,55.28790707893699,56.38306074987299,54.60899641431312,55.47461518883104,9419967,690679731.7159559
2025-06-10,600113,54.75007912473052,54.65924551309498,54.37880413353092,54.47951768961293,9955827,566665760.2552193
2025-06-11,600113,55.085211778097346,55.19310649231322,54.361564979326666,54.71618841418641,5751983,374092595.1921272
2025-06-12,600113,55.303435077768114,55.00106099390831,54.02802019274871,54.864266474861395,6011315,332351006.0156033
2025-06-13,600113,57.278942495574135,57.40234585701181,56.1121206919973,57.073334062744784,9210577,749326586.958574
2025-06-16,600113,57.90758726147219,58.24113888799053,57.187048464111726,57.75867700813646,2552787,192841140.07232502
2025-06-17,600113,57.53840337502635,58.612148073271975,56.92483211827679,58.01523414554373,4362917,378812308.1083608
2025-06-18,600113,58.32265469168532,59.76300086014352,57.42268659962588,58.37741794965777,1400539,106939515.50272916
2025-06-19,600113,57.87440859634244,59.247581749322535,58.04168440601345,58.23768822013698,9276339,782480625.2795732
2025-06-20,600113,57.71351470905944,58.724465848380355,56.50886375843538,57.47011488479044,6301499,435001316.0834801
2025-06-23,600113,56.215868587777656,57.68674077731743,56.334710062657805,56.66809197322804,1088828,68762588.40381536
2025-06-24,600113,55.58936818122013,56.068271405022045,54.14527188291682,55.43950562660017,7660519,560935647.525964
2025-06-25,600113,55.29606636214474,56.929518521281615,54.52060138529444,55.35600812061136,3606783,268357963.93867114
2025-06-26,600113,54.26288478864172,55.70236429498562,53.71699073866586,54.32770248344387,2604561,187707327.6142572
2025-06-27,600113,53.70690483641358,54.454574139456966,53.373864954983134,54.17209530224057,8355604,537426047.6916358
2025-06-30,600113,54.67336389470692,56.00720036642095,54.50668396781613,54.55773485366774,6141833,398255244.94339436
2025-07-01,600113,54.24159250837436,55.61290455406977,54.0054958423378,54.04376329661998,4082176,227647681.63808146
2025-07-02,600113,53.457632621708235,53.232860992366355,52.42597963393796,53.073211597380066,5520034,405698697.9990099
2025-07-03,600113,51.32927463004993,53.056531406583474,51.68377128182905,51.75282094996066,7470835,428016523.1600707
2025-07-04,600113,51.134374412586865,52.59778540854509,49.76626742511322,51.17039922443593,1039506,67694379.11499745
2025-07-07,600113,50.54005730399261,52.27982673631859,49.64796872651171,50.83912865685816,6218335,377443170.8928803
2025-07-08,600113,51.05223279358484,51.07642262373976,50.28636062213113,51.03330991316439,4547140,244847371.06259897
2025-07-09,600113,50.99997022347591,51.81184949321458,51.0920252259149,51.45724684968319,1376649,88506353.45383298
2025-07-10,600113,52.08061586487847,53.20284934994897,50.9989545829962,52.21293825383006,9736181,585511912.4813347
2025-07-11,600113,50.76663764575203,52.279055652579814,50.50187112007493,51.05987270299897,3981346,238736993.08355498
2025-07-14,600113,50.45645737260376,51.63528569410035,49.65986281858011,50.84784633445945,1084097,58550333.86988963
2025-07-15,600113,50.20426472642154,51.317602479982334,49.58103979351743,50.335164213287975,9912559,725469058.3448875
2025-07-16,600113,50.8294781238687,51.10654525549014,48.89353663868231,50.345818280635136,8848280,565504949.8470985
2025-07-17,600113,50.000248972872186,51.790649332424415,49.910236878892306,50.34407761346304,7404126,472749621.6818433
2025-07-18,600113,50.33502846086774,50.966163106036745,49.32703616554523,50.36156994601802,6344646,446524451.821716
2025-07-21,600113,49.794535502066175,49.99523707161365,49.29493058553089,49.797197115195516,9251864,483380952.2560394
2025-07-22,600113,49.64777521362754,49.953124740809244,49.02312431836117,49.4815580305835,6495978,367514000.76130885
2025-07-23,600113,48.45503329505137,48.992387580423134,48.006907111309374,48.728754999394695,2430273,165018650.15246627
2025-07-24,600113,50.08685314006166,49.968638586619974,49.024404373553445,49.62537608353704,6429329,452100569.2582396
2025-07-25,600113,48.716823705905284,50.296844893468354,47.73376298506442,49.09077995568833,3964809,246740364.2543666
2025-07-28,600113,48.106791905205434,48.76432942213555,48.14393683829629,48.47572595368653,9011816,472733306.4139372
2025-07-29,600113,48.81552207874464,49.69797676029132,47.16641593480529,48.50622290588515,6825589,401171015.414136
2025-07-30,600113,48.69259478829475,49.26343411606934,48.317332656132415,48.80173999057599,2629175,187783679.19336247
2025-07-31,600113,49.42580058244091,50.43160909947769,48.207152493534416,49.05065199730887,7709937,540177620.6549382
2025-08-01,600113,50.29935361271586,50.99680139331654,49.064321094306294,50.00710283415622,4443437,231212468.14214346
2025-08-04,600113,50.17737330270683,50.91891842660266,49.13435817739086,50.46839781829685,1755592,126034483.30208987
2025-08-05,600113,49.80063152614943,50.57144694218303,49.47219692594967,50.301785859684394,5956396,384942110.98855186
2025-08-06,600113,50.0888771042916,51.49106000594083,49.23807360911654,50.34576869331203,3710808,219223053.2039978
2025-08-07,600113,50.44413616777786,51.41308369857061,49.27920257389892,50.379677392007856,8258848,442082823.6420441
2025-08-08,600113,51.130826147847046,50.77120700220074,49.28809645739125,50.633978308203254,3152767,159682256.71544126
2025-08-11,600113,50.65841717352404,51.5727161554884,49.8320581759326,50.378779710245624,9810679,667449018.7168412
2025-08-12,600113,49.90885960648649,50.686121328705866,49.20547675008749,50.21238379811356,3662280,257971297.98474276
2025-08-13,600113,49.81284950249783,50.21745692317462,48.88162723486911,49.989091005030716,7686483,563893309.9058613
2025-08-14,600113,51.005460815449474,52.15518075464668,50.222083559499495,50.65756926741666,5054108,292766970.34228826
2025-08-15,600113,50.03159905377913,51.22729709469541,49.84213486069683,50.439454084993706,6888294,495511801.42332214
2025-08-18,600113,49.842603824728286,50.04227431559098,48.39596544700251,49.753301882860775,1052924,75965148.77952911
2025-08-19,600113,49.56068294979236,50.726695370913106,49.64219632439649,49.9995185056439,7924508,408829244.1642315
2025-08-20,600113,49.96785013334066,51.66401793052852,49.28976784689948,50.361377466181494,1709723,115995788.14985698
2025-08-21,600113,49.20354416090454,50.18383938934509,48.54614477566057,49.47076270918848,5301299,344836247.5295025
2025-08-22,600113,49.78157708181343,49.83046234475219,48.78378649128171,49.52291474725407,7407926,533690387.8498078
2025-08-25,600113,49.38836405807698,50.15343497631039,49.36482991200758,49.42220967966669,2160301,149962919.66000056
2025-08-26,600113,50.5566053326135,51.29630730520433,50.036101434345134,50.115724203811,2902504,202197624.49607354
2025-08-27,600113,49.769741146059665,49.702945776585885,48.83988743988201,49.40558815190669,7502605,445083719.1354595
2025-08-28,600113,49.82668225577094,51.19873742560769,48.639812662289145,49.74371475801678,6816625,394279637.60917646
2025-08-29,600113,51.399517008445095,51.936704513457116,50.110230415826294,51.17343002438885,3264495,245240881.33559948
2025-09-01,600113,50.5051917591509,51.56948478739646,50.186667886634844,50.30558258638545,9973190,523336302.4693317
2025-09-02,600113,50.86878951707242,50.81699645427769,50.45056484794962,50.78036520614033,9824675,740544568.6449616
2025-09-03,600113,51.93475755864117,51.87015283110744,51.147443244318985,51.589149272244185,5322401,410015068.8619774
2025-09-04,600113,51.945643096673685,53.275435116893654,51.30344177743464,52.33002346228944,9188910,519536509.72855693
2025-09-05,600113,51.12067941302746,51.868963415948635,50.08259445066074,51.2047972445386,4501448,319533955.08807975
2025-09-08,600113,53.38670354505908,54.46680721184899,52.18435650909114,53.41176144687569,9639609,673422838.6291547
2025-09-09,600113,52.903807982456556,53.914729138941304,52.26307250657843,52.97965050966007,5853023,438633044.05347073
2025-09-10,600113,51.32971743282251,51.75967319720412,51.10578250197719,51.514866776713184,9541844,711866993.4466913
2025-09-11,600113,51.17398079127145,51.391504658473934,50.986027629180725,51.20755582324821,7549021,516326989.9418932
2025-09-12,600113,50.651264676908376,51.00255646556765,50.20493444398933,50.841544483363656,1217160,88912451.83896919
2025-09-15,600113,49.12751891503369,49.896971016121526,48.67816632399837,49.053228545390276,1542848,77853471.02710316
2025-09-16,600113,49.132930672392774,49.10101481863067,48.20798197491956,48.857594607073885,4300890,274291098.08352053
2025-09-17,600113,48.51786080410609,49.31071901723932,47.244410384234094,48.0576358035536,4768737,245569902.9249406
2025-09-18,600113,47.86373455959787,48.04608071750336,47.137946832971174,47.827635956397124,7210475,513780764.55337185
2025-09-19,600113,47.73822221462499,48.3879634106805,46.44523581520663,47.75403703150793,4250637,236216427.36338425
2025-09-22,600113,47.02609407724884,48.04881044149433,46.773564247215404,47.10524647709045,6259758,300090260.33389693
2025-09-23,600113,46.96161225516302,48.22730301486591,45.97277005953023,47.19762241320185,1711107,93566904.61995637
2025-09-24,600113,47.14773131909898,48.638471617685326,47.33831547863729,47.425081100407446,4220650,249779733.47734946
2025-09-25,600113,47.17397924036572,48.465591134080135,46.72470721640197,47.5000587637688,6346549,357067297.2602688
2025-09-26,600113,48.651442951038554,49.17069207603901,47.740596495878506,48.27120144253988,2837104,196945917.88880748
2025-09-29,600113,46.87232485131122,47.434909777339726,46.69551487354498,46.86959818005225,7194700,451689265.3183051
2025-09-30,600113,47.49338072568688,47.55216193312661,46.3509257013973,47.23829210909957,8430641,470290899.38010776
2025-10-01,600113,45.64046091545981,46.738349780587114,44.614186317883345,45.88998824640886,7926311,397359044.6967021
2025-10-02,600113,46.96397645042726,47.00026456794058,45.571868686767566,46.55217634655617,9232977,549117071.3996165
2025-10-03,600113,48.04693415583813,49.20223793569961,48.065739600421914,48.100747968348784,3800157,240117555.9289197
2025-10-06,600113,48.37987564244307,49.43600146013701,47.359862601396465,48.081326191166355,8401434,583937234.2649779
2025-10-07,600113,49.16262819613667,50.06478397629942,48.90280929348038,49.066482166498936,2606291,184335471.18086857
2025-10-08,600113,49.0513871219256,49.89471048762881,48.31396541773128,49.23773305681668,4525860,313202499.7577322
2025-10-09,600113,48.54198367911021,49.436015692668825,47.94605141560844,48.52639547877078,1906274,121255531.46158682
2025-10-10,600113,49.318261624727825,50.949338368826496,48.4573462650915,49.61400825366189,5535228,284870420.7209913
2025-10-13,600113,49.50958765224808,51.47745046547877,48.88746891635737,49.98177866683607,6387464,434112288.9770094
2025-10-14,600113,50.529587369908796,50.95390479394732,49.025023568399085,50.37990911660121,9486983,670287775.0672141
2025-10-15,600113,51.02064807377171,52.20496382257396,49.25256148836462,50.68556814771088,6532421,472689436.6537361
2025-10-16,600113,49.59058844727926,50.253318748769914,48.859662375213205,50.088149364309004,5415107,375550346.584535
2025-10-17,600113,48.25121374703113,49.569196749445986,47.10891021531698,48.54943928637695,5003124,357355565.2958709
2025-10-20,600113,49.12524560235567,50.2211069235054,48.06914658836752,49.43299921650133,4254980,240614625.4165095
2025-10-21,600113,48.87909104080127,50.77023209551808,48.91976324060711,49.33185503422993,5104430,276906395.59887815
2025-10-22,600113,49.31704525523539,50.11674830775235,49.06406449020169,49.699910692478795,3788542,200591948.1355513
2025-10-23,600113,50.387341423965466,51.302964184207255,49.55038103911245,50.06699954297252,9529536,683609377.9523259
2025-10-24,600113,51.363855669231704,52.26308503568207,50.107033105664065,51.58438892661592,1508845,89128277.21160556
2025-10-27,600113,52.68787882387891,53.168148993218566,51.36001930769616,52.321002254595456,3807628,272628583.0776718
2025-10-28,600113,53.14338129593657,52.876679735103274,52.34948977238072,52.767312875503805,2075959,109899003.42351326
2025-10-29,600113,51.85678728155491,52.79198158566801,51.45489465748453,52.123630561006614,1728377,110968343.02145612
2025-10-30,600113,52.606463382422525,53.48720626694677,51.37880786856407,52.39820476060243,1172764,83273689.73218195
2025-10-31,600113,53.366165786802284,54.144007205919884,51.98215308559548,52.88199908280134,6983537,430122442.97874266
2025-11-03,600113,53.94930276555567,55.648915392860005,53.59416366922664,54.39546918943586,2143286,128696007.21592665
2025-11-04,600113,54.14087305505607,55.09437385681057,52.70455233079538,53.825259661756256,6070186,376585710.02009815
2025-11-05,600113,53.148068635976664,52.87277017628916,52.71292480095622,52.85920415701182,7343142,454501451.51801664
2025-11-06,600113,51.07947956933696,52.56023991171396,50.047592462079805,51.5842047234432,2952680,152320622.84732735
2025-11-07,600113,52.25080643181818,53.07713303443638,51.1395376005864,52.557156766419105,6735918,365792634.6397951
2025-11-10,600113,52.59345555766189,52.83615580780777,52.16731632614166,52.66075980793238,1007461,63434324.32104298
2025-11-11,600113,52.7144842367328,53.99156535481264,52.50085535370641,53.01515624815283,2293164,121775826.02368943
2025-11-12,600113,51.8020569908677,53.51969983528915,50.54669651622963,52.06533956892827,1763911,104417646.97616091
2025-11-13,600113,52.95432924073595,53.60889799377618,51.588756662106775,52.53097705576176,3159616,191939662.4516337
2025-11-14,600113,52.7521956697988,53.827051578563356,52.933257491444174,52.9688182992552,9278521,624593189.7963603
2025-11-17,600113,52.216416263331396,53.71707611629052,51.706664879401664,52.36557645106586,2877080,183338928.3428929
2025-11-18,600113,52.133960320867764,53.70094764384169,52.22952169119635,52.574691060806856,8266074,444201849.7401285
2025-11-19,600113,53.568571363410136,55.0534916162867,52.14422356840898,53.65434726164178,6428386,387928369.3189435
2025-11-20,600113,55.81171940905685,57.10447944317278,55.56571117307519,55.64804792782621,5254899,295544880.2947881
2025-11-21,600113,56.51898242737531,57.80324922042166,54.86140807206887,56.17970052654375,2218687,129675249.6022358
2025-11-24,600113,55.95855195180973,56.38556858460137,55.852505160112024,56.37178810737947,4320600,260308451.79398942
2025-11-25,600113,55.4887508253837,55.09918801630014,54.27415813964324,54.95086250030595,5805196,394196139.2712818
2025-11-26,600113,55.20564927629696,56.40727586736377,55.08351860849384,55.4688132387907,5727342,374718108.8919245
2025-11-27,600113,54.987309529115464,55.75054523897188,54.10740246416898,55.42462457241095,2146295,141233285.2223543
2025-11-28,600113,57.004583286548836,57.703461875968344,55.90940628107066,56.55201322554238,1628781,121134900.40436305
2025-12-01,600113,56.218747046997294,57.457898820294275,55.90414331128512,56.02991585909898,8321365,614361825.4963048
2025-12-02,600113,54.809773872550686,56.144808844014676,54.09819384923139,54.98959279217921,3289325,207733584.22920197
2025-12-03,600113,55.71083336019882,55.88724958269283,54.636620205310564,55.671621368161546,2580064,147182074.06362042
2025-12-04,600113,55.25641358689962,57.259518491663044,54.60066248271377,55.77113139467723,7941056,658132841.1585878
2025-12-05,600113,54.52839360642296,55.45698800863264,54.219821633694075,54.67487955119924,1724659,118459161.7859113
2025-12-08,600113,54.61080762049666,54.785509588791484,53.297400050410516,54.659432406341566,1631054,99455768.27134006
2025-12-09,600113,55.732005832688216,55.56183162603479,54.40066743826303,55.47064658300059,7643119,440799247.5013955
2025-12-10,600113,53.901158151368485,54.060012631874024,53.877606437321894,53.996359561427816,4052261,299280965.22095203
2025-12-11,600113,53.88539579294817,54.820915152978976,53.31850289467297,53.67027617244448,4171429,325182215.0142056
2025-12-12,600113,55.57836656624463,56.37810457266247,53.514602307244736,55.09473653836545,6233656,511737007.6685109
2025-12-15,600113,53.42708802733609,54.1127382461704,52.11693258582079,53.64149572321798,9244019,600895605.5197276
2025-12-16,600113,52.402048547899554,53.17694063951739,51.9960571359299,52.72883434543748,4846521,258822231.93349975
2025-12-17,600113,52.96720645008448,53.497385680658965,52.72835401951698,53.28433541523439,6843742,485995891.4112751
2025-12-18,600113,52.296814851567035,52.766975499677336,51.05515640774571,52.23936813774662,4006848,233590525.1223627
2025-12-19,600113,52.79411127488282,53.87620949026135,52.34367913920308,52.64855015690791,1657406,121672531.98287085
2025-12-22,600113,52.18697772097993,52.903178407592065,52.05894541415609,52.590296530536015,6195271,328018123.07111853
2025-12-23,600113,51.09451479458021,52.62626442792861,50.26858946437521,51.607195871410525,3419021,186544830.50558376
2025-12-24,600113,51.44345046282383,51.864748566363346,50.023591787994235,51.19135065374772,8611423,490270855.56377184
2025-12-25,600113,50.92463241335769,51.98565075389457,50.9374800712204,50.997403633517735,7410813,396589348.90064335
2025-12-26,600113,51.34453673735019,51.702810701544315,50.82376406025264,51.20650983884486,4514127,279204596.3133691
2025-12-29,600113,50.334192834868055,50.560491685781344,49.36274822139758,50.37817859000921,7991158,544528447.4124748
2025-12-30,600113,51.28434942180513,53.06999459714366,51.38291929222547,51.69218436586666,5254771,351937652.110266
2025-12-31,600113,50.595206038845696,51.441766465292424,49.770264398069024,51.040920583307205,3523171,241538879.98304403
2026-01-01,600113,51.14908779968256,51.28380295562355,50.84700662721137,50.9611606121158,2677549,138839707.66264907
2026-01-02,600113,52.269784828416086,52.59447127716847,50.55507717619278,51.88908529319141,6935614,380843916.4649946
2026-01-05,600113,51.47869804316483,52.84031623366326,50.79087321340207,51.85178725776155,7468407,452343422.09035885
2026-01-06,600113,52.19214828532348,52.03483878522721,50.63584395737092,51.85140078651928,6488909,469161306.14948916
2026-01-07,600113,52.13771846932962,52.75807027976451,51.12640685192433,52.17837882537999,3507093,249630135.44243652
2026-01-08,600113,52.22993240027065,53.32763254407136,52.274486757793895,52.704788512804825,6246336,404527169.5048624
2026-01-09,600113,52.267617205760175,54.17882206896184,51.544573232465055,52.76437548940365,4139542,266915448.69260365
2026-01-12,600113,53.35909109353813,54.1688150266986,52.33055277799581,52.8830519468878,4438891,269592408.2774335
2026-01-13,600113,52.63747440839131,53.44624076577901,52.38721804984436,52.59268427613167,7472617,547397740.7897389
2026-01-14,600113,52.12712571665474,53.75148339985148,50.958425464925014,52.38313688389545,3137566,223898942.22388375
2026-01-15,600113,51.631174333286936,52.10244885749356,50.43323656222266,51.287530296280075,4353191,273399569.2477454
2026-01-16,600113,50.83679375891425,52.01214069550233,49.98395598969278,50.84423796513074,2244539,160442303.95071435
2026-01-19,600113,52.884389806821076,53.71219837587697,52.52390453380667,52.76687055318322,4446260,247933813.32385767
2026-01-20,600113,53.360979288581106,54.31691227691915,52.64812877468653,53.79089055232098,5880933,403287805.739599
2026-01-21,600113,54.007775615158884,55.79620600145852,52.932536947549494,54.21676486262793,5023516,388246077.9481807
2026-01-22,600113,54.67847630582724,54.58360801001432,53.09346371318605,54.520945427994874,9466749,735649262.6973524
2026-01-23,600113,54.58461876652676,55.04889330296174,53.853000296630725,54.84330813233016,2627007,175353439.8428707
2026-01-26,600113,54.22877800275097,54.8158507008678,53.42860189180076,54.49890991199532,4144436,269728790.32722735
2026-01-27,600113,55.35518101579895,56.0281786654593,54.243530960980735,55.09284985667358,4353762,272248804.4431385
2026-01-28,600113,55.60604327843356,57.160669523226574,55.07571699038635,56.006709778911485,7078431,433148774.87314785
2026-01-29,600113,56.971045124994106,56.87711897270857,56.526398811048914,56.83435699578682,4736304,353491980.2884511
2026-01-30,600113,55.95776418222935,57.38553719194749,55.140287928464225,55.868852797967904,5861148,377871693.2933552
2026-02-02,600113,56.70192347197004,57.688942345554246,56.94430987664366,57.031193295189645,9917860,592040272.4577873
2026-02-03,600113,55.955969020833486,56.68546656286583,55.01610747289039,56.24943134961356,8059429,477416434.86405396
2026-02-04,600113,54.670147347629324,55.830486126891756,54.83757258083933,55.15013249223204,7908919,572033721.9310282
2026-02-05,600113,56.23371418049976,57.220631247030795,55.287007618793076,56.35018655786685,8955191,750094990.8615669
2026-02-06,600113,57.47980786789094,57.56076204663103,56.39660786983849,57.45529777549073,3751760,280302192.5690153
2026-02-09,600113,59.53339984434679,60.72525157012763,58.15400132693059,59.93505302015485,2924416,247042767.85750505
2026-02-10,600113,61.18527807468288,61.171387627951205,59.268637072805,61.033566674486806,2458904,159305358.8397402
2026-02-11,600113,61.444361689730606,61.806723627687,60.591315221990406,61.18011596589342,7520188,611922933.9669071
2026-02-12,600113,61.68028236408467,63.075999718075806,61.46006409866961,62.027166749278635,9683097,858248905.9555062
2026-02-13,600113,62.732486008951334,64.48101919796714,61.56800198373348,62.91728780691551,8191522,765094629.5397037
2026-02-16,600113,62.476729888577765,62.9855298306574,61.15732570259148,62.777870040233466,8932679,573665316.8515874
2026-02-17,600113,63.167107245179736,63.990791644133274,62.91836820435299,63.38497533778247,1274490,104036399.19886498
2026-02-18,600113,63.16380351065198,63.48705381752575,61.79007550859099,63.46404809697332,5139782,424275511.9909532
2026-02-19,600113,66.53487844759188,67.1602587339132,65.19576459366151,66.25631448438136,9208789,860315035.6007555
2026-02-20,600113,66.4027924683993,67.27683201044478,65.47949853952753,66.03040390309246,5179650,489564589.6442874
2026-02-23,600113,64.48472077901154,65.33655586886584,64.07963537973208,64.88426598590675,9775701,880417757.9426427
2026-02-24,600113,64.36127392773552,65.36078125758146,62.74482898564258,64.49073585538011,2439594,219573925.37303066
2026-02-25,600113,64.22285280441065,64.50589818179684,63.96963011646051,64.11481218943425,3821832,332969672.809846
2026-02-26,600113,65.15490435519843,67.26434291033058,64.78724107771615,65.7894431392202,3661888,354665512.77514684
2026-02-27,600113,66.47793727701527,67.44872489154123,65.450780035301,66.02102846790649,1765079,162503973.50427964
2026-03-02,600113,66.1531465254215,67.13152881061711,64.53162696929346,66.26592583735066,1309941,89434179.30246113
2026-03-03,600113,65.46063017266853,66.6285365416259,65.39118320790983,66.1182311388689,6942453,523597781.5525943
2026-03-04,600113,65.84979151962038,67.05427112919243,64.78697601995718,65.67456830743367,5491897,450655177.06058407
2026-03-05,600113,65.25472957546161,66.53984173082767,63.79799742086921,65.17518659340232,3077745,249382512.5273137
2026-03-06,600113,63.11890593515741,63.98646853984641,61.83615245377367,63.60150536193553,3148851,242362191.17741135
2026-03-09,600113,64.0356857763882,65.37206087531591,62.613103078489495,64.30256710378012,9787851,752515022.699182
2026-03-10,600113,64.6815642964516,66.0502035969067,63.80586098873889,64.74757386572824,8172114,703241711.6545821
2026-03-11,600113,64.4909167721915,65.78963989046197,62.63988409492979,64.46233108443289,4228919,280112378.01146454
2026-03-12,600113,64.78762122090222,66.42594521512369,64.69304491567827,64.86971682281131,8712097,765340651.313958
2026-03-13,600113,64.41769882845468,64.89749702028554,64.07185143571259,64.35689221644236,7781343,619432275.8418014
2026-03-16,600113,62.042495887995116,64.01994497821562,62.09384893908692,62.50544260079838,6632915,588165433.4320488
2026-03-17,600113,62.7541550659892,64.00845820976262,62.303288807166496,62.58658011123109,4672865,357475872.71916544
2026-03-18,600113,60.99230893277055,61.61434301391001,60.219292558635615,61.03211989365544,3140502,227280170.03080505
2026-03-19,600113,62.66922264992756,63.127975639412924,61.27033980053455,62.157934443025496,8935202,574334118.8348485
2026-03-20,600113,62.309311122633495,62.859670275847535,61.50058408549321,62.345003493096115,1406729,116792425.68094717
2026-03-23,600113,63.90153757265335,64.8215241684986,62.39466535062553,63.703510462134616,9972432,668513582.38056
2026-03-24,600113,63.46292625842042,64.41369226223594,62.2390376156002,63.52646799128669,5504245,455334726.9776446
2026-03-25,600113,62.302402209318004,63.7503679679571,60.219916096414615,61.92252374484504,1549919,105467703.35734554
2026-03-26,600113,61.32621331437615,62.768207895945324,59.9610100729397,61.777661942424906,2233128,153970763.60557383
2026-03-27,600113,62.09256101314606,62.746919137959566,60.49736875631765,61.535237607458974,4915232,377817469.9607933
2026-03-30,600113,62.68873861291743,64.14267500670412,61.91691645514252,62.93974028091882,4317150,305414010.5169161
2026-03-31,600113,62.738098051364055,63.63137909458165,61.83843473389842,63.2422063516625,2442488,201383345.12441498
2026-04-01,600113,62.432913945198365,64.55096405718567,61.12701178066843,62.87604416157644,9205790,666153241.134634
2026-04-02,600113,65.3368198725594,64.90869326390289,63.23640417245252,64.85601017011612,9563122,848521357.511509
2026-04-03,600113,64.60623335140285,65.89466723601583,62.81635061045329,64.70358630072192,3248687,269434438.2496676
2026-04-06,600113,64.79135920792459,65.10676059732756,62.824561023556754,64.30361575862906,2629619,232265914.82699886
2026-04-07,600113,63.48550517911582,64.22803530347703,63.20350873265965,63.44096541246846,6916433,574907667.6979057
2026-04-08,600113,62.03043584492076,62.96367581245189,61.26005485370259,61.84835859895184,3102454,200707289.19650888
2026-04-09,600113,61.41832576946569,63.1982422158486,59.8366990579304,61.67883322105701,9829981,711159848.3072993
2026-04-10,600113,61.98461178512601,64.03754825428305,60.899252514360995,62.437186672937784,3069298,234027785.30708575
2026-04-13,600113,63.63990102863246,64.63412345367257,62.407598048604335,64.04120370669762,8884407,572479246.7908291
2026-04-14,600113,64.33115914707301,64.85766655597817,62.642583195643965,64.31286440608893,7413223,544412902.1854904
2026-04-15,600113,65.54887166192296,66.62014592029308,64.82846888407882,65.18970747229511,5464390,358056455.3092376
2026-04-16,600113,64.73766462763173,66.63946238283155,64.0861269188567,64.8626528217394,8206105,620875525.2680453
2026-04-17,600113,66.66586310622594,67.37105006341632,65.9912750256963,66.14268444736636,7938971,616245792.8665586
2026-04-20,600113,64.64372099703397,65.56431141157165,64.02200899036694,64.5178437089937,7080699,624669327.8960974
2026-04-21,600113,63.47577215465116,64.36439259593996,61.83734104078535,63.41378270241454,7044642,597331955.2484956
2026-04-22,600113,62.861026899017304,64.27790787863265,62.29317507144632,62.633423715403836,9613159,624121513.8485475
2026-04-23,600113,61.70164588276644,61.43034234353201,61.11641140755132,61.184635907753986,6221514,416219856.443804
2026-04-24,600113,60.25240561524925,61.81575963202072,59.99129441835118,60.14681596176615,9165560,680399412.8338511
2026-04-27,600113,59.52289793575691,61.57404062957108,58.76351946003525,59.95544284553772,5000189,395276813.82875174
2026-04-28,600113,58.380321110509996,60.66647643049868,58.45571902949105,58.95051745917937,5860492,447427379.35204935
2026-04-29,600113,59.28540582020436,60.87666334454924,58.79292488900509,59.80648438639251,5099312,404510469.0041774
2026-04-30,600113,61.20791550782447,62.09857922114683,60.63382128394349,60.731168507486416,8146330,623078350.0777336
