date,code,open,high,low,close,volume,amount
2015-01-01,688039,25.062353966749956,25.693305009603737,24.801503085321407,25.277289500704853,4198876,139332865.31243873
2015-01-02,688039,25.58178031436625,25.726906771509885,24.881713497935706,25.53744464250935,3524407,93464723.6332537
2015-01-05,688039,25.846074531298854,26.618222269491426,25.32231508561509,26.041829030538583,3034735,104374390.41325383
2015-01-06,688039,26.435952512803745,26.707253505095103,26.4906308506818,26.52730011982423,5353686,178516856.61714786
2015-01-07,688039,26.697691869784073,27.1840967775188,26.432299692467073,26.802683762781793,1365982,46770090.15440339
2015-01-08,688039,26.799411277739306,27.343275334800683,26.033218442497013,26.83138394046109,4914997,138710809.38637692
2015-01-09,688039,27.21665534608607,28.110777106968523,26.725325828553128,27.446206588596425,6570983,256219977.9655863
2015-01-12,688039,28.07955213214984,28.862349346190282,27.720579404699425,28.127539157878022,2925837,88863541.39061885
2015-01-13,688039,28.526909055627794,28.91060327766959,27.7466503834057,28.33934064148377,7430218,275413992.2708635
2015-01-14,688039,28.216656654580692,28.393501843531947,28.234470680533907,28.373421152182583,1250383,51615083.41125401
2015-01-15,688039,28.613131442401766,28.805613336801027,28.58165579837024,28.780693072731697,8347336,327766307.5228892
2015-01-16,688039,28.11925209341521,28.93130759258188,27.862887437475184,28.38858499158746,6966330,281067949.7507662
2015-01-19,688039,28.513853069374125,29.40867438041577,28.48610817348206,28.697278318745884,8304975,328272645.7460716
2015-01-20,688039,28.49493950471791,28.722944591570247,27.89033407521159,28.68024448834069,7174714,282357612.75317985
2015-01-21,688039,28.524602515601153,28.690192923043803,27.940638773308,28.363396705439882,5486111,172041312.7199711
2015-01-22,688039,27.536211562540494,27.553712049115678,26.997746175768704,27.43913366688838,9282561,274149920.47839046
2015-01-23,688039,27.249510415936854,27.44795639775727,26.93717280869679,27.41937324244622,6903314,210617646.85672426
2015-01-26,688039,27.8108361524026,27.97452664619274,27.47219193190994,27.901315554021195,1064160,43065729.23052547
2015-01-27,688039,27.8753490863578,27.868452857581087,27.06151827231402,27.705996329750693,6710961,214252748.82223743
2015-01-28,688039,28.813362767984806,28.774230480964114,28.52691966746319,28.53076543570845,2240352,90228260.86497314
2015-01-29,688039,28.6176153467057,29.013038932707786,28.668752827403143,28.868286895456432,2365376,81303677.28428954
2015-01-30,688039,28.357590337637564,28.659421916795864,28.445433920500715,28.60712532269107,9164976,320665698.8035461
2015-02-02,688039,28.80528600539889,28.869553497824132,28.078016376935555,28.786583714226825,5341292,218473740.739517
2015-02-03,688039,28.626946053641706,29.597512757117986,28.43917736145749,28.798030786691893,5157554,155050770.85184184
2015-02-04,688039,27.975618545489986,28.85291458102229,27.865610959665116,28.03910081609498,7959660,256244629.38547558
2015-02-05,688039,27.292731325077007,27.71307370802792,27.122038779869357,27.433749061552415,7759357,218210618.1737695
2015-02-06,688039,28.477047727463212,28.646150894792807,28.510306411387607,28.524337887430164,8286351,325963429.0582974
2015-02-09,688039,27.89661317523542,28.690386484365455,27.888780604665957,28.08589740278981,9330471,344481282.2709649
2015-02-10,688039,28.10849019745544,28.211667147616655,27.562317863610254,28.081648037566904,8294925,306949720.7118705
2015-02-11,688039,28.41818328517245,28.883331326713495,28.23624198723569,28.461826736278308,8485001,355298979.5757515
2015-02-12,688039,28.52520731885033,29.020009140723378,28.535933858448367,28.74715934847859,4026084,128888347.42255345
2015-02-13,688039,28.327893278005593,28.778756563377357,28.26356391978479,28.609545906108135,2625740,99895476.73793119
2015-02-16,688039,29.356260008703234,29.616194251008903,28.385798488433668,29.09975446547838,4264906,140344864.70612898
2015-02-17,688039,29.07198510243786,29.86741737147587,29.2215607644096,29.334044269125187,1829478,60709386.04661671
2015-02-18,688039,29.07324272993057,29.19329026183669,29.08549280235817,29.159682166977174,6424835,272883875.21319264
2015-02-19,688039,29.01524871935162,29.67016621503117,28.395502368667753,28.884020842238385,8014457,239760041.1294271
2015-02-20,688039,29.106404254428487,29.965125558707822,29.056191080347833,29.220537651109062,1055270,37181975.653235964
2015-02-23,688039,29.15773854449143,29.530254999401965,28.855694669162435,29.24217550316541,4936174,189436001.0073095
2015-02-24,688039,28.90690583671443,29.57959864467217,28.86737608897454,29.024198326574687,9244075,322527570.1581128
2015-02-25,688039,29.236165951904926,29.700268785006735,28.53590174140828,29.09531036929502,2584661,99205582.88636321
2015-02-26,688039,28.784660286540376,28.75615495995984,28.672652846538988,28.751629342694955,9906401,312463739.1703365
2015-02-27,688039,28.384645173381095,29.123548764540345,27.71199424410344,28.4279163006178,6268127,188853030.75322887
2015-03-02,688039,28.6858610623065,29.78210430009307,28.397986651618393,28.94422256293904,9755494,304435200.29771125
2015-03-03,688039,28.54236481540739,28.73168295521179,27.87915831413135,28.65006404550437,2293460,92922141.31241897
2015-03-04,688039,27.84330253344382,28.671569851328062,27.82894099291383,28.043562301318225,2520592,83583831.7705723
2015-03-05,688039,28.090446528243376,28.13810072441176,27.527340441137248,27.8769998102581,5501030,168940941.27721977
2015-03-06,688039,28.61174667425785,28.68455118990804,28.13744991070054,28.481635958623855,3792000,160317751.26400498
2015-03-09,688039,27.934359437707627,28.591725460684714,27.55923762963515,28.16289160617712,8292475,259739712.04559138
2015-03-10,688039,27.109528159422315,28.129535831740064,26.854273122371293,27.338326238717624,3490258,115461558.18108477
2015-03-11,688039,27.448253297209202,27.978020360892813,26.66370671365138,27.44567017601085,1723520,55951656.2123581
2015-03-12,688039,27.078588658540962,27.179612253090962,26.155186111967282,26.88018860214036,8192238,270569253.7140322
2015-03-13,688039,26.927609340416712,27.30154975458432,26.720620437080836,27.03404128015763,1209614,33693226.29481423
2015-03-16,688039,27.168410317583472,27.71091085105101,26.87788167707296,27.110484845018465,5949820,231027026.83996212
2015-03-17,688039,26.602432968408866,27.240579050549627,26.22754701355904,26.59328161153379,6822232,232390930.42643335
2015-03-18,688039,26.432585777175603,26.53470915450787,26.241497059080867,26.518388036792775,5529526,175565982.9835623
2015-03-19,688039,26.651642475554958,26.812708121328168,26.17021409540747,26.682722782397565,8521166,234945912.96081582
2015-03-20,688039,26.95974820886565,27.269498036255627,26.742599677444023,26.99259902902635,9587285,273258579.74073505
2015-03-23,688039,27.38880433836697,27.75281057092984,26.84659792846943,27.203896037939636,9761999,351446248.16464925
2015-03-24,688039,26.740047912185435,27.44318235907282,26.449081395254982,27.007889977653456,9351274,368672015.4638404
2015-03-25,688039,26.78783401435768,27.27028527786327,26.564231476749086,26.689620537103405,4649504,133102801.07762083
2015-03-26,688039,26.54205137429244,26.8416077356743,25.883780511434498,26.442052787439792,1530356,56072452.348441735
2015-03-27,688039,26.62433818898607,27.077369930059458,26.684907473167712,26.8629948524299,5460820,176587846.9072014
2015-03-30,688039,27.26387959572565,27.88168029889275,27.242673849938612,27.26246279380119,4612961,132157259.62182249
2015-03-31,688039,27.040411911608143,27.563410968960625,26.784445552428096,27.21003506950193,5746053,166879407.40408936
2015-04-01,688039,27.186091993951088,27.684141100614248,26.671563157269794,27.428874765715214,1288684,51931991.08726363
2015-04-02,688039,27.368530324490127,27.88200461711018,27.367859977540416,27.585135930216452,8945600,249707478.79857057
2015-04-03,688039,27.828904122115876,28.40385543907169,27.180675583061046,27.768655367224184,7528197,276608722.9896331
2015-04-06,688039,27.922891330139063,28.527157177632343,27.85387362575987,27.96001169745807,3481817,139772563.38785887
2015-04-07,688039,27.47791048806249,27.834319112794166,27.365577556236794,27.638786888566617,8805329,322569296.28730345
2015-04-08,688039,27.68598918173103,27.897003590028078,26.627607223205295,27.437264828920892,5681683,208063989.63707325
2015-04-09,688039,27.679819471667816,28.11061831976475,27.340167331397726,27.83079441745588,8326756,337668138.1836475
2015-04-10,688039,27.630792797450088,27.71740722808924,26.67523987568649,27.385589969993667,5396496,194601262.64264682
2015-04-13,688039,26.89596416660207,27.760686625070765,26.677703469295327,27.10319716115989,5394450,159530899.7862986
2015-04-14,688039,27.25755098590758,27.86064594239819,26.869015683491767,27.121140733184887,9357754,337084570.4265839
2015-04-15,688039,27.373418662011808,28.094517486119802,27.00486523500508,27.302780912165993,2647972,75922593.14774607
2015-04-16,688039,27.414416537785915,28.133108544080592,27.058867989769485,27.492524586757003,7814236,277540391.80945975
2015-04-17,688039,27.05935456551546,27.79835000524944,27.225343754820827,27.26134766213341,2609708,83985504.24513823
2015-04-20,688039,27.028473607687204,27.551975874762586,26.818014872096736,27.109320833921622,2729075,98814480.99902774
2015-04-21,688039,26.70814658197278,26.644519145723084,26.242687653407565,26.576214740061886,4193676,116168693.02459668
2015-04-22,688039,26.635660659118887,26.7985893044148,26.044790746072643,26.642517060883197,3358225,132775870.61101264
2015-04-23,688039,26.818585744880284,26.933145754938504,26.335794142992114,26.79330285506074,5934060,190524189.21274096
2015-04-24,688039,26.950438465562687,26.99048252856967,26.134738846110807,26.863057019534182,2296826,70156027.03863208
2015-04-27,688039,27.26816299227398,27.599514785804644,26.498602709797563,27.21013355593844,4452046,179946493.42170483
2015-04-28,688039,27.167584850087447,28.01827050979211,27.121424301278424,27.375665245894247,6680886,246999894.05436614
2015-04-29,688039,27.33401812617465,28.005027885366637,27.02189208082203,27.213978702292778,1745024,67663783.79948251
2015-04-30,688039,26.888380017590706,27.66987545705152,26.936119798791417,27.068355450530863,3116256,122874031.8669527
2015-05-01,688039,27.058179288436417,27.644988271560507,26.97775910788446,27.05298351646517,4160574,119824987.8297312
2015-05-04,688039,27.27713043483786,27.534988991725765,26.499941897014672,27.063069807199415,8898761,323103208.92602044
2015-05-05,688039,27.195308021860807,27.664928943332328,27.167188543160073,27.45924777838266,3400093,130232915.72702469
2015-05-06,688039,27.334381438445256,27.980236879447,26.86987747730332,27.52729873641831,1877412,55627345.295557775
2015-05-07,688039,26.937408322356813,27.752907316947667,26.558907133353998,27.160100997699992,1987184,69692266.95487128
2015-05-08,688039,27.64026909025206,27.989874732597197,26.944730756368113,27.663356700238538,1718403,49096330.269089594
2015-05-11,688039,27.95593331477286,27.841275420974956,27.608163913381766,27.712894716398093,7091839,201614099.51798964
2015-05-12,688039,27.469492866443453,27.807387585129504,27.03456037112403,27.61797342677449,3580539,113112476.73992331
2015-05-13,688039,27.65708394007494,28.435736095082333,27.284525434922358,27.694254739549724,3812753,153023014.2317146
2015-05-14,688039,27.28620194885695,28.03010178560958,26.623885532560305,27.334451250371114,9350466,269084023.9116211
2015-05-15,688039,27.179538785249814,27.756363803917115,26.665913561327606,27.249622419857225,4362001,150150727.1463653
2015-05-18,688039,27.10590092904983,27.393259108375265,26.930619448421634,27.20960952885113,9729534,340818099.4026505
2015-05-19,688039,27.26651542762218,27.623573094711368,26.323960718100135,27.061599558149037,8356773,234011918.7653755
2015-05-20,688039,27.36249912101733,27.333286801730498,27.194295138260248,27.223159358541423,9057815,261560301.79804194
2015-05-21,688039,26.80592942104075,27.29932515351027,26.4632058197466,26.650174249457017,4052730,130885329.58611406
2015-05-22,688039,27.102699330681002,27.64068393316639,26.42570426028858,27.133789483738838,7350805,273387143.3319978
2015-05-25,688039,27.375050414661953,27.610311405823317,27.128704971763376,27.259128070471167,5348745,162686047.9330755
2015-05-26,688039,26.696799068582195,27.332027163290615,26.346467336956557,26.8941572457606,2641852,71206282.52555706
2015-05-27,688039,26.531929283345615,27.33432705562401,26.579855203883316,26.60669721719904,9459216,343970908.64432776
2015-05-28,688039,26.595023065404025,26.960728866037556,25.78821102617831,26.444677045540775,3666858,136735062.20716238
2015-05-29,688039,26.91969611214711,26.91089957449454,26.103537675202226,26.692116297186438,7684047,222052651.6522205
2015-06-01,688039,25.896795377067157,26.640236439149273,25.91841158188959,25.98671365766158,9871380,379136732.2704007
2015-06-02,688039,25.55386050759077,26.095177464088742,24.62193676857299,25.383392973280323,4216703,143582448.29603487
2015-06-03,688039,25.60030258484321,26.091362276875085,25.065639586145682,25.772183466182433,5034132,184231654.070402
2015-06-04,688039,25.12929736015767,25.79023514632752,24.56816132695923,25.098124881552934,7367015,206759755.69709092
2015-06-05,688039,24.88254780744742,24.95267783075378,24.07340592406695,24.675342171451945,8679572,243283536.2677342
2015-06-08,688039,24.96847258721962,25.667722121066504,24.384463271051356,25.09571963188551,8043447,203598319.61489946
2015-06-09,688039,24.755145726913618,24.88210456779008,24.126216127093798,24.8498016539385,1451521,47973912.178126775
2015-06-10,688039,24.71326451831872,24.93044825091053,23.785045031074265,24.49168649929777,6306122,206809096.8733919
2015-06-11,688039,24.76832517624298,24.98106808038023,24.442242037102062,24.600384630684367,1491978,43759196.765343904
2015-06-12,688039,24.372559762600282,24.760952944049876,23.670645279170376,24.357215941025025,3150857,103446893.25700706
2015-06-15,688039,24.665552209754175,24.848498509026268,23.929512242945783,24.530242741990513,3981046,112923308.1519951
2015-06-16,688039,24.657132677038412,25.457829887193476,23.98393673712266,24.717830055940972,5158197,151827680.12422296
2015-06-17,688039,23.966902259467016,24.541629177698866,23.77417422084102,24.196742326755746,7504145,242183935.52004558
2015-06-18,688039,24.74616034281576,25.059722383177828,23.933928372089568,24.603715441920748,8009918,245464693.89866817
2015-06-19,688039,24.71961277853362,24.904705123948826,24.711947765158836,24.88741556094567,9859703,303012454.1847113
2015-06-22,688039,24.916717284984532,25.41044361413634,24.762648431480613,24.799078484199704,9466104,298845885.5463335
2015-06-23,688039,25.18064613857038,25.731941446078466,24.485350137392775,24.985261106073985,7428247,239936726.9905357
2015-06-24,688039,24.84029107640145,24.663045905533288,24.302275469854933,24.613558526466115,9653862,259740805.49633676
2015-06-25,688039,24.96194386210825,25.67793151644963,24.677846350603865,25.14543347325875,2394870,78874345.61899418
2015-06-26,688039,24.746268752802102,24.918287990701288,24.518136931370908,24.59046565555731,4146055,133415724.11999014
2015-06-29,688039,24.401226954941826,24.83789523911996,23.895180222314178,24.467255869396077,4029634,140101064.45884416
2015-06-30,688039,24.410769436642198,24.876499157343183,24.195427852154232,24.293425940599974,9047696,247879206.48296517
2015-07-01,688039,24.257761783538577,24.842916604262374,24.360662434075216,24.500980684898373,5520905,180769863.4948236
2015-07-02,688039,23.94485984831672,24.677533463800728,23.755103518437934,24.107229824489625,9115057,269790791.0297719
2015-07-03,688039,24.32094321186291,24.72315822964567,24.159971332421435,24.178235762181075,7154589,186849284.73415482
2015-07-06,688039,24.38627788043677,24.23310423552863,23.951983205451643,24.145825285824593,6673088,232628783.6455354
2015-07-07,688039,23.84125560703081,24.215127003127566,23.723576279709565,23.9526501255955,1133196,32308069.368599087
2015-07-08,688039,23.91100081359347,24.421843359656666,23.15655123727572,23.742127642194525,6868479,174826765.5554452
2015-07-09,688039,23.84967011735166,24.380161827111664,23.671619898461582,23.69677208907817,2881059,84805255.85437551
2015-07-10,688039,24.058731132948353,24.572569756465295,23.705409408956463,23.983615737478438,5130503,161988711.86498508
2015-07-13,688039,23.84655229395926,24.426046625763796,23.888255871504924,24.075541912174714,4497488,151307600.07200435
2015-07-14,688039,24.199540701657188,24.611282011950472,23.677092658230457,24.05678762554929,1134309,33500362.574335855
2015-07-15,688039,24.064131952955574,24.59564810630625,23.78856975362731,24.122231759506352,3145750,76449866.0515246
2015-07-16,688039,23.820744082907108,24.039521928900765,23.60084627629193,24.023613613003967,9924603,323574274.41153646
2015-07-17,688039,23.55712476483986,23.98087596516277,23.627739374767856,23.642650973205107,5954993,156186063.9425582
2015-07-20,688039,23.497122629565002,23.957550728357912,23.25482947791526,23.696301687488223,6860891,171148867.10343558
2015-07-21,688039,23.917778293681522,24.281194334897066,23.209330140186644,23.71535844553188,3032896,93482516.18916875
2015-07-22,688039,23.9729134799706,24.10650381008785,23.646888840363328,23.99838573554794,6266157,176669748.21933538
2015-07-23,688039,24.144742464704343,24.472028297409636,23.596328142676267,23.93067726974695,7088798,242398927.1415782
2015-07-24,688039,23.521880000089123,23.977979892637077,23.375047050812263,23.42170859744887,4004973,127519157.76343982
2015-07-27,688039,23.635686924051953,23.95763302776009,23.298945416959885,23.79031321072509,7049035,203336428.9061757
2015-07-28,688039,23.839295472538918,24.255018827499338,23.636265219141,23.918905241660774,5224776,169647298.42485327
2015-07-29,688039,23.46016946983578,23.981567474713625,23.484247660385236,23.566097866325215,2614909,67496483.7190492
2015-07-30,688039,23.48154934851007,23.73930871053212,23.452431594623924,23.472597167589484,1562917,37941232.14268599
2015-07-31,688039,23.542662642603933,23.36574837614496,22.691547395134155,23.326183049374137,3670496,86021566.31367263
2015-08-03,688039,23.615103314196965,24.03194328833429,23.45112701884288,23.486175500053186,3484722,106954326.75903678
2015-08-04,688039,23.604811936093864,23.593652838378013,23.268143697675566,23.388266808528286,7610192,260746494.6073838
2015-08-05,688039,24.202725303121312,24.499858950140506,23.881897101501348,24.065104984401152,5410259,163926195.92734382
2015-08-06,688039,24.50139529493246,24.712958492460523,24.349885085249507,24.363120641713607,4339957,133398021.221659
2015-08-07,688039,24.647594571419646,24.799461970285538,24.14050200320826,24.76181646430608,6268640,232297977.33210385
2015-08-10,688039,24.412924704541332,24.81787128948793,24.179616789173483,24.34197235380217,7507734,220374688.43879408
2015-08-11,688039,24.47905334140402,24.962139473085934,24.25747941640534,24.507732812119094,2958870,94161094.30250056
2015-08-12,688039,24.429912085663258,25.126409332331754,24.02513966237087,24.653378943069697,4075615,131830923.16054238
2015-08-13,688039,24.80406965665146,25.004858059801272,24.257788542416918,24.74468036438372,6522117,167515306.8724624
2015-08-14,688039,24.6850197266692,25.08172056389249,24.71725257904247,24.898216505413036,6128355,215567655.3531776
2015-08-17,688039,24.78166847335878,25.36588006528533,24.3973715023507,24.984098340872563,6844184,203097586.43571886
2015-08-18,688039,25.25110724424134,25.206907593174225,24.900994946586973,25.06101358006523,7789129,229352725.03602692
2015-08-19,688039,24.802778229830913,25.414956954640225,24.336987943317432,24.767416134751137,3480933,94137895.29076356
2015-08-20,688039,24.516333375912314,25.252422263832518,24.060155082642638,24.646569804539368,5950476,195413091.23071173
2015-08-21,688039,25.083842497655766,24.925142689945126,24.41331157907024,24.84017777242836,7200574,199657162.9095889
2015-08-24,688039,24.643743850059487,24.991603553548472,24.41114133666824,24.866767619496343,3612048,108687790.75326234
2015-08-25,688039,24.495932740496535,24.93624140498521,23.96587649164883,24.353628708063603,9422434,328862402.55702436
2015-08-26,688039,24.29981912635231,24.419036795721794,23.941236369450902,24.08891429031824,4080434,139753043.17306966
2015-08-27,688039,23.804594543872472,24.235139130733142,23.326481381742827,24.040327367986386,5504065,134817683.3933148
2015-08-28,688039,23.83133661174849,24.22231734703915,23.552225275749716,24.00952783377337,7339396,238030997.350181
2015-08-31,688039,23.965787781456616,24.44405593466862,23.51770976503977,23.96282872622084,6626040,165687892.04492596
2015-09-01,688039,23.991477983023856,24.243508010517935,23.609733430937336,24.1290296274014,3930217,116243129.85494164
2015-09-02,688039,24.441988105499586,24.510095922517912,23.74109236903307,24.203909043537564,8262863,269231955.71112967
2015-09-03,688039,24.461151860257036,24.496013537044053,24.07431872973939,24.267989937741724,8551782,289528005.0938131
2015-09-04,688039,24.41195020682283,24.48638678469983,23.97273669762377,24.178379666495513,7112219,194910820.05351818
2015-09-07,688039,24.180491393605543,24.657024761696817,23.61906615910229,23.99004782657905,7369020,196895272.50125572
2015-09-08,688039,24.32335288724891,24.8932119496648,23.842555114672656,24.2793229518929,5042987,163792722.0349915
2015-09-09,688039,24.27382490685602,25.037460497005945,23.922527652750947,24.49618832100318,2658655,81399210.00313605
2015-09-10,688039,24.77189240827072,25.60892797383752,24.160491352301754,24.883766841608775,9007960,301535186.19174916
2015-09-11,688039,24.653568290051282,25.175194884378833,23.97958320173726,24.63383424849858,3543625,87975361.53433709
2015-09-14,688039,24.788647527723626,25.333279105194496,24.190868366098613,24.785688990962562,5072226,159350335.48547515
2015-09-15,688039,25.44043362620901,25.64980954342537,24.50223936123445,25.237361438522537,6226974,214383132.57225052
2015-09-16,688039,25.046762426941523,25.713200145437686,24.467535673743242,25.210384254178674,8139388,273721396.6994207
2015-09-17,688039,25.632535925314944,25.781693692367348,24.70386456629064,25.404631544048662,8011654,209803554.65294492
2015-09-18,688039,25.676564604044913,25.578521861868747,24.995563854116885,25.52547481509995,2804664,84538953.10320303
2015-09-21,688039,25.285542291034474,25.473431519859957,24.610708167180583,25.266905910198627,6802460,188876725.93717504
2015-09-22,688039,25.231280015623184,25.71407008912998,24.968614027614592,25.131741625995847,7423270,253379344.342446
2015-09-23,688039,24.850076802190177,25.289616424771747,24.43227376016856,25.06932858423494,5678478,206641800.8034985
2015-09-24,688039,25.591611932152702,25.548223489002705,25.352980816106555,25.40384883742172,1265752,41843753.61178869
2015-09-25,688039,25.26865779095735,25.46521116472022,25.16618139658513,25.26039785097413,6725724,227394728.77751085
2015-09-28,688039,25.284153331477953,25.472292411506512,25.145444976072945,25.34046185340381,3568156,107476560.13014793
2015-09-29,688039,25.654053298642342,25.48774045098928,25.090112427236228,25.477875281340857,6669907,204580646.00373152
2015-09-30,688039,24.596819727108414,25.37626695912119,24.225888217857413,24.67784381278785,7809810,237397870.95312098
2015-10-01,688039,24.406421670954494,25.022236388804515,24.33828230502554,24.60814722198736,5296557,180478242.52877182
2015-10-02,688039,24.976562374252314,25.185942676447212,24.786740269087023,24.793455159652417,8049472,237302619.0074056
2015-10-05,688039,24.895320854279667,25.377740128227195,24.636814484150882,25.056014807492947,9754424,338874060.6203568
2015-10-06,688039,25.335194555610396,25.684284795705732,25.103554041921225,25.369545666947715,6348515,227745159.61420193
2015-10-07,688039,26.085924016211337,26.612912697400372,25.767885731934392,25.935478678538157,6344693,207571255.20693424
2015-10-08,688039,26.168743560780783,26.679643936735374,25.441282178324773,26.021749676629568,8699595,242630817.4929689
2015-10-09,688039,26.43787782691488,27.155802453923712,25.998190180162183,26.45317870260703,3715285,111228635.15262355
2015-10-12,688039,26.837433940051703,27.279317492033016,25.93099143207885,26.57794479183167,7316517,204558339.82132286
2015-10-13,688039,27.26256556927942,27.418331643486646,26.619579370443372,27.002894654865383,8817005,349646859.63614863
2015-10-14,688039,26.974668271313657,27.35342993019685,26.620802484707834,26.840836288249225,9092135,363247786.66393125
2015-10-15,688039,27.150304166357564,27.31540574262678,26.814925675971615,27.208565751260906,3312305,102276534.81449084
2015-10-16,688039,27.486804526338993,27.596598465827384,27.511288311853924,27.588078744685948,9818656,274508855.6645171
2015-10-19,688039,27.11590573693752,27.849963494127717,27.056447039938124,27.365005215978673,3426928,116598476.84653571
2015-10-20,688039,27.29309710608412,27.309722166983903,27.249435576454744,27.25374572114993,4907264,195527134.8799463
2015-10-21,688039,26.895856594104078,27.24664778482512,27.08538765513759,27.09464811247558,2847093,80882619.76354027
2015-10-22,688039,27.615531082849134,28.468311809685403,27.811382656648497,27.87174760110911,6118433,242252145.23421258
2015-10-23,688039,27.50117546567009,27.97705523084765,26.885941035607825,27.538537278097206,4116870,167125073.4851782
2015-10-26,688039,28.191650559278695,28.278462827354144,27.64522959432165,28.13982237058402,3535297,127558635.51377457
2015-10-27,688039,28.21159064130754,29.097477087826906,28.473571359030853,28.482178292993122,2846127,111694427.37786186
2015-10-28,688039,29.105218141255815,29.988725760700994,28.473066959922267,29.123716045270243,7106484,259500096.56075275
2015-10-29,688039,29.21223797066983,29.550037103664774,28.86908137191844,29.151762496091745,6739672,211305593.58708993
2015-10-30,688039,29.45538713987207,29.764086239570833,28.955903551988392,29.546380665372713,1292302,55644141.35538024
2015-11-02,688039,29.538407235903573,30.090569699761236,29.259297909780564,29.46296524356532,5131869,205975265.9816377
2015-11-03,688039,29.635596972742395,30.181473594467906,29.176897781916058,29.722513350842835,1044930,40072931.05863232
2015-11-04,688039,29.76051838693931,29.855735106319543,29.603955755296838,29.800816608318346,9027877,403244495.9517333
2015-11-05,688039,29.389408633752243,29.882193328084572,29.130092035861278,29.145273104972162,1440133,54192252.64557641
2015-11-06,688039,29.072837027719157,30.14526235709151,28.577279763153896,29.348498839520598,7575780,319907527.40492296
2015-11-09,688039,29.052658262655168,29.190500954627787,28.712111229138312,29.097275871432885,4128364,148323215.44172576
2015-11-10,688039,29.397944613169038,29.415449754952803,28.944191351118054,29.191389839702182,1384428,46881682.56010224
2015-11-11,688039,28.842864936108608,29.507161786064298,28.563520265238736,28.946242128916598,8307771,254379622.34127092
2015-11-12,688039,29.401999514483958,29.917424835700565,28.312429969976698,29.158383910444602,8528724,293849585.7379763
2015-11-13,688039,29.204233325272224,29.688872052137558,28.82540181796097,29.268679494482207,9308226,330425524.80011624
2015-11-16,688039,29.687179578071675,30.427600189979437,29.08801472669165,29.861354500430828,1458657,58924526.66881771
2015-11-17,688039,30.277247988894818,31.168580425720922,29.652223703231794,30.47320601503738,9547145,302463156.8672775
2015-11-18,688039,30.455423325306906,31.25561372422601,30.392519987564363,30.710556747066907,4690596,160290137.12668812
2015-11-19,688039,31.253113614947743,31.026837345139686,30.920863314323896,31.024027258702237,3159076,128199507.28731553
2015-11-20,688039,32.21259314780119,32.35174969347471,31.737654473094135,32.03708514007939,1835905,63456636.62080704
2015-11-23,688039,32.35838906345222,33.5689475340298,32.08531927393739,32.67994761103829,8269515,388826512.840439
2015-11-24,688039,32.907164637352956,33.000034179967074,31.919771328404444,32.81676939974321,6645588,236688492.33048958
2015-11-25,688039,32.10163306519039,32.767982405341336,31.40274417981177,32.21677616598896,8123353,338353471.331331
2015-11-26,688039,32.1631028047628,32.959177001490616,31.576784867366477,32.294224234920634,8784813,396074078.2324686
2015-11-27,688039,32.23741195919595,32.35967133662825,32.01676278896246,32.0795942578808,1587720,59579368.63384726
2015-11-30,688039,32.31161769244831,33.22649018234496,31.92679821818587,32.41195363546352,5245753,241255706.5679795
2015-12-01,688039,32.53003290746874,32.52871766494605,31.632597830822366,32.511532987824054,5173704,191227578.5014603
2015-12-02,688039,32.66936161164773,32.83249606006824,31.751126882037667,32.52543183138182,8824058,416574045.02200186
2015-12-03,688039,32.5825680332709,32.5203188296162,32.09343123391441,32.2774774559883,7873596,330041169.84402627
2015-12-04,688039,31.849715242992918,32.97046934376838,31.327680355523977,32.10372697316072,1820278,79811458.00372954
2015-12-07,688039,32.53746854803576,33.03448899683543,32.1957142459708,32.350353490913164,1229970,58759313.3707102
2015-12-08,688039,31.832033187200526,32.74633375459776,31.736574669500165,31.833786495789735,1569442,54127139.19612001
2015-12-09,688039,31.919835027224643,32.095725567500274,31.75355823648672,32.01187017239495,4784202,156144223.614866
2015-12-10,688039,31.954509290343776,32.645817889453866,31.72066448268124,31.96932910196418,6906160,259661697.0079088
2015-12-11,688039,31.641972405757016,32.49309808585718,31.908938546275895,31.956353530778983,6498288,259232256.8425267
2015-12-14,688039,32.084638084437614,32.797983835456,31.815711045359397,32.09587019113612,7314372,236997925.75223276
2015-12-15,688039,32.20053561527826,32.83549341212352,31.939898736960043,32.46307592956832,5848275,249702617.07325447
2015-12-16,688039,31.638541960873912,32.17625913976865,31.351616424939056,31.775484955391583,7793289,299177933.51669747
2015-12-17,688039,31.0345215569033,31.624570969523386,30.95361269949092,31.175199966822557,3665623,146458677.3214453
2015-12-18,688039,31.21016889476438,31.788796900071755,30.343887970345563,30.959852987653377,6320551,217699461.895023
2015-12-21,688039,31.75649153800128,31.907648658014867,30.55740087029047,31.47756477967386,3692994,155731467.42975017
2015-12-22,688039,31.322314767877188,32.018617757672104,31.115882453760427,31.376301009053474,2459871,100680097.45271206
2015-12-23,688039,31.52212797862569,31.60975390164759,30.877170164451794,31.27497105980017,5409000,239982858.29661417
2015-12-24,688039,31.637382301327197,31.846288891544706,30.96401421211768,31.822076159226942,9394249,325748912.9002171
2015-12-25,688039,30.977376864799297,32.09123034472207,30.77156144854803,31.19221183527481,1739809,71764477.60067369
2015-12-28,688039,31.01556291627731,31.264037204314313,30.40504206033398,31.06753554441536,7440449,258874978.4169054
2015-12-29,688039,32.05114937821061,31.861027871652368,31.394492596023458,31.755960306511717,1529845,50199613.43644576
2015-12-30,688039,31.50523858818111,31.45529275697464,31.246621896944,31.347887460009108,2310609,96727593.99685097
2015-12-31,688039,30.750375706668876,31.866768459194393,30.596969081973356,30.94738822950409,1129237,43857307.68527396
2016-01-01,688039,31.16316932993162,31.848797419662027,30.355081229673345,30.945624921305253,3427046,149013385.00443795
2016-01-04,688039,30.682347223363482,31.85306776238697,30.298193060214818,30.941866597539697,9273446,290136294.3972324
2016-01-05,688039,30.82244400598524,31.20168816861381,30.082006671455556,30.78522372909494,8261292,359682058.5969456
2016-01-06,688039,30.39097159940917,31.105756892379762,30.63759601712953,30.691545791533287,8870398,291696928.4046108
2016-01-07,688039,30.769899240300035,31.342476119640647,30.25976782709202,30.617721009760242,1495077,45856257.39366501
2016-01-08,688039,31.28502712054084,31.77416962963364,30.915110976740955,31.17119086716274,2723640,123247915.91937949
2016-01-11,688039,31.260941607022044,31.918428798146863,30.425432455247492,31.235464369434144,2402930,75427195.9934958
2016-01-12,688039,30.628938766275883,31.47256434321088,30.30353230926264,30.784263245122094,5215547,220236581.9787083
2016-01-13,688039,30.719639054655314,30.97984557773787,30.427204139990387,30.503260844916024,7354142,273231480.0315518
2016-01-14,688039,30.648587118141997,31.234592325297577,30.625338529915673,30.626567049204446,3605610,128515487.64410986
2016-01-15,688039,30.28085550024209,31.04730989114317,29.654932133120973,30.50206628303011,5259530,225812058.31206998
2016-01-18,688039,30.73371561408574,31.836588594644024,30.492958236439566,31.033652182150245,7923174,287886994.311047
2016-01-19,688039,31.047253966754923,31.113586683055757,30.318131344829133,31.05777107579114,7999318,356501444.6138663
2016-01-20,688039,31.823198267531325,31.925503264596532,30.75266028195426,31.561040060622833,2279396,80768171.5527281
2016-01-21,688039,31.620709154576563,32.15231524161777,31.263403395335246,31.50195005158865,6637270,288302304.2496189
2016-01-22,688039,32.05270037513676,32.376179281262054,31.292751010951953,32.02327534843158,2357640,94732408.78581056
2016-01-25,688039,31.717148482780843,31.972166165611785,31.309654538293966,31.46939468097629,7329539,344968110.1383859
2016-01-26,688039,32.175887181343946,32.54848779517719,31.45432970276404,32.35625505787759,1749611,64680784.844753884
2016-01-27,688039,31.88796932583768,32.69517442577239,31.194687710218968,32.04266608984335,6142852,284581711.61451894
2016-01-28,688039,32.02861124148877,32.82392006568685,31.58425182156245,32.34709181327387,1229781,46396834.24419907
2016-01-29,688039,31.96759774220458,31.88931268848446,31.286403662735577,31.725705645331317,3426712,141387003.76776505
2016-02-01,688039,31.809535719697173,32.29510201563012,31.539817461799775,31.683548831409798,7390625,234624165.83752316
2016-02-02,688039,31.86063983883906,32.577745690966424,30.969562963389468,31.765996105511604,6639349,311227052.39606965
2016-02-03,688039,32.24711833967835,33.13773870327012,31.419957305170314,32.25588635720041,8366540,290522446.1525989
2016-02-04,688039,32.83258652404425,33.10409639554928,32.64008911224094,33.02618876344937,9198760,353980703.16592777
2016-02-05,688039,33.43015769861533,34.027679425235526,33.423787207406264,33.50259582058271,6037157,216480059.73242217
2016-02-08,688039,34.56655342846808,35.03426650175536,33.37535264234133,34.31441649562741,6677278,249731791.58195445
2016-02-09,688039,34.10359699512985,34.216367819122794,33.66840126764223,34.04321893934484,9660598,358109199.91091585
2016-02-10,688039,34.11232883354372,34.55533221947929,33.88075159702668,34.112616806829024,6461180,302627083.60020983
2016-02-11,688039,34.23251587349048,35.05639804864284,34.03782767372708,34.44744608180613,5122532,250863100.6850809
2016-02-12,688039,34.597046171751906,35.3465947174747,34.16730780380786,34.91680670973502,9648561,503879879.39283264
2016-02-15,688039,34.271822053851935,34.772005454138586,33.69441810629106,34.048825295235346,2258876,100641517.9173476
2016-02-16,688039,34.2386482310358,34.36786471825022,33.9310538723674,34.04260460954424,5442021,246782754.16710505
2016-02-17,688039,33.32968797037533,34.27311041751527,32.595433997170844,33.456556681717416,2612718,120592133.61450852
2016-02-18,688039,34.44625356956856,34.746667640377936,33.48942951619199,34.11452826188656,2496156,110013199.81297734
2016-02-19,688039,33.511226419776605,34.433739168216185,33.48252590299968,33.69059659774257,5270651,255627403.47388762
2016-02-22,688039,33.67903669874894,33.96180507910552,33.54809449831113,33.647283789256505,4342561,165400156.81895038
2016-02-23,688039,33.662228099888324,34.380921091443,33.240551681990006,33.86382289695578,3827570,153068627.97799918
2016-02-24,688039,33.524751179066435,34.12594826565189,32.833791616690824,33.60362277405383,2496683,101327535.61408377
2016-02-25,688039,32.95662170159681,33.31664362305401,32.309449177834516,33.1593125344162,5634363,270623990.36236554
2016-02-26,688039,33.616535630957195,33.786623432617816,32.787140493535965,33.30940250687233,2870531,98051087.7077301
2016-02-29,688039,32.887784307087145,33.695318371929744,32.1763608626015,33.07059139993201,5213227,172419699.41089338
2016-03-01,688039,32.52964883474368,33.63113741427071,32.30306994131732,32.73490163344819,2107536,99071776.39627069
2016-03-02,688039,32.456531583092556,33.409409809052015,32.07672879688558,32.610192465073595,6710838,317570515.95829374
2016-03-03,688039,32.72917870232545,33.35149879319572,31.829318818665268,32.784327727611426,7683415,314751532.7969244
2016-03-04,688039,32.21590464134569,32.73306652831516,31.25911540291029,32.09946769575361,6292937,259809151.64815053
2016-03-07,688039,32.249494429700476,32.5399469880753,31.346354074726875,31.94181216347267,2892176,102349496.12352137
2016-03-08,688039,32.272199446287466,32.816881768509326,31.335042286450587,32.08806609852989,3669377,172423430.70885423
2016-03-09,688039,32.23508102573878,32.675670745078335,31.272013737808997,32.143682503587314,9788700,449860337.53928024
2016-03-10,688039,32.69676296763748,33.248436708025686,31.571938190239326,32.42589680763204,4830607,214194795.4047261
2016-03-11,688039,31.756194601486815,31.93633933698012,31.253794738730132,31.708583522570976,3553229,145936990.34689233
2016-03-14,688039,31.235482887617565,31.055554946680516,30.78490556041561,31.019007725760012,4999354,170272936.13443473
2016-03-15,688039,30.839364004239123,31.32210867873055,30.341310725896548,31.049814182222253,6793025,262212503.79782993
2016-03-16,688039,31.171696352357213,32.002450859650466,31.041498134284677,31.339284277829705,1957426,91748054.64086826
2016-03-17,688039,31.463336508933732,32.13275152412003,30.930359849218057,31.740514419908042,7294549,243818756.16279987
2016-03-18,688039,32.77584242827885,32.746685315300105,32.023875215353065,32.48895242811193,7979570,328402274.75564146
2016-03-21,688039,33.005506185251896,33.60581745595187,32.24161929505029,33.19989796359515,8918518,416886256.4435053
2016-03-22,688039,33.12862968334096,33.11625732754365,32.730148271744234,33.115335627029225,4689338,199582542.47698098
2016-03-23,688039,32.74016759967527,33.45673250254775,32.78798687716707,32.81863966692612,7570865,343987453.85157084
2016-03-24,688039,33.10955238086194,33.25780587411251,32.08659491908214,32.83078271518592,9864427,331347591.8000172
2016-03-25,688039,33.003624975573615,32.79326015435336,32.42058945366236,32.76732719753629,4661263,174647461.66349572
2016-03-28,688039,32.52820807713933,33.30441205063312,32.2697170130012,32.52637368090098,3854979,159046099.36263335
2016-03-29,688039,32.46660234181107,32.56597328774694,31.718420701995875,32.20024376406325,7359333,315838183.2332688
2016-03-30,688039,32.13824333803794,31.974479514611637,31.092846653469763,31.9437954180209,5683438,224248626.93154564
2016-03-31,688039,32.210282453896546,32.26251635797684,31.48635993245358,31.894285984523393,1486026,69163771.26652315
2016-04-01,688039,32.33030338143678,32.78102889844871,31.574615118846687,32.10945913270861,1248433,56972314.00275264
2016-04-04,688039,31.986085418361412,32.83160320773423,31.62963705213938,32.07829899551897,6581225,294586105.87183934
2016-04-05,688039,32.3242341232929,33.10047022408848,31.596911902680553,32.439324946598376,7485180,333508740.4363262
2016-04-06,688039,32.82295552089123,33.23924539156267,32.20705221992042,32.688438196343895,5590853,231261189.7253642
2016-04-07,688039,31.70683959729083,32.392723673026346,31.022444786305762,31.942902987867132,9579964,347956260.1312193
2016-04-08,688039,31.787020489664023,32.17248087024594,31.765048908190142,31.919360655379318,3325669,108576380.40554185
2016-04-11,688039,31.97258475286479,31.748325033014982,31.02046094828109,31.72500854551329,7627891,322767755.863683
2016-04-12,688039,31.817369497874466,31.99395629392294,31.825300176946897,31.878289637267642,3267144,149217505.2171898
2016-04-13,688039,31.747232585100026,32.07213703647825,31.34258317797762,31.80578460646996,4054492,161622772.43740898
2016-04-14,688039,32.63119699563698,32.99860302656025,32.13682755769375,32.32823406177972,5187774,234634093.1543848
2016-04-15,688039,32.378727488151114,32.85827831403195,31.517269299776576,32.17570892675608,6707883,313187333.06258357
2016-04-18,688039,32.18402635015167,32.91490368449847,31.76028026193622,32.372683200512284,1829745,72409895.7664539
2016-04-19,688039,31.72085261721971,32.305693034607394,31.692509053877423,31.77314627630038,9733338,337849387.76267534
2016-04-20,688039,31.527644099773887,31.779690238224383,31.00510030103013,31.756057464443415,9762376,440295992.92802805
2016-04-21,688039,31.986145750172057,32.22696844056623,31.875756894088678,31.942729467672127,1764498,82424939.55718409
2016-04-22,688039,32.03914038954079,32.20774646177816,31.774705756615912,32.10507351002084,4625663,189584186.278346
2016-04-25,688039,31.965606264402012,32.9247334634351,31.588309769638407,32.23860041905629,1157175,41541337.23427514
2016-04-26,688039,31.736482806872505,32.395164558384884,31.50057580668956,32.00713955640655,4836373,214051407.44839397
2016-04-27,688039,31.918431176699375,32.95613895126755,32.135131608905525,32.139979669696785,1754945,80467852.8256279
2016-04-28,688039,32.61025108579352,33.06618537687851,32.4569664456364,32.55064822729279,1717961,60133802.77108006
2016-04-29,688039,33.348367095105544,34.1620636595015,32.554766226693125,33.336655352256216,4749714,210057062.84074184
2016-05-02,688039,33.64516353104603,34.483575158851096,33.03547048751381,33.67872562543586,2065092,103178512.23397587
2016-05-03,688039,33.67522729405382,33.88105450851699,32.49494961147433,33.45161370361231,2639883,97707751.51155743
2016-05-04,688039,33.40079338228287,33.79062627424887,32.565602381807864,33.47584703456937,8981277,362921985.59642935
2016-05-05,688039,33.725852381691666,33.59526713646709,32.56159506414436,33.40585335287878,3858627,178635141.67049408
2016-05-06,688039,33.56571657060898,33.52009875144368,33.19747406035688,33.48779440563371,5391013,199478937.90439856
2016-05-09,688039,33.10305638447587,33.95804682798809,32.95590364146628,33.29223957242699,8563755,346270905.1679178
2016-05-10,688039,33.406486118071925,34.428441756090926,33.184422519249814,33.47646680731772,7223023,352322741.80436176
2016-05-11,688039,33.1358980119597,33.815312572779305,32.599072025032875,33.36640403390412,9020228,404335976.8010052
2016-05-12,688039,33.318816138098995,34.35440106879928,32.65826201813643,33.46693768954289,2702415,107326282.910998
2016-05-13,688039,34.079194185013684,34.907591952729696,33.31017077480604,34.31013784984894,6141891,300392783.9822778
2016-05-16,688039,34.73448796133016,35.18140317407888,34.456255430607364,34.961073001977105,9962599,434486619.16841984
2016-05-17,688039,35.000146550051994,35.16025046164639,34.18555631461141,35.09237682951949,8065528,348419855.2669872
2016-05-18,688039,34.92200478369752,35.31188754158849,34.826995145040556,35.20503143257244,9432058,367090623.50062746
2016-05-19,688039,36.07051809198501,36.24660197344278,34.80773088579351,35.77769460636691,5509790,267988144.96876052
2016-05-20,688039,35.2658450204359,36.23442137034656,35.14796540646321,35.23569715039314,1752301,83174020.3896491
2016-05-23,688039,35.32489219548105,35.375649437619266,34.88743087179206,35.20976371856706,3777047,178272651.7620987
2016-05-24,688039,35.33764441593489,35.22604909285245,34.36376324406594,35.213145388417786,2741631,103699781.19334936
2016-05-25,688039,34.7193843049669,35.61741586504064,33.98154534087017,34.98954551950411,7619642,381886774.8212161
2016-05-26,688039,35.01834365861741,35.52822818855818,33.78705589493434,34.67605634523388,3390303,160825454.28189045
2016-05-27,688039,35.026802642938094,35.096684763464665,34.532924766539175,34.83219888574426,1365200,66994886.01303306
2016-05-30,688039,35.54547841112874,36.01256395125708,35.160702412950165,35.32247514041534,7645016,273884722.14525276
2016-05-31,688039,35.197887592095974,35.89326151617987,34.69996226249603,35.45674157753531,5851304,275333302.3938191
2016-06-01,688039,35.80538289004529,35.66917013335621,34.59542148313014,35.48741878328239,1605735,67937452.63586007
2016-06-02,688039,36.221094874417865,36.19474452811841,36.165503554027396,36.16854759278914,1225386,61935804.00588298
2016-06-03,688039,36.32121898261965,37.39556519098945,35.50296460269073,36.45465666821248,2215488,109720182.57526733
2016-06-06,688039,36.628366184491426,37.714717870561365,36.49859366569219,36.63976380056544,2849196,128904941.73621573
2016-06-07,688039,36.897042630830335,36.86236071057532,36.548144589328714,36.648437931795826,7580598,358374605.31462055
2016-06-08,688039,36.05818341576309,36.68434297441492,36.07282142745902,36.389171626984606,5212656,263844972.25524896
2016-06-09,688039,36.992161022114196,37.75460678583273,36.51064159023353,36.80395755077792,8176934,445190490.8711437
2016-06-10,688039,36.94876183706332,37.628122977297295,36.6213296646253,37.047004707204216,1218547,64712968.02844494
2016-06-13,688039,36.805117258585604,37.5407512228529,36.2862813964092,36.69911157428555,7934276,360343908.0054309
2016-06-14,688039,36.20663158976877,37.03994326876978,35.5562408132921,36.55973343175884,5272087,211239783.5868276
2016-06-15,688039,35.40686792400422,36.203806289533816,35.311371847662926,35.70131198393149,8814186,450214167.88884526
2016-06-16,688039,35.877969744224714,36.00192777595076,34.72609197608532,35.734675732949064,6248854,258841446.32263827
2016-06-17,688039,36.36148476043171,37.32235639892359,35.74205618895333,36.41816943483133,6709867,357528185.0635298
2016-06-20,688039,35.938806117837395,36.27218728315581,35.6136315144742,35.94218995095031,9641910,502707079.0835123
2016-06-21,688039,36.29485831579288,37.45122040893752,35.49709902047993,36.5084123022217,7906776,425943209.95767385
2016-06-22,688039,37.559037413347745,38.16370004224318,36.86161165217957,37.255688011546404,3490842,164742333.313478
2016-06-23,688039,37.66309483599397,38.52279072946484,36.91790034031515,37.77496720762922,8452064,421558801.6498869
2016-06-24,688039,38.02183598484838,38.8759586747617,37.633210197398036,38.26618564109739,4088442,172839411.68912673
2016-06-27,688039,37.880297224131006,37.98075636246036,37.405762444330215,37.511345899549426,7065932,291241114.5681178
2016-06-28,688039,37.22619858936449,37.83177488887081,36.25099135571142,37.2910697307364,7622286,390443731.0657233
2016-06-29,688039,37.010428558989126,38.21225656550419,36.183371876494064,37.131133015971,3318325,129485797.77801087
2016-06-30,688039,37.60213913707518,38.54261431301238,36.5843605499783,37.4946371929062,1843570,93522582.21372
2016-07-01,688039,38.008460540413765,37.962836191097296,37.58899470416006,37.77632000613278,4869094,213611693.53474542
2016-07-04,688039,37.9532249984877,38.83558449690734,37.45399717873305,38.05909295449875,4768587,244653904.9397839
2016-07-05,688039,38.30711491307356,38.53742899273036,37.65612887622123,38.19332260708691,6931364,339188629.3944318
2016-07-06,688039,37.90153036345177,38.03787405299329,37.15755289679874,38.024554124733555,4489472,231362277.74000075
2016-07-07,688039,38.02392307712397,38.23855699820336,37.520343200503525,38.067238385531965,9110010,510240700.6341107
2016-07-08,688039,38.28254663922372,38.33725579711518,38.060371445122776,38.143146674060986,8350936,399971128.37773913
2016-07-11,688039,37.24944216101628,38.15165054083087,36.74213867278743,37.47190414339106,4220849,177609078.77789053
2016-07-12,688039,38.189910941385506,38.965712918186256,37.49148696516619,37.97029170094297,3125414,128427223.20375979
2016-07-13,688039,36.98222474500979,37.400468440506685,36.524232466327156,36.67280914631037,7630894,394681147.27434915
2016-07-14,688039,36.4566490538932,37.235543722917306,35.42395052160314,36.397844590296486,9902115,524421575.46358293
2016-07-15,688039,36.79368084101376,36.57759456421811,35.591618114468446,36.51322302310675,9568559,373532037.8624563
2016-07-18,688039,36.61808280553504,37.005126085553975,35.93156980996098,36.97265504734871,7023304,310313428.5092704
2016-07-19,688039,36.99006020905269,37.396688787063155,36.34849949901272,36.924985494072686,5783866,282001246.0899026
2016-07-20,688039,36.585430018361464,37.10339139488363,36.652482097917755,36.86848460549896,9487739,419628347.41879004
2016-07-21,688039,36.762359040555786,36.89436050147342,35.8527974857132,36.54614968303329,3421231,156050866.92510173
2016-07-22,688039,36.708306341375405,37.21326046148761,36.20719784320234,36.68779093560768,3294110,127756321.56134538
2016-07-25,688039,36.29461838591114,37.06301952468105,35.53381355409305,36.418162498885906,6199788,302924191.12975883
2016-07-26,688039,36.119854030846604,36.830217612642784,35.64503714238874,35.770388318829305,8448577,413851549.34949243
2016-07-27,688039,34.95974532663627,35.5521850512631,33.77250232606669,34.779410379635905,8098665,369018329.01526815
2016-07-28,688039,35.484229891734245,36.22875141800512,35.62247723218626,35.661416204039,3535777,143661686.2706601
2016-07-29,688039,37.06716022047258,37.31925487474719,36.24132162588047,36.99089621845238,2656609,119403223.77305838
2016-08-01,688039,36.914588798502194,37.191794346222466,36.259252412159576,37.10112096965608,7094214,352428381.3094783
2016-08-02,688039,35.6312063543285,35.708373845088104,35.219527714565544,35.658848501955916,1451541,62764887.61583833
2016-08-03,688039,35.459446225795574,36.17387092900628,35.08961122265865,35.198876349281235,2066162,105019432.17649436
2016-08-04,688039,34.36466167726029,34.093341064354654,33.65971907634612,34.05347515508362,8546916,388316181.7832262
2016-08-05,688039,34.51417814751789,34.94912124948664,33.88049035238468,34.267703574285164,5083746,176433365.7524924
2016-08-08,688039,33.90966969241271,34.43291716367784,32.97001944948075,33.941033092095054,7393212,372261603.00182253
2016-08-09,688039,34.69433052234714,34.915911460810456,34.566741361505116,34.77704720731611,4891657,240125176.3475326
2016-08-10,688039,34.601094045151896,35.82360426236637,34.51888342758488,34.92190351864048,2989456,106819895.36222509
2016-08-11,688039,35.650831366447434,36.28445997525247,34.376161377819464,35.4061116785291,3786516,179434349.7782041
2016-08-12,688039,35.54384341033436,35.97221833134809,35.139813854154205,35.80181716029733,5078287,205036030.7067904
2016-08-15,688039,35.3575845268441,36.004374138327584,34.55851623065702,35.59016153975173,3154974,158979407.4426908
2016-08-16,688039,34.468897013015834,35.19360011958561,34.57590640749097,34.65637112047262,4547338,179588670.6659743
2016-08-17,688039,35.315106690172996,36.18650429358853,35.29878580659091,35.56051313720677,5319458,265280535.4053591
2016-08-18,688039,36.310846953296256,36.4293711156639,35.84556493258589,35.9929164693805,9452545,473789185.6590416
2016-08-19,688039,36.563785087269466,36.7541176689396,35.62657100246579,36.220158011736345,3922947,157503336.09684846
2016-08-22,688039,36.52309981348737,37.347072059195895,36.56718811418578,36.788249181793816,9706754,366534792.4689362
2016-08-23,688039,36.928141024140466,37.26917052755704,36.34376816476625,36.87825833004793,3527760,155148898.13982305
2016-08-24,688039,36.927165057448754,36.98433009100723,36.622620431310224,36.87899315300896,1219851,59723229.71106547
2016-08-25,688039,36.54286379376917,36.89999485006292,36.157310192784415,36.229881826810185,3820515,161961597.4380806
2016-08-26,688039,36.95221175123583,36.8772227618462,36.389360736287486,36.87678458383385,9684745,378686344.1692782
2016-08-29,688039,37.1121856092014,38.39798520352075,36.592378994621306,37.31105301478948,9428331,454394503.8841792
2016-08-30,688039,37.43135335089912,38.095578735635186,36.576260891594735,37.32685022781876,5388430,267830016.43565473
2016-08-31,688039,38.23565077533142,38.584314201356705,37.47067171386386,37.869572851604175,7144109,340146498.91720057
2016-09-01,688039,38.17993807742775,38.9840852852825,37.91919961502248,37.94428305010642,9243391,388455769.8813857
2016-09-02,688039,37.41342826668209,38.05082056454496,36.999801974146074,37.73596286239469,1069799,51120488.083753735
2016-09-05,688039,36.513502504407235,37.69341135435529,36.54981546748064,36.61014588720139,6333417,261552508.79924804
2016-09-06,688039,37.06475550896621,37.06266475818516,36.66766651312902,36.931812422076845,7979677,388286301.9556609
2016-09-07,688039,36.28956405971141,36.31604605350673,35.09481259686578,36.12312249961491,5236736,280226300.15543544
2016-09-08,688039,36.25195944718693,36.57914770834484,35.58751101002274,36.193825386667825,6031595,284189470.5081791
2016-09-09,688039,36.40074967678638,37.30594057412579,35.850536729098174,36.56712833848058,9525102,365452403.9631896
2016-09-12,688039,36.79937540355183,36.866673350973365,36.17577587649778,36.768843964751774,2266877,95489385.4888221
2016-09-13,688039,36.196509985564205,37.36160595138257,35.62173522364624,36.54808883829833,4882019,257414483.4849683
2016-09-14,688039,36.13710105129523,36.21899647687094,35.64547528438663,36.121848749527466,7516119,344280518.4486209
2016-09-15,688039,36.41950078274303,37.448255334783056,35.98994702711963,36.49448838040205,2442312,127723914.40869224
2016-09-16,688039,36.34401204013761,36.783174067175466,36.238810634708265,36.24141740163155,2842573,137723770.3304304
2016-09-19,688039,35.91417316795919,36.268776865788695,35.204444646811176,36.19373102897067,7250958,286246204.04769003
2016-09-20,688039,35.65003718012627,35.56453576527521,34.51805318618916,35.34366207375118,7690877,305169162.41437453
2016-09-21,688039,34.65130237686895,35.02775017514514,33.944978326004346,34.93962327892821,6755726,307883782.40662366
2016-09-22,688039,35.871484700965674,36.350868509803895,35.51861454131487,35.55602731027584,1609552,71281067.3854944
2016-09-23,688039,35.14935919753965,36.13653117798649,34.84347233265628,35.29479172271135,5844338,258592053.83373424
2016-09-26,688039,35.70809888672611,36.889498051233645,35.20181948961247,35.92808900266708,4649673,194051716.94246003
2016-09-27,688039,35.398141490944234,35.914533397242764,35.280696300528284,35.67764527369452,4314922,229170519.70293707
2016-09-28,688039,36.11229754971039,37.10351654237661,34.977228805425796,36.05670035814708,6070845,320840651.054377
2016-09-29,688039,36.440780555620506,37.38316690172004,36.39803238142656,36.42425061720557,2059966,81705275.01957479
2016-09-30,688039,36.51000073105125,36.7942468987341,35.673562955686016,36.32787974316269,1424055,74636137.90660799
2016-10-03,688039,36.04485953165681,36.70435358073374,34.852837874813645,35.76822670178647,9219430,479512420.37058353
2016-10-04,688039,36.192057342080716,36.001625869491455,35.77451180588514,35.918993440228036,6460154,257509311.9033636
2016-10-05,688039,37.03643831929265,37.80616053735219,35.94789898125899,36.94374158795105,5250030,290176081.61459744
2016-10-06,688039,37.08641131203298,37.36857028595843,35.773646225572996,36.867099162840574,1533785,72068007.45006642
2016-10-07,688039,36.97594351525314,37.088089483839894,36.35582969664728,37.05253609820895,7938575,405728761.19675344
2016-10-10,688039,36.916482102763986,37.67168675630212,35.902623811887054,36.99995062050278,5560002,215915709.51900876
2016-10-11,688039,37.10950108381312,37.78155570552574,36.866902562156,36.96191339877867,7595985,415092590.56875813
2016-10-12,688039,36.785904771785006,37.37612986086233,36.69816300540644,36.93333720486861,1742419,81964556.83155198
2016-10-13,688039,36.51307175490389,36.59496325567903,36.09698477539,36.480518702865155,9799178,423234360.6616629
2016-10-14,688039,36.37212031005983,37.61685623593875,36.65807597213313,36.739061943402945,5416236,209022692.39780137
2016-10-17,688039,36.679641826027606,37.663949223381636,36.11072000607788,36.66490931521403,5624650,248681754.9634595
2016-10-18,688039,36.90464024108858,37.57836818557519,36.42989780910594,36.554532691986736,7446116,309215986.17497563
2016-10-19,688039,36.87432917198947,37.219972613499735,35.95467655489974,36.722248886078006,6272816,336836661.76298887
2016-10-20,688039,37.142853301903706,37.1419013188327,36.259394948260635,36.99454498705295,6101755,333443969.1660259
2016-10-21,688039,36.45306140511495,36.68220018152113,35.883245975864625,36.612299177828646,9596027,479925940.39888227
2016-10-24,688039,36.29867910409189,36.543827816521365,36.05618702111707,36.3955222483156,9306508,415159716.53317153
2016-10-25,688039,37.09340743066516,38.47432938207684,37.03256146475553,37.39648445248164,6362955,250477919.36754277
2016-10-26,688039,37.14138733365873,37.587008275608966,37.17296610419994,37.51346658085505,5948185,269464024.38642484
2016-10-27,688039,37.51234156724277,37.60713323158259,36.495086901818794,37.4306101976467,5199039,278686018.3201644
2016-10-28,688039,37.000837568372695,37.58258037656968,36.24609128173269,37.21748559496512,3047752,146208050.14271984
2016-10-31,688039,36.86656303572048,37.149632046932545,35.903883867649164,36.89265376590816,6199384,243353614.59472615
2016-11-01,688039,37.09766739171497,37.309621409891356,35.895028177158224,36.96244266149313,2487040,100838047.4789
2016-11-02,688039,36.24337016395317,37.07788848549604,35.767889838782885,36.592789415697624,4607352,211346414.31310967
2016-11-03,688039,35.965594542696145,35.8197124648716,34.81086802036151,35.771656336760884,8806109,366473393.03246516
2016-11-04,688039,35.926728324721275,36.92997793361291,35.39002997312598,36.212846000408156,7095028,306678906.74096435
2016-11-07,688039,35.61041319601818,35.42305500934898,35.18964633648377,35.370463979950316,8086338,414418007.0888344
2016-11-08,688039,35.76111991008987,35.76448669893858,34.79331002327997,35.740904459495546,6668783,248579743.30374247
2016-11-09,688039,35.732136086805504,36.499844227050424,35.58577049844336,35.70537190332102,8693998,425766751.9354145
2016-11-10,688039,35.68892418628741,36.379903596769964,34.81176314213354,35.763025943064164,8514344,387060272.99810433
2016-11-11,688039,35.549779487303525,36.350233346881296,34.92426331630644,35.45606174437508,3392398,164306237.43776336
2016-11-14,688039,36.475593303459746,36.698675241132925,35.73071887415875,36.129889205800154,2686114,115251399.74964824
2016-11-15,688039,36.21079098615826,36.20557256028838,35.64925566605425,36.08997897759064,7472816,330034002.796006
2016-11-16,688039,36.6771608070914,37.23979421867013,35.7571999224105,36.38844349341257,1003013,40406060.53688003
2016-11-17,688039,36.64917357098716,37.67325446544104,36.835543336280246,36.94737354295279,3882000,179185836.11037222
2016-11-18,688039,38.02988017004738,38.74819718911576,36.750025396414145,37.74862892214331,6261181,244443877.76910737
2016-11-21,688039,37.26260998053119,38.09141452940666,36.8894865685063,37.325059257248995,4886075,184394079.24400276
2016-11-22,688039,37.524969109053764,38.13495239269205,37.47879896756939,37.63770162166365,1173877,57101326.85876885
2016-11-23,688039,37.94694968662613,37.909951158485356,37.585502249937115,37.82717389528142,4186664,172248244.44411254
2016-11-24,688039,38.32066885621521,38.28096235008777,37.916941306016106,38.276389108816915,9649151,456236878.4549832
2016-11-25,688039,38.740255836208654,39.21649053164255,38.15490598863237,38.78915257747528,8419232,472235726.8497087
2016-11-28,688039,38.95923670239992,39.86883622496127,37.896154143648204,38.90868481366585,9869097,532714307.26950115
2016-11-29,688039,38.441421705125116,38.21139299437219,37.853866806448096,38.20310631535867,9727878,493206461.78154314
2016-11-30,688039,37.42186889209895,37.71622415438158,36.302865106491275,37.18221137261147,7668000,352322568.51872545
2016-12-01,688039,38.71218092966454,38.73960949950673,38.15281385322301,38.385085111940555,2074416,93783715.99245547
2016-12-02,688039,38.4528940300107,39.2940884353199,37.782889149030275,38.240913348466194,6261519,257329314.7497343
2016-12-05,688039,38.40473165314508,39.22181186800358,38.400417347632214,38.60197263067071,3649513,187897883.4185434
2016-12-06,688039,38.12015446523821,39.24124261798222,37.7898687243311,38.483564156964974,6910202,338439798.88235235
2016-12-07,688039,37.90497692424626,37.97837700752138,37.22797357014278,37.88150197876325,2890758,125792428.57898879
2016-12-08,688039,38.13654712843946,38.924028230638754,38.30976416340094,38.36924871622266,6178292,308103117.58223224
2016-12-09,688039,38.5165910873067,39.399782071372115,37.358871138265975,38.374087065864295,6033657,271314174.9990704
2016-12-12,688039,38.90926103228191,38.99112421158753,38.265980246543094,38.65558294546142,9398952,366698351.0635107
2016-12-13,688039,39.53572537380325,39.52880309855915,38.83089340050309,39.152725909781815,4770445,248678430.0000375
2016-12-14,688039,39.18283179150193,39.301097119238825,38.59658470126787,38.93913532750985,5604900,272588502.1388767
2016-12-15,688039,38.45752958975795,39.669270832798794,38.25690016543039,38.77347414548425,8889724,447345970.349044
2016-12-16,688039,37.983154593862025,38.750328692967905,36.965724070573174,37.77243996715482,9379700,531099259.69725734
2016-12-19,688039,38.31355641365862,39.424858847868755,38.5080021026277,38.62944656370662,7602670,362271025.7228709
2016-12-20,688039,39.04672940106304,39.65192719705936,39.319526294460644,39.32249237655614,2127414,95611779.29952502
2016-12-21,688039,38.88718945285689,39.79115034140415,37.847261910150685,38.722224162284675,1834096,101811683.75613753
2016-12-22,688039,38.34505366278334,39.180794873041485,37.65479558511588,38.70430239308391,6657861,322713477.0095778
2016-12-23,688039,39.29176127564494,40.2695847840396,38.97118558255584,39.17778034539461,5482593,233039168.6026385
2016-12-26,688039,39.64929898825972,39.909189288744955,38.53797084539369,39.55156252995086,1561221,85090656.20051165
2016-12-27,688039,39.893529991652834,40.290119357528326,39.40805314768843,40.06931330801076,8453305,476608746.76026267
2016-12-28,688039,39.4667238665708,39.62716043139333,38.849186975557814,39.111200612810165,9544659,512741128.8392195
2016-12-29,688039,39.27261930460102,39.54340630433005,38.68687925280252,39.50710644366655,8676659,511843411.3731491
2016-12-30,688039,39.388491596505844,40.90441800983691,39.37157518711701,39.75145214872387,5561672,234616716.4753432
2017-01-02,688039,39.9842391825297,40.86799255019192,39.371081054277866,39.88393583839944,5746047,304566639.9104061
2017-01-03,688039,39.86637269317827,40.66144702959147,39.69655725834221,39.73286993231936,4406475,261744233.43021083
2017-01-04,688039,39.477312812061136,39.510627001626816,38.89666961418847,39.42375191974138,9537667,481994127.4892549
2017-01-05,688039,38.52705849182512,38.696205070253576,37.75496166985336,38.63756807578823,7178570,324725520.2607657
2017-01-06,688039,38.70519948549443,39.37764824424851,38.36183855626936,38.83203508449222,2798181,154356447.30193508
2017-01-09,688039,38.62751067782873,39.84325791705539,37.82181668494938,38.78390171447025,5395166,303959059.57049316
2017-01-10,688039,39.205695796495625,39.929561202774835,38.757325671957055,39.33576500428539,3149039,169452435.33810383
2017-01-11,688039,38.640718932682375,39.524091783375255,37.7789016284397,38.79485189714207,8092843,406856462.1193458
2017-01-12,688039,38.74673983465528,39.19510015706934,37.78379935219741,38.84456247721735,9353398,473150484.46969694
2017-01-13,688039,38.55489306450866,39.1986083594688,38.072666356378235,38.77317168114002,9621697,460789152.6699336
2017-01-16,688039,39.55684371291182,39.79092867879288,38.45169994839333,39.25939446989917,6052157,299636181.49283326
2017-01-17,688039,38.75933273503207,39.662545605850696,37.93464477617328,39.06794577818086,2596206,116771661.76991762
2017-01-18,688039,39.36877217272777,39.42309543529663,37.98261482321739,38.98555414359578,3147740,124989421.80913939
2017-01-19,688039,38.996607355747486,39.87367577472817,38.43925824377053,38.73384412866891,4730311,260172526.0959
2017-01-20,688039,38.57399308766521,39.18385309416342,38.60115752767705,38.70901273635427,6899958,297321008.4622368
2017-01-23,688039,37.32919676628285,37.89990478796122,37.46347653702024,37.498030128614616,4486118,173662854.59265572
2017-01-24,688039,37.35241602769855,37.87794035357615,37.07479599254428,37.29339781484866,8843717,430668634.8683183
2017-01-25,688039,37.28352180356824,37.40531772065877,36.310370596670325,37.0140023795294,9375491,496857982.8150193
2017-01-26,688039,38.58788599188784,38.75099821098536,37.39326698151974,38.40538970978473,1775092,89789263.28379253
2017-01-27,688039,38.91702372698494,39.37271503469732,37.98998035697366,38.80822267785605,9212086,415009607.7044537
2017-01-30,688039,38.77999290615924,39.711967357025785,38.11226030347273,39.070688301008026,7349566,308449322.0639526
2017-01-31,688039,39.59526970271323,40.38160845209117,38.842381171484085,39.33082001734606,9215673,366295400.8937011
2017-02-01,688039,39.00267688391004,39.70673095706294,38.74104664385304,39.36850964687116,3909225,198081294.5266025
2017-02-02,688039,40.62650990753051,41.11027217817067,39.15577035905767,40.30048921080903,8207778,493479514.47322553
2017-02-03,688039,40.36238681116355,41.10555180676202,39.75149615622956,40.218171039554065,8201586,488778034.25434405
2017-02-06,688039,40.00520738922884,41.488177434578304,39.30860112919547,40.37408742462469,3126151,177086461.9180283
2017-02-07,688039,40.7008649720763,41.05125346218258,39.917121036738386,40.412720018602144,8143884,492819760.0881343
2017-02-08,688039,40.53827168060082,40.77674167398071,39.251439434845956,40.38186251094613,1324328,74550530.80743457
2017-02-09,688039,40.626015549999295,41.2746135604251,39.08529025280524,40.27472565839142,3056634,173041149.14448512
2017-02-10,688039,40.598874605835626,41.030099193737925,40.07989339516357,40.59117887061102,2333055,100117269.18791322
2017-02-13,688039,40.97049805805436,41.92646624412559,40.12136098351735,40.74467470639962,6622791,332629799.56880754
2017-02-14,688039,40.45877924534163,41.39419008125775,39.90216677245571,40.56166537638559,4705010,261732551.43345743
2017-02-15,688039,41.00182067930254,41.36069700368038,39.53885107669208,40.60688461553609,9226294,439957553.45342296
2017-02-16,688039,40.699258796043836,41.81321950545928,40.003420535206374,40.60614840975929,5734527,252352162.02671477
2017-02-17,688039,39.83104497119441,40.67145570206181,39.06226440406205,40.160549769648284,3106327,148825931.69590315
2017-02-20,688039,40.66295450967981,40.69191173352207,39.18293692785542,40.382132853354804,4654614,245546746.69650438
2017-02-21,688039,40.24588944287409,40.604164359069735,39.08081538552285,39.87855043555967,3517309,177243915.06728733
2017-02-22,688039,39.97506374071167,40.769592444745754,39.09050736335309,39.82034803250974,9021953,424539785.6404352
2017-02-23,688039,39.08981282812465,39.29838420692354,38.302643436963685,38.789050521241606,7438261,315093419.47787195
2017-02-24,688039,40.04469293165799,40.95516007510833,39.76855901585623,39.911844517902445,1854623,88170852.82534014
2017-02-27,688039,40.01814360816745,40.67038063027566,39.81785776525056,40.12890675969817,1557989,88652942.19995604
2017-02-28,688039,40.83602741005425,40.835269234007136,39.393757526488166,40.51008238388384,1974204,97342199.7857204
2017-03-01,688039,40.73147984301825,40.714379921765385,39.547865515520115,40.35605115393277,5282923,274912427.08310395
2017-03-02,688039,40.006025626435935,40.27350723873935,39.75525079234445,39.830301930381566,6482926,323206029.3362859
2017-03-03,688039,39.51761066286224,39.55432775225199,38.87762824169075,39.32495827656657,8452543,369105605.2076776
2017-03-06,688039,39.16758147656743,39.73499938173619,37.8846835876546,38.96612541564669,4935720,231971591.417908
2017-03-07,688039,40.22329128204581,41.0255264836486,39.99387432898934,40.005571114084745,3285981,153059944.71111912
2017-03-08,688039,39.35399081189922,39.919808561874255,38.21865712183311,39.138211588495466,8007543,462887745.0591457
2017-03-09,688039,39.23042904958609,39.958774727741314,38.306084398519424,39.17755961124348,6301155,271662162.48084337
2017-03-10,688039,38.2160324086093,38.628730736337815,38.41525564390097,38.59852639463459,8035699,318514902.00804454
2017-03-13,688039,37.617230781125244,38.22973790494643,37.72138601703212,37.87680089279398,3745662,144349457.44942045
2017-03-14,688039,37.27672863153474,38.0860105430166,36.608570711813556,37.59297563755418,5537174,300016863.7576944
2017-03-15,688039,36.9176487070081,37.285519239442365,36.82098054740892,37.06305793735087,6713643,341751041.91539747
2017-03-16,688039,36.72504870878573,37.491775720113154,35.904616422639066,36.69150870746638,6191032,268185835.678716
2017-03-17,688039,35.49806160907771,36.32317169001767,35.59995200629183,35.73207641398747,4114992,188919379.68525457
2017-03-20,688039,37.00907523430564,36.89615396738482,36.70161377023489,36.800847469423786,3960681,199757906.07460177
2017-03-21,688039,36.749640644058225,37.192484868283465,36.67155880393295,36.721934277155114,2657147,140132388.83439827
2017-03-22,688039,36.931337226631776,37.17160057711462,36.67162835215761,37.021104853449636,3225001,178453203.78625968
2017-03-23,688039,37.782600120357536,38.747519248612875,37.23546052673681,37.662445719531476,8338110,317527883.2220606
2017-03-24,688039,38.265280814250985,38.20514770840267,36.948643307223,37.93344752358298,5477468,285692358.1547082
2017-03-27,688039,37.37268488647313,38.653095337454864,36.95365969165809,37.637743443739296,7878251,423993313.8636131
2017-03-28,688039,37.977613246394924,37.98678947058373,37.411667220007736,37.64385653785802,8675813,417741021.9090435
2017-03-29,688039,37.16375465939801,38.02178115872557,37.4129826869602,37.460305056562966,5646323,292702439.30886644
2017-03-30,688039,37.372512325518926,37.35196010932865,37.21747835174429,37.26708898745116,9997206,433883137.9398672
2017-03-31,688039,37.44601675907224,38.60592128128764,36.813923605275484,37.52050189948869,9624022,396323431.4660245
2017-04-03,688039,35.74264499175765,36.587382739919015,35.02800078246399,35.99825856349601,1439267,58723962.88517162
2017-04-04,688039,36.970242215843015,37.16752329194291,35.9844282812236,36.95774501853444,7516345,370836052.71741
2017-04-05,688039,36.69918127833713,36.79890700704302,35.50401072231176,36.343731426964794,4261777,176684523.10712472
2017-04-06,688039,35.82289851535503,36.113730214884924,35.50887326564182,35.97949042599956,4833208,240686107.8011551
2017-04-07,688039,36.33535017488329,36.24492840358371,35.29477497885894,36.089139670749915,2113833,87874612.58392486
2017-04-10,688039,36.136177115585575,36.545894661842595,35.81506850627409,36.08774620884837,9631693,485249683.24176645
2017-04-11,688039,36.602243693805974,37.364326172511085,36.839653935156825,36.93916738761121,3723795,139042514.4579073
2017-04-12,688039,36.344817547446716,37.395209094657346,35.724620280383455,36.67778620399313,4027852,192580720.1754919
2017-04-13,688039,37.367234237336945,37.434266366391626,36.30614762134418,37.046689391713386,6859557,298076699.0240096
2017-04-14,688039,37.489657413861885,37.56328733016844,36.76514172799099,37.187144964928095,7877438,335887309.92540693
2017-04-17,688039,37.31953982420795,37.58243155536164,36.856532989470956,37.488833401417565,9561213,448458680.6777942
2017-04-18,688039,36.94835557655488,37.78512007697385,36.21646544766654,37.21185969792289,6915935,350407091.7194932
2017-04-19,688039,38.41947492534068,38.171347713498186,38.01454963143035,38.051348126006204,9059230,464127743.48702615
2017-04-20,688039,38.164624326186875,38.17906228026204,37.40410112376318,38.13688236343767,1500923,79984863.08230807
2017-04-21,688039,37.55087873718745,37.34098254084308,36.08879498616856,37.197905509018526,9865387,466788562.95508987
2017-04-24,688039,36.454906349129416,37.131291065305334,35.74055970202911,36.57565380101626,4301501,188019725.8188881
2017-04-25,688039,36.31757203758048,37.318957767023754,36.501806062048374,36.67463281802786,4243010,189602230.07799083
2017-04-26,688039,36.934363731592164,37.19457413186489,36.77910366245245,36.780857266810706,2396799,89100178.39923814
2017-04-27,688039,37.568258004533476,38.52486186359996,36.80454637903326,37.46439052280222,2390215,108603605.59560786
2017-04-28,688039,37.3748342012816,38.166387866726495,36.85676559831673,37.65914989204086,8561654,347087941.55246586
2017-05-01,688039,36.98081735330267,37.4528794474904,36.21774954514151,37.255374515518085,8422145,345698704.5037181
2017-05-02,688039,36.590758361544076,37.53868603758799,36.60203441666862,36.788036315307146,9220926,349001899.1689128
2017-05-03,688039,37.17537716675207,37.42796235705598,36.892165995344655,37.00933683686391,9867074,513718399.9074395
2017-05-04,688039,37.305465607503464,37.355490094154064,36.9376630656497,36.95997182417098,9042647,371468880.9539502
2017-05-05,688039,37.487497476763146,38.34950768394013,37.0807759634772,37.67685358310513,1238535,61061213.71367632
2017-05-08,688039,36.484606000965584,37.01836166289839,36.53555567678928,36.56913370294843,5191056,219329251.51548812
2017-05-09,688039,35.75079017598682,36.77983801916194,35.441407336964346,35.766982829206015,1106340,49374261.01441509
2017-05-10,688039,37.02411257750719,37.0558577455087,36.199967523734905,36.74592939972641,1930826,73801205.29896216
2017-05-11,688039,36.328294272355535,36.57443529026402,35.37745576932493,36.168169043607485,7970270,401853649.25464416
2017-05-12,688039,35.80291212522162,35.80311323800196,34.80514910236354,35.75324981737643,8720240,365572590.28075624
2017-05-15,688039,36.50786489857927,37.45639484915961,35.94774054746459,36.435622191921674,9330758,501225079.85615385
2017-05-16,688039,37.83924190990068,38.50610726830684,36.87245381259744,37.79024577026332,1045981,46881613.33477882
2017-05-17,688039,38.715099994532096,39.99999402194949,38.166291040026394,38.97721943881737,7412609,402784307.17562866
2017-05-18,688039,38.79317438142018,38.51162853945035,37.43483945199983,38.45188654613954,9236371,400323303.88268954
2017-05-19,688039,38.846235708568706,40.05128164364215,38.677775300295686,38.91453933813476,3578620,166362991.46495405
2017-05-22,688039,39.851724735100014,40.10697742806238,39.04105579989974,39.83660849734845,3087386,133428836.55726297
2017-05-23,688039,40.01699649247225,40.40993490962697,39.31934072931767,39.90362864135981,4806940,198876757.51429617
2017-05-24,688039,41.110719637955974,41.018879215764976,40.699345573099,40.82925930007886,7556895,452381649.7345075
2017-05-25,688039,41.471117367505784,42.55495086691349,41.56993391695638,41.69612214930879,2823088,165366502.3969438
2017-05-26,688039,41.69431786023243,41.83570659506985,40.8605837862766,41.721042297206864,7780305,372802570.67464346
2017-05-29,688039,43.072851969500604,43.05211786489237,42.31278252511489,42.942749803256916,8205704,520493182.06151575
2017-05-30,688039,42.81193892034173,43.58092865507001,42.794686811829976,43.122583590295996,2572283,114558356.06067109
2017-05-31,688039,44.42042784656342,44.556619366769866,42.82579696511465,43.98314900067447,5484536,247129884.39997467
2017-06-01,688039,44.202594782128664,45.39888230187349,43.50641462355338,44.57277578634214,3210839,170712123.47586575
2017-06-02,688039,44.50028192016954,46.076188750520586,44.25247575065315,44.85431729263211,8574804,519905230.636306
2017-06-05,688039,43.73509772604182,44.29647835642128,43.47921189804585,43.831842266984424,3986163,203443452.0602195
2017-06-06,688039,44.678476925594914,45.325931516736915,43.06925995748296,44.30248970406289,5495773,359026655.6828173
2017-06-07,688039,43.595863426697456,43.94025147943353,43.20754321060796,43.71182109921417,3330374,170161629.66923925
2017-06-08,688039,43.81968075516996,44.53875489446723,43.2486660840113,43.587580448785886,4351415,199726287.52331635
2017-06-09,688039,44.52153869804219,45.45567812132514,43.42067982379288,44.15253483184906,5661368,304827860.5945094
2017-06-12,688039,43.93597152626059,44.57853788292363,43.635825972619244,44.07704005665772,6842116,306844860.9005478
2017-06-13,688039,42.67673858911784,43.66990269688207,42.46653815536623,42.95877473145967,5394691,333984325.18854666
2017-06-14,688039,43.1498774065869,44.64476618099628,42.50296972659204,43.535669200264316,7542293,447511849.0535993
2017-06-15,688039,43.729572317942626,45.17262508388638,43.90410864303611,44.03669128178293,3056133,152415439.40375346
2017-06-16,688039,42.9855229047326,43.55023758636209,43.1040345666934,43.27828238398203,9549346,591588690.0593194
2017-06-19,688039,43.52460061419572,44.26993637183628,43.516514947956836,43.8018413575023,2602186,136250741.63540956
2017-06-20,688039,44.41730355459189,46.0230050504714,43.84952948862101,44.736577416869245,4411538,264826807.4162292
2017-06-21,688039,43.75372812216109,44.00819758327439,43.30608681261069,43.68617551535164,1908720,108778234.80306497
2017-06-22,688039,45.364352199999324,45.24422919613481,45.01317158440151,45.02848822234941,1540575,90716213.98987305
2017-06-23,688039,45.64220863318842,46.47681478884766,45.21361295353402,46.00407706704531,5393045,315593883.55142444
2017-06-26,688039,45.26314081010861,45.755922230882014,45.44187720792172,45.489771433391745,2277787,134507641.17502666
2017-06-27,688039,46.03390054052283,46.40723568653435,46.14899209762985,46.35999070949555,2378636,119962167.04501347
2017-06-28,688039,46.48658641311844,47.546390646019425,45.5637830422932,46.320116869127965,6874631,464642931.3630949
2017-06-29,688039,47.61697886223291,48.33545734175764,46.82180256998097,47.74345839002136,2894402,168006547.29923397
2017-06-30,688039,47.696834802702455,49.03736840039928,46.682920713883085,47.92029942041754,9130595,547686958.6642016
2017-07-03,688039,46.17347223645808,46.90184177287142,45.09164666541109,46.34967364874019,7606675,476247727.7978862
2017-07-04,688039,46.666939970118854,47.26591005975748,45.4971307601173,46.66485980506747,3133514,148174226.27219957
2017-07-05,688039,45.764237915382985,46.116174860014326,44.46954655690205,45.82946146881263,7445646,379946275.9411858
2017-07-06,688039,44.61592399157047,44.94940633322617,43.643643647891224,44.873459630480184,9676489,586403945.0027783
2017-07-07,688039,45.692041655505804,46.60352807365492,45.44700526944712,45.79684095410352,8990354,524538992.8266158
2017-07-10,688039,45.85830081247521,47.295933769496806,44.899181305635956,46.10022003995962,3978090,190038873.90805978
2017-07-11,688039,46.312472909401926,46.78662544516559,45.568068577214376,46.57086751331735,9655305,509919908.8721484
2017-07-12,688039,46.06875345163026,47.32977832318601,46.33111616861565,46.46678057275819,8933427,581713016.3784624
2017-07-13,688039,46.59274863022187,47.179756774123305,45.618381013716174,46.347011159148295,3125500,179497400.74188346
2017-07-14,688039,46.309918435847045,46.85627948587997,45.99828954572283,46.588794630369115,4537784,304167003.3324223
2017-07-17,688039,46.969283735408865,48.32507132627979,46.164223727172285,47.29387858502211,9627432,541411187.5318515
2017-07-18,688039,47.250116028839955,47.993031737509945,46.285959366481556,47.379977054516225,3546463,210689717.7020494
2017-07-19,688039,47.330108438980815,47.05836366615377,45.65796672960888,46.908826438325356,3009929,142173312.8422521
2017-07-20,688039,45.89129238512353,45.82730427699313,44.96279704336698,45.5211089112109,1110908,50659374.38269511
2017-07-21,688039,45.530429134707916,46.13531173799076,44.412040623443815,45.24491928011603,8480588,523938930.7762927
2017-07-24,688039,44.32370649387098,45.07131729711726,43.68945095027387,44.23122001927246,4229706,278985183.3138846
2017-07-25,688039,42.87952341941017,43.8239102294236,42.32630315005842,43.0789573209477,3380357,204359168.62474984
2017-07-26,688039,43.33731791879808,44.31533477375277,43.459984113347154,43.49991039471327,7645951,415280051.5103171
2017-07-27,688039,42.73180372999567,43.67489831230686,42.527131651549446,42.92263567594023,3195455,161406795.867583
2017-07-28,688039,43.00102985236134,43.07959764741514,41.56047725675679,42.79134629221963,5548025,268656305.25035715
2017-07-31,688039,42.10725575857814,42.809746237193494,40.6822844283281,41.79773264100681,7150539,404119845.8954205
2017-08-01,688039,40.70278215079715,41.61799022104818,39.991799184374244,41.05034767856489,6067011,290990656.5882538
2017-08-02,688039,41.16440423906787,40.947195815470614,39.903942156056736,40.94623357112844,8009764,479350089.7609124
2017-08-03,688039,40.75317854585854,40.99108545911705,39.62066444346055,40.535701117848355,7082242,402183864.73423165
2017-08-04,688039,40.38010508485799,40.772607778041,39.673821497671995,40.53428823821241,9770786,506836084.8590397
2017-08-07,688039,40.35688133914555,41.71937167798131,40.348861095848,40.66034308817548,5421085,307662254.2901555
2017-08-08,688039,40.101860023022184,40.343045944058446,40.27886078731844,40.336521750371816,7156681,409542871.85123503
2017-08-09,688039,39.437260266898726,39.65955954944876,38.31103819035141,39.408043800719284,7570159,435925195.3387911
2017-08-10,688039,39.98840751951618,40.47387226598068,39.28804998123026,40.094947074676114,4676043,197737691.0651828
2017-08-11,688039,39.44011914779148,40.01363585051815,39.28135807722618,39.78593988657392,6353656,339561901.92152005
2017-08-14,688039,40.14867359676352,40.61994253003937,39.309036944970146,40.073595793077075,2055874,95948148.27508545
2017-08-15,688039,39.14285521574385,39.953486166491295,37.86136854195957,39.00759193620487,3716905,147412945.00066033
2017-08-16,688039,38.74157158084383,39.08144104177902,37.955108346059,39.05619093838024,6375925,281932964.95022434
2017-08-17,688039,38.639969871697474,39.768267658875175,37.92428253359797,38.72766976123141,1035230,52246255.958896205
2017-08-18,688039,37.98261616434164,39.13115659938105,37.015666210553846,38.139204501137485,5476195,217544857.1275183
2017-08-21,688039,38.59707205770282,38.55407312763114,37.231624157913956,38.3083770931501,6246605,260152482.9022476
2017-08-22,688039,38.97158638820549,39.245971263579,37.75752839093794,38.70216718713406,5473824,263009350.88040575
2017-08-23,688039,38.67066857175952,39.44068936962129,38.4622071850694,38.89609787560473,7725201,361581669.9802626
2017-08-24,688039,38.26122703574797,38.97300002693339,38.266351314073816,38.4907832573958,1581656,83399046.01232798
2017-08-25,688039,38.557278635384925,38.79710217623652,37.909322825073346,38.49777342353212,7110281,359537691.4934521
2017-08-28,688039,37.987365432848044,38.737096688548355,37.83518932541897,38.09680507259789,2390571,134720441.81675643
2017-08-29,688039,38.0769249956184,38.362722667027064,37.26867437794709,38.08695281156352,4470199,203623447.73718098
2017-08-30,688039,38.65103254515492,39.03416837691883,37.687348425747174,38.70869252959091,6527203,346889571.78047824
2017-08-31,688039,37.27345635956526,37.549537344480854,37.36725457261049,37.53315667197038,1270477,49717664.65775744
2017-09-01,688039,37.137829452510815,37.80171555955689,36.89476485483155,37.33621109200355,7034945,279072379.9158541
2017-09-04,688039,37.98594616647221,38.16492129793207,37.637731709688474,37.79707602576915,2854327,142103133.23637283
2017-09-05,688039,38.3613586944092,39.09895580642219,37.69580464951333,38.07926497149562,4427204,206532518.48735902
2017-09-06,688039,38.3935798397685,38.888862091883624,37.5850044700952,38.13523778211017,3105181,158339011.74779984
2017-09-07,688039,37.89009554848681,38.724446574581734,37.10337435572521,38.018602441070335,1721507,66416335.520521596
2017-09-08,688039,37.15864098623787,38.49827696622199,36.942232447472605,37.38475016394225,5957226,248494397.6237914
2017-09-11,688039,37.190901218973295,36.95095954502101,36.79690219212869,36.912028680746054,1157249,52266394.23416461
2017-09-12,688039,36.85983290857981,36.953476726092234,36.248371103773096,36.94581298939955,8882375,331804472.7471297
2017-09-13,688039,37.50821660557376,37.873053518103085,36.786632895948784,37.27897223055051,2689564,142583727.1543608
2017-09-14,688039,37.01342191043357,38.26534277037704,36.39354629773351,37.203962213735295,7736835,304777584.91682094
2017-09-15,688039,37.255571315251686,38.3080709976635,36.5625255898967,37.559708248531145,2508683,119102997.54524934
2017-09-18,688039,36.88937515939971,37.381690426467664,36.281209665847534,36.696614676934445,9649224,389986511.9544859
2017-09-19,688039,36.36281060451362,37.201729918550534,36.304662709051684,36.51240788334874,4159198,158827373.08138523
2017-09-20,688039,36.08003949109382,37.32359222859195,35.89303523844076,36.345296351728166,6148724,309687632.2478471
2017-09-21,688039,36.04665042519054,36.6498390652374,35.13163352967694,35.94973887092773,6344130,295870554.9986743
2017-09-22,688039,36.24812057184655,36.521275439619075,35.312593328405406,36.041956426774206,2725539,116400925.19564113
2017-09-25,688039,36.00865713041497,36.879300801463124,36.34016557902761,36.346234833283305,6984266,300161801.2300538
2017-09-26,688039,36.29861970262647,36.826915316000076,35.455584267556205,35.97234326380196,4422200,212766374.03227994
2017-09-27,688039,36.223869233487726,36.39469203320089,35.795976892508904,36.31008130564773,9532903,489309877.36078566
2017-09-28,688039,36.09354547919934,37.22691217024985,35.939198891472394,36.20204419972611,5449468,217177368.70892355
2017-09-29,688039,36.27751746488142,37.20484133152985,35.32726197297127,36.188067140676,8925965,387503023.46245587
2017-10-02,688039,36.569496206645944,36.7899525674959,36.056553373755584,36.33886075873947,5592200,219387293.92539486
2017-10-03,688039,36.04082060480314,36.39853528470776,35.47737655506854,35.968083325389635,7391745,362056824.8392721
2017-10-04,688039,35.38274166384409,36.13250166020292,34.38761803354652,35.39768888969809,7950633,361437230.18147284
2017-10-05,688039,34.898425826101544,34.9077298519214,33.72939045115944,34.62065097650415,7741617,303538779.2807078
2017-10-06,688039,34.54107261356793,35.25879060217334,33.678804687506684,34.25712650047038,4117995,152154543.7545192
2017-10-09,688039,33.995928117370354,34.74976473980735,33.68436374989071,33.869546283827646,6510221,304652316.5758192
2017-10-10,688039,34.077370085044535,34.56652896330762,33.69401874671776,33.967965826717204,1622036,74483440.26401824
2017-10-11,688039,34.02156298877123,35.03377487383816,34.185289376144986,34.2289426256729,6074556,250836803.16298878
2017-10-12,688039,34.2510803754236,34.606832547500595,33.19838803712374,33.96640474315396,8274205,396044371.56019545
2017-10-13,688039,33.92816974739106,34.484359880766654,32.875194575741915,33.64648386805101,7853952,366012724.12483525
2017-10-16,688039,33.431963639706275,33.54439577319424,32.46927336040306,33.1488394235824,6096604,281169242.0391361
2017-10-17,688039,33.780726152457014,34.18659407346851,33.233851774460305,33.942495250401976,1265912,60977458.6196533
2017-10-18,688039,33.4104147022957,33.792692504747976,33.26370422877638,33.36787254806519,5786631,275803079.46589375
2017-10-19,688039,33.1741659718988,33.790610684179285,32.574069147347394,33.02818854431701,3663638,124987742.23428439
2017-10-20,688039,32.761098280163935,32.77512741011771,32.430276723952694,32.70611428403276,3282092,155576464.83001933
2017-10-23,688039,33.76642693231875,33.81565749101511,32.73664274564686,33.7003048993823,4649969,193166830.10562626
2017-10-24,688039,33.51502509586497,33.872894161616976,33.5293380860919,33.71922452024981,6783546,309790004.96296406
2017-10-25,688039,33.46902607221697,33.584963110077815,32.3835873673391,33.22146822601698,9364533,399611885.6839782
2017-10-26,688039,33.49361962090235,34.15447606171572,32.63157641610239,33.179282657247654,4463031,182549300.5983009
2017-10-27,688039,32.54489570734614,33.284668952414094,32.099871872300554,32.75372985375502,6730832,298716312.99367654
2017-10-30,688039,33.4560616878122,33.184645142970865,32.509075198107986,33.145519823721564,3877299,160667410.02366778
2017-10-31,688039,33.006628573704575,33.70980580961341,32.83841392846875,33.2708173827269,8956249,395126727.22577983
2017-11-01,688039,34.147236717558286,34.430166009200086,33.49670402320702,33.9178340653641,1477203,56736265.1303006
2017-11-02,688039,33.78422005726388,34.262649066775964,33.549718201851285,33.67562524271402,2518070,98927838.27041617
2017-11-03,688039,34.3989167084575,35.36971040298543,34.249087317190934,34.55390375599477,6462682,284597254.5036977
2017-11-06,688039,35.5398955457226,35.59769942831217,34.484606996321375,35.47667487973342,6930296,343936898.16094685
2017-11-07,688039,35.323416348739876,35.9938173790539,35.55267347853829,35.670128401109594,3072948,147950112.6988898
2017-11-08,688039,34.91061980856771,35.932573331214435,35.090553210172075,35.172890433818424,5130860,257136610.66602322
2017-11-09,688039,36.09964077152529,35.886051176034336,34.85189652933284,35.87506468677641,8716924,347607527.55475634
2017-11-10,688039,35.382424889421394,35.610412300920736,34.80608404715371,35.564588479986575,6384024,314977334.65057415
2017-11-13,688039,36.62194487976174,36.856972874998334,35.28049203078608,36.30256990449762,5004783,243070164.1755611
2017-11-14,688039,36.13388050250656,36.28915813212395,35.78450707546073,35.906556607206866,3899627,197252426.820699
2017-11-15,688039,35.83089047658465,36.93392178239849,35.51223012635073,36.161722455461366,9967973,469690820.1101362
2017-11-16,688039,35.26397719120947,36.52454264521419,34.710619343298085,35.536717535469506,3954026,164908165.90253705
2017-11-17,688039,35.44947626085119,35.67102762903183,34.792120216022774,35.24352027241694,7202586,299395901.1020394
2017-11-20,688039,35.98798264181051,35.83557513477654,35.412442875309694,35.635422474406276,7699173,280222763.7367428
2017-11-21,688039,35.80922003919975,36.94337906840429,35.025178789489814,36.01385336400279,9272903,373656486.3185312
2017-11-22,688039,36.11316429839188,36.52433635479225,34.86659955062902,35.92982076976091,7631977,314322297.9117567
2017-11-23,688039,35.9548777638307,36.227448270047255,35.77615139655156,36.09500982550655,3511075,174004674.91711804
2017-11-24,688039,35.527448998781644,36.185215525202054,35.138252530818825,35.510941440952514,9833090,424763514.8413354
2017-11-27,688039,35.861605705332074,35.96904939633121,35.20230866361826,35.79563879388648,4595249,239701262.7295306
2017-11-28,688039,35.63151094150572,36.16984832392874,35.0330467186493,35.402044226120495,5741491,226378951.94578546
2017-11-29,688039,34.45656525789902,35.23315138496158,34.41711203009445,34.77312793448329,2844223,122259080.13262416
2017-11-30,688039,35.54330401393601,35.587532334724095,35.35283563373161,35.49423064679906,2177482,88664506.002807
2017-12-01,688039,36.18658034764281,36.744432821440995,35.822536875583786,36.00054923102461,4700370,217245915.7613357
2017-12-04,688039,35.58973947564924,35.897113061812455,35.676745174010605,35.89560279200327,5849513,225670494.51727527
2017-12-05,688039,35.91909929570466,35.8964147813806,35.04845175201807,35.612650574821984,6406022,296587949.3340142
2017-12-06,688039,35.56280256715891,36.26316157687397,35.83152864138771,35.89289875382656,7243724,300942687.64685845
2017-12-07,688039,36.065265359513475,36.0221520937918,35.326764902498134,35.93051206932045,7434659,284807302.8678028
2017-12-08,688039,35.58917324916088,35.99799391976505,35.33648722884546,35.67009471448725,1990120,78028588.42257838
2017-12-11,688039,35.62971500698968,36.59723611175726,35.42219454515326,35.95828869618372,5371742,262128150.4571946
2017-12-12,688039,36.506390246159825,36.94988436348113,36.110590037097786,36.22660583275959,4552390,197878990.28150588
2017-12-13,688039,35.94699026889016,35.754677925479115,35.20038865387325,35.65610760031487,8989574,354426098.0084578
2017-12-14,688039,35.4858778144765,35.63048705020981,34.35645755741368,35.33287003554109,8143193,299502061.3649746
2017-12-15,688039,34.63209210616845,35.51226685790187,33.76340593333104,34.61353780972564,1947698,75676321.9930753
2017-12-18,688039,34.89291319988853,35.971143662252054,34.34327772963648,35.1914391354004,2357328,88403447.49030091
2017-12-19,688039,35.88391763524846,36.64602319671495,35.48898143928407,35.68106145058624,2358263,91825856.31147219
2017-12-20,688039,35.50051379457157,35.77567271470035,34.871637812391306,35.549501493041376,2103988,104649946.2338807
2017-12-21,688039,35.748439533432645,35.87960040266072,35.09858557374268,35.59769338360768,2243474,101878675.14697902
2017-12-22,688039,35.500863728256284,35.3228464095345,34.37815233934147,35.30845671885244,1110154,53852176.96107432
2017-12-25,688039,34.986176480969725,35.343139270951625,33.753518782752145,34.73780612244911,6311256,230751050.10158604
2017-12-26,688039,34.84713379746522,34.99931207269312,34.55882989250922,34.74790046903684,2899501,111440781.62961836
2017-12-27,688039,34.514165025339466,34.69243499409356,33.452959832723685,34.323471497028365,2936236,102585611.63403751
2017-12-28,688039,34.720628716472305,34.803488907762194,33.83082357407409,34.49376655924762,7438953,338607788.2148476
2017-12-29,688039,35.04763274359892,35.38106743732075,34.334761403465116,35.19492423978822,1447589,64110894.242069066
2018-01-01,688039,35.12578913119093,34.832073250109076,34.438732719422894,34.78575966012351,7746799,296215243.8568869
2018-01-02,688039,34.66763472088706,35.45608780564176,34.06030703972572,34.433026126693846,7784136,348244817.37165505
2018-01-03,688039,35.50050299048148,35.27206262601616,35.24726065381828,35.24815949750356,2541034,126502477.6084934
2018-01-04,688039,35.42920964447815,35.94014549750326,34.267102909626345,35.08672061933004,2445673,92904632.0340845
2018-01-05,688039,34.65980632487835,35.417092674136946,33.87595500760696,34.7110832018227,2634487,125673786.45844832
2018-01-08,688039,34.68102613551279,35.58382329182807,34.09135769001471,34.79557136889308,6418886,301350933.0234747
2018-01-09,688039,33.78484067415836,34.292117521312065,33.05033192497035,34.01978612643259,7798887,278642208.0366816
2018-01-10,688039,34.472094711026934,35.218235263769,33.45651619425121,34.19447000738632,7946385,285988872.28577447
2018-01-11,688039,35.06723779753757,35.42104212454371,34.43692172870946,34.89775001717592,9079148,324652550.88669866
2018-01-12,688039,34.88885909787391,35.735908843737214,34.81223786289761,34.906532526806146,8851241,338957201.3636526
2018-01-15,688039,35.449072293650374,35.21031374836235,34.45337552933348,35.141373276614566,4519531,201523782.3227469
2018-01-16,688039,35.330040087277325,35.98686723723651,34.86001284863609,35.00658831525136,1179238,49868598.461942084
2018-01-17,688039,34.772674331319564,34.60390578769811,33.684362847184374,34.577082319546776,8559112,431045780.4217574
2018-01-18,688039,35.703201925297094,35.49728142665227,35.45092640115124,35.46967897920415,5199987,224974958.45543283
2018-01-19,688039,35.05751525633746,35.36368434129417,35.20212086176459,35.34296481579831,6821674,346158730.081815
2018-01-22,688039,36.05824051283578,37.03336997577123,35.27143227514176,36.32231946521337,9620677,498432750.8934348
2018-01-23,688039,36.201904444403134,36.331153335546716,34.947830770926785,36.01935163872121,2074675,110847035.18353121
2018-01-24,688039,35.892955526370855,36.1030000211801,35.34245394843457,35.731567060275474,8093294,367707973.57639116
2018-01-25,688039,35.145183705442534,35.8373961770381,35.26738195208112,35.47516036290711,6430908,298703326.8867716
2018-01-26,688039,35.423743431731346,35.242898381459156,34.253199585298034,35.175990118562126,7996692,320281117.3240454
2018-01-29,688039,36.14717378568847,36.39186151254466,35.92787226445491,36.03422663279861,5513834,267708416.7855096
2018-01-30,688039,35.862637145680516,36.57871045461915,35.86051548068825,35.94872824851397,1623289,70621232.74484958
2018-01-31,688039,36.71338287232388,37.1235992783119,36.13745965003543,36.90977500517799,8778114,403786393.4114513
2018-02-01,688039,37.31065247775114,37.99378490020588,36.87152670198018,37.32008882154193,4150825,198146920.99788567
2018-02-02,688039,36.714137482089164,37.227480407704846,35.948645723425344,36.89604608666433,6016108,240646545.3938222
2018-02-05,688039,36.84335406713475,37.05780031785262,36.74472891088271,36.79704771621981,4578463,228535840.79497716
2018-02-06,688039,37.06812736936892,37.50124839713182,36.04981161183613,36.92687182825269,9660380,519459106.43145174
2018-02-07,688039,36.846004886646945,37.7169378000076,36.290813604425104,37.14512250559358,2732589,103674294.64867674
2018-02-08,688039,37.684784037974346,37.69638216866979,36.52986891847456,37.60908720417504,1319904,62454559.46401615
2018-02-09,688039,38.458964939650045,39.266402006129255,37.60891409222547,38.12919609738459,9895025,383558076.1129809
2018-02-12,688039,39.50627882321375,39.46560845726034,39.0412640385788,39.15006577929218,3868741,192672600.28734452
2018-02-13,688039,38.70414761127506,38.782416514505904,38.26574128930019,38.66822271109142,7362302,335512380.90980065
2018-02-14,688039,38.47791983273754,38.799129611071265,37.653126070488135,38.37013101287074,2765211,148399736.88744375
2018-02-15,688039,39.241977554850116,39.029137795569994,38.31401566747172,38.92832602434759,6354197,302979145.95655054
2018-02-16,688039,38.01220074574505,38.34591531109626,37.290223482320634,38.303535239853275,3372748,141408186.48749688
2018-02-19,688039,38.354783965138225,39.06774354242636,37.496470658735156,38.26572076484925,8518493,384881466.561459
2018-02-20,688039,37.594427207332586,38.67527305402129,36.64418590073789,37.739894054900596,3263325,146392618.8707032
2018-02-21,688039,38.14347486981005,38.54526926157677,38.24262613585173,38.285052356779886,8960442,509359866.67302996
2018-02-22,688039,38.11660509258434,38.903646237052946,37.0642060814263,37.83509432543811,3527194,179652921.33812192
2018-02-23,688039,37.762380497871476,37.99010950180608,37.11298297347141,37.94721450675503,8219729,377957518.0550605
2018-02-26,688039,37.62957749040071,37.963713884779686,37.26722897755156,37.29534757882736,6307085,313508166.78255713
2018-02-27,688039,37.77372395921057,38.17118832681572,37.14447870173025,38.045697845624275,2116014,93986154.53476992
2018-02-28,688039,37.17190602335182,38.291804511538515,36.857900912684826,37.536848944864914,1456557,66034041.6061173
2018-03-01,688039,37.48451651660936,38.625076104294315,37.27637206166119,37.645705774014715,9732468,489632348.01223254
2018-03-02,688039,36.97422861558126,37.68551437936068,36.29325073796048,37.27976442580802,8866616,486399826.8693616
2018-03-05,688039,37.24984691613204,38.465219831205026,36.917628281876375,37.399729030800856,4928196,214912060.47615594
2018-03-06,688039,36.53258321480951,37.686949156275915,36.29645566030873,36.868345521202095,3864062,145562235.08084762
2018-03-07,688039,37.44378451981588,37.208757205543016,36.679865126760774,37.124224566477,1736284,89615532.5250393
2018-03-08,688039,36.09046297271038,36.505852225026025,35.965167026631896,36.396678489285776,1711303,86618576.0659589
2018-03-09,688039,36.613672324975674,37.41323672278534,36.12746767283537,36.46468533979383,6813329,278267023.03858477
2018-03-12,688039,36.2474312317491,37.38817408874443,36.29168378617602,36.440438702162524,5866086,291463906.4065756
2018-03-13,688039,36.55538274945669,36.967664015482725,36.46991746806827,36.50817130977205,2435541,106967409.4815967
2018-03-14,688039,35.73055577454807,35.617551001196475,34.575079133712975,35.39345863900088,1889325,77844560.46229616
2018-03-15,688039,35.488387039980154,35.806913856609874,34.78065635935249,35.69018507887189,6435584,259776718.06298354
2018-03-16,688039,35.65654211140055,35.83401493256108,35.04987454061036,35.44387311147972,4824105,193253049.6288219
2018-03-19,688039,34.58729717168306,35.24169481494042,34.66615171588956,34.928865335349116,1227939,54565250.16811145
2018-03-20,688039,34.920784502220286,35.18606049345377,34.26714783876626,34.677498165524725,7601490,374735887.31833255
2018-03-21,688039,34.962263221309854,35.767523777366804,34.11580170044248,35.049148041759864,3944329,150008381.52528912
2018-03-22,688039,34.70970661271787,34.78977317629403,34.621355562889775,34.748813317429196,6019850,263042811.16106266
2018-03-23,688039,34.82254757251958,34.9614400935551,34.65096814837518,34.65983229699794,2029035,82080967.32908627
2018-03-26,688039,34.62005699730925,35.47904532633642,34.43685018349221,34.677736314383665,6518443,310653095.5593035
2018-03-27,688039,34.37039918747358,35.060018726167996,33.72671868044543,34.43600290872316,8910064,354226626.9958723
2018-03-28,688039,34.93381596616504,35.465876060147835,34.1343422134098,35.18716072126587,5976612,252971123.53797123
2018-03-29,688039,34.899279690932474,34.85122176421234,34.1644920235364,34.64157559119903,6321059,303707148.3793088
2018-03-30,688039,34.91873583641781,34.84851850556178,34.06992594548689,34.57660433029689,5849815,295556034.51203835
2018-04-02,688039,35.41608348324685,35.1774858369253,34.488117041323946,35.171063691046534,9165008,428680279.79786867
2018-04-03,688039,35.155095769721605,35.56352206951717,34.45594206295223,35.06318609112192,5327890,257464285.4098576
2018-04-04,688039,35.00815296284988,35.50309648305358,34.334223284546916,34.667402293603516,4493766,206817032.55810076
2018-04-05,688039,35.51951096695707,36.30553100895131,34.48988155758532,35.38266558836612,6346795,247561577.40177685
2018-04-06,688039,35.39930627396522,35.36461354719643,34.65239497248006,35.30518453219845,3795164,147051693.89441887
2018-04-09,688039,35.17141887226074,35.569752655571165,35.33959750150276,35.43545795638249,3687525,151020644.08748543
2018-04-10,688039,35.70942444677147,35.98687645574572,35.56646995594035,35.66904299818147,3076439,156410848.44326884
2018-04-11,688039,35.98860579015739,36.339853910247854,35.842821798156166,35.87672031972883,1586286,78227168.03465277
2018-04-12,688039,36.502576203842374,37.059541116699805,35.532901030174166,36.17220036612632,8731659,372634780.48985755
2018-04-13,688039,36.69602804867461,37.185353815035,36.13231152589123,36.52425096644848,4717963,189323895.41902447
2018-04-16,688039,36.46166568832071,36.901980101658516,35.995194897319124,36.29884426388552,6670478,324728838.4335358
2018-04-17,688039,35.70403155590541,36.10071618071817,35.365838929608515,35.89373686775295,5558340,299186232.37507504
2018-04-18,688039,35.28388968337341,36.06449698252721,35.110617344256426,35.526223903949386,3627444,159943566.44785383
2018-04-19,688039,35.14065344407156,35.784730692828404,34.200600657038585,35.097314020222676,3735755,155913949.9091146
2018-04-20,688039,35.113375266912705,35.89989147242178,33.97789827656211,34.91950363466184,6451246,312605150.5725147
2018-04-23,688039,34.970952788962485,36.044434921866134,34.55903393882753,35.29171158004361,9058330,437763529.3986613
2018-04-24,688039,35.12389030224087,35.23867211578296,34.43498554101552,34.983491440771616,9713408,369153707.5770916
2018-04-25,688039,34.137556530982344,34.96099792834142,34.05865289850337,34.38390624717542,3782670,191980648.43484452
2018-04-26,688039,33.82245028275153,34.49579046998234,33.352784734266734,33.82883599419178,4674202,208473931.74913964
2018-04-27,688039,33.09077997965243,33.39358833204199,32.213486770270926,33.202718944042616,8103128,359811121.13498646
2018-04-30,688039,33.302089051171514,33.78932919191826,32.87992688791984,33.24079992241058,2789534,111674966.17590505
2018-05-01,688039,33.51734461711478,34.58339691115203,33.66186383910384,33.850750030448566,4030918,191290511.5796051
2018-05-02,688039,33.519386613301094,33.812215612144314,32.93424262702617,33.382401675396025,9416684,330887842.19230896
2018-05-03,688039,34.024970988663945,34.45975029217331,32.988553731125826,33.91034821260081,1259794,53350047.5510688
2018-05-04,688039,33.889042076117725,34.14924948657121,33.101570164519885,33.62109830447524,6400072,246418457.83167872
2018-05-07,688039,32.982282962936374,33.69485221252313,32.72859376275785,33.03779173464885,2441029,118687486.87655868
2018-05-08,688039,32.82552565918468,33.268088527556664,31.74014114721208,32.611423353696516,3689463,167164860.2592187
2018-05-09,688039,33.15485266347732,33.19874288315212,32.86611348829277,32.90418784017612,1720484,80656787.4357993
2018-05-10,688039,33.28117403008981,33.830382514217604,32.91148086700013,33.30546648771525,8133839,395267476.6386692
2018-05-11,688039,33.45162651134479,34.31607407419618,32.8303978764777,33.6743362697038,7879175,340080475.65406865
2018-05-14,688039,34.42555271629722,34.61442339979933,33.84628593359297,34.29888846022271,2344885,104574679.40990123
2018-05-15,688039,33.982510766761514,34.28594251564106,33.945953617635766,34.10084555705174,4354211,169588884.43556765
2018-05-16,688039,34.043351034070874,34.40776732946313,34.25562824160799,34.378138197789625,7545799,277655417.5171217
2018-05-17,688039,33.866735325773845,34.21472514385103,33.6596217708102,34.08684436580526,1804301,69959002.79546468
2018-05-18,688039,34.29251725508382,34.49537841872028,33.686879615042606,34.439498403719355,6672090,249350427.840373
2018-05-21,688039,34.40240128198021,34.93345918530198,33.52549176219088,34.13966016051104,8492568,297120919.7689758
2018-05-22,688039,34.071441643228546,35.21696197290324,34.088239973663896,34.40602940403981,1027675,41963958.89426362
2018-05-23,688039,34.79124351339927,34.56241102317966,33.7543911597048,34.47362943746594,3637116,139603913.82374278
2018-05-24,688039,35.30468510003434,35.97977937765347,34.96018894792732,35.09359067043776,4394395,209244595.9500912
2018-05-25,688039,36.28324122957176,37.051700681989004,35.60640022527944,35.976022392877354,5949885,289261069.7769636
2018-05-28,688039,35.88117110461308,36.53751101692379,35.00844670895536,35.66375375104321,5099619,238206148.09647647
2018-05-29,688039,35.21186429523441,35.52016116695989,34.76999919125569,35.137719882128096,9911513,438347216.51218265
2018-05-30,688039,33.797957247059635,34.59973269695699,33.72593443349258,33.81885597804308,9016758,415193350.4727076
2018-05-31,688039,34.59519364443143,34.605796364603634,33.60190143474842,34.27933947797831,7415499,322108605.39695156
2018-06-01,688039,34.39175183080938,35.44608917522951,34.19143090436707,34.657875467115204,1388094,60850342.685855635
2018-06-04,688039,33.744150806313954,34.32616008487046,33.321467818500565,33.5121718750745,3522137,163579804.76418683
2018-06-05,688039,32.9701435324719,33.68656020576441,32.3247848854514,33.188398462598265,6870999,232128658.90220913
2018-06-06,688039,33.21168702936335,33.464796993534115,32.54398636092941,33.332095443106816,6719289,287665679.36577255
2018-06-07,688039,33.10686441204641,33.76972039863601,32.413496938446144,33.27208166669982,3407093,166879588.58411437
2018-06-08,688039,33.65749662443521,33.83280939607413,32.62738413054724,33.60737500062672,4996595,228731221.22763416
2018-06-11,688039,34.09253478851313,34.9614234534558,33.22719008806695,34.17618792075169,6807493,259156924.8877021
2018-06-12,688039,34.35646323475157,34.53802701248008,34.139546032383215,34.419963692830876,6072732,283894233.0425795
2018-06-13,688039,35.02987863413445,35.53827023741644,33.84303613493019,34.80705275656378,6939245,297286409.331811
2018-06-14,688039,34.96444293661402,36.184971801376925,34.63036168375735,35.21444836552971,2716423,105850360.10285725
2018-06-15,688039,35.31880153929198,35.26876476550134,34.53748392098275,35.18723418814017,2902777,126767322.55092423
2018-06-18,688039,34.876714088195655,35.10711672072317,34.10076020467932,34.99938075924983,2727997,98519514.0567415
2018-06-19,688039,35.15205392699403,35.88308319274554,34.15214269106308,34.932708391049715,7334399,285980964.24460715
2018-06-20,688039,34.451935731070385,35.36188734089481,33.58291352622496,34.38555361803759,3096775,136737858.36081225
2018-06-21,688039,34.740942374868084,35.56964978251414,34.186623732689114,34.687458488772535,1948431,87833861.64066549
2018-06-22,688039,34.677751534646184,35.073427069215164,34.824343492650755,34.96110290955274,2588767,115247360.00361918
2018-06-25,688039,34.726979237946516,35.5377209035939,33.76972278588263,34.5320299510274,8277053,381572684.62742174
2018-06-26,688039,34.131016378477916,34.26793223965655,33.60431910600913,33.96045908379091,6091078,303905568.7030497
2018-06-27,688039,33.82771515705517,34.18417724106227,33.36834537179288,33.98720716212752,8116207,399291266.09598684
2018-06-28,688039,33.94584896772093,34.14553039997636,32.9697726018287,33.89727356017117,6342013,268762717.53220844
2018-06-29,688039,34.67694214619576,35.40449538399806,34.07340269908631,34.53542697309247,3806598,132649865.90930927
2018-07-02,688039,34.22532742392509,34.447490688939695,34.254848177708645,34.30137066635667,6629945,294085638.3940452
2018-07-03,688039,35.13609009795814,35.925202698015724,34.97135249778525,35.047178439559275,8026836,305470030.46612287
2018-07-04,688039,35.144655506415,35.669127604844576,34.171969814771074,34.924040417652655,8619107,431560955.55972815
2018-07-05,688039,34.45043644193318,35.17950457327991,34.08989907751083,34.48877760129359,5151496,232906491.34805384
2018-07-06,688039,34.01730316205996,35.09488008315854,33.49367161698515,34.28410785263992,8116332,322955697.6132695
2018-07-09,688039,34.40104225442921,34.70718077570794,33.60587927550678,34.172650797570824,8577122,319456935.1358911
2018-07-10,688039,34.489692241343974,34.43613342067902,33.742520887232644,34.38374438018014,5758610,241144482.79779193
2018-07-11,688039,34.19821120577341,34.50096119746235,34.47051636296626,34.491326087066724,3822873,143744132.01512185
2018-07-12,688039,35.01725560725306,35.70633648196232,34.827398397878504,35.081640822628884,5038346,255894343.68072566
2018-07-13,688039,35.39213750253574,35.323565739993555,34.977286910496886,35.236650011903535,4015997,188696501.30966106
2018-07-16,688039,34.58120593159876,35.264272618030155,33.96396033137124,34.59939916498201,4893332,243640306.45766586
2018-07-17,688039,34.19682531473552,34.25340210907184,33.47049029553581,34.005919465434204,7435331,277447002.79507214
2018-07-18,688039,34.592633423684745,35.45129914747304,34.28829426352485,34.73532294390088,4816912,194252050.55460525
2018-07-19,688039,34.36350070798899,34.87843850800522,33.71696081024527,34.49720145642462,6956940,341948250.0734108
2018-07-20,688039,34.7182745987793,35.95990043643568,34.84146356148417,34.99374895548023,2118089,108409861.93227127
2018-07-23,688039,34.404898874347886,35.507827617616186,33.9820809046358,34.67272422002023,3026592,150839918.134496
2018-07-24,688039,34.43792312564671,34.89264100271852,34.294239971745164,34.52179199859687,1021201,39903003.71053957
2018-07-25,688039,35.10514683569981,35.526853650778094,33.758074812941494,34.76203603048816,8569864,446083625.23761797
2018-07-26,688039,34.63117112987184,35.115601238986656,34.27062847153565,34.6063007684569,8734969,357296895.2973205
2018-07-27,688039,34.679508184186,35.43800304767486,34.119556820792425,34.58106887394248,1967465,87601480.035044
2018-07-30,688039,35.2311376759348,35.15944615177362,34.74147950930878,34.96421386114723,5054503,224062261.15727165
2018-07-31,688039,35.30898838718086,35.78269877150703,35.022729729708324,35.40336536680687,6606786,234626810.87434316
2018-08-01,688039,34.18571150941971,35.09380331923492,34.171713346649405,34.24981914537841,8286240,416389196.0270058
2018-08-02,688039,35.0274393094594,35.53328770455392,34.96864875984439,35.262826463763645,7588985,311318080.23323745
2018-08-03,688039,34.812623370727565,35.50879107044941,34.34793357933413,34.63831227344285,3820349,172620582.88600454
2018-08-06,688039,35.26686458465589,34.98461677231143,34.559707518691255,34.94912314858775,9976640,457782667.6923086
2018-08-07,688039,34.60377194139407,34.69419754396527,34.08919026444443,34.3642760035918,4991847,214561352.94268793
2018-08-08,688039,34.85418551324157,35.690328336602455,34.21624919798733,34.69932245363367,1437674,74114518.56805171
2018-08-09,688039,34.76985983915713,35.31534069033741,33.84897166927033,34.81484490975592,3211119,149791908.98474768
2018-08-10,688039,35.133680888931984,36.42056588728337,34.5581450737951,35.44415196701366,4593235,205982814.3873266
2018-08-13,688039,35.456003255697574,35.93353368100113,34.69734422934216,35.145341369609596,9393396,376177174.519309
2018-08-14,688039,32.87131633209807,33.86935705637228,32.81362405241126,33.176249158312146,6858190,311208629.7881682
2018-08-15,688039,32.87834206746692,33.48295868019547,32.45396640212904,33.01624820121923,8599581,334288037.5448717
2018-08-16,688039,33.182698475977325,33.41898186002519,32.10081042241253,33.04504277087484,8185858,365867059.1695672
2018-08-17,688039,34.041481720271705,34.15604229131206,33.36623856787051,33.85942000579465,3328306,122223866.30437528
2018-08-20,688039,32.82090539312316,33.39947159355698,31.98621297201751,32.950830356243486,6940521,287507140.386254
2018-08-21,688039,32.943124293743985,33.626771685962694,32.44787982288182,33.24395245012362,7726839,310759127.72389704
2018-08-22,688039,33.657592231818136,34.49415451878056,33.219410926971186,33.58079941766197,3782540,157710918.610981
2018-08-23,688039,34.35786314029844,35.52260779717247,33.713782030875805,34.62813011120947,6388596,323385551.7789505
2018-08-24,688039,35.02286856480874,35.695773242404236,34.29130339084834,34.703731660306715,4068445,176368585.98466018
2018-08-27,688039,34.20714290560191,34.80721290043476,33.76948927782726,34.148297103445124,3370069,166619211.19364077
2018-08-28,688039,34.762037943555775,35.626387684470416,34.3131328105576,34.701013293778146,5700140,219011328.6816083
2018-08-29,688039,35.12526113449711,36.12927682781757,34.85575635678992,35.15979712773579,3704503,190824979.62514925
2018-08-30,688039,34.617405041713866,35.65588381272993,34.49846916517936,34.92118100000123,4963022,204365177.95132044
2018-08-31,688039,34.95850726472235,34.93506334545112,33.96947969624843,34.925511333735315,9904211,352402860.6143582
2018-09-03,688039,35.4075463693321,35.89532558224138,34.41179619509182,35.100161982240905,7583389,342382186.3804115
2018-09-04,688039,35.9774992993845,36.177586813049146,35.84340160357603,35.87488400247231,2246011,112633509.8876048
2018-09-05,688039,35.39125803326498,36.48572890644598,34.880959968067785,35.63174609215046,7450960,289364903.1256252
2018-09-06,688039,36.07076965975058,36.200057226599036,35.576595305390015,35.76567020157803,8570772,391781867.8904104
2018-09-07,688039,35.79964106304083,36.63281412733034,34.663523237503185,35.70060917141741,9585615,483474153.10857314
2018-09-10,688039,35.339493213301665,35.653847347244294,34.52765586525043,35.03111626907836,5610773,278678417.164032
2018-09-11,688039,35.24208625187081,35.04878453861686,34.326135576819254,34.93073712244875,7785767,346790711.8702672
2018-09-12,688039,35.7435190047946,35.64019667414664,34.948258343850966,35.40392195670894,9190834,472648597.06651294
2018-09-13,688039,34.67338806437372,35.31879977526183,34.93531836564968,34.99647444142248,1909132,82898469.68261085
2018-09-14,688039,34.64714801095153,34.872327991879935,33.847390737983325,34.449324314279316,5025230,244262951.74508128
2018-09-17,688039,34.97272813905069,35.10056628746964,34.718608776441414,34.979728882113804,7239389,309911396.72819966
2018-09-18,688039,34.84766103064308,35.03562901365664,34.09333833121704,34.96896290074633,7938723,386860701.4876489
2018-09-19,688039,35.16798320385823,36.16662985001998,34.77263075490772,35.32120419757292,1741331,77040223.91839842
2018-09-20,688039,35.6584254175442,36.30425844154093,34.37068850668796,35.31908020955947,9222379,442162549.1744861
2018-09-21,688039,35.927879396475994,36.027804498434435,35.09477773607643,35.8904697487385,8743392,447104044.93818074
2018-09-24,688039,35.11271039839596,35.394974279089716,35.1698542515274,35.23984076023149,6278254,330906635.5383223
2018-09-25,688039,34.265210336642625,34.76828727270111,33.66220408824864,34.50896589641589,4503115,182962138.44946727
2018-09-26,688039,34.8449538736666,35.00163784664762,34.138903684856274,34.57563007483813,4370788,179812212.2357137
2018-09-27,688039,34.30419842557494,34.64370796208978,34.303899658624786,34.43769258616584,5997798,243078562.61730486
2018-09-28,688039,35.382915769935366,36.395252732145735,35.13362939616394,35.3958584798243,8092268,287435633.0244542
2018-10-01,688039,36.08623561328691,36.699375195825226,35.35743546645666,36.01204877105958,7961177,300391877.1577873
2018-10-02,688039,35.81435141570615,36.1108684435036,35.41736406787897,35.968151673485885,4962405,238769788.66701874
2018-10-03,688039,36.13540801491306,36.859975324324594,35.37578421100848,35.87451452880056,5682971,205400910.81616485
2018-10-04,688039,35.88030551929763,36.6512846124143,35.40262772655377,35.73663160081915,7908268,403160261.86042607
2018-10-05,688039,36.02641396077995,36.73125218887509,35.44000678341176,35.89085112634721,5375022,233127537.77707356
2018-10-08,688039,35.91525863245398,36.787838877700935,35.6013826253535,35.97026469040543,7605693,353701608.70471495
2018-10-09,688039,35.256297311431005,35.662635593544074,35.3433197843101,35.53335933717044,8242349,371779267.95644355
2018-10-10,688039,35.44135053072494,36.08267577758342,34.66877458634203,35.49154283765623,2862923,106976497.05786136
2018-10-11,688039,35.28891424043814,35.6680842568072,34.77109329273568,35.26316121172543,9067093,334725412.8065988
2018-10-12,688039,34.85843909408957,36.109139111358445,34.55784292963655,35.082412677693725,3764143,156882968.04437318
2018-10-15,688039,35.29218028503098,35.93016340946595,34.30085766884531,35.29700494914621,9400329,489212405.5040489
2018-10-16,688039,36.46360975971675,36.444896471069804,35.720670742050515,36.41673387857416,1797352,90417542.52668905
2018-10-17,688039,36.93366452593284,37.56376131989738,35.960830961066996,36.94562520695369,8452593,338044167.6504691
2018-10-18,688039,36.33295682655288,36.35096849087291,35.423014215148086,36.07805062768854,9775572,364466385.11961424
2018-10-19,688039,36.37997252722122,37.20220773556247,35.406594018419504,36.41182047691147,7562267,363468173.08008504
2018-10-22,688039,35.58682631847923,35.93964921465488,34.92878123142528,35.78519119831017,6667740,255890896.6127641
2018-10-23,688039,35.864985431058024,36.84128082318626,35.116311939298505,36.15992900595405,4729155,187555505.0894791
2018-10-24,688039,37.18881704724989,37.14280095883577,36.54788740065808,36.87545168027643,5276958,227336110.11375034
2018-10-25,688039,37.77533396288962,37.717340329128014,37.103399120411815,37.488925702945,3074073,167486859.77097788
2018-10-26,688039,37.35619735837938,37.63551681649123,37.14620720663752,37.5059686993888,9102112,410096498.9239613
2018-10-29,688039,38.822936497357055,39.402700932684084,37.66936683508101,38.80353183619267,4835234,207769353.1610572
2018-10-30,688039,38.14621167198481,38.18817682336135,37.45951992700317,38.11046233004974,8531464,356954281.2305721
2018-10-31,688039,38.74973137519567,39.69866231070922,38.39682329521662,39.05303458618518,6701257,362241126.9050698
2018-11-01,688039,39.72267258544109,39.85224798490919,39.68077358233528,39.768778930892,3453533,172030699.12049422
2018-11-02,688039,40.7346292017094,41.6071442574745,39.5161187103487,40.71943757611063,1653949,91572501.32611549
2018-11-05,688039,41.31537994705416,41.97416053245756,40.71448676809957,41.63323804557075,6530868,306525618.6845353
2018-11-06,688039,41.21773723854455,41.60949730939843,40.44629104193719,40.91833415157596,6308441,338313934.59902215
2018-11-07,688039,40.431023387486164,40.54828593587709,39.51118154628331,40.117467465870305,7892227,447906797.360816
2018-11-08,688039,39.85250193434192,41.02715215998093,39.09569890381358,40.00519872231533,5737083,311722215.9605855
2018-11-09,688039,40.40186224338339,41.23986949656797,39.3286775042393,40.3177948575275,9744037,584252426.1913923
2018-11-12,688039,39.917031684419364,40.20288235123462,40.14088004168923,40.167339187876024,1642729,82632597.73711367
2018-11-13,688039,40.26023434581891,41.02344725558374,38.985583662461195,40.062863417386495,2153143,123011309.15042713
2018-11-14,688039,39.86412291243542,40.02283649515846,39.13324345098373,39.89268059703355,1975694,97092003.21524194
2018-11-15,688039,40.30767597723103,41.18985831008817,39.58918538764712,40.50932966077625,6382777,371075720.96781
2018-11-16,688039,40.02292963239634,40.75636046308961,39.445156650465925,39.86747486866724,9845455,422748481.8628744
2018-11-19,688039,40.8275037641911,40.88748632835138,40.4113619314509,40.67791682815654,1802261,101044593.87695399
2018-11-20,688039,40.32212786270194,41.51213783745436,39.37886517318931,40.4373218117735,6665047,373700749.10441864
2018-11-21,688039,41.207429286766995,42.167741863361805,40.872136597422326,40.97439421236257,8726545,508019037.8123511
2018-11-22,688039,40.6205637765142,41.253069223045166,39.32419113896097,40.49611593191147,9980204,594766790.8986622
2018-11-23,688039,39.87250361765768,39.68347465672775,38.649852770829256,39.52248767440118,2470115,125506090.98838219
2018-11-26,688039,40.15218854125816,40.683976806481986,39.55492519353365,40.406600002444925,7919974,321581383.0818732
2018-11-27,688039,39.72094734743137,39.967260560627935,38.99292397966853,39.72961426409597,4976312,245046746.33668393
2018-11-28,688039,39.697359741762256,39.806578328998924,38.72256976512088,39.712883791173496,3359707,143982896.46858633
2018-11-29,688039,40.10659239157473,40.423299178231446,40.026282866602344,40.05545599068283,9880190,478416169.58141935
2018-11-30,688039,40.283368445835805,41.17195709128238,39.411458720212664,40.473599984317644,3422010,146423198.58957422
2018-12-03,688039,40.042916446466606,40.105310851239764,39.428745001024915,40.064031090963184,3495176,204355172.32992944
2018-12-04,688039,39.91748726302993,40.45903875307266,39.29098048498197,40.001316578308966,2374402,139228105.56180957
2018-12-05,688039,39.94295101323977,40.74985114870306,38.6565640675871,39.83242643328555,2000261,86087679.1653956
2018-12-06,688039,39.67748177041538,40.49942948579608,39.451025597090954,39.85344859000992,6723285,285818573.81966794
2018-12-07,688039,40.809249925672766,40.971501461786495,39.73500106148526,40.58167597126456,8458794,464211840.6976279
2018-12-10,688039,40.337860472790595,40.51035255608477,39.69634181189057,40.50211502530934,3851050,173271595.01048994
2018-12-11,688039,40.66949399629551,40.9418308093515,40.080534629461624,40.881821129526045,1648446,97820490.4403765
2018-12-12,688039,41.36212848944607,42.35696327851288,41.347010546608686,41.75281877849207,4112080,217902526.61701357
2018-12-13,688039,41.62326291890259,42.44198462848099,40.7976442002772,41.392453115384484,2024031,96586755.9972234
2018-12-14,688039,42.408420558696044,43.85547633937728,41.5294026757203,42.58150523318595,6469923,304262541.8150549
2018-12-17,688039,43.391144238186634,44.343467428100006,43.21748385308738,43.68622950613605,4383032,196451465.8156613
2018-12-18,688039,44.71564495229503,45.13904903167979,44.019122954112646,44.76805851205905,8593764,408461449.00033545
2018-12-19,688039,46.114189517936765,47.251867478153216,45.17073064364109,46.23879814249718,7579030,407423401.53400004
2018-12-20,688039,45.836767886940805,46.46539506051373,45.3378113416048,45.69870484161375,7290924,440136253.838052
2018-12-21,688039,45.13551004822521,45.6778327437631,43.84447123821148,44.782826685037215,8764585,519931722.97549456
2018-12-24,688039,45.1261677735757,46.06395693909532,45.429534540452416,45.52854092490158,4342184,235812622.5126758
2018-12-25,688039,44.25948070721272,44.37938473778301,43.83541289909769,44.32394970334326,7004346,329382972.949691
2018-12-26,688039,43.49014036435082,43.80597013074655,42.25547169678328,43.4186313848683,1471363,91091183.96048734
2018-12-27,688039,42.71554019241563,43.36392936862865,42.61130210308339,43.02812712174286,6310519,397065078.83187616
2018-12-28,688039,42.44266589936646,43.246521623830056,41.39299327206532,42.620414569763945,4263920,228112039.28072998
2018-12-31,688039,43.453720982239474,43.574200894868625,43.19654309010448,43.311656493943055,2877825,176752521.81834853
2019-01-01,688039,43.426346330051295,44.70255180725531,43.76524890234749,43.814298772087255,2634049,128495143.6024844
2019-01-02,688039,43.87667990484052,44.3017547499353,43.323115091036094,43.837079592892515,7541755,488466171.4327523
2019-01-03,688039,44.111421262948,45.21892869714095,43.53748098771592,44.01788749895853,6711107,413476628.1402479
2019-01-04,688039,44.17913384083156,44.80145459707844,43.001414017926116,44.183755557817754,8980891,546530349.3904285
2019-01-07,688039,43.32922677578921,43.68419108330209,42.13669899685994,42.9785679140801,5100605,315723819.4181918
2019-01-08,688039,42.53072409934785,43.428033956365795,42.42596353866049,42.90732105579719,9383347,551770907.2324266
2019-01-09,688039,43.635291044867614,45.28112967791114,42.99247227649414,43.983750785727814,5104741,307821222.30038166
2019-01-10,688039,43.83541391394517,44.720192274270154,43.23056567027016,43.54915800526687,9739094,623023006.7335403
2019-01-11,688039,42.93888146022233,43.54232656783236,42.40743448454857,42.887834156958725,9795014,456573064.94678473
2019-01-14,688039,42.44219190270347,43.157162666645,41.210874245132906,42.27329529286452,8720284,505176382.3398478
2019-01-15,688039,42.98013162759849,44.02756393370071,42.187218062250594,43.135543816332344,4446755,255680527.09440926
2019-01-16,688039,43.33227623745009,44.49675506086503,43.38499476336896,43.46130263883093,6466427,402860658.6039652
2019-01-17,688039,42.42003857227578,43.507628946151186,41.662669114391555,42.47904411117091,9274248,574813044.2100428
2019-01-18,688039,42.415628570534736,42.92723376098849,41.1493892279188,42.36140607337575,7246567,432759161.2514342
2019-01-21,688039,42.10290388517632,42.968210952361595,41.76961243793241,41.87798344051393,8806462,547430945.1260777
2019-01-22,688039,42.979042222012026,42.814271842401574,42.483018282220584,42.55689984688293,8557693,421505357.87307864
2019-01-23,688039,43.522958896406884,44.53187311196756,43.22814089165301,43.56487149238769,7663649,457913080.04527694
2019-01-24,688039,43.25556789549657,43.35748454257748,42.50873755218621,43.17266766105723,8323538,372537317.64936304
2019-01-25,688039,43.10461246303672,43.14319154062114,42.41892137460606,42.87929062916324,6950255,367971246.2077645
2019-01-28,688039,44.04766259920665,44.95178960480509,43.65870009166551,43.66072408940562,3745243,222397931.2907471
2019-01-29,688039,43.31042659624481,43.58024952863383,42.59971211529319,42.9391600675065,1148366,59123485.07138544
2019-01-30,688039,44.03022847168754,45.304309852127396,43.554534963794225,44.06517661332508,6380840,327050829.1636344
2019-01-31,688039,44.45225050356957,45.50797948798167,44.34280289285352,44.82535936922677,7789587,395192545.1199381
2019-02-01,688039,44.81795680357879,45.954989722679976,44.670304183569854,44.952892214333374,5864463,303287792.4131802
2019-02-04,688039,44.36570950114303,45.39979468277118,44.1290351144397,44.59156015512316,7883699,395910940.56809735
2019-02-05,688039,45.10503619264994,45.97759257437499,43.60545066581326,44.81539574515363,2703519,166572238.79285088
2019-02-06,688039,45.51682891796469,45.926679516781725,45.23783614441356,45.297291616864676,5967183,364671666.87410736
2019-02-07,688039,44.462428134327595,45.30232903441841,43.596869673714394,44.43358163306181,8334084,519315713.10796833
2019-02-08,688039,44.56682114942104,44.55045192865906,44.182315156822526,44.248058930071785,6642834,374250525.91242456
2019-02-11,688039,45.27050018200961,46.26287179461009,44.25254971013828,45.3678219070035,1790402,112500355.34540652
2019-02-12,688039,45.18077960592422,45.4258014171849,44.08485833711549,45.07565873449955,8801592,431174036.8249605
2019-02-13,688039,45.690608098450106,45.28548801881206,43.93219692669929,45.24413728452926,8785306,474697990.21945494
2019-02-14,688039,43.99067417908294,45.15305804226743,43.943276487135726,44.3496677354541,3694607,209995351.7646394
2019-02-15,688039,44.95032340103346,45.501249867763114,44.44219225506782,44.82199994695926,7841343,463106438.3271202
2019-02-18,688039,43.649180206120604,44.09261648800404,43.71384456809194,43.939337599289054,2509199,160170818.83243194
2019-02-19,688039,44.18491619484797,44.17949216772137,43.88030068317789,43.96745652256793,5943903,339188084.94540584
2019-02-20,688039,44.361804473657244,45.37218632837412,43.50949011344344,44.78361024386712,8143591,411772947.8423251
2019-02-21,688039,46.49360388540499,46.27994919339332,45.75955504077715,46.05322501008022,4177513,248382897.82361567
2019-02-22,688039,45.71628741241485,45.57570750468332,44.86650100020532,45.4713291046544,3908808,217242217.635924
2019-02-25,688039,45.18432655479906,46.04448172928697,44.164380635013416,45.175719072070144,5540493,281575987.5440716
2019-02-26,688039,45.25730099897831,45.521751230096,44.656828760091045,44.878723487395625,4114495,191565292.9538325
2019-02-27,688039,44.38466567156891,45.63170463674251,44.33169240941049,44.7119794294927,3867193,217397514.80186957
2019-02-28,688039,45.90727123254119,46.6473638732828,44.88543859457778,45.67666142820715,7606031,385448364.6462893
2019-03-01,688039,45.57535106036864,45.76878769797957,44.658391690121164,45.58988979679389,5006098,285143890.0877859
2019-03-04,688039,45.64761645434396,46.76556879877267,44.70604418744379,45.78334778245256,3854451,257435918.88520548
2019-03-05,688039,45.75866449366072,46.19907155988531,44.55501501981739,45.40938790921321,8946431,445191031.2858894
2019-03-06,688039,46.09570383478331,46.97443591466815,44.69196955858097,45.72272874761524,1168263,78546876.48386861
2019-03-07,688039,44.682198133913175,45.37850823527715,43.373008428648134,44.696531689758395,3724595,167480270.40001866
2019-03-08,688039,44.432123252810975,45.77953605122015,44.43421411939197,44.689628466970305,1727583,85730898.29214142
2019-03-11,688039,45.72057368986329,45.718401642047134,45.25640868966199,45.502223176977196,9704603,656670785.8812944
2019-03-12,688039,46.90956933863069,47.5038697682815,46.27622675960952,46.62375773690209,8128259,513116071.058396
2019-03-13,688039,45.756735154831034,46.53127644609887,45.604660828678476,46.09628086953433,5808598,313825872.60477
2019-03-14,688039,45.82169998694115,46.793790611098046,45.82348439133479,45.824593692406964,5052451,289156978.0788991
2019-03-15,688039,44.88243976492886,46.0504971737836,44.65026850780398,45.280085822198366,6193790,394645241.48616356
2019-03-18,688039,43.96509715851636,45.337371851186916,43.28700717559004,44.09235810248153,6151040,350811848.03968096
2019-03-19,688039,43.87663431493257,45.36868248551472,43.12336415460129,44.29480700628136,9839937,588244832.252891
2019-03-20,688039,43.69470635824688,44.60599572064515,43.1375291236565,43.89808805315907,6662502,377256333.8597422
2019-03-21,688039,42.46825975449285,42.77508194209812,41.7016340040581,42.696592688121896,8764398,386851694.09725916
2019-03-22,688039,42.50047866854676,43.596939635309305,42.49359612567546,42.6662332730804,7034156,331028939.93373084
2019-03-25,688039,43.589941750093764,43.76299843906406,42.996109306628746,43.28692998005819,7975142,469738617.47091323
2019-03-26,688039,43.190093799872976,43.92123464874677,43.35202533319616,43.55527982374944,4447137,230259550.10035858
2019-03-27,688039,44.12564711416315,45.0639753559988,43.37594599373279,43.96748038037662,2718685,134490998.70280543
2019-03-28,688039,43.64502920715881,44.17378185589702,42.748985248148,43.9447990681937,7850392,454498391.8963938
2019-03-29,688039,44.31809979759213,44.58926079590354,43.77661833562228,44.3752366630695,9124297,457406674.7223351
2019-04-01,688039,44.20791096014837,44.29871713375235,43.08448287361151,43.93898414880551,3593799,184647767.02260578
2019-04-02,688039,43.955890376135486,43.85679293619692,42.81659274549579,43.80638732106045,2997037,139299866.18598258
2019-04-03,688039,43.31602995762968,44.20424648665363,42.54968806538582,43.57703137868609,5247623,286830248.3905418
2019-04-04,688039,43.306701635794596,44.127591988636524,42.79137533535486,43.53103829110053,6307077,382393468.3227203
2019-04-05,688039,44.14192296313862,44.743164831848546,44.12208283481419,44.33827081290227,7818334,498701680.64624697
2019-04-08,688039,46.18520854045431,47.18695416259457,45.16545978695966,46.032152895141024,3758811,195295371.50876266
2019-04-09,688039,45.06024643599426,46.396806787705785,44.65008132519706,45.387050306908456,1247989,62710540.09958436
2019-04-10,688039,45.19493262053789,45.806475868376886,43.62813824172423,44.876134825828295,1183564,79618171.8893705
2019-04-11,688039,44.904206051493155,45.53419227984692,44.47565515414794,44.493851729997836,2328146,118010397.21971849
2019-04-12,688039,43.624276951784914,44.247038699332315,42.37267256772228,43.266842645061615,9625028,432604554.09009665
2019-04-15,688039,41.96300362699978,42.953378082668195,41.52662812306279,42.00136341061452,7940452,370227432.11076534
2019-04-16,688039,41.77347164390237,43.00017087826537,41.15103163799813,41.9096780187355,3978948,215463513.23708335
2019-04-17,688039,41.78165038354361,42.730437449485585,40.990270849196506,41.84497078939309,7021513,358981160.26332855
2019-04-18,688039,41.69774226286184,42.64465716038964,41.2871818784351,41.860148398225604,3565473,199467060.55130318
2019-04-19,688039,42.56877403554749,43.08099020071906,41.693786685642365,42.28285315652015,9921914,506439996.9866734
2019-04-22,688039,42.75425937473548,43.3028420671204,42.17270904228582,42.739734759819655,9433275,427270706.5975315
2019-04-23,688039,42.148177352087195,43.57091122396328,41.983794704067016,42.372127449231,3932482,207804075.21638384
2019-04-24,688039,42.20027159835703,43.06020689688108,41.43379066746807,42.18812887054916,8614120,512810168.7690772
2019-04-25,688039,42.83752653159816,43.10159904412926,41.43712110256028,42.5013224477126,7535361,466419580.30628026
2019-04-26,688039,41.91043886888716,43.06387893173524,41.345152343949316,42.3285041950664,5532940,289650322.81132287
2019-04-29,688039,42.93628706342714,43.89122007451222,42.3874217366382,42.81584307548081,5289373,302810964.62776154
2019-04-30,688039,42.86446883354875,43.86338694293195,42.31025205713307,43.12828632602578,2781545,170083210.58976737
2019-05-01,688039,43.447833170198784,43.688487392359455,43.018846578462544,43.356778752485326,2346116,125675173.18150303
2019-05-02,688039,43.2698968891811,43.15557435086645,41.955750993431614,43.10125189786884,7152538,390669987.24334294
2019-05-03,688039,43.57607833360603,44.491176099053554,43.02238635112389,43.57634428778172,3843053,232289266.50110903
2019-05-06,688039,43.77838576197725,44.417378172061795,43.802824523587304,44.18732570470842,5666726,293474733.61063576
2019-05-07,688039,43.95432720396092,44.378984655179615,43.6961979340368,44.26875874132706,3798612,208702726.5970438
2019-05-08,688039,44.38948944012738,44.56112945717721,43.14518922384359,44.319558644197855,2222284,141114392.13389438
2019-05-09,688039,44.507129825354696,46.16599949938271,43.9755815100441,44.91157168359138,8860745,480601640.47061986
2019-05-10,688039,45.54139424724495,45.606398565526334,45.00506815375885,45.37690735498496,3646994,184568482.61094204
2019-05-13,688039,44.74232475590761,45.6003511081198,44.254191616295,44.96268700012637,3095831,165230114.13459772
2019-05-14,688039,45.098814109272624,46.39176477424759,44.035811491923596,45.35440068852871,8819881,512277242.261148
2019-05-15,688039,44.89135385760872,45.48390005250561,44.13029023598089,45.2993443559525,7880033,496470061.9265024
2019-05-16,688039,45.51552307355795,46.5012855715285,45.19664274293432,45.738958616765075,7726122,413551099.20122534
2019-05-17,688039,46.30427374398872,46.791332862633006,44.75678392944506,45.92122484280387,9259608,491343640.90636754
2019-05-20,688039,45.83880554902851,47.527013768672035,45.95179850139653,46.17578635242981,3840761,241594627.29000655
2019-05-21,688039,47.67746908679065,48.06751481638753,46.85909814776963,47.370711096944916,8757001,595483952.1379938
2019-05-22,688039,47.83285706450557,48.04224542237136,47.28413230868009,47.37721893464876,2593694,160087193.82740846
2019-05-23,688039,48.04327720342041,49.08955932811397,47.69245338906367,47.72720042327625,6235270,325192761.1002655
2019-05-24,688039,47.514391507013706,48.4213996562109,47.09728816738731,47.60876778378225,2267620,124815336.24244781
2019-05-27,688039,48.06251690938968,48.617678114794124,47.23813189582314,48.472655766341745,3695860,244588001.15225595
2019-05-28,688039,50.113348705385945,49.835465368418646,49.1281443918966,49.66839280908958,7575466,564379662.2954133
2019-05-29,688039,48.90582586196864,49.49176308373452,48.1395971688606,49.37809279841715,8472948,595451640.2106966
2019-05-30,688039,50.03842266156612,50.54606488359288,48.41936972060136,49.845382833173964,6948870,514206215.0987588
2019-05-31,688039,49.75626690036245,50.284458804589725,47.94009566848562,49.36394263776876,4753939,346658394.0795615
2019-06-03,688039,48.868961100551246,49.25876228467008,48.694542164833464,48.70995347535123,1796968,92897447.89575814
2019-06-04,688039,48.069785215179216,49.132475838386775,47.61870871479329,48.06925616790067,6394444,312472548.0952584
2019-06-05,688039,47.38724701545019,48.1980238966832,47.49675634266025,47.50622257581433,8598688,536895290.3517313
2019-06-06,688039,48.456289965954944,48.56407666977029,47.73768148557568,48.36817985285981,5201313,302497731.5728338
2019-06-07,688039,48.59201441923988,49.450024822178776,48.35707725102277,48.48277770792731,4977483,309252896.75699043
2019-06-10,688039,47.57584143985445,49.201450611735716,47.12063730339222,47.78480762831081,5455453,348206859.4080721
2019-06-11,688039,48.57988076593364,50.237960465488264,48.61639896964471,48.993549451089436,7477654,510394697.24027133
2019-06-12,688039,49.20246873087116,50.551473932264265,48.60127588915847,49.20861381189304,4786701,260797544.67834604
2019-06-13,688039,49.26588617306128,49.900025579629705,48.69721362432504,49.074426120076595,3074303,183335988.4125826
2019-06-14,688039,49.42536391105648,50.561546472439936,49.54455628219734,49.64097655667266,2652887,147925588.31893164
2019-06-17,688039,49.64744915371889,50.322388894633285,48.61316747174551,49.1577159069714,3180002,173913450.28650945
2019-06-18,688039,48.40909291753103,49.73137353134633,47.956245865963595,48.318372729895955,7486352,397272658.99658835
2019-06-19,688039,49.32181368821398,50.44457322031973,48.157214382600756,49.17816088332376,7416514,419162550.7065985
2019-06-20,688039,49.57411487296166,51.05354530576902,48.661465735383445,49.58845191110932,2793914,194807664.31071112
2019-06-21,688039,49.51064420381032,51.28885759464449,49.3572364423548,49.867293487911375,2823859,184283142.4112851
2019-06-24,688039,49.482970560297446,49.71750955133647,48.343365341286365,49.49374054110023,4373609,241259938.3723453
2019-06-25,688039,49.77782921590841,50.51498878454665,48.90125549826213,49.54564897050034,3295176,236155968.6601248
2019-06-26,688039,50.41486802811442,50.12597162664747,49.011772201633576,50.068540623672014,9565641,695979030.1326892
2019-06-27,688039,48.79507478885639,50.49940448493823,48.04111180184512,49.092250924670765,3174873,206834416.28738898
2019-06-28,688039,48.47456985380756,49.71979758655718,47.52724968817901,48.751265438105406,1714954,124435383.09068125
2019-07-01,688039,48.84358189646271,49.18220915037356,48.22112983149641,48.49525018044689,7963069,393115111.3614837
2019-07-02,688039,49.26094364132966,49.30571178018854,48.16135111185914,48.957011828967374,2878511,197497208.90112203
2019-07-03,688039,50.77258949239036,51.6569792696525,49.87080373998813,50.88008507529974,4361832,238956900.3856742
2019-07-04,688039,50.755859568815566,51.20854663466898,50.84790239309562,50.965794156400946,6636292,432423989.410029
2019-07-05,688039,51.914127113738715,52.62143483319951,51.006600762750374,51.47520675813759,1171529,78300445.8410278
2019-07-08,688039,52.421529127385554,53.28265838077553,51.96875929092185,52.37984315271035,3018786,185679866.02290896
2019-07-09,688039,51.541403965915464,51.770582959299844,50.87501003805738,51.15045906197036,1286654,85214888.9019167
2019-07-10,688039,51.455824290592396,52.755045935302405,50.56129191312357,51.59144876304872,2389347,162779612.40328473
2019-07-11,688039,51.029501056555894,52.11782202095658,49.781087236324524,50.964775880771015,2706716,198949671.96698868
2019-07-12,688039,50.136719342589075,50.68534979537309,49.285969700021816,50.30244405511639,3247122,172346508.83528206
2019-07-15,688039,50.563389710807336,51.28659542407975,49.719576263514845,50.51100207007442,9436638,620354670.0336683
2019-07-16,688039,52.02615193247857,53.08578061016966,51.3816609746293,51.71444592938409,3241062,195375230.22579876
2019-07-17,688039,52.28454208101071,52.08893327142973,51.36744852237699,51.99436687500905,1654130,115500700.75105539
2019-07-18,688039,50.280153877620705,50.85701949186279,49.125824922657095,50.45859489866582,9408433,496118793.0359724
2019-07-19,688039,51.0439696994034,51.57748140546423,50.290325528908184,51.17723289281423,8895840,504731413.7235167
2019-07-22,688039,52.44935525600852,53.04568102718118,50.52303910679211,52.07694053726912,7908920,436038045.8002419
2019-07-23,688039,53.79647180088976,54.30803080813111,53.30439624482732,53.84224289252219,9253772,625111609.1236356
2019-07-24,688039,53.452738150346704,54.8016539965992,52.51556843514627,53.35952642371489,5107523,278673987.16393197
2019-07-25,688039,52.037579027377554,53.161059093127314,50.68445805276106,52.23387681393885,7446712,415264411.3549772
2019-07-26,688039,51.782530976119,52.73452861389472,51.24506071378324,51.37372126341764,8891388,590379175.63936
2019-07-29,688039,51.3687052165802,51.133306427363735,50.351185375112046,50.861818984100786,9882866,704001397.2510508
2019-07-30,688039,50.782290482735,51.213561358903725,50.07936915715556,50.711063141904525,9677319,698994786.5016849
2019-07-31,688039,51.22033758423949,51.46870687080719,50.49286015300075,50.98752514420625,2174965,115408369.31100799
2019-08-01,688039,51.53001884832602,52.01968131912097,50.05881692103961,51.46445194166148,2148615,124466254.77353716
2019-08-02,688039,52.13806016019993,53.12933681028188,50.60206962085685,52.15959793567617,8174679,457625994.53814334
2019-08-05,688039,51.196364282953574,52.48606275092936,51.198361749080725,51.52311086988943,3956091,281787603.2896554
2019-08-06,688039,49.95918670160807,51.2329590999875,49.85386210325636,50.446326772253634,7553490,432440826.41611713
2019-08-07,688039,51.09254528875025,51.56926930940096,50.25963828663063,50.91278310852067,8889178,578582892.8948078
2019-08-08,688039,52.252923299343635,52.7946827387421,51.143779594838655,52.57147394834133,1317667,74921108.39036463
2019-08-09,688039,49.68264874721264,50.61058580208667,49.1528378289645,49.69703876381829,3779018,209915468.32550976
2019-08-12,688039,49.61163875407198,50.21958133737194,49.412796649532886,50.10167045011484,4935662,323573821.8550326
2019-08-13,688039,50.48361250663205,51.398151296943546,50.051408585708636,50.41765866106405,8352047,583049441.5032973
2019-08-14,688039,51.623158783518406,52.5800258255643,50.01287525549015,51.531137393046976,7092515,411682367.03711694
2019-08-15,688039,50.977666649369624,52.47117196342885,50.525888988560155,51.079744111993016,2241382,132295595.43227448
2019-08-16,688039,50.98461116633137,51.71860567759414,50.38883942831567,50.74561287924178,6666950,401512363.28870004
2019-08-19,688039,51.50341929058631,52.38796113216468,49.92234727092205,51.10823802889258,3836367,214576175.82154304
2019-08-20,688039,51.0102770521644,52.36573896437664,51.28946141600345,51.35654302117417,6358825,423149635.49564725
2019-08-21,688039,52.1365376379896,53.346411059168794,51.79273840852541,52.076252763355164,9445407,508605851.64115036
2019-08-22,688039,52.984930878146685,53.43883869365444,52.274978205735216,53.13934583603085,2252050,175998378.89126188
2019-08-23,688039,53.458124561615534,54.47034363187435,52.89029557922871,53.846937658082304,6499661,379611698.45205075
2019-08-26,688039,54.44709245985791,54.94419721998796,54.580428200123876,54.72105513134493,6821788,535091697.86171806
2019-08-27,688039,54.448910277035445,54.76280735933402,52.7888727676136,53.915966970104556,3089340,222314516.25061205
2019-08-28,688039,55.14740866929821,55.90718827523454,54.25993259162985,54.71275006165717,4519187,325195852.27947867
2019-08-29,688039,54.361420933778334,55.97332759902225,53.636858128259675,54.647744146457065,8608154,528397992.95927066
2019-08-30,688039,55.45810197033167,57.13716076256722,54.9959714275181,55.49919678306032,2475917,172443256.3956935
2019-09-02,688039,55.80491402052091,56.61281104209894,54.94042809707062,55.42826636697825,6193159,360053175.4871865
2019-09-03,688039,56.47586144998352,56.633785839278964,55.28237098591142,56.42880866960466,9289951,668262275.297499
2019-09-04,688039,54.974885013101684,55.5509520221816,53.91898631075564,55.37536658920792,1773704,114716998.10510033
2019-09-05,688039,55.411815928523396,55.219424982073896,54.45368747385727,54.908918083832056,9975910,595589750.5312916
2019-09-06,688039,53.62758895930258,54.08214441725015,53.44942837067115,53.49612578981948,8402849,483616002.4916062
2019-09-09,688039,53.454881989455274,53.794519955684756,53.0354609750671,53.350975556618536,8552761,463202243.5163798
2019-09-10,688039,53.20536714614644,54.969047687429594,53.31838208578108,53.67969348343151,2182540,163344898.14142653
2019-09-11,688039,54.96238864141535,55.64929725089175,54.534106646739986,54.81114171827861,4187881,320017916.1318394
2019-09-12,688039,54.841781022108584,55.53242703244513,54.309068419850554,54.7812267210532,2914522,223500310.5227383
2019-09-13,688039,55.21592299660942,56.663969527874734,54.514316015521175,55.06587266818158,6439879,462058041.1778656
2019-09-16,688039,55.40213228854946,55.1869975219103,55.12819782635454,55.152037856197076,9672967,787188847.5958089
2019-09-17,688039,56.12450299079258,56.97824083325171,54.808980931653636,56.46050755361389,9617216,671038906.0673319
2019-09-18,688039,56.68071974613192,58.20383159888872,56.35242663163872,56.6220097686861,5285489,308457665.94926375
2019-09-19,688039,55.96178826508322,56.2874835309192,54.68341928582808,56.240656365051386,3690949,269656832.01912713
2019-09-20,688039,57.329355241067105,58.97249283199457,56.93424584657282,57.52544432211815,9550297,636734265.9856086
2019-09-23,688039,57.18754132083751,58.93889402759799,57.12484541733113,57.271655661713666,3662272,305631893.7000698
2019-09-24,688039,57.0310594438755,58.04730367251049,55.910270876599746,57.3410110866618,3900782,267837649.35657147
2019-09-25,688039,56.78905363427176,58.755539091054125,57.22164162019037,57.319715112855604,7760861,614178115.3454496
2019-09-26,688039,56.85895682658025,58.19892679220525,56.57448624165866,56.62595889220318,7825878,630695113.6746876
2019-09-27,688039,58.01664677119418,59.63735068232145,56.88658487628396,58.52644125421937,8712430,672894158.5323641
2019-09-30,688039,59.3256779850056,59.50478259174462,58.01096233332338,59.146684973983646,6521647,408162657.41420954
2019-10-01,688039,60.359465989241514,61.34446684869889,59.79722162401657,60.57489612297401,3048459,188904679.08290723
2019-10-02,688039,61.8943259728794,62.57512762823544,60.559670035201194,62.39354961913038,9665324,751710308.499366
2019-10-03,688039,62.81376716304,63.6818269333421,60.823138643027846,62.33414513220959,6170392,385536296.94281065
2019-10-04,688039,62.45570930148854,62.49658840348323,62.22680580566175,62.3792843483752,9072674,652695058.9641633
2019-10-07,688039,63.10280137814939,63.547100967323196,61.7266086748216,62.960440221056444,6383647,568225359.2690228
2019-10-08,688039,64.05652661910675,65.34306603658764,63.683691832929775,64.64708697871703,6032688,493821540.956633
2019-10-09,688039,64.78825950393534,66.39346342466571,64.27924249440939,64.79990518373049,2201604,160349772.03408062
2019-10-10,688039,65.74288185567261,67.52888452028776,64.0620702339804,65.77187107921239,8320440,559981476.1457559
2019-10-11,688039,65.4115070683348,66.2115905712526,64.9112600714264,65.21437725244087,4669544,448656789.52629554
2019-10-14,688039,65.4431353553456,66.34582700133299,64.70154147835284,64.99773916792103,1261010,117662135.1119459
2019-10-15,688039,64.68328303596613,65.055586650498,64.27071627214322,64.52955699932329,7514778,624923330.9910383
2019-10-16,688039,65.3797990517616,65.36362439616128,63.67498020280639,64.78745967259997,4972469,391036546.802774
2019-10-17,688039,64.36140295078252,66.17013412158575,63.56134495296537,64.67665767978531,3951747,365635156.96669877
2019-10-18,688039,64.95654970108264,64.68211545843997,64.42659217991157,64.58874916623975,9686660,648134998.8845681
2019-10-21,688039,66.03609171098567,67.30456932204251,65.93335278458001,65.97244542553024,8607229,701856191.7039906
2019-10-22,688039,66.65623067398795,66.9377663333086,64.83588694263968,66.55606419369087,7455752,657446929.2987176
2019-10-23,688039,65.84854237315095,67.30751650587482,65.0065295626845,65.91395737692223,7644272,663683532.2719048
2019-10-24,688039,63.918748047994946,65.80953899520692,62.79652038933185,64.45103890118199,6229223,470020291.4492811
2019-10-25,688039,64.3289173497078,63.90740649279952,62.922575455866635,63.85370669250102,7220463,504024843.8674358
2019-10-28,688039,62.092661076652426,64.33983356005177,60.91409799722791,62.67903478704185,9410846,673287255.2086756
2019-10-29,688039,63.24987209186525,65.01035325138146,62.20031196080032,63.19943046342748,9781846,745803836.0697533
2019-10-30,688039,62.42897386156126,63.452335806905815,62.03806783802388,62.43148117336986,4519669,299573335.2296914
2019-10-31,688039,63.87492371656404,64.74956086314826,62.29181538650154,63.248148645317826,5147878,356702614.13170224
2019-11-01,688039,62.459766801263086,63.07651122340898,62.31044082070432,62.942570063351305,7190046,487723973.3997504
2019-11-04,688039,62.261853669962846,63.18921391021704,62.74651952018046,62.8677164799026,1530239,105002810.0902664
2019-11-05,688039,64.16216694885662,65.70419423659158,61.93412274832417,63.84011817722007,7070223,467435314.37930346
2019-11-06,688039,65.13274039310974,66.93837749917903,64.60055293792776,65.6158155458097,5077338,494495466.4862472
2019-11-07,688039,66.74239429226358,66.58994454658712,65.70226321816216,66.13514545405481,2475858,179607041.7071696
2019-11-08,688039,64.91376619787742,66.5189133410913,63.663667271679294,64.87762564793532,7838008,660417558.8205804
2019-11-11,688039,62.99589255665683,63.45389388266634,62.671632026930645,63.40708119935115,5942724,554584976.0157548
2019-11-12,688039,64.71316376132582,66.05554633392316,64.09859824940288,64.2575894933982,1164563,97075315.31190647
2019-11-13,688039,63.193897045605404,65.07888577502375,61.6331331778759,63.49263670314715,8947661,602482579.5923866
2019-11-14,688039,63.52766115311629,63.832477509984265,62.48571124092767,63.69112498401746,8366918,783446976.4803219
2019-11-15,688039,63.78597801907583,66.00683893309895,62.53677313383314,64.2096417717201,3793058,288116966.79223186
2019-11-18,688039,64.79262906915416,65.85608541718791,65.17603270811992,65.2057808005197,8634178,615712979.1960024
2019-11-19,688039,63.53259106423404,63.69836228132256,61.91489125309131,63.685766383759194,8864701,602683936.248728
2019-11-20,688039,64.1471507390738,64.95281700952562,62.131720217362265,64.0458924412157,7340277,520895600.70934886
2019-11-21,688039,64.71173889302744,65.96052249043338,64.3265001327017,65.09315803493072,1677659,159241782.01732352
2019-11-22,688039,64.75904737145942,65.01443499354961,63.26850199728956,64.18963331713249,5153528,485856079.34721375
2019-11-25,688039,63.765208753418534,65.94831209690186,62.8150604610427,64.15375899746556,2083027,146298558.48336935
2019-11-26,688039,65.93662228506389,67.98717646550521,66.29060011990374,66.56203469440625,9994340,803948915.460446
2019-11-27,688039,66.4689876658504,67.50188101017842,65.57957381813654,67.02420815573647,4686480,329065087.9941097
2019-11-28,688039,66.65727436396007,68.84036342183506,65.21389227450587,67.02833912039708,1000446,72983052.31333801
2019-11-29,688039,67.14350585259876,68.30684219932003,65.73143337781623,66.49140800864855,4126861,289353619.04353094
2019-12-02,688039,66.25979736423567,66.43476168531366,65.73363029955185,66.09445621362957,2633945,194749574.69910756
2019-12-03,688039,67.088136151607,67.83159497584096,65.78215885980012,66.57952051164001,4643445,326176455.6309985
2019-12-04,688039,68.33300592927742,68.78207498385369,66.93348947631891,68.0247801526818,3915879,285657458.40628815
2019-12-05,688039,67.52269095193522,68.82519510059683,67.2910159785984,67.8543144379878,7683776,567305317.5702155
2019-12-06,688039,69.92870933644599,70.90709533632806,68.08986625295692,70.05810570361308,5146166,399904300.2596176
2019-12-09,688039,69.90175158750549,70.50090540534224,68.52338328358232,69.4901716477266,3585319,321309226.6127201
2019-12-10,688039,68.14803830183172,69.69046665629317,67.74132445996108,68.08724577778752,2995939,251780638.80250674
2019-12-11,688039,67.32764469496358,69.17178948622289,65.70647127520486,67.16998485961966,2032361,168890319.883108
2019-12-12,688039,67.27304741654629,68.91303448956864,66.8637557676866,67.44203732204284,2285477,186327170.5061428
2019-12-13,688039,68.09696410880188,69.15894547080708,66.84437659956777,68.25568923407923,5560477,423724339.9401737
2019-12-16,688039,68.34965048437414,68.0237755619094,66.29965016724336,67.77114918817782,1270094,123562838.26103044
2019-12-17,688039,69.0056876101817,69.71408638030815,67.9101364351882,68.97664347663674,9440639,916465725.3427178
2019-12-18,688039,69.83967429370365,71.19646632364301,68.13912002878811,69.67775586726435,9524364,838280143.9572426
2019-12-19,688039,69.60750173781123,71.6786339579349,68.32112401004343,69.59745082619237,7740232,784053144.4749281
2019-12-20,688039,71.5528852577502,72.04694922703163,70.93564591482154,71.28160017521165,6966551,677584571.1813657
2019-12-23,688039,72.04507950213326,73.35534066250523,70.79803373237368,72.49202400945612,6020579,600431722.4154477
2019-12-24,688039,71.38341659159252,73.39948542638338,69.53794853131606,71.31542021986238,3669393,286968445.6074665
2019-12-25,688039,73.07503857390249,72.93487950130161,71.95867309147661,72.44126865625404,3815523,365846419.8055715
2019-12-26,688039,73.36037173284124,75.19558184152326,72.98837132002242,74.01062067303462,2209638,241117473.8184188
2019-12-27,688039,74.66680074102126,75.73531436616116,73.04811159791075,73.95140158873112,7104545,653821855.3894416
2019-12-30,688039,74.18886088863258,74.69907898772703,72.46171691501564,74.37367026185743,1196954,122465777.48297076
2019-12-31,688039,72.8725077928988,75.11285945956499,71.61901683242729,73.57717462362376,5180106,413137175.07265145
2020-01-01,688039,71.80299577646527,74.13730105493019,70.48908681249486,72.38072586422244,8414393,610709888.4767402
2020-01-02,688039,71.95893434964741,73.13204149365812,69.88556199731063,71.28199589277779,8566895,818114553.1276132
2020-01-03,688039,71.22667240085704,73.48641296177368,70.81848785235904,71.54730067684517,9711478,807959947.7008625
2020-01-06,688039,72.87051691190472,73.41676977013852,71.16271743101184,72.8986956311463,4365404,382820168.2208667
2020-01-07,688039,73.05530017036702,73.83804708657101,70.86333853909416,72.72535227660975,7720215,718117785.6492057
2020-01-08,688039,70.75302324687723,70.24103686301518,69.43268871840552,70.21760825661478,2890692,231893237.76956853
2020-01-09,688039,69.92932235987075,72.55461123389867,69.27902587645481,70.56155485387646,3004457,213735597.70074832
2020-01-10,688039,70.14376849573777,71.50634740360019,69.39971343638989,70.40862025814434,6914958,684959138.675114
2020-01-13,688039,68.75115961080071,69.08148259665887,68.00201063336982,68.49154622353862,8433423,733124030.8892618
2020-01-14,688039,66.9383845373894,67.29752462290439,66.52518459668295,67.27183309902532,4402430,443774635.8911681
2020-01-15,688039,68.7064167399569,70.19144973182895,67.51040986340485,68.8416022201155,9331200,802426027.1869891
2020-01-16,688039,67.90276717671671,69.9931166381569,66.761868389704,68.3491560226363,4881294,345865534.0236051
2020-01-17,688039,68.53777834364384,69.13814150118178,67.85213220536593,68.47227083770628,5471293,489797277.1892063
2020-01-20,688039,68.08234341940735,68.3175745792951,67.81765487078555,68.01804347830632,8628917,712406182.5453411
2020-01-21,688039,66.85093012994922,66.84886705584688,66.04603450088779,66.26898447431874,6676932,630014059.2476345
2020-01-22,688039,68.6687297685885,68.43393944133,66.80268410380724,68.13546248831663,1819341,141701428.6190646
2020-01-23,688039,65.83225093325422,68.27156042036118,65.10546336603744,66.48574325699914,2837461,197889839.6053148
2020-01-24,688039,65.81628474381833,67.6101242948072,64.84864359169434,66.32205604707642,3253536,218203963.936538
2020-01-27,688039,67.10323766703459,67.98353583998394,66.14955272838476,66.63103895415722,2469101,199951137.52909994
2020-01-28,688039,65.81453304657045,67.1189235429301,65.9282045720841,65.97206039750458,6947013,545883144.479498
2020-01-29,688039,66.95896753690208,68.17655045124418,65.86429854183835,66.32239370755723,6022888,569055611.3648137
2020-01-30,688039,67.45023820388208,68.54166025916605,65.7247947989662,67.23000579346797,9028179,794624909.0841628
2020-01-31,688039,66.06658192220624,67.38510415090441,65.11933116212377,65.784926080912,8097897,793037161.5681751
2020-02-03,688039,65.0451046724771,65.98468984108594,64.6731645884126,65.61618523913347,3174497,211786818.8907176
2020-02-04,688039,65.41815290215754,66.87345021434626,65.30501567281641,65.58081700052438,3232157,213965018.63721976
2020-02-05,688039,67.52089948726488,69.13666306995769,65.7339291653979,67.34454788711042,6601092,624178068.772336
2020-02-06,688039,67.83686503451847,69.10430257197291,67.22172135676865,68.24443100346787,3096336,246123519.81373078
2020-02-07,688039,68.80848527235409,70.81043775583444,69.27522339501601,69.45462759505634,6498945,483075426.74247503
2020-02-10,688039,68.38078716170962,70.84251452882752,68.6741029271379,68.96711587585766,4461321,329353049.94021696
2020-02-11,688039,69.96071734457603,70.39507648011605,69.26525682989833,69.58268230376643,9777469,751613902.3524089
2020-02-12,688039,69.81189585796359,69.73003804555456,67.13865570763156,69.19665575192184,9609215,689711236.8073214
2020-02-13,688039,65.34917016589988,67.45643772054832,63.78157061206702,65.68635528922272,1348246,109741381.25835574
2020-02-14,688039,67.23951635469636,67.76367004673023,66.06601913681735,66.62183429712712,1790240,141301988.76162124
2020-02-17,688039,64.7378066769196,66.90448126579233,65.29117462371738,65.29874551871512,2413472,221231889.198186
2020-02-18,688039,66.16972224285486,67.67461663388978,64.63228382179383,65.74298119474622,7263203,610942354.2007316
2020-02-19,688039,67.61251478352605,68.90318023533374,66.74415094389221,66.970226613344,2335620,179264886.3589406
2020-02-20,688039,66.70697051367166,67.93394798271108,65.00933675816998,66.91015200588284,4258901,377774721.4585008
2020-02-21,688039,65.25930839720675,65.45325609303539,64.34406643417998,64.94466316429332,6075488,590554971.369418
2020-02-24,688039,65.32711367438529,66.2405302487091,64.664895813436,64.94630396447792,2012020,171555659.14418852
2020-02-25,688039,65.40329895509835,66.52762766169968,65.39606517045229,65.90132279893868,7117461,702101830.6160764
2020-02-26,688039,64.87601596015261,65.98157304491849,65.28063361465729,65.48206593555847,7038895,684640673.7892904
2020-02-27,688039,67.71181181682284,68.01998168799535,65.22279528394415,67.07350896403028,3205526,275213797.42229635
2020-02-28,688039,67.28142154330364,69.6967188895403,67.0786852203267,67.77696953346853,8631850,719541786.3133922
2020-03-02,688039,66.54981037045232,67.17365474579245,66.28343007520537,66.58550333323984,1770324,126784356.44641976
2020-03-03,688039,67.14768895341778,68.20474071448065,66.17794405786043,66.95947564279918,1538765,142959852.94058308
2020-03-04,688039,67.9715644181759,70.67829762054279,67.15996203281681,68.63283396709281,3097050,267221390.98570403
2020-03-05,688039,69.88647512519009,71.46707798929914,68.12307416178867,69.89598757236104,1953856,179640102.22993997
2020-03-06,688039,70.31449297764952,71.11043094609357,68.76056160720576,70.40030815677646,5575862,509770221.06471074
2020-03-09,688039,69.99209567480975,71.45093574508893,70.52128856012665,70.5218505007511,3013962,219857276.72394735
2020-03-10,688039,71.83071687041463,72.8901829924254,70.09079452058724,71.44135467283357,6024537,479004021.79502064
2020-03-11,688039,73.71880763000821,73.31128618662278,72.31749206779935,73.24809866068733,4139078,310215442.0124469
2020-03-12,688039,73.65584682358325,75.34268850956063,72.53269814704507,74.13925390477038,9061508,716543308.9426941
2020-03-13,688039,73.85578470751503,75.8446257793833,74.1139772279896,74.40424920711848,7474274,794166442.1158835
2020-03-16,688039,74.4896303684117,75.26676626663215,74.1528836328423,75.1443682399217,7424689,667912981.721759
2020-03-17,688039,72.80117540836878,73.21555365098214,71.42295988355555,72.96403457593527,7031059,750138924.5559783
2020-03-18,688039,73.16697750644923,73.91627500582894,71.92961957991274,73.56362212074896,8245437,711866471.5187672
2020-03-19,688039,73.12483688376129,74.18020861983376,72.83450761498177,73.02607388022193,1824332,191785374.515331
2020-03-20,688039,74.34894024220121,75.35380391711286,73.94463395292813,75.00318651404079,6347182,507655478.8481834
2020-03-23,688039,74.65059220080194,75.95221914892471,75.0177221480742,75.2386987421011,2804871,249045411.2448361
2020-03-24,688039,75.70064662271045,76.70478649496943,73.75679574030289,75.54646193957763,4629496,437013936.8009773
2020-03-25,688039,75.20170406256577,75.83442095833097,73.15439388335672,74.88106270391731,1668645,132843756.11735126
2020-03-26,688039,74.12487052828,73.78224617203945,72.75462303379462,73.43394409708424,6793571,707635317.1244419
2020-03-27,688039,73.64293110402419,76.20239649478307,72.95079528497332,74.28537925134381,2035304,194491568.1631812
2020-03-30,688039,75.42125311279023,76.06248344589612,74.46783433864924,74.86947906815475,4668617,405039147.0402381
2020-03-31,688039,75.11203260936362,76.01552889299622,72.99861249056845,74.42744720674978,8728996,702287837.617056
2020-04-01,688039,75.71292064917698,76.28963058691042,73.8981804511622,75.64301978700324,8452197,887854010.8179675
2020-04-02,688039,77.44664396310712,79.0975053156443,76.70926981205949,78.16483998701652,6117943,608041740.1463456
2020-04-03,688039,78.05084477724085,80.10726484362478,77.04094740368548,77.77451672801493,1512553,147000745.0176006
2020-04-06,688039,78.5338950482768,79.84451577863074,75.8044063813757,78.0042418118143,8756733,860405455.5053188
2020-04-07,688039,77.97438728583487,78.73633074438919,77.04611441117402,77.29466719893361,8104226,755116557.2513361
2020-04-08,688039,76.01171954699873,77.83372301941678,76.06306223217067,76.77821052238335,8682127,757214692.0244043
2020-04-09,688039,78.15164696905461,79.5881405075744,76.68073074391226,78.19664267557242,3407081,356743441.49725777
2020-04-10,688039,79.68435575114646,81.4795718889232,77.42193502993855,79.34397028712138,1870534,187993591.24777147
2020-04-13,688039,79.62000901388778,82.30033515034536,80.17472106275447,80.42190244088549,7780551,813166253.5740582
2020-04-14,688039,78.78593382589996,79.72611517502149,78.51545055089474,79.30532589898952,8555302,790646845.8670644
2020-04-15,688039,77.53059067516989,79.52067278723226,75.97118302772785,77.47273261100408,9360381,807482145.1236405
2020-04-16,688039,78.7202969341257,79.59967060173206,77.68196231421187,78.1615785180318,8935397,857769284.8700902
2020-04-17,688039,74.27812556558119,74.93828915506455,72.90863595001616,74.72084560519622,5887675,617533347.4643295
2020-04-20,688039,75.01635626924093,75.23082322730447,73.67099264078539,75.1401462578683,9189590,1014989682.5952654
2020-04-21,688039,74.88703779905835,77.50533151259633,74.27058021131202,75.5128887995306,9101771,708476591.411878
2020-04-22,688039,76.30832226024124,78.0691526718527,75.3725279601626,76.78526191033845,9681719,955750565.4535859
2020-04-23,688039,75.95262741041988,77.91519687784309,75.45198599987472,76.59877761678545,8057318,855016976.2243706
2020-04-24,688039,74.24642647178204,74.89375180372372,72.14344618397092,74.11449205943396,6616062,698142400.4460555
2020-04-27,688039,74.06229597943216,74.19932931797544,71.467079672166,73.41923969984649,1191958,117799648.38643005
2020-04-28,688039,70.8688375236695,72.44798237470542,70.3302017023477,71.56671644174071,1958605,210021062.05278102
2020-04-29,688039,73.53316173602394,73.36917971466185,72.0236692306408,72.93989403502131,1213380,132237251.31500274
2020-04-30,688039,71.98825301728436,72.61470678134373,71.01260706592466,72.46430251345289,8835757,927833684.6880594
2020-05-01,688039,69.45615465104164,70.42518447267236,67.7706515696134,69.59563671170551,9686047,928939969.6665051
2020-05-04,688039,69.67169126923395,70.12026085764695,68.91800928380145,69.3929396324047,2930678,229852410.2571052
2020-05-05,688039,69.54573185632212,69.26956051584521,67.91408619487494,68.8885159946503,1859822,175419620.6594204
2020-05-06,688039,69.83278562539259,70.87374671768137,68.9220165823532,70.41793120639804,1543033,132288558.3372763
2020-05-07,688039,69.31002096359639,69.70226608607805,67.86848484634348,69.45844195458335,7631524,602447541.4296833
2020-05-08,688039,68.64228798269467,70.13437992073169,67.0859126324352,69.11911174628523,3804914,357757607.9677053
2020-05-11,688039,68.3050443855758,69.66062058678517,66.249092341879,68.21649197258175,6735459,534136393.43457454
2020-05-12,688039,68.02978399424161,67.99250789419185,66.82838533646914,67.53796028874481,3857960,299519291.31683993
2020-05-13,688039,67.55675100509616,68.81628238122128,65.94693042821466,67.50627758339503,3744416,365818141.8444968
2020-05-14,688039,65.62312803019951,67.47992867479721,65.27165057373051,66.09467772226361,4694407,429322653.35364294
2020-05-15,688039,67.01567383684069,68.61202655751232,66.30774892785684,66.95185297351586,4208913,282254225.6177117
2020-05-18,688039,67.41399691839736,69.45870830052415,67.55914140853822,67.65122113301334,2091757,154151004.94776943
2020-05-19,688039,68.1270975637392,69.60083147562337,67.02714978684574,67.73795478643987,3174131,226398865.2412989
2020-05-20,688039,68.29012012071466,70.1920340796916,66.55683308445408,68.21137158461732,9284533,842955497.1929718
2020-05-21,688039,69.1914038203231,70.15603498518942,68.5003514466994,68.66014938354121,3811457,309772780.74025136
2020-05-22,688039,70.52990252289756,70.7224442084922,68.86734509162096,70.58350189248257,8592343,639066867.5711442
2020-05-25,688039,68.77314499124172,69.32351031502586,69.11414662422108,69.21200783496933,4289614,348105191.13264304
2020-05-26,688039,64.87133171302315,67.1376071116577,63.65033235306642,65.3783765018235,4304685,376900151.94250846
2020-05-27,688039,64.6237327066604,65.65243506219319,63.40310844318067,64.89957448316375,7072974,620848306.7809962
2020-05-28,688039,63.15532795502688,64.48297923978748,62.59073903069885,63.73014682551988,8752054,822395083.2001923
2020-05-29,688039,65.85653030884414,67.39830055837837,65.25186074189135,65.71272207356702,1068912,103870078.79845892
2020-06-01,688039,67.37989917904217,67.85625188193261,66.75097320441229,67.42791252445127,5026045,387422115.95429605
2020-06-02,688039,66.5130821770365,68.75941354376727,66.99987904875616,67.11555433549489,6838916,619588724.9161905
2020-06-03,688039,67.45935686058588,68.50555460221777,65.44567737459506,66.91120554966723,8973324,881223889.7131964
2020-06-04,688039,65.18752751730179,67.6225680659564,64.20458725498447,65.73029482365513,8511097,580437204.3672936
2020-06-05,688039,65.53935085647522,65.64853535767156,64.1213887347497,65.25488809568535,2082478,138777381.7128183
2020-06-08,688039,65.50795058466011,67.04225540166027,64.90861960329816,66.13587820064765,2346791,222388181.48607454
2020-06-09,688039,65.63409680732693,67.7911886629499,65.02925232660999,66.21541620421414,6046332,594735835.2883705
2020-06-10,688039,66.09519527207648,66.9877046760329,65.37372396119531,66.31267326252727,9420728,726364035.1756439
2020-06-11,688039,67.32431710076673,68.84141477079798,66.23736424673133,67.20413781674749,3873736,291737553.412607
2020-06-12,688039,69.16291132971806,69.71761088273517,67.70175992218545,68.96334282758582,8525535,702984773.4730471
2020-06-15,688039,67.81278316789255,69.8553112892114,66.42216377380684,68.2451099547724,2087378,186656932.16456616
2020-06-16,688039,69.3408330480866,69.45775352641529,68.82454784219743,69.42257651002828,5183512,485433386.3511352
2020-06-17,688039,68.75141867578367,69.50559422212294,68.01585607899167,69.23336529557812,5385460,531805404.1378063
2020-06-18,688039,67.38147914863745,67.51859566106613,66.89608393756714,67.2095173621166,7695615,673702516.8996102
2020-06-19,688039,67.4585695675349,68.60945912318495,66.12440155038847,67.44416131234107,3536063,297384692.21946716
2020-06-22,688039,67.73521198997072,68.61918173071155,66.2187037205815,67.75387918110735,9844910,713981680.6986618
2020-06-23,688039,67.60145298318,68.67628312209027,65.43620597739296,66.95052493596299,5682406,418114067.5167811
2020-06-24,688039,66.71383880544076,67.8100786992289,65.60720808936007,66.50490920602664,4659605,332943048.11413705
2020-06-25,688039,66.5130324536376,67.73232095818781,66.73957994227943,67.00729963220998,2888074,288158771.7442644
2020-06-26,688039,67.16763659752488,66.68770264768743,65.94591046192063,66.54434813253813,7925586,686675700.6300222
2020-06-29,688039,67.2386857830237,69.23083879056539,66.18039073314759,67.4725411021945,6858742,537906853.6908653
2020-06-30,688039,67.62363162926505,68.75920899444071,65.62983452579367,67.65202599907369,5062691,377594440.6822348
2020-07-01,688039,65.03074438923879,67.46202884458877,64.12180831739921,65.62370302869294,2050967,200739852.6325307
2020-07-02,688039,64.44845364837228,66.28752405236553,62.82018428778173,64.640259264774,1536267,121086271.45556878
2020-07-03,688039,63.04051969095348,63.41376499524675,61.166731558243995,62.56921091783079,7094419,492124005.3886148
2020-07-06,688039,64.58642869943685,65.210472949343,62.78089482671469,64.62320734662339,8017459,639290296.4907799
2020-07-07,688039,65.54259427280373,67.09765938477159,65.61709328121003,65.84657576340337,5059992,486436688.7755591
2020-07-08,688039,68.70275949459855,69.3987177696021,67.5066225065996,68.09303164303387,5952215,524866368.20941013
2020-07-09,688039,67.24114104639548,67.94473809757177,67.58644899266238,67.85113044751625,3306313,254467962.0169316
2020-07-10,688039,68.10008255391787,70.28318022582305,68.62229183664874,68.71128404367442,6897893,583733662.3312123
2020-07-13,688039,68.95446185369072,70.32982601901693,67.52583286734,69.19127288266588,8811359,678440213.1821464
2020-07-14,688039,68.99036522566982,69.31746692744181,68.00434289289626,68.7615006333614,5012642,510858278.2032007
2020-07-15,688039,70.22760814479955,71.75829503385899,70.02405237237588,70.41460494438226,7502760,550790061.828922
2020-07-16,688039,70.93166682773017,71.28199129972809,70.8902939982095,71.23710559394034,8604071,906116857.2781596
2020-07-17,688039,71.31463383884758,72.75355296236981,70.26423395168064,71.65994259305131,6448610,636519286.5787873
2020-07-20,688039,70.76112180518513,70.62330195889011,70.44175472350226,70.5477764833314,6697780,635476629.4553922
2020-07-21,688039,70.25642781188378,72.10525768967788,68.87206212618099,70.51448180674842,4051672,331073481.94046724
2020-07-22,688039,71.57933587447313,72.60641916946794,71.02772709263847,71.65866367685007,1956762,144141273.465063
2020-07-23,688039,69.70303821341612,71.73825292326643,69.50404507312467,70.08699837704735,1160261,105212208.02545401
2020-07-24,688039,69.40848683955889,70.85026650894261,67.1203949718882,69.07566368106725,5534195,434423067.48345447
2020-07-27,688039,70.53053708544968,70.53737382238691,69.36780466329843,70.12744433065885,9038817,715752093.4636629
2020-07-28,688039,70.12554583457705,70.06191514982604,68.30812115718466,69.74066402293357,5209729,445208829.6122018
2020-07-29,688039,69.38157105715128,69.82897125126762,67.99822651649669,69.62750857407843,6564679,566501058.4839036
2020-07-30,688039,69.56530637940305,71.01158739919975,68.02627577081462,69.43889718896514,3956332,308402766.44173694
2020-07-31,688039,68.90256712202508,70.70028497234203,68.6957195456314,69.47686712786984,6743963,670734508.6124408
2020-08-03,688039,68.4014091791052,69.13549681086259,67.52654532549542,68.10573425092335,6098314,599918514.7124331
2020-08-04,688039,67.65736428158941,67.97138567796662,66.56096958774069,67.75134482085937,6816186,602850331.1761981
2020-08-05,688039,68.77710043719938,69.61293246761066,67.66185462885639,68.47035407818181,2955583,218954080.00744185
2020-08-06,688039,68.75589640117308,69.88601688876513,66.4193874964162,68.42633274480517,5503775,431716772.418558
2020-08-07,688039,67.50492236334111,68.20298104716935,67.03174358659741,67.25109524275706,9808015,965402999.8672919
2020-08-10,688039,68.68575996667441,69.66092909302623,67.9794624017504,69.02431213564513,1841293,147079735.61690652
2020-08-11,688039,69.69120192514119,70.33369819957919,69.57723007054214,69.79112562166726,3942088,404312930.89094263
2020-08-12,688039,67.45573559677075,68.98014572260819,66.19839320022439,68.10335258617297,2801243,277742684.3755923
2020-08-13,688039,67.04489815511836,69.03852606264489,66.3533074309015,67.61454711967312,4863435,401046638.2023344
2020-08-14,688039,69.86547495994994,71.8149636064741,68.30035380884684,69.79839781074699,4774179,346006821.92175263
2020-08-17,688039,69.4639572727664,70.37177108421903,67.81980151119782,69.88769159804582,2734736,232875899.49612245
2020-08-18,688039,70.2850210439036,71.15686687252732,68.71237122157771,70.6456374967168,3417107,346060328.8460859
2020-08-19,688039,72.0315544659466,72.49694915080353,70.41796312571181,72.32452495007006,2674350,202706307.1499388
2020-08-20,688039,71.98621216298754,73.35376896112056,70.84578726204029,72.0692251382161,9211734,679091770.435857
2020-08-21,688039,71.42841695823591,73.34575710610676,70.83806802275315,71.88467740231022,6184623,623838461.4102925
2020-08-24,688039,71.29099873590812,72.26389179030862,70.26083960639635,70.70172870453109,2744181,238265066.56281924
2020-08-25,688039,67.2468347736112,69.05134914938013,66.70610439890082,67.8087142797666,8455972,709412724.0107846
2020-08-26,688039,71.20618924785632,70.76149238503935,70.00624389150019,70.50208549452334,8510065,686632740.0389841
2020-08-27,688039,73.74384767824516,75.11113386036536,73.34158458760645,74.03727088180776,1521177,162527642.94545287
2020-08-28,688039,75.7346879165193,76.88050325229347,75.34921343788848,76.15369858700582,5497733,501104865.7374185
2020-08-31,688039,74.80448649634575,75.51482788034798,73.78820336869023,74.4492936617037,3192083,285995279.6123724
2020-09-01,688039,72.70785424994031,75.06211786113975,71.91392931979038,73.34240411278947,2311633,214458416.63739166
2020-09-02,688039,76.34533512420873,77.2479571629251,74.71392114268798,75.95452865889459,6391079,549901068.6809349
2020-09-03,688039,76.52522400876579,76.77134996379517,74.48408091661405,76.59656665633302,1264204,139277844.2904954
2020-09-04,688039,77.2987378890073,78.50474121953467,75.17202193641043,77.41031091396383,8746230,753459202.1520177
2020-09-07,688039,78.58502949265551,80.01124328684065,78.04915463538048,78.3302955912222,9721917,1052608462.2800627
2020-09-08,688039,78.32745390351793,78.94169486424678,76.7527790882598,77.62856463428595,1940983,182545038.43994024
2020-09-09,688039,76.2734860641419,77.57047947821948,76.35857856257735,76.70506683259893,2014861,166639561.50494802
2020-09-10,688039,78.71238095402528,80.09699653617194,77.90943427560674,78.09380697740777,8292750,728016874.2191621
2020-09-11,688039,79.27817172009013,80.9585333040781,77.12471447401063,78.77004390088142,9222913,933990920.6045477
2020-09-14,688039,78.21613383291542,78.32389118222981,75.78504617742236,77.79780183194694,6534832,547597312.589934
2020-09-15,688039,78.57096816651823,78.81202387362077,77.4966483124324,78.02145552244197,8157833,809357224.7177151
2020-09-16,688039,74.75079162219728,77.46648599239441,73.79131163618754,75.23802438953486,3319450,350058234.08617574
2020-09-17,688039,77.19790203633576,77.49785404262423,75.40963322892912,77.30117747822555,4760909,509023939.29401636
2020-09-18,688039,76.65934621482603,78.91870954391803,76.55155169284036,77.14943041390444,4485527,407670026.6355541
2020-09-21,688039,77.23888065915666,77.24837314947054,76.04749436077906,76.69718375003193,1779064,197033479.26128832
2020-09-22,688039,77.04710923652924,78.55493796974925,77.27701952480055,77.62796976032323,6259536,566549584.5549842
2020-09-23,688039,78.33364819626756,78.8929920197059,77.8461613988869,78.63768273682076,5860300,461419325.7976992
2020-09-24,688039,77.84929720995824,78.28115427872218,76.69628263409666,77.81676883266414,2818318,237303636.84442523
2020-09-25,688039,78.74568536447883,78.14804833979368,75.82866696550013,78.09081160501385,1022820,98823354.02104817
2020-09-28,688039,77.64616468429462,77.575651058951,76.199763167256,77.45508937651842,8953953,876830226.6950499
2020-09-29,688039,78.20247166646291,80.65198228578613,76.2275492163508,78.41324953475919,3471566,288438707.025939
2020-09-30,688039,76.89958211991956,79.28380917542573,74.80000624007458,77.03516474872077,4542433,458407127.5957045
2020-10-01,688039,75.46752901194927,77.29357593858474,74.25917453175515,76.10338069827401,1977642,169341632.58613324
2020-10-02,688039,76.5130181713776,77.48006512655105,74.05037393511107,76.28006139456377,7594299,864547026.9397979
2020-10-05,688039,75.41988907570067,76.72812705371118,72.67501165528967,74.7726579268288,8457811,935476328.5492324
2020-10-06,688039,76.41903065527084,76.4274959220261,75.44028702940908,75.70631707273607,7751789,707629278.6699564
2020-10-07,688039,76.80999111953892,77.21411371083782,76.27419767922831,76.28635465618842,3085245,258737212.07674864
2020-10-08,688039,76.25396761593342,77.0714918142305,76.66397989556118,76.9448530225246,5515421,545161913.8408173
2020-10-09,688039,78.65558042036204,78.83606463671792,77.46653422485993,78.39505021318169,6560924,559189112.0884225
2020-10-12,688039,77.90487661088464,78.10975368012026,76.77313869286624,77.95153342918408,9110070,891418683.8524364
2020-10-13,688039,76.87296674658036,78.37791823866581,75.57836045262033,76.64200264420789,9076019,715240228.9634202
2020-10-14,688039,76.83726263104037,78.54519103857018,77.17060808937066,77.54371707697193,2100583,192034653.67404878
2020-10-15,688039,79.26923172385929,81.52770134812752,77.78015863393725,79.65251299543053,2049003,236719842.36299497
2020-10-16,688039,78.51045882096386,79.24699228312375,77.55250148994743,79.20587767733875,9986962,1087268036.707991
2020-10-19,688039,82.28678006955246,83.91514908391783,81.95197600907562,82.39709913272101,7943848,758407909.7450716
2020-10-20,688039,82.9649182269033,84.26523679479278,81.82923225691984,83.34284721111155,4321974,498577357.99551374
2020-10-21,688039,82.54820139442985,83.54651471519021,80.67134499278907,82.89189552599368,3316849,312690345.24714434
2020-10-22,688039,82.80245421907014,83.53792764808678,82.30840060350869,83.16291955292232,4768938,524213061.3805775
2020-10-23,688039,82.0076472523348,83.20908584793152,82.08438011089589,82.60113136476166,5326054,645244629.6822553
2020-10-26,688039,82.48568184037876,82.80349931693453,79.7649526973107,82.20947652586115,6158783,574990305.9644431
2020-10-27,688039,83.32021046160064,83.94882338042214,80.76586087822874,82.68322713190274,5852038,496506965.990519
2020-10-28,688039,83.3074109559412,83.17650212782561,81.10304818564909,83.07238217706613,9185669,1097649255.5289557
2020-10-29,688039,81.79330623287738,82.59237241075179,80.11674300701527,81.78563560024168,8390664,983205707.3544283
2020-10-30,688039,83.91688767627846,86.11448396339259,83.65927251287813,83.7003055018704,6501369,600286814.2663429
2020-11-02,688039,84.42863481896077,85.80678434358211,82.62952549995586,84.16766150015485,4143063,413266081.9414285
2020-11-03,688039,83.0613193529869,84.30755637951175,81.38119946320617,82.64058903972266,2106743,221847969.19030818
2020-11-04,688039,81.7861999198232,84.02878495821932,80.6103971172908,82.49988935174824,4738226,534676401.81961155
2020-11-05,688039,83.93163297881607,83.5741089177429,80.92601784925937,83.26065358398745,8707166,1044200504.0613769
2020-11-06,688039,85.57238381155109,88.4470778124909,84.77193365462963,86.09770933111251,1603483,181393725.7363126
2020-11-09,688039,86.50619696073296,87.29141739689331,85.97792221406206,86.42834995965802,1943360,242530738.32216972
2020-11-10,688039,89.78942386022057,90.98417558291685,87.08654480897027,89.08525845423578,7145031,854877459.8709455
2020-11-11,688039,89.11169932671658,89.14305203703951,87.49424551176783,88.95304524273676,4671099,533041495.7485153
2020-11-12,688039,90.11863688281127,91.4152085030812,89.72752228862916,90.26154848163043,2408582,272221826.9212276
2020-11-13,688039,90.8523287810757,91.2735623094023,88.9483082510602,89.9819291908821,1974605,231219402.91625163
2020-11-16,688039,92.8797411684532,95.10832756074669,91.88659919143646,92.47795332030509,7661854,859868146.1096615
2020-11-17,688039,89.14154492937567,90.42317504066118,89.427890743269,89.78733767306511,8997706,984415507.695821
2020-11-18,688039,90.9820771916351,91.6985094463387,89.98769848728004,91.38122069605056,2865907,302018875.38279325
2020-11-19,688039,89.32403182563317,90.2252385979613,89.81138355762549,89.84281688276899,1991859,192605420.02156422
2020-11-20,688039,90.05881830127471,91.56127488005274,87.26919726462582,89.21466076934306,2880285,348716593.7953773
2020-11-23,688039,89.5312327003657,91.42711816842831,88.3225904052644,90.35697561986173,6174641,687862101.5456469
2020-11-24,688039,88.93637485928323,89.54059547882618,87.7488707628684,89.3590279499941,9158333,1224718937.954114
2020-11-25,688039,87.69554501292428,90.38294689398609,86.55449098720275,87.8363425133012,4104810,420144918.69538134
2020-11-26,688039,85.26996373443046,86.9888994896395,85.85668310705518,86.0329918612148,6986876,855884495.6738923
2020-11-27,688039,84.51980638152429,85.971605132496,84.2239540273265,84.45244764762435,3447215,340642105.6957879
2020-11-30,688039,83.65658338445819,85.89567715950375,81.39473039809869,83.4236336071751,5904583,701249713.503326
2020-12-01,688039,82.90568031659991,84.27239804636207,80.37375010770286,82.72954523915674,8677864,863897088.2367816
2020-12-02,688039,82.57350727977912,82.98449797264111,79.77034852737505,81.79114711270438,2000829,184704427.85860494
2020-12-03,688039,81.73645319114623,83.82431481831094,81.1774861851713,81.63207093988875,3474453,362329668.56528187
2020-12-04,688039,82.69498754177972,83.97340180583078,81.14905074822379,82.22129803487394,6039896,711775861.1679188
2020-12-07,688039,82.30852134637779,83.78093390085532,80.42513003394635,82.26381513234331,3252280,327147433.40412897
2020-12-08,688039,80.68754822587206,83.33519976197263,79.88406341131522,80.95486436952278,4460997,517034404.40406626
2020-12-09,688039,81.9152036140168,83.19592932659788,79.72233052415251,81.11833271941074,4619572,391660892.87259567
2020-12-10,688039,80.68518037215782,81.22050778180294,78.03774168245995,80.43164992044404,6026896,524891658.622317
2020-12-11,688039,80.14885713300433,81.16353798532607,78.76294314622598,80.5382345032615,2567620,268994453.9335859
2020-12-14,688039,77.97809153387908,80.89520569288038,78.29459505836974,78.68819667719079,2753913,268386768.05238137
2020-12-15,688039,80.45993345575891,82.29237432974149,78.2308201121739,80.47976396752877,4960668,426235757.6867124
2020-12-16,688039,80.37050688583271,81.98032216005052,79.98039037358754,80.91513196908366,6558795,715211907.8483123
2020-12-17,688039,81.68174311221188,82.56102866362306,79.42568997898464,81.18529732201591,3564857,353823261.4935865
2020-12-18,688039,79.58736330555824,79.53914531049561,77.54809061178686,79.50454233755742,6834309,565888124.1760106
2020-12-21,688039,78.58139681137975,79.69088006047808,79.16116404028188,79.25278126599825,1708822,178086231.20207512
2020-12-22,688039,80.31652265475623,79.89711090854867,77.48968067923808,79.67817775306587,9957933,1000867574.2085314
2020-12-23,688039,81.30377001687127,83.56863426188426,80.24887716097379,81.98001800350438,6756457,682563200.4621308
2020-12-24,688039,80.01404918261339,82.5120491123153,79.4466126011523,80.5534298519207,2287315,224300244.11895588
2020-12-25,688039,81.1799837705907,82.53055966635972,79.64599880976492,81.44469931424884,9960274,1166298611.3290358
2020-12-28,688039,83.13801320170714,84.4631786852794,81.63980919953234,82.8973906229595,5414782,561740307.377638
2020-12-29,688039,82.87904776975724,83.67159469189303,81.57283789832032,82.5582550988524,9411323,832132733.3970789
2020-12-30,688039,83.07778772740686,83.7249155100384,82.62479296716718,82.69674611354294,8768626,835891190.5799513
2020-12-31,688039,83.7528843996577,85.12586845876564,80.95665843506961,83.12377099347098,2781991,307907334.08316
2021-01-01,688039,83.3331380594142,85.35980870709318,81.88830959510514,83.66697149847795,2433450,231288014.09719482
2021-01-04,688039,84.85026852919535,85.46191626937807,81.84214610278852,84.32377443160607,6296171,602363363.1002953
2021-01-05,688039,84.37434864724227,85.20066952541184,83.22875130588278,85.12199825301134,5318329,526038847.8749289
2021-01-06,688039,82.06587837126487,83.55959764915559,81.21995683600993,81.8382850609862,7876855,853149312.3472446
2021-01-07,688039,80.93818253570946,82.85014410688748,79.92660773129975,80.96898487819868,8414193,868465384.1882541
2021-01-08,688039,79.8172915633069,80.8446568887735,79.80127661758532,80.61112965460654,5575450,550772632.676765
2021-01-11,688039,80.56314911157354,82.22649101028574,79.58810132133907,80.85376735258104,9171513,858130245.6568575
2021-01-12,688039,79.14732515778505,81.25475617877626,77.83125062467334,79.77627358900024,2549897,272798296.205378
2021-01-13,688039,79.29896493344317,81.39268105785179,78.51529313411471,79.71320119510719,5024802,474008597.1118668
2021-01-14,688039,79.82479565148746,80.73574490401701,78.32773042933825,80.27598528645876,7795920,669788240.4888668
2021-01-15,688039,80.81521166181936,81.86140788655948,77.844127291928,80.16035030226111,3204743,312856710.1664792
2021-01-18,688039,78.0885837474508,78.66022337475897,77.1921733010571,78.4988165444459,5363247,452303501.52052784
2021-01-19,688039,79.65344706583839,81.02043322347991,78.19787176186249,79.32947961238422,5221410,466556105.240325
2021-01-20,688039,78.71207774795798,79.42226396386587,78.24194470711517,78.41633054779656,6285673,715004170.3788595
2021-01-21,688039,76.28886516192516,76.76335913902554,74.80924902404783,76.39469482127244,1310688,128346694.63988948
2021-01-22,688039,74.8973389485531,74.77590184484448,72.94734352348169,74.54848760698908,2087628,177895981.60713914
2021-01-25,688039,74.07212682185629,75.11567695875418,74.24261728202548,74.79498239947134,2695809,276986813.4690428
2021-01-26,688039,75.6549384101642,76.35162043501336,73.63985254860278,75.06499273388259,8142860,726092463.0183996
2021-01-27,688039,74.97695329375215,74.72003295496883,72.9779568407528,74.35927473974631,8565556,688353368.6963917
2021-01-28,688039,73.38918388377662,73.34083281987735,71.60412359838742,72.90012120935071,7081428,550125613.4037148
2021-01-29,688039,69.6339834738782,71.77963181219847,69.6561024735311,69.90689408441406,7035299,614580265.1150275
2021-02-01,688039,68.84162903432038,69.34014422636062,67.25039737811582,68.43962583845244,8716916,714100783.2199479
2021-02-02,688039,67.41866658072563,67.48210339402986,66.98682816675836,67.47409473273501,9318813,733022369.0667586
2021-02-03,688039,67.20073826213404,68.72707036312286,67.2808114989279,67.31929503847067,2567171,201140919.6479395
2021-02-04,688039,66.60517320503598,67.27340757178948,64.57622585520265,66.20237379902505,2101570,186476412.73661408
2021-02-05,688039,66.42238883593973,67.53774379377842,66.47618981911025,67.00518370615853,9097676,695518261.0350635
2021-02-08,688039,69.90495975643347,71.2048063216259,68.48423354825668,69.6079117078076,6054813,459569542.5255286
2021-02-09,688039,70.2468594184853,70.94890545713767,69.51280098666854,69.75950264003045,6594879,667965747.8097515
2021-02-10,688039,70.85021336645595,71.16746752060858,69.16318855150256,70.95379844705712,2912901,287809066.4395034
2021-02-11,688039,71.37713933745553,73.38731214714745,70.89565608372637,71.42078961914456,5360773,503057678.5191023
2021-02-12,688039,69.07246087244542,69.88651481222432,66.78889232720644,68.77562833995019,1034668,84677406.12634528
2021-02-15,688039,67.11436898671259,67.2912936013914,65.84383723625383,66.88526262813751,7825798,677045724.8699214
2021-02-16,688039,67.61099842320222,67.67509249616775,66.56149304022054,67.48573171641968,8247872,569019048.2576146
2021-02-17,688039,66.46827439128505,68.48833602656671,65.73033688026986,67.08444849382553,3383173,295255129.5814706
2021-02-18,688039,65.71358125083381,67.088728315216,65.35360327187436,66.12716611431452,6325986,624574982.3424687
2021-02-19,688039,66.35063536353462,67.81060716865439,64.34404299072531,66.08827812754987,3743407,322941045.93292564
2021-02-22,688039,63.53916471758977,64.96731783731715,62.28677075280012,63.815065469038025,6391836,474959305.82879746
2021-02-23,688039,64.33666222330011,65.05360436956862,64.12859785496977,64.74942368482695,6409470,607347341.440354
2021-02-24,688039,65.14443862390456,65.06335093347367,63.47373191309273,64.69671670912598,1184047,77533436.26228079
2021-02-25,688039,64.91990386225325,67.04726448516236,64.46846727714659,65.1892840994366,6014538,434107603.94618756
2021-02-26,688039,64.83659414547348,66.0389308238417,64.73490325074238,65.37171398125729,3405015,281985946.6945143
2021-03-01,688039,64.38361027606834,64.9178521895635,63.98649350612231,64.47669259326085,6085655,582129963.9843112
2021-03-02,688039,64.83714343685145,65.25794607108782,64.82182607461772,64.8525356014174,4576343,414941188.09024626
2021-03-03,688039,62.96427152551367,63.67612080466541,62.63807805358663,63.35639136336214,6995602,466253942.1614564
2021-03-04,688039,63.310945172512305,63.13440943944465,61.94857888023886,62.97463880751076,8034952,743974964.8981467
2021-03-05,688039,64.0026380999808,64.72461330809129,63.46565462154148,63.778874494445475,2164106,146419671.48463553
2021-03-08,688039,62.78891009893266,63.74008064194942,61.98044055672736,63.14921088122118,4222642,387504302.98381096
2021-03-09,688039,63.98713711906741,64.7459850930348,62.29775876908464,63.959442432736395,8021478,660134963.2819593
2021-03-10,688039,63.45777874367897,64.30313637654423,63.79911563437006,63.866298744353635,1819088,119813617.77297337
2021-03-11,688039,62.91269831601949,63.669616878851635,61.619724715146795,63.37447924772838,5014946,418330180.7569648
2021-03-12,688039,61.556907617360906,62.14402662036998,61.29592734184468,61.643768652078386,9672814,764894207.3474387
2021-03-15,688039,62.11006482982512,62.60396275590884,60.23896387823647,61.569499958232264,7661828,490391464.0374147
2021-03-16,688039,62.28508229979507,63.27264117502624,62.04776344198487,62.36731115188343,5345176,351787216.1576154
2021-03-17,688039,61.05418358172521,62.124229600658865,60.89824178896245,61.13045783852967,3217208,255921856.39346263
2021-03-18,688039,63.01513463912418,63.35199243071491,61.717314710154476,63.0810330572023,9703408,892690474.1531132
2021-03-19,688039,63.74639813280805,64.95892592151347,63.416859699160966,64.0989548427961,8591708,699490834.6268456
2021-03-22,688039,62.93268504884777,62.80323284516554,60.5992888556178,62.408828577137115,4803628,390395110.2495388
2021-03-23,688039,64.57249012743006,65.44065632279816,62.19458097880187,64.06548072135652,4081053,297271587.41200244
2021-03-24,688039,63.69985898151375,63.63101610549215,62.67262642422431,63.387235664365804,6314431,594695614.454515
2021-03-25,688039,64.69284784234786,65.57487063261722,63.39951922550509,64.44209998041083,6317213,594245006.9252656
2021-03-26,688039,64.77051478057953,65.59745433520459,63.82078156829084,64.27883276338285,6274091,490062967.9832434
2021-03-29,688039,64.28333911063407,64.2794787703976,63.401261729046624,63.86328708673924,8806419,677625813.4923447
2021-03-30,688039,64.63549333310678,65.04212646455724,62.77407536768059,64.36389584766988,7247846,517443419.0354564
2021-03-31,688039,66.41996901610159,66.95035188978983,63.82639453448475,65.78453049287279,5849893,489634638.90460163
2021-04-01,688039,66.11617147864823,67.19357682024284,64.92280497777439,66.13452173285364,7154117,637986984.8040556
2021-04-02,688039,67.74201195118492,68.84856778579704,66.28722019532353,68.28438580983256,6466033,644778423.8357016
2021-04-05,688039,68.69210756437124,69.21511971614188,66.55925390864775,68.23514526063761,5972345,552140373.3761063
2021-04-06,688039,69.3485961554021,70.26383641854834,68.08352531577029,69.49243163453025,5042950,469215845.2744125
2021-04-07,688039,68.83945776198375,70.12258319840141,68.78238536565482,68.97649249419985,2194103,178464913.41341797
2021-04-08,688039,70.54623217121184,70.2640051875534,68.87584419364052,70.11278360621444,1151762,120191317.30263601
2021-04-09,688039,70.85955220106844,71.31092159920681,68.4282036792925,70.29495238921515,1045185,109259808.91749814
2021-04-12,688039,71.31927933802042,72.09383378186817,69.61842661157525,70.7902625569703,5214300,446157419.2145664
2021-04-13,688039,70.28040881096659,70.68433062624477,68.7263434564505,70.62166671503131,6493911,648371044.8091818
2021-04-14,688039,72.86035696517052,74.32662890126521,72.09885325516821,72.63781576342018,1010446,107953023.28490028
2021-04-15,688039,73.35585299500337,74.30636936971611,72.6680565820979,73.26484310216955,6301086,588737552.4017053
2021-04-16,688039,73.1404921769377,73.59639078543971,71.50833283717633,72.47058285162728,9154796,822905127.4182197
2021-04-19,688039,72.42035157080778,73.175577892221,70.81666108775713,72.35385249498646,4919104,496759391.48707944
2021-04-20,688039,72.74135988963795,73.19062486404478,71.58554114336012,72.30512598995311,8496890,744777956.5841595
2021-04-21,688039,73.16672757798467,73.60324697839742,71.08369178012023,72.51454994633065,7326944,647013211.7753266
2021-04-22,688039,69.90551164438672,71.96580772297743,69.29158165661045,70.42676864332097,8364436,716083000.1455079
2021-04-23,688039,68.4081908557006,70.02637498556939,67.33999335053484,68.99174553903529,6621515,584867643.1231782
2021-04-26,688039,71.17178421809228,71.63323580129588,70.51955225119242,70.80671753265213,3158798,257173010.67560026
2021-04-27,688039,70.98062793013865,71.17241488468572,70.19113179920242,70.90862307522512,3375417,277535711.4623491
2021-04-28,688039,71.16160556903607,71.93663132109619,71.4007849519449,71.8158453894483,8681703,920739205.4329962
2021-04-29,688039,71.65652060144562,73.80665474983135,70.972274777831,72.15296537185733,3820950,381549679.42647904
2021-04-30,688039,69.71899728076822,71.36803703891378,67.60854188337974,69.54207243711278,5603098,407168897.07029736
2021-05-03,688039,68.57532799448676,70.6048602200457,68.67751275991863,69.15684949609704,9772430,754214449.6477495
2021-05-04,688039,70.93442427952907,72.28758453940033,70.87102385099513,70.91645262655308,9405270,727861240.7695534
2021-05-05,688039,68.77963552199822,69.6433820613358,68.1844460562265,68.77870259608315,3703168,341274475.8622437
2021-05-06,688039,69.87130192533317,70.67507666422414,68.01443365116762,69.24662130309973,6647757,679112469.9136566
2021-05-07,688039,68.30378072872858,69.89211645317215,68.44840215793751,68.4703157122618,2809816,230282980.1901432
2021-05-10,688039,69.28046828493441,70.89625136711904,68.38715773631368,69.21796365793824,3429553,296952182.2409425
2021-05-11,688039,66.09921620365425,68.16591307062215,65.46421012020421,66.57728984120932,6845719,646569715.6832012
2021-05-12,688039,63.321238159917066,65.37817966731795,62.50779045985409,63.90021055993629,1827969,134908468.5146134
2021-05-13,688039,63.47394267538611,63.63712084005321,61.729273035170905,63.11267285606411,5648013,409429290.6545884
2021-05-14,688039,61.75647326218274,61.77734467977703,61.18875255052225,61.69477976209019,1653234,118977488.97401316
2021-05-17,688039,61.72483664930435,63.582514836966034,60.71362775288962,62.10529684690804,4185884,262660203.85560653
2021-05-18,688039,60.36520631368604,61.72534107385109,59.808356691398494,59.96589938397138,9741262,671737815.4360076
2021-05-19,688039,60.944972504225284,61.183467834039455,60.1758321994762,61.044592529139166,7404163,662788157.8660042
2021-05-20,688039,61.68977735080401,62.813140156501376,60.315855120873564,62.01966177183012,6108043,407184139.37782615
2021-05-21,688039,63.662974589592444,65.02060732055,62.839216980986,63.695703965572534,2849489,211188580.94928962
2021-05-24,688039,62.99087055660901,64.88281486891273,62.49025015332808,63.58965407093548,3493686,277327574.0391818
2021-05-25,688039,62.06076624983051,64.13764010862782,61.57646362932437,62.486038112688355,8775348,591621861.0926769
2021-05-26,688039,63.11271484538823,63.99823552651748,63.079491918957594,63.68766876732951,9851958,772328124.7038654
2021-05-27,688039,65.48650945362816,66.91343279084572,64.89229034645346,65.857864029099,7951644,656133106.9509968
2021-05-28,688039,66.3050252650092,66.25077447939509,65.84014931627009,65.97697294742618,4015078,363037592.7015066
2021-05-31,688039,64.61099565992801,65.59782134117839,64.43834272220856,64.61920975755626,5654276,414954936.5391931
2021-06-01,688039,63.67583135235351,65.86954069906994,63.92728188116972,63.96657873569285,9317715,702936462.9124813
2021-06-02,688039,64.30049886998223,65.28659825537582,62.24467327320999,63.908366874323335,2227973,210843114.43569702
2021-06-03,688039,62.714874444298545,63.007430676505734,61.43336671143622,62.87244454419882,3751763,339695044.59392357
2021-06-04,688039,63.48341181561387,64.69759228880103,62.68613231537956,63.393153427919145,2409964,163507996.52008325
2021-06-07,688039,63.90946200792481,65.6331000400253,63.432210492068265,64.01247101218371,5826317,461802365.1445944
2021-06-08,688039,65.26239780488243,66.33656429803774,63.9424404128475,65.12527466808743,2962204,231967332.98658574
2021-06-09,688039,65.19001868137863,66.46594762664814,63.91918166497337,64.90178387764684,1531313,137049534.99801013
2021-06-10,688039,63.7118211173722,65.96241380328335,62.39508026881097,64.16644795395814,9139802,783632012.6782172
2021-06-11,688039,63.86174150869864,63.87106308610419,63.44676924590192,63.594837702532885,2906323,196008989.29326692
2021-06-14,688039,63.63308973163697,65.09301490946918,62.882774617281996,63.89055731782475,7484060,513928564.7522509
2021-06-15,688039,62.18149953469186,62.90517731156754,60.73295421882312,61.84116553511168,9258777,836645879.4054518
2021-06-16,688039,61.91106697439486,62.99474967037246,60.82704101910315,61.78238440838933,4029198,288598897.2795681
2021-06-17,688039,63.7145683452357,63.714287756606545,63.143305542353566,63.38185616367471,6134180,391991194.33414423
2021-06-18,688039,63.56579547931754,63.64000623654584,62.74537556409167,63.07560989071862,4054347,297785789.70127654
2021-06-21,688039,62.939274570894504,64.41754567776316,62.095151240847116,63.56417710382463,4275313,377177309.8374034
2021-06-22,688039,63.32061020846013,65.00710351776368,62.104062760296195,63.19908143551931,8788645,754802744.3846694
2021-06-23,688039,63.70849433733777,65.93027970841315,62.39736726779085,64.2237892988195,5864056,560183978.3397104
2021-06-24,688039,65.04551323366238,65.90081499556,63.314150061149824,64.7796311174576,3970854,340333271.08724207
2021-06-25,688039,66.52890441049288,67.44282328758693,65.50414280206957,66.1802437883899,6350016,613524669.8464403
2021-06-28,688039,64.58289512906263,65.82545207135848,63.33841957854972,64.97954851375422,2134429,189522638.84810072
2021-06-29,688039,64.79973231215821,65.20112594129188,62.712210531242796,64.55937606765868,2045139,196680634.79045454
2021-06-30,688039,65.05885836053982,66.54613863624466,63.921326724655074,65.66516938839155,8396835,738847480.1323576
2021-07-01,688039,66.7236712029882,68.11340971222184,66.30964703399425,67.1272068351985,1545898,143558570.74027067
2021-07-02,688039,67.56213795250201,68.0968173163261,65.35378531705486,67.33066919041187,5121251,362943970.0615595
2021-07-05,688039,67.18293594124746,67.3985785328946,65.53208113961776,67.32381924345506,6956193,641807321.4005746
2021-07-06,688039,68.33698922320274,69.36425462490742,66.37354810605554,68.1620333972759,2448055,237234674.41333085
2021-07-07,688039,67.68163814850871,68.94126559790178,65.94600889168824,67.98421440474456,2810394,273878940.7816487
2021-07-08,688039,67.6039300458514,69.06025275759143,66.11777754889772,67.4894451207956,1814632,136472821.3968109
2021-07-09,688039,66.65719176489117,68.58862742423908,66.7634184512518,67.1919545239184,1078140,107077920.05583686
2021-07-12,688039,67.91304336237933,68.59709367248594,66.9507965979946,67.43337703635481,4383930,343223273.2691621
2021-07-13,688039,67.5509673471078,69.57913744865186,66.10495065754448,68.06195705522842,3206608,313172319.61654705
2021-07-14,688039,69.82488917878082,71.49877824568581,69.38327286993568,69.99967920841931,4378603,459640688.58112735
2021-07-15,688039,69.04093545706954,69.78944593018754,68.94917952012987,69.73535637640187,2671285,268810792.7091916
2021-07-16,688039,70.3786094484794,70.19551838968955,69.23630168131784,69.7851557016504,4542428,328210410.76030284
2021-07-19,688039,70.38958921034954,71.71211982860396,69.15686432050737,70.48414913394706,2231259,230290887.80711684
2021-07-20,688039,72.41741417764517,72.20406520047858,70.67418537075655,71.86789383009514,3634993,363527748.9347075
2021-07-21,688039,71.79251230734234,74.12400471477798,71.10967005746406,72.2082656888627,9189002,901509145.9796716
2021-07-22,688039,71.98901693784877,72.31899446980381,71.07991445738284,72.06670258093652,6530901,513731865.17015386
2021-07-23,688039,71.43323786687178,73.28964089951151,70.51552017297301,71.85835390572973,7501044,674580213.0624149
2021-07-26,688039,71.50080625854514,73.06576296941577,70.33830956068542,71.25917988037078,3822387,373674180.4821972
2021-07-27,688039,70.70458171234502,71.92129976783879,69.80924781342446,71.28770310069474,1915380,166873017.39650914
2021-07-28,688039,71.13558042873774,71.87570190166653,70.18874124882359,71.79606043560634,6957458,545804307.9743055
2021-07-29,688039,71.86852886135102,72.17831998343155,70.61370957709036,71.36153532518861,5315442,555426361.013237
2021-07-30,688039,71.94698347689064,72.75235469589217,72.08152664781193,72.38434214287705,7743043,738243218.4592716
2021-08-02,688039,73.32003309803137,73.77447375450924,71.51992794891673,73.6035096487273,8268289,784376278.7846197
2021-08-03,688039,73.990731820773,75.24835143726976,73.90300151674322,74.24093075613064,1767314,142764462.84083122
2021-08-04,688039,75.86772099871153,76.3323594394639,74.8282885201556,75.22397658859894,9563236,749936131.6709942
2021-08-05,688039,78.41389697334895,78.68385602258958,75.70122855151001,77.67877041085127,5196494,482744728.48880076
2021-08-06,688039,79.31085488210968,81.37533137465697,78.88329828685154,79.58937584684679,4179475,415265769.26717556
2021-08-09,688039,80.01793756535946,80.31337973361325,79.5144586935761,79.59312223126001,7960478,923550490.8625714
2021-08-10,688039,79.35819879863551,79.95405122050153,78.08690196308501,78.59281393962267,5930880,662990981.5019156
2021-08-11,688039,79.66081458070687,79.47541292979167,77.91676754898754,79.46320073040931,2106212,171937235.17765737
2021-08-12,688039,78.54857884379572,79.44268241856327,77.12902573580203,78.18539291068879,1806132,209631552.3382611
2021-08-13,688039,79.27460460546143,80.2710400227257,78.06880571071311,78.87175823699098,5702957,537166320.5880507
2021-08-16,688039,77.58014126425816,78.50479645692015,75.73255687683093,78.0375685622753,6965711,558638281.4716697
2021-08-17,688039,76.94155496268826,79.66560093716299,76.75285669589563,77.38513880423102,7662744,858135431.0015386
2021-08-18,688039,79.15038522173872,79.95023670747496,78.41034571545441,79.67883380028073,3207329,359493479.6866439
2021-08-19,688039,80.77451428500171,81.28634241677108,79.88420785342733,80.62344220856775,3828537,340644187.96638906
2021-08-20,688039,79.52780553669426,81.27906906157838,78.3472416206703,79.28929719092672,1316843,108123279.81840631
2021-08-23,688039,83.05695615237597,83.42937547665318,81.94636931157247,82.483191397888,7822358,937797861.5058674
2021-08-24,688039,81.10527119918201,81.21365886142205,80.20343415328858,80.84655529933728,2257243,196890043.11972955
2021-08-25,688039,79.43584480572288,80.04715409746017,77.39775704059808,79.24330359851244,8031736,687396526.9316984
2021-08-26,688039,78.55042568930551,80.01658008934541,78.18433578536718,78.71300247827085,7728253,616699790.9890269
2021-08-27,688039,79.35913929396308,80.0788378966388,77.83268734406673,79.38408753772558,9041355,1056457610.4031645
2021-08-30,688039,77.60639845596019,79.30202968818325,75.65683842814425,77.14637758677183,3214869,251059326.84033266
2021-08-31,688039,77.2143007352493,78.69846495268182,76.8966748459987,77.71430152502289,5665087,513719047.3727431
2021-09-01,688039,78.26821839913855,80.64311048001677,76.49455962943672,78.74038314142297,5172273,407332211.4683622
2021-09-02,688039,78.45520978598547,79.98454588900296,77.6850228545855,78.04101371724092,5810660,576938056.581077
2021-09-03,688039,79.39062959787101,80.93023255724124,76.90698683374605,78.68468100745919,1544223,147924106.97472298
2021-09-06,688039,76.57651088047596,76.93010451750229,76.29085388512057,76.50663462781512,9623979,812740248.6446803
2021-09-07,688039,76.17858227461451,77.46181458398236,76.22027402460805,76.78330575630703,9962612,821747786.8289883
2021-09-08,688039,76.87509013773274,77.9821252758589,75.02203298589158,76.52236926054654,7810471,637803629.4879326
2021-09-09,688039,75.32588913844691,75.1016990577318,74.20254655774642,74.80993041647264,7752001,736579415.2989224
2021-09-10,688039,73.78466491657407,74.25704650542701,72.11946681735628,73.96154863406706,1014715,87021643.94828717
2021-09-13,688039,69.24089955919396,70.28554867724402,68.43978191135685,69.91771610547623,7701379,661813655.3437732
2021-09-14,688039,70.03784228813996,70.58016346788474,67.43562496244091,69.3579962699261,9942982,927802223.9073715
2021-09-15,688039,68.73447552131931,70.59759421917421,67.16435659139137,68.63479142463544,2915644,257783468.4266139
2021-09-16,688039,70.33002176680861,72.7977841659785,69.30961286989987,70.86038277574573,4302795,359380326.6099577
2021-09-17,688039,70.14648628667726,72.36750214309089,70.5560155290953,70.65237259880867,4687742,397143532.10814357
2021-09-20,688039,70.52324796889052,72.26282975135113,70.6019253213818,70.9202355213952,7556905,688542988.8217129
2021-09-21,688039,71.46710041416429,72.66895986472666,70.71462072032105,72.09309544776815,5251457,544275734.7240021
2021-09-22,688039,72.89341350361592,72.93566661857292,70.90353856592569,72.4479010980649,4268930,414428109.8510848
2021-09-23,688039,72.35143475214353,74.96836278459779,71.59366467181341,73.00741426117702,4354596,427350953.58327705
2021-09-24,688039,73.40605980502977,75.13248123835248,72.65589735714015,73.12085960810046,1094625,93621283.5421816
2021-09-27,688039,71.44466472090075,73.39335848112088,71.52663330650311,71.71125491987851,5608960,476171784.1976346
2021-09-28,688039,72.47354300761144,74.15794998897098,71.76307147640665,72.24301304275441,1363418,143994618.0251182
2021-09-29,688039,72.19052331549604,73.52521468215996,70.38093169922423,71.78935017398148,2977073,246756617.4323569
2021-09-30,688039,70.83569923395056,72.67408601455654,70.29797775945816,71.09866922140662,6654892,498574138.5056169
2021-10-01,688039,74.78536427899068,75.28294096417903,73.68498559214765,74.31806609985152,1963205,209806443.8109501
2021-10-04,688039,75.88778841254064,75.57309856595077,73.38805271153818,75.27299085199468,3741293,343323905.33325243
2021-10-05,688039,75.13609759123085,77.23679882896705,74.30129712159041,75.80026477643803,7770658,751379466.5614605
2021-10-06,688039,77.01533717668347,77.54092171056269,76.43981111523814,77.26277477980582,9508639,805091265.5147913
2021-10-07,688039,77.53944138070452,78.92115907672043,75.07157636555695,77.02628466971582,8977292,991879131.8217181
2021-10-08,688039,76.01247240694916,77.45872162142227,75.41063781838696,76.22335507369841,1009738,78506405.00826837
2021-10-11,688039,75.46842953032959,76.84968377072393,73.62256771112024,74.99531982269265,2158412,180660112.7681298
2021-10-12,688039,77.06546023438666,77.69612363363477,76.73530328144057,76.76246815732446,8990296,720021131.5140876
2021-10-13,688039,75.75873796168064,77.10318745603836,74.61872489140677,76.11915325922847,4052878,342259944.4007583
2021-10-14,688039,77.05731929769657,78.83741761462713,76.04088486884449,77.47487180457655,1698353,177194515.61236244
2021-10-15,688039,78.72976137561028,79.89702449601408,76.99062406339938,79.2215467807897,3060471,272829185.80580103
2021-10-18,688039,81.6031781470897,82.2838602853952,80.51636733528673,81.12771756696428,2253877,256669511.99998847
2021-10-19,688039,83.01435113158229,85.44219154341937,82.43337321889074,83.68432584744279,8901717,924329855.5573198
2021-10-20,688039,82.08170365644928,84.92549926390045,80.45768288588765,82.57165013109459,8840002,1032802892.9427143
2021-10-21,688039,81.26437024812914,81.48065650741576,80.19391280568163,81.45199051492384,1548071,159363921.40781105
2021-10-22,688039,80.92887875936853,82.28067010406427,79.602439174302,81.72097471174615,3115844,271617161.3068767
2021-10-25,688039,81.96457439945826,84.36117590974207,81.9237686933427,82.47484773452156,2019256,199082450.33066607
2021-10-26,688039,81.54970598844231,82.71253115131898,80.76641475819592,81.80131194430687,3922808,454708378.31297976
2021-10-27,688039,81.95538628002916,82.49938266718837,81.78453139836493,82.09605457119157,7354808,632944893.5157745
2021-10-28,688039,81.96114608930952,83.36182097376397,79.59935157450772,81.7897716833401,4991463,609408808.5861362
2021-10-29,688039,83.06722243153563,83.02482065589368,80.94166978870545,82.33857509346394,3429795,391291259.91086537
2021-11-01,688039,83.78697060343085,85.38084489885902,81.61758937735567,82.99993259881742,3143748,351645977.6430146
2021-11-02,688039,82.64153817898251,85.59556127408824,82.51196174998498,83.2582057889413,7274802,905801288.5256109
2021-11-03,688039,84.5135389385389,87.5709883127524,83.84278951948154,85.22519959581591,3298682,376131512.87736696
2021-11-04,688039,83.56738598376695,84.20066877512171,83.2391344445808,83.67270344499576,2154098,235620324.9475154
2021-11-05,688039,84.29355172346081,86.55880195710897,82.71765614794566,84.44222437726435,3550171,379582023.934046
2021-11-08,688039,82.71198075795326,84.05333947119136,81.15325106883493,82.6377600896916,7679341,694548357.4568697
2021-11-09,688039,82.18190068233683,83.9540002654172,80.40959842685041,81.60312305538937,3626816,365173567.8722947
2021-11-10,688039,80.80854078069696,82.52614917602033,80.69660723017351,81.57311967677275,8876562,1061962963.9988687
2021-11-11,688039,83.09881904130869,85.22918575099109,82.17720821043613,82.9166504541181,1974386,186175242.6039558
2021-11-12,688039,85.24078949510479,86.7965543678082,83.04048696701733,84.53306463930868,3545657,418370916.95773333
2021-11-15,688039,84.02920489910541,85.03849999251072,82.16601266688376,84.10786786368514,7099682,678339363.1980054
2021-11-16,688039,80.81401590751557,83.56451783777656,80.18804508653146,81.54197528811557,8627674,975864001.8791538
2021-11-17,688039,82.7896353468804,84.30597044524458,79.98297330276779,82.19741035632836,7460671,739513921.0807958
2021-11-18,688039,79.94640806697254,81.44642992764773,78.06161979392238,79.786071834201,1812688,181363204.07894567
2021-11-19,688039,80.48827977382153,81.6686027415101,79.3999489528375,81.00852540873636,6956149,736367938.4240067
2021-11-22,688039,80.00954868518943,80.68099375061462,79.16345414692313,79.38469085636623,4615877,444610205.2856121
2021-11-23,688039,80.43888507700927,81.58651885303263,79.5806473813739,81.16084077361504,2683162,218898025.56744
2021-11-24,688039,82.26766713260791,82.52537555495074,80.47386342679006,82.1230171431592,4783653,588830066.721118
2021-11-25,688039,80.84679943371073,81.52510383949343,79.15466778509376,81.34059517707146,6809160,781739455.7087564
2021-11-26,688039,82.30622189006264,84.95429456035085,82.38056719895913,82.97525751352913,8034850,967256197.569432
2021-11-29,688039,84.70875673308399,85.82504816590489,83.2822648601997,84.08040465333089,4466353,403873642.9958266
2021-11-30,688039,86.93415785932386,88.26057622159087,85.90439307165714,86.34553159354228,6119725,631781791.5476125
2021-12-01,688039,86.2398380159831,88.10087624229067,86.00855669732326,86.01214531630906,2008718,222253016.15828153
2021-12-02,688039,85.55011138621317,87.88572708286308,85.08754851125676,86.30081725727864,9350232,813199337.5827835
2021-12-03,688039,86.58884639872103,87.61199513468473,85.96537974453126,87.20588567848566,9806056,1007419362.7667419
2021-12-06,688039,87.0047864904515,88.35585447910613,86.40853420697091,87.34934167601736,1560388,170799895.52515605
2021-12-07,688039,87.63947507764044,88.93785638378672,85.47674990867259,87.09562012919005,2714633,317441159.7246219
2021-12-08,688039,84.94260615096245,84.30826721822974,82.14960578807185,84.24668353175531,4662792,550700165.7739556
2021-12-09,688039,84.3151211613899,86.09493362271715,82.4046377393504,83.66000511609776,8834973,1091520667.8018336
2021-12-10,688039,81.56167491327484,84.14987196315433,80.25589633306492,81.99305582133694,6356253,765172524.9573114
2021-12-13,688039,80.85862625081434,81.30309012465449,78.57062343216906,80.44339457521134,8475278,951286257.6864363
2021-12-14,688039,78.72084965605569,79.8551202264934,78.20305648155981,78.74820967352107,4137889,480540855.0929537
2021-12-15,688039,79.0693373350007,79.8995542350958,78.28386658956009,79.61466907721577,2291399,233159185.80192912
2021-12-16,688039,78.80506492148939,80.3773071907037,78.49157911693422,78.7238352607907,3613942,330022504.0195271
2021-12-17,688039,78.92084340663497,79.78243090173704,77.110913161326,78.70382020943518,5279535,589335308.1702344
2021-12-20,688039,77.78592768359496,78.40346281558807,76.6177738061488,77.98076637482556,9760491,879231000.8177584
2021-12-21,688039,78.3296210424102,79.0288588328693,75.92920129926179,77.83066310047074,7824232,705860351.6458306
2021-12-22,688039,76.283271707574,77.04425258505657,73.94556328663967,75.84955274355029,9609937,796142211.7597537
2021-12-23,688039,77.08097326752412,78.75963457843609,74.66622644067492,76.79388430680658,3689523,354539717.4816423
2021-12-24,688039,77.51718317890185,79.73152958347788,75.86965426031601,77.7683464106335,8626484,946047895.2064323
2021-12-27,688039,75.08751798749702,76.64332061385258,73.82993810938494,74.86303355618504,8811729,840604581.1617566
2021-12-28,688039,76.83252667168267,76.56403204111668,76.15505351435014,76.16451935777924,9612827,945020823.9680394
2021-12-29,688039,74.13339919282971,74.88588813188194,73.43351842639436,74.78198825096796,4850948,480627958.4298648
2021-12-30,688039,73.31232801531965,73.609330116047,72.02867578914244,73.13382549405705,6890635,704495341.1031524
2021-12-31,688039,72.67712466893406,73.69161454349603,72.10639611521248,72.20131685568899,2875580,212260729.1391478
2022-01-03,688039,73.3852346086454,74.64942193927916,71.88301670419011,72.67234465047785,2625386,260703325.0115445
2022-01-04,688039,72.23888891841733,73.25488236563218,69.99156664003145,71.90694814780213,9228376,796509458.6026286
2022-01-05,688039,68.86871972724411,69.78708376541199,66.76240818394578,68.60471249766458,9750021,963521798.9831957
2022-01-06,688039,67.6298667300487,69.05209169005732,65.39567694481038,67.17102160057826,7388746,725667470.6896085
2022-01-07,688039,66.94841432225219,67.69828253921797,66.16180291267388,66.30923290572257,2001043,163427717.12753507
2022-01-10,688039,65.4567912403007,66.0466556990884,65.18011805369714,65.52646926393442,7772059,555017842.4257338
2022-01-11,688039,65.08723809966635,66.00484677050271,64.83785644343092,65.56313267688297,8261940,599854229.7140094
2022-01-12,688039,67.3679917449651,67.31903387661619,66.3369227932326,66.8345572484111,2737876,234826705.88659102
2022-01-13,688039,67.5861272869911,68.04267778887042,65.7065820992542,67.2958556457169,1620430,110034598.04744956
2022-01-14,688039,67.6103111363325,67.96525928387994,67.04350476656508,67.27510611863208,2707719,195758692.21619657
2022-01-17,688039,66.03940121894495,68.41514681315222,66.19055947326116,66.47306859237914,6522706,510544487.87589437
2022-01-18,688039,67.21951297028589,68.284919279769,66.49379029016534,66.91843033259465,3417933,266152881.4124412
2022-01-19,688039,66.78599413782968,67.21308578150173,66.84063871732478,66.9752991824968,7988233,759520940.2418478
2022-01-20,688039,66.50373716028554,67.35145364398734,64.93602537260517,66.17510559107372,3922631,364324752.8352723
2022-01-21,688039,63.865890417496956,64.85408111298831,63.29446189710787,64.4330687132821,6657714,523130115.42706704
2022-01-24,688039,64.5970440621367,65.9213914238964,63.26094873691303,64.41638135537019,5331173,491299919.864399
2022-01-25,688039,64.78784699808628,65.29204148227824,63.92242865783801,64.7733173787639,8748476,586664244.5802174
2022-01-26,688039,64.97482523548018,65.96711952701129,64.28865096177425,64.84882447401968,4454905,294173616.4753829
2022-01-27,688039,64.9695519044628,66.45332573838563,64.32915135806049,64.97298632313141,5909264,426056371.6669675
2022-01-28,688039,64.65287409302842,66.03576331087653,63.92652295588192,64.2423539066596,9355151,825788766.0966249
2022-01-31,688039,64.44466648139192,66.19395929992764,64.67273724579596,64.68602754318061,9888715,762640602.7222792
2022-02-01,688039,67.39099483519473,68.41642772350502,66.70670977328429,66.98286319749607,9178886,828209117.7764077
2022-02-02,688039,66.88337018421299,67.834961662508,67.02608769060589,67.15150094811139,5195454,519745262.65947396
2022-02-03,688039,68.24799651219931,70.33690420182423,67.10808849995973,68.3294430980012,7916962,766234992.4262636
2022-02-04,688039,70.2916715298454,70.21391378090628,67.90504819615077,69.85870923304904,1586109,122153213.88237554
2022-02-07,688039,71.06618551816462,72.74457672521763,71.13179736992872,71.60706838250374,6791765,672712128.7974123
2022-02-08,688039,69.09738829071453,70.58762083452835,68.93215766532893,68.97126157098442,9898207,995281584.1157157
2022-02-09,688039,69.87332760075262,72.10856786834657,70.10868024551361,70.52462224802545,9583796,788555446.0462139
2022-02-10,688039,70.72816129888822,72.55264789418989,70.56213245513366,70.82284415139067,2185075,183794996.64071575
2022-02-11,688039,71.11873735396756,72.72707967341567,70.43041049522466,70.6931172672847,2691736,190618170.6047174
2022-02-14,688039,69.59891579937322,70.7347236682164,68.64379809963229,69.73552351458878,9299761,752438008.6123836
2022-02-15,688039,66.73544793905897,68.283634527413,65.44525447542844,66.63547641630957,9681596,821790214.1017067
2022-02-16,688039,66.27153692478635,66.91756607488679,65.39594276636677,65.91494605152758,7395922,701304080.6366413
2022-02-17,688039,66.55978910458603,66.99613722766958,66.2528085256343,66.69942135251745,8263648,588254148.1059422
2022-02-18,688039,66.25580327863864,67.89561220665801,64.9200341222206,66.85910077479062,5876062,505934108.24144197
2022-02-21,688039,66.67892647059949,68.39564354624837,64.79735860006832,66.77588228895102,9676570,819806869.1459801
2022-02-22,688039,64.38502679265828,65.7625484246633,63.10571525204912,64.98710596114844,6069431,423987570.73627263
2022-02-23,688039,65.54932946327344,66.13462299408955,64.09748248256541,64.97332435874327,7309547,532191632.0259232
2022-02-24,688039,65.6714168902184,65.86933901671468,63.542175731463495,65.43962490498907,9544079,692676892.8692881
2022-02-25,688039,65.24340728403372,65.77652443342627,64.82689728389758,65.34409762079787,9811882,643356900.3713654
2022-02-28,688039,65.38983482840038,65.09088915503465,64.15731668420881,64.9877636562242,2482033,170888825.40736008
2022-03-01,688039,65.60831424702407,66.64547876419134,63.77919164444663,64.99957406376431,6330379,509869110.1547772
2022-03-02,688039,64.67597111683963,66.23624041671646,64.7330305626699,64.89884064808302,3951681,334179133.08384466
2022-03-03,688039,64.70842913149357,65.3860186105022,62.45812307526234,64.10009232553452,8258910,706479503.1263599
2022-03-04,688039,63.063655035855426,64.80071266872235,63.26523139556173,63.59348085137359,9181755,862361384.356288
2022-03-07,688039,63.517973776449224,64.59114696398753,62.04810945171924,62.99793524838929,1987309,128331592.55557199
2022-03-08,688039,63.48246572322551,64.06868885716423,62.96906504014586,63.78537397381486,6974381,454769643.51915175
2022-03-09,688039,64.41392507731159,65.78157829587057,62.6902274794003,64.2207813501256,4683210,303873939.4105733
2022-03-10,688039,64.38650285537854,64.9392502024245,63.87234396845803,64.19571785461756,6839929,646668976.8196672
2022-03-11,688039,65.35472090335935,65.50630533335638,64.58418676024075,65.42465127625849,5285983,508894651.73297983
2022-03-14,688039,64.89954138437216,66.11958069562293,64.71275207347401,65.11776144998174,2807682,227005201.09060177
2022-03-15,688039,64.67123938872058,64.92450243563178,63.452447157069344,64.40032722500698,5553707,490438616.4958541
2022-03-16,688039,66.17442542253902,67.10008952928278,63.81147880996555,65.6168180866568,3897844,327953602.15910023
2022-03-17,688039,65.76663787128895,66.7044963774342,65.27928522690688,66.14090227130527,8564373,678629595.0923908
2022-03-18,688039,65.82622980493062,66.20651508714228,64.05991783524662,65.7653948479917,4998715,484079679.88677794
2022-03-21,688039,66.66496333775775,68.29080209089477,65.97759936737187,66.83729907468495,6145258,490830381.1057267
2022-03-22,688039,64.45096814514356,65.29326609550145,63.46751587477193,65.09857952876618,3802764,290507067.0393295
2022-03-23,688039,65.30296093753374,67.45263663542556,64.88093731394777,65.65474200675071,7013601,588512503.9820298
2022-03-24,688039,65.27462371751218,64.96730523766324,64.08455380443993,64.78184922775652,7770026,531127065.1231297
2022-03-25,688039,63.77067019271613,64.4809942779558,62.737238353108154,63.29714125702483,3459239,236163978.82326546
2022-03-28,688039,61.95480750325224,62.10270853923421,61.395928848864685,61.727701085760735,4429339,357484437.0932473
2022-03-29,688039,62.323971587298374,64.26580918072882,62.46470220858436,62.86889751977613,4777657,309362431.39547426
2022-03-30,688039,61.86990508393713,63.05385059886258,59.947090392823604,61.57501356697475,3057267,261964377.08785993
2022-03-31,688039,61.81247830630171,62.041694242362354,60.27353779735827,61.64870268573423,3639512,298361448.97642756
2022-04-01,688039,64.06261056398763,64.18559925257495,63.32259927516775,63.95563685286731,9317955,841808391.599047
2022-04-04,688039,64.48652904650463,65.35203479319817,64.5930333709298,64.97080898608621,8771697,606186328.7910572
2022-04-05,688039,65.28427528123503,67.27813279238482,64.3295611610394,65.7362015727401,9403863,871121136.5991272
2022-04-06,688039,67.25291559357906,67.79467686202116,67.19873575939003,67.57618785676414,8517787,822375059.5957496
2022-04-07,688039,67.5746624644206,68.25147096085426,66.42964543816332,67.30424221630913,3774443,314233260.81350785
2022-04-08,688039,68.5004509120621,68.93999362550547,66.46970206651692,67.97023272867492,5633896,421213497.89146894
2022-04-11,688039,66.88362671132697,67.83572421259528,64.84399500115977,66.61324302560294,9708555,827349808.3818474
2022-04-12,688039,65.75942151557365,66.81831112588864,64.46368472493415,65.82047488001118,6731207,644990450.9099588
2022-04-13,688039,63.26026445954468,65.39232079644148,62.29672157948627,63.81064754920563,5488958,434716069.0183226
2022-04-14,688039,64.14170733383233,64.94845893275154,63.22382281195549,63.961043152349845,7197014,480437080.58660525
2022-04-15,688039,62.356857676930545,64.1321347213154,60.96782427070533,62.53316908184391,4857086,454952552.16366607
2022-04-18,688039,64.32589460064332,64.58680146486918,62.9380999768525,63.737747712324065,2650465,214882049.60319507
2022-04-19,688039,63.86178928345619,65.7965085319145,63.562917750072046,64.44419427932978,1064427,92617638.40172763
2022-04-20,688039,67.09978835357663,68.2164872799262,66.80858861395382,67.63235192186306,7019661,478624591.80866814
2022-04-21,688039,66.40189840156825,66.48515473608714,65.8672919799595,66.39157189497138,1066680,89571481.44932911
2022-04-22,688039,65.38486169445325,66.23014567986891,63.74466227978959,65.65789596888249,9495303,857220038.2243829
2022-04-25,688039,66.04749586104303,66.32266799012356,65.98226831666699,66.27403512164172,4861894,365601592.3077232
2022-04-26,688039,67.91569060414297,68.68092733076753,65.82825400822797,67.44729640858819,6647240,552420564.0263911
2022-04-27,688039,67.57824631323118,67.60849031283185,66.23050826353357,67.13289208194453,7637705,585983943.1648688
2022-04-28,688039,69.17008868080666,69.44598144618648,67.72328631065957,68.53235473606952,9651897,897076081.5451511
2022-04-29,688039,69.19776331007444,71.6557012935476,68.76483683588432,69.86254565656064,1815057,134889829.77493632
2022-05-02,688039,70.17718545692011,71.95952524815594,70.05854381263764,70.23719053417742,7073614,655760274.0580677
2022-05-03,688039,70.07661946738718,71.01732723696703,69.16298321544762,70.65697759998417,7483332,757705161.8959789
2022-05-04,688039,71.0242109514624,71.69447912051487,69.46642991912285,70.53353412632538,9654573,835497841.7876502
2022-05-05,688039,69.73403597369901,70.68496503571099,70.20319550271348,70.4178246300085,3603984,333417794.6627433
2022-05-06,688039,73.42752952262384,73.42850753870243,71.41101582943442,72.71594625600518,3886362,389347777.1182685
2022-05-09,688039,71.32743581517174,72.73363823965894,70.57200148796687,71.01140352762934,7373321,697671851.897659
2022-05-10,688039,70.58716643998676,71.5756920843833,69.027698685577,71.14247911426403,8417325,794424213.5394415
2022-05-11,688039,70.39189312249876,71.78546817782136,69.34899577472966,69.9340567786624,5552850,408198599.3843642
2022-05-12,688039,70.75319241193978,72.93672157505229,69.11540352933969,71.0792258656457,4397817,361101694.1841585
2022-05-13,688039,70.55237701724649,72.00463293311718,69.83377589573998,70.01758235613904,3092755,296542512.2367793
2022-05-16,688039,69.70802940497813,69.73284068456465,67.9281307413795,69.68512165348152,6692450,545371646.9297969
2022-05-17,688039,68.5464092021847,69.19369864427976,66.36035431251419,68.04254972341099,3620231,323280185.5779031
2022-05-18,688039,67.0091778586737,68.22634906287932,66.11941821851303,67.19755107488145,1618939,138985374.41653517
2022-05-19,688039,67.79810246608595,68.72902057715511,67.58539022701821,68.34608819958291,2631358,231892530.78522876
2022-05-20,688039,67.77572831914458,68.84467349415156,67.39237658601526,67.7790402424316,4119553,350876429.2653938
2022-05-23,688039,68.62780141043511,70.44454801396854,66.68214969047777,68.72633063380937,4093784,292613615.992167
2022-05-24,688039,68.75170117398818,70.4938558824585,68.0174175778742,68.83233781589169,9883706,767799302.5137612
2022-05-25,688039,66.15445867344464,66.61846948757925,64.4200375171557,66.26756366064839,1705624,160744442.29106233
2022-05-26,688039,66.65037703962524,68.52775830540874,65.5792016703057,66.94579414215596,6297598,425293053.2923734
2022-05-27,688039,66.96622687603698,68.74872191877661,66.08248535198234,67.07364020999208,7494504,669053632.148723
2022-05-30,688039,65.90226258472062,68.05310682552312,66.28304456683766,66.37505597425266,4687185,436975472.10310996
2022-05-31,688039,69.78421870793113,70.32295696551387,67.81585457461594,69.2598489495476,6144746,616448931.7156813
2022-06-01,688039,67.61765543862697,69.6134702105881,67.8201017176509,68.2741535302277,2270878,220852451.94652233
2022-06-02,688039,68.09260599391135,68.83885236651851,66.59098827817188,67.57061544191853,1107360,81933131.06045952
2022-06-03,688039,66.5990281171891,67.8176106809312,65.6611329702821,66.74619527644317,7297471,558791300.1321014
2022-06-06,688039,66.73726942918532,67.7917425144314,65.91799968231096,66.33377065500835,8199296,704789145.9001386
2022-06-07,688039,67.61047236879018,67.76687527139576,67.04051927194192,67.09836392319752,4871611,433258694.92488104
2022-06-08,688039,67.3156848912441,67.56907307375927,66.6502938620825,67.31691494818173,8335523,611170854.0230756
2022-06-09,688039,67.23422328375852,67.39925563622842,65.96488856478089,66.84341746883325,9366863,735701207.5739044
2022-06-10,688039,64.90667710975482,66.10837871780521,64.00830727176422,64.9414445779033,1677122,131478105.19367556
2022-06-13,688039,65.06179155169963,65.59360077658239,64.76196277692334,65.39871015304351,8514188,772046574.5596403
2022-06-14,688039,64.649961374661,65.10773581213756,63.96867719599792,64.05057359492532,2843575,222440399.69818482
2022-06-15,688039,62.41656497360719,64.15739909483136,62.57175197105915,63.0337602156872,8459609,544693768.6278245
2022-06-16,688039,62.92332632621966,64.31968004219416,62.16911012377761,63.31554513649809,5610373,528509177.90749514
2022-06-17,688039,63.65718827443004,65.19592757183588,62.99860727461983,63.60447370880824,2954498,260866926.98415196
2022-06-20,688039,63.94118477768093,63.73399081764064,62.03421245140126,63.49363988652971,3552835,337112716.2877428
2022-06-21,688039,65.03263284934305,65.2544018477076,64.50480429086264,64.75473851486372,2136317,142266202.65297422
2022-06-22,688039,66.12970566514727,67.50014281364379,63.81347532581025,65.71300713969651,7160214,569731657.2097536
2022-06-23,688039,65.75475253654326,66.15763064635657,63.60690516790647,65.1380874504472,2080123,166831061.58732077
2022-06-24,688039,66.4051060082624,66.66696147438839,65.09155873709454,65.997071860929,8191120,608702923.4775834
2022-06-27,688039,65.83834824965864,67.1163910028091,64.24919205131829,65.72441760305352,6446026,606526108.7191367
2022-06-28,688039,65.53090861301001,66.11665955761981,64.14186139208128,65.29786145239783,4369052,357280525.5377511
2022-06-29,688039,67.78233958958991,69.59688652148762,67.48757001426107,68.46504260999586,3767898,260834194.86488548
2022-06-30,688039,69.36267522425716,70.81525726267219,67.61757410831558,68.7945658450793,2122772,207919138.8429334
2022-07-01,688039,69.30194629177582,69.49438815043234,68.923844114384,69.47932445995563,2589997,227921583.88016248
2022-07-04,688039,67.97871548703935,68.76892854291826,67.18528758903737,68.58778430331685,5832898,474641682.4523831
2022-07-05,688039,69.57671468584032,70.7311866646346,67.72803217338421,69.74923301191203,5286010,533996091.79462105
2022-07-06,688039,71.28151111383086,72.35907823177514,68.98043476741746,70.63018923606083,5126417,514271341.0183131
2022-07-07,688039,70.11416113442694,71.05917320108856,67.85230676431969,69.53235988607224,4784548,360137612.3966328
2022-07-08,688039,67.06095182093516,68.74655628060387,66.82730281921867,67.6576257345917,2845938,247996396.8595073
2022-07-11,688039,67.47052491587301,69.30548036521041,65.96599516349616,67.44297699950148,1255993,86154071.79727644
2022-07-12,688039,69.38994365014135,71.60766688881168,68.6839024127307,69.62845731686298,7870598,812165968.066459
2022-07-13,688039,69.39003135045718,71.18481843861296,68.54344839592966,70.03904070267207,2317214,177786322.19198585
2022-07-14,688039,70.16528684150755,71.14656518684716,68.57469028832453,70.64868319418714,4413926,434067507.3484804
2022-07-15,688039,69.08373295534099,70.42301859572027,69.0014543082997,69.23803994138929,2076900,150506649.5841449
2022-07-18,688039,68.89341306337468,69.75886320073492,67.71610423124389,69.48096633460923,8453741,699141748.3248554
2022-07-19,688039,68.51007342427397,69.74666315392255,68.0977986480442,68.59579064115258,6046200,428133988.493741
2022-07-20,688039,68.93010591122427,70.3059118371742,67.65069445933933,69.5262902951679,8726414,636203247.9361025
2022-07-21,688039,68.08217879602897,69.23051483231639,68.70520346120706,68.70547056606358,5366263,470232264.2421081
2022-07-22,688039,69.63475261496352,71.48746542718231,69.1092679100223,70.15531236607518,7118527,513414148.27079624
2022-07-25,688039,67.37112168040208,69.76396730307904,66.0054766188821,67.73669009153679,9638472,728773974.7946198
2022-07-26,688039,67.72311953035666,68.58471800319623,66.47682251580629,67.32120349195736,5707656,531699864.41154706
2022-07-27,688039,66.46127453583428,68.99847620620629,66.08659877323525,67.10855178836314,3787628,365259873.3300081
2022-07-28,688039,66.43794820033781,68.59029671563496,65.91187773161438,66.94857894239308,5450014,385562626.36697656
2022-07-29,688039,65.6227460677263,66.43357964335037,64.4618454383006,65.38646127543554,8680526,711775291.6320467
2022-08-01,688039,65.18157428254253,65.95311952234539,65.06563773781575,65.82012162419224,1939257,157503101.93115577
2022-08-02,688039,65.99620475600311,67.75755750060577,64.90480108693814,66.6305106583106,8826489,787911067.119316
2022-08-03,688039,66.22011937561348,68.35747064008335,66.09102941989991,66.39373636132729,4512247,421887617.30393887
2022-08-04,688039,67.82658949409965,67.80935719976542,66.39761097927347,67.68887524748659,7476944,737158053.9191456
2022-08-05,688039,67.40673224951577,69.49662773912917,67.5033719515639,67.76673736154194,1040019,71423473.6069382
2022-08-08,688039,69.0053324618671,69.57863747871319,66.79599770946776,68.79316156131374,3631841,325305474.60174483
2022-08-09,688039,71.40532604611724,73.58590628220416,70.08865910470149,71.76940722065018,4917965,441950887.21914184
2022-08-10,688039,72.78929472948774,74.2659585035282,70.42863894437556,72.33803534671304,1106010,82030485.31871463
2022-08-11,688039,70.41286850140546,72.42124528766766,70.09728512426179,70.48994709806723,7621658,670209697.7258403
2022-08-12,688039,71.99631018093513,73.07690435355777,71.369242232111,72.17299950329073,1066849,85993562.8229846
2022-08-15,688039,71.79248205516863,73.44197215230336,70.6718515251166,71.74029790241377,6249333,481845250.96352214
2022-08-16,688039,72.71991713905085,72.86218878069226,71.83809398734563,72.11028589387183,6611658,517015308.4032556
2022-08-17,688039,74.88087076011261,76.38630497557068,72.21683492854204,74.32539567233506,6773264,536869182.427913
2022-08-18,688039,75.50380370400816,76.33554752819204,72.61302624016679,74.765117000173,7423898,598608425.3931183
2022-08-19,688039,75.6059265661914,76.81753914174354,74.71106444314267,75.24933548354093,1163220,116374143.2549091
2022-08-22,688039,77.02099621173193,76.96230037153552,75.48430942919518,76.29630898132454,4287974,362601291.93659496
2022-08-23,688039,78.86701317674186,79.4310542676191,79.09845700355888,79.33016623286989,4027474,443139185.97986573
2022-08-24,688039,80.99229083547952,82.81713146875424,79.74112980445562,81.0473198124071,4656215,536132853.8163823
2022-08-25,688039,84.32737952588614,84.230170094393,83.36206516132823,83.52989562477009,1330116,115879812.99730808
2022-08-26,688039,82.20176617223629,83.19083961315486,81.90313139219,82.2449026358354,9639020,1146395185.0907176
2022-08-29,688039,82.57203263203635,84.99137690839193,80.8830962990589,83.27242528909618,6727214,731210860.2615803
2022-08-30,688039,82.4463998750018,82.48075991503579,80.68226303607663,82.39376183146565,3187802,292550978.63137555
2022-08-31,688039,81.28622110844039,81.71886532694677,80.2544277418742,80.80275850106842,6962713,627113855.0515794
2022-09-01,688039,79.93826230314797,82.42135186101108,78.86245869992541,80.13550773124085,8671495,906356084.9949584
2022-09-02,688039,79.81110989495221,81.27623186344358,79.40702632063069,80.5807369491685,9608873,1026950295.8465981
2022-09-05,688039,79.61379949067714,80.35943071802997,78.47128385712398,79.76564560209306,6038447,653584902.5678989
2022-09-06,688039,79.42171324374999,80.728211971761,79.71690843933389,80.13096164103061,8073442,687500634.8839768
2022-09-07,688039,82.0337044154952,81.89246924958496,81.08949849811236,81.58931738014107,1693965,146263643.66100547
2022-09-08,688039,79.11022054957833,80.62769417026294,77.01894031373865,78.7807257171138,9473448,771813533.0461307
2022-09-09,688039,79.58018924932165,81.73817649695597,78.7777288762849,79.71272002372325,4245268,424496928.5775529
2022-09-12,688039,82.39788229169814,83.76400917064487,82.43477950186566,82.56333416037845,3737215,356250504.7068724
2022-09-13,688039,83.47665402226755,84.94370845597503,82.18377875679981,83.99963434859167,5558956,571971914.3905452
2022-09-14,688039,83.34056715444557,84.69127385394745,82.23011430248772,83.98854323334488,5700660,635783170.9580375
2022-09-15,688039,83.41197583094423,83.69717893695838,82.29621441197163,83.28227303355587,2398001,266704517.66199633
2022-09-16,688039,85.18058506906628,85.709816974803,82.7232600672752,85.25057369319168,8105319,959396614.2345937
2022-09-19,688039,84.6881753169739,85.39597980758758,83.09326144904537,84.36170262779392,8927364,1058617507.071555
2022-09-20,688039,86.49667821945724,88.9147253021196,85.43549459644733,86.50498200201142,4200216,519603438.4064747
2022-09-21,688039,87.90751419862369,88.00107641985848,87.56899407937817,87.93545579144882,7627709,741599069.1290207
2022-09-22,688039,87.28913424767899,86.98867267222863,83.96985154459048,86.46863566785458,3258838,322393789.82594323
2022-09-23,688039,87.9052328383068,89.46292369318664,88.3129308740684,88.50634849614134,8541053,869538341.4111085
2022-09-26,688039,88.17445970102239,90.9205265525111,86.18430486172501,88.30569218134646,5642390,721690527.2305331
2022-09-27,688039,89.28248519388188,90.06802566039914,88.11078662538874,89.18412450282172,1193557,124851902.72168377
2022-09-28,688039,88.18138104027464,88.89540697792869,88.02653024565916,88.71680978071788,3038984,330306223.9503156
2022-09-29,688039,89.35049106038834,91.00874196099342,88.0886040536708,90.16958564710774,4295715,450761353.8583049
2022-09-30,688039,91.55794560997434,91.7268589363286,88.57873861583863,91.20941593354922,5629848,748986765.8546451
2022-10-03,688039,90.61028404394361,92.17400228167038,88.75910700318775,90.3060866253091,1201158,109790331.3335784
2022-10-04,688039,89.9631153754333,91.49397200732311,89.10573925506544,90.84936896195916,3018097,282176231.4723501
2022-10-05,688039,92.12996768688035,94.48400902683159,89.439806962191,91.95235243916366,5857474,723939202.9099203
2022-10-06,688039,89.78885479028939,93.21489703409502,89.33953936871224,90.69493826913335,6314643,712165142.1032343
2022-10-07,688039,89.59772931227945,89.30997738693941,88.96682040483844,88.97670682971041,1776236,222179285.9604491
2022-10-10,688039,90.06134526467704,89.45170319344219,87.3128555510901,89.17757289328425,6053625,699944146.1936345
2022-10-11,688039,90.22149393257784,92.06323010631851,88.3080635197801,90.23564188737048,9067176,1168751317.0823312
2022-10-12,688039,90.5059101691656,94.11855041525152,89.83880689339904,91.38215899621144,8871017,886935957.1503699
2022-10-13,688039,91.38388323306219,92.69518937860121,89.07417705452032,91.24946435303374,7925930,1012440091.8327781
2022-10-14,688039,92.22269847044991,95.04346729419225,90.47472601692193,92.87935804972918,2179573,231007101.28632835
2022-10-17,688039,92.58864895875303,93.91792158466146,90.52798794289278,92.05380064729026,5208896,483605360.50551087
2022-10-18,688039,92.18092426336723,94.14682759657614,90.14209330259943,92.07236041264392,1436464,164319520.05504757
2022-10-19,688039,91.71463249997049,93.75707001354064,89.37234994891712,91.63546153868084,8870276,1201228329.247477
2022-10-20,688039,91.37137735950097,93.0014322013909,89.69773783577082,90.80409783926078,3460329,331186591.7297482
2022-10-21,688039,89.21999011643756,89.99123647803441,87.42853265156307,88.4738198214167,7104969,728391465.9511074
2022-10-24,688039,89.09871013952659,92.04890630273184,88.11615075326168,89.76892496277202,8612059,775829085.0346447
2022-10-25,688039,92.25664222063254,93.23462760061366,92.00288228063114,92.58950420580493,1191240,161998243.46993738
2022-10-26,688039,91.53102567328027,91.41790289068187,90.58451687918529,91.25197020247687,4730781,578406693.5789763
2022-10-27,688039,92.38711898242535,93.7102354000526,89.40355193488001,91.5795794729074,7105480,690682607.955159
2022-10-28,688039,91.85681605823771,92.3880182206487,89.1239601651516,91.22376791912049,3954086,402000305.1966353
2022-10-31,688039,90.1259764143737,92.01889748306452,88.07939544559602,90.49563138909129,8186959,826754203.3319323
2022-11-01,688039,91.41435869608323,93.55099929237555,89.9882042189503,91.16683217218635,7895009,867259043.2476459
2022-11-02,688039,90.37478984490981,90.23690636527336,87.01288931820883,89.60629940742696,4244804,437313745.76207185
2022-11-03,688039,88.0209127913207,91.41756983227688,88.8024244334024,88.84504605862355,7346951,708060965.8460749
2022-11-04,688039,89.49374747347971,91.51879077282521,87.05980253407313,89.33944320865558,6995314,827536034.0296026
2022-11-07,688039,87.94894998140477,88.71483670031313,86.14731247049457,87.78543971425587,9936044,1225867857.199199
2022-11-08,688039,88.23017282498719,90.26115654206961,87.45285533404768,88.77058747178275,1889047,189446064.38016513
2022-11-09,688039,86.6695306358351,87.81736819714558,85.56922076024267,86.6346492311467,8289489,857551778.0890325
2022-11-10,688039,88.44734599525539,90.02955854615348,87.01614535728703,87.92425706050736,2055785,197290330.6466557
2022-11-11,688039,88.15575682898205,90.85625609411005,86.98298168205869,88.86500527465022,3180003,291525367.5116758
2022-11-14,688039,88.26005510265887,88.670408848126,88.11828126017608,88.2118307788981,7426969,922016854.5007466
2022-11-15,688039,87.39779399233146,87.94707202747747,86.40187425051994,86.83546284970804,5026828,529894096.9349014
2022-11-16,688039,83.96255220972397,86.77515354483259,83.9467352717818,84.63028438312053,6306280,657902401.6131419
2022-11-17,688039,80.91036981760804,82.35929512459332,80.61706592113121,81.65862275886462,8372701,705811053.4981308
2022-11-18,688039,78.81359084214755,80.66853869272141,77.6493477536414,78.43878512921806,2665860,222218837.5639849
2022-11-21,688039,78.58669315147927,81.17869500860083,77.10938879116944,78.86434508033153,3810466,313272405.1362525
2022-11-22,688039,77.93766212710169,79.57670716267468,76.11261559065736,77.72246922526591,6552667,657899891.7489754
2022-11-23,688039,77.40736422338883,78.87347013580558,75.72403892584383,76.7323535769892,9708067,938237378.6324589
2022-11-24,688039,78.34482621436632,79.46574259618538,75.89612666628932,77.70905349118762,4737489,416275429.10579646
2022-11-25,688039,78.18707984058753,78.30346544762001,76.59856126476232,78.19876096841611,9012909,999343572.4296933
2022-11-28,688039,78.73980950848328,80.30140954078497,77.7650316025024,79.23744805082605,1204314,116358013.66345829
2022-11-29,688039,77.23338736233924,79.14677264802614,75.27178419645651,77.51145052022095,6801731,568375212.83448
2022-11-30,688039,77.60165379681418,78.23151089785334,75.25261738359701,76.86474611136231,5492168,594384017.2275988
2022-12-01,688039,78.8951199354948,79.43986732802986,78.08566954308705,78.23132816667048,5661735,538967594.8412114
2022-12-02,688039,79.31589029011984,80.22964726273563,77.51510915100195,79.19713313480351,9141699,981795401.6119124
2022-12-05,688039,77.08004257199401,79.17477822597003,76.75985402090294,77.27292000825227,5628099,532419712.49478084
2022-12-06,688039,80.25975221607435,80.02853115897352,79.22249801243387,79.68947005753041,7978447,764625760.6890689
2022-12-07,688039,78.80340995598095,80.71359734149627,77.06106232968881,79.05110014315883,1298847,107220141.4234917
2022-12-08,688039,78.22873252003325,78.8508809686936,77.41048424668656,78.79478316752825,4454321,523711044.92388326
2022-12-09,688039,76.9103392096979,79.3133107620413,74.94070530986384,77.09597400171317,5723008,652798772.1851547
2022-12-12,688039,76.24729217004092,76.18657680606269,75.69420175014729,75.78092680964858,6497360,617733250.6431286
2022-12-13,688039,73.94421793343331,74.82906255981548,72.4491399311994,74.17846970176062,7024034,526482852.49598354
2022-12-14,688039,76.325583296245,76.15122496782796,73.76955442963789,75.85843243400953,7452776,840122073.0945138
2022-12-15,688039,73.27068812449788,73.82412077282063,73.31674112599785,73.56186695690056,5351128,397840537.7963695
2022-12-16,688039,73.04969467909288,73.89341334509315,70.87181843927495,72.98403990561357,6211963,628446161.5491381
2022-12-19,688039,73.04992256002662,74.5179399509054,72.25733533865207,72.56609713775813,2030900,171735498.9591387
2022-12-20,688039,70.83240933596652,72.23733281529493,70.42710622370782,71.15039250259866,4214998,387343331.0801098
2022-12-21,688039,69.72610472826794,70.77763788120096,68.30164853757225,69.33016910681587,2999525,219809102.3472718
2022-12-22,688039,68.62236975338762,70.2321153231121,68.46266207576647,69.07347789559964,4810860,494861157.9517302
2022-12-23,688039,68.63244939687088,69.48844253548118,66.8100648724673,68.239521673002,6205890,468834833.3791342
2022-12-26,688039,68.99129438095635,70.15937746247843,68.1486322988278,69.25267727730576,6666446,643530652.8757331
2022-12-27,688039,68.08906594603845,69.60153746960887,67.58936948122324,68.49047711598575,5762551,501443493.7233811
2022-12-28,688039,69.65108237032047,69.63602116177455,68.5961764757405,69.44840034978714,7393622,667723926.5002007
2022-12-29,688039,71.5371667388749,71.88736277225665,71.65702459969347,71.69842457098389,9348073,690954116.6883343
2022-12-30,688039,73.07871197197451,72.8027940173442,70.65309436568673,72.50296667968797,8465927,759500997.6710536
2023-01-02,688039,72.8158918166721,74.05648576950082,71.25151979933095,72.75035924826834,1959792,190954206.0450172
2023-01-03,688039,70.61130230452207,70.79842058774919,68.80528176365249,70.62279800779922,6184187,499828901.2683266
2023-01-04,688039,70.46431519049754,70.61857379116687,69.05256247551945,70.55792396968141,9180717,666046516.3408266
2023-01-05,688039,70.30055635418222,70.61907839745537,69.23961851292403,70.42168183756097,8377133,829239854.0366409
2023-01-06,688039,69.84278702983397,71.9813882315118,68.38201676755845,70.12016028242408,2470051,176775598.21214342
2023-01-09,688039,68.45459451157775,69.67160634659014,67.83209511177778,68.70945507382025,1368975,124919590.69694862
2023-01-10,688039,69.28909184034454,71.22864966593721,69.69532047209806,69.71443814100985,2825162,218226059.44755524
2023-01-11,688039,68.92703718483996,69.30766498172196,68.47444776504058,68.54888111416034,9425304,850487013.2677429
2023-01-12,688039,69.06543463038027,70.51693126557379,69.17871453817786,69.73311794000445,5963348,437621857.4168219
2023-01-13,688039,72.23149842316984,73.51667250554003,69.93049387586396,71.91133214451435,4929699,447806868.68671596
2023-01-16,688039,72.55654082631642,73.55987333193563,71.35636856466041,71.8506214569598,4406612,415790639.80658036
2023-01-17,688039,70.27506368678786,72.31606008124328,70.33356776713916,70.84707903284325,7631588,708722897.0578439
2023-01-18,688039,71.09510047115533,72.50578057265366,70.65019332335731,71.03842656260949,2655029,196198136.3395198
2023-01-19,688039,72.58244662051138,72.94545692107951,71.4113183891903,72.1554765125616,7446809,562581834.2327943
2023-01-20,688039,73.30028430397367,73.42780056730878,72.22471256004508,73.37197078504347,6548278,621720476.4639728
2023-01-23,688039,72.34569087866286,72.49641542416879,71.28772016293921,72.3913656537056,3251042,307971015.92847174
2023-01-24,688039,71.15782416363378,71.3475124604844,70.73736796918323,70.9267553951857,7038746,617874625.0063972
2023-01-25,688039,71.67459074386123,72.93449140415103,70.54246990486644,71.28812199681559,8100066,837223887.2090863
2023-01-26,688039,72.14327771885706,72.64527001800919,71.5365688755181,72.60878153182978,6333217,512045044.6689126
2023-01-27,688039,74.28474660084532,76.36030071092378,72.83000304294737,74.64673923474008,2201688,214394689.87166145
2023-01-30,688039,75.50892049595758,77.87131949947417,75.64067168354204,75.97302420067972,3426762,338422710.6804739
2023-01-31,688039,74.36254110435824,75.29988987366065,71.92573151924282,73.89584071074302,6862205,738239233.0168493
2023-02-01,688039,74.6327984151262,74.9395013806155,73.51629895469502,74.43992425836299,4035855,382088608.2697538
2023-02-02,688039,73.2833079143229,74.83462141711325,72.10197560315957,73.81135035390302,1700743,143560946.84724334
2023-02-03,688039,73.5147949038335,75.29097689327,73.44268966718381,73.58817083172914,7807297,737118478.3027341
2023-02-06,688039,72.91770655950002,75.33039712391532,71.38483602369334,73.57473621830897,7647992,747554013.4588829
2023-02-07,688039,75.48995938516221,75.7632653173215,73.82857953260255,75.46477065307198,7908181,688864983.7018355
2023-02-08,688039,76.86440036194247,79.21762117522029,76.54967047908521,77.29225005870414,5382507,598090103.2960985
2023-02-09,688039,77.87108651557149,78.7546690685287,76.8360260451324,77.2701338828842,5873971,658828156.7750009
2023-02-10,688039,77.12682537424443,79.95531565415673,75.69169931756193,77.7328239971117,7718741,682916660.3084501
2023-02-13,688039,80.86495832764338,83.0282146020317,81.01995783706761,81.39284271393792,6363709,596945376.9940482
2023-02-14,688039,80.26974938496573,82.12521419219532,79.53492326654504,79.88204835550356,4620838,392282901.5560207
2023-02-15,688039,80.26976882637001,81.42815693110727,79.223304428321,80.46770639085489,3318430,313476979.3250572
2023-02-16,688039,78.99063781684029,79.87186196029546,78.68123810051637,79.09331403907719,9356076,837608788.4148021
2023-02-17,688039,79.89688429612379,80.50053737309298,77.7555652116904,80.09550838751518,7641199,894281085.9368336
2023-02-20,688039,80.34706282346703,81.71150414965432,80.19693488744167,80.78164822793929,6264549,640281905.5545129
2023-02-21,688039,79.74339663919608,80.84166675163452,78.46901670959262,80.3678951222695,3779918,320094052.2622438
2023-02-22,688039,81.48623989973706,81.75718205268788,78.70625423971279,80.76836705325782,2347401,223735454.0034348
2023-02-23,688039,82.24168238472207,84.22836152005627,79.83073648394401,81.82730648742563,1502062,153042867.78865337
2023-02-24,688039,81.05853119602075,81.14757225146136,80.04406016985878,80.66405687289091,4697881,528211498.1405137
2023-02-27,688039,79.83110307869013,80.41456437497658,77.79919471862038,79.85918995465235,7358303,774743698.2173439
2023-02-28,688039,81.84804554433663,83.701173430991,81.0311809649225,81.53445934489623,4737062,571197243.9302354
2023-03-01,688039,84.86870879050784,85.28492772789919,83.3019969292986,84.06691501299605,7255900,769820248.8038172
2023-03-02,688039,85.3436638212263,87.92546187242239,85.5688996672928,85.58435660893994,1547049,185864561.858075
2023-03-03,688039,85.0089835003654,85.83970365740377,83.85586128857007,85.25788940900178,9365134,1010389944.6913893
2023-03-06,688039,84.84290187339751,84.57213468121027,82.39147335830074,84.51867825143587,1225798,153145024.51447698
2023-03-07,688039,85.38369422915589,85.26646449675383,82.42042764539437,84.58485008861123,7042631,705086707.9315081
2023-03-08,688039,86.20244334103707,87.57964752154487,85.42966933837812,85.45965776772584,3220227,280730955.8595875
2023-03-09,688039,86.84768556264746,88.66815884510787,86.27002364080646,87.1587965651622,2965048,310585420.24609005
2023-03-10,688039,87.74092363719166,89.62273280678185,85.34708741599007,87.24604594945448,1123826,116151393.39200447
2023-03-13,688039,87.24559019930383,88.55413712359174,86.23015911089936,87.08041998520017,9643843,1184789937.9786954
2023-03-14,688039,84.73983339087651,87.1354585504286,84.9199375194709,85.43849490923729,1671327,195832338.83852345
2023-03-15,688039,85.19735364476477,87.83768628535904,83.53955855648579,85.47610519923833,8122775,922092554.5735343
2023-03-16,688039,85.63551495906074,88.33522193393588,84.83047713281316,86.2826840543891,1443935,130032006.1289734
2023-03-17,688039,85.69355793952175,88.21368454434518,83.22050607231535,85.6533854797943,6561439,745799393.7017599
2023-03-20,688039,84.75344601835076,85.28879698542366,82.54596738396661,84.99935602278619,9538831,1090014126.1726892
2023-03-21,688039,83.63004554574042,82.88610524998724,81.49450319300956,82.80903666668179,1820868,161756516.8738838
2023-03-22,688039,80.41060144418171,81.97312431902455,79.76390168265833,80.61591464596523,4809715,578887513.3662921
2023-03-23,688039,79.98776743526113,81.60618047552943,79.1100761658591,79.95991110956233,1371827,145654719.5284252
2023-03-24,688039,79.92969585490484,82.29463519806777,78.37667242806668,80.48835649142603,6785042,758037759.9603955
2023-03-27,688039,82.64272674309208,83.67181894887156,81.22147100591685,82.0769795275441,1910394,220600574.26882505
2023-03-28,688039,82.4704596547803,83.80679541847687,81.01174664992821,83.04256775480546,8030633,887968454.694753
2023-03-29,688039,83.40389045461285,84.85979357185724,81.7578351771051,82.85832828883608,3553256,406642602.40432185
2023-03-30,688039,82.19707299321519,82.82551367437924,81.29352942830214,82.71477660291448,5577841,519560461.09408
2023-03-31,688039,81.3821636613638,81.51940373224697,80.23075924672465,81.49490308867854,8171141,888474529.8638644
2023-04-03,688039,83.03331596508336,84.53346797393148,80.82253600846906,83.07975114692947,9643173,979352521.5241627
2023-04-04,688039,81.20483806400394,82.34136692454432,79.00607937004386,81.20116120395859,8466490,866481791.93114
2023-04-05,688039,80.09034784285147,80.94529408317774,79.94458439301062,80.49392861161948,2133528,230611778.68257234
2023-04-06,688039,82.30232459170858,84.2745554094358,80.5997407385991,83.08730911429267,1360170,147246165.03943735
2023-04-07,688039,81.40236030116883,81.7134994557188,80.6223942042502,80.93404185322879,4906679,543087547.8239633
2023-04-10,688039,83.57318981973754,83.17002200499459,81.44262506386288,82.9808207268033,4902121,450476755.3874268
2023-04-11,688039,83.74145569295231,85.57000649331908,82.70118382207733,83.30933790090648,6893983,687323733.5757459
2023-04-12,688039,83.02482858808827,85.52519726368674,81.4649263628926,83.68763720477038,4022453,467179611.1454412
2023-04-13,688039,81.53994269079185,84.10308872878839,82.09522733148327,82.34399111541879,1664532,191205619.18297482
2023-04-14,688039,81.63204278780312,81.75532092174669,78.64763870947449,80.8744803993363,5128422,444402720.3718211
2023-04-17,688039,80.18937243319311,81.90811421631827,77.75670315800568,80.00323980983048,3620123,371859517.1519709
2023-04-18,688039,80.45251978133487,82.26997217245523,80.65148570153885,80.66307395229835,3306716,387504325.51366466
2023-04-19,688039,79.46165992786933,80.72893974462659,77.87030743540677,78.95658820269577,9183842,919765228.0265316
2023-04-20,688039,79.10376071875524,80.42225971029396,78.39680850963659,79.6902053857598,5386268,612597403.9847153
2023-04-21,688039,78.41166859372792,79.60428908732047,77.6505927178189,78.99524666961754,4191500,432521945.2716384
2023-04-24,688039,77.56232787779322,77.89569309640065,76.77931824731462,77.8899732309218,7427237,780399299.089341
2023-04-25,688039,78.64064897549771,78.46186244992703,76.10742970270864,77.94215062466203,9646318,940560133.7235713
2023-04-26,688039,77.07900891470806,78.30034674999993,76.87437557872568,77.47892942368436,6363285,611539944.2440033
2023-04-27,688039,79.05252856987025,79.68784336413508,77.98372644283576,79.25630097283218,6099306,510700381.7733819
2023-04-28,688039,79.24916842986667,80.30571990205527,77.0340138960966,79.19461667198748,7709665,896318114.8098806
2023-05-01,688039,80.77371369122953,80.78806002823666,78.51034296451279,80.39558822493794,8146652,722734010.7627932
2023-05-02,688039,80.43529004635408,80.93141163043849,78.9514245134759,79.80807584530066,3262849,314649161.20527196
2023-05-03,688039,81.5845562799259,82.33670779556523,80.42997410289216,82.31483143217402,3080374,320528095.47740525
2023-05-04,688039,81.99075554365824,83.50143024041625,79.76397964865569,81.65901338527065,3888796,318675329.12957686
2023-05-05,688039,83.22772104946856,85.5983430991395,81.14094635241756,83.52560706228138,5254944,467209159.18004197
2023-05-08,688039,81.87724862205836,82.2929395805866,79.7941738903734,81.40851088120914,2755710,296787679.77917796
2023-05-09,688039,80.1126826562256,82.60193500804033,78.75594999756848,80.91894185844815,9463808,878422806.4126335
2023-05-10,688039,80.42866324486488,82.17590158820128,79.59370539903233,80.98897129355468,3536524,358040657.6834707
2023-05-11,688039,80.94152612789912,82.27714207180703,79.07005933390403,81.0328809154764,3170459,382587420.1354396
2023-05-12,688039,80.99357950914626,82.10061767228832,80.00210138163972,81.0395810658637,3978675,367830159.3525802
2023-05-15,688039,81.80369656599403,83.97875187272184,82.36198372261691,82.54814508922586,8018687,831736693.441563
2023-05-16,688039,82.46153141329056,84.23208837356802,80.17160940382408,82.18927263428351,5905129,636798995.0353979
2023-05-17,688039,82.20342896428431,84.56278929118058,82.28573540316883,82.45004052137512,5898309,694943446.1982001
2023-05-18,688039,84.17564585048399,86.27793530530656,82.32590805507108,84.43795806394449,9757420,1201809550.3618016
2023-05-19,688039,84.38473396371678,85.67964320821123,83.19061387074079,84.25999522827509,9900098,1189113473.196737
2023-05-22,688039,86.10742998834469,85.68651189470393,84.3732519181338,85.34262224889478,1435025,172669658.76567966
2023-05-23,688039,81.27603850581463,83.78354882878793,80.10940492471143,81.65916341847445,5786777,667852281.9111809
2023-05-24,688039,81.52328351520254,81.19281361736867,79.15028413313615,80.98503019521922,9842320,1010520130.8965646
2023-05-25,688039,83.43216269779893,84.39519664764964,82.08865042223994,82.88645275326797,8370601,753412314.6266563
2023-05-26,688039,83.77688809576155,84.19256986458868,81.9823393067451,83.83587217845268,7637843,678362518.2127724
2023-05-29,688039,84.28626612841758,85.99581082077172,84.65328654042598,84.97347404864007,1280315,139169035.95789
2023-05-30,688039,87.58694591288022,88.16559746146447,84.87680995980035,86.72763352888394,4510748,446778525.8489641
2023-05-31,688039,87.25604132866528,88.34005461878237,87.50253058777247,87.95730848118863,2517753,293414750.86423063
2023-06-01,688039,88.17905631060403,89.32318282073703,86.38798974962364,87.73844853092197,1777162,230505721.34993446
2023-06-02,688039,89.49203144813417,91.00288056736717,88.53629936002848,89.33170493808154,8436651,839748752.6449448
2023-06-05,688039,88.91899505098496,91.5662150353575,87.87365389767055,89.44303034838246,5365903,497164611.2571294
2023-06-06,688039,90.76194264935187,92.79938283641404,89.27081555984253,90.69633081727805,7827477,713829244.9472805
2023-06-07,688039,90.83113656852363,90.79213681077576,90.31176075516929,90.57687949540102,1912014,250910274.04886544
2023-06-08,688039,89.92544630225974,90.83735904723338,89.96689655406448,90.04611162854972,7148918,791821845.5537673
2023-06-09,688039,90.81899329845041,91.2395064738543,89.44546593869822,90.79425547469836,3948162,483746720.62089473
2023-06-12,688039,92.72056412860894,93.94353964420606,91.53843428161431,92.69984873263017,6689430,849749224.9108713
2023-06-13,688039,95.65689237262546,97.91442541053286,93.99032377779143,96.17933553250185,4469970,607063821.715717
2023-06-14,688039,96.75939150519886,98.34986280940713,94.49452713612241,96.10858911470314,1632603,201423814.97089493
2023-06-15,688039,92.44204345877453,95.01623220664904,92.57527205357677,92.96051566016172,5790322,784032270.0401465
2023-06-16,688039,90.4102030304803,91.02187736067688,89.75730936015452,90.11561580063132,6232763,708224500.2660635
2023-06-19,688039,89.0074088519804,92.01859405433188,87.92110857052363,89.3839857285873,5717580,577269155.086191
2023-06-20,688039,91.39986425882921,90.74817426014914,88.66475298101635,90.5925398609824,2140526,282823358.2080209
2023-06-21,688039,92.7076353936335,95.07031832038619,92.53056097220106,92.76080997557882,8213202,947633855.5955613
2023-06-22,688039,94.11461043770439,95.28818054863396,94.05097248900793,94.70790025439364,7241566,813382060.757778
2023-06-23,688039,93.16168365736526,95.34213608015594,92.97327624961814,93.2539915065452,3128604,399661686.0427686
2023-06-26,688039,94.14045949710433,94.43818750018414,92.52337245141116,93.28089373207985,6128361,832314469.4723679
2023-06-27,688039,95.54358757935526,98.06514052367169,94.17608229553905,95.8683760062757,2765698,278445400.19507706
2023-06-28,688039,98.12207603373469,98.14703216363141,94.8317814435639,97.40385259770872,3506645,347796163.2884014
2023-06-29,688039,93.96340954732162,94.8789899032184,91.99308687587362,94.69274892493478,1071301,130468358.46602345
2023-06-30,688039,95.11948550311254,94.93497358943848,93.13848432319641,94.22374466070347,6200585,647665174.5058097
2023-07-03,688039,92.56170800773275,94.52597394129845,92.09189918859481,93.41001192575473,7234438,847961190.2768428
2023-07-04,688039,95.25354882971355,95.19508676571881,93.64432436510337,95.11497356350716,3159479,322059541.01306874
2023-07-05,688039,94.94468290998144,95.49109494074256,94.06627748875685,95.2366141206866,3374382,476658412.2402168
2023-07-06,688039,93.0745110928449,94.2570181824091,90.8697283999271,93.4918370291822,7493614,788920889.4790927
2023-07-07,688039,93.20577452623239,94.88227983778056,93.01625925777758,94.03167337914681,5610116,755696680.2989291
2023-07-10,688039,93.37574104225777,95.00806180951763,92.69683226114665,94.02304724756594,3546372,403269539.52740395
2023-07-11,688039,92.81953118613575,94.37543053614816,90.5362831830957,92.57593535740814,1144519,142736692.70680407
2023-07-12,688039,90.66376606424382,92.83718119720542,90.09952585921236,91.55048337894122,2671215,365816881.1250327
2023-07-13,688039,91.80929040202882,93.23621406556843,90.9103285867819,90.95558654676731,4869327,546040650.7750046
2023-07-14,688039,88.53794003608037,91.01790877931984,88.7261085599624,89.25703036458711,2074336,253772174.95250738
2023-07-17,688039,90.42492576739579,93.61945623805966,89.21216575208783,91.21075603367817,4482843,470876535.6077966
2023-07-18,688039,91.81495382225314,93.61982338490354,89.67512220929675,91.4068781531587,2684523,259032574.7481211
2023-07-19,688039,91.1800630185896,91.44163650874383,88.11318000761727,90.30649049089482,3016747,367823394.1062407
2023-07-20,688039,92.12131270047048,93.30010726019104,90.03349559002162,92.03474088560186,8555218,885807017.04641
2023-07-21,688039,91.92026288982899,93.04809571490965,89.7567505315601,91.59682936018828,9826803,1048457079.7678752
2023-07-24,688039,94.52899091949364,95.15223300971788,92.19275354699681,93.97996635600873,2447001,307741080.1502755
2023-07-25,688039,90.81895815565387,94.02351662536985,89.99799809157366,91.43711238546544,2738598,250451396.01945403
2023-07-26,688039,92.29099003493329,94.28287085135773,92.33696985818501,92.45531622153703,3455598,471867175.6543933
2023-07-27,688039,89.81777663093513,92.1646317135677,87.487471046614,90.04061221796266,5903013,730241444.3191682
2023-07-28,688039,90.39764381681074,91.07013508838577,89.82936888280234,90.28175167497797,7379944,812096509.2578157
2023-07-31,688039,89.94791308254472,90.80010024488921,87.89190948109547,89.9226794178548,7191360,670462954.8156295
2023-08-01,688039,89.83125700065322,92.65381239572356,88.47127207910165,90.55148375976623,3501104,352866682.56999266
2023-08-02,688039,87.97152562951982,88.66372655492926,87.87700237859896,88.53943420882705,5488284,522340923.85375804
2023-08-03,688039,87.26003204935972,88.02575071025763,85.95128657793605,87.8718420071146,3967487,355489839.6352311
2023-08-04,688039,88.12109737480765,89.35355175736916,87.99557431547878,88.17032002112039,4199753,442144487.60515857
2023-08-07,688039,87.12357152087633,89.74637103367999,85.3682271423324,87.84528992749725,8654083,1097003192.4315693
2023-08-08,688039,89.12722879147009,90.01964526332348,86.59753792457026,88.82158916105068,8278014,916792500.9984697
2023-08-09,688039,88.19441387135208,90.8350242535434,86.15674393649512,88.28169347079576,6596752,630020902.8133445
2023-08-10,688039,85.64538181766095,87.0347482341619,83.18636593725405,85.58989912059295,5057513,515271694.5667598
2023-08-11,688039,84.80157060301438,86.12960317851162,83.1899308915022,85.42546814280419,1148031,106112230.21982038
2023-08-14,688039,86.03983650894045,86.64297725970022,84.96215201921672,85.78693067138286,1749185,203048592.03862783
2023-08-15,688039,85.32720791429803,88.26676201603735,83.99001539298725,85.9050136486977,3067422,289006849.546533
2023-08-16,688039,83.14053515101045,83.8975709577324,81.46793451902033,83.23113318880283,5572710,642083049.6887343
2023-08-17,688039,80.96652575289038,82.44603088153663,79.43043256976912,81.5013959419871,1031124,117063159.53914444
2023-08-18,688039,84.2443204204674,85.57937632182468,81.42242883975658,83.47812603500071,1990815,233342820.74779773
2023-08-21,688039,84.3718309850949,86.82222410608527,84.18306141107635,85.1885179917838,3628748,330084809.2308178
2023-08-22,688039,84.48196237430707,85.91967853534832,82.74912100284865,83.94027542650724,4192119,517900782.7094095
2023-08-23,688039,83.4987607716345,84.66791356880579,81.94513043136855,83.30048095269603,6826704,650022795.0107132
2023-08-24,688039,80.18789456269903,80.84589922367438,79.55439488639914,80.4039975623676,6367615,544899228.6475769
2023-08-25,688039,79.63925406288548,81.76230244609711,79.00189688506411,79.59684021852557,9734573,1052521751.0771735
2023-08-28,688039,80.11661380185268,80.07775712157184,78.1143226883241,80.07558272597886,6461319,603557545.745256
2023-08-29,688039,81.04858202820917,83.44904808154311,79.58317078699287,81.35606796070094,7862841,671508845.2028667
2023-08-30,688039,82.71085202094217,83.68217649390664,81.72298857214383,82.50664581630195,8740960,769242575.3573428
2023-08-31,688039,80.18277061489259,81.75822246101511,78.79185767096055,80.15592298010792,7160711,832365867.6769037
2023-09-01,688039,80.10116741002406,82.80111258043164,78.91894373221017,80.86891930707716,9733058,1122946241.613781
2023-09-04,688039,79.54265641433183,81.88843513045151,78.93013020311902,79.72024641517268,1419535,118170797.7047678
2023-09-05,688039,83.28952064181412,83.44639187226402,81.83229639243194,82.5842399475401,5902046,555539047.1406604
2023-09-06,688039,81.06718688042194,81.86943215897364,80.33739374198845,80.93609735622161,4654421,520342582.9286416
2023-09-07,688039,80.36366554834075,82.71000893282549,79.96453236938827,80.38376393840382,1399861,168513923.50263187
2023-09-08,688039,77.26681109698934,78.20583372196675,77.22236655793846,77.4140118910395,8033486,690945434.7176572
2023-09-11,688039,74.83407634302809,76.20514794833694,73.72283217942999,75.06580755210489,1430577,121671666.76955473
2023-09-12,688039,72.69104417599242,74.73578749996352,71.5677803299948,73.26667435682785,7887702,762805244.4431801
2023-09-13,688039,73.30137072649242,72.9960912130364,72.15290860753939,72.59329612399463,1963133,184373017.83564717
2023-09-14,688039,71.94605677241825,73.1030760809591,71.31998826809203,72.61941592163208,8235669,893471823.4824433
2023-09-15,688039,73.2363788842206,75.18106673196127,72.53580837673924,73.11857526961279,6614547,639809014.4146525
2023-09-18,688039,71.15991719293869,71.54125023542201,69.33408328112438,70.75823491429077,5027784,416398577.9040177
2023-09-19,688039,69.5958639164754,69.99411696456777,67.81290142007819,69.33148374504378,5461049,491409554.3972657
2023-09-20,688039,71.68834719086335,71.92332871218179,70.29923907375166,71.70471721795981,5552859,561991242.7477828
2023-09-21,688039,71.90195243228602,71.77534546648945,69.88390791272367,71.58091768047325,7247620,632161564.5921575
2023-09-22,688039,74.432301339306,74.97601038861858,73.78848540300163,74.7147694308855,6305368,668082218.0034596
2023-09-25,688039,77.0492285961278,77.76452873324749,74.94210758407475,76.96844554538195,7460152,714858166.3773828
2023-09-26,688039,75.48486411681368,77.71456998276597,76.00645463887223,76.09327784551552,5286253,447623383.5150931
2023-09-27,688039,77.32191361690938,77.39855119068459,76.46769104187945,76.99544467617518,9952572,1138101895.6279175
2023-09-28,688039,77.11122489328491,77.91694201470551,76.75754073597246,77.55641518160783,4880379,524849507.0524912
2023-09-29,688039,76.33494184250014,77.08152394236359,75.85507165629852,77.0601904317944,5742618,569280232.9933449
2023-10-02,688039,76.19645096327973,76.16903037245334,75.76618985050985,75.82994397422863,8250117,641141121.9061314
2023-10-03,688039,72.89816267376962,73.84856673226969,71.2467852469831,73.41108098202756,4648597,345907613.45509064
2023-10-04,688039,75.51875113769322,76.54705097329884,73.30758672463064,75.12984308274791,6468888,512613753.23733366
2023-10-05,688039,75.26790011553517,75.44822868777246,74.0551940303205,74.91176506230985,2667286,287245025.345999
2023-10-06,688039,75.43230293383013,77.49521599144275,73.37792403623334,75.63745458039982,6093483,686989576.8373865
2023-10-09,688039,77.12635044559667,78.47481983086342,74.35582220877868,76.63279602885525,9755505,751198159.6479479
2023-10-10,688039,77.04646806807487,78.01944776810213,75.25783594225013,76.83298740582087,7534414,614321130.893128
2023-10-11,688039,76.73988272839665,78.44453783842904,76.4852007064991,76.59162420337024,4382530,353902435.6732212
2023-10-12,688039,74.41458503038987,75.7918469110265,74.59607903474732,74.71271244090015,2927295,275907596.2005284
2023-10-13,688039,75.15855451560365,77.62715554651056,74.11768583547303,75.57894675348284,6515396,703551258.711023
2023-10-16,688039,74.44797141772592,76.85669733185235,74.60037593038308,74.97701711090177,1489481,141180225.2619359
2023-10-17,688039,74.14055310032771,75.07416954367245,74.24863380091294,74.5564646186375,5920823,573834102.6359571
2023-10-18,688039,75.14878773759104,74.67421618688842,72.78431038887905,74.48114074331428,2349745,194506162.72342205
2023-10-19,688039,73.58023714450302,74.90246327378482,74.16551301739318,74.20568204286145,3822924,297482753.3169907
2023-10-20,688039,72.70776231593305,73.75278750800909,70.99530747355902,72.28353412883556,3561939,311397318.9870367
2023-10-23,688039,74.78479472380047,75.0694815956522,73.02140756884175,74.30224913421054,4963201,413005426.9207014
2023-10-24,688039,71.49730983625842,73.13450549672761,71.0568847949222,71.71944022023999,6883164,662997737.3290396
2023-10-25,688039,72.87738695647496,73.54810698546203,72.38496815717308,72.53298644733287,6366554,617342145.2389252
2023-10-26,688039,74.31841565392097,74.91357603223689,73.67555024985144,73.8970316745156,3524937,267026378.60055867
2023-10-27,688039,73.53935261813429,74.74415398361602,72.24593421984875,73.70456162190877,5403325,455075858.8299456
2023-10-30,688039,75.14750519093992,74.90781878297453,73.33328519386222,74.48372089505811,3622075,303762168.23081684
2023-10-31,688039,76.02309538091419,75.98909133458457,75.20520243343238,75.86766420994533,8142933,714319614.2259159
2023-11-01,688039,79.49842761538626,79.23954940562597,77.42963163381964,78.76884297870602,7372903,585786601.3178062
2023-11-02,688039,82.00816125123175,81.44908673474805,80.72534385417833,81.2738663427614,4438459,538670477.1285951
2023-11-03,688039,81.62851414726377,82.5331675816785,80.92966414731264,81.34912557378168,8470775,725242049.5798212
2023-11-06,688039,83.17706159995784,83.92383756362922,80.83231641629574,82.37897596598786,2744641,294032160.34680617
2023-11-07,688039,81.45057224249705,83.68900485075137,81.59518740988678,82.06192806113573,6839559,584254628.4846258
2023-11-08,688039,82.68163461791693,84.27963146793317,82.22956160227606,83.23748046334461,1423237,123653495.93938342
2023-11-09,688039,83.28917834601722,82.73234935125801,81.26717640589321,82.52047524362499,2194937,230997662.88835618
2023-11-10,688039,82.85074698531999,83.73311233041936,82.4427582076294,83.42604854440332,4051037,478102353.0236614
2023-11-13,688039,82.81775577702999,83.26115540261466,81.73637346561809,82.295385160815,4980313,487487956.5516595
2023-11-14,688039,79.73077970556129,80.67587853007166,78.51124842123217,79.01580173198806,1392952,163220415.44775483
2023-11-15,688039,80.53665012805574,80.95850491928697,79.83883262968732,80.61166355101166,2922166,244010215.81197736
2023-11-16,688039,78.01756660686256,77.57777235493293,76.15468195456307,77.33002751756734,5785694,451004904.7608353
2023-11-17,688039,76.23661207968885,77.27633778685043,75.04987883702081,76.69030902178775,3042461,315288365.78409487
2023-11-20,688039,77.62583753893387,78.28270418272221,76.61527384529253,76.8662166286604,4966683,465896154.4779809
2023-11-21,688039,76.5222593637473,77.46430455195751,74.79799664010295,76.90180411754123,1487875,128975517.56546953
2023-11-22,688039,77.23957963178562,77.15611482563973,75.14931157193665,77.0387658068557,7859821,694373707.345685
2023-11-23,688039,78.60483074649638,79.32134732836856,78.46010975158161,79.23137712443405,5894987,557553892.9378822
2023-11-24,688039,78.9772789574597,80.97874633937184,77.8471320514164,79.4481084074371,4674715,518590774.30759424
2023-11-27,688039,77.6926260953464,78.53139585028924,78.46572488342875,78.47004551165826,4419184,449887758.48481154
2023-11-28,688039,78.49264026496608,79.43404965434249,76.4243587721369,78.0250404752346,1357818,109590425.46284698
2023-11-29,688039,76.02369361079612,78.30680142387266,75.2398462208881,76.22312703776333,4408350,453521626.97715867
2023-11-30,688039,77.55097526077225,79.61384350732425,76.24435643292954,77.43228543681421,2105292,186793422.42274562
2023-12-01,688039,78.96902944614733,79.30442636690789,76.8054860014276,78.29726124280161,7291970,737495165.6455488
2023-12-04,688039,78.73846799389581,80.17303307333138,76.56348457461633,78.63744892224233,6475680,757192721.4694561
2023-12-05,688039,79.34354440869404,80.79415952115386,77.62112057863317,78.5819639272586,2352520,210489691.5421671
2023-12-06,688039,80.29512941833016,82.22817673549993,78.88991653901515,80.39096596961197,3807896,341078552.0697616
2023-12-07,688039,81.25967540913764,82.83845548702193,80.23110176242712,80.4691077092521,2213366,235332342.20321798
2023-12-08,688039,78.67131189301458,81.22829431699128,78.81496638167835,78.95666054791339,5484664,531234821.2231599
2023-12-11,688039,78.920322900971,80.28749868583215,78.49374044550294,79.70355791169314,6688328,612786918.4516264
2023-12-12,688039,78.24552330734043,78.71124005466667,76.62401062481898,77.68102304141301,9838480,937076540.3865781
2023-12-13,688039,75.19047456308569,76.2257307176068,73.84471120456573,74.49052147042944,8368429,698321061.2054166
2023-12-14,688039,73.92919480066801,75.51736449655945,72.50546603179023,73.74176345699016,3598863,330093193.00540024
2023-12-15,688039,74.11587449265234,73.62854912096059,73.03431202505226,73.44359799855646,1126330,113676090.81651519
2023-12-18,688039,73.32097292341628,74.805864398741,72.35881443190368,73.58818296537007,7814843,858065416.6365594
2023-12-19,688039,73.3575703496179,75.57549507395484,71.6874396462053,73.55431854785556,5606349,576008142.8447773
2023-12-20,688039,74.94251810269103,76.25646966162822,73.66983803475749,74.25970633952126,7820034,733230471.4548358
2023-12-21,688039,73.19101441842096,74.7539552282516,72.47481103001653,73.29203511797876,9580420,1026257547.5840865
2023-12-22,688039,75.06686760071236,75.39925442434513,73.59412366381,74.99500248553527,3925156,436174009.974372
2023-12-25,688039,73.93677849791605,75.61413477672005,72.71603618967326,74.32715860621639,7164961,546238483.544481
2023-12-26,688039,75.57890148601842,76.30808178867727,74.0488234331151,75.7223836695782,2539615,248161624.94508526
2023-12-27,688039,76.7487508626757,77.39294110816788,75.74688151089346,76.13673715169553,7061724,795031848.2744918
2023-12-28,688039,75.73507844863892,75.7402951123536,73.5463939692557,75.68989222855139,9991117,1069091507.9870982
2023-12-29,688039,75.96736223766773,76.35960222931627,75.27587593889379,76.05661263023399,5593430,549889929.964086
2024-01-01,688039,75.92889519140653,76.71623459143969,75.18088421284605,75.48648895438973,8877558,885499690.3715372
2024-01-02,688039,76.58825156423228,78.01852655220458,76.27359692264675,76.9308555812088,6397306,517110373.2777478
2024-01-03,688039,76.22534243743422,76.44168483330611,74.32015536961656,76.13664230268243,5918617,492475558.0520983
2024-01-04,688039,77.90025840804964,79.75443244460993,76.13611405732108,78.05856218759958,9469124,893563751.1948893
2024-01-05,688039,77.98573260429175,78.96593079832697,77.33061608774243,78.64162530722996,1378088,122846846.07612763
2024-01-08,688039,79.11563578202068,79.61166434955551,77.43439816926816,79.47160643300101,3385249,335784678.9351035
2024-01-09,688039,78.84011937419021,80.55814832241326,77.05903103200355,79.38948351415672,6201377,500611643.1257091
2024-01-10,688039,78.31114406658274,78.3634966223086,77.64395035906865,78.24231489625821,6339366,577438555.610884
2024-01-11,688039,80.41868194783287,80.00784644560723,79.38909668668381,79.69667407333402,9878838,896754045.4351933
2024-01-12,688039,79.25872150176878,80.9826838595266,79.73038961656613,79.76707444673696,3373075,272451963.38326395
2024-01-15,688039,80.39968605109507,80.73746212269798,77.96628347133841,80.11709454021,2610147,277507718.5774956
2024-01-16,688039,80.00720179294899,79.92792795104015,79.5602067100473,79.82176194456275,9996864,1030480084.9425931
2024-01-17,688039,82.85830501747711,84.61582247110849,81.98459353931997,82.76950177594149,3483908,416564737.19061804
2024-01-18,688039,80.8703885436809,81.49699622821603,79.8722387011728,80.70879479429317,2478992,270120394.43626404
2024-01-19,688039,80.662651794576,80.04021176946243,79.40113780417487,79.96553648175652,2776476,260068274.7119872
2024-01-22,688039,80.7309078618598,81.28800505276948,78.93751809011113,80.31684148131251,6239530,608699883.4075606
2024-01-23,688039,79.69055314566992,81.54130792595573,79.4041953746428,80.09968642201082,5006649,415201736.4283461
2024-01-24,688039,80.82680084769852,82.23750954907258,79.45122282940751,80.42447560018819,6518721,654292575.4307282
2024-01-25,688039,81.54952396993438,84.2921812659652,81.1284643294303,82.32474671037673,8118734,705011644.0207992
2024-01-26,688039,81.17987714862069,81.34216314208501,80.641706749284,81.14169766294957,3966625,388945379.52328974
2024-01-29,688039,80.09547141719769,80.59666268787466,78.26685115165276,79.3483768993461,1696082,137148681.03085917
2024-01-30,688039,79.8760103786471,80.97185666973377,79.12407058120499,80.27316723923423,4050151,484636542.25076437
2024-01-31,688039,82.50628348804547,84.05471529031578,81.35121812900252,82.10446585720481,6338437,638535462.3695636
2024-02-01,688039,80.91172047457167,82.22138557400919,79.60041169548329,80.84821484768918,3868651,384133054.47724694
2024-02-02,688039,81.77398674718867,83.81363891076953,80.04656941445583,82.47368325598076,2694938,304186011.4644141
2024-02-05,688039,80.01382069923393,80.46006586988865,78.77979942561471,80.4521510632013,7323876,877395335.3182904
2024-02-06,688039,80.75730688112237,82.05514842566731,80.32076713912178,81.46244467880167,4909603,441101943.3004359
2024-02-07,688039,82.00565477861625,82.49683533373049,81.15882730178603,81.84783690730495,6808965,670727740.1574237
2024-02-08,688039,82.45503286363771,82.36436416386918,80.09221668238312,82.30356233584074,3209644,270906792.5111765
2024-02-09,688039,82.73936206356792,83.95410021155199,82.59383490657993,83.1257301834246,1493298,161754154.02146652
2024-02-12,688039,81.15809288806794,82.71656067905988,81.17069247410538,81.81299007341764,9206873,922799326.5294812
2024-02-13,688039,82.9207262115802,85.61578040276865,81.90022842257822,83.36007199106182,3491911,315241163.35593355
2024-02-14,688039,84.68858641067055,86.47347055909428,83.81321839861677,85.06097112066561,3838182,346620755.02225983
2024-02-15,688039,83.73090870169847,86.80015775330018,83.43144677602413,84.4579346937107,1405396,152670237.84738097
2024-02-16,688039,83.84153484879596,83.16006840452572,81.67814630367165,83.13008580701816,4391208,432821879.94517994
2024-02-19,688039,82.06616357603296,82.43994342938757,81.04088659596464,82.3932719436812,2099917,234285269.76128438
2024-02-20,688039,82.73227271303888,85.1262971310903,82.95899808740303,83.33589444680827,4466072,548937112.2558415
2024-02-21,688039,85.51529565446842,87.00479527084066,84.30859605094237,85.13711298956281,3076694,373457919.0904907
2024-02-22,688039,83.98996450047615,86.72703796423569,82.87182517270958,84.29988644149147,4503707,497335965.7146913
2024-02-23,688039,83.61244850695103,86.81617474028958,82.13181191201713,84.34031182089299,4277611,416701552.9857603
2024-02-26,688039,84.4343073379987,86.62196831093172,82.39978093869972,84.81256345659403,3605314,452894441.4561721
2024-02-27,688039,83.16433640404381,85.01694765967817,82.87541607066507,83.47148651992532,3589074,446611399.427326
2024-02-28,688039,82.99328465795877,84.09407757158827,82.4245630470077,82.81098624173688,9538628,876427411.0091577
2024-02-29,688039,81.43799173538946,83.97202816903334,79.39161105938413,81.63964425655567,2833400,326710253.84472406
2024-03-01,688039,83.30852687996249,83.03374255196303,81.8062682460193,82.77458915356907,7694157,762146637.9204801
2024-03-04,688039,84.0597268503072,84.81091602771846,82.91492964929638,84.05046048089093,2598439,227351658.59139147
2024-03-05,688039,84.99009569108884,84.39959020647868,82.42127931125171,84.30988114016031,9344046,1001500837.711802
2024-03-06,688039,84.84446143435842,86.48867749519333,82.96978485940366,85.4144969745972,1326342,124527128.27317184
2024-03-07,688039,87.37409650614163,87.78401923285276,84.82641432798572,87.01722777323506,4918219,572108838.4046766
2024-03-08,688039,85.0345350648523,86.6392364913698,83.6616621765982,85.58098694396668,2603570,229987429.02028805
2024-03-11,688039,85.03942852113649,85.43770766069763,82.83649446541448,84.7725955651226,3860347,345950826.27237725
2024-03-12,688039,87.57324807585718,88.79075480902507,87.13895106459134,87.99789456872293,1100685,117992875.25700746
2024-03-13,688039,86.84458865674898,88.28849276357955,86.13041839674435,87.2517549839856,1456613,176829846.9827383
2024-03-14,688039,87.88081379563363,89.12257022055341,86.83995576782172,87.25372067039093,2726042,261847951.92917752
2024-03-15,688039,87.00929938749896,86.35236309959177,85.59613741604211,86.33026172565688,1057628,124431346.55928901
2024-03-18,688039,88.17034774078702,90.25833102438489,88.20167685840974,88.43511818523339,6200887,763113908.5515839
2024-03-19,688039,85.87582054499461,88.65370655443174,85.36009356386093,86.21665277813047,9806326,855855670.4916344
2024-03-20,688039,88.02991281577673,88.22887713343133,87.67159230164297,87.87048756956763,2197624,268047289.6175782
2024-03-21,688039,90.6753272180254,91.33503863009514,89.21816822636754,90.18725745557074,6455241,631450477.1985792
2024-03-22,688039,89.11052080183707,91.69009678744337,88.97756921051503,89.23697189426076,1777112,167154123.9660213
2024-03-25,688039,86.22399515534215,87.74860471599474,85.68103821839682,86.44084254568872,9843060,981587339.3225424
2024-03-26,688039,87.19343754820102,90.15268229004592,86.28036612821623,87.53410943141216,3096291,304091163.0592258
2024-03-27,688039,87.42813304108039,89.19359167406789,85.09079329578208,86.80236326166325,2999259,307581398.1139621
2024-03-28,688039,85.93863022475414,86.68714287837588,83.61484773685257,85.65487692071129,8337823,912528830.6498909
2024-03-29,688039,85.25069651702754,85.88389663382935,84.78139891049813,85.11100673704068,2048936,189056969.88309723
2024-04-01,688039,84.69111110637263,85.31004960036456,84.20311062498597,84.45415307037842,4760848,406452786.62811244
2024-04-02,688039,82.72102973259013,83.31650994504594,81.36120932494195,83.30056990566018,2688126,298652192.48885846
2024-04-03,688039,85.08424505391342,86.81960031282169,83.81660975966594,84.36130899403481,5751777,581293935.077757
2024-04-04,688039,82.76437585556191,84.68080824190278,82.47791384605782,83.37387878453771,7781076,796181642.7314421
2024-04-05,688039,88.6868493750316,90.33493034426262,87.02550157421058,88.6968132546529,6376252,634972672.6289133
2024-04-08,688039,87.84831635115339,89.13828203506952,87.73990796356968,87.88096026311344,4241853,438615314.50407183
2024-04-09,688039,87.45728380810866,88.36884607473148,86.47455506479693,87.21581406044486,1118980,126317521.39544116
2024-04-10,688039,85.95310527083774,87.97365917922687,85.95357061950244,86.00180475500301,9533108,949372280.8511037
2024-04-11,688039,84.61287184766687,84.81950750306979,83.45207248143505,84.64427429970794,8162357,826000856.0136422
2024-04-12,688039,86.08851285212509,88.21503591932107,84.7263715279741,85.87017147539274,4222736,442163845.66138923
2024-04-15,688039,85.62764213463934,86.48792621646466,86.28585801829365,86.29791357236516,8130525,1047166450.80504
2024-04-16,688039,84.63965578234586,86.78820089988989,83.3747905390096,85.41908379009465,3191053,380301360.28072387
2024-04-17,688039,86.85447660749159,87.12381259219183,85.40469147760372,86.28531527725691,4326042,544494915.806014
2024-04-18,688039,85.09921791862239,86.23470155877153,84.81167286161089,85.04592692261338,4756622,576870443.9372333
2024-04-19,688039,84.11857682820614,83.68869880552938,82.44370482542033,83.43763263913196,7640706,713032114.4229305
2024-04-22,688039,82.89144038454583,83.96515567618671,82.26649274001191,83.40238681095433,4503660,387061576.08840203
2024-04-23,688039,81.5844473893576,84.2061763430661,80.1369805785871,82.28367641087993,4383142,384115368.6951933
2024-04-24,688039,85.70987186374005,86.13503522493487,83.65303672088098,85.26904974040444,6578601,692767722.3951368
2024-04-25,688039,83.0962082834407,84.38177903078468,81.79052473138493,83.52561180113855,6613759,723989589.4359777
2024-04-26,688039,82.54501514180369,82.70050898612509,80.17249770552853,82.4266568525299,1630082,184962991.76676494
2024-04-29,688039,81.81948754242448,82.77999312872478,81.83747641278758,82.16124827831135,1626846,167789466.60907105
2024-04-30,688039,83.65308720443811,83.72397230959352,80.97607679642994,83.34519971785473,9244273,974014532.5242659
2024-05-01,688039,81.66456978518018,84.35020551876316,80.52802195061051,82.20472136629124,1466619,154479862.76374575
2024-05-02,688039,83.50577070451051,84.19704389766018,83.21800982479402,84.14586643501933,8984054,807547841.7423264
2024-05-03,688039,83.75675865614573,84.6526728702015,81.88276583300642,84.40585243653415,4836362,479092488.4011445
2024-05-06,688039,83.97614605453454,84.76023767026751,83.5809162711283,83.66971530202977,8266490,1025020265.4802907
2024-05-07,688039,83.54462517097367,84.42156124711093,81.62177619935805,83.11066269303141,3577388,323439900.5103218
2024-05-08,688039,86.19734657110624,86.34816691919755,84.85841758998163,85.57184930554021,9852553,1038045392.4113133
2024-05-09,688039,86.76528576560798,86.84964380279459,84.0490096885657,86.10624076142756,6944611,811536774.7366554
2024-05-10,688039,84.51162054647125,84.82892499050696,81.70895018255837,83.85608015959659,7303785,687671210.2459203
2024-05-13,688039,83.48682353261587,84.48248057115644,82.48564213339363,82.95412109194139,7526835,788148837.2567723
2024-05-14,688039,82.90213154821298,82.70414650576095,81.26379603332119,82.43983656324663,9235812,923904273.7306142
2024-05-15,688039,79.03208092288736,81.47117857601695,78.2640710108013,79.24694626764888,9643935,1140655590.7954593
2024-05-16,688039,79.27638271316222,78.8650562927782,77.57099819980264,78.70899320047323,6607471,553277168.250447
2024-05-17,688039,79.30643161296935,81.28692771517824,79.16719232607225,79.34604470152355,3839911,434906346.2174492
2024-05-20,688039,78.86890920658524,79.24076979287132,77.25899159244568,78.45139459185596,6107947,529891797.97142005
2024-05-21,688039,77.84816530040753,79.04034567534562,78.29743298954222,78.34581608881496,1266650,111226123.87347963
2024-05-22,688039,76.20115304693334,76.52508527268459,75.36153284722572,75.88289568968405,7453066,617321445.8461452
2024-05-23,688039,77.81657313286485,80.6067083844512,76.70936859751004,78.5256908381253,6696599,741417914.8629961
2024-05-24,688039,80.35169735213788,80.60215692542373,80.2148876059122,80.33781193004633,4337324,478173554.3873041
2024-05-27,688039,81.02555461005728,81.57073210680788,80.51786113352186,80.95306705644873,4504110,494787551.8718602
2024-05-28,688039,79.71570794217202,82.3794928467424,79.15954147126747,80.10770233386897,6955409,749125853.6430831
2024-05-29,688039,80.82487565485339,82.37473428784538,81.01780515759579,81.46940844187442,4991905,606127385.3691628
2024-05-30,688039,80.30477081360672,81.00201482158067,80.33738338156725,80.36596324501464,8337890,791214042.7867919
2024-05-31,688039,79.9904235692918,80.59954647728584,79.88115808640188,80.23164951079491,4360652,440451792.87147635
2024-06-03,688039,80.56802755354622,81.46868186654282,78.44184687488458,80.51909260701989,1388778,165835338.691315
2024-06-04,688039,78.82915767325512,79.75330118422475,78.72680251278602,78.74119531494802,5951153,640548092.9052967
2024-06-05,688039,80.38381743634439,80.93265793155102,77.56720002661409,79.73793257168207,5500584,501006644.7195337
2024-06-06,688039,79.90899443987941,82.40268563705598,78.27413988156292,80.36346196463079,5188038,451166838.52509725
2024-06-07,688039,81.08653575776911,82.06509457012638,79.89620292307691,81.46523035332187,5993849,663239615.7039251
2024-06-10,688039,83.25264332878835,85.3420831681775,80.89937490631624,83.09185650843285,6972273,662146985.0005972
2024-06-11,688039,84.2382504056876,85.73586070873031,82.69223104551459,84.11681797921003,3749971,414018306.199849
2024-06-12,688039,81.09840353547409,83.57493318527627,80.98792494937175,81.6361810769251,3251759,360238010.23359305
2024-06-13,688039,81.77699943594055,82.10714903063631,79.12192808035819,81.3689583410599,8575232,785410064.3022296
2024-06-14,688039,81.58580188361293,82.61425380859187,80.21745385887698,81.49983069216394,1572214,158088814.18581372
2024-06-17,688039,81.37923577966369,81.49207087845106,80.37838426225395,80.64408100838874,5534818,621338157.2860465
2024-06-18,688039,80.79403693054239,83.75795866563217,79.3090451819739,81.5513947912954,9725948,1041474894.3661999
2024-06-19,688039,81.23857828894432,82.83778414088441,81.24641460143904,81.3093330578607,1524504,139603812.22142723
2024-06-20,688039,79.66331389755614,80.49110898186684,78.02013199180205,80.41737401120186,6075423,563067689.7496364
2024-06-21,688039,79.01631552588216,79.91762206166982,78.37002195025589,79.64995649122474,9930046,1024804308.6834258
2024-06-24,688039,78.90846095680592,80.13460792017955,77.59947460001362,79.09410523554189,2942828,235216562.12754774
2024-06-25,688039,78.52283511224894,80.40638342062896,78.73568807393718,79.17890498659416,9583924,790208953.3359286
2024-06-26,688039,78.85704863799366,79.07883152520304,76.6256969481639,78.3003518376627,7338151,649437524.2444457
2024-06-27,688039,78.27807496641114,78.91763309029503,77.20813781707291,78.16757344999742,2110124,236324087.2975304
2024-06-28,688039,81.18659460620746,82.61518792158637,78.40000314332762,80.39591235017463,5406329,545099142.8538567
2024-07-01,688039,80.05512988005336,81.8370023047394,78.3187767690579,80.5929814503114,6158828,682505239.4928021
2024-07-02,688039,80.93834982475599,81.1152689335229,78.50168863321116,80.33693254742208,4989641,553361134.0918351
2024-07-03,688039,78.58512220567043,81.17187773008091,77.58466170488602,79.03714428389898,6016084,519192222.1176237
2024-07-04,688039,81.27006190647822,83.08362714545024,79.39105967591117,80.91245688047613,7439692,878511373.5377191
2024-07-05,688039,83.6696770005956,83.12811786894112,82.64979185062214,82.93077110795413,3831173,459608477.66234136
2024-07-08,688039,83.0822603814943,85.0611018551279,80.26109039608762,82.61514603348574,9715966,912988975.6970043
2024-07-09,688039,80.39448105532495,82.38635495771658,79.3171013984443,81.19579653825845,5024540,589383128.7872393
2024-07-10,688039,80.13854145902182,80.98865052498284,79.1089794437765,80.90642464327516,1816887,148437028.2487088
2024-07-11,688039,81.05274060947494,82.57573491714977,78.43548567232978,80.62303696403276,5167058,463954556.73079395
2024-07-12,688039,82.48950831109084,84.21043277449087,82.66785390466165,82.76307861170622,5107400,521079364.94979954
2024-07-15,688039,81.39795748219227,82.7666148466973,81.39637082258214,81.89257046310728,9198285,833500465.0472672
2024-07-16,688039,81.6748578298729,83.11958890158982,79.37191784958816,81.39860038110416,4463243,368315758.978622
2024-07-17,688039,81.54799194491936,82.08309729591036,78.61152623462175,80.78934155355049,4974225,543651321.5644361
2024-07-18,688039,82.05725465014451,82.85857778156293,81.26406453155789,82.32399034296334,6186877,647098550.074244
2024-07-19,688039,82.13299077542487,83.46319221881066,81.9973623240172,82.95021018060035,5858688,674888061.2955855
2024-07-22,688039,82.50135386108464,84.55849216727171,80.28099822039238,82.64085872462074,6772874,775270603.3883535
2024-07-23,688039,83.12300373152878,84.52528253246444,82.6094210077574,83.31282095674122,4211104,488173146.4633074
2024-07-24,688039,83.35055216714477,84.86982048214527,83.55349284369893,83.71113522030733,1663900,183331747.33240488
2024-07-25,688039,84.19862546475477,85.12149396944848,81.44791499628168,83.91837806357374,5494386,487650517.2375844
2024-07-26,688039,83.97609091076083,84.45956244239021,81.46572651373972,83.46199179397459,9909592,1041726375.4588345
2024-07-29,688039,84.30963586135675,85.32258029335584,84.37746265844336,84.46836854099354,2301845,202393585.24842224
2024-07-30,688039,81.53020334543004,84.16571213800073,81.32334736549336,82.2792392661532,9392825,986754179.5882617
2024-07-31,688039,80.61864132217656,81.77171388444768,78.95319555565528,81.05516945653905,2733866,319014581.8555018
2024-08-01,688039,83.03049624228859,84.7866392212961,82.38191495014503,82.91695895944795,7718322,902333668.7468988
2024-08-02,688039,82.90105091485209,85.43214802762901,82.37374983075794,83.67459825896871,4280865,481759812.2923759
2024-08-05,688039,85.28382967037014,84.7355161020107,82.2455961010491,84.68538139338683,3116371,299922358.8815725
2024-08-06,688039,83.50042104933169,85.64479480125986,83.48602063595776,83.60037741791635,2337117,209659955.80586332
2024-08-07,688039,84.68497608272686,86.19789994732037,82.93618497815943,84.34981720086316,8021849,921423017.3663487
2024-08-08,688039,81.48557391605988,82.71925060821184,81.27916270198953,82.02616622819181,7466395,753923681.9340727
2024-08-09,688039,81.53278894465072,82.02556702154284,80.8413982472035,81.70734194713334,1927217,209341918.5065311
2024-08-12,688039,80.75636732561571,82.72127922920453,79.70009106454158,81.2548546432552,8247043,796345531.2605416
2024-08-13,688039,83.38379636925039,83.11308171134996,80.27024625597838,82.71516047769269,1457392,153530585.27377546
2024-08-14,688039,82.08927479535149,85.31791887432597,80.64864795010504,82.89451819558502,1106273,106901845.17304131
2024-08-15,688039,80.57281390319118,81.42291801859929,79.60972248235778,81.21924733224388,1696177,204560170.03510797
2024-08-16,688039,82.50194052478017,84.51910087697111,81.87742688968433,82.98865670119895,2279665,247478095.10724512
2024-08-19,688039,82.64895787840261,83.88791401979576,83.00628715876074,83.12235143812113,5485287,573073347.3052646
2024-08-20,688039,83.61710113792502,84.8886766209286,82.0857109763819,83.48722088908858,7750306,705924122.1367224
2024-08-21,688039,83.4989979593693,85.52390922193693,83.37776255205871,84.11703290106095,8602502,980816411.4577764
2024-08-22,688039,81.0268155563463,82.11937004188397,79.50361257070894,81.56369186436713,9590409,1044132432.860638
2024-08-23,688039,80.56028006633818,81.28179215604088,78.6235612976447,80.83008123700323,9626356,1077696854.4468818
2024-08-26,688039,78.18520231682754,79.13239182569374,77.03671960989112,77.70453643067657,1622557,167297956.68076542
2024-08-27,688039,78.56851289391732,79.57379348489796,78.09141961437915,79.24217607222636,4525279,387285379.1362761
2024-08-28,688039,77.64319573000681,77.27651922922833,75.75039852787354,77.19820226665263,7551448,732071322.5333223
2024-08-29,688039,75.03176761798738,77.41715599907896,73.80704118201714,75.21553471939441,1165700,101244054.13765976
2024-08-30,688039,73.91352570484422,74.01368187684307,71.79875501062003,73.48581911294161,5710004,423126316.27050006
2024-09-02,688039,73.26227221795283,74.93078420647461,73.42135915024897,73.72591948729752,3378495,313686689.979154
2024-09-03,688039,77.01118880242358,77.12987927847348,76.05492871923894,76.98586274691927,8633980,730752161.1403836
2024-09-04,688039,79.68325696331911,80.94566948578034,76.84888995638552,79.01044130093447,7125480,792395438.1252837
2024-09-05,688039,78.02644329413745,78.84574087866572,75.93596056397564,77.49200836587237,9236499,1019328468.4288514
2024-09-06,688039,78.43115019202364,79.4110421539717,77.85022187940224,78.39901139112575,6404908,585499246.832509
2024-09-09,688039,80.07975991108505,80.04144730425334,78.16910601492121,79.3168303159712,2556680,301209369.4221817
2024-09-10,688039,79.60651518760471,80.88524829474733,79.4074687367828,80.31496373767236,9721770,897710643.8405569
2024-09-11,688039,78.53697687902668,80.35307152288044,77.02723319851259,78.9516924241241,5547466,594875147.8708339
2024-09-12,688039,78.69191534813926,79.36633664410427,76.58057099797077,77.99784364153733,2830724,305221487.1849114
2024-09-13,688039,79.5054837997114,80.28227155,77.56286879637815,79.00686866476354,7972969,894120145.9272323
2024-09-16,688039,80.43018308827227,80.79287863190986,78.96350130186207,79.82524346138771,6635528,539409963.114201
2024-09-17,688039,79.80581414163473,80.83678877735667,77.69673759796618,79.5613476263071,2957900,303180267.56831217
2024-09-18,688039,78.26069759206017,78.10230909713498,76.87970787045165,78.05280820543723,5391877,439212797.49045
2024-09-19,688039,76.67378174845952,78.98757757035065,74.77922044540955,77.04472970250538,2466174,263218984.15942493
2024-09-20,688039,77.11354889221914,78.87805452184813,74.945845072172,77.24991059584843,4555351,411805512.52070606
2024-09-23,688039,76.72391221890516,78.426177823463,75.90024243623317,77.160425122464,4706033,539217799.4679874
2024-09-24,688039,79.15150874676,79.11670328675179,78.40431195067644,78.73654850612395,1418676,135702207.88785827
2024-09-25,688039,80.54629821166415,80.88000937704695,79.72146926764655,80.57148356630393,9455834,891700338.1541637
2024-09-26,688039,82.18718997963168,82.51067880156916,80.53355915529548,81.83757801821774,4078625,438231146.7686676
2024-09-27,688039,81.3055445139504,82.61525212401979,79.84684040159502,81.80969469684068,5131514,566492383.6898735
2024-09-30,688039,81.02742602170616,82.73369080466996,79.59981517341723,80.57648381827597,9970015,935533001.6957943
2024-10-01,688039,80.16560135620887,80.95212994372243,78.81082685307025,79.49879042558847,3373041,380011570.5180671
2024-10-02,688039,79.61769194022489,80.89513222448592,78.18871968184008,79.74686116435903,7095255,759602021.4193661
2024-10-03,688039,77.32341004948132,79.54114052026108,76.08004432041145,77.31610154287114,2463841,237781695.52895743
2024-10-04,688039,75.987689621247,75.72564098117961,74.21791768098065,75.63087939204289,2002279,225652425.94644257
2024-10-07,688039,77.97624399255679,80.4013073418576,77.99773704517347,78.13606869910069,5605464,508861158.3821998
2024-10-08,688039,77.22446122498157,78.92278273919258,76.06346196778337,77.07196270801983,5729413,577751354.3241485
2024-10-09,688039,75.1134947877928,76.23530095190505,73.52864672987879,75.2808276224427,3299635,251385200.7904059
2024-10-10,688039,77.14686271792172,78.76174323443065,76.11652384853898,77.73438881158039,1014400,90715145.03965288
2024-10-11,688039,77.57368216041482,77.29869060380317,75.39319822054223,76.9964434732225,3764918,410623905.39251137
2024-10-14,688039,76.67653947348776,79.05217403192503,76.5654236380512,77.37342477259747,8267009,716182172.7200979
2024-10-15,688039,75.03621756571553,75.99406249232298,73.9170996447906,75.60087723081327,8144861,792825396.3601874
2024-10-16,688039,75.18256043170089,75.0225774766706,74.10820117219706,74.67059230458999,9063655,762625149.4083929
2024-10-17,688039,75.94328352025043,76.02989629066606,74.82841671342278,75.98437925842204,8801150,974777035.998701
2024-10-18,688039,77.97808076278422,79.95145657567181,75.62780977523116,77.70217692190758,8745771,818432421.3400301
2024-10-21,688039,76.02997076975683,77.12857346394944,75.38346945457009,76.44327254622118,6203260,682847976.1553508
2024-10-22,688039,78.53468295747622,80.53090741424397,77.06030552337505,79.08133527842477,8847212,790929551.8738804
2024-10-23,688039,78.18994566784562,80.55042034353617,76.6693414397531,78.35892719238267,6032321,649506655.4935304
2024-10-24,688039,77.07751437473387,78.02320233015789,75.55800531933716,76.41484984346215,5456987,544015582.031788
2024-10-25,688039,74.35818525374596,75.80216371869065,74.45634364107174,74.55928446774757,8212500,893447638.6948116
2024-10-28,688039,74.30264939207976,76.49493464063366,73.42765451188653,74.34164863446262,8696627,879202333.3260664
2024-10-29,688039,74.09511273991025,74.25093076199778,72.84129899944385,73.44573879255954,2370136,235588813.83884606
2024-10-30,688039,76.1628743744527,76.8725032790614,74.21571038511092,75.99927736624284,9468810,867092672.2523227
2024-10-31,688039,75.93433494729533,76.34712493761164,75.01636217832426,75.98247655576293,2292372,229231261.57474315
2024-11-01,688039,75.76993493130516,76.08198467586107,74.48829454095521,75.45003131455475,2361429,248277291.19564462
2024-11-04,688039,75.23925292639312,76.41487634504426,73.61667064782321,75.89142961348364,8941794,870349613.6091694
2024-11-05,688039,77.150115925852,78.38878035206962,75.06677408890631,77.32493397240768,6166324,639942277.8523142
2024-11-06,688039,75.47182934347707,76.65972350582598,75.1748930330384,75.88821290036691,2102879,225690342.3603542
2024-11-07,688039,74.77813224262528,76.23459580624474,72.80271608439509,74.06116125521189,8173354,807588474.6697505
2024-11-08,688039,76.54865672246217,77.17993180030976,75.7294295883273,75.9793137134158,8469549,959004686.8273197
2024-11-11,688039,73.74847271166688,74.5959244251999,74.08691138697772,74.45958135535433,7175159,741136649.2446848
2024-11-12,688039,73.1134933045172,73.61643679658373,72.62277271612518,73.20409370373554,3767909,311784700.61328727
2024-11-13,688039,73.46409072470102,75.2831343037764,72.2466574621551,73.18535904945699,6046256,443827894.7417042
2024-11-14,688039,76.00106272816318,77.3812407502769,74.91868731727479,75.4076434854751,6373020,492491221.2775737
2024-11-15,688039,76.37862707128635,77.74519052815417,73.5703101168312,75.83215077930993,8555649,909722597.6095759
2024-11-18,688039,75.71316030219752,76.30807797682255,76.1882218587188,76.21205132731275,3997304,314485996.5402239
2024-11-19,688039,76.0677657295248,76.30679270227688,75.50519112996298,76.22234405475056,9275435,957585562.6342584
2024-11-20,688039,75.15044767788869,76.36090256470025,75.16432493755407,75.44832354806512,4764578,450464716.4165833
2024-11-21,688039,75.64778815109516,76.21095117163595,73.76968212435577,75.49975123060561,1679624,152692971.5034144
2024-11-22,688039,75.68726886730819,76.41106866445773,73.86808785881165,75.58586396784865,1655207,153117461.97360846
2024-11-25,688039,74.61810868136111,76.9984667667579,73.16748446076004,75.01108545677447,6353621,645475351.6971139
2024-11-26,688039,75.5265215862731,77.06279120428825,73.27711461181387,74.99937782095384,8934349,995757618.1188343
2024-11-27,688039,72.8534327382849,73.85034140660883,72.72894327582743,73.37318843159329,7697050,675548681.2555317
2024-11-28,688039,73.2465290910212,74.15501475926386,73.45444061530402,73.63930144054248,2895399,222905366.68446004
2024-11-29,688039,72.65514845987892,72.92343143247986,71.50925755211067,72.3566405165916,9722485,938485941.6654335
2024-12-02,688039,71.68199820559221,72.96146581236009,71.06094837417217,72.2994305261263,3377373,297799505.9176552
2024-12-03,688039,75.23090774830311,76.28997012243573,73.8262466522846,75.70281766000079,9239348,964071741.5578598
2024-12-04,688039,77.01463746927786,77.52847024729904,75.53801134357221,77.10943750353776,7618831,874923400.0772549
2024-12-05,688039,76.76577524117772,77.20198398307083,75.58163148289037,76.72588845342689,7128565,770371268.0883495
2024-12-06,688039,76.37977279607905,77.58845195598443,76.17304636391711,76.44705052254672,3589637,361130867.2738541
2024-12-09,688039,78.92686881123025,79.75978714718423,76.37510514889135,78.72472659939983,5195200,416056178.74481964
2024-12-10,688039,76.81950602412732,78.53593135562869,74.51591100297011,76.77289924651211,4974521,396962476.9018352
2024-12-11,688039,78.25172174840381,78.46761714443569,76.12584858329713,77.60306317009362,9842495,1139562817.7396128
2024-12-12,688039,77.1185715846471,79.63028337329679,75.08223508455521,77.39013040670439,6527199,726260788.960027
2024-12-13,688039,77.18316029960144,77.86182555762227,75.19839650805811,76.60806843227354,2501025,234350485.03718123
2024-12-16,688039,74.73257258443435,75.86233874434451,73.36554785244806,75.18119430497312,3458937,316317678.9325238
2024-12-17,688039,76.58949118026268,76.70479412329209,75.0887340348642,76.04081893620486,9703148,886331419.3727105
2024-12-18,688039,77.47323605403909,78.60833119032482,74.81816225443986,76.71737987730631,8193298,799383436.8016672
2024-12-19,688039,78.51461300267891,78.1689246009438,76.94968116790915,77.89633733399232,4017210,445584480.455596
2024-12-20,688039,77.96756963565545,78.1275491267072,76.13722766203783,77.33517580288566,1132752,102680538.2454557
2024-12-23,688039,79.10409987009528,80.16930925185959,78.22302760987297,78.40350243975705,7278491,721828215.668858
2024-12-24,688039,79.36282260183641,79.19985364416874,78.51451251961616,78.92635449128566,3284153,374396156.81193715
2024-12-25,688039,79.00570259621509,78.2984596772386,76.00220734771068,78.26740382263569,2339082,272592864.29941523
2024-12-26,688039,76.9893515470613,77.53393307556992,74.63648370996009,76.47983383070083,4135794,331410413.2014632
2024-12-27,688039,77.79551083218684,79.59591645433744,75.1904987604038,77.50640502807057,1175021,117846155.9313086
2024-12-30,688039,78.9501290189104,79.1225404534337,76.07657311435916,78.365878720294,1423833,139330163.51192218
2024-12-31,688039,80.60143275848446,82.46696250961129,79.43763766850158,81.19427224282245,5677890,510401259.90901035
2025-01-01,688039,82.79526759417591,83.65645814859074,80.39729137164782,82.83680882314168,6816758,764796711.787567
2025-01-02,688039,83.33439928902715,85.41795743483499,82.56806879309933,83.34750750729005,5957727,549247117.7023021
2025-01-03,688039,83.05724425669322,83.22909826007941,81.46837788023575,83.04371470863006,8616986,865378813.7572187
2025-01-06,688039,84.67514534888372,85.71312749544616,83.59990371890916,83.95187301957804,7798200,662269577.439037
2025-01-07,688039,85.02849619760686,85.57276745215972,82.6215598487971,84.31677499283168,8445994,847687305.6253309
2025-01-08,688039,84.24904151531537,83.59971056894267,81.82834290635334,83.53514758311731,9722775,925278790.5854332
2025-01-09,688039,85.79572327808316,87.58606626209676,84.73571899257671,85.12160211179226,2072392,224162227.85036638
2025-01-10,688039,85.05577441347371,87.10490620485423,85.56006212266584,85.56037296541608,6540047,794818482.0892943
2025-01-13,688039,86.61228600883082,88.64320637138178,84.07132272228941,86.46970248424216,1401060,173467254.23244205
2025-01-14,688039,85.23839063747465,87.15556005666691,84.54656234836067,85.84839102305574,4865695,452227700.642087
2025-01-15,688039,83.32324506088662,85.25186724804466,81.90676569738798,84.02425360574014,7403149,907360887.7973013
2025-01-16,688039,83.56689256639379,85.98722000350901,81.57663736818817,83.56882563293502,8696079,1052747057.3204613
2025-01-17,688039,84.58763170066477,86.19303663253132,81.9809970648036,84.04021923956566,8800950,793899903.3216441
2025-01-20,688039,83.38457262972891,85.13890654272639,82.52444355503317,83.82051033822614,7937256,678362867.5806638
2025-01-21,688039,86.34369261801537,86.97975578873074,84.32672992680384,85.5455342409456,2146281,251381002.28581452
2025-01-22,688039,86.96961386113277,87.0715292966404,85.53901786640988,86.80788978406306,9165121,1057962296.0456187
2025-01-23,688039,86.27281856865604,87.1666596167851,84.36579852434882,86.8293912256672,1096225,129058075.96345748
2025-01-24,688039,85.18506361990738,87.13215898615202,85.65923032975843,85.66288150651455,9607130,889085269.8582315
2025-01-27,688039,86.0925154777187,86.37087688145641,83.47888415082,86.02137850635688,5823677,627804095.1897081
2025-01-28,688039,88.82849983476757,90.47715023368859,89.25000820898723,89.2542568918211,5462514,562599798.2440232
2025-01-29,688039,86.05094717029155,87.54827225672616,85.07957800926779,85.9115221902614,9355196,1043492158.8427961
2025-01-30,688039,83.39663616893463,85.80346546048133,82.17872138259621,84.00279333413015,6196462,737452106.0544686
2025-01-31,688039,81.18266661043286,83.45190826492646,80.04750739433005,81.87343209118218,3566720,330397522.4368311
2025-02-03,688039,81.61697976860296,81.69491242174819,80.80097171312065,80.90872069909092,5963339,514749081.0644541
2025-02-04,688039,80.5262506680054,82.36925125494567,79.5759767453484,80.94305934019744,7521353,680825734.5818412
2025-02-05,688039,77.62759949673888,79.3614687023038,77.43910427281952,77.52883133769211,8828769,934716749.421417
2025-02-06,688039,79.7364991078441,81.50546812116296,79.26693576965857,79.66960056911647,2639414,263542964.58958894
2025-02-07,688039,79.83383617327496,81.42942317868956,78.49220303323209,79.9853572972576,9821974,989605105.8767785
2025-02-10,688039,80.43503352724106,81.91719638738495,79.92664699971391,81.21508199091926,2733679,331800644.16601336
2025-02-11,688039,81.95103837334092,83.33281235962048,81.0924553512539,81.92569266200063,9945881,1160138381.0432637
2025-02-12,688039,82.31597195421104,82.6809740605232,80.82927297336902,81.74964989162939,1856607,180898077.18232107
2025-02-13,688039,80.25804413544674,81.49849332471081,78.79899296385322,80.58879310540605,4921160,524201063.32123625
2025-02-14,688039,81.92590658267608,81.85906551359378,80.04269067289914,81.21347536476813,5650146,568921245.9842758
2025-02-17,688039,83.06848823498711,83.68747451092611,81.17129000136018,82.63212122214419,4610501,410410967.6020229
2025-02-18,688039,83.39750584002596,84.07552738502793,81.77609027523657,83.90912618496712,8681383,989941927.5907557
2025-02-19,688039,83.98432521413349,86.56632090785972,82.223227205488,84.20529430987742,3221013,332233065.1424305
2025-02-20,688039,84.78367540010039,86.67717664059855,81.7610367602123,84.17819069240186,8726547,909337677.5664257
2025-02-21,688039,86.23832504400828,86.94250403504515,85.12994668559017,86.04483593550401,4571573,516772719.9320578
2025-02-24,688039,83.93857199883746,84.90261289178903,82.52001544452663,83.24252205065976,5086140,451116589.52769214
2025-02-25,688039,84.28699811214528,86.14841152029318,81.5289094244241,84.00972703070812,2210624,219842411.01222098
2025-02-26,688039,83.2837656115168,84.28421929493965,80.86872452677814,82.86752331568826,8660172,954073981.6525159
2025-02-27,688039,78.86703336444874,80.10066841599809,76.76374865873866,78.98474692651561,1478182,149503873.90116468
2025-02-28,688039,79.53019170268058,81.19673931602377,78.1880672724332,80.17114627312917,1692725,187272544.59136146
2025-03-03,688039,81.2907954527614,81.24038068175602,80.36177096579159,81.10598732506548,8180432,784237585.6801271
2025-03-04,688039,80.21402679368968,80.23042124845914,77.32671301641525,79.54937660179765,7229637,833462738.6582156
2025-03-05,688039,80.22286536076082,81.49304719278956,78.02131522747051,79.84262750867367,1558430,135090885.4134293
2025-03-06,688039,81.3653989699408,81.6203868678571,80.30020314528086,80.56647867460866,2988821,266676186.5190129
2025-03-07,688039,81.77362653048382,82.45538904756171,79.90901622409362,81.34208757585837,7251773,778522027.7235221
2025-03-10,688039,80.29579724331612,80.46719213198742,78.55442890758732,79.85666934931588,9425405,943671006.8172867
2025-03-11,688039,82.07636937735161,83.49470786269679,81.19489024379396,81.77454609428239,5229981,624193900.0375586
2025-03-12,688039,82.47424895744349,81.92457115482704,81.6083305333312,81.74443178025035,3112196,371300703.0133568
2025-03-13,688039,83.41348801405469,85.19525256326496,83.14558017141403,83.60195344737026,2682810,331124288.55533123
2025-03-14,688039,80.320970576794,82.36919835990025,79.01137644825656,80.16593730054943,8612397,1007677402.4947244
2025-03-17,688039,77.17794584350298,78.418150891007,76.52540144099923,77.95023792575478,2059627,189127078.21401298
2025-03-18,688039,80.18870119910244,80.33442147747752,79.16443344280418,79.7774496650529,7100727,635801855.2425362
2025-03-19,688039,79.90539613201256,82.09373396563227,79.94003545927312,80.54163831201357,8244506,695381800.8340062
2025-03-20,688039,80.65732054264271,81.39837288961742,79.83939846505939,80.06902760774251,1104117,131943529.97167501
2025-03-21,688039,78.83341452362367,79.39672519151519,77.7282263246277,79.28505576351624,5211555,579993508.9790721
2025-03-24,688039,81.01433429122261,82.01576718275267,78.82336376350169,80.46315683400903,2504471,228702569.13137364
2025-03-25,688039,80.13717064979065,81.77540537148693,78.5834553412769,80.93018350157115,5254568,517265746.328667
2025-03-26,688039,79.33423893197218,80.03285833680121,76.7440308995362,78.94796036849213,7153257,820045050.7929448
2025-03-27,688039,81.65725985597432,82.81414727253683,79.03995988088012,81.4008046562185,9382044,954291707.007499
2025-03-28,688039,81.82553061988342,83.39412864702231,80.26575883725977,82.07023924866965,7832718,946984766.1451207
2025-03-31,688039,80.43659096873567,81.37484378337781,80.48357603969475,81.13706062279785,7873356,950701151.0895325
2025-04-01,688039,78.38485391504211,78.13819096036754,77.93674501520421,78.10975312560839,4149119,395026895.4829576
2025-04-02,688039,74.12546945121592,75.15899243625574,73.07638441062211,74.2645790630685,4912580,373475949.4099107
2025-04-03,688039,74.54831980950506,75.60705077918891,72.92470633105245,73.81331785463522,4841063,367961289.4408965
2025-04-04,688039,76.25685541611554,77.54580391795386,75.29706257464578,76.39149692081814,6364265,513296702.61345947
2025-04-07,688039,77.46246319698895,77.97864151673596,76.22168011140083,76.89089420316569,2015873,193774429.48723784
2025-04-08,688039,75.12942968223288,76.90239320944869,74.5552988804503,75.83062353122956,5201922,481734704.19646615
2025-04-09,688039,78.91683049280378,79.98898548740706,77.3783215218791,78.32725345554607,5596757,653199852.6250222
2025-04-10,688039,78.51256608547055,78.71149699936504,75.72882915429611,78.02924881301198,9430424,1039309546.7769781
2025-04-11,688039,76.81319965085217,78.71840304212697,76.19012916088933,76.55594239467133,8891610,1005641273.5596828
2025-04-14,688039,74.90352154143062,77.45894389528316,74.87435472507629,75.57957305765795,5111404,427016111.4323915
2025-04-15,688039,77.50092830449643,78.59133308539343,76.66136065658867,76.77978409974239,3773620,297828892.72082764
2025-04-16,688039,76.65561667650617,78.09392594337231,74.40036526784016,76.6131211662281,3039275,282452755.8012366
2025-04-17,688039,75.2193021040011,74.92139524007457,73.56860984985546,74.81075857515901,4493857,503748690.02479905
2025-04-18,688039,73.20762417930057,74.85977673461471,73.0475021068885,73.13794007480985,1903957,159927026.9076958
2025-04-21,688039,74.86819091622652,75.99539779039276,74.10746383735575,75.51336996359781,8040637,798363294.8227264
2025-04-22,688039,74.8544332745039,75.67975530618043,74.87702582103952,75.00958286313056,2426654,259435047.38738486
2025-04-23,688039,74.72772622436295,77.1151504572599,73.23314579353557,75.00417168068172,3715532,339638955.5065129
2025-04-24,688039,74.67973490345601,74.43663392713752,73.42220264577333,74.14347330506654,5127756,521769617.14733124
2025-04-25,688039,75.06559543394256,76.10213267956631,73.96486698004563,75.53209488742769,2726332,228021884.2558901
2025-04-28,688039,74.32520755729345,76.35883835417637,74.03256747572925,74.35104044832424,9800097,994495749.4897108
2025-04-29,688039,75.26091162958993,77.22476274364085,74.1999607604429,75.4264472599386,1133632,126346278.12832774
2025-04-30,688039,75.32377667859534,77.31551965790422,74.19601853456295,75.46005550787044,6870065,719846779.3126116
2025-05-01,688039,76.06071675877448,78.01935849672697,74.48391696368728,75.82915233125902,1151499,126915982.94349344
2025-05-02,688039,77.58850109288852,79.50755736307607,75.9697222381429,77.40387515646616,9943942,975568071.7078176
2025-05-05,688039,78.89745079229203,79.16805468441454,77.08912730066636,78.28161267539382,3801385,311780149.6964145
2025-05-06,688039,76.80022957689988,77.96906641777242,75.74104029658747,77.4793294563702,6297393,492729660.162294
2025-05-07,688039,79.02944978918465,80.86006241705728,79.39002753756924,79.54754014015207,2068786,232954448.69475588
2025-05-08,688039,78.05587714401118,79.18734282742984,77.78516281789615,78.19763288165176,7414052,583615815.8601714
2025-05-09,688039,79.60937235984343,80.97800457111494,77.55750818926026,78.97043597255968,3540314,324349696.9564971
2025-05-12,688039,78.67882952912647,79.6551607805842,77.84943282563027,78.14195221034306,1026179,112807476.9735942
2025-05-13,688039,79.40903091738127,80.1948061931224,77.08787211247373,78.89554892553875,3317678,305284038.20532537
2025-05-14,688039,81.31429343174568,82.40270109105987,80.53634945314018,81.36285085764275,2210785,203658730.34869277
2025-05-15,688039,79.87380937341554,80.5548421762208,79.63293941086,80.13338273363827,8277341,732350833.421856
2025-05-16,688039,79.32971097794442,79.86260752720597,78.83797768934878,79.38405477507158,6754638,587343264.6959379
2025-05-19,688039,82.1742205525019,82.48072293537635,79.3558855450039,81.7378238812778,3948496,331941965.8705359
2025-05-20,688039,80.24144494502674,83.01827078534973,78.8727221260398,80.6650195892211,4145935,417525539.02624696
2025-05-21,688039,79.32958088245373,80.85157682265312,79.26332625991039,79.70743054630623,4769323,484371242.2380646
2025-05-22,688039,77.2787159001392,79.55733381541005,76.20042174581727,77.5174327157832,5849410,463544236.40520674
2025-05-23,688039,78.68433609512552,79.87574848926953,77.78590116284116,78.33602362607641,2808911,250183282.7787991
2025-05-26,688039,77.67168583745485,78.42715829303256,76.70691076214733,77.58695970585353,4805696,533789622.94026804
2025-05-27,688039,75.65013117548935,76.57949930220488,75.69783221443306,76.13271883388545,7563086,716445980.4646223
2025-05-28,688039,75.8653131802162,77.16572187563453,74.79143498416143,75.78144554356639,8719292,770968026.6162096
2025-05-29,688039,76.50581043585261,76.65377404132606,74.32667506254533,76.22924637147408,9347524,777435225.213686
2025-05-30,688039,73.92548613594532,74.83609661978142,73.07060630265315,73.51507365391188,7915234,666594049.6512718
2025-06-02,688039,72.90380083606318,73.54114295981518,71.60278495502736,73.37546226983507,3484792,288466963.73933333
2025-06-03,688039,71.73037397315083,72.32268551935285,71.53449657258217,71.86563225447222,1424045,107784157.38001892
2025-06-04,688039,71.48543169830431,71.83103721886138,70.62072492557934,71.0075509854588,7308226,713927229.4738595
2025-06-05,688039,71.23646107427531,72.55268520861036,70.4407370794797,71.01494706005359,4566686,417342605.0840992
2025-06-06,688039,72.09921410133414,73.55758358642224,71.50886697475953,71.79270737113393,3214695,230926307.05569443
2025-06-09,688039,72.13417057222216,72.42239846364691,70.9095819241115,71.68767752925444,4704660,343694928.4326457
2025-06-10,688039,70.04007776653876,70.32149293590298,68.95015223422833,70.11605681056467,9855342,804065888.2149603
2025-06-11,688039,68.95101712065319,68.62355653428844,66.48900690186586,68.36750820854607,5459694,422347262.5674505
2025-06-12,688039,69.64385628609695,69.73725877161141,69.22562646776375,69.24881843282184,4912634,498056197.5508231
2025-06-13,688039,69.32731075684833,70.59210986919724,68.12509096550207,68.6855603504409,6085448,426238681.51868737
2025-06-16,688039,68.46037452066449,69.34612381190124,67.4021945381388,68.53651039869953,3447303,326362667.4326554
2025-06-17,688039,67.14762993474746,68.3797359957005,65.63949161912248,66.909214495169,8762119,774498647.7438486
2025-06-18,688039,68.36686963655039,69.49337873078348,67.50702606474253,67.98186862771263,7350702,722694699.6546494
2025-06-19,688039,67.9236952318207,69.40535740500302,66.07617489195823,67.95583125329001,4970462,498766639.7919805
2025-06-20,688039,70.28730183382669,69.89136373165468,69.28827104023597,69.67249221996063,3298159,247805779.43990922
2025-06-23,688039,69.49236869145133,70.38927954720911,67.75533865926842,69.34346847431055,9871023,845214386.8230462
2025-06-24,688039,71.34869700563135,72.76437000955116,69.19005729240376,70.88859251859446,5624528,518968246.1526809
2025-06-25,688039,71.10960781097626,71.69057570697815,70.9877252046162,71.49177531849227,4344056,387628652.06424
2025-06-26,688039,70.30500376482247,71.07070536634367,69.01764541035735,69.66239684602262,2997599,276868165.2652005
2025-06-27,688039,70.89056722043978,71.14418981815633,69.54383226295228,70.65538773254552,7525372,697511849.3664846
2025-06-30,688039,71.2359696254676,70.74377725975815,70.54231785584277,70.56661209640387,6817961,645646232.5100964
2025-07-01,688039,69.0082873888589,70.96323978812707,68.71714345389042,69.56394169108131,3444280,241843941.78434947
2025-07-02,688039,68.41073908304405,70.25809812542812,67.67331005580338,68.52968550820034,5326819,462444267.77385044
2025-07-03,688039,68.30830831278126,70.53114365520389,67.7430582320495,68.51090218065059,1266294,99293496.90940325
2025-07-04,688039,69.57876864868575,70.05529995073127,69.42175305848707,69.68651138451,9544727,690371469.2031908
2025-07-07,688039,71.03948711902045,71.65681917164375,69.32818990996451,70.76752935611717,9805951,1009125521.6651407
2025-07-08,688039,70.08675085140189,71.68030517528744,69.33493178019489,70.75998494565141,2825402,297198128.98235047
2025-07-09,688039,71.04933199716801,72.37989480777713,70.56785108084215,70.97465623031553,8976218,831066291.733125
2025-07-10,688039,71.23023041395916,73.99459812647893,69.76908516234764,71.85492121264056,8916388,885868769.4608452
2025-07-11,688039,70.7603734249762,72.79780715485194,68.80471012704173,70.89117627890616,5254881,549686764.8388122
2025-07-14,688039,69.7062442270178,70.9437894902779,68.46822684048722,69.17767645262884,7421539,619792708.4108421
2025-07-15,688039,70.44579182651097,71.00535256190695,68.97100835645507,70.85260278637392,2965023,213083049.1700885
2025-07-16,688039,72.25115619346536,74.40760244429721,71.977014130808,72.66889179410313,2957853,313947831.30359715
2025-07-17,688039,72.71798832033582,73.30530797476982,72.6834477393559,73.0069666129524,1377348,114201264.49937972
2025-07-18,688039,73.92049874295675,74.00186254369008,72.02741908180917,73.52071932964488,4955284,459646275.5254644
2025-07-21,688039,73.90207444324561,76.16944827620017,73.59674613685638,74.00052728556336,5869100,608258783.769924
2025-07-22,688039,73.57511454531173,75.86359040912922,73.4170642329172,73.69727103323214,2205968,198278703.47515807
2025-07-23,688039,76.15343457408528,77.16555614079871,74.61041837132146,76.88699095813068,2226690,232368885.86022535
2025-07-24,688039,74.96416121422509,75.7472334856164,75.36158429560572,75.4053813694643,2736803,298733459.5803238
2025-07-25,688039,77.189867531949,77.50233522745278,76.02090366986596,76.60182229944061,2235608,199319871.30975336
2025-07-28,688039,78.42448848158067,79.65984299965002,77.3790447597009,77.7673238645678,5030570,547636233.045796
2025-07-29,688039,76.32350650814348,76.95276084080396,76.80294407205874,76.85471280341112,9240664,780270764.190288
2025-07-30,688039,77.19847937024475,77.61386606717709,77.06698948610698,77.40724923565008,7824860,684624796.1569556
2025-07-31,688039,78.32390906668773,79.7151323067709,77.82042303109344,79.09577575750899,9186772,1030688095.3537617
2025-08-01,688039,78.12326939934053,81.10803426604204,78.79877974678688,78.9072394485959,2856851,267866738.24399206
2025-08-04,688039,80.37672774816907,81.65278987505823,77.33527665174401,79.66889369240546,8999209,1036707936.4770494
2025-08-05,688039,81.11133238439093,83.28043732040017,80.19745237032618,81.42119358922633,5827041,520452033.5869051
2025-08-06,688039,80.36017879591921,81.89620400789993,78.85567938213124,80.20944459260818,4184586,495118901.5821628
2025-08-07,688039,76.58881043889176,78.72814595318648,76.94629462308674,77.26561986732459,5493767,465672614.5652186
2025-08-08,688039,76.77235305751029,79.33805718426117,77.22115066363519,77.42346641946192,5951634,690159315.3678077
2025-08-11,688039,74.63431598961537,75.86521877074858,73.41170244313902,75.10143510791637,6406813,577875899.9257754
2025-08-12,688039,75.64164667820314,76.08951280729748,73.01433548058841,75.16780372492117,8713822,843493545.895003
2025-08-13,688039,76.73696027149657,77.09709672145608,75.84580227468759,76.15342499306266,4758118,492005108.58329487
2025-08-14,688039,73.7931960208706,74.26794781241291,73.95109929328117,74.13771206265517,6404585,593702528.1223019
2025-08-15,688039,75.2467322359741,77.74744355508996,73.55662696933896,75.57387983130184,2857764,319516714.9891331
2025-08-18,688039,74.8773201512751,75.73904870666223,73.5236467043867,75.3470534583504,2034576,183481259.65667006
2025-08-19,688039,73.85012458697773,74.91251111153014,73.13914737797593,74.54688149139929,9425751,726312560.6236771
2025-08-20,688039,74.73686875754575,76.44869674787392,73.63225172906813,74.51925673607873,1552882,152823480.39248893
2025-08-21,688039,74.8666693474425,76.37095481069662,74.6904584323744,75.22536083955647,6337250,490565048.1997924
2025-08-22,688039,75.37521489264006,76.41379942755735,74.27906764161554,75.12102004245949,4942142,483518048.4443965
2025-08-25,688039,76.31972217954771,78.00612855895282,74.5532842914737,76.7500537209765,2123564,178279790.71965405
2025-08-26,688039,75.77862070536466,75.62229388881995,75.30822317945922,75.43627647558418,2180387,187573091.92918834
2025-08-27,688039,75.23045200952247,76.97904322020433,74.0516579767074,75.40643935719444,8953114,749605209.7999809
2025-08-28,688039,75.62354930259626,78.25397023355843,73.91341006429973,76.00986672293769,2210142,237037960.28117478
2025-08-29,688039,73.69045961853276,75.29463568068093,72.47085387876577,74.14266777809422,1336461,140110708.39993784
2025-09-01,688039,75.46069909144758,77.39709044354426,75.5870711399495,75.83302224135723,9656876,1042517691.2036183
2025-09-02,688039,78.66850203650496,79.54878994944073,77.34632421528929,78.60019921863768,7491571,816342248.3077245
2025-09-03,688039,78.7807768566823,79.08911199782845,77.84605006258002,78.69417519427267,8115774,663858380.9564877
2025-09-04,688039,77.95907268711028,79.76022103750553,76.62100614945749,78.67824112576454,7598324,626247534.7742773
2025-09-05,688039,78.01366780994626,78.84664305934008,77.37060893616864,78.32739347655891,8808127,903971636.3403094
2025-09-08,688039,79.87514062490271,79.87288684776927,79.63680421121582,79.82952439882547,5730913,581118706.9666146
2025-09-09,688039,78.58129882241423,79.17825620364935,76.2570610256446,77.86575668188621,5655803,595792326.8951389
2025-09-10,688039,78.70534076802346,79.6251219447421,76.43586716091531,78.29457793696999,4149798,410697728.97949064
2025-09-11,688039,76.67000526766539,77.22939074822845,75.48987057131579,76.5059063179663,9470600,959966743.5872545
2025-09-12,688039,76.36832550525072,77.43367895342388,75.80127583615288,76.08299617297601,9318827,844320850.2273015
2025-09-15,688039,75.4919711440273,76.2443765188132,75.71576365402622,75.8400708359561,3945562,351152227.24523455
2025-09-16,688039,74.06811876504153,74.44245654570143,72.82586806847165,74.39423239005741,6313537,484393696.2753924
2025-09-17,688039,74.89068348522876,75.60989482537977,73.40903656106984,75.40559553624531,8701836,666976615.5780219
2025-09-18,688039,75.44569286421732,75.91669108092536,73.99060258556888,75.8500336244144,7747056,860720049.0489492
2025-09-19,688039,74.90642800253654,76.71853449893904,73.08162978655584,75.09019378621163,5388918,594287621.681992
2025-09-22,688039,74.79285169156404,77.35566133937644,74.75545133174177,75.22267125521402,2526306,249217567.9000467
2025-09-23,688039,73.65525315667344,74.04937264474562,73.01275374521292,73.7503415695515,8212997,800112616.900486
2025-09-24,688039,73.08509282242218,75.25450002235146,73.08578397643842,73.26219801173377,1995846,208670090.13565806
2025-09-25,688039,73.52595244450174,75.07177111751561,72.42845169682388,73.09644564142991,4447746,471110796.3090299
2025-09-26,688039,72.76410378192288,73.38591321187945,72.42248113380386,72.93156696125513,4800925,385880678.44123775
2025-09-29,688039,72.42964809625016,73.19935237903115,69.93649518440843,72.09807074982938,2299703,193751656.01083794
2025-09-30,688039,70.47821622735289,71.67780018781293,70.38808607679537,70.65756637792148,2963581,214287739.11142176
2025-10-01,688039,70.08542138081272,71.96507419675407,69.68945929701775,70.16383494763753,1582811,145816010.34487918
2025-10-02,688039,70.77183804127586,71.71078983187618,69.9360067516912,70.91436541200615,4089509,388445208.174645
2025-10-03,688039,70.23500158713186,70.78434760855204,69.62975895238019,69.96996362865123,5002280,444096359.8524166
2025-10-06,688039,69.7443279269536,72.14526171201534,68.3546403737401,70.33207504618913,3839846,313481660.7199768
2025-10-07,688039,71.29031839540981,72.29643116541826,69.84071262010615,71.28187026175907,5570698,540917841.4696035
2025-10-08,688039,68.47860721052253,69.32862995604054,68.68552016289081,69.01455193417387,6183154,602618387.2912815
2025-10-09,688039,69.37815253035103,69.34109573711484,67.23078917049101,69.1715561589323,6501389,478397293.29095274
2025-10-10,688039,70.61670776548387,70.49837066999456,68.73860709708792,69.98747670435424,2132703,209696258.70230463
2025-10-13,688039,69.03107505883091,69.32461210623713,67.09098370629489,68.52408248014862,8409230,863361969.8276172
2025-10-14,688039,68.10738564511736,69.20694537937386,65.78825878020957,67.63853433475342,3773848,325230054.593886
2025-10-15,688039,67.77919608407085,69.38776163806389,66.89442844211305,67.41687176200969,6190604,578957625.7295907
2025-10-16,688039,67.40986565814025,68.20397532666546,67.2535060114512,67.89012378519557,8140551,716890665.4944557
2025-10-17,688039,68.69105916092217,69.72625654129138,67.09192521907487,69.11917971270555,6697533,481874795.0996794
2025-10-20,688039,69.0395413099713,69.15950839335896,66.93682835945015,68.8152103679761,6004524,506702981.72492296
2025-10-21,688039,67.40426834879506,69.44470905548859,67.1153381589722,67.53166765190053,7209265,520211543.73544747
2025-10-22,688039,67.35016689609158,68.39141894899556,65.75264584195598,67.15083042814032,2028097,145624850.44547027
2025-10-23,688039,68.45434574638435,69.11864772144224,66.69698426702604,67.9872448349808,5593841,540398320.8143268
2025-10-24,688039,69.91100064687507,69.77363780500025,68.41508494886611,69.38316808947695,9036911,673962487.8108287
2025-10-27,688039,68.37850499477608,67.81410039518865,66.84617278733333,67.75717298954591,6463664,591341629.1286471
2025-10-28,688039,68.0708866445859,69.79683300597607,67.16708996135193,68.18367278198855,3314145,256878626.82991448
2025-10-29,688039,67.78317969507452,68.08963313893632,66.06574071536733,67.1222258428804,4491448,349472185.0937636
2025-10-30,688039,65.07854152452691,65.32345306936993,64.22968096165187,65.00010912894439,6546603,629540994.9608644
2025-10-31,688039,63.51749089595183,65.33899247161426,63.620709213231066,64.01258166034052,7540028,711227263.8448877
2025-11-03,688039,64.60643924824251,65.85795940890802,63.49786919573945,64.15504380362316,6731506,608137501.7240994
2025-11-04,688039,65.73590631914216,66.5311031200648,64.25147298911399,65.47119865548385,9834804,892969169.6640986
2025-11-05,688039,64.13573189701233,66.02280577598579,62.611206098812744,64.10150915820326,9005845,717642885.4018347
2025-11-06,688039,64.99520856194539,65.89925889728929,63.217161673441204,64.98546365170306,8810184,820447354.0588889
2025-11-07,688039,64.78307379147705,65.98782198405861,64.40401368501882,64.71222955524522,8868630,607289635.3079555
2025-11-10,688039,64.00875148047535,64.33444536702862,61.762592184854554,63.59031445875196,4197653,372856774.7489549
2025-11-11,688039,65.34870572464733,66.94104594999463,64.98024685066211,65.92233673663532,4749120,415132063.003695
2025-11-12,688039,66.01954738189008,67.67140679322048,65.99142045715878,66.3548700424955,5927795,509693815.3078599
2025-11-13,688039,66.12970330862251,66.77100723440846,66.25104289691157,66.61923522106372,7969178,587846588.1564621
2025-11-14,688039,67.00827018925736,67.69949947990733,65.58363576689838,67.60657414321821,7400885,535470149.14231247
2025-11-17,688039,67.35768761688267,68.04166811728487,67.56911147762979,67.77394918517751,2721033,235396045.24018547
2025-11-18,688039,67.72447863348488,69.5649348213803,67.54650867222163,68.31648806365155,7923875,804077048.664284
2025-11-19,688039,68.99568891647128,69.40187799076391,67.5335964327467,68.6236013604072,3205748,233726226.8162658
2025-11-20,688039,67.46378900090569,67.50421174863645,65.04510096990148,66.85793606537622,9934830,965274570.0504467
2025-11-21,688039,67.25676641940231,69.55859358262201,67.35312797903806,67.84541255874433,3457892,334852943.7942812
2025-11-24,688039,67.83680292409363,68.41738976472043,66.0896040631336,67.95685604108867,9707309,848735705.486355
2025-11-25,688039,67.92480902767002,67.75630818776196,66.24385787950608,67.63931214992522,5667970,453014224.1856245
2025-11-26,688039,69.80396403881844,71.41865371624495,69.02778403842285,69.7580220171294,7379747,658189083.5162185
2025-11-27,688039,68.59390022107887,70.08445180333499,66.78619290832346,68.80883952415736,7050721,584830130.8854809
2025-11-28,688039,69.507081548599,71.1056943002534,67.50695472509408,69.14236338806977,9110635,792449330.757574
2025-12-01,688039,70.9942872970387,72.12696462391558,68.40266169291604,70.30638115618635,4613616,436459027.29463935
2025-12-02,688039,72.11678646022082,73.82923515451394,70.26090431729014,72.05968813644682,7605747,801323915.3571213
2025-12-03,688039,71.65672749039422,72.01554314248605,70.11588090647737,71.0410242497739,8102219,759030594.8949277
2025-12-04,688039,71.95009232776641,73.33413096636265,70.87177707143739,72.2296102785098,8728397,930075754.28253
2025-12-05,688039,70.24151439388633,72.18003646529257,69.47104110453127,70.91032527635838,1285351,100008987.00993772
2025-12-08,688039,73.28535411431467,74.3987961494343,71.56335824474182,72.82884311724975,4338509,411212645.85682493
2025-12-09,688039,72.68324061191467,74.98416896106951,71.48461724750311,73.14829429766786,7550504,677271829.8058869
2025-12-10,688039,72.76685422525557,74.92260506226755,71.96998514626641,72.75426238494725,5909704,631159443.1935256
2025-12-11,688039,74.37194667546993,74.13441443301262,73.83431061890403,73.86707081687717,1920407,157595977.12771353
2025-12-12,688039,75.2797933957925,76.80047035990167,74.64298732560438,75.20483092463152,5460418,596669498.3941234
2025-12-15,688039,74.06412921182178,75.43308949510335,73.4776468622226,74.16740714889418,4916195,385289668.19365317
2025-12-16,688039,71.087431709043,72.70151242535772,71.22856719861456,71.70865869509868,3338734,292183092.1483965
2025-12-17,688039,72.76347842727192,74.64779510358244,72.51714170521055,72.73978789476783,8590286,759209951.5536268
2025-12-18,688039,72.79102470085495,73.35490330420821,72.43393776678722,72.78888293117097,8601431,664426232.9146918
2025-12-19,688039,73.17260377011435,75.5684151719263,73.27433269860612,73.86848977750145,8359891,844253616.6986123
2025-12-22,688039,71.6414274492738,73.82720903544929,70.72652884856127,71.71796396793263,4744165,370918075.62662613
2025-12-23,688039,70.83438972802941,72.7053599071034,70.05580296498056,71.46384740493345,2697366,201499536.42219213
2025-12-24,688039,71.80084827158439,72.05910693780122,71.0699391383458,71.23679630501509,8191758,854906186.6824248
2025-12-25,688039,70.70828758329826,71.12026139863187,69.15636828803719,70.61597905899897,6495033,673462580.7134731
2025-12-26,688039,69.39533525930416,70.023425756055,69.41841614785096,69.74128300578053,4059883,354352203.1502193
2025-12-29,688039,70.52121335388655,72.49074247732284,68.83817083442237,70.51113367540509,8507840,695710702.6042802
2025-12-30,688039,69.07552499763923,70.52046229252974,68.87576307084582,69.59202741413984,9204000,812322270.4337189
2025-12-31,688039,68.74582812685551,69.82394752265685,68.88030586800173,69.21568708898631,2269569,162754479.58577716
2026-01-01,688039,67.38556362143188,68.68655174022011,66.10188552592487,68.05185100208882,3234007,229839762.75596026
2026-01-02,688039,67.03654885788892,67.99380146964131,66.99959279876543,67.52299439149505,8559655,856076682.427011
2026-01-05,688039,68.89505071741034,69.80025132227237,69.10818099613827,69.32728242238112,9430132,854924529.3604976
2026-01-06,688039,69.10359224058017,69.95616603766565,66.73264256797083,68.58893410753794,8036730,607373164.8902718
2026-01-07,688039,69.02107137708859,70.56874023518576,69.10207453077888,69.15031677194082,7161886,695699813.9329861
2026-01-08,688039,68.04788314368163,68.93437447339953,65.99079698326798,67.84416105916551,4788541,473759181.8993043
2026-01-09,688039,70.3090968834989,70.28613389325338,68.13382332964218,69.79183168158464,9950901,926385742.127298
2026-01-12,688039,69.4398748698864,70.26419546880115,67.91760746897704,69.94906387331409,2017283,207078062.70869207
2026-01-13,688039,71.12781640408431,71.62833405294603,70.46608873598309,70.92787506268769,4480078,322731088.7527198
2026-01-14,688039,71.0444305341265,71.68482901412114,70.80395562916054,70.86063326792171,6453997,625009218.8117974
2026-01-15,688039,70.23081748017945,71.11860706375035,67.86928029505997,69.70832288764612,6258843,561764271.00395
2026-01-16,688039,72.69733989194705,73.60391545328311,71.49691978683906,72.40664839527426,2687264,236993124.19902796
2026-01-19,688039,75.41482052202055,76.37334138891981,72.91089553195664,75.0418000146704,9693852,868407682.552845
2026-01-20,688039,76.71601788362722,78.55141144767492,76.9136054140909,77.22384873064372,3209732,288558779.3827794
2026-01-21,688039,76.34339078943673,77.93784012706554,74.10612497018025,75.74683815212873,6675092,749104662.0039494
2026-01-22,688039,75.58850011549627,75.89505328488414,74.93988063938521,75.03233694267762,6908879,693548555.9161133
2026-01-23,688039,75.12319039196797,77.2160328673832,73.49353649887975,75.75441354039492,7435426,684761558.6104599
2026-01-26,688039,75.87376248653742,76.42335973906874,73.73521618551489,75.78948594301978,3317730,318524170.68758696
2026-01-27,688039,76.49474058374234,78.86574909368191,74.58240928007848,76.81530047665147,1268044,131868732.37185425
2026-01-28,688039,77.75146580596613,78.95292869698433,75.92091794837356,77.95143364987736,4132494,354324401.84437835
2026-01-29,688039,78.5547276260419,81.62885038144695,78.63954269185196,79.25512414084606,9664547,887128621.7859815
2026-01-30,688039,81.30892884614137,80.96190853200619,79.90959701744055,80.58340059129752,9957076,920283087.1036717
2026-02-02,688039,80.38715066550762,82.355875382576,78.8936540460225,80.94598507417818,9318846,784819300.4635005
2026-02-03,688039,81.517175573184,83.57440558749283,79.60878693885705,81.49970635990744,4254961,495260836.5062838
2026-02-04,688039,80.40653775268602,81.61000724298384,78.38064292954589,80.19236348916421,2246176,190487182.6967057
2026-02-05,688039,79.63856002507666,81.51208118413479,77.80585484437069,80.12450189863392,9276550,743426324.2028644
2026-02-06,688039,82.94569108683879,84.4925005784181,81.90326814011635,82.996342604722,5632387,611052648.9675486
2026-02-09,688039,81.21950426356061,83.68094656389326,80.19104190065306,81.48560528589933,7948120,668784172.5559124
2026-02-10,688039,81.3804280026152,82.99657428696908,81.10776727290167,81.38338692490949,4378061,503787519.24621594
2026-02-11,688039,79.04313266048871,79.08235034156881,78.34240192497666,78.39283513880727,4959448,420743431.61529964
2026-02-12,688039,79.29228254310183,80.25094444269821,78.84346683384186,79.5292489353669,8018952,807874160.2538701
2026-02-13,688039,79.90366104301413,79.94698020028201,78.80838155813962,79.49411485590024,2610673,293535425.8463454
2026-02-16,688039,77.78604589421721,78.31715541836785,75.19515605895077,77.29701158699844,9970337,907878236.2652863
2026-02-17,688039,76.14433884011054,75.81200906887064,74.60675441709375,75.60798008289083,7040277,625531448.3617866
2026-02-18,688039,75.93493962696381,77.23761485421771,73.71523473928956,75.80911982263447,9752603,902094589.1486654
2026-02-19,688039,74.80769002574314,75.564471344754,73.11205319223735,74.14504531895011,6425504,548149005.0529199
2026-02-20,688039,73.40548182605666,73.69721174269787,71.42971026959407,73.40846727116372,3917208,335500478.241567
2026-02-23,688039,73.7949248652086,73.71375026955636,71.86769277407444,73.6719785412912,3461670,375897153.25551337
2026-02-24,688039,76.06333469184685,77.56608631970714,74.54540163606806,76.2112216586246,7059354,607289891.8121693
2026-02-25,688039,76.69158031103858,78.98861924492066,75.83754100101852,77.0732469285996,8504467,711879642.4363025
2026-02-26,688039,75.93290364928741,76.72285220453341,73.92890421810718,76.08191760418302,3356627,285931303.67753404
2026-02-27,688039,72.49786253539466,73.87790980037047,71.6795348268075,73.15107502555202,5358208,459165266.7268707
2026-03-02,688039,72.66288236593739,73.2349108917864,72.08378953885581,72.90979601784053,3649786,373903355.19399816
2026-03-03,688039,72.9809735854813,73.67059340341893,72.65589478624413,72.66767654384594,8846434,840199190.5738201
2026-03-04,688039,71.68602215703682,72.52880939190328,70.11809865854168,71.25642995660465,4142352,425158164.3734893
2026-03-05,688039,71.2011902851679,72.20345104874846,69.93663317541554,70.9845139261405,8286011,734586158.7675945
2026-03-06,688039,70.92169097810718,71.61685442728586,68.54834771341109,70.31954460628201,2895175,284732226.1952433
2026-03-09,688039,68.64473048477811,70.03458038630603,68.92675460676952,69.1610268873761,7046618,578584294.2172014
2026-03-10,688039,70.15239696054421,70.39689858718917,68.80005869670046,70.00265195915382,2684167,216941323.38195285
2026-03-11,688039,67.4328000640667,69.27155969388535,67.2969960391928,67.6528623499077,5219810,430389384.6541205
2026-03-12,688039,68.30015473337636,69.18366152426034,66.75805524560441,68.03891942156062,2676012,200278249.4629996
2026-03-13,688039,65.82071261717445,66.84726869526006,64.29646109354573,65.84570056796895,8612056,773875453.8501669
2026-03-16,688039,65.13996343766884,66.24327080078619,63.28795332027573,64.77252100157025,4611855,302352139.28448063
2026-03-17,688039,63.72063841976987,65.14277396090212,62.75231485679081,64.01766732180863,8496557,676170105.5662766
2026-03-18,688039,63.53824547175664,63.85601509975845,62.25735765981041,63.13846660110382,1002614,82922160.27637474
2026-03-19,688039,63.6212799965041,65.62420889372437,63.82594494778251,64.02783647197623,9696430,874291043.9933478
2026-03-20,688039,63.83649378123863,64.53220549490632,64.08765565681854,64.28870897548111,3538246,247774947.86062583
2026-03-23,688039,63.479318669884336,64.31616982309683,63.719036369649395,63.800962069627026,3916557,318749053.2886832
2026-03-24,688039,63.188679583476365,63.508648475906355,62.814911636013285,63.503518887758766,4016553,296674973.1157963
2026-03-25,688039,65.25391284787052,65.25222693220402,63.02756361940712,64.64046529251414,3137958,296820525.7665531
2026-03-26,688039,64.15971874383413,64.87985819786093,64.14081372953225,64.68607446693217,2989399,229249307.7450482
2026-03-27,688039,63.43613778762423,64.60897665019101,63.18834319982499,63.266861738994976,3273486,270418364.40519136
2026-03-30,688039,65.89944916559821,66.56389650467474,64.22119240918789,65.32367084872274,7183646,565475587.9014276
2026-03-31,688039,63.8901202000005,64.71010108822075,63.41964002662086,64.20920999543955,6653326,431358975.2626514
2026-04-01,688039,65.23566129237823,65.92184725496377,63.588361802126975,64.82335890107075,3244145,269914388.465714
2026-04-02,688039,62.61990863519129,64.83639420508663,61.5803360788737,63.05494400515314,4435703,281989396.7363807
2026-04-03,688039,63.328529923360726,63.490728789114755,62.780606933834775,63.448010277478254,7469231,515717063.76691854
2026-04-06,688039,63.332028973547224,64.36555612564871,62.108309256112015,62.85172090575093,8123461,762423705.5857704
2026-04-07,688039,63.01965419305202,64.49560504055913,63.270107755176944,63.392786358794034,3710475,296913393.8998681
2026-04-08,688039,64.96842056425756,67.12072685685894,65.07423192002638,65.18764394276704,9795343,710880306.9402673
2026-04-09,688039,64.44637297398133,65.44414246538842,63.05409307423887,64.38199053813972,6609726,473343688.58134943
2026-04-10,688039,67.29038491355529,67.67545608865056,66.03325277815544,66.64706289091535,8361073,784230057.6080401
2026-04-13,688039,67.37510152688334,68.47296669572157,67.30165326996917,67.90409107023251,6334915,499949773.43071944
2026-04-14,688039,68.42222306391417,69.90708517915273,66.54377495849913,68.00561884463139,4891779,388007504.4215379
2026-04-15,688039,65.95455957430069,67.34844263996295,66.28451105205657,66.45876085199848,6503504,583281361.8612883
2026-04-16,688039,67.44034475942271,67.57898138979738,66.73392571184384,66.92661469000218,6537055,589852120.5441157
2026-04-17,688039,66.65216517807208,67.18131200767425,66.4456298542078,67.01555772709055,4677549,456952310.6329862
2026-04-20,688039,66.46059306710461,66.85339361200838,65.07373819124405,66.73443543760703,2801639,218958433.4151184
2026-04-21,688039,66.42495104024871,66.51515084933435,64.79489715628478,66.00121252602902,5948119,510853229.0745503
2026-04-22,688039,66.25517981580121,68.4685354177896,66.47778924021603,66.63542119294513,3428390,237969538.1810855
2026-04-23,688039,67.41360340806548,69.18347610522883,65.25413628589253,67.21447395410591,9430800,773779302.0728192
2026-04-24,688039,68.53816951789395,70.3350442122214,67.47771679903663,68.54752610649226,5939536,540724809.7720091
2026-04-27,688039,68.26379892666831,68.196305776298,66.53315578982638,67.97430301479586,6526614,531979726.82459897
2026-04-28,688039,67.59096882444639,69.80302096729085,66.30038755644476,68.1160491474061,6440288,550045570.8007841
2026-04-29,688039,68.65792172853818,69.9606373250099,67.29807246943508,68.57910758908261,3688827,326668574.68116397
2026-04-30,688039,67.71174953155213,68.38195911006221,67.463993904928,68.05634678484424,9298801,869494131.0195558
