date,code,open,high,low,close,volume,amount
2015-01-01,688063,21.11814850303899,21.3373888335302,20.621465633068272,20.932955318162655,7421890,206406941.5965235
2015-01-02,688063,20.80733886975038,20.94257927313539,20.110456075925534,20.622262233125685,1000842,29958210.114297453
2015-01-05,688063,20.86847819211012,21.059516991557913,20.473408672424004,20.67002273888606,1278506,31657418.610884458
2015-01-06,688063,20.629284727799018,20.78750639766755,20.284962725446565,20.627537921150303,9300214,222950215.8977773
2015-01-07,688063,20.81133670727835,20.936844151100786,20.521519763197084,20.61454532338165,7130883,212286403.49217823
2015-01-08,688063,20.217630187877777,20.435853249357883,19.731637839228497,20.242707801787276,4443679,111771860.69762045
2015-01-09,688063,20.38410249585233,20.452153294610547,20.259012409138414,20.32884012910808,3457428,77285322.16870396
2015-01-12,688063,20.20629719271124,20.724541916311875,19.607710414997463,20.19766792640459,2153462,47040814.97956213
2015-01-13,688063,20.41813810079012,20.701740846068798,19.70215868078452,20.240836349149156,6825124,193255120.27266473
2015-01-14,688063,20.362577780818636,20.49662651216332,19.66776269072419,20.178624065867776,7278537,177448387.35149184
2015-01-15,688063,19.82617559674465,20.243189598168332,19.874312225350558,19.948311560090836,6728404,167254829.36830387
2015-01-16,688063,19.715097027662583,19.756388973211315,19.252311712052958,19.730859170912574,5755317,155274481.59055346
2015-01-19,688063,19.749015643511747,20.13808916245245,19.569738009187024,19.81790710434518,7442713,201775253.41634664
2015-01-20,688063,19.739487095971157,19.690338953367373,19.118767013716646,19.58147970481769,5757976,122904892.78853218
2015-01-21,688063,19.5126293206719,19.448206949739802,19.132570374272717,19.44744477642508,2016513,58804568.27458957
2015-01-22,688063,19.50416053043311,19.856906812379407,19.22807118660118,19.31958411653134,8348853,185073667.6999194
2015-01-23,688063,19.445806622510368,19.551389396087366,18.94512037695138,19.440542236711202,8986979,238453955.77234498
2015-01-26,688063,19.742823520104274,19.806127676518543,19.312256526935506,19.609341655349947,8062060,217119055.4235464
2015-01-27,688063,19.678288231238994,20.12612061532342,19.23887832916721,19.67019975858016,9412037,265855329.13629064
2015-01-28,688063,19.513287958235335,19.674584361293356,19.385231691384348,19.4401194978025,3457707,87254115.9466109
2015-01-29,688063,19.40150992167481,19.546718524792198,18.837313230492377,19.22793776564251,6617124,128717592.16702297
2015-01-30,688063,18.705848101446236,18.94238111110648,18.67542444456163,18.894613979060036,2855599,70603277.3543836
2015-02-02,688063,19.089205601328608,19.44984399423862,18.552261934789374,19.06267901978793,5641204,158078919.94568357
2015-02-03,688063,18.640362073449158,19.165984648821773,18.313247644034355,18.748662542060615,6648990,147192097.6728145
2015-02-04,688063,18.945127344594418,18.921287134987036,18.36912229212849,18.83396243719405,9308015,240338052.36930934
2015-02-05,688063,18.97647018661977,19.308640619535108,18.620535345985996,19.007960394586295,3208630,89756303.33343753
2015-02-06,688063,19.178031140401544,19.277682068203298,18.888254302046843,19.175399435475008,3511885,82067974.58904451
2015-02-09,688063,19.25173031918743,20.007786168222474,18.913343984176898,19.42663163568529,7200187,194993864.50095633
2015-02-10,688063,19.54370228486731,20.08907880417994,19.051119063490372,19.592395897688597,8157155,162335838.95254946
2015-02-11,688063,19.99385557717588,20.310326055565017,19.702030699970848,19.907060048379808,4367016,104705054.19244751
2015-02-12,688063,19.42417466934942,19.6819878363462,19.56600174198308,19.574925014140064,7685112,176126104.30976865
2015-02-13,688063,19.505132323369303,19.91429488839978,19.500273580729985,19.59569446090883,6590501,132509671.07500707
2015-02-16,688063,19.502930644404824,19.902325347740234,18.994526705883594,19.449554383643672,6397198,141733676.26705027
2015-02-17,688063,20.093451737027397,19.99650714669221,19.41561108838599,19.929810625401263,2074033,57616730.23924056
2015-02-18,688063,19.851655221844652,20.067494040449795,19.68660085022784,19.787554177107133,1391407,34216878.08653157
2015-02-19,688063,19.89011519205583,20.11627373583683,19.5927563338325,19.93932741931264,5790415,122852515.30632636
2015-02-20,688063,19.689691474168296,20.0219247666155,19.567530601796644,19.637575148998177,3197670,77391581.19005555
2015-02-23,688063,19.541392765354995,19.72147719764845,19.420282684096396,19.620800666680893,1130625,28536755.98860573
2015-02-24,688063,19.67030536463832,20.04158335081038,19.53204265291166,19.828207527830617,9433609,231145235.48680088
2015-02-25,688063,19.74366294106159,20.21816439273871,19.680426166915794,19.728465525587325,5077204,136546923.36541346
2015-02-26,688063,19.817617646460874,19.939630456205883,19.180304992251546,19.684046486464258,8433323,195640016.37735727
2015-02-27,688063,19.842675614258898,19.918817095378312,19.679440497716417,19.706557605673922,8389336,202690432.07768586
2015-03-02,688063,19.560787951780906,19.809055653736955,19.358821251949937,19.525192620774916,4587782,118301287.14286584
2015-03-03,688063,19.857009207599734,20.08273828551967,19.142972088691444,19.692675063003477,8688631,243025420.8867706
2015-03-04,688063,20.154238399216627,20.131226519711905,19.831796652909226,20.014422387961034,1912749,53993297.54804543
2015-03-05,688063,20.12518035081492,20.17179222634949,19.941820262082633,20.138007110490832,3452592,73349390.01757197
2015-03-06,688063,20.008708374786817,20.432109232596282,19.79180029020893,20.001060797858475,4228199,85979570.36189112
2015-03-09,688063,19.963676242054458,20.45311030256369,19.758736982380636,20.10913551143639,7175020,182417814.54456896
2015-03-10,688063,20.033465235847697,20.76133007692613,19.691279348354712,20.169390576166506,5500000,121681360.75119431
2015-03-11,688063,19.75220291529579,20.43171837200045,19.74841897403231,19.900964284293956,7102119,192388888.06782624
2015-03-12,688063,19.473847472549387,19.683995830609355,19.181890614697014,19.456235635502438,7947477,178236883.72928163
2015-03-13,688063,19.335427394595545,19.729938297163773,19.03469698069056,19.489484924674763,4015486,85672922.30587207
2015-03-16,688063,19.372860271794934,19.421044452281713,19.224121330163783,19.290591447870277,2667541,58106812.09024091
2015-03-17,688063,19.13346266384627,19.586641245013826,19.13991527213663,19.325583791287087,2853846,62483012.700338244
2015-03-18,688063,19.26778271634138,19.70058915074025,18.947574803703127,19.44146600266776,5972709,128287802.74198818
2015-03-19,688063,19.456972372366906,19.588734068078175,18.93897868564287,19.439000021683597,9482468,205181691.75833353
2015-03-20,688063,19.541240035050045,19.806853457113263,19.311167277956418,19.58188990046004,7103788,144309035.83824262
2015-03-23,688063,19.641275460021337,19.83762624835163,19.388118551382917,19.48310246703773,7904089,213353686.1205584
2015-03-24,688063,19.582946831508067,19.68247613831754,19.577115571757325,19.657991313684708,5385761,133242587.19512556
2015-03-25,688063,19.06478110049352,19.281595921430156,18.5683216083341,19.061257959083235,8653124,235092169.8955807
2015-03-26,688063,18.750554994501194,19.305817955274915,18.419756043548553,18.87969207663452,7163069,145355954.366092
2015-03-27,688063,18.74661060080944,18.96213859171865,18.509989321362088,18.67938774709588,6664497,129061937.14621165
2015-03-30,688063,18.698450913604816,18.935880750842205,18.538906006991763,18.638207415828496,5048737,137718165.8545146
2015-03-31,688063,18.509887364771767,18.68388283640708,18.35307060626513,18.658625438631958,7248070,142947813.9603708
2015-04-01,688063,19.141450646299056,19.389877973023438,18.56724788986465,19.057771677848223,8176010,189739413.4840332
2015-04-02,688063,19.30179199213957,19.553948943268086,18.797283310461335,19.211714205196046,4359157,103826941.4237297
2015-04-03,688063,19.274041373554297,19.665525345085882,18.76762114487871,19.1955476015206,3431173,86208116.53860493
2015-04-06,688063,19.372383663328385,19.68953601046187,19.154330662675903,19.24084025753083,1756152,43010161.132395566
2015-04-07,688063,19.15463208768041,19.438637672578807,18.842908696638666,19.16101198293662,8348345,164916024.81073686
2015-04-08,688063,18.818409960643358,19.05180232739719,18.396592346762297,18.848604312711906,2003309,40007406.142869994
2015-04-09,688063,18.681708842173155,19.16167981629323,18.61592624662481,18.862649407716855,1245046,24258038.99719568
2015-04-10,688063,19.012291591545306,19.113728649789085,18.72314713807199,19.102053893828582,4233714,110861362.68837276
2015-04-13,688063,19.050060695792872,19.565139869348904,19.104451488081477,19.13300103067496,5452075,147209582.5706406
2015-04-14,688063,19.133260271056674,19.55636734975587,18.654137710403,19.17246371992287,7830340,193303670.13615912
2015-04-15,688063,19.384407334930305,19.461331995456867,18.9076447336531,19.253205857124534,1261332,34340847.071234606
2015-04-16,688063,19.004269642108767,19.30644066137066,18.4441023622653,18.877568504814185,3983085,112364508.2971782
2015-04-17,688063,18.402840997657705,18.573112659353193,17.845639893112043,18.348474998500336,3551714,94415678.11032593
2015-04-20,688063,17.925103819311087,18.25200964128834,17.55077373097307,17.964423752217908,7193651,169134447.77714902
2015-04-21,688063,17.54790135718436,17.783631323539485,17.359885841308895,17.63582730104896,7798417,183776905.7485281
2015-04-22,688063,17.676716348118894,17.661105904909373,17.278308208363352,17.53226411665359,4354218,100872054.59176297
2015-04-23,688063,17.526691051637222,17.5980055029598,17.357213509003756,17.39129078050386,2348630,55549299.796936825
2015-04-24,688063,17.32692578447988,17.75006348321884,17.241124461393067,17.37964914358123,2033406,41876483.26117447
2015-04-27,688063,17.145901738918774,17.496250117495368,16.99987054258694,17.06207576493851,2783576,49709878.750754565
2015-04-28,688063,17.149489945920777,17.244735565755246,16.893260293568265,16.989193748030168,2465264,49037204.6374695
2015-04-29,688063,16.93660836347993,16.90036739034341,16.573851259521785,16.81308066782657,1054631,18264095.40100142
2015-04-30,688063,16.776262578294293,17.273195759463192,16.581005332503292,16.894298036969104,9949995,239252446.70814478
2015-05-01,688063,16.88460770678334,17.35325826081477,16.669598874543457,16.88136707366645,5999188,124703590.80245857
2015-05-04,688063,17.099486645704506,17.506223483413333,16.740619296030324,17.110144219939624,1920292,44593406.473886
2015-05-05,688063,16.962500817050504,17.227382578924207,16.665914691938635,16.97569769540709,2882891,50080733.05812992
2015-05-06,688063,16.911643788333027,17.209558789987167,16.58600951652255,16.960051441770425,9660718,190492404.41800857
2015-05-07,688063,16.95986695198221,17.4798802556961,16.51614915688343,16.99772605216024,3989686,94629576.62824953
2015-05-08,688063,17.30342866642404,17.435928668021795,17.07739307924308,17.20103667090224,1821301,36152984.89482149
2015-05-11,688063,17.207836222952793,17.551637902962685,17.02244525143325,17.346141431112756,3593051,63186406.25869782
2015-05-12,688063,17.449262577603175,17.880117088914524,16.967011282275394,17.481074926437923,3114956,71225537.92872307
2015-05-13,688063,17.319767310329844,17.43991589628552,16.86876888867907,17.238092914311864,9254837,197997208.22843042
2015-05-14,688063,17.371704166630874,17.570067102099756,16.98542110460693,17.23034654168285,8211828,194215881.48816478
2015-05-15,688063,17.02169477225264,17.245283312731083,17.034462771723486,17.077687762866134,7484146,152478460.01099354
2015-05-18,688063,17.393620232980258,17.94615101497044,17.425859580019917,17.508429836961863,6899920,179453435.44044203
2015-05-19,688063,17.39965761351021,17.712491448458056,17.060990977222794,17.273156841471064,7659067,180663727.51284078
2015-05-20,688063,17.58746727084505,17.924636079129833,17.0322572924727,17.48456763785329,7497217,181013244.2785748
2015-05-21,688063,17.508867728190207,17.690010879924166,17.36063427361695,17.451547561664952,9686616,181992095.3593335
2015-05-22,688063,17.61195308523469,17.914383159545363,17.376092015453246,17.558042498958656,3828646,98613004.10248439
2015-05-25,688063,17.67273492866394,17.65298497354485,17.394397357380253,17.60639451482109,9924796,215752767.05198658
2015-05-26,688063,17.648153020844436,17.696572081070343,17.596141612734097,17.616564157545348,5382168,99966051.86253272
2015-05-27,688063,17.64901696576149,17.812961805801116,17.562926803209724,17.712351088232552,7145775,167394301.94322574
2015-05-28,688063,17.810579431598605,18.125209078858457,17.684327481089262,17.827597135829674,9494180,178694717.1808816
2015-05-29,688063,17.674773161976308,18.115833182846625,17.385467689547436,17.695824502518988,2716924,49486961.375458814
2015-06-01,688063,17.857944360537843,17.889499986301388,17.5724300314246,17.849877039636393,8270477,161566459.96885857
2015-06-02,688063,17.60979946456367,18.037542599530855,17.2120154381714,17.708442303013147,7978352,163964935.30683404
2015-06-03,688063,17.467821553365116,17.63780462870591,17.251410811501408,17.479619013395137,7031326,127544232.6979133
2015-06-04,688063,17.520641311866964,17.794954280466307,17.55072212623172,17.68178142162917,9088487,174333864.0199092
2015-06-05,688063,17.914054639652036,17.92133023669804,17.484114377454773,17.754871059103632,9077099,187712634.31877312
2015-06-08,688063,17.8998478933328,17.776139866472178,17.665478418867032,17.72668421015521,7183493,156455251.72198126
2015-06-09,688063,17.679693535537105,17.909607997754204,17.00964884361262,17.535196741933603,3372697,74340111.5840223
2015-06-10,688063,17.339951752678868,17.41178276731216,17.06173146519605,17.370622160844817,4810809,118426821.78243962
2015-06-11,688063,17.78183000663567,18.03799167832773,17.217197906562475,17.606994931494732,5917657,140322795.18283215
2015-06-12,688063,17.471578796505753,17.951444160597518,17.05159456527298,17.554945851807588,6997953,152653902.13930774
2015-06-15,688063,17.589693526558765,18.021024926243427,17.657867936257148,17.718738306874442,6320672,160422044.85154653
2015-06-16,688063,17.690019002064687,17.813129569828785,17.270332419054277,17.62170127348862,3734002,96419326.16265781
2015-06-17,688063,17.374764616725837,17.548074988151704,17.310950697960955,17.50026778475705,8171769,191486611.7939622
2015-06-18,688063,17.525698933256372,17.67926846350396,17.62289543927632,17.63752873971175,4199615,76619308.7820275
2015-06-19,688063,17.50989353710017,18.03578169898239,17.45461223928927,17.62822869555314,8418645,201388840.79532537
2015-06-22,688063,17.737588315247002,17.840520413258563,17.210733909934113,17.681784181721767,9855934,233095460.85753205
2015-06-23,688063,17.545361664836527,17.92240905239768,17.486971997455573,17.59221988030046,8459082,169012070.02606842
2015-06-24,688063,17.6000802249206,17.908931693524707,17.271183903131693,17.77022269412217,8381843,198997584.6604599
2015-06-25,688063,17.71989272280128,17.685719149290023,17.541816494589817,17.65551310714038,1152725,29469776.904512472
2015-06-26,688063,17.698931736485086,18.229240226289544,17.68271576554668,17.820285773013826,2174272,51337474.31563248
2015-06-29,688063,17.719400955084193,17.848852377213806,17.6800060820643,17.691087848239583,6944404,167675032.7015899
2015-06-30,688063,17.489035506156053,17.85256423353668,17.055029063391093,17.573579245928325,5536420,137557059.3854803
2015-07-01,688063,17.52317309162466,17.589336317179814,17.50326807234655,17.520210071309027,4727730,93036725.54708648
2015-07-02,688063,17.58095794003395,17.634432022189777,17.359636128142945,17.40957589188658,6243394,125595907.8276463
2015-07-03,688063,17.394844999315183,17.64731666333743,16.97317867605956,17.4323923562773,8512303,154049292.61830622
2015-07-06,688063,17.26646043486883,17.720132592880454,16.84602450895639,17.214442791031928,2942314,58849593.1989664
2015-07-07,688063,17.244910099811737,17.315142721764364,16.900456000163274,17.1684292824338,6047710,134156675.09074202
2015-07-08,688063,17.345625652441132,17.3295660152754,17.214643191713257,17.296668681264883,7674602,175176354.5231221
2015-07-09,688063,17.437730196444047,17.799479808650783,17.13756732882827,17.416534216866452,7203862,140220782.05360422
2015-07-10,688063,17.30811736196394,17.54809688269851,17.103212021554032,17.409726936731555,2077404,43752203.01702028
2015-07-13,688063,17.364956748898962,17.28281580538761,16.81410879594536,17.225983812607545,1241881,24674998.16581864
2015-07-14,688063,17.127272947297094,17.494304148255416,17.144345160863466,17.2300787211178,8684288,207976467.9907746
2015-07-15,688063,17.383390208820103,17.41154072116701,16.991259780798636,17.226660527438355,7213467,143967490.62359223
2015-07-16,688063,17.2311335330812,17.327844301450124,17.010405747079382,17.139535140187814,3511454,81604844.27559982
2015-07-17,688063,17.01797915740187,17.450109796686657,16.967552492962778,17.078851611630586,3418386,59280519.85098714
2015-07-20,688063,17.150170053826184,17.129598521403228,17.004447302057457,17.048805196512195,8926567,157513323.4562762
2015-07-21,688063,17.014618022607344,17.324355595279954,16.604995160239703,16.929613913646044,6155017,110048596.70181382
2015-07-22,688063,16.797360012620842,17.253090672803292,16.874809857279256,16.92901506784723,3730387,72145906.31222603
2015-07-23,688063,16.912632993013542,17.13531543425836,16.720764777053848,17.00598026986357,8834348,194187928.85759538
2015-07-24,688063,16.934667042337832,17.053695646523092,16.89508419061146,16.92976058210623,8933351,173995316.56114745
2015-07-27,688063,16.750794128359153,17.25472566351189,16.678887163871323,16.860455803959447,4103476,99885868.82130407
2015-07-28,688063,16.86723458038895,17.096125408905372,16.626963723683335,16.978250946087936,8966580,201773279.82885486
2015-07-29,688063,16.814209305719647,16.991857034841427,16.422727740991572,16.915147080404267,4132169,79975372.60203002
2015-07-30,688063,17.199894434758516,17.37284135437745,16.73327421748921,17.210966754277695,9324879,161093894.4130167
2015-07-31,688063,17.375252320972468,17.763518811625424,17.18750979541118,17.264652291494937,6820693,163913681.2996309
2015-08-03,688063,17.11461800579365,17.457800175106186,17.02793584072151,17.229242247163697,5077222,128448774.7196214
2015-08-04,688063,17.159950914357548,17.729628973527998,17.146702222162006,17.28771032890224,1384230,30222360.417946666
2015-08-05,688063,17.38055957186363,17.529341144255426,17.091808858319236,17.502446966857867,7809312,184043495.44235846
2015-08-06,688063,17.502985371016038,18.010473863817996,17.23781397695495,17.55110398202181,7649557,155242285.06678262
2015-08-07,688063,17.638519818109657,18.20853996519922,17.270423063612,17.715004218156974,6302957,133502831.33058277
2015-08-10,688063,17.572927772955836,17.79886380292259,17.220424740000187,17.660860666469546,7771514,173652236.22630903
2015-08-11,688063,17.787786043353638,18.116710616839,17.39829474091508,17.708428161257626,9189458,168169110.57991862
2015-08-12,688063,17.88148186680901,18.16681896613975,17.868705289185655,17.91456982929538,5891217,117701329.95292306
2015-08-13,688063,17.981515838020783,18.394675979256515,17.869121981153064,17.945651516892944,6287221,115817230.33868973
2015-08-14,688063,18.02216625831258,18.484197385347972,17.75548796645021,18.123436073165756,9943911,235123638.412637
2015-08-17,688063,18.03260476617887,18.217764422635554,17.95896507762252,18.158531436505513,6916701,166514216.14475816
2015-08-18,688063,18.05423720921632,18.50300206163073,17.92152742424738,18.031904676455127,5103277,137255163.8244779
2015-08-19,688063,18.114919336321112,18.572008575040627,17.840505959614568,18.139542148945914,5142248,104560253.33844641
2015-08-20,688063,18.143099641641502,18.57788510547604,17.82282919218912,18.234636028390007,7527820,139494984.7951337
2015-08-21,688063,18.046186413245948,18.17375973205606,17.677891050771024,18.170642643467154,3617169,94372638.14229392
2015-08-24,688063,18.250748421688563,18.806926834237405,18.169693626054993,18.331755932820176,6657362,165050518.43276837
2015-08-25,688063,18.586910065605245,18.863554436361316,17.930674547024505,18.46738206745338,5332385,102040192.25963594
2015-08-26,688063,18.20807574877089,18.812394111570658,17.939647488199405,18.321266046143073,2635401,66308269.22452587
2015-08-27,688063,18.344419558750086,18.27748550143654,17.811662219915917,18.2020273142927,5123612,98107446.05285539
2015-08-28,688063,18.28805673775344,18.689533858984984,17.95554381019567,18.30934029056447,9678958,249780432.43522003
2015-08-31,688063,18.22251453529069,18.708526381537244,18.36943483543095,18.37469906764842,6261322,170344096.850606
2015-09-01,688063,18.71074708802276,18.939024151145126,18.495256754618104,18.752867236314323,5386798,116919208.04426448
2015-09-02,688063,19.008910477515457,19.06057976370675,18.438618232191992,18.832702774446943,6841319,148236790.47591668
2015-09-03,688063,18.820501220936006,19.062312099914603,18.878422820491433,19.001575358010836,2209441,45684962.40340511
2015-09-04,688063,18.928358418999036,19.185395611891735,18.696743019412054,19.023635168497684,6892859,171739493.60677287
2015-09-07,688063,19.025014509294362,19.24585452413865,18.324783404778174,18.855725645479136,9437542,196530920.3173767
2015-09-08,688063,18.823102688325964,19.428820209865393,18.453673837733255,18.953629988151746,7705304,204542005.30417776
2015-09-09,688063,18.544771748167793,18.90511484575494,18.341079642502464,18.67833714527037,4302449,110075504.7220179
2015-09-10,688063,18.713473111206095,18.62729327354198,18.502329695842985,18.61233388277874,2303323,42880089.93345729
2015-09-11,688063,18.937510429036504,18.89139855542331,18.85775654991495,18.870834798389538,9718428,220982657.20987546
2015-09-14,688063,18.691782846663305,19.224020523585043,18.411692263660616,18.868756707529474,6723077,176085616.6967988
2015-09-15,688063,18.81397900468703,19.001310947842278,18.233966586901705,18.792212714693076,4219881,109651844.41197455
2015-09-16,688063,18.883704043690997,19.326727098828147,18.540333368644603,18.98883790079408,8232184,211423104.28816837
2015-09-17,688063,19.384998675961704,19.847024025825174,18.78062648806383,19.337908150209813,1118216,29423256.567014683
2015-09-18,688063,19.356402757640925,19.887468294777555,19.407623351371715,19.502278131514608,5997584,149468626.2768585
2015-09-21,688063,20.216987532254464,20.181686234272515,19.739811572005795,20.036853608503435,7475864,214736234.9427536
2015-09-22,688063,19.88069697701305,20.459342830132876,19.686166612701083,19.94119754569502,9999477,213429862.47393262
2015-09-23,688063,20.223520507133884,20.38157632762283,19.869627998104544,20.06801018775131,2075541,49919989.529235855
2015-09-24,688063,19.875705411918805,20.36774149447025,19.438551901978002,19.82463143900217,5403037,137753679.8155318
2015-09-25,688063,19.496241252295235,19.651408372754364,19.30001597323788,19.579874555697984,5057013,137110158.9964894
2015-09-28,688063,19.536335561556662,19.469732419495067,19.17980842328144,19.3577090088717,2379840,57044994.47468341
2015-09-29,688063,19.246191303813156,19.459485491714574,19.197129951111386,19.39069763584611,2842502,76519141.78885722
2015-09-30,688063,19.518213864358554,19.86978828444109,19.184731555489932,19.406143476519,6063285,143652352.6546624
2015-10-01,688063,19.433457590762064,19.36745478883471,18.816447280400354,19.29514869350068,2298151,47729062.55322251
2015-10-02,688063,19.251952064844676,19.390347769619012,18.70710302637361,19.092342077387393,9894282,205467520.3817366
2015-10-05,688063,18.991737636224226,19.361223056035552,18.741064417419896,18.950500209181698,5369241,114236986.57441883
2015-10-06,688063,19.0198786693866,19.459600064915072,18.647452620154656,19.116655710817284,6449269,123319709.51925935
2015-10-07,688063,18.873382278311553,19.31345588177554,18.505981064963592,18.95769505079316,5724158,135057741.3845135
2015-10-08,688063,19.00934940462316,19.532426542586705,18.988883297802353,19.101168838551118,1411752,34027754.819639415
2015-10-09,688063,19.24284203431463,19.632080613461273,18.91577000806032,19.130908947178156,1999640,42657748.89627144
2015-10-12,688063,18.963541422073455,19.290145555463756,18.791924358409098,19.12413559456799,7522940,197344227.7914256
2015-10-13,688063,19.502058033910465,19.757278906184677,19.22643545761194,19.376779526665096,6010814,167667839.3613397
2015-10-14,688063,19.840361298283003,19.795622429859073,19.622775672396756,19.75124022992131,2023156,55727665.33631371
2015-10-15,688063,19.66365713580334,20.10293648916848,19.55885816978883,19.623537739903455,7898452,164959481.3515078
2015-10-16,688063,19.625916452765846,20.208096904376685,19.112189002043696,19.681322859605466,9072622,244584348.67055312
2015-10-19,688063,19.668518570097202,20.155032944587923,19.40074510811975,19.726910026494064,5572737,137198924.41435248
2015-10-20,688063,19.46706078996856,19.762581908729626,19.330039213008174,19.51744085247515,1636772,44962256.08996293
2015-10-21,688063,19.603744770469717,19.899289600730512,19.367346574240067,19.49984227481938,1084590,22645020.91348756
2015-10-22,688063,19.275943244578123,19.385942393942965,19.045133681170324,19.246482734596107,8597756,200354287.3076252
2015-10-23,688063,19.51517345729045,19.998726549851387,18.923548667795377,19.506048379596614,1204956,31666967.01985034
2015-10-26,688063,19.489929601320114,19.531958539383687,18.7784419606794,19.29703701197481,9711106,279340914.8628762
2015-10-27,688063,19.387010459139407,19.918883941285067,19.33953551767245,19.468306608622207,5617540,161188892.50487375
2015-10-28,688063,19.616516848578787,19.874404469064153,19.36174534025329,19.665303817283686,4472935,97745282.74428672
2015-10-29,688063,19.61525707385044,20.1782694364467,19.44412970388238,19.681728249198272,9659752,270926245.0273233
2015-10-30,688063,19.397529757316388,20.124693108579578,19.4110241663063,19.540546229618528,4928707,125681905.4662076
2015-11-02,688063,19.376247126810025,19.589604283735753,19.280483041781178,19.50491118506679,7700192,179336751.86698607
2015-11-03,688063,19.945570624251708,20.034795387921402,19.513298933156275,19.787565013922567,7966405,178403862.93297994
2015-11-04,688063,20.30561308264165,20.433344738897418,20.071933312608948,20.20300074109344,5194913,113406085.47237207
2015-11-05,688063,20.332315505988767,20.5815371317221,19.639932623215707,20.172775832562838,4542611,97239968.6012679
2015-11-06,688063,20.13042803783976,20.43194315215728,20.053702812518303,20.118125498914267,5698842,152967734.68492717
2015-11-09,688063,20.380045164365388,20.772199320843672,19.93035789605903,20.39576415818442,8659689,198990702.0025715
2015-11-10,688063,20.352636450695645,20.25904062002357,20.07506921164285,20.15122346753603,9483903,250413166.29687485
2015-11-11,688063,20.063251896774396,20.63881585140027,20.17941312897659,20.227817611923413,4436336,127256889.5850628
2015-11-12,688063,20.028581628127387,20.339522480619586,19.80696322256236,20.04323881940962,7500682,190150207.1757022
2015-11-13,688063,20.266498264685968,20.644904515846655,20.22219679394824,20.351738858468373,9523562,280309752.4618232
2015-11-16,688063,20.29236249018268,20.727581022871792,20.134008610305216,20.15898347864603,5148514,154853881.66725126
2015-11-17,688063,19.95840818994052,20.120395808627507,19.90677843056497,20.022340239313245,5359638,121208341.30473307
2015-11-18,688063,19.81762112892001,20.229065005695492,19.901429042519,19.91795096718664,4892250,106383928.70359112
2015-11-19,688063,19.9907946158058,20.2641249560829,19.78141371456427,20.120943347763333,7266065,151453463.99035817
2015-11-20,688063,19.9725107572523,20.22745248820183,19.601368814552384,20.083477537681212,6189098,146280318.6200544
2015-11-23,688063,20.578173866928434,20.56778074250697,19.90922580361184,20.408905779057537,4215458,93094405.30697359
2015-11-24,688063,20.300472286182337,20.429846299318964,20.066917388079055,20.410745173997512,4653939,97952901.48873185
2015-11-25,688063,20.173825923372988,20.20263346115143,19.68579925538343,20.010897829049707,8027829,206557972.72887847
2015-11-26,688063,19.68971207404326,19.934959629002172,19.107242467582616,19.678025122483277,6725209,163241683.28475982
2015-11-27,688063,19.675223835303427,19.883752479379233,19.60344792794471,19.802827899078963,2147603,47745256.58063322
2015-11-30,688063,20.225921300636827,20.20355834692421,19.746084563974676,20.14914425607909,1865972,39791730.078268036
2015-12-01,688063,20.245579479000696,20.531251551438935,20.248584202111015,20.3525954868455,8303644,179738797.70226467
2015-12-02,688063,20.680283302552066,20.76167905663388,20.12507476717525,20.574972830369003,3984389,99152178.01216254
2015-12-03,688063,20.31450211794963,20.958489833905055,19.93357811292287,20.49164924825801,5843121,159474382.53600332
2015-12-04,688063,20.8110562465189,20.921422546280922,20.249550723756705,20.619065220868833,3274646,97358518.37879182
2015-12-07,688063,20.176602691256534,20.374640729042945,19.91181207798047,20.341949496161803,7681357,189694757.70335135
2015-12-08,688063,20.345631875046152,20.473322840519433,20.23674133720998,20.310768156341283,7218097,200006386.72504184
2015-12-09,688063,20.315265326455396,20.78834035182593,19.904266175042686,20.243229372039096,1990561,52662549.09976102
2015-12-10,688063,20.318550522041868,20.822210632151496,20.305630658684066,20.43224954769913,4387352,95388432.833365
2015-12-11,688063,20.448815864072834,20.810538468086413,20.491474666863876,20.528183420847697,1867633,56953750.419844136
2015-12-14,688063,20.58168622528387,20.942995141716736,20.386892070492074,20.780311878443328,7996887,193191170.54369137
2015-12-15,688063,20.653077604898932,20.86796674963721,20.517351124644925,20.565202365268807,5417106,116034941.25578016
2015-12-16,688063,20.50969781348958,21.071616375144462,20.704575263756325,20.715026627938155,6539447,164400506.7647714
2015-12-17,688063,20.679955161099006,20.697949261691882,20.259188706674742,20.605735995112394,1499416,32608297.150216337
2015-12-18,688063,20.465858045908462,20.855162529142504,20.181716281285983,20.43638357457336,8250464,230315594.56366035
2015-12-21,688063,20.504179070900978,20.957358533094396,20.129335997175264,20.690174398653994,8223753,182033223.57697767
2015-12-22,688063,20.362981135351877,20.719059843311573,20.354441127246538,20.560539932533736,7013927,175443278.1464328
2015-12-23,688063,20.89833014197281,21.126605161953197,20.450734128385687,20.70663279782375,7764157,188826899.942695
2015-12-24,688063,20.764259153787737,21.419398032358703,20.445774262082015,20.948277101094725,6865671,158860102.5458279
2015-12-25,688063,20.56434742003583,21.033155041153428,19.965882389888133,20.56311616997432,6736482,194783468.6823709
2015-12-28,688063,20.51087235699767,21.058510445947366,20.407197980786897,20.57370387848359,7385280,169898318.39578292
2015-12-29,688063,20.629912141023883,21.154868418226485,20.242377098430378,20.583329417134202,6314338,132767232.35323024
2015-12-30,688063,20.662926665400256,20.756378091484585,20.291211627297347,20.663820122177654,3878432,107441426.08388405
2015-12-31,688063,20.305613804001784,20.616096084134504,20.18882352866011,20.419752003813095,9537982,252320053.49501237
2016-01-01,688063,20.4303806468832,20.555286059445184,19.99383258078221,20.50215375308548,9752996,229421528.25149864
2016-01-04,688063,20.600353607940153,20.633646688800784,20.16935606455763,20.479568396841096,9778996,263927492.50116512
2016-01-05,688063,20.83334723968858,21.16547532332539,20.56059851152371,20.62839817776104,7104095,198027247.6824691
2016-01-06,688063,20.121069257680237,20.54362477994301,20.132919207822244,20.2606611566576,5454228,134150086.18222955
2016-01-07,688063,19.89197768698595,20.196226072135563,19.68211191833754,19.9258796282818,9023278,226799301.92965162
2016-01-08,688063,20.002408644618757,20.099286888128873,19.503078961120657,20.00596129488794,8324704,215307228.3120389
2016-01-11,688063,19.902489959919276,20.139376070088137,19.744659304999317,20.040329841718915,5196235,107546339.68570247
2016-01-12,688063,20.252529478437324,20.474865055001814,20.049949021979103,20.16526708382436,5597993,152573673.83950526
2016-01-13,688063,20.243017318763062,20.634286324745755,20.03438873518031,20.075799499924287,2227445,47668472.585540004
2016-01-14,688063,19.836428077656596,20.21252834073578,19.45562112007609,19.8824108930984,7315252,153554421.5510166
2016-01-15,688063,20.030559775578933,20.240255502382944,19.65704991467708,20.117569700902397,2410931,48829022.38119364
2016-01-18,688063,20.514928138420803,20.51712471944332,20.281667513728806,20.48698276666897,1959886,42042433.86428236
2016-01-19,688063,20.62993498828959,20.730295036892986,20.417585106910785,20.614609188230773,1470704,43341891.94747651
2016-01-20,688063,20.498729939270827,21.01285637694241,20.23994424815668,20.559967064828186,6325420,166346637.95420775
2016-01-21,688063,20.456776782969932,20.72363795874029,20.303590071484752,20.496985970673748,8431995,227014588.57227874
2016-01-22,688063,20.973143301020112,21.199981027340083,20.330258084490485,20.837863014421927,3665597,93411384.19679235
2016-01-25,688063,20.925121366770597,20.937376787473312,20.82063856134466,20.890531085659205,1190610,28284408.360363904
2016-01-26,688063,20.927814595977406,21.41201901606383,20.515272782188227,21.03790121178861,1598623,44390502.47031863
2016-01-27,688063,21.184123805475213,21.2793997284564,20.85262393355696,20.98074998736498,2562325,76376396.43954505
2016-01-28,688063,21.283466248375593,21.219545460948915,20.743503715361758,21.168116768180493,5997815,173862451.82505023
2016-01-29,688063,21.082688536079484,21.338638526101068,20.945969400186545,21.174493807877028,2088051,57834019.09243701
2016-02-01,688063,21.443248731066372,21.529066887595707,20.949079713273697,21.282630817908462,1614056,47329586.12513831
2016-02-02,688063,20.689466680401956,21.433135667927854,20.44684441409574,20.838017997835337,4122798,100177155.68034016
2016-02-03,688063,20.66123201706113,21.26086804612713,20.545303004802342,20.73374168522941,3482166,86773635.04538941
2016-02-04,688063,20.877896331414092,21.365819760816006,20.25392378950104,20.871025773516394,5563112,121865145.2821299
2016-02-05,688063,20.780405290749258,21.2157772964063,20.893352598222094,20.9610032596523,4169652,125311438.95188254
2016-02-08,688063,20.839989646860978,21.198267209470973,20.25994308218942,20.691346305237378,4467449,129973878.13269354
2016-02-09,688063,20.593673787496808,20.798340138528854,20.46036900083875,20.78789532641519,2238557,49548818.384406604
2016-02-10,688063,20.767324598414863,20.84646074761388,20.34977598862544,20.588467926421472,8156723,229755612.54085281
2016-02-11,688063,20.36638150026625,20.607778079962348,20.277694705481625,20.547343477802677,8377056,198197041.76390013
2016-02-12,688063,20.453136277124567,20.42220054981421,20.289179191590694,20.38693523758853,4612043,107175039.28611289
2016-02-15,688063,20.42965013561744,20.483408420855454,20.20009056063914,20.444389943885454,1361817,41149851.72260086
2016-02-16,688063,20.607591393882437,20.541083321305184,20.36315765022278,20.53098955738406,3400242,91690118.7137633
2016-02-17,688063,20.480716696183467,20.887537814949948,20.05272003555225,20.466869505763153,3862238,104092105.30545951
2016-02-18,688063,20.89480436047797,21.037505288493993,20.587040810888844,20.87250055134769,1254536,29462868.605796818
2016-02-19,688063,20.77827943585257,21.202015259198443,20.34894886900153,20.949680929110414,4537021,114919741.04661939
2016-02-22,688063,21.17885078069853,21.89934854625642,20.76263695844248,21.344653312930447,4612105,126763224.02898535
2016-02-23,688063,21.382463677692076,21.700066122819027,21.42365487926831,21.588176917362723,8069520,205647682.63156888
2016-02-24,688063,21.961736602909806,22.301311670500546,21.671362724583602,21.77876653478397,2599231,70694071.15718496
2016-02-25,688063,21.648908279422947,21.6497613237821,21.32276322558906,21.626817936116872,9246125,244201341.16678154
2016-02-26,688063,21.614678153012626,21.509736674048373,21.198961157319065,21.45072695999722,3324940,78110427.82742186
2016-02-29,688063,21.402343866758656,21.69610531666784,21.30879506528879,21.58108068753309,5261141,166313129.65447238
2016-03-01,688063,21.53076657971008,21.58788255009079,21.07629599496169,21.45122394136802,4589616,135175987.6096245
2016-03-02,688063,21.16014997987004,21.782270039232092,20.95651064743315,21.273296209419012,1719130,48607541.39645577
2016-03-03,688063,21.396643989739516,21.54256011945057,21.291202472030307,21.52984820524084,8459368,250962579.18673146
2016-03-04,688063,21.982452576570246,22.199508414567223,21.838703834267005,22.149017166778577,6088298,189677804.8326904
2016-03-07,688063,22.235298095716455,22.62968026810772,21.67336096413315,22.07037276673693,7429980,216067430.438656
2016-03-08,688063,22.13360759598558,22.125958074795413,21.962994035099978,22.01924695766472,9116129,286469900.9520216
2016-03-09,688063,22.135024466085667,22.249432391544005,21.333397002450972,21.968070774106,8729120,283703884.6748633
2016-03-10,688063,22.433846431702282,22.412161616890184,22.188436376374604,22.32803275496194,4110334,124894879.122952
2016-03-11,688063,22.398684467472098,22.45243859468714,22.399450129103922,22.437338150445584,9174674,302087050.0297826
2016-03-14,688063,22.357988890751887,22.766688585283834,21.618336086562724,22.15225352397409,2943888,87279044.62513252
2016-03-15,688063,22.492125823820786,22.90090508458384,22.37581182579134,22.469794615899005,4011370,94904007.85198934
2016-03-16,688063,22.248294995055566,22.678614083583422,22.2365910875008,22.37905982757519,7248357,176963315.59312513
2016-03-17,688063,22.381272353304567,22.520079122552016,21.86744349112963,22.329801725939376,2073146,59843344.134300604
2016-03-18,688063,22.240017828605286,22.41763121293547,21.73231404991859,22.20419747716297,8321135,274454015.0234642
2016-03-21,688063,22.691973818576738,22.974379693188435,22.386894605871845,22.577105087908638,8748768,246348312.48526484
2016-03-22,688063,22.319704871713455,22.493929292080306,21.845423045884406,22.458004453010556,4760580,144638108.28882584
2016-03-23,688063,22.660790188020695,23.24524627374688,22.446775657148677,22.718232311513678,1189955,28757969.537047528
2016-03-24,688063,23.01421906353216,23.39930271680026,22.645065353491045,22.932531587790518,4540537,105553324.41621092
2016-03-25,688063,22.999571808001985,23.0954351809496,22.347248638062464,22.920775457748142,2548018,79398853.2165751
2016-03-28,688063,22.87578173907922,23.050284316946726,22.357930333306598,23.012038286272343,6588945,161295072.96399242
2016-03-29,688063,23.309469338356593,23.34931271835291,23.007776331487886,23.16424558380555,7948533,234113857.9279731
2016-03-30,688063,23.599260948232725,23.753546332552407,22.9936915631555,23.506873572818968,8220018,280040315.7369452
2016-03-31,688063,23.229241029071616,23.65505248043644,22.795845497129026,23.342850730486063,1954601,52716195.97504419
2016-04-01,688063,23.549812680946495,23.580092378514806,22.894572006532794,23.570696988261442,9071601,251613636.72749728
2016-04-04,688063,22.957216556567513,23.095911766951478,22.601061826730774,23.07681496777179,6243360,167723724.34663326
2016-04-05,688063,22.978006904841944,23.30285938256744,22.77487373290222,23.12400533176995,4899535,161970794.05939257
2016-04-06,688063,22.95539578536862,22.955004178724135,22.45769972386726,22.83924256378949,8319726,213120048.32731774
2016-04-07,688063,22.73941235932499,23.128304143448,22.769876107012095,22.923021851579513,3048462,78080306.23365238
2016-04-08,688063,22.691882673976878,22.767796536935556,22.25125154928854,22.658740644125423,7760454,207509368.01308414
2016-04-11,688063,22.526473085821596,22.428182976521047,21.772846682228312,22.379462276555067,6765452,189081929.0120461
2016-04-12,688063,22.891988434835685,23.275347185688688,22.5157975302823,23.003686674771167,4330003,143719149.70104733
2016-04-13,688063,22.805285604004382,23.38739618111509,22.10895958825888,22.786680062714396,5717853,181149783.57491463
2016-04-14,688063,22.507106334291535,22.871694478230967,21.92545936594332,22.543884368786543,8622732,212592719.89586636
2016-04-15,688063,22.67904481314254,22.84506485546601,22.525767484614057,22.545398165116175,4092379,117703555.22925173
2016-04-18,688063,22.649118443647698,23.149042498579234,22.240058596662177,22.571411131319024,5416970,149141111.28235602
2016-04-19,688063,22.78386695154061,22.889493165808084,22.03879729707634,22.715329052843135,5351259,177285186.6338269
2016-04-20,688063,22.87488075198086,23.22775494548781,22.06864133970619,22.71788012427364,4230353,120483017.24281693
2016-04-21,688063,22.451054492292098,22.366920893998753,22.002761546711334,22.35679236885462,9772029,251348877.24487066
2016-04-22,688063,22.16659852124639,22.92995282636643,21.750356961136813,22.357104867332026,9592234,243433111.3780463
2016-04-25,688063,22.697166306209933,22.5920993195422,22.04677914738136,22.541296745234018,8815582,218851844.7296366
2016-04-26,688063,22.46096210329678,23.049509390344298,21.986309188888992,22.385516994631338,4481311,110148372.12975658
2016-04-27,688063,22.223711623916564,22.431858891234477,21.660162655259132,22.199451729776705,9278783,222049146.13137594
2016-04-28,688063,22.54553452686341,22.578409440907663,21.749693328253755,22.383861372489463,7932030,200830124.99754888
2016-04-29,688063,22.058218440670597,22.10783473031353,21.333721680222045,21.989876716780536,6470836,152336085.62681967
2016-05-02,688063,21.781004128773294,22.130822198669822,21.722043418054028,21.943745641996877,5155365,166523323.1918791
2016-05-03,688063,21.486140635584807,22.23037724356451,21.099759650860268,21.68340763687553,1191907,33394975.918790113
2016-05-04,688063,21.601570903946364,21.79842661597556,21.319662282057095,21.702286253473797,8229833,184260414.36482292
2016-05-05,688063,21.477624792145424,21.758918328360807,21.34411031960615,21.609624957506355,9681499,308275942.5083849
2016-05-06,688063,21.66689415284324,22.157842010849105,21.118967323029267,21.622528691344776,1770709,55248581.015828356
2016-05-09,688063,21.489768068448413,21.595960889641564,21.069666182624037,21.3392094702564,8892892,228639009.43015677
2016-05-10,688063,21.080350465487662,21.813483283271253,20.943049152764235,21.204493638469913,1647703,52245416.52161728
2016-05-11,688063,21.62328353614527,22.081111316671254,21.273613937516007,21.60191724442307,1455221,32584327.274924636
2016-05-12,688063,21.703527236758845,21.971289298204418,21.43891018798427,21.523521594423364,2852163,68262883.68630663
2016-05-13,688063,21.388092432323766,21.851303859715983,20.81925945983612,21.425986889843674,6021236,152984559.78557986
2016-05-16,688063,21.3994449901173,21.581277454008855,20.885871593593198,21.457249247443336,6384428,182713043.1664756
2016-05-17,688063,21.233609056740605,21.830846544336893,20.96852354884039,21.435774629047256,6877629,152754604.81325638
2016-05-18,688063,21.501118123294493,21.53271154275995,21.27160016559408,21.517127175724752,8175126,230225239.68322465
2016-05-19,688063,21.26947684574483,21.95855110784483,20.81547672889266,21.44675212514699,9299167,282057643.39820147
2016-05-20,688063,21.26951859405727,21.407818236250233,20.97952819454606,21.22568162986541,4870094,145675145.29570377
2016-05-23,688063,21.678080895731373,21.59795641150688,21.137967309837226,21.52057699531783,3129264,70969141.26124126
2016-05-24,688063,21.74608010369369,22.23443091100062,21.571485005379905,21.68049556404243,8473745,225998820.8246959
2016-05-25,688063,22.197153317046865,22.38550578394715,22.22777701255047,22.284292421846878,9588014,289713339.4844384
2016-05-26,688063,22.38029655570081,22.63023942605883,22.41016797886176,22.457141523582308,1861331,51639494.00613592
2016-05-27,688063,22.76871237008044,22.90957633618783,22.418427600782056,22.71217817873844,7665335,253189529.4097849
2016-05-30,688063,23.019894932630113,23.06537374641313,22.35260824479225,22.947481309300798,5800642,142296558.81647164
2016-05-31,688063,23.047688027017557,23.38132968774427,22.723401605929524,22.969931100543057,7945343,257880164.20055765
2016-06-01,688063,23.369597701792845,23.616325453673582,23.448611164787966,23.46205949780657,8557635,245626511.76535207
2016-06-02,688063,23.664870537085182,23.946652651250957,23.160283560243226,23.644874306974693,3430579,92116583.78231126
2016-06-03,688063,23.628301433278764,24.236625498637043,23.819465554041134,23.839643709773426,7078302,184854573.37014213
2016-06-06,688063,23.910586147025295,24.195365678209875,23.551887889814104,24.004116613602193,6542117,212282233.34969786
2016-06-07,688063,24.10131452588812,24.446225837767717,23.868596383972843,24.05489890660221,9535308,298365830.2540581
2016-06-08,688063,23.726978185452587,24.264121236552675,23.208699340183745,23.864200715770977,1091874,26213088.935456853
2016-06-09,688063,24.06864426218655,24.723041933361248,24.191994965830716,24.208605365940713,1374045,48620538.48652908
2016-06-10,688063,24.204767479154352,24.073053557531292,23.488480340047854,24.07077397722673,4358838,114387146.82465707
2016-06-13,688063,24.134571327859355,24.18986128151054,23.89488966751592,24.12335063832466,7061032,208508064.1289832
2016-06-14,688063,24.221421357410527,24.116437982477446,23.373356079121308,24.085255531008414,8703664,233273500.74719846
2016-06-15,688063,24.388496474122306,24.43570035464479,23.656416367497606,24.21234115688717,4996584,130797593.09535581
2016-06-16,688063,24.28203686261249,24.571890693855483,24.198367824437135,24.512136293283135,7872792,204295287.88853544
2016-06-17,688063,24.257026079198795,24.86022546224664,23.75538582947383,24.358330347639324,7150913,233143080.76714984
2016-06-20,688063,24.142893654064846,24.35300423305341,23.98492688404381,24.018048102311283,8345930,281244291.05387914
2016-06-21,688063,24.125179647378793,24.155221751828435,23.763700764653432,24.00731899655049,9478630,285733852.7129008
2016-06-22,688063,23.656168094201426,23.758768569542852,23.17152343715907,23.653002406720084,3763440,129727591.56774265
2016-06-23,688063,23.83417712496589,24.367300685039204,23.70760367422928,23.814989346054965,8253467,278018851.99587464
2016-06-24,688063,23.379257198076623,23.69532924166578,22.664226733357463,23.265638656234273,1032598,24333959.01209698
2016-06-27,688063,23.494658358268286,24.085366936966864,23.391237918081867,23.411112446984994,9450284,250849143.84318522
2016-06-28,688063,23.39661781090954,23.748758709210023,23.30698878136595,23.417413850943664,4236652,117065626.80192618
2016-06-29,688063,23.647210259861673,23.728060532701228,23.25405164858495,23.612307296227854,1031447,31192683.911085162
2016-06-30,688063,23.629756810305775,24.02119437391221,22.92520480930571,23.476850997400675,5856739,146223671.24596637
2016-07-01,688063,23.61608984900303,24.40440165350561,23.018870525437787,23.709489665264492,9186536,232709877.62161
2016-07-04,688063,23.96897457033391,24.521429794984293,23.657231693588884,23.971455172169165,1796591,51433723.96817338
2016-07-05,688063,24.01019558928408,24.48702274438963,23.818405350881957,23.95298917633149,5656464,165406034.4282953
2016-07-06,688063,23.730833742293306,23.795500260748334,23.120154408467684,23.674498639884064,1911052,54080065.58630686
2016-07-07,688063,23.432627199053645,23.820245024319895,23.036508073221068,23.56283929728663,9578104,247282143.46850252
2016-07-08,688063,23.596800750468297,23.87554869615456,22.876520109523668,23.518918745365802,8528345,261845624.39714208
2016-07-11,688063,23.832510071913557,23.91018526524474,23.573058098926317,23.73397787488493,1290939,31378127.31847269
2016-07-12,688063,23.614331421590595,24.439740650104266,23.30002611934982,23.743927831504678,6118055,156741243.99174255
2016-07-13,688063,24.57486279179465,24.809833280366473,23.88477922599875,24.389933645402223,9819672,291856646.77887356
2016-07-14,688063,24.12742238698309,24.83529154118583,23.805191367582317,24.292856077815745,9712255,300358208.4969681
2016-07-15,688063,24.2965069363854,24.13852419992988,24.02908207868426,24.099939064752796,3828686,135413512.97242853
2016-07-18,688063,24.15072832186069,24.58342074685547,23.802525107261264,24.216724003904318,8213124,263417789.90451136
2016-07-19,688063,24.44453882336956,24.769287405048804,23.72181042733085,24.255065433811257,9173118,281173372.3844506
2016-07-20,688063,23.824120244853223,24.045694388690787,23.442977219460055,23.790774244808077,9056798,312476193.9528608
2016-07-21,688063,24.044549296313743,24.164614657950544,23.52696029360425,23.909031733417628,9616996,290449418.12843335
2016-07-22,688063,24.233811347945576,24.596694250417432,23.508416359617815,24.15743114965001,7447462,232562669.3222488
2016-07-25,688063,24.41851205740904,24.575384813276152,24.204040562497923,24.404002741834617,2798519,76181251.18156852
2016-07-26,688063,25.096168562370657,25.566533290451464,24.769487138409186,25.19108506456719,8761657,244425155.59309557
2016-07-27,688063,26.076258126295087,26.56478585887854,25.68398439627787,25.99147872411654,3152855,122264392.75046109
2016-07-28,688063,25.793837646910994,25.780044107013488,25.060618134833973,25.687939628708353,2839604,106746541.84700343
2016-07-29,688063,25.678270683828085,26.250344290070867,24.988991937735204,25.545673166953513,1489173,55977701.516444184
2016-08-01,688063,25.72907379413453,25.636874206227983,25.193511713914276,25.580967534146122,5611266,151402353.8442191
2016-08-02,688063,25.767384631681594,26.588219085564887,25.13106328968643,25.83849707391597,1496021,46341405.513427004
2016-08-03,688063,26.230571059345127,26.58029975049845,25.55832861270327,26.03322804644931,3029952,83776114.06368837
2016-08-04,688063,26.0466781874167,26.382379524665428,25.752137700174508,26.087310185018897,4787820,159080941.13692063
2016-08-05,688063,26.150537363175005,26.43308917522809,25.632575030420085,25.90110934974671,5772089,187019283.20663044
2016-08-08,688063,26.060931331650657,26.85234184390741,25.428822214975707,26.175765684189486,5512561,211474611.75305825
2016-08-09,688063,26.270841331963137,26.461668875642633,26.028852058767555,26.339101704298873,4596417,132573629.53375782
2016-08-10,688063,26.02130052072822,26.274400344314788,25.757113382792433,25.968657364877476,4041032,148521315.45852023
2016-08-11,688063,25.054675360501665,25.689213806065943,24.880717093323913,25.248105527262794,5485944,204040415.27081957
2016-08-12,688063,24.654418707381943,25.167948147141075,24.517893707124927,24.609270776246966,8905283,251315296.76784596
2016-08-15,688063,24.398280819496183,24.643446480320737,23.97671195660746,24.29472944579009,8786008,243497208.50998357
2016-08-16,688063,24.367946016786657,24.70292094145587,24.067766705320256,24.299702478268294,8240088,239697146.471842
2016-08-17,688063,24.27698572999994,24.417160905333958,23.6347515772941,24.254433841153187,8837913,277922104.4984429
2016-08-18,688063,24.467042267708877,24.812921603463174,24.080297293153148,24.503599365615237,5958588,189097509.43743762
2016-08-19,688063,24.1674311515101,24.580146482908255,24.007901302946678,24.283999032907488,7193979,228694316.79926732
2016-08-22,688063,23.51186603779586,23.95791875187662,23.269164972019208,23.61349184921922,2396898,69900935.78265841
2016-08-23,688063,24.176934401345918,24.3782363384496,23.800707239572862,23.9834562912215,5361772,190386813.1156855
2016-08-24,688063,24.282336830540824,24.500383468695833,23.60807476110524,24.28320318863178,7043388,177548398.43343005
2016-08-25,688063,24.92637677604856,24.983714000412867,24.46614210631257,24.841572259731407,5274572,149440639.55849808
2016-08-26,688063,24.99079552993439,25.059118760208108,24.735255466760705,25.030635744394292,9611375,272552361.0559659
2016-08-29,688063,24.61950918938314,24.87170766454403,24.269339396681982,24.864403022237205,3141152,103801523.01416934
2016-08-30,688063,24.61371174466087,25.239744038063012,24.357743599788215,24.533260078090237,9171759,291465700.70205474
2016-08-31,688063,25.111639033556823,25.50181321526258,24.331010426022868,25.03233781901374,6799738,252719684.60160494
2016-09-01,688063,25.102612658401487,24.868123664114474,24.479310830537848,24.867247869207183,9964904,260903811.35355595
2016-09-02,688063,24.739422755831377,25.41303318753836,24.44425924795424,24.742080523805317,9904021,257822018.5992891
2016-09-05,688063,24.409112481176283,25.124895610826588,24.18693691092374,24.59123428873091,6070501,152079620.34870064
2016-09-06,688063,24.80598756547499,24.971982543449915,24.19345049594176,24.825915237641244,2610549,89804583.14029764
2016-09-07,688063,25.111395720937516,25.27111183674486,25.029823889946,25.1110707279787,2717907,97150346.98099197
2016-09-08,688063,24.909940855562528,25.33935117408044,24.701487994251377,25.109351416026385,1918882,54312830.62748642
2016-09-09,688063,25.13049404503871,25.817901507204418,24.62696158697153,25.237736605750072,7645027,274674435.79544944
2016-09-12,688063,25.298393496749103,25.794348905023885,24.62280285316634,25.235248034874502,5954888,163221951.91016236
2016-09-13,688063,24.620235537197765,24.80149271570056,24.164561254532217,24.58294492883746,2143484,63706855.89587031
2016-09-14,688063,24.62768510524165,24.801308706343466,24.39064948310001,24.72016029529415,5968501,188749208.74075788
2016-09-15,688063,24.584668415458108,24.677766679969988,23.796226222389183,24.514019458343306,9370588,288537214.6840598
2016-09-16,688063,25.499674313657486,25.487087024229115,25.239177498028518,25.307058310717604,8149042,302357727.70716095
2016-09-19,688063,25.661755931271617,25.956734220769057,25.03347566488878,25.472117400801892,1131581,39286559.47091896
2016-09-20,688063,25.329400945221604,25.441678532220216,24.54246033756215,25.18820181290863,1353318,39154722.98993836
2016-09-21,688063,25.281747309617355,25.37422523116681,24.533771077546636,25.11289313410444,7113845,209459431.01108116
2016-09-22,688063,24.984194884737295,25.123770979521606,24.505912864199225,24.952666515860514,7463083,216533795.30732545
2016-09-23,688063,24.8303979788417,25.159459345020323,24.607513839059905,25.051387001069912,6439718,194669773.9208532
2016-09-26,688063,25.359520029386086,26.033819602080243,25.054757112615743,25.380109601740596,6730241,242176601.6860939
2016-09-27,688063,25.850319893284944,26.146925363540216,25.524897021392906,25.638864080292983,8291467,274047761.38935816
2016-09-28,688063,25.521115461021687,25.95023314520093,25.389903277682123,25.70561739637001,6017647,165350670.38988483
2016-09-29,688063,25.483042259760275,25.535408957776617,24.676447273044207,25.323427464444045,1345708,42614981.332535855
2016-09-30,688063,25.253665368536108,26.095696071662324,25.155671233026087,25.48719565584816,2020979,73157370.98217863
2016-10-03,688063,25.133221847022938,25.832702727442356,24.975185580235966,25.208383985997102,7867696,295456785.8162412
2016-10-04,688063,24.85317543372206,25.232202446886316,24.548768816584676,24.848693661351426,2974398,96814318.09374398
2016-10-05,688063,24.828227365843297,24.84203257443011,24.40868105989753,24.80189438456636,3875161,142822565.3353636
2016-10-06,688063,24.480179353367344,25.082314788834324,24.267406361132984,24.52873484578498,9792582,254416285.97648153
2016-10-07,688063,24.750725204785677,25.21862545929138,23.96648875290156,24.55454819372198,4123624,146681769.36493683
2016-10-10,688063,24.271470511812275,24.99074798152036,23.9276256563164,24.460442741829716,5754885,176393659.75828126
2016-10-11,688063,24.487286723788877,24.510878595976667,23.92428681678462,24.45189981146987,4475174,154133160.42518008
2016-10-12,688063,24.137115332733725,24.577839932018087,24.094682318566285,24.170050322577538,4158836,135907684.02020544
2016-10-13,688063,24.63200714106263,24.84942957060827,23.960429584783437,24.458713074010344,4368058,135748344.2796979
2016-10-14,688063,24.196745545656178,24.425767029083485,23.762028247144613,24.272127001769096,2903320,73457856.74317643
2016-10-17,688063,24.26765730362374,24.565561129932963,24.14517515663822,24.49190437346155,7482406,207255672.36115804
2016-10-18,688063,23.955358072988204,24.58799274628414,23.743465952575068,23.99833162187435,1680683,45240569.96592669
2016-10-19,688063,23.858952187129184,23.846105388704977,23.325030320322142,23.814230729388225,4516612,153469317.4680343
2016-10-20,688063,24.249728978355932,24.31886363048658,23.881013498245196,24.209465942341055,8914984,266586903.54708797
2016-10-21,688063,24.322367393911584,24.70980426585617,24.27764831053955,24.344717917226774,7698887,246557708.54191044
2016-10-24,688063,24.878429367456903,24.84581186878856,24.218164786759882,24.76354222523822,2444101,68219824.18656902
2016-10-25,688063,24.691495729775887,25.405432821487036,24.212067632218574,24.84885856511879,5314111,194692940.9685493
2016-10-26,688063,24.880824873882116,25.66528165118605,24.652366770544607,25.101598491655167,8252043,264981818.80889648
2016-10-27,688063,24.740163734440877,24.813320001302802,23.871789770589768,24.60292991338263,9111611,307001552.96857446
2016-10-28,688063,24.6374516718549,25.22351501004927,24.232955277404155,24.817930683433723,3423283,108463607.94294767
2016-10-31,688063,24.783169869290543,24.848431405367528,24.741000875350146,24.840734941468092,9065669,326351043.56440634
2016-11-01,688063,24.553401493521218,25.150319976831838,23.964880605677003,24.555631480673725,8501360,229945078.71456945
2016-11-02,688063,24.459531179541596,24.525987135317905,23.82510678148297,24.367407909138713,6004044,191003302.57577124
2016-11-03,688063,24.41359711232732,25.02658555327183,23.841767731092705,24.57532441789445,4246712,109691384.98851988
2016-11-04,688063,24.80504209601059,24.925059507025523,24.163376219062346,24.64240883860097,6838908,250682488.52089122
2016-11-07,688063,24.351809425510915,24.710912856482583,24.413537668114703,24.452593580091023,6512769,160267693.21141934
2016-11-08,688063,24.89886018610583,25.21599324820497,24.62486421513612,24.90080249182502,8119418,270950954.89522606
2016-11-09,688063,25.086019603743477,25.322784613384727,24.796317428949546,25.131464427253967,2235577,82387394.21845296
2016-11-10,688063,24.66801610493865,25.017673048085598,24.711949213908866,24.883021690070834,2492053,65492964.212546475
2016-11-11,688063,24.90997209959987,25.47479065003951,24.77181302698724,24.792813723313465,1517610,55498671.633423604
2016-11-14,688063,25.010050324100764,25.312750902468974,24.62577534744485,24.974772446810782,6836454,179912672.74061438
2016-11-15,688063,25.62240930074259,25.756215346345368,24.84721136494593,25.47909605644712,6900132,236558124.72635344
2016-11-16,688063,24.876552521010552,25.642039129866465,24.716228236189323,25.06999247667897,2981526,74750825.24992655
2016-11-17,688063,24.589185312765284,25.34270941465627,24.524575696505902,24.775314003886454,3729972,134697787.6504311
2016-11-18,688063,25.344211747830077,25.866252567373813,25.123796221415947,25.31700913033405,3844130,102427614.31431158
2016-11-21,688063,25.274186242441576,25.878064109673794,24.900592741371316,25.452909810550324,6029597,202436578.43392906
2016-11-22,688063,25.62871024488012,25.774053149514117,24.918704626794337,25.513442242257618,2203080,83646651.98314093
2016-11-23,688063,25.271946583163288,25.40193858192015,24.799454167187303,25.362234361868545,6058135,164739990.61511543
2016-11-24,688063,25.55257428642771,25.591742254066858,24.652648204621425,25.40849589384315,9995770,305428047.12780446
2016-11-25,688063,25.45753048353897,26.08340004200976,24.928993234446132,25.37846807980834,3020058,79884104.99250153
2016-11-28,688063,25.200882682378317,26.166059144029663,24.838420115003867,25.45275391298921,8818225,228985563.3202104
2016-11-29,688063,25.23107138144561,25.58693779012888,25.15197336987726,25.479344900707147,3447167,108148744.32866041
2016-11-30,688063,25.116708166647037,25.656794958529918,24.44029578843124,25.184660818776585,7676142,274338411.39220315
2016-12-01,688063,25.340983269071554,25.804954193191342,25.130772338957637,25.289578411152895,5766931,177520942.8393379
2016-12-02,688063,25.20110733043527,25.472664133124926,24.53560789211202,25.175271437287396,8203405,269155207.2803049
2016-12-05,688063,24.592947487100545,25.082200636026748,24.718926365391418,24.78781788259152,3264735,92353818.75229712
2016-12-06,688063,24.60606473573342,24.932135571779266,23.90026690413512,24.446874592571113,6356678,194846374.08716205
2016-12-07,688063,24.7773622064432,24.986064891175143,23.893061051112827,24.60538484276851,9888345,285541834.8743965
2016-12-08,688063,24.621572860966705,24.911186845102407,24.090732193949215,24.561174101433966,6971173,198510908.43730414
2016-12-09,688063,24.527999700469458,25.16602571477011,23.797341202558147,24.459971635420587,7515727,196505399.17847162
2016-12-12,688063,23.450423251973895,23.781176916594568,23.13116791985186,23.614032935818972,2910381,100476682.48158328
2016-12-13,688063,23.705505807820963,23.920465220182752,22.9887461926248,23.531141830593043,4612477,161518419.37380096
2016-12-14,688063,23.84015394501087,24.606663073055763,23.576662901279533,23.96017057018714,5133455,154792749.68782768
2016-12-15,688063,23.974810225142,24.528469239506077,23.592660301800922,23.907189088217905,1201392,38153089.01376945
2016-12-16,688063,24.04691147709531,24.53073641865559,24.194613003952014,24.246418006718837,4532592,113294307.12615626
2016-12-19,688063,24.216710528379156,24.54237193756399,23.37859871421155,24.081535055118664,1781459,46296772.16592555
2016-12-20,688063,24.150332718351773,24.691865182324765,23.52507018740911,24.184154165612362,1477492,44873580.87005759
2016-12-21,688063,24.596045413746577,24.73801348336243,24.01277679364715,24.421958608127003,7148424,244002178.79063648
2016-12-22,688063,25.114283321174177,25.746768799640876,24.81554487352279,25.033663901495977,7303159,236776986.4507138
2016-12-23,688063,25.173755832791425,25.674680620424873,24.700432130007407,25.178710864706574,1015288,37180982.0636576
2016-12-26,688063,25.320394146474918,25.87334651409952,24.951049571259766,25.236236498885937,4791387,142340525.94963706
2016-12-27,688063,25.362346363268173,25.787996795965714,24.61851480618527,25.270965386975583,6632028,233296247.65735555
2016-12-28,688063,25.675185311980574,26.235731137964812,25.58985085920989,25.594745736487383,9546532,325271065.918475
2016-12-29,688063,25.692471754273786,26.401169806207918,25.651385499097312,25.887592183604774,7635664,201916185.99416986
2016-12-30,688063,26.067329639176577,26.42992335451257,25.630762286685176,25.992168608602853,6924558,211526016.63833523
2017-01-02,688063,26.12440493032981,26.683709995769224,25.372490379351817,25.92671135220896,1246875,46315619.59942584
2017-01-03,688063,25.967053205083797,26.21630361338931,25.499909406135853,26.2125589754226,2958737,114651410.86078659
2017-01-04,688063,26.297390555508624,26.922884266699196,25.721316638320744,26.372572958049453,2037928,73655080.1427442
2017-01-05,688063,26.564004206462304,27.387066818597773,26.074949120491155,26.59336676389417,1434622,51009384.42123586
2017-01-06,688063,26.77592923103808,27.21354169068018,26.237032076677714,26.56631306244134,7573407,259970096.06202933
2017-01-09,688063,26.607545172996176,26.90379026299393,26.287471336084113,26.47394293374215,7748920,268102192.08819383
2017-01-10,688063,26.66607362311534,27.208960214555116,26.18671461765179,26.502250860748088,8259843,259937214.73377076
2017-01-11,688063,26.193838472374118,26.683555208632683,26.179110168067695,26.352562153274665,4673587,161352646.9679179
2017-01-12,688063,27.53497545357485,27.969364039715906,27.135132983617197,27.288893754154763,9062661,304660278.81906265
2017-01-13,688063,27.677673268132693,28.15172913418448,27.87924339724615,27.879908388939167,4926622,168030919.3031598
2017-01-16,688063,28.14665046345472,28.1964391877494,27.559785106505398,28.082430787438295,4638656,186011549.56414515
2017-01-17,688063,27.82172313600983,28.14107146032095,27.574220882308254,27.801275764309654,8499760,286944907.9932347
2017-01-18,688063,27.86563185738608,28.587013788564693,27.738132637933848,27.77103657624484,4604947,152560519.41084215
2017-01-19,688063,28.569956947013775,29.077713367183772,27.533029564497525,28.289338389062628,7871430,284947028.6846076
2017-01-20,688063,27.880959403520322,28.316783235572885,27.187845033979865,28.013671932319617,5880973,176560325.6117804
2017-01-23,688063,27.823705215071325,28.774394510761713,27.227807138971524,27.96174152087581,1004984,37296210.2151576
2017-01-24,688063,28.326127578335704,28.917434253966714,27.602106700725663,28.329776601598997,3035129,98941230.6560078
2017-01-25,688063,28.95779469265734,29.08866202998175,28.951498045872686,29.01925170310349,7199301,212638681.19512022
2017-01-26,688063,29.354790506164267,29.56583760302902,28.829238125330807,29.565454303262054,6675852,255054550.6353778
2017-01-27,688063,29.58609382170327,30.60888602960926,29.683077506798806,29.75869117106853,1045731,43459360.94032254
2017-01-30,688063,29.865120028569727,30.187009746358495,29.696437459094025,30.015958921385916,3149153,104492212.64629105
2017-01-31,688063,30.191617168923074,30.380676311357973,29.181802394247878,30.003397175981412,2749464,104194600.64695224
2017-02-01,688063,30.693068216910167,30.52707481765606,30.170805387159273,30.46726405957185,9184829,303828336.8205826
2017-02-02,688063,30.54680061388694,31.125888411150317,30.782077852059892,30.788003843840006,8488353,305162150.5589305
2017-02-03,688063,31.418830628125036,32.067101529978025,30.384082848831117,31.273725517084337,9146792,343326420.7817827
2017-02-06,688063,31.032371035508508,32.03012971418603,31.24927777251367,31.28857337643647,7729206,359411815.3482477
2017-02-07,688063,30.777293320221766,31.44585466056738,29.951995920633955,30.87592295779643,6986585,284952163.5984645
2017-02-08,688063,31.025043990853515,31.4605180032875,30.59887587596423,30.7308561787769,4408652,168941013.09817916
2017-02-09,688063,30.8953442287533,31.46409660239725,30.54633698180292,30.610465698936473,8801134,272639451.2305141
2017-02-10,688063,30.672534713327927,31.34201611584702,30.67161510661145,30.71987875056364,3193447,142072270.4891305
2017-02-13,688063,30.794613066708504,31.564353575905294,29.925541522303487,30.735931926953945,9007251,407473260.049309
2017-02-14,688063,30.426321018099376,30.981410451039903,30.315780520478828,30.563880961211026,5519691,169748202.55494514
2017-02-15,688063,31.050347941938536,31.506170696022384,30.41294792002337,30.81360846431652,5928741,237188141.96827638
2017-02-16,688063,31.069933237224703,31.513887998179825,30.794820174208905,31.136861253781454,6297945,234750720.35121062
2017-02-17,688063,31.34785272271734,32.10490136256514,30.91711505465165,31.430783596125394,1420671,50225338.487210944
2017-02-20,688063,31.235920609417168,31.964982853422303,30.659664229287454,31.35928923245164,5246273,187077813.61073872
2017-02-21,688063,31.153498472473117,31.947162881948486,30.784082417122526,31.14607191740001,7952304,314241434.7473957
2017-02-22,688063,30.656442470632292,31.77917623726963,30.200915736456636,30.94762883759475,9701316,381566532.2491628
2017-02-23,688063,30.777291511657914,31.4855580416233,30.72729155075172,30.897715928831325,1301441,51145517.98233521
2017-02-24,688063,31.63773527644211,31.981604354524272,30.741588693482804,31.453200420413562,4830206,183581204.44235203
2017-02-27,688063,30.96224920293146,31.79168756066095,30.946777199086654,31.18086272107954,1830256,60149785.231750295
2017-02-28,688063,31.264258478489047,31.624957091093933,31.21498225858603,31.24669265986461,4505593,169988907.18253008
2017-03-01,688063,30.87904466109497,31.613891853582977,30.14217382843992,30.71158700018989,2241414,97897681.45307104
2017-03-02,688063,30.76920652560624,31.648781651094726,30.117163148877353,30.738833392268326,4090792,146858361.624004
2017-03-03,688063,31.10744711267125,32.046705529187705,30.802771263108934,31.23537352059151,1182444,53242039.70568827
2017-03-06,688063,32.00907138498195,32.43115417839532,31.560833836710064,32.29534509228451,6569047,245760832.00921366
2017-03-07,688063,32.55849216866928,33.249507306463435,32.169222594751844,32.45003106652213,3978582,161410017.53709123
2017-03-08,688063,31.684651108497494,32.43505107795813,30.92437426779131,31.558865530130237,2365431,94605676.59452397
2017-03-09,688063,31.617295808767356,32.16125323278738,30.871349095085503,31.551840650946325,6838306,317645329.26823145
2017-03-10,688063,31.88176956667262,33.029467439997354,32.099859725547596,32.16157726361857,4462336,167522150.1882661
2017-03-13,688063,32.48905017967474,33.13266953600763,32.07568918519599,32.217920894319434,3712896,172386711.95020437
2017-03-14,688063,33.20946414251632,33.79434573337349,32.72812174083055,33.22160560313417,6883189,291035634.5881132
2017-03-15,688063,32.707689403661604,33.47301655778188,32.788370340626344,33.00200918866109,2596033,92855263.64583777
2017-03-16,688063,33.53847093773464,33.383201849716684,32.86628339740943,33.27155690714706,3240991,127698113.85285205
2017-03-17,688063,33.52996931168923,34.058970347183624,33.7800467794556,33.835581562352424,4277631,169005667.02555254
2017-03-20,688063,33.32780645662879,34.17348924923371,33.50958449394451,33.60599034502424,4268872,165062980.18780974
2017-03-21,688063,33.9958826498905,34.362997356737814,33.0407230422666,33.91691520964979,4150968,185418841.7932344
2017-03-22,688063,34.11584555244481,35.24280655530304,33.701309878961034,34.35110349339833,8954701,434523706.3217939
2017-03-23,688063,33.61115937042499,33.75196470876241,32.84191545901016,33.68822965636291,3356929,138403087.52494007
2017-03-24,688063,34.52523981261875,34.52266015346871,34.13852732982437,34.28078117562981,1382172,63975230.54050756
2017-03-27,688063,34.595707535840795,35.53205532804274,33.902593061147414,34.70063308322032,2104998,103057697.213838
2017-03-28,688063,34.94989935441157,35.586255466165085,34.86350046569871,34.9905490917577,5046654,258767199.7406849
2017-03-29,688063,35.43883131858566,35.44425955417489,34.52534104917935,35.33850976651871,5909464,240942050.6390051
2017-03-30,688063,36.1339660008744,37.09995755094422,35.75603731800811,36.25959136813374,8609836,457205941.09634405
2017-03-31,688063,36.506718932339744,36.795792841192466,36.227097181204506,36.29827643218606,4781584,247841927.07030332
2017-04-03,688063,36.06223121147094,36.670490125127365,35.09786668655128,35.86399982148832,6833419,348632832.84095114
2017-04-04,688063,35.55449719324208,36.653534894196646,35.84052115543782,35.845252910527904,8932715,442411718.61034244
2017-04-05,688063,36.05637138635199,36.41026971980645,35.525951782828116,36.1451089415474,5698336,207217601.0657475
2017-04-06,688063,36.80914149338839,37.084980779759256,35.75763951470597,36.47930565218627,8235220,308267604.42225075
2017-04-07,688063,36.62478211056812,37.81729205506796,36.60721271869717,36.74812997144315,4435478,237079389.60763374
2017-04-10,688063,37.46251965885293,38.33712435254786,37.29356797626697,37.43564545203626,3468474,144865353.97064734
2017-04-11,688063,37.60415206656106,37.85177729140161,37.6427078840633,37.66248361774703,6704928,322835238.16750896
2017-04-12,688063,37.78887084498424,38.12942167911262,36.69980664844413,37.73046221335002,8462771,379609322.0096285
2017-04-13,688063,38.75365934020247,39.185541730178244,37.968547373252534,38.540717928703145,7471627,394321057.5572953
2017-04-14,688063,38.80698780941365,40.224328900541124,39.016293577129645,39.0790868835369,3080709,140055195.00594527
2017-04-17,688063,38.381445189208975,38.77528514566946,38.16613828538207,38.664638169001606,6361264,273667222.47669685
2017-04-18,688063,38.07177103653085,39.125041281808286,37.28787026229791,38.1422747341318,7812432,351625455.529721
2017-04-19,688063,38.566921497893006,39.535605055965235,37.72193190964886,38.41516426301256,5994902,323668590.0822544
2017-04-20,688063,38.09655263174207,39.247125704587,37.80027250280142,38.10513896809348,2514212,102836416.3106713
2017-04-21,688063,37.99305737993813,39.190534403475226,37.60149145643864,38.29887164120504,4149145,219230328.03697944
2017-04-24,688063,38.157304802913906,38.55342391040929,38.21914414772056,38.28845327040704,4246476,200865084.8844016
2017-04-25,688063,37.64298125442651,38.51885263886618,36.84022916474769,37.52948208742863,6405587,328990435.33971643
2017-04-26,688063,38.73921873083334,39.17364099864338,38.27027161002573,38.468208305909165,3369354,164302832.9837109
2017-04-27,688063,39.2611270134776,39.37592643280073,37.964661837707844,38.87912546226097,5099189,251012775.0975988
2017-04-28,688063,38.58005535034087,39.345023917720134,38.240329840929036,38.87997491502216,6982928,354192375.4855723
2017-05-01,688063,39.180384114933695,39.1844850992226,38.614783284791535,39.15776012259855,6931137,294826525.61321837
2017-05-02,688063,39.14581589467274,40.28356752937058,38.37453531892952,39.21745007807601,3078259,178110007.61470863
2017-05-03,688063,39.48751771734521,40.06561914797667,38.991210816804966,39.43372318646107,5152633,263281018.5581353
2017-05-04,688063,40.04613329527103,40.08268939831283,39.52526579589139,39.759222078534336,5864391,299287084.1077988
2017-05-05,688063,39.226935294428735,40.26589515032041,39.327100705552056,39.49664521711769,7887949,353663859.5542288
2017-05-08,688063,39.576150222563605,40.66502003617137,38.87706325082899,39.69926120735546,5710723,257214055.45746446
2017-05-09,688063,38.85679483972217,39.60276715271951,38.306101981043795,39.19323552830943,1301182,51358482.127350315
2017-05-10,688063,39.6826778314595,39.86594719744219,38.65862290380648,39.77681297365352,7408537,397905804.1492981
2017-05-11,688063,40.7548758622055,41.403379911690564,40.71634709543687,41.08858388770918,4156557,218901315.45597908
2017-05-12,688063,40.55901813080619,41.49298608685905,40.424579609981365,40.460787664517326,4472545,219533125.8678461
2017-05-15,688063,40.75707211034114,41.17829070285594,39.916903425975285,41.06699310870747,3286190,173490539.88795054
2017-05-16,688063,40.78273303224226,41.120309154531235,39.649250121012756,40.6569005976005,8150798,465938466.18671936
2017-05-17,688063,40.87235827900111,41.270258072890634,39.690365361761664,40.68409129065673,4906752,214123542.2399025
2017-05-18,688063,40.63909625156307,41.33198950580992,39.90575059379026,40.566443807230684,8541181,455775807.5200025
2017-05-19,688063,41.59995334172185,41.60340353258906,40.38626557855606,41.37555901234162,4858988,210943650.4624546
2017-05-22,688063,43.00301606650142,43.0395471268365,42.02147692183731,42.64074499814098,1056035,61240961.2464584
2017-05-23,688063,41.865125133740946,42.12465017178365,41.48236281333479,41.58126444983823,5811936,323789621.11820495
2017-05-24,688063,39.90039751935454,41.30478851891653,39.616697550400005,40.19796360720612,1714725,88644433.15130486
2017-05-25,688063,40.897742119178886,41.052279643454455,39.82193518666993,40.72429346808121,8922595,512931357.6030305
2017-05-26,688063,40.60705416434964,41.1833476686897,39.481949041509324,40.65053397457146,2415342,144376001.41900948
2017-05-29,688063,40.154794257598326,40.49315307504943,39.92346547778585,40.3409083846298,8228865,379513030.9667007
2017-05-30,688063,41.38838521408523,41.64992665681081,41.110521268991796,41.20505835159402,9764935,547414061.4265012
2017-05-31,688063,42.29404527464377,42.995361923374475,41.311408973623536,42.02320422784474,2898876,163969635.65894157
2017-06-01,688063,41.80277473715184,42.26182143582982,40.9135459167985,41.61497175824078,7384649,439226159.51733387
2017-06-02,688063,42.508656705827356,43.08715483696166,42.10330792171947,42.24166606854663,9207113,500302782.8229626
2017-06-05,688063,41.86192682631036,42.54363244908596,40.90418985082215,42.0664644087641,5696982,325699802.0096282
2017-06-06,688063,41.45586189809629,41.65985301374281,41.24174667675847,41.36074115610472,4723492,233446024.62195522
2017-06-07,688063,41.73996727526169,41.901183736739526,41.27252883719585,41.39516896036314,4486682,199593746.6737426
2017-06-08,688063,41.57533968477109,42.80510406708969,41.42053927449608,41.64360789528746,2702001,113355639.95854329
2017-06-09,688063,41.29372778619026,41.85632379727495,40.564798759176554,41.50939518154749,6334038,328303143.00291187
2017-06-12,688063,40.87138786900857,41.652398602419844,39.49640391433538,40.66617372294512,3687201,205059563.2934812
2017-06-13,688063,41.398004034235505,42.406747406854876,40.26752354180835,41.20325735557371,8303516,374827006.75058264
2017-06-14,688063,41.41412081092852,41.951418836835956,40.570253741336366,41.731685986219716,3173607,137747947.7768678
2017-06-15,688063,42.09748476575861,43.413586536888054,42.31699190888427,42.32883912941722,5716037,322186566.84089977
2017-06-16,688063,41.716704066645036,41.79016844262766,40.73884220610597,41.63935086105309,3315236,198901256.20254055
2017-06-19,688063,40.51651352127562,41.29054811493145,40.321467642784356,40.58260439360214,9193971,376308914.8719944
2017-06-20,688063,40.40327897844783,41.27782534917804,40.05882292239823,40.80113034110187,4053014,245993695.3651485
2017-06-21,688063,41.488457842960436,42.467333777477,41.599445571030806,41.75095758779203,8046609,461758297.1082024
2017-06-22,688063,41.63474395116695,41.88001621792295,40.85660342431761,41.743322198410034,8658489,473102565.04571784
2017-06-23,688063,40.90590459756841,42.31575475595765,41.26911105399399,41.29084973183538,7854687,460844717.5457612
2017-06-26,688063,41.158763903833155,41.0109844921148,40.061455100758614,40.76372800025062,8752232,370053395.51308084
2017-06-27,688063,41.19929396630498,41.62164020490945,40.66120404508356,40.80604893117945,9799907,544646583.7533743
2017-06-28,688063,41.13046225895649,42.12967596723109,40.95415730437282,41.011063242288905,9615187,421821302.9795325
2017-06-29,688063,40.281232694488125,41.00095131589141,40.026395054816106,40.271111735182814,2234300,103543015.14351301
2017-06-30,688063,40.23743466719404,40.768077715000814,39.35258405329721,39.90675457596012,5812401,305207395.0542855
2017-07-03,688063,40.309136397993996,40.9828564891353,38.99046431423799,39.98963563675196,7319085,425561886.2596156
2017-07-04,688063,39.01525903415472,40.049260313836356,38.19305468866554,39.07449714483974,7301395,365386927.46538407
2017-07-05,688063,38.44192507292306,38.98023187028931,38.23349936478143,38.68778371319391,7427033,390650142.00229007
2017-07-06,688063,40.13001849341088,39.83778194092305,39.450261779533726,39.761233063960404,2014403,119507243.00921287
2017-07-07,688063,40.17084309728118,40.57467509657792,39.35590583465081,40.39696809795386,8721567,359932540.0906845
2017-07-10,688063,40.81632454297711,41.818799838483145,40.125010811038756,40.96519502305537,2176509,113298468.734311
2017-07-11,688063,40.184500299342524,40.905253580293184,39.43526881339781,40.378332966673824,7820240,345970167.75977916
2017-07-12,688063,39.24004586889544,39.482681949859455,38.465738472462924,39.305569146962775,9149040,464043153.8216433
2017-07-13,688063,39.54713364185111,39.71900230407489,39.14432023908648,39.17305303072904,3808755,222614351.33110386
2017-07-14,688063,38.15143137784157,38.79647915165164,38.43009071131987,38.53642492530928,2095354,83845240.1719293
2017-07-17,688063,37.846195308470016,38.59979258367572,36.87061346513452,37.97457150600824,9812198,422158920.7675993
2017-07-18,688063,37.85596171777809,38.79988945544604,37.76272122292412,38.146740449697404,3802772,150729907.0685127
2017-07-19,688063,39.35595629968717,39.11696522851702,38.4738326091047,39.03922769974896,8050220,406421258.2038168
2017-07-20,688063,38.819202110117054,39.578971945906666,37.76626911502359,38.68130514318438,8794878,345199451.8877129
2017-07-21,688063,38.07731368657373,38.20417977732986,37.74166363547819,38.01088901262177,8245281,347665443.3310245
2017-07-24,688063,39.19260152777184,39.89996960371244,38.834772500494,38.98661068474519,1667780,65709862.584916934
2017-07-25,688063,39.03813173128255,39.82316520383232,38.06675524593013,38.95474974259217,4690658,193127717.09179977
2017-07-26,688063,39.63774314115988,40.73728793396252,39.561652872449876,39.952361534168304,1659421,81997983.44780624
2017-07-27,688063,38.98253736561685,40.07738156363901,39.27749915550446,39.309780545510776,9433582,454260467.9094675
2017-07-28,688063,39.37926326340258,39.86295956617114,39.22804034436685,39.73319846014175,7660515,313006317.0416464
2017-07-31,688063,38.245226956781075,39.053067293254884,38.102751011342264,38.491679342056344,6375697,333642270.5830584
2017-08-01,688063,38.25348517212722,39.08954468879598,37.37469127326066,38.10201559666016,8625268,396848736.30814636
2017-08-02,688063,37.99581133614377,38.097802339079436,37.057960943576255,37.746317489539074,2986314,134039052.88728087
2017-08-03,688063,37.40275489678453,38.13476895060157,36.61251485710985,37.528955783710146,7492051,373491387.44710606
2017-08-04,688063,37.15982090805034,37.57558481986362,36.60802942995048,37.29610590410968,1926349,86084729.49808128
2017-08-07,688063,37.809226739657056,37.83831255853028,37.16226859985459,37.497293524270596,7047070,388522950.7503355
2017-08-08,688063,36.955929813221566,37.81695192903459,36.78181760053698,36.89096560598078,3744968,162509226.59210658
2017-08-09,688063,37.330553115692695,38.2274808539939,36.48662975879739,37.359311485388176,8630548,366311892.7256495
2017-08-10,688063,37.6068272747682,38.70899372344643,36.956528452712696,37.850688148760455,5208064,275655176.5079213
2017-08-11,688063,38.242298120736855,39.58141572004631,37.917816835319776,38.47181183682963,3764171,214185922.38121736
2017-08-14,688063,39.23995556249304,40.245961800070816,38.87636867571562,39.3693422598374,1176141,58881689.658681266
2017-08-15,688063,38.21260915835524,38.70855629587447,37.67365521872223,38.52943543065724,3714222,185639643.67845276
2017-08-16,688063,39.23225985437721,40.3525737072176,38.830076339374216,39.42835776931013,7121305,376404148.7211407
2017-08-17,688063,39.22572005856909,39.899910464406645,38.356580811465825,39.08136520026552,2345093,118679672.86884904
2017-08-18,688063,40.042526164224874,40.68595230256886,39.70145430233581,39.898420926687116,6423178,299408287.73164195
2017-08-21,688063,40.91023870940357,41.73879854309109,40.49089314324793,40.75075175578533,8979560,379873033.85287076
2017-08-22,688063,41.51392683197495,42.02989418974491,40.73600432027009,41.41238749823832,2346558,98925205.81864281
2017-08-23,688063,42.13366895867108,43.07284792096802,41.37472532626618,42.14466330894845,3127054,146887651.40931302
2017-08-24,688063,42.60994558525417,42.966327044273726,42.85757258281425,42.895652818313884,8433966,462357286.70203453
2017-08-25,688063,42.232676126735214,42.340337773946196,41.470503550289656,41.8544531167136,3722281,171702726.58775252
2017-08-28,688063,42.15803197923508,42.03442302127018,41.740480907989486,41.9086774754242,7641677,340148561.38320416
2017-08-29,688063,42.34661419458238,43.2847561743492,42.122163545136665,42.647585438808356,3530321,178144731.49875575
2017-08-30,688063,43.1153407658716,43.85906297928382,42.286109188306675,42.96170367922867,2456515,126404429.88489746
2017-08-31,688063,42.8274119868877,43.231388321481056,42.1163567307143,43.10270539295128,9402634,583829107.4690286
2017-09-01,688063,43.24394443131397,44.002010770015225,42.88356553560189,43.42437449957754,1482794,81176773.82633929
2017-09-04,688063,42.03726939527879,42.79818949018503,41.26601568123718,42.163814224131116,8393612,500789084.0089997
2017-09-05,688063,41.982523533482954,43.05324490995311,41.435531676963265,42.3730369853479,6171227,365118321.1030564
2017-09-06,688063,42.88844111891766,43.83078307907013,42.554252861028495,43.101717175818614,7746682,339646156.321192
2017-09-07,688063,44.315884276225766,44.65604353965848,42.70794241858317,43.991949593913354,4431433,201626338.96506533
2017-09-08,688063,43.869076990120305,45.15763225966485,42.857545590171945,44.01483049933629,5375688,308434195.5597954
2017-09-11,688063,44.70814285148537,45.481544996973376,43.86257694978168,44.73425598237473,9174759,555547845.7914358
2017-09-12,688063,44.267808281486026,45.59910231758142,43.748627832698205,44.59946205328418,8348382,422623091.5256486
2017-09-13,688063,43.72838365580855,44.1205815554016,43.57162042648683,43.80865103974224,7471602,364837587.29061323
2017-09-14,688063,43.629940602893605,44.189487637824605,43.00581652857865,43.584365112744,8124188,452826865.29915625
2017-09-15,688063,42.929309255958316,43.64324216236567,41.88396568659657,42.52480295355545,4658615,252243647.8358133
2017-09-18,688063,43.89356967472924,44.218520361987544,42.81592298353169,44.012858861960204,5922988,370517036.17699283
2017-09-19,688063,43.99586527159273,44.442718056902336,43.04412045516717,43.7771019584497,6693393,356108821.7146323
2017-09-20,688063,43.72749733619661,43.82775018155583,42.52856609973517,43.783565978834844,9374697,427979462.1156406
2017-09-21,688063,45.02057849946707,46.231098587430374,43.99209029554386,45.077867040959845,9272620,454779305.5385776
2017-09-22,688063,43.076930086307804,43.48832525500239,43.076011211586554,43.46898193904548,8246990,474431524.82551485
2017-09-25,688063,43.44849314977621,43.92892784372027,42.37797573026405,43.09914884688864,4265387,201876498.2394946
2017-09-26,688063,42.69327920454774,43.89984694813024,42.08524851803664,42.66567932332713,9791665,584349123.0521474
2017-09-27,688063,43.636226762093976,44.20459927819308,42.791059044307744,43.46954956884083,5768312,321880195.02530426
2017-09-28,688063,42.917921785423594,43.521846844691105,42.35792872481115,42.76612156200822,1390968,62400621.55288106
2017-09-29,688063,43.02610733269806,44.697846900357625,42.89481045970032,43.40079434442012,2525975,158967264.19324014
2017-10-02,688063,43.52616222675395,43.96520739362117,42.80223691469368,43.54698569935187,3443863,195756423.57354727
2017-10-03,688063,43.10854848772655,44.25360959110529,42.12177264367204,42.968404335092885,8020574,414660202.7914449
2017-10-04,688063,44.07540971162896,44.95982583094259,43.906112781106714,44.17556352543663,7531778,398126477.8589724
2017-10-05,688063,44.11484318772595,44.27902667034061,43.83911660275207,44.14093264521959,6196786,312231611.7770147
2017-10-06,688063,44.674824704153835,45.299558282443186,44.095071671431796,44.530467271702605,2467242,156797820.33798486
2017-10-09,688063,42.72194826249418,43.30834308761118,41.91399127115153,42.730840835867795,1076461,49216694.42786398
2017-10-10,688063,42.797281235642195,43.353102255794724,42.62804231021967,43.00700640836116,8388982,415145833.5116931
2017-10-11,688063,43.68791755488115,44.32673400244255,43.58355865777699,43.82327089308011,2628500,164301877.73471937
2017-10-12,688063,43.55245597126407,44.09347935658378,42.92638407345848,43.59078867419548,9056595,432544984.7884079
2017-10-13,688063,44.985853317929916,46.251466341846026,44.08324914398411,44.95706081464688,5939647,314686451.9096818
2017-10-16,688063,44.14070351255023,44.3659429993138,43.58950601389928,43.706898445873776,4380897,204184515.80636826
2017-10-17,688063,42.53054569210049,43.64681256299876,41.85415085831338,42.62657988139328,2114611,96450209.66785358
2017-10-18,688063,41.97127100519575,42.22311277174037,40.78456763375204,41.8905616915392,9471355,547675781.6664356
2017-10-19,688063,40.83306605561552,42.141055761823665,40.202798272831785,41.07295439897203,1257525,67774957.18042007
2017-10-20,688063,42.39812177748009,42.31639755426154,41.21516556566494,42.000120453093544,2692437,114341167.00973848
2017-10-23,688063,42.952417048561045,43.66596836195813,41.72799585719917,42.9644276895992,5297348,247104565.6450697
2017-10-24,688063,41.330303692665055,42.02036005554346,41.30234867396456,41.67216787188481,8149808,434505954.98447925
2017-10-25,688063,41.04349355587969,41.508688652761215,40.29144936047656,41.43871868168891,8216265,454474378.985374
2017-10-26,688063,41.03594502809381,41.62768028379879,40.24874038061089,41.064165125412735,6690537,339234595.5214169
2017-10-27,688063,41.24781235261957,41.481572187325284,40.884847504027036,41.329740541832415,2508455,106617049.06035063
2017-10-30,688063,40.09980370768395,40.426555225659975,40.169865941791095,40.21303712904714,7956808,450589097.562433
2017-10-31,688063,40.75385961577292,40.49993084163162,39.83347314566555,40.47930760242544,7602173,324347046.38091856
2017-11-01,688063,41.6703045496634,42.45184653312043,40.784137210721276,41.53925742753735,9863911,458219853.4782045
2017-11-02,688063,41.37362151906133,42.40174828332433,41.06992754369732,41.507081660223136,8998306,424529705.24555963
2017-11-03,688063,41.3295885559963,41.95091877774412,40.139919804109354,41.24884738480397,2410316,139358789.4835234
2017-11-06,688063,41.04943581991348,42.12509600206288,40.26358604561031,41.395131940953505,8830571,425106099.60707355
2017-11-07,688063,40.456254308098295,40.997494896389476,39.665501251296746,40.67512058366508,7008901,375700184.7255337
2017-11-08,688063,40.632317273388395,41.12014461555476,40.0175625073767,40.45259367314647,9187696,423970567.2453583
2017-11-09,688063,40.816181023439825,41.62224622818599,39.68417918871558,40.47995941959251,1072126,49538771.558024436
2017-11-10,688063,39.875077675932026,40.09443415740764,39.5407415681406,39.950577381949245,6687326,284731090.95484173
2017-11-13,688063,39.728708773779985,39.508170295711714,38.81584141614762,39.353950769804115,9895965,521982490.4452459
2017-11-14,688063,39.84863745659716,39.52430499417609,38.75569040743744,39.50983445004141,3011224,161719151.70735434
2017-11-15,688063,39.334892950404864,40.58306078435393,39.06969749107292,39.51691402032798,5486500,320188957.0906692
2017-11-16,688063,39.71888993273816,40.15774108629416,39.118722516965676,39.8236099379026,9602264,429767838.28462505
2017-11-17,688063,40.45663953165283,41.71177648746728,40.206795875487416,40.66896439021738,4894860,258111782.37144336
2017-11-20,688063,41.23282181409263,42.635906481968675,40.464119972951956,41.56562857294325,4360960,212251220.11809722
2017-11-21,688063,41.37747355085215,42.672399008239665,40.4389732368522,41.445475626690964,4947311,287433776.80004346
2017-11-22,688063,42.099592334722665,42.378600077894944,41.21119241530654,41.741834680093746,2558476,141099943.75359195
2017-11-23,688063,42.452748060317475,42.68346001544501,42.14657659557525,42.16749118906589,1346302,77833457.98472378
2017-11-24,688063,41.36413473200814,41.815060423963914,40.64353163593294,41.63642983438553,2241349,116516492.77706897
2017-11-27,688063,42.561423751651674,43.08143787777224,42.09527893181279,42.49055582227296,2688835,124363699.53737098
2017-11-28,688063,41.782941994146434,41.595723908820055,40.449111140692544,41.48729609395252,1272345,68968763.42901558
2017-11-29,688063,40.54268146991309,41.25839292827682,39.700066404296386,40.698962207372006,2273475,120070961.45450231
2017-11-30,688063,40.61002303058318,41.94328071573394,40.441006689079586,40.815083721262255,1794842,91079874.28376567
2017-12-01,688063,39.749944310498414,39.90147751150186,38.852780399242256,39.70800991844863,7143559,387113576.88452566
2017-12-04,688063,38.65761340709339,39.13858553781926,38.545085273134866,39.00179707931486,2055477,108759311.59074438
2017-12-05,688063,40.611344960432916,41.21028230702582,39.21274220245729,40.399143764705336,8006976,340355617.820934
2017-12-06,688063,40.01619677929356,40.985486008441924,39.322456496486964,40.299434508986856,8887302,363677876.20857877
2017-12-07,688063,40.77038474903248,41.416670096148756,40.35664031370415,40.82506681151111,2065804,88704576.18546663
2017-12-08,688063,41.05770162035722,42.324608609474794,40.51694979351461,41.20846362906107,4968694,292828840.07739455
2017-12-11,688063,40.88005978870898,42.1093812023959,40.575773340430345,41.00508967689139,6917744,333947571.66360027
2017-12-12,688063,42.24922359104088,42.25132285208636,41.24677101832195,42.01375399216042,1223363,65403337.4350602
2017-12-13,688063,41.81873012461583,42.15828915952648,41.68192400514622,42.1136103317452,9938977,518547583.13070714
2017-12-14,688063,42.540450536939794,43.041616492205584,42.012246534503824,42.94562887060387,2643172,160159679.16443273
2017-12-15,688063,43.10867859242623,44.094157746737864,42.66034555179501,42.92395556418301,1111998,53284460.496996395
2017-12-18,688063,41.90868754909705,42.788186471054104,41.74537091097532,42.24819019949057,4294894,238982676.70092818
2017-12-19,688063,42.25561720722839,42.89741579164977,42.4900241834981,42.53365563619219,3615186,178847779.39387673
2017-12-20,688063,43.17846984637612,43.41520195255394,42.1683717404102,42.78755583263765,8778631,501385932.1192351
2017-12-21,688063,42.234633122240474,42.56461231192708,42.366146093692215,42.435565667516975,2231505,127413963.92512432
2017-12-22,688063,44.78636708472294,45.612240304573874,43.96767094725574,44.49996388737902,9165174,558699429.4580618
2017-12-25,688063,43.098654704971246,42.97724966303915,42.76728276820422,42.910687771014345,5592854,346738908.45728534
2017-12-26,688063,43.40859354749029,44.517767062140784,43.373149471702796,43.38617296311392,4679652,211050779.9934176
2017-12-27,688063,43.9962126788342,45.42923750113031,43.84494785542654,44.3827924280624,5219109,245259171.37897065
2017-12-28,688063,44.20863058560217,45.25242947020792,43.09782084897016,44.007285456050646,9001032,416499606.52959627
2017-12-29,688063,44.89813288992185,45.78863090990362,44.13999470779239,44.81110312765021,1297480,76078427.75623615
2018-01-01,688063,42.985534069800714,43.52054353868417,42.88958081023745,43.21305708422915,7179409,324221430.6214157
2018-01-02,688063,43.04935985106485,43.41367186731281,42.42019429805995,42.83571335142216,4088230,186225245.27440456
2018-01-03,688063,42.46295832645252,42.2284660591863,41.6104163438916,42.13442667515623,6435419,356340417.7449423
2018-01-04,688063,41.01266815960703,41.37174965127685,40.13210439347706,41.06123419240561,8964315,448356495.2505953
2018-01-05,688063,40.903937688461106,41.7102468949428,41.291519021774846,41.301734047388635,4518439,199494985.5480452
2018-01-08,688063,41.278297037510974,42.4395113950927,41.202093260764826,41.420822767630355,9394060,406830081.7158147
2018-01-09,688063,40.49745527297682,40.529795539002315,40.404529304399205,40.42854651756546,8354260,364144793.82242405
2018-01-10,688063,39.80759740113356,39.633846359958895,39.08402745576091,39.54204346781813,8388001,413817456.7767945
2018-01-11,688063,39.08912066116426,39.8360000969937,38.869270589241665,39.33085916365873,3136286,139841688.99604946
2018-01-12,688063,40.23501696229881,41.19350354061243,39.89405920710321,40.088329041121405,1628463,80936196.2297163
2018-01-15,688063,40.82302307676243,41.27396156484914,40.04302740118697,40.422059849928985,6418823,295320425.62616724
2018-01-16,688063,41.1885531548933,41.789476731604495,40.78742904448621,41.19119688509397,6368443,308017661.79485124
2018-01-17,688063,40.813624636280366,41.42919098773073,40.02495284047198,41.080471363161706,4737616,253745991.3093476
2018-01-18,688063,41.040040528196634,41.77215970495887,40.24502283913019,40.9758028580567,6977886,337643712.2176209
2018-01-19,688063,40.936124482666,41.16949018909733,39.920682495684225,40.53783810629342,8490596,391428289.96966934
2018-01-22,688063,40.59801597910482,41.72931885521234,39.35260184552096,40.51456395056642,1669408,71778636.29907592
2018-01-23,688063,40.76630846878496,42.21715313965028,40.57272932356974,41.02875620156847,6028905,309615898.74160635
2018-01-24,688063,40.52491617186656,41.34170583574683,40.492815543197636,40.75903319904994,9746295,443718798.17350304
2018-01-25,688063,41.77115720067539,41.728933087692766,41.25801484819893,41.60714259180874,2186138,113495787.89694223
2018-01-26,688063,40.90895619808938,41.990237000590035,40.71448665701803,41.110553766659166,5384451,240120174.2577088
2018-01-29,688063,41.76396693129116,42.39023733845538,40.74022530088024,41.8442215362883,1589330,82858816.5560431
2018-01-30,688063,42.331452930264724,42.50990342921268,41.38990743108791,42.19081582065051,3180366,196013900.01592955
2018-01-31,688063,42.181465552412334,42.694408211066715,42.41283578602233,42.49735977707125,4605443,247555971.31298843
2018-02-01,688063,42.43984580981947,43.30296496256471,41.83269272388357,42.32676633104059,6640885,405304881.2839929
2018-02-02,688063,42.15127620780591,42.56745257781694,41.82592985492678,42.50935294066478,3570542,220951778.11028332
2018-02-05,688063,43.33204006202569,44.12413024869809,42.135889443192575,43.332148620082776,1965233,121200764.65228437
2018-02-06,688063,43.57625182885107,44.41289349226502,42.6867921723321,43.35501109948372,7029980,433457043.0515786
2018-02-07,688063,43.76506519822365,45.455259935417565,43.97819197521128,44.18873501009931,2590085,168431504.3246729
2018-02-08,688063,44.39822138753194,45.47561449555403,43.913729356175494,44.570423003155106,7008698,445185467.23254925
2018-02-09,688063,44.561119035380806,44.758110830295855,43.38842214690188,44.363512830769395,7636437,445195155.2949501
2018-02-12,688063,44.298459072938826,45.26911185584137,43.040700154369674,44.36211987280889,3171264,199274407.87105185
2018-02-13,688063,44.49038895824944,44.895290633259,43.41999079798399,44.131135482348284,9965081,592576034.4377365
2018-02-14,688063,44.88004967383455,44.971161115082005,43.429453009866975,44.5610013780324,7665346,475397736.8788568
2018-02-15,688063,44.71225311811422,44.44196605138088,43.681510589041544,44.41284895138743,1146436,67847932.12465054
2018-02-16,688063,44.36511574280904,44.725359950234946,43.45951183148776,44.43415319884577,4380763,280760873.0325626
2018-02-19,688063,44.56425189628326,44.977637147169474,43.49580045307725,44.54076602682348,2871641,165266766.6827148
2018-02-20,688063,45.674501169779646,45.285294594653536,44.20575711316187,45.24641806280825,2008114,116586166.58589457
2018-02-21,688063,45.36070612676234,45.4686942641241,44.59300970822297,45.01354411069903,8939873,484585494.8887711
2018-02-22,688063,45.67915629939831,47.31538629678275,45.32319521598041,45.94933932178428,3701069,208717969.0827531
2018-02-23,688063,45.24372925875574,46.80778078185765,45.07347158654735,45.67410873567556,7476366,363545125.81503105
2018-02-26,688063,46.23784216253103,46.31063576006911,45.67055579086607,46.01932026460449,7349491,487725746.2591996
2018-02-27,688063,45.28359813615544,46.14909186148941,44.92490050558211,45.1543729406654,9905801,488103797.98330724
2018-02-28,688063,44.6178403050104,45.27185098742109,43.49002745345206,44.45837486116955,3436698,224246149.38752943
2018-03-01,688063,44.70126473075198,46.036205042878336,43.75030889049162,44.983060849011764,9623045,600425201.8595036
2018-03-02,688063,45.18115918146308,45.70440488335944,43.97505215225599,44.875761937141654,9651369,448330526.2176968
2018-03-05,688063,44.55160075011973,45.345159905085374,43.7171968559248,44.20198610983416,9320012,500305998.6956266
2018-03-06,688063,44.668757979403985,45.196953060480034,43.74749021143298,44.24988282323365,9580386,563711555.7946876
2018-03-07,688063,43.21313640288997,44.51835473953894,42.59161109986898,43.28386803448965,9767209,602109624.1624047
2018-03-08,688063,43.30703174846018,44.7217652929255,43.20688901818987,43.57446932425313,2504599,114617480.13446738
2018-03-09,688063,44.127363474719964,44.967563369077425,43.77329137324046,43.80990832298867,4954921,274709571.48351103
2018-03-12,688063,44.5698227365305,44.60010532409054,43.15990561723764,44.33434253067803,4440162,244557123.9595639
2018-03-13,688063,44.23546209208529,44.014258701604135,43.67410284696788,43.90422267356255,8306865,471367089.5222893
2018-03-14,688063,43.03248790981029,43.87540572932435,41.9570319172907,42.66915249628262,9214988,489470870.48222554
2018-03-15,688063,41.63019546462525,42.56584832925896,41.23610415777095,41.589875537492695,8726154,460574277.87967527
2018-03-16,688063,40.827696114209786,41.73144147380487,41.10945359269627,41.190055049151574,9884117,527156854.9189714
2018-03-19,688063,42.725975094820384,43.73698017489474,42.36593964219,42.53434152224992,3229904,155766282.1237087
2018-03-20,688063,42.015249986090915,42.919747188976295,42.1493737868679,42.17844464302345,7806594,451142138.0603108
2018-03-21,688063,42.19559548928889,43.28819306647591,41.1510508768412,42.37366383242025,6454825,399431269.8375296
2018-03-22,688063,42.35373645170798,42.35071229954121,41.84132746862533,42.234793682476074,8083709,382654255.42635
2018-03-23,688063,41.15976488864513,41.21148637732841,40.92981935106894,41.027551887097715,8068141,390279900.9628806
2018-03-26,688063,40.370338510688214,40.90008290782884,40.23009431117053,40.53133299699817,1021823,49636789.00007648
2018-03-27,688063,39.463830021030496,40.83025677255877,39.7761459186947,39.78104966801577,7897559,440287673.4802863
2018-03-28,688063,39.85958699047247,40.941052381276315,39.34803702887579,40.118441397633205,2103495,94165059.87559119
2018-03-29,688063,40.609889186373465,40.9304933657259,40.38791071471669,40.506505072923616,2540047,138162535.91182157
2018-03-30,688063,39.58915125955545,40.78935197649264,39.403888960837065,39.95303808169773,2355708,129689096.49647647
2018-04-02,688063,40.402503047057785,40.31618641145536,39.55309433057472,40.25291808587443,9321692,376028319.1435821
2018-04-03,688063,40.525398974090464,40.330289206891685,39.20348620003233,40.19056812285078,1198484,52924320.76277713
2018-04-04,688063,40.575745736234964,40.953399652943496,40.06095719852064,40.25910956347211,9646111,552291935.3115962
2018-04-05,688063,41.587993394908395,42.18700277332728,41.11307638039014,41.46227877548786,8354258,427851817.71955806
2018-04-06,688063,41.32365737582427,41.859479857730165,40.79004929039301,41.1283790583272,2946759,166236333.11761782
2018-04-09,688063,41.62283745184948,41.38645469397633,41.13747123064437,41.22298728551047,8725922,402200657.7446843
2018-04-10,688063,41.00718673495097,41.62704427970552,40.051170916947655,41.24000386757249,7606262,346581920.3568447
2018-04-11,688063,41.031214488306574,41.12969408650721,40.21515750831958,40.76093422457935,8736047,475235124.5214052
2018-04-12,688063,41.712849147703515,42.111080381880164,40.77595807902255,41.32501485005335,7332795,351827541.3779282
2018-04-13,688063,42.08652893905435,42.245920375047646,41.17919864972986,42.10966141158014,4053239,245407000.84416524
2018-04-16,688063,41.32359212579996,42.49518847984717,40.52556577211097,41.292738673989675,8217958,397926982.532372
2018-04-17,688063,41.69776755801567,41.616563631553376,41.36481711249508,41.427757955548074,5687908,336158404.7743649
2018-04-18,688063,42.54177956364601,42.72531980414565,42.05478643566794,42.3685181296781,4378838,199346217.41429144
2018-04-19,688063,41.71741734866907,42.06805046719603,40.699013020069295,41.43375236951115,7384010,335323660.1523726
2018-04-20,688063,42.00208690338051,42.65068582872665,41.3762290238632,42.35330530987471,8182065,372777134.4046642
2018-04-23,688063,42.122612777298116,42.85253172971022,41.72570488129904,42.11732488639736,6295246,354292971.1139476
2018-04-24,688063,42.84297241212273,43.57831425461925,42.433509153734136,42.74447692226693,7270171,312772503.5560312
2018-04-25,688063,42.11163904449834,43.64920057582899,41.60977764089534,42.443743015683765,1432002,65273309.16323381
2018-04-26,688063,43.08848129353597,43.1726067698425,41.7225886620038,42.85320614091094,4367441,216798905.5128727
2018-04-27,688063,43.06112809728973,43.90782135358368,41.4732771436695,42.652544473448366,7681604,384929050.1333751
2018-04-30,688063,43.13167023427593,43.15421183793153,42.723076279265236,42.79918372966602,7846591,438259760.943392
2018-05-01,688063,42.27866859300917,43.303418879777645,42.415605085327776,42.43457309189615,7483449,379512416.60351956
2018-05-02,688063,42.72359046581857,42.6967399220537,41.79805941745075,42.45329207785345,8479507,528494055.6443807
2018-05-03,688063,42.64147252673408,43.69424345195367,41.90423028879566,42.54518062115879,1409014,88526170.74911804
2018-05-04,688063,40.94178180993542,41.44340072423549,40.816144562898124,41.18661747225496,2912778,138896413.2359306
2018-05-07,688063,41.930515127565315,42.28934618160247,41.39838936091443,41.719064404492855,7572713,434655615.50856954
2018-05-08,688063,41.39030298255483,41.793464393629556,40.655803102976286,41.60419241941746,7709594,351228202.0733999
2018-05-09,688063,40.85389342536794,41.395915667106884,40.00116596282498,41.033898282106676,6986291,310991833.209419
2018-05-10,688063,41.23339301564029,41.333359198164715,40.58871440998517,40.995231659087274,2805359,155377448.83580688
2018-05-11,688063,41.24533548144528,41.84010379239578,40.70487003261049,40.996338311416835,8316696,406242225.4334074
2018-05-14,688063,41.94328464530879,42.480229779732696,41.60748477280003,41.639144102598294,6666107,378464353.6108101
2018-05-15,688063,41.52317944744451,42.25129971908396,41.19002988892103,41.905454432445595,6455306,278546668.04441726
2018-05-16,688063,41.37170919664441,41.93499858390505,40.22779072223017,41.375113115579666,6604764,299658651.7853292
2018-05-17,688063,42.26923868825501,43.17647969427953,41.63578435119814,42.22475304685672,1181584,74765836.55591059
2018-05-18,688063,42.11564296488218,42.87384259049197,41.16365729031536,41.83460139872875,3554829,210382658.95615792
2018-05-21,688063,41.708869464819614,41.93500173867184,41.54924336967381,41.789908200529155,4051298,233934983.58772027
2018-05-22,688063,41.69585238828013,41.58233154580836,41.04438365902524,41.38428373576469,2998248,135449822.24732152
2018-05-23,688063,41.45543396270014,42.40108288322549,41.30787011729787,41.544833983037776,2058893,90853844.99992022
2018-05-24,688063,40.8425974059281,41.87597371164767,40.08109538157115,40.746864130838524,3541994,205972911.63938344
2018-05-25,688063,40.050095128002496,40.30325778291383,39.073382306967886,39.976585914192384,9583518,496145234.14811945
2018-05-28,688063,39.45405365437287,40.0976531094593,39.392654536585674,39.61485784580998,3381750,143921989.3839639
2018-05-29,688063,39.39736317541184,40.29403500626764,38.407100723056594,39.28559840263253,1643557,72898804.68032818
2018-05-30,688063,38.9671306022164,39.667188878532414,38.438887702269206,39.07210817948419,3135855,151364217.2934634
2018-05-31,688063,39.73373417097924,40.22288251994879,39.12492906632166,39.47235096201609,1229765,56064958.74161194
2018-06-01,688063,39.423315637902114,40.22512728548961,38.83565805924899,39.69043721216758,7465258,392523981.0329753
2018-06-04,688063,40.10945603235443,40.78972443273795,39.675668554160445,39.94276332276344,9387574,376771673.04306954
2018-06-05,688063,39.90470071495689,40.78877997495778,39.457603734562305,40.192225683959876,2476526,110000785.23210207
2018-06-06,688063,39.48555590726625,40.533338624685385,39.335888777292524,39.567836445504355,7129261,372816248.22285825
2018-06-07,688063,39.18074026345134,39.85980386433501,38.953215928993906,39.29230255854396,1217004,58247056.73474732
2018-06-08,688063,39.5436835341698,39.96809444693716,38.93482196387539,39.48916311553437,9200340,488864477.0495896
2018-06-11,688063,39.536334403428214,40.241171262091086,39.44295927215672,39.60278504982411,9640727,552653559.3603094
2018-06-12,688063,39.26275396869503,39.57562818408079,38.181064465658366,39.33520359777333,1389553,66450372.98838658
2018-06-13,688063,38.86326857694126,39.39610533027752,39.0606651547427,39.19480951730323,5000688,253985995.90970066
2018-06-14,688063,38.60283342510254,39.27269583444813,38.26646506092752,38.68197677657213,6747479,375438556.7239302
2018-06-15,688063,38.728707555500264,39.77591389781717,38.852913297066934,38.96191204241427,3446179,165758514.54696313
2018-06-18,688063,38.97327478735246,40.0042248268314,38.372176780647365,39.363387364617736,7410815,407562411.861792
2018-06-19,688063,39.176039664842584,39.26498595568806,37.960546834190275,39.067109022796984,8600904,391253033.2824408
2018-06-20,688063,39.33831527714748,39.901819665254195,38.80163444098253,39.34454261761334,4888872,219576845.26121992
2018-06-21,688063,40.16391072531856,40.70667853093731,39.102353694841106,39.81221236271355,8504400,374826620.2052563
2018-06-22,688063,40.70227127504681,40.92211920758466,40.10616287499245,40.30301226199484,6135839,341850582.88656753
2018-06-25,688063,40.865624944856485,42.16574173425893,40.92144281089729,40.94651054249839,5079243,288655727.61472553
2018-06-26,688063,42.21724111996504,42.33541802451668,41.291034983694296,42.15586269274766,2702199,165801574.34343415
2018-06-27,688063,43.27687210419917,43.426025012724985,42.24606365982687,43.120339170158054,2414538,112599501.21280755
2018-06-28,688063,42.893894283046585,43.552440189229415,41.894671530890705,42.898840624255456,7552032,357010171.39964825
2018-06-29,688063,41.87342367895961,42.13146246077443,41.08516955255598,41.85878066810449,6372836,292921071.0133247
2018-07-02,688063,42.50080516455464,42.50020376862666,42.10916988926418,42.28353451210131,3648535,177377103.9713223
2018-07-03,688063,42.52185848314083,42.206584110778756,41.765721129303344,42.20350611215493,1476394,83042786.85109821
2018-07-04,688063,42.44358101303618,42.896426319659575,41.66263711880994,42.703283525868535,6275731,374814792.3103877
2018-07-05,688063,42.84576110067699,43.29269152569735,42.21384303495378,42.90448239875965,7114116,395150935.5015474
2018-07-06,688063,43.35523596203566,44.49954637974688,42.513485234132766,43.62273488659458,3154593,140526166.13921896
2018-07-09,688063,43.250874130694925,44.20734337944668,43.16152811835047,43.24575928752823,9469263,570009281.0661513
2018-07-10,688063,43.944154085408876,44.00396429220653,43.238977548557244,43.55613859501847,3821660,214417950.5446139
2018-07-11,688063,43.034091505044216,43.93618096471368,42.823217991856936,42.94794823725599,4125291,252427491.3612397
2018-07-12,688063,43.6079136684308,43.262604138072746,42.582431071903095,43.23976695296957,7463893,336020223.92826366
2018-07-13,688063,42.987063909958984,43.18968696762928,42.352706817832406,42.96500894401984,9734235,557125890.9074693
2018-07-16,688063,43.354344672318604,44.34531166338888,42.28982469203285,43.52222681954596,3251722,150217299.6854739
2018-07-17,688063,44.767225578639454,44.98479891017107,44.40282676479243,44.88221386771252,7188125,458775033.33811015
2018-07-18,688063,45.408652680350556,46.04225767863422,43.93457457342886,45.15828772199667,8384539,537447470.8454823
2018-07-19,688063,44.94129004362074,45.86963716697696,43.904883121623406,44.99195293236123,8566071,537353762.9337566
2018-07-20,688063,45.83999505580446,46.6209975775483,45.47073386347532,45.4835308100106,8928872,571685538.6722733
2018-07-23,688063,45.60474566525019,46.386291588004035,45.26326570722544,45.83448200442601,9458682,586530350.6918998
2018-07-24,688063,47.53515787627902,48.17565031955204,47.03617121434614,47.43578218625212,6401413,319829464.95458657
2018-07-25,688063,47.61798322357498,48.170595526699756,46.05818957318101,47.25988288807652,6499088,380853108.2348142
2018-07-26,688063,46.5930405624483,47.591049022347484,46.40073959806362,46.47299593744578,7333904,489214602.3325857
2018-07-27,688063,46.117907487765,47.427790051098214,46.00356020247439,46.265323677194054,1118313,62192491.32736964
2018-07-30,688063,46.13198758635142,46.657900599927295,45.556007112887166,45.9417569767941,5729843,375244159.19190645
2018-07-31,688063,45.48209621579016,46.316372656156595,44.91083300346517,45.16381793966267,2030022,132578748.17246725
2018-08-01,688063,46.69403752103927,47.13397463334197,45.37669042167345,46.28352194344691,2112886,122988332.61433287
2018-08-02,688063,46.69676849157872,48.13497141053954,45.71924907203068,46.74565229876574,6735826,368993314.9613015
2018-08-03,688063,46.13802884090562,46.714881448471736,44.8742612831219,46.223846542150476,6703125,412277653.0126253
2018-08-06,688063,45.97753585833016,46.935494877588184,45.118650604059354,46.29594280230711,3191259,218718879.80349416
2018-08-07,688063,46.834590474878574,47.71213180832617,45.82531393864099,46.756231611445145,6998179,345295188.9410305
2018-08-08,688063,47.330742049186384,47.9441129748631,46.9985805050364,47.60673045990477,4132587,289793517.3413823
2018-08-09,688063,48.31776840360082,48.45089399919316,46.85962748807183,47.85079979852223,4637530,253361948.27616164
2018-08-10,688063,48.55155207920667,49.06960183111984,48.092836955985504,48.2183405934481,6339187,310496309.51863897
2018-08-13,688063,47.541010659939595,48.085791431716515,47.670052573980826,47.94323572700695,8278316,571082705.0807567
2018-08-14,688063,48.77172723138019,49.70409482613005,48.47272776737497,48.524230761044855,4702830,275942797.9123781
2018-08-15,688063,49.6605331992021,49.53599652750187,49.1271938713025,49.323200263107154,4420883,273136670.061897
2018-08-16,688063,51.3606995187803,51.47955976356661,50.26565606280463,51.03634886247975,6365678,402291730.5993845
2018-08-17,688063,52.63044730608451,53.4487818959557,50.99676907984832,52.13231837877172,6580556,351508534.6569128
2018-08-20,688063,51.3997765460977,52.80581767993244,50.16475947531275,51.65229419056651,9678234,504006183.55868626
2018-08-21,688063,52.02440153110699,53.54799920652036,51.0713893614599,52.51014115894479,7682222,412926740.9704981
2018-08-22,688063,51.87733042461838,52.164353658683474,51.21780866657075,52.15936735175097,5143463,350042055.5517803
2018-08-23,688063,51.722364116820394,52.72034362164571,51.25848110786918,51.89921161334082,3798666,239322167.12587458
2018-08-24,688063,52.37558832265178,53.8575393910549,52.56598270552177,52.72719170471285,9079855,548094519.1301734
2018-08-27,688063,52.229266638582054,52.92120545700246,52.15968988519026,52.35263099365738,1336713,95480642.11159115
2018-08-28,688063,51.517491328394605,52.092174163725566,50.34246048043884,51.647186445171876,4332638,322073899.02861416
2018-08-29,688063,51.71931921496816,52.33201374765565,50.39163551363601,51.38285331799594,8886377,580942157.5441781
2018-08-30,688063,52.78771770325715,52.74932844588028,52.093815241902504,52.32965959289347,4440739,337230878.46845645
2018-08-31,688063,51.99981305732375,52.69167946267664,50.791503317110156,51.79318528825882,4335474,271358456.21961147
2018-09-03,688063,52.774425344123216,53.19406310751207,52.16544999706566,52.501759060433876,1096333,60552425.40886137
2018-09-04,688063,52.48667399936423,53.72539503590579,51.3507413481883,52.228248998808674,3496817,207344971.12175247
2018-09-05,688063,51.38616315279055,51.97981100868111,51.57566453983122,51.61200896406538,3946814,296656799.3961555
2018-09-06,688063,51.71497994355288,52.341210339910255,50.57866845758147,51.74381680300717,1668220,116592348.24673185
2018-09-07,688063,50.77905878619343,52.08667384716405,50.50282959759605,51.281009324008,4486365,344738674.4612791
2018-09-10,688063,52.7863401000913,52.56904063113321,51.40867049127532,52.34559212112942,1310180,87114131.70205909
2018-09-11,688063,51.57397621508966,52.47186607143412,51.041195893913134,52.0347863288052,8956822,677244724.3158885
2018-09-12,688063,54.10297472855103,54.02643492191867,53.149740283282206,53.598560013458304,8881043,608830672.9536881
2018-09-13,688063,52.3873988226085,53.06086397627622,52.280452208402984,52.63528369786418,7063304,375166171.2038257
2018-09-14,688063,51.470067347993826,53.18895200817948,50.86203816477233,51.89471509128266,5284767,393306068.7375697
2018-09-17,688063,52.217681051990205,52.9719897674017,51.58903510756137,51.9219137712145,6309820,434591804.31433266
2018-09-18,688063,52.366984125605704,52.53801487619849,51.99926950784423,52.362022558807006,9670741,688998499.8430673
2018-09-19,688063,53.04387504073982,53.61662322271872,52.84031066248615,53.498795613497926,7925038,451278721.30607605
2018-09-20,688063,53.553624765552605,53.57210617147687,52.40569346905208,53.463159932495415,8417379,593336066.5773321
2018-09-21,688063,54.52133185293159,54.94941650247012,53.78166155442147,54.66448271267131,9905339,641039718.7725964
2018-09-24,688063,57.470517548296904,58.22590839594848,56.226650858962316,57.27989460245079,6895242,490723946.0759391
2018-09-25,688063,58.23832495533798,58.82423618353742,57.885090895399564,57.972236199800506,4192595,329245328.44899994
2018-09-26,688063,57.7811592886122,57.65168458607062,56.94719935540452,57.51644457328748,6698115,485884838.5981246
2018-09-27,688063,57.66082649735032,57.747085477284784,56.58287390322952,57.33196817398169,6512954,481708938.42928016
2018-09-28,688063,57.461687416103025,57.86201722366997,56.9565591002379,57.302813075622105,1601814,101216024.62625127
2018-10-01,688063,57.53895542556972,58.931639937377106,57.074560124285576,57.3459514280244,2316112,138428193.38972327
2018-10-02,688063,56.787505337971254,56.82182366074731,55.07660982977019,56.39224627042443,7985578,521178913.921279
2018-10-03,688063,55.691997231066516,55.98158157123343,54.32024010781228,55.62804036396582,8575629,649376911.7831962
2018-10-04,688063,56.47114879633208,57.715451272140484,55.701453113266716,56.38942312297002,7362920,480321819.0082704
2018-10-05,688063,56.17138624053446,56.2263332714038,54.710768960376406,55.89310246358646,7694944,549503540.3433152
2018-10-08,688063,56.92820384368225,57.282706055143905,56.63943016800412,57.10702092376333,5822793,436938631.52297324
2018-10-09,688063,57.92197973988761,58.52038399102338,56.83876846110476,57.37874757321343,4901908,308219722.7223339
2018-10-10,688063,58.56851383344416,58.48501752729734,57.4781707116675,58.30347549865485,7169919,546286491.4348788
2018-10-11,688063,57.13936227911364,57.191402504092174,56.446175300247894,56.68525994532367,1999576,169735270.17581594
2018-10-12,688063,58.633740720029635,58.21402968737976,57.856890472728495,58.16034066124362,9416212,653037976.2716798
2018-10-15,688063,56.542632406598486,57.167143891239306,54.942935202026945,56.53156677458713,9023142,665438097.9713036
2018-10-16,688063,56.28783859280333,56.4617736610898,55.95242485098174,56.19357359834985,9002097,534410484.10707015
2018-10-17,688063,56.97132386301631,57.304887267947144,56.3769313172885,56.43554712766929,3071775,242680376.56700355
2018-10-18,688063,57.014405240423656,58.26963455467743,56.24299455248781,57.07771441801534,8328704,517168602.3615035
2018-10-19,688063,55.738568594182425,56.637561289738564,55.294723832589874,55.71484144446183,9110015,544513912.9528636
2018-10-22,688063,54.75093090623983,55.45284181788277,53.78551388635474,54.226893001147666,6919058,421614230.4202964
2018-10-23,688063,55.016199583982946,55.17411489824803,54.726422265797495,55.153282285287546,8875481,605261013.8797127
2018-10-24,688063,56.24734711966762,57.30522283425824,54.93295485767573,56.09280716200307,6307023,429524365.4315456
2018-10-25,688063,54.40905598219623,55.131191716906045,53.983237356331166,54.89304382669004,8741414,577107001.8075742
2018-10-26,688063,56.149608104792684,56.050720887925216,55.74222875352781,55.80895934673063,5816151,393698957.0528799
2018-10-29,688063,55.90511735202054,57.26516805510624,54.78269778852697,55.961812017443,6770580,564977927.8303318
2018-10-30,688063,56.42792655476924,56.89387100924289,56.35814943749247,56.453551484159036,6580472,537333749.5964174
2018-10-31,688063,55.28615793653697,56.721335361572585,54.26385458382113,55.65947819011804,6255584,500870601.9620963
2018-11-01,688063,54.05328211111239,55.761496145766074,54.56079729616262,54.587322099299314,6957063,556775920.6382029
2018-11-02,688063,54.749999513084155,56.29045452463652,54.676718445781056,54.95415864345064,5304719,403401620.3300467
2018-11-05,688063,54.00271405152659,55.885386373088494,53.455635544498655,54.486583427513075,1507983,95942524.95033178
2018-11-06,688063,53.785019350060246,53.92529629721005,51.85416438165638,53.26451987728865,6263092,365789445.8136278
2018-11-07,688063,52.55614142006819,53.10840384463555,51.056102745695526,52.54791801172632,6595554,381970297.55538034
2018-11-08,688063,52.592980787236435,54.45352414879301,51.78279068946243,53.07799674371073,6612683,418819248.3067015
2018-11-09,688063,52.65233746658903,54.298470622644786,51.59521436277961,53.15349553166714,4291103,299358811.8122333
2018-11-12,688063,53.06910121920428,54.493801040842484,52.57149334981247,53.05647067225831,9248112,677393079.7148551
2018-11-13,688063,52.24853318466396,53.78456534039326,51.48284065499006,52.64764845687593,3601829,244456910.89185557
2018-11-14,688063,52.24261671491617,53.43495608883352,50.47756694236099,51.91849368003868,4854697,292277679.67917365
2018-11-15,688063,51.971715670461904,52.887497963986526,50.94729814504943,51.90547338845011,4847826,314999384.2375123
2018-11-16,688063,52.75177109249567,53.50377850532323,50.806464914849094,52.36615274029312,2625191,147404677.10991797
2018-11-19,688063,50.43452474274993,51.790950101025025,50.30244480215266,50.9250842177375,1712588,93812563.27906428
2018-11-20,688063,51.4805688231487,52.64680477902542,51.1827589766131,51.94726829229373,4481160,257638070.8331891
2018-11-21,688063,50.58942864348068,51.2076291921322,49.10278808622257,50.11546248404497,2070148,145658855.5967894
2018-11-22,688063,50.82301296664716,51.23681967197817,49.192542839664675,50.684380261499776,1015115,68909509.85682213
2018-11-23,688063,50.895681477801816,51.92333388680583,49.70738340721923,50.78345503785728,7077572,477520581.0841621
2018-11-26,688063,51.18888936041359,51.172744291723895,49.935631684926214,50.99623770530142,4658750,275352180.7044168
2018-11-27,688063,50.604269647687126,51.18300078481706,49.74681521493134,50.63044490244721,9356648,667715564.0293021
2018-11-28,688063,50.320655690762585,51.177254598916186,49.948987211976856,50.674725341982494,6852163,494459995.0431976
2018-11-29,688063,50.525988509949755,52.38271046739881,50.64381019469655,51.00447343765415,6414065,466619452.8920841
2018-11-30,688063,50.106112312179015,50.63803246173809,50.21855564653393,50.56562622431102,3759010,232869876.07489613
2018-12-03,688063,50.13729179842614,51.25842400128661,49.038680945143135,49.772353063376976,1685831,117672853.12271976
2018-12-04,688063,48.49093580979037,49.1886406583272,47.66435670513873,48.84187817155893,8310932,495048324.6970024
2018-12-05,688063,50.368613410670136,51.29962077916828,49.34766380687276,50.11417751940839,3182016,190474042.21183857
2018-12-06,688063,49.732654666162865,50.7428911610248,48.93019702100647,49.62411065471805,3972170,289820959.32993174
2018-12-07,688063,48.55539868463414,49.16142625959162,48.74675192785106,48.77098812762684,1792624,100069509.5153727
2018-12-10,688063,49.75190608308035,51.067679996301514,48.634340176192154,49.78510322029315,1151840,58043726.815772034
2018-12-11,688063,51.01152203963046,52.14228666446264,49.26287949512325,50.78474143561695,5762557,373035305.0519602
2018-12-12,688063,51.045990597517914,52.092347172371,49.55943289990478,50.95428213676081,1525614,112292384.92689271
2018-12-13,688063,51.44895247114107,51.63248093468192,50.8996728280625,51.43758110431729,5716804,412848420.1445286
2018-12-14,688063,52.796526415436674,53.423357437373205,52.548279091197166,52.95980399687864,3918674,291787798.95497984
2018-12-17,688063,52.24635219483025,52.93412856281543,51.12401549773865,51.99923522808989,5277787,314793365.8184119
2018-12-18,688063,53.02966871563038,54.0697171438962,51.54405360954196,52.67183151281529,6310014,471832142.12484354
2018-12-19,688063,51.874991100287936,53.52371609692373,51.4210813978782,52.0061030646429,9635247,710651614.3377305
2018-12-20,688063,51.72226842250595,52.410998061541534,50.53954795788157,51.85540674431679,9172454,522295358.4083447
2018-12-21,688063,51.98063835567912,53.58782313888987,50.79155995020932,52.327722423992725,2732659,146480154.54604283
2018-12-24,688063,52.82069980497322,53.37765888613186,53.06609302308021,53.08079923980463,7043716,524423097.8518727
2018-12-25,688063,52.91327647396408,54.3220712121288,51.91575223788467,53.365484019046626,8314677,623022390.7914981
2018-12-26,688063,53.32102675200167,53.015919935596635,52.46268766744777,52.95288013098134,7227896,545531867.836025
2018-12-27,688063,54.32751908813992,54.320760033579674,53.30346560362176,54.06197471917255,1634995,122482726.6525767
2018-12-28,688063,55.8327504433104,57.115351353326496,54.258720608811196,55.58732276244591,7987976,616235571.3733922
2018-12-31,688063,56.013328491223284,57.3336554913823,54.756078745272156,55.73583418790088,4251338,310770114.6725332
2019-01-01,688063,57.39364619966993,58.44887946406229,56.84154892874562,56.90586934326773,1433710,105018282.51280141
2019-01-02,688063,57.14789737042497,57.800422969974264,55.77233268004744,57.46816923039515,9401788,703449040.6222057
2019-01-03,688063,57.131753992169685,57.865860114050925,57.09007318491096,57.58765302838563,2582294,154189414.67964527
2019-01-04,688063,57.684052194966924,58.837565716496265,56.43212848374637,57.36243674591831,5843996,399978136.9070819
2019-01-07,688063,57.925009222471004,58.80516823573332,56.25390251161208,57.63889895329574,2633078,196397649.5280176
2019-01-08,688063,58.38940556164831,59.5290379940343,56.92465204588433,58.073008271931606,2085216,163455608.44624218
2019-01-09,688063,59.24195072632944,59.33412353714737,58.30587219012806,58.67563181725329,7415812,460315805.7498249
2019-01-10,688063,58.58236300857363,59.661624689473996,56.80507035557849,58.30636434443273,4882636,344332642.4161938
2019-01-11,688063,58.8492552371895,60.30965094406416,58.72251522451516,58.75780098256641,6443018,490649611.8058377
2019-01-14,688063,58.2203436756639,59.81729516094438,58.21733869866729,58.360236485175804,7988224,484989471.9624788
2019-01-15,688063,58.89367973688998,59.56321221120953,57.409492239139574,58.35394991993565,6057443,476420519.54163986
2019-01-16,688063,58.07267460752216,58.222662181622425,56.77023272694969,57.95674355889494,8337684,644423888.2166265
2019-01-17,688063,60.94592887143137,61.58803130624299,60.163099962368705,60.82813436084924,6288601,459080281.15771997
2019-01-18,688063,61.05388534112211,63.291395363564895,59.634596930815675,61.47207998783315,5881583,500150205.75684816
2019-01-21,688063,62.11699223200968,62.465329591183966,60.30231228004526,61.624423234388736,8644733,590212043.1065854
2019-01-22,688063,63.806613225826645,63.932359638811086,63.12657844088519,63.184734424759384,9925076,925771317.9716753
2019-01-23,688063,62.46225137015505,63.481741465528636,61.377144321238234,63.0155045922134,7797187,642469028.1127875
2019-01-24,688063,62.30496977769512,63.33957169877561,61.30660756185657,62.494822376832005,9414033,839423807.3892645
2019-01-25,688063,62.64771779528065,62.41657788870461,61.39535504813663,62.38054399811419,2129043,138331183.48503014
2019-01-28,688063,62.85562882819408,64.09040684972607,62.21489333064526,62.69779079764114,1357656,103898529.835454
2019-01-29,688063,61.91300427240393,62.20678361390154,61.362438874857325,61.57529284028728,1457068,103673579.05890845
2019-01-30,688063,61.53359938415196,61.80959965013508,59.81029517013668,61.61480682257146,6872878,556022872.0365403
2019-01-31,688063,62.54147293012055,62.77125390320954,60.60791067133399,62.41809302755136,7592140,659683185.4000928
2019-02-01,688063,61.03561363912005,61.804323802634,60.85581864325017,61.397715030403496,4911055,360245385.1113608
2019-02-04,688063,58.29018359731927,58.45646827066213,56.75912324239117,58.396956979814995,9653517,763320507.431135
2019-02-05,688063,58.97052075413282,60.66917341261468,58.99851180934471,59.421862949596,5441118,434662742.95152926
2019-02-06,688063,60.10958964448978,61.09901588471201,58.939696213208215,59.8299253501237,8623057,657530630.5214162
2019-02-07,688063,60.14105984815597,61.00708427609255,59.91569465429308,60.13770881388383,3006739,259566469.36788332
2019-02-08,688063,61.54688018117578,63.09953155665893,61.05968705880085,61.65517897356216,8434585,740762701.9341744
2019-02-11,688063,61.313516854763144,62.71359795023304,60.15907277702043,61.74094665195657,2899892,266828639.68919143
2019-02-12,688063,62.03745304818361,63.20908782879614,60.681236365661455,62.527109873374606,3738635,262237898.60088015
2019-02-13,688063,63.70161448452923,64.163717243498,62.61802879911376,63.79902542714929,9615303,711711722.4662989
2019-02-14,688063,64.41801725921107,65.61092381207835,63.67464122421718,64.07796020292798,4452952,286820532.792413
2019-02-15,688063,64.699913164325,65.1688932644065,64.23514051391196,65.0337894974852,2635383,223251500.78493464
2019-02-18,688063,65.13597252513472,65.3897258230749,64.07503591290264,64.82301604672347,8338778,565096188.041013
2019-02-19,688063,65.59664114701239,67.08618454814659,64.85717379337704,65.15594732147599,4392098,396181498.6735602
2019-02-20,688063,65.64828243364106,66.64182932644577,65.13057679026004,65.52285712760803,8882269,675803692.2333672
2019-02-21,688063,66.76219798753033,67.68665044150116,64.77683549856695,66.75784114141317,9530078,886226805.0416075
2019-02-22,688063,66.83787848056502,67.16355008881217,65.974057699146,66.1998847069364,7624963,744744987.3870212
2019-02-25,688063,65.70962476432867,66.06042330192967,65.35392083348653,65.40423244303723,3241421,306154148.2958123
2019-02-26,688063,66.66862373548543,67.81418432068858,66.06310174770046,66.57851609862311,7059490,496727445.39914936
2019-02-27,688063,68.33659490129985,70.20908141444656,66.68014479468813,68.64853922314387,1138971,107897722.46927895
2019-02-28,688063,70.78856580410694,71.05417054849609,68.60206626449514,70.30212200381649,4176843,436550874.42469466
2019-03-01,688063,65.97135281122546,68.03536556543105,66.07413486445253,66.35708621659393,5623723,463056309.45868593
2019-03-04,688063,67.83988939808972,69.19648120402185,67.29687055853368,67.61930638086119,2926876,199738007.27001682
2019-03-05,688063,68.03836989366967,68.9721185632895,68.14884610207532,68.2399635248716,3510762,345051218.6834174
2019-03-06,688063,69.2760046316168,69.98490630051239,68.19431779980478,69.08265350767161,4557121,363350728.1507014
2019-03-07,688063,67.57139306078987,69.58054648999557,67.65838406749813,67.71525406268566,9438647,755391998.3889664
2019-03-08,688063,67.91079542625762,69.85884600030847,66.57619084092302,68.47535159317192,5117744,437092433.19352144
2019-03-11,688063,68.33960877444902,68.9546548680585,68.4701301829796,68.9011509685989,2484492,227862690.03543913
2019-03-12,688063,69.61617621303468,70.9644705379572,68.33221372461615,70.3170493834428,4285283,315330296.85453314
2019-03-13,688063,71.75146743216192,72.41878847023999,69.82671174287003,71.53224050068059,9175841,887491307.0937468
2019-03-14,688063,72.11342706780287,73.88655223084014,71.15572831327178,71.78563630811735,9104433,784104742.6119934
2019-03-15,688063,72.09808143164106,74.75081176677,71.67437940598329,72.61993084977681,3974523,404794849.7085231
2019-03-18,688063,72.9155228682254,74.20714433229591,71.34457749523362,72.3466574365334,6450774,557151452.3102951
2019-03-19,688063,72.22343184944704,72.91226704548625,71.40831957980205,71.82281661604127,5687085,509802558.3254925
2019-03-20,688063,70.47782882788526,71.6282467601596,69.96615775089055,70.5276169687602,4521205,460116897.65840816
2019-03-21,688063,67.79819191295984,69.44101702671519,66.42881192263617,68.43435962881539,2854474,257131148.91160908
2019-03-22,688063,68.06355629692145,68.05354412717796,66.03230504504175,67.71427171020486,5503787,375522816.6225373
2019-03-25,688063,67.75428378378075,69.13350869764248,66.26935134799253,67.36669384777912,5916743,492213455.1635921
2019-03-26,688063,65.6438301259853,66.68606033374111,65.78493889214221,66.27166713153491,3362136,287013284.56538904
2019-03-27,688063,66.14709086000697,66.86418000509663,64.5270287241736,66.36461260676865,8364584,757226155.8541329
2019-03-28,688063,66.19940796996954,67.60801199745006,65.41326755481472,66.35217801450881,7485878,565521927.9577907
2019-03-29,688063,65.44089246446548,67.1298755854732,65.0303176039744,65.53548851351894,8077331,541127753.3929315
2019-04-01,688063,64.63196924689667,66.80330288023997,63.74404136620686,65.21634301094767,7328989,493511516.72996217
2019-04-02,688063,62.7600251823306,64.96346977876772,62.97099442101573,63.07446597501702,9580345,886332785.8552746
2019-04-03,688063,63.45541044509154,65.90538905241745,62.4590235569166,64.01609727364993,5456221,422189956.511101
2019-04-04,688063,64.2577248393015,64.91096871708287,62.51399847560556,63.88947509548807,9258132,750656560.1860688
2019-04-05,688063,64.82784509229143,65.28794505829964,64.66989587451262,65.05934404986624,2694391,228966221.41806868
2019-04-08,688063,65.67444915464225,66.2794669180497,64.43380211218181,65.77425343441058,6066490,581348733.3360735
2019-04-09,688063,67.52345256301763,68.12430084953853,65.11142501520419,66.91368890660004,3448279,299869609.16728044
2019-04-10,688063,66.33844442947853,66.1815653544603,64.13759395923361,65.80842372487511,5030160,439692953.5248198
2019-04-11,688063,63.62700320312356,63.97428180863837,62.429446864643616,63.82977466722835,1255782,82732902.220413
2019-04-12,688063,62.59731389799358,63.0440445192779,61.39439209029347,63.00754161000335,7354193,642837986.2524768
2019-04-15,688063,62.00197636841114,63.860289548758,60.464108154523224,62.259958804009,2199984,180141219.20391595
2019-04-16,688063,62.581427360816264,63.32294144779392,61.73456702085079,62.33216210077288,6202660,484500598.4311706
2019-04-17,688063,63.51614931161154,64.94099876156373,62.471543099592246,63.33073021150259,1833766,138014331.46508604
2019-04-18,688063,63.90300682924715,65.22080699247296,62.75560078859895,64.13467074972753,6118777,545030984.7564119
2019-04-19,688063,61.70300347745362,63.18242409900636,60.850466080290175,62.13298228025776,2293947,185261423.020437
2019-04-22,688063,63.5623757735497,64.87198602639117,62.55170688576069,63.40225170274563,9754766,835127358.8681604
2019-04-23,688063,64.74908087784326,64.21424645780601,62.62724892916343,64.19704476722856,4949073,405392204.22315735
2019-04-24,688063,64.97438471362187,66.22728096476503,63.978765220929986,65.48576937311101,9437380,650042860.885926
2019-04-25,688063,67.21628091358275,69.28704952912334,66.15182187073461,67.51658969554822,8793587,690866408.5374842
2019-04-26,688063,67.63388860389446,68.44400266294083,66.14743095798372,67.27066587563507,1286421,123433724.13460904
2019-04-29,688063,67.11317262959668,68.16361010073352,65.9481308766363,66.54909768176728,2541138,205462485.94616234
2019-04-30,688063,66.04995149782177,66.03416572873797,65.57772690182907,65.79017138070775,2906935,275677916.192723
2019-05-01,688063,67.30555633561086,67.81311111312013,66.72371962073697,67.15596774631365,7334963,693483275.095879
2019-05-02,688063,67.46814205879377,68.5596309416604,65.56898185022806,67.53796927413391,7688685,677677841.2979894
2019-05-03,688063,66.49302567021667,67.66090259907641,65.56607995811228,66.75145672877815,1586057,136859312.2789632
2019-05-06,688063,67.06425008914434,69.01646141958169,65.7697560156786,67.0845904417889,6824015,609919682.0688462
2019-05-07,688063,67.61543257128817,68.43989767989274,65.35416147468072,67.29686421341742,3751787,267773514.16909084
2019-05-08,688063,67.69642565143306,67.85238555234355,67.73154877488007,67.78438536292799,9505624,776679606.9330819
2019-05-09,688063,69.56769715077242,69.59943924045872,67.98819562182358,69.2285069293113,8189219,575030811.8573384
2019-05-10,688063,68.2007078911445,70.22727163216621,68.63235070017043,68.77188098643809,3425031,255327536.91540253
2019-05-13,688063,68.3878371993615,69.4428787286029,67.27449906338357,67.91424001542589,3538766,292752276.7402778
2019-05-14,688063,67.59102236025242,68.67290900536176,65.56169004821199,67.32604883871866,2435066,212670549.62029353
2019-05-15,688063,67.88079690030061,68.14688963559098,66.01093217476567,67.33351039335037,6228644,427848101.2647745
2019-05-16,688063,65.9668228894255,67.35243489321405,65.43420370369542,65.88617875278618,2989937,238109334.36885554
2019-05-17,688063,65.30206123182084,66.60959943452406,63.97173868559753,65.17774373603112,6991099,481108631.31412125
2019-05-20,688063,63.95073972924662,65.58271541424632,63.575307488621284,64.49564528421462,3794157,334356799.78775454
2019-05-21,688063,65.2286407580118,66.00162604832617,64.09369765083848,65.1739052896695,5501640,469875217.8495653
2019-05-22,688063,64.35996438084874,63.94913049116775,62.86985667634627,63.80963240046821,3649980,293855873.33709705
2019-05-23,688063,65.48092234614211,66.20278927630032,63.75153171606125,65.46948982594672,3683601,331359062.9641703
2019-05-24,688063,66.30502190105396,67.22074783825178,64.77290346976419,65.88564032000615,8230284,628701697.0316534
2019-05-27,688063,65.13196538744835,65.84387369099043,62.904788706614035,64.71147128259668,8226512,652320683.3345737
2019-05-28,688063,64.80552683706317,66.28482977128729,64.189786699866,65.08330724105079,5245102,401590467.65259457
2019-05-29,688063,64.74517850807325,64.82049404010552,62.95763419820826,64.54899120013732,4961131,383177754.5395749
2019-05-30,688063,65.72233338811925,67.57711703992548,65.41494287621606,65.76980911478827,7664092,543529248.5337266
2019-05-31,688063,66.3199056665965,68.29989140971966,66.1216784584392,66.60209285365966,6434953,467485870.634255
2019-06-03,688063,66.12339225850688,66.72029590499042,64.17760915456645,65.75181302819922,4214131,331292266.1521828
2019-06-04,688063,65.97939813810721,68.2394144018662,64.86031493526744,66.38035769235339,1111306,81920559.47216575
2019-06-05,688063,66.39904651690831,68.17050557305076,65.58129507865998,66.47312565197255,8658942,580284069.9109272
2019-06-06,688063,65.99279955417603,67.4142135970132,64.88652825383902,66.35842575613414,5323886,480372497.1819322
2019-06-07,688063,65.39460061157472,67.41483156123522,65.77840675864682,65.96367887523873,8905897,842196006.6081942
2019-06-10,688063,65.97247190769522,67.91534082942009,64.86037055255133,66.55563392881376,2177675,212476904.70736042
2019-06-11,688063,67.68271727480338,68.49204840651768,66.84062366464643,67.39686979484779,8000856,768178061.2119597
2019-06-12,688063,66.62928383861403,68.836075560095,65.1969590305974,67.11221964227761,4957924,443231924.8513398
2019-06-13,688063,66.22727627487286,68.62992240952454,65.92636386161729,66.64363898783779,7723189,547475069.9365515
2019-06-14,688063,66.4250251318126,67.16796118523213,65.20107394611847,65.86007751566297,4190100,343454002.7627692
2019-06-17,688063,66.10708157562001,67.17852631681534,64.61589125544062,65.51951527736333,5126269,365333111.8338904
2019-06-18,688063,65.53018665838322,66.56420194580954,63.88850277957735,65.12814521056379,4203328,280065465.106591
2019-06-19,688063,66.19914466797181,67.66549812510455,65.78872012094854,66.12647528309668,2595550,208064239.78932053
2019-06-20,688063,66.73549739310134,68.07122632277893,65.01846512618289,66.89156640531911,7169834,657208663.530229
2019-06-21,688063,67.64585970162595,68.14654570616844,67.05009681223774,67.64570533241397,4272363,310321746.5790837
2019-06-24,688063,66.64826737307773,68.22626869560585,66.65257372946309,67.12690436489012,4620510,383795792.0695476
2019-06-25,688063,68.35027598918697,69.92144265643348,67.65501052981914,68.71222156895823,5342913,475328217.2804729
2019-06-26,688063,69.97617640355789,70.11846853474388,67.87784094132499,69.9616480978395,4121503,365274486.7662228
2019-06-27,688063,72.65011806498207,74.58201146697765,71.46479827552253,72.55853498261965,2369864,221518341.46181026
2019-06-28,688063,73.23251683456034,72.98675012381463,72.54370124377382,72.94299294341846,2410991,258390755.7124569
2019-07-01,688063,75.70834178979352,75.15961963748,73.61555713170914,75.05537752401018,5603048,458457627.8452133
2019-07-02,688063,73.11632780470502,73.32055209959968,70.6562857770831,72.71631963068026,5159127,436833408.0385926
2019-07-03,688063,72.83191015467483,74.97321895736641,71.43548701994942,72.81015310264011,9428044,821241303.9195645
2019-07-04,688063,71.34645203412703,73.79673883422731,71.70599210242864,71.84163422796894,6265747,475247509.35074073
2019-07-05,688063,71.3925983670319,72.09818249930792,69.72449134654474,71.60357940360262,8214050,674945884.9050968
2019-07-08,688063,70.94274904840901,72.89216525225929,69.25321991771611,71.15366178012886,5468280,441234397.0868952
2019-07-09,688063,71.75657313100295,71.72178424338034,70.32637315202147,71.49200289097013,9711291,903581916.101778
2019-07-10,688063,70.123964347133,70.38384829760635,67.81264237785997,69.87215790825778,4656751,331900697.18909144
2019-07-11,688063,69.6829293198683,71.64747586330512,69.9365727797064,70.17627976544371,7207455,738190058.3482953
2019-07-12,688063,70.36826138658198,72.22946706285525,71.07708206748919,71.07790023197975,6698749,493552860.7664069
2019-07-15,688063,71.50349220898478,72.14523470895314,69.84102293169191,71.47327298644049,4502099,398120801.7055142
2019-07-16,688063,73.26254610537933,73.46462450221416,72.08003403078436,72.57967821781394,9420868,941397733.0673968
2019-07-17,688063,73.84394877773009,75.44312073662815,72.20124453391392,73.52520897995127,3866652,294754683.8484363
2019-07-18,688063,73.54286604619796,74.77725017469314,72.20020023694921,72.91681117712508,2362875,241719945.06969622
2019-07-19,688063,74.30403419906146,74.55862560926555,71.80709108389439,73.84965253317853,2807603,265380621.94270867
2019-07-22,688063,74.46102693092332,75.45352354174643,72.08421219441796,74.0009962684477,3592824,346917108.36419356
2019-07-23,688063,74.35623210603958,74.72605516575692,73.05973067170491,74.71392567321378,4352429,484261439.21101123
2019-07-24,688063,73.14537031945032,74.07657822412709,72.26608615407808,72.88199543930088,9276114,1002955600.5455226
2019-07-25,688063,71.19782136417047,72.67228024111606,71.04440130736458,71.8173380695091,9215979,743639097.3201416
2019-07-26,688063,70.41708268770826,71.32103615447062,69.12316181088214,70.64547621415336,1030955,76913931.7422581
2019-07-29,688063,67.46659347335135,69.10978132591204,66.19399730543442,67.18747736296348,5016170,384791559.4487867
2019-07-30,688063,65.05785493176026,66.3091353235036,63.482140730724645,64.7582707736537,4405621,380153807.3143025
2019-07-31,688063,66.18467934494159,67.55514100511951,65.51118464328196,66.26257431233897,7790935,554062149.395742
2019-08-01,688063,65.77585984388396,66.7598854900051,64.86343270343326,66.07195911162137,7216876,671251054.9731239
2019-08-02,688063,67.76056069854508,68.739259882992,65.53322345878294,67.10558965501775,9034932,712897507.887227
2019-08-05,688063,66.25559854166836,68.64442191654958,65.12857408796383,66.76829624850475,1827747,122804277.12313335
2019-08-06,688063,65.51381881768583,66.00993420248639,63.80631679518826,65.02004556870568,8901561,792758251.4971731
2019-08-07,688063,66.06568772577131,66.44465342648175,65.35775084181445,66.22931837850497,7149107,690131626.0687908
2019-08-08,688063,67.02664783039805,67.46543764530637,66.27254383225868,66.60351415553475,9408605,818036720.4010204
2019-08-09,688063,65.92113495148244,67.57697035037812,64.92273987370133,65.89940565002895,9174719,776038215.6621556
2019-08-12,688063,70.01192827912278,70.50754236639544,69.06631253153331,69.59140548749768,3485608,337499082.38169783
2019-08-13,688063,70.05376489677928,71.85219670532591,68.91181144275323,69.76283706412964,3844699,351805897.5880453
2019-08-14,688063,71.92897782765483,73.29030481987589,69.99982126716972,71.98562686061062,8940282,669716755.7379223
2019-08-15,688063,70.45746144613426,72.7818973484923,68.85839656651099,70.78482225070275,9554966,726414810.9881961
2019-08-16,688063,68.86934557348224,71.43325973671305,68.1841880055815,69.46251867493565,9905157,727593550.7141623
2019-08-19,688063,68.09100627334041,68.70619620384637,67.52583048858496,68.22897408872885,2512460,230231781.40067172
2019-08-20,688063,67.60559409259744,68.22282976829007,67.77585493091578,67.86699074634998,4525301,382367636.0350782
2019-08-21,688063,69.70949147119781,71.591329379887,68.15098508708392,69.68263530919658,8827663,800561654.4620868
2019-08-22,688063,70.99323485232127,72.76981753891928,70.27972622386064,70.76775559509221,9532613,744544927.0485513
2019-08-23,688063,69.25732047998713,69.30266992787777,69.02333124883756,69.03454693237475,1530686,133378079.1961114
2019-08-26,688063,68.91845920877547,69.2964862709642,67.03356701938048,68.64435072937272,5376777,482410860.7659786
2019-08-27,688063,68.10884087234726,68.87001950269646,66.48661371698594,67.79111927339073,3970841,308080174.1259273
2019-08-28,688063,66.46349787413351,66.80140796236918,65.46625688037162,66.71630432495385,6336326,590924104.513872
2019-08-29,688063,69.07259485122985,69.88055540574427,67.37503650173306,68.527862280471,1729113,140646765.30538344
2019-08-30,688063,69.85391055921336,71.39717466078682,67.59480114213915,69.58720284353251,8503333,719693694.0041598
2019-09-02,688063,67.92343095456692,68.3059467967082,66.91243603280171,67.79670679657329,8943300,849639199.5359465
2019-09-03,688063,66.63166646880411,66.73328829161011,64.90861639382686,66.58198510659062,1532368,132850033.31017788
2019-09-04,688063,66.34298235258191,67.63756865074599,66.41168296090282,66.52272558702256,3104580,304141460.61177605
2019-09-05,688063,67.5392876373051,69.30398169960094,67.25262574393444,67.30914474232455,8425626,780480637.6298776
2019-09-06,688063,69.1344618714703,70.68951108948026,68.39876391429596,69.26141164057287,9157851,948484605.1805503
2019-09-09,688063,67.97844783719366,68.84552962155216,66.16489773210282,67.636762309336,3451194,328499590.0710969
2019-09-10,688063,67.28810787262296,68.65196080799963,65.20648804370094,66.98546077243594,8356664,809055232.0093371
2019-09-11,688063,66.99334408843158,67.6822457750479,65.76532309743708,67.22496454208547,5107556,468396780.51249635
2019-09-12,688063,65.86390037926911,66.86750273794352,65.4926272529395,66.30832051052859,1783344,152095380.57175818
2019-09-13,688063,67.05504554866704,68.23834671923098,66.359752026612,67.65033263471396,2371775,236434732.99184245
2019-09-16,688063,66.73241788122321,68.954993108964,66.39911616060776,67.09557219882808,5051307,441220777.21331036
2019-09-17,688063,66.92516881830925,69.05580956171111,66.4153882375004,67.06269881944769,6034949,417369426.4587503
2019-09-18,688063,65.39336792686952,66.08213936171494,64.95767792095043,65.57730052151514,9144340,616551029.2187707
2019-09-19,688063,64.83225112946641,65.88869689287081,64.51113598332937,64.66353201720524,4327724,388673618.10616815
2019-09-20,688063,63.93421401958305,65.36912972026055,62.486712655958335,64.23975245531034,7487376,555245875.4956713
2019-09-23,688063,64.18668766249993,65.70529566702241,63.11446464353512,63.83148991936465,1767895,160459211.45970827
2019-09-24,688063,65.0680316606888,66.2177178310247,63.45841010355702,64.65467898644383,8906187,578002361.6595286
2019-09-25,688063,64.21290883142188,64.74784767050745,63.20306877527594,64.6867862498201,2042353,156152832.45162702
2019-09-26,688063,65.5940074555147,66.4639184914832,64.87899007064547,65.66762631661224,9417498,631380590.0428418
2019-09-27,688063,65.82936852859463,67.21875301226663,65.76437390008641,65.91742936364159,7322873,558242732.3442014
2019-09-30,688063,66.74833683778586,66.60670387232888,64.7503176000395,66.39158065275677,8476159,671761043.2756698
2019-10-01,688063,67.0423443711975,68.05519787537567,65.1445698535155,67.02943152451351,8425397,722688874.2080352
2019-10-02,688063,64.41973548395289,65.99306644036294,64.29895763881824,64.30059359660765,4114757,394672455.32493424
2019-10-03,688063,64.35213678796656,65.73352620421298,62.48710000415591,64.40701870559155,7369885,536905899.4388257
2019-10-04,688063,63.56978570253507,65.17691805584836,62.47436413157808,63.6423492531992,3143982,255576692.11186475
2019-10-07,688063,63.5131755744721,64.20042788972701,61.67403837083763,63.416706335229875,1715495,112090898.53926072
2019-10-08,688063,63.04004340730071,63.71004630843536,61.08070075116393,62.552140341242335,1795336,131211651.69214
2019-10-09,688063,61.04828439947912,61.279682077736915,60.59816737087812,61.20364601781353,3435916,222197537.47250402
2019-10-10,688063,61.048126472265,62.0856272092076,61.017580323427865,61.57106329329272,6046920,385908235.1702287
2019-10-11,688063,60.92287676812832,62.40150179653789,59.86105287611941,61.48658657203674,7264219,463204894.175131
2019-10-14,688063,62.50709396427568,63.99903860113353,61.318152532085755,62.853189016038336,4803889,350071077.31004447
2019-10-15,688063,63.913126016543046,64.77416317248796,62.70864717074559,63.33776746231291,3246565,247159681.62113804
2019-10-16,688063,65.52390872971533,67.20739927172491,65.0685398357825,65.45463977239848,3349697,255942586.03682977
2019-10-17,688063,65.37898300217581,67.207239740254,65.05070652664445,66.02501207869203,1237568,82072819.23490998
2019-10-18,688063,65.57597905511352,65.23732098309239,65.09660938602143,65.13170969657926,9248841,778785835.3138553
2019-10-21,688063,64.36882223407238,64.8217922969583,64.05476285766926,64.13041953879917,7691719,612518724.173973
2019-10-22,688063,63.411353138405424,64.6204463943567,62.71797794771225,63.11769206186569,5339943,448808689.58883435
2019-10-23,688063,63.46784839820637,63.91199732486445,62.627274846604976,63.08332528544143,2586316,219698232.13087112
2019-10-24,688063,65.55138615174255,65.5747551512736,64.73242712203296,65.18869931207311,5499534,496982888.24925077
2019-10-25,688063,65.46648862172319,67.11157217652253,65.45445446047266,65.5019615221175,3023052,221836949.61885673
2019-10-28,688063,66.02872425084776,66.53289023437367,64.66319794147017,65.41238373284898,3857414,364100761.49861914
2019-10-29,688063,62.9974514723677,65.10193071217792,62.34253398863664,63.39995128455049,1805476,156887649.62056985
2019-10-30,688063,63.59982972414092,63.99838317282906,61.24081163662071,63.02200797412863,7454283,554142977.462344
2019-10-31,688063,60.38409767150623,61.95161991781316,60.07389475320134,60.81893922863331,3268373,277242252.4950338
2019-11-01,688063,59.33964129241374,60.35239569790817,58.380202689907044,59.567021170337775,5066501,418985156.40178406
2019-11-04,688063,60.34040517376758,59.974315892300375,58.84025563165354,59.912044160695935,2720941,235805412.60837364
2019-11-05,688063,60.92614850265033,61.59398982079665,60.783237068869965,60.97761534263874,7938388,589773764.3893845
2019-11-06,688063,61.23757140639551,62.33007609008804,59.468243662496434,61.13888391720971,5244732,355511607.57267016
2019-11-07,688063,60.64148735271217,61.54137302643781,60.09524380060692,60.13037528099669,8683791,530263845.97458637
2019-11-08,688063,59.92209842084904,61.56807586277583,60.01963294917409,60.23520986238043,2192985,139736625.0082828
2019-11-11,688063,61.034286208821925,61.30251476370484,59.95071969412057,60.95120084214399,8187418,655645036.3490843
2019-11-12,688063,61.34818832224135,61.942794264502126,60.55664361433467,61.52476157634887,8393734,592197537.444723
2019-11-13,688063,64.19152017968055,64.24929108792632,63.96377589059776,64.05515741231869,9918635,804756269.6325024
2019-11-14,688063,61.958610678938406,64.02284800545854,60.926167683601875,62.47382752945449,9609578,765375604.9637042
2019-11-15,688063,62.52191385107214,63.108207318474626,60.61186021917727,62.11663571318788,8720650,703626549.4806719
2019-11-18,688063,62.65629811345653,62.96499747168288,60.54467590617415,62.34524002333361,5802310,425471479.92388386
2019-11-19,688063,64.4258126518185,64.82335044971053,64.48779621160581,64.63903792251895,7867086,750271009.1661024
2019-11-20,688063,66.36628972742268,66.49837088519232,65.29944224051661,65.87085286291682,3413688,307892557.31627595
2019-11-21,688063,64.66005210023663,65.2450253399358,63.96063936154107,64.48671352567212,8254446,775140556.8713521
2019-11-22,688063,63.48920929950688,64.93757836000029,62.90745803634656,63.62694465866641,2093250,187996543.02025506
2019-11-25,688063,62.69758144351753,63.32224494188338,61.7379288236513,62.52444508150251,8705251,753640639.053844
2019-11-26,688063,63.86353450985462,64.04933262021257,62.19780305547471,63.58163644710792,3941979,363741485.4078059
2019-11-27,688063,65.45886395581259,66.10247735737015,64.59129696271475,64.9398773819147,1040480,76864007.90952615
2019-11-28,688063,64.99608616466016,65.12773695856805,62.5616618680806,64.40034080424905,7709625,662237762.892487
2019-11-29,688063,64.5525854071974,64.02985415914314,62.96855224049179,64.00648338521202,8596257,679050847.5240815
2019-12-02,688063,63.695479443338016,64.71462771734433,63.47010358746628,64.32274446445102,3558376,301453314.09688467
2019-12-03,688063,64.02095299464673,65.63863621853643,62.32312820073281,64.02622642979742,6472785,435809639.0460917
2019-12-04,688063,64.15402006548186,64.89800185276097,62.72022626363578,63.96581853315648,7164998,547936910.0692962
2019-12-05,688063,65.15051243204282,64.87271700335668,63.4488727125633,64.5577844621915,7964890,713629507.7929512
2019-12-06,688063,64.57233786716007,65.64208859182101,62.82934360038162,64.45887200112323,4736954,364394529.66089857
2019-12-09,688063,62.50352683383965,64.1555959838945,62.62304730139,63.06386015676755,4269348,306179531.263927
2019-12-10,688063,60.6839704488988,61.62489688910054,59.69179472919067,60.609617810921236,4571513,397618385.55039847
2019-12-11,688063,59.742821340431334,60.47600921014149,59.72836394690979,60.33625364724169,1888363,137384579.94159016
2019-12-12,688063,59.97985245943112,61.789243096890765,58.619167823630995,60.352949535272266,6478965,433367982.0441335
2019-12-13,688063,60.181841511360126,60.486211790246706,59.47552493978632,59.922084214739364,3034897,212688991.04522195
2019-12-16,688063,59.88961088471881,60.83067143521725,59.99648021458622,60.09921965125797,8929947,612735255.2979599
2019-12-17,688063,63.5788847245735,63.872269207744885,61.83913767480953,63.04884523096265,8028052,730127054.8741305
2019-12-18,688063,63.681654967700524,65.42824709935766,62.9787208862842,63.72192799350122,4701810,358806079.795315
2019-12-19,688063,62.535302007486855,64.28590908590603,62.45805487471657,63.14127683294158,4087107,273877474.22326374
2019-12-20,688063,63.89314918578435,64.61883031747291,63.28601609512632,63.93448993336858,5749673,528127963.98914516
2019-12-23,688063,64.03706724231567,65.34944684191991,63.41229494074472,63.47248225515619,4681016,442299378.0074907
2019-12-24,688063,63.59369898719951,64.48857931363976,63.42002041510791,63.71906875232376,1515023,112818785.13652283
2019-12-25,688063,63.69132856176951,63.910890788751345,61.598081673874766,63.331572108120646,1601595,107437370.87125771
2019-12-26,688063,62.82459207588076,63.11119162532793,61.681866478798845,62.49196561109582,7888734,572157767.7288007
2019-12-27,688063,62.00284894937022,62.361119048038766,60.62567537309674,61.974163634684,4045088,266930352.94911808
2019-12-30,688063,62.50489299766184,63.330041621651255,61.26932457456215,62.449708994283775,6761000,427382595.1734379
2019-12-31,688063,63.92019470982122,64.48937416251509,62.06622701045357,63.58025616073008,2702580,172625637.06802037
2020-01-01,688063,64.5034358955773,65.35060263925132,63.40831441098881,65.02747731792579,8508023,660878309.700056
2020-01-02,688063,65.6382362177462,67.47388068784771,65.57846321075807,65.76814184882511,5315662,502698121.28313357
2020-01-03,688063,66.68413998365503,67.4509680487362,67.25164790683385,67.28906947154807,4411659,337246601.26795036
2020-01-06,688063,68.45615482573889,69.30492428080474,68.13271298755927,68.80468727756346,9423825,940467722.5752056
2020-01-07,688063,67.78297573621866,69.02274956821154,66.72388965025037,67.40596722013575,9232957,904792334.3504663
2020-01-08,688063,68.36113828024024,68.85800420616742,66.9960029163074,68.12367485293649,6888850,643306893.8455868
2020-01-09,688063,68.29207314565258,70.22399278697738,68.12300132172464,68.26308954193598,6069257,569706796.9502281
2020-01-10,688063,67.13805058665044,67.29134707038023,65.91864829414386,67.16344775116184,3693168,357011635.96246386
2020-01-13,688063,68.29590865398028,69.52131131928171,67.28602554910309,68.07033868614914,3479475,301935139.13869536
2020-01-14,688063,67.03175315084971,67.31650131252006,65.33959846582259,67.17385270519802,4751410,361572035.2287415
2020-01-15,688063,67.53303701103074,69.06070800125815,66.07996749152959,67.88258199909609,9867750,688440139.5653234
2020-01-16,688063,67.42349507510394,67.88916702667622,66.94623168257046,67.43920159247794,2912590,203240570.6659824
2020-01-17,688063,65.56227738182174,66.24092446335337,64.48461544609307,65.73654879410844,2760071,245205134.45267949
2020-01-20,688063,65.84787826088576,67.5131812541406,66.18065418126787,66.38587817197248,4235756,380052551.86330664
2020-01-21,688063,65.45374227528735,66.82942930906269,64.54885137257784,64.98933148917814,5555798,537750353.3699231
2020-01-22,688063,63.39919048482934,64.67691050730679,61.85201539919857,63.13465714361627,1768324,113026052.65379974
2020-01-23,688063,62.6788756853741,64.74929032534142,61.3172971968751,63.07317790412852,1839113,163584951.03663543
2020-01-24,688063,62.46134579794749,62.51705403125521,62.140469796208954,62.3910311374224,7341879,500867728.67310524
2020-01-27,688063,60.854129222291675,62.714129874287615,59.3069621922327,60.94964738074114,9872700,732730496.2042478
2020-01-28,688063,61.65186793596903,63.367526148223014,60.685663860107105,61.66037379519048,5431268,451414428.2236275
2020-01-29,688063,61.16087457039889,61.32988744701846,60.00811408033613,60.93619366239561,2960245,224084596.30282855
2020-01-30,688063,61.07754714115889,62.953088013696,59.82353898935369,61.325345577422624,6680106,580728270.7367898
2020-01-31,688063,60.657319210154206,62.41730933539082,60.79081939096296,60.88869168604618,2473739,176902556.81276914
2020-02-03,688063,60.34287234627354,62.140890842398456,60.20145847314693,60.426241829994865,2922477,227567983.31686795
2020-02-04,688063,59.78752712802172,61.39557414806031,59.649089152182796,59.66301587921448,6930963,436337925.7858554
2020-02-05,688063,59.9623065705257,60.46097047487081,58.166638049398976,59.75631652921422,9385538,694407932.4574841
2020-02-06,688063,60.889284605793854,62.116724290712405,59.12994249192876,60.41280045549935,5950560,476659509.80740505
2020-02-07,688063,60.22081712055805,60.183375413839805,58.419624472411314,60.02015846038456,2507957,206812405.00485
2020-02-10,688063,59.18841943645859,60.30410018277003,58.77711324245943,59.173562224333104,1366795,109890145.6045692
2020-02-11,688063,58.77226812949076,59.194396088163316,57.07860007597304,58.4863653622207,9687083,847767482.5781248
2020-02-12,688063,59.45927555269273,59.59424703720689,58.12379208476125,59.2676670306146,7154363,605082404.8486041
2020-02-13,688063,59.692193720494636,60.51217192008592,58.010253364015384,59.47916577005945,9223116,612201944.0856102
2020-02-14,688063,60.96850867844458,61.843648770979804,59.37548916290961,60.59895091660457,2436006,181511971.4399943
2020-02-17,688063,59.665272861556105,60.78585586424958,59.54716661745713,60.038018968940875,5872017,459529829.38785994
2020-02-18,688063,60.826323448634966,61.128626351503435,59.388225721570805,60.303505675929635,2300374,168327254.63595667
2020-02-19,688063,61.17253147340654,61.57861000035113,60.48659242502363,60.864543726202356,1281857,82523950.83804585
2020-02-20,688063,61.2733904109287,62.006865540379245,59.81558309270757,61.62328672687814,8126111,663067571.8975452
2020-02-21,688063,59.07074964751069,59.858003370055464,58.55359976206713,59.26868647696722,5030022,311795230.82277554
2020-02-24,688063,58.720095225167,59.786788493489716,58.10772275987335,58.80467794493068,6200476,465905735.5055791
2020-02-25,688063,60.17190252909361,61.31563390197658,59.31413023828505,59.86825616152782,4169792,276525273.9821632
2020-02-26,688063,60.58723207745966,61.41113290775223,60.46251549724829,60.90242629767453,9230996,584286712.2977761
2020-02-27,688063,61.90736753701632,62.1583800647292,60.42999404177165,62.081898620199496,7058047,610937209.3337233
2020-02-28,688063,63.54497202209974,64.7160746014806,63.355951010744015,64.07957999525235,6162675,474317129.7349293
2020-03-02,688063,63.51411214656132,65.66326036010197,62.88498121733842,64.07734773182558,8354098,780927392.4202242
2020-03-03,688063,65.58087275343516,65.58207044877054,63.84013868220316,65.26077818060716,5540088,534242061.80381286
2020-03-04,688063,66.20382196796906,67.27101239065586,64.51939889847769,66.26933821438774,3292652,276931309.8048379
2020-03-05,688063,66.98767888235233,69.20550200801468,66.19060558585893,67.53842722310796,4576459,450481537.17599756
2020-03-06,688063,66.34063699633626,67.14020326097004,65.42282102111712,66.77769147371299,3522320,326543171.90016013
2020-03-09,688063,67.89497026195676,68.15956462286148,66.14224884323517,67.95209629679744,9536913,799501281.2450598
2020-03-10,688063,68.72785388936039,69.98206291887765,67.99413882213538,68.26437526887614,4764409,483191095.466957
2020-03-11,688063,68.56613587748325,69.73793786202292,66.54122304896721,67.99572975325998,3806136,299057746.81844425
2020-03-12,688063,67.66283719800961,68.90327244503452,67.07375339470352,67.85083518301002,7416121,702214783.5943909
2020-03-13,688063,66.8855588442932,67.98409996998177,67.17270858446464,67.37721124642556,4869336,479790999.9148086
2020-03-16,688063,67.97896041604794,69.33969091582598,67.22160410206077,68.20922103865553,8950354,915243245.5811366
2020-03-17,688063,65.46397536861609,66.7546582194539,63.99300190666,65.58675154165942,6812210,503536379.363586
2020-03-18,688063,64.23128902403303,66.1335809332757,64.43223773499561,64.75101004526707,9776778,826452214.5118228
2020-03-19,688063,64.9077455332406,66.41872500626168,63.468582300668274,65.34681908514727,8674883,664593470.095246
2020-03-20,688063,66.72372568980003,66.85341757665591,64.42517543298008,66.34333701011484,5332731,495803230.6340372
2020-03-23,688063,65.48802916358851,66.03127335652087,63.6941908969375,65.61812752315916,1501467,103370381.90699905
2020-03-24,688063,66.50649028008438,66.85608229909818,64.19756734580243,65.93340581153282,1414061,120393792.38244724
2020-03-25,688063,65.09118699007327,67.2048209899365,63.58000859229187,65.28987248658134,1604117,113248361.68518795
2020-03-26,688063,63.511210165438634,64.36307806089278,62.15216854027635,63.57256453220349,9255475,875027481.9999692
2020-03-27,688063,62.723975715682165,63.68081340406675,61.21723096151979,63.04125551846955,2628546,206245327.94054037
2020-03-30,688063,62.901494874069016,63.84132885347062,61.62756198194974,62.55378064501619,1755042,116837179.90622795
2020-03-31,688063,63.105143740240564,62.96887414498818,61.71768655849489,62.81890515106698,9422072,868829753.2862616
2020-04-01,688063,62.83527928980415,63.76446364109947,62.20141633870015,62.79118108800359,2495926,199096413.00737765
2020-04-02,688063,61.65553364693886,62.619458872882824,61.57422995017592,61.6201201845861,7454852,643222857.1619217
2020-04-03,688063,61.60282484834134,61.411131641398725,60.6970344259215,61.1115658910536,5564478,357899663.32599396
2020-04-06,688063,61.887492671000395,63.88418248587241,60.57391819979352,62.29058678681226,8882768,809194994.4211963
2020-04-07,688063,61.42101127774516,61.79591248148816,60.765739336730746,61.274951196695426,5166563,335790989.168918
2020-04-08,688063,59.10877072377156,60.1768817824746,59.011157556762406,59.55444050935449,8646055,683387655.3855672
2020-04-09,688063,60.07973776719677,60.691117709562434,58.82319609577424,60.264725432635686,1389994,112694317.9139682
2020-04-10,688063,60.13375927789845,60.8350339021477,58.372099481364316,59.74945353247041,9751720,643987626.936874
2020-04-13,688063,59.33375730371987,61.283238032468745,58.617876425222136,59.591505032292126,2425806,208037103.9320472
2020-04-14,688063,59.27384046419759,59.580531943996284,57.81059684441942,58.736534189538375,1640462,137415185.03667384
2020-04-15,688063,60.09289426250295,61.878818931914424,59.139470415291356,60.38776812323431,9366097,734514379.6845725
2020-04-16,688063,60.582100626801385,60.7631266435318,60.0455954331105,60.314951670588435,4616523,352696479.294331
2020-04-17,688063,60.60572317751951,61.57727265612933,59.47906693596678,60.04653607423899,8981675,743037651.056141
2020-04-20,688063,59.78284630557892,60.55211607074914,57.56476180087426,59.29365011262194,3264621,209323753.61327925
2020-04-21,688063,59.00141257040309,60.700435536340876,57.73376572211906,58.96830323598031,5260164,451838824.69933516
2020-04-22,688063,58.760519440800685,60.9367671441422,59.069152022419146,59.25468586274717,9998649,603185359.792422
2020-04-23,688063,59.08318278899082,59.71416387944645,57.706993186994744,58.96590534123511,1883978,139471032.80510178
2020-04-24,688063,59.614510617733636,60.77049538389067,58.21117968995378,59.716693867148784,4752367,422729873.19698775
2020-04-27,688063,60.53961427338049,59.95178194731777,59.42455034476311,59.941871648183735,6164307,430383992.676623
2020-04-28,688063,60.53874374902519,61.093657577772824,59.40870888901782,60.10110722760819,2628982,217299626.61430487
2020-04-29,688063,61.11750178452741,61.58434629318207,59.066872611788455,60.838377780139275,2571352,165795949.88735077
2020-04-30,688063,60.41871164622381,61.658300623521875,58.46681253450563,60.01794581348757,8274004,655986743.339413
2020-05-01,688063,59.4103699527562,61.11875409514257,59.91215452315924,59.97028140436199,4854592,299308283.5190486
2020-05-04,688063,61.358904043048234,61.24532469409018,59.75716037848605,60.874527184200865,8835492,595743238.2639829
2020-05-05,688063,61.75777600436173,63.53919696794728,60.48597159734311,61.983316767994296,7098363,574337939.2738361
2020-05-06,688063,62.49338639448578,64.60110672621146,62.33391412561056,63.00776655315569,3980269,271334707.52152365
2020-05-07,688063,62.13371841953682,63.49236238861879,61.162834797089964,61.72136280633265,2113089,146631924.95103234
2020-05-08,688063,61.829707288327086,62.106827746802445,61.262776955083105,61.429620088008726,4342525,373283619.82467645
2020-05-11,688063,62.730591155535755,63.48234396598869,61.29218652763233,62.70426692451918,6272650,503419836.4525572
2020-05-12,688063,63.47697212538882,64.03452120484198,62.78214363419885,63.59385695658939,2133992,138757432.33895323
2020-05-13,688063,64.78527522854986,65.82635615828708,63.18155678084567,64.45534049606621,4550208,367691354.444069
2020-05-14,688063,63.396445018459524,63.504442608094884,62.888240769237434,63.14822363526698,4306000,294052122.1769929
2020-05-15,688063,60.85488986901075,61.986737381872715,59.326405333910714,60.612435769247845,4566623,283007770.67318535
2020-05-18,688063,60.99449292474921,62.044779060866695,59.47416207153361,60.56935641206784,6774497,587687935.8193455
2020-05-19,688063,61.59376598551507,61.845035681708026,60.05753881691867,61.72033570160442,6360832,425576655.57821333
2020-05-20,688063,63.0718394813809,64.07538608818909,62.27789641889673,62.50662170922881,7321955,626191301.3029097
2020-05-21,688063,63.011727829085046,62.92213933399328,62.38209351777432,62.715854119717406,1587155,146720049.75409397
2020-05-22,688063,63.9964764420615,65.40329908738241,63.03060848355216,64.18981996534734,9594587,825020812.2649008
2020-05-25,688063,64.76003914674143,66.25527429818537,64.13470769438588,64.33482191140655,9095907,687542992.6633396
2020-05-26,688063,65.51542858528924,65.24957197438485,63.74122907050109,64.86769436360862,7507504,599737970.2127453
2020-05-27,688063,62.99380338897109,64.86621374774973,61.91492168705453,63.51291955149189,3397492,284092330.78461653
2020-05-28,688063,63.29392473641224,64.99645821618473,63.445759392875814,63.48032340538043,7523829,629948783.9420246
2020-05-29,688063,65.41031417575098,66.07400436338415,64.24215834937932,64.8336101271168,9871930,689327690.5155756
2020-06-01,688063,64.98705882035138,66.51331196362102,63.938449299474755,65.23339009922907,4430233,403947201.05261815
2020-06-02,688063,65.87000867629577,66.15437324840337,64.05452845005537,65.72498978302835,2463816,231659606.50356194
2020-06-03,688063,64.73904116988504,66.84150343939098,63.862515469839586,65.31686585457598,2074046,161881725.20431858
2020-06-04,688063,63.52515451248547,64.41752547221549,62.538965540645954,63.688335597001036,9667451,886794637.6481072
2020-06-05,688063,63.17713864746143,65.19981302549827,63.22175334281573,63.51157109521943,3662932,327767061.4551548
2020-06-08,688063,63.88558681494773,64.896486772185,62.86921941522148,64.35541155996381,9634601,776489322.9708066
2020-06-09,688063,65.20946585681995,66.58584623523335,65.61347143083594,65.86716716862864,4176016,326476747.6766472
2020-06-10,688063,67.90264251654868,68.18993608119196,65.61898032409069,67.40865092043524,1709146,141749660.45900455
2020-06-11,688063,67.3518921143054,69.37025093382005,66.85529773126461,67.41497378689186,2691426,194175791.89372653
2020-06-12,688063,64.43574426851202,66.07502151091539,63.16846062700433,64.89069226053907,8913210,790876078.5018423
2020-06-15,688063,64.54757787691597,66.12909602451712,64.41565650416973,64.55886706271521,8397042,589919078.2092572
2020-06-16,688063,62.046362392565015,63.04084207428577,61.57630355773419,62.5827573742915,4859447,399467204.43216956
2020-06-17,688063,62.460953311013284,64.1694520189801,62.36511595929779,62.97802806342461,2803240,217807225.1324015
2020-06-18,688063,63.34366464594808,65.63986542638138,62.559594557161915,63.9833878416686,2434335,208838152.00450927
2020-06-19,688063,66.58081177824697,66.92561488278517,64.1315253224035,66.10857502352968,6820480,527012931.73497987
2020-06-22,688063,67.54605026513913,68.9866634701277,65.21065149460496,66.98818777784578,1201997,91966172.78326875
2020-06-23,688063,65.8788204871848,66.97153971749347,64.02023946068925,65.74558717375109,3340621,252506592.4294225
2020-06-24,688063,64.84890049308255,65.86368672508038,64.55546969149377,64.6276215938488,1512043,132450156.35522237
2020-06-25,688063,63.39414672869682,64.97974985059273,61.70362691792383,63.25385486781341,6550855,495224949.69683343
2020-06-26,688063,64.71392537441046,65.25666199971697,62.9518468064028,64.45505494051532,1584052,145910692.90474913
2020-06-29,688063,63.49277572768197,64.83264519417317,63.11309385716991,63.45137112694043,9697327,721738316.4577646
2020-06-30,688063,63.18934912146483,63.269921240320414,62.13715315275874,63.1501594198513,6712567,555363523.7928908
2020-07-01,688063,64.75275771690637,65.99594834824143,62.33653958691761,64.2324821164994,9079562,619654493.7840496
2020-07-02,688063,63.88404974075579,64.33225575099085,62.540049274702575,63.60833466051452,5884032,546928299.7846763
2020-07-03,688063,63.56540861333538,65.10036378197066,63.50424291986695,64.05066018322538,6912378,633206942.7721612
2020-07-06,688063,63.76774037279305,64.79962670265793,63.16198355053007,64.40619021791156,7960066,575514390.1028196
2020-07-07,688063,64.45564087113308,64.3462019563503,62.25809663185069,63.95046576852202,4260769,337953763.0339184
2020-07-08,688063,61.73128995087413,62.23355236821071,61.39691937520805,62.15278063160961,4882045,419124542.2020339
2020-07-09,688063,63.71358498068348,65.0492343488283,62.349424568828155,63.21716960366509,6560618,613236866.4079292
2020-07-10,688063,63.844898726873836,64.0021087479396,62.89831867060068,63.24249616518528,6286104,560847473.6304667
2020-07-13,688063,61.681566031170114,63.238434699529456,60.8523566829939,61.75505644602647,7159347,623132748.9211398
2020-07-14,688063,63.326741757641905,64.45667359046092,62.85713810352723,63.67552783373844,7352214,641692387.697352
2020-07-15,688063,63.63255831523746,63.356015098267136,61.508850246643874,63.06509188898035,7011584,483695792.4685797
2020-07-16,688063,62.891120695617516,63.85372702256289,62.56269178106111,63.10715483058713,1213461,84301289.60901989
2020-07-17,688063,62.82867658114805,64.299816529163,62.223544001268614,63.08333030828439,2327612,214421506.19264135
2020-07-20,688063,63.12871544770672,64.93379188412656,62.36239699522761,63.49431479635916,5184063,477106357.0498926
2020-07-21,688063,62.74377640126939,63.80073316266495,61.2314505116228,62.92649807803864,6746593,606513473.8077003
2020-07-22,688063,63.35609060026143,64.02640435962896,62.31478390365138,63.648177321420526,6450403,597652979.9756792
2020-07-23,688063,62.152202174353114,63.71937945836217,61.386788946998784,61.93615864737179,5566745,398590162.9042957
2020-07-24,688063,60.67251807990607,61.53099506517252,60.8924329981291,61.13744348573121,9019838,764654293.2171867
2020-07-27,688063,62.35655056111247,62.99910913699809,62.563156900981305,62.74698968165877,6862815,637633753.7766588
2020-07-28,688063,60.64416705016532,62.52184055496313,60.12697807343027,60.97160395800571,7781005,598067615.5532662
2020-07-29,688063,62.12842495322248,61.8402129605815,59.951266185490894,61.720250929348914,3346001,301961698.2253472
2020-07-30,688063,63.256440081114704,63.96860004934904,61.81600691500106,63.17623505644863,1028742,85001371.5073154
2020-07-31,688063,61.05257300986866,61.20532306856173,59.94478848150929,61.00118182150634,8408427,696502306.6007017
2020-08-03,688063,61.91655190843123,62.2811521311615,60.61793592629938,61.82431616856039,4756818,369715632.41519445
2020-08-04,688063,60.95705999583811,62.099902593884956,59.791095666303825,61.460227971742746,7857155,712663278.8156841
2020-08-05,688063,62.11921546758568,63.02777200873375,60.731462370179685,61.83097733326719,2186251,196192507.7880863
2020-08-06,688063,62.25905596448192,63.69245063627977,60.46812142982167,62.29072172691065,8788047,747297374.200485
2020-08-07,688063,60.91766292006732,61.968567777861715,61.08505231454241,61.236997261965875,2659979,223292440.6200994
2020-08-10,688063,60.90230629279497,61.57201780936497,60.50869589267931,60.6207274187773,9159282,645632360.457605
2020-08-11,688063,60.6966325709871,61.37670777889278,60.436731697407694,60.65426975030363,3294509,200125147.06499487
2020-08-12,688063,61.632751338893165,63.32987711269099,60.692903967748244,61.7752239877308,3198003,230070409.00771004
2020-08-13,688063,61.58731108277305,62.57683717559657,59.95245097764451,61.53065376576082,8519299,736620156.6448759
2020-08-14,688063,61.39264561773905,62.76029086368508,60.34863564349682,61.54592535037746,4082410,346540811.01840353
2020-08-17,688063,62.0269488002445,62.061249175512955,60.88951237864704,61.840162924347375,7923516,570338515.0718268
2020-08-18,688063,61.40607132045514,63.34049935977536,61.10940134643035,61.57721240554654,8835116,706226438.0884702
2020-08-19,688063,59.65708420646523,61.35533046516862,58.55082661307679,60.18477525682791,5516945,438952108.6344743
2020-08-20,688063,60.92199882428912,60.72867676920127,58.92213918869026,60.70445642645205,7996974,656798426.7981853
2020-08-21,688063,61.78822629097855,62.20936894985701,60.4077006337437,61.39885907676516,6903675,547820888.5842164
2020-08-24,688063,61.959922399201965,63.00178963824553,61.168342474787515,62.265816076788965,5528585,493116458.2712976
2020-08-25,688063,62.40288452502964,62.80911927314688,62.28385330431064,62.53333976380476,5092002,320071534.3785925
2020-08-26,688063,60.94785109121566,62.139096504977985,60.955669050564715,61.47550723700797,4062038,272637739.9953401
2020-08-27,688063,60.1229065437382,61.12744546564574,59.33337732620845,60.72269565507239,9016704,703997534.0673952
2020-08-28,688063,61.84877895093408,62.969010430253896,60.358192720681565,61.81898971701376,7212941,553350744.513589
2020-08-31,688063,62.01323362095954,62.814333850967124,61.93074712937039,62.126843621462534,6528525,597793826.4543321
2020-09-01,688063,61.753322696671425,62.73553043606428,60.548918996783264,62.007982030748835,1907336,120915255.67467266
2020-09-02,688063,64.40976336063237,64.71228621554783,62.721836922944995,64.01567073245698,5450372,448350262.69006175
2020-09-03,688063,64.65968537243242,65.84083612324464,63.6879076183557,64.29821267284885,6655289,466907400.13938606
2020-09-04,688063,64.26869964508884,66.05749595125677,63.79733083278121,64.80607711363245,2764902,199623088.80582857
2020-09-07,688063,64.40155499925689,64.41673429973714,62.81231449596038,64.12699449294327,4784332,368963173.20497674
2020-09-08,688063,63.970123977379856,65.11222638309589,63.272113957648244,63.56212565571059,3751264,301185900.7914647
2020-09-09,688063,63.666044695426855,65.60811577185778,63.20050467435062,64.24213477767526,4337268,397037812.2916947
2020-09-10,688063,64.76195359798572,65.30186533256068,62.90026410653998,64.42075401437276,9324868,811899299.8981357
2020-09-11,688063,65.88585643299979,66.9270063472887,65.32293016276745,65.45828048571647,6527808,472619101.1689256
2020-09-14,688063,66.594908942455,67.68243232544455,66.06150460011624,66.6821489666834,1889633,152100893.3614047
2020-09-15,688063,65.1909936816342,66.98679918336768,64.8244344313848,65.62393801191287,4384895,368700197.30795985
2020-09-16,688063,64.26374941732644,65.86627018596903,63.81647797090206,64.25242703754222,5673591,385562275.3170409
2020-09-17,688063,63.604556580655235,66.0102858807264,63.99240651988296,64.13986952358357,8111382,667584810.3998871
2020-09-18,688063,64.89749669968134,66.14597773860702,64.36686582586896,64.39805029366437,2589372,215474717.8642788
2020-09-21,688063,64.4127289531978,65.60565476250444,62.495960188572155,64.06435941264188,1832421,138169770.72949332
2020-09-22,688063,65.54408492222808,65.49396876322163,63.837581839078766,64.94207891019286,8854253,813794611.9057766
2020-09-23,688063,65.4375078851793,66.41934337201387,65.05898681459304,65.06140277930592,8974620,630453128.4604175
2020-09-24,688063,65.74656048902308,67.51000714852611,65.35086809999989,65.74953143531589,2480880,205126561.3456035
2020-09-25,688063,65.76248081333551,65.77918843503059,63.80335961226244,65.22665256115204,6827691,543332012.9989656
2020-09-28,688063,64.64325177707642,66.03910252554218,65.10496442600389,65.25088157932947,5374691,354980412.435076
2020-09-29,688063,67.9756867169732,68.91068439353629,67.23528542330696,67.61289201477302,3303549,333352109.290719
2020-09-30,688063,68.58529973234293,68.66542550978055,66.64178684496248,68.63602037129561,7091025,708334839.9680083
2020-10-01,688063,69.41786952260532,69.56814165152005,68.11941464248203,68.7794454588894,5799691,519119487.05936885
2020-10-02,688063,69.46882150220355,69.31466886035285,67.40250140060525,68.84400219503243,9778254,952665272.3438288
2020-10-05,688063,69.5183658417727,70.59733469438,69.135356064406,70.15801555537905,6655293,488845029.1387826
2020-10-06,688063,69.85331816190002,71.38405500890121,68.80097188074232,69.94062421097203,8770686,876239493.053435
2020-10-07,688063,71.24805706544547,73.21005521921748,69.9226774599811,71.16297898048087,6048389,630078395.0357479
2020-10-08,688063,70.43770359478101,71.26823516047308,68.89834542960779,70.53968464312311,8081958,707459766.4646643
2020-10-09,688063,71.37154917499356,72.85785030477643,71.55250943274505,71.59907417723804,1334787,120790449.45138305
2020-10-12,688063,71.05760625783296,71.49770950357241,68.77942502147089,70.67005683316654,1245926,122626158.08240671
2020-10-13,688063,71.59055230479417,72.09264282885147,70.13743759638932,71.16606056661794,6664899,592488299.4188929
2020-10-14,688063,71.27356685264076,71.85277855510532,69.31627907020267,70.89754367520062,1424998,139941594.25736475
2020-10-15,688063,71.89703422708511,73.81054185209912,71.24906831071611,71.98385699072148,9876101,829343104.6906246
2020-10-16,688063,71.76974746132586,74.07888649912573,71.72384225428046,72.18719067854983,3999632,309232540.81025815
2020-10-19,688063,71.19085719140315,72.32921877408268,69.99850123746124,71.16137831273215,6643908,542451041.6886688
2020-10-20,688063,71.71585914471952,72.31369865796555,71.44010080560705,72.00141037845776,7632924,765543793.4284228
2020-10-21,688063,71.72026236981988,73.3631523506547,71.18032948090001,72.42470249057254,5649669,488321900.546175
2020-10-22,688063,75.50326459855535,76.44430068361036,74.63454393199187,74.8835682516002,7253454,624012440.0150212
2020-10-23,688063,77.49394805481106,78.41495035322116,75.69088401108378,76.96670397303241,4049667,337960129.3662975
2020-10-26,688063,76.078508274227,75.78574506466272,74.94719385767111,75.4125492298048,4295496,379907502.31235564
2020-10-27,688063,74.00428716228595,74.06127125937944,73.57147548217203,73.81482817834484,2728504,226432246.83629417
2020-10-28,688063,72.93888622917994,73.20728650244885,71.92334213887884,72.65807916648058,1703348,173121314.84934518
2020-10-29,688063,72.02892788883231,74.15835401049631,72.00797139948675,72.13104491605364,9798436,824397132.4927326
2020-10-30,688063,74.24998715682193,75.32675985293241,72.79307275591671,73.59603243750482,9922459,952051626.0886285
2020-11-02,688063,73.36543231634496,74.42078818236928,70.95644676907429,72.87010202316412,7577352,596230380.6544493
2020-11-03,688063,71.26867664130565,72.2239154524045,71.7301256520315,71.7580252641198,3599176,378720174.275723
2020-11-04,688063,70.86475659665247,71.84338157041351,69.37052482678543,70.18965502276033,6429037,614827069.1349952
2020-11-05,688063,69.46437901952217,70.26251957651714,67.63519353190861,69.22548274703917,4481746,388483134.7043571
2020-11-06,688063,67.01443296798294,68.28814129069285,65.4046710636168,67.06313197791883,9197981,921489525.2849557
2020-11-09,688063,65.7681482814313,67.42045528267303,65.39996460338905,66.22320011716279,2251984,187027809.62126312
2020-11-10,688063,65.45740482738461,65.67939794914277,64.83467046988477,65.06204531549409,4829013,342118619.78540355
2020-11-11,688063,64.46119701850415,65.36775138214357,63.55761085461055,64.31619173938702,3091832,262078991.41813755
2020-11-12,688063,65.35829406875183,66.79655089476515,65.00044664196326,65.53787494710494,9510130,862422974.7509848
2020-11-13,688063,65.69170285120066,65.90698005621712,64.25030931103485,65.17669033812825,1571145,133847237.98647739
2020-11-16,688063,62.030851654507224,63.558330690638854,60.30785154132898,61.92498853407746,1200920,101325281.59649985
2020-11-17,688063,61.84044263813604,62.52638098234418,61.3689078311434,61.89350851075254,8161525,546748782.5546182
2020-11-18,688063,61.57929913852675,62.12184576265881,60.10200421527297,61.54353661697294,9320169,641743462.8515813
2020-11-19,688063,61.39174982954406,63.666524739687894,61.693582265774694,61.964642340784245,6917951,605662719.4072056
2020-11-20,688063,61.99359768574175,62.54712599245715,60.36705821444204,61.628188033135835,6446205,562343418.9173882
2020-11-23,688063,61.97894069887424,63.723258131135054,60.11237341530998,61.95490583391128,6848869,582992556.1915064
2020-11-24,688063,62.251277977074224,64.19922986704518,62.542307996298824,62.67187724024715,4701382,347645381.1164161
2020-11-25,688063,64.31171789763617,65.48807762784354,64.286595030695,64.6101421489015,1774928,154923567.81412137
2020-11-26,688063,66.60972275065023,67.19088417578627,66.2355145607494,66.38244374171472,2782546,242102063.55152956
2020-11-27,688063,66.5427369621796,68.06867557932696,65.53800332236591,67.05337893891394,7764074,539605260.7324471
2020-11-30,688063,65.92110182786696,66.58257902684076,65.27546339150734,65.29410505579472,6434548,510150509.402895
2020-12-01,688063,64.88386606492804,66.07876410389898,63.99873398586153,65.02705278255712,5126684,440802297.41388166
2020-12-02,688063,65.87026566290419,65.54362551183075,63.81766517094737,65.34336739303558,4969032,410677705.6549525
2020-12-03,688063,65.24268268310436,65.62845166249907,65.14773217454587,65.36944474593564,5752527,420882339.7987693
2020-12-04,688063,65.9467397569851,66.7293263734259,64.85901030678882,65.40409817617595,7420481,657685740.4730512
2020-12-07,688063,65.12308834845302,66.70576941119425,64.31284075995333,65.59431711597993,1091004,83779620.17719573
2020-12-08,688063,65.78448248867221,66.29810466482213,65.2423136879535,65.94671745306712,2951813,255192260.6091828
2020-12-09,688063,66.4121610740393,67.0567370749434,65.30172256437778,66.79142749973933,3581945,253664175.775045
2020-12-10,688063,64.63572983122353,66.48812485712438,64.68448715423291,65.03281566952566,5116681,389371615.2122673
2020-12-11,688063,65.63397898992982,67.91673253018168,65.41558679039997,65.9912578104601,3443769,258482516.3863571
2020-12-14,688063,66.67596064140223,67.06093528386975,65.6986027769081,66.70928663339305,5651972,474861578.5295558
2020-12-15,688063,67.06746384361233,67.308430712954,65.02365036783344,66.47677763501386,9817049,668646190.1935614
2020-12-16,688063,67.05623208074843,68.75264500243503,66.94686530870926,67.25731307383923,7202739,697147983.3143668
2020-12-17,688063,65.0232539848795,65.29804944654893,64.33305441940162,64.42323806919414,5452113,478207749.55758023
2020-12-18,688063,64.85326418037413,66.26101048465722,64.02151171079507,64.77017846527761,5682401,435218157.2493783
2020-12-21,688063,63.56593603167738,65.16204513971987,62.87226186202965,63.287873734067006,5695519,411456160.37593824
2020-12-22,688063,64.42083592014964,66.03739898799006,62.523875905279745,64.34627177558139,8582330,557142310.1114663
2020-12-23,688063,63.24799066836728,64.85729634605389,63.349696385630615,63.74933762198449,3932130,309797278.08127993
2020-12-24,688063,62.90459404474342,64.51221098465763,62.705424729176045,63.53706516039906,2951598,200024777.03783602
2020-12-25,688063,64.36827337201754,64.10679225331582,62.34387063725308,63.96690252431917,1579296,120796312.18772793
2020-12-28,688063,63.38715146540169,64.76284948193604,62.17266082488365,62.97660650169288,3418087,229679346.4370365
2020-12-29,688063,63.54362515230413,64.57546855820289,63.37940505618188,63.810506025151014,6101604,533814260.5354361
2020-12-30,688063,62.35962768823905,64.2567424372846,61.05649443464509,62.430279005024865,5610294,499575861.1447943
2020-12-31,688063,64.28112624042494,64.82971423729943,63.81230702738296,63.910430422117464,3175429,207544168.70705912
2021-01-01,688063,63.764577469412686,64.1992301182178,63.69939118784059,63.89481960036074,1655664,143783044.07326496
2021-01-04,688063,62.41476372703811,62.50429224309085,61.64588864925256,62.385209554883176,8115844,517821559.29570514
2021-01-05,688063,62.979333770339544,63.39983829220329,61.64085242717678,62.63839966417297,2913878,218134353.78669938
2021-01-06,688063,60.7142911985256,61.49406531572067,60.37223327292974,60.87988505811165,7335263,471066012.0661883
2021-01-07,688063,62.58904549070193,63.46995873584766,61.1722831797142,62.38333739032274,3796606,301538747.2929419
2021-01-08,688063,62.33643028740705,62.87392904017486,61.26684286784128,62.49607927824751,7609316,628774012.0100421
2021-01-11,688063,63.50964136700779,64.90007653266194,62.46783001361552,63.7040393217885,7073680,566257705.1830838
2021-01-12,688063,64.35140265186863,65.31206146023256,64.29426474055579,64.75442177110098,9813804,661864186.800605
2021-01-13,688063,65.62528197069076,66.32623924565051,65.76976775076405,65.94083078621787,3956518,353427689.6000014
2021-01-14,688063,65.42084837735405,66.27633862918896,64.55339102504368,64.79767885177934,5486202,359105834.34379375
2021-01-15,688063,65.16680202864863,66.1781931694591,64.39987637956229,65.03256995561908,8112099,698261553.4686892
2021-01-18,688063,66.0873024387449,67.74896682260653,66.05789562143875,66.51590462396086,3922498,328502058.866754
2021-01-19,688063,67.32353938184298,68.99876878793579,66.55336058552868,67.89913758206333,2438703,180504901.51437145
2021-01-20,688063,68.19938626025433,69.46743575303101,67.60630596245547,68.45840437148618,5115408,412461147.82511324
2021-01-21,688063,71.05562079155689,70.4985118768912,69.57744743219352,70.4763541253106,4733730,462711622.9198065
2021-01-22,688063,71.92456458042912,73.75893829293645,70.97450379072157,72.35827036831985,1404215,109362099.38488846
2021-01-25,688063,68.72910694762875,70.92206963606213,67.79783708899447,68.88388298582184,3935646,344954769.30199987
2021-01-26,688063,65.97839563901384,68.01119229428049,65.96031687937757,66.37884887541107,5673534,472447057.18222964
2021-01-27,688063,68.0075268629219,69.19812709707367,67.95225782095271,68.1909253596009,9422937,822086561.5711747
2021-01-28,688063,67.9178006862321,69.15059886669734,67.16214235360475,67.73058022830445,8827706,688840928.0870777
2021-01-29,688063,67.33875954786015,67.2539739658545,65.95324906145996,67.15256631321094,6849828,535924838.56457144
2021-02-01,688063,70.41131282274738,71.23808561931453,68.65078813524244,69.82203479709105,7053201,641798547.3798928
2021-02-02,688063,71.79772545564293,73.70416971349871,69.72988224367508,71.79948011173504,8371153,659587802.3924893
2021-02-03,688063,71.93411848034714,73.57337096188122,70.76373563381985,71.58303518159715,6208912,599404525.3371537
2021-02-04,688063,71.64871811900274,74.46668075660313,71.59171163909829,72.34047967377218,3321995,277639453.98504233
2021-02-05,688063,72.2198672730197,73.24823441516251,72.54100911852001,72.5868267680849,3703633,298113500.22685134
2021-02-08,688063,73.23394603599715,74.48383119208863,72.51135010701303,72.66030246447181,9370163,910657328.8047237
2021-02-09,688063,72.77314695550496,74.97094462289425,71.1365675287889,72.90378435325752,9698371,1043541099.4251903
2021-02-10,688063,72.43343774189566,73.39369808197027,70.94316975361271,72.92564846622832,1043603,80188562.93935604
2021-02-11,688063,73.83901619533412,73.51499660985678,72.49781004486131,73.11762338354468,5017290,401175104.3824345
2021-02-12,688063,74.64330310445331,76.10689048987031,73.6988354068894,74.56161957919383,6283986,522869790.1223612
2021-02-15,688063,76.5516703456361,78.15446140512726,74.64607556204312,76.56093181769431,3789561,430020145.9263262
2021-02-16,688063,77.25513113374686,77.70583624917916,74.9923885961876,77.235440600467,7466603,696053927.5600762
2021-02-17,688063,77.30688057843861,78.0498355940024,75.95936577894032,77.55572425579959,4458740,415545355.07536405
2021-02-18,688063,77.40232420828559,78.34994262285326,75.23364472561585,77.51892952079795,9630877,776109198.4764014
2021-02-19,688063,76.35461282737359,76.1403994692452,73.36401791763784,75.62177857248876,4660579,420699735.85751534
2021-02-22,688063,74.83547312201233,76.28436819961486,74.94706983680813,75.33680155006138,4044773,388194981.99411917
2021-02-23,688063,74.82226787595343,75.46758649346673,74.2078575826792,75.10651734759794,7401863,564988378.3331848
2021-02-24,688063,74.37024128670512,74.80887555266038,72.7815908179061,74.54098399083087,1571590,167945226.10713902
2021-02-25,688063,74.92875879113662,75.27577058371801,74.65579326667428,75.19476377561713,8104603,743823415.853354
2021-02-26,688063,76.48481598534643,77.87317884002663,74.9244032784927,77.03842096439912,6752393,585032548.4360359
2021-03-01,688063,78.43087024498855,80.55479253174384,76.9356678871381,78.57659581794978,3821028,355451183.088535
2021-03-02,688063,78.86643431941023,79.56514203916045,77.90029944412612,78.7501949617725,2152586,244952332.79226
2021-03-03,688063,79.31079110348628,81.30522473556402,76.76255724390958,79.01144725217092,4065951,430011241.2013293
2021-03-04,688063,79.6579196286523,81.42600940299613,77.23868964001974,79.59591473697711,1324321,155519801.64154145
2021-03-05,688063,81.55366443001317,81.82884973882022,79.6080349785284,81.48716842373489,6166827,697280559.005366
2021-03-08,688063,80.60163560819412,80.8692662975619,78.63144000350499,80.56256826891624,4619396,482454296.84726644
2021-03-09,688063,80.9673538129189,83.50859392645023,80.8189565465341,81.33148798361474,5166425,474788211.84897494
2021-03-10,688063,82.7017540803711,84.2705002919952,81.97832767488882,82.92980266417621,9440439,1156041387.9670565
2021-03-11,688063,83.08902880697742,84.30581603117824,80.29881862057722,82.50136637191527,3850891,331269674.72820854
2021-03-12,688063,82.24955959030697,83.95758635924066,80.45712033137897,81.82481834238186,4192115,503803849.5286448
2021-03-15,688063,82.22786402391336,82.93797794900476,81.53054610997512,81.83422955834786,8671685,946755230.8924296
2021-03-16,688063,80.10812437348243,80.94180577141643,79.23728440048323,80.63590047174485,7389895,611160522.4489737
2021-03-17,688063,81.05949149076889,83.44320899850847,78.8752043813254,81.05799744842139,1031912,125417164.34352471
2021-03-18,688063,80.30774130448944,82.017502338576,80.35152625475676,80.48382910428906,8932897,827842911.4161779
2021-03-19,688063,81.68190768541623,84.14207245867426,81.62574406452298,81.83796102407817,8467434,793696427.4301894
2021-03-22,688063,80.00045973242023,80.91900437328653,79.47906657866072,80.7714936944795,9370269,805897887.3888905
2021-03-23,688063,78.97869264461077,80.13742950007513,77.40327960266318,78.34061868676456,9620541,1046750911.8663771
2021-03-24,688063,82.11579384715826,84.11164765766517,80.53783800389292,82.14844422139333,8545368,1026170587.8524531
2021-03-25,688063,84.10127844420258,85.07010744876105,83.755984236494,84.22162148037837,9837753,1154305819.72401
2021-03-26,688063,82.40961744324065,83.8665426030189,79.6974697626891,81.87881801486337,3352995,298766411.2270128
2021-03-29,688063,79.49599115689212,81.24555042923522,78.78416547334808,79.36042063470647,4881344,554578631.5808519
2021-03-30,688063,78.54372461622809,79.96165819243699,77.1833952975902,78.92154390059963,8081843,844396005.4044029
2021-03-31,688063,80.46971918290606,80.70373597199685,77.6175127321389,79.69701204093623,1726335,199854335.76928276
2021-04-01,688063,79.629153466746,82.00495992512819,79.93111346715301,80.10455371668375,7451666,831890955.2170748
2021-04-02,688063,80.67612888745661,81.1625951823657,80.21835826181592,80.94596122217568,9020412,735477072.4139636
2021-04-05,688063,79.99692302984796,79.29239412513279,78.38821502146034,79.27088528519317,5915690,651790617.6800759
2021-04-06,688063,76.29726769074338,76.58805590536143,75.71138686815884,76.35811143846698,6761857,533468254.36083853
2021-04-07,688063,75.53345583147735,77.00100049893877,75.31044436473739,76.0419019287578,4566820,421009960.4795587
2021-04-08,688063,74.07861849752403,76.32490102506631,74.47130572330802,74.81768659583422,3851328,380216046.0318215
2021-04-09,688063,76.39795567342563,78.08595273238389,76.0974211348135,76.50437833043829,8601498,793421563.3881952
2021-04-12,688063,76.18034971772174,78.51587786041513,75.53461617090454,76.34508145407428,7045612,550359654.7863678
2021-04-13,688063,74.44084666205971,76.41653520648028,74.2338820557661,74.72930838208505,6520744,557177276.036012
2021-04-14,688063,73.73643065421354,74.67494610126236,72.95703749411616,74.36995791073652,4542408,429673522.3386813
2021-04-15,688063,77.08603195326066,77.35529870578682,76.50887046832153,76.66558588386832,5619021,640901697.3206633
2021-04-16,688063,79.87657647702557,81.92822318237332,77.615151121492,79.55687682012535,4811639,518939427.07802975
2021-04-19,688063,80.30582409465246,80.40195960616263,77.97353323875191,79.8670912559897,1598743,163728915.0291029
2021-04-20,688063,81.52207903722149,84.05447851823745,81.05087777134597,81.9933049780814,3622907,327130728.0604528
2021-04-21,688063,84.22100314552723,84.42404067137713,83.14071803085952,83.52320321204176,3115809,290073622.0815765
2021-04-22,688063,87.2149101991096,87.03362083065315,84.95506654772298,86.56173632054295,8234703,1014342166.9188306
2021-04-23,688063,86.16037329402698,87.77728497056943,85.0032522545875,86.18485899661056,6471884,609420692.3779434
2021-04-26,688063,87.14824027090965,88.5453443860635,86.89500226320881,87.46393273726368,8610101,1068302202.92933
2021-04-27,688063,86.31182992394547,88.94990295313274,84.78005835817147,87.02644534009043,4923333,558422252.7294999
2021-04-28,688063,87.95292691609033,87.20032297435452,85.85110994963432,87.10198635170396,2832490,279102251.9974851
2021-04-29,688063,87.97825733593763,90.87313686766822,87.77195673150435,88.39890244995765,8193296,1083046925.967564
2021-04-30,688063,87.54726869908811,89.16756354827412,86.4401524001547,87.52863379118851,4615616,597336191.5568391
2021-05-03,688063,91.0358482293406,91.35463416695407,89.79045121392048,90.56266109833707,1024884,132550216.90338969
2021-05-04,688063,91.67284405271229,92.93759049294164,89.77124150845319,92.25725250905792,9412832,1085254651.9358988
2021-05-05,688063,92.49750612564411,93.56770862460147,90.029062561038,92.55672825413272,2663520,284463862.48179376
2021-05-06,688063,93.47534374691192,96.02918421021327,92.39863626034776,94.23691264998565,1271877,155451221.4214808
2021-05-07,688063,92.64566606651735,93.02284243304975,92.14720801354619,92.79156014403347,8166223,863205669.0804211
2021-05-10,688063,91.30868449187952,94.20239470175723,90.95860289818994,91.61386425049315,1782636,229646021.58551025
2021-05-11,688063,89.74873348969415,89.78755824236775,88.14199439294306,89.6233521836126,9764692,944261822.7441437
2021-05-12,688063,88.78166743335747,90.78641006939652,86.62400105368333,88.67006047424299,3418119,356027949.10114926
2021-05-13,688063,89.5694002760685,89.97408851594645,88.88885251507182,89.11785855339046,8531261,788489349.7557584
2021-05-14,688063,86.81414142372303,88.09668906830531,85.36281495438696,87.39038029435562,8264356,798447596.8311166
2021-05-17,688063,87.19137424693334,86.99192733941948,85.74069415901636,86.38155944662175,1425985,173411650.3291013
2021-05-18,688063,86.08789262268877,86.6824489184399,82.74542280082169,85.27934424698752,1255437,120164104.36602533
2021-05-19,688063,83.81269440800665,84.49297409901057,82.72172620612149,83.30201451553881,5598949,694761357.1651891
2021-05-20,688063,84.29970215581821,84.60657217596217,82.41337891000282,84.41872913102118,3603297,322914529.29959184
2021-05-21,688063,85.35240444620607,85.92445504096777,84.46169512233489,84.96292311087379,8996308,967184048.687945
2021-05-24,688063,84.16472398055843,86.58899773682656,83.03471582657313,84.30599013595202,1549491,131240524.93472502
2021-05-25,688063,86.13901760561322,86.23392007002958,83.80585882232835,85.5936090649515,1901538,193226174.14000013
2021-05-26,688063,86.3627803629498,88.65574039551132,86.11434293649843,87.00746269368324,6375807,811627371.957649
2021-05-27,688063,87.2883400750495,87.57310234500693,85.75526413849632,86.80316001524292,8923494,1130120723.0504658
2021-05-28,688063,86.12176885702044,88.20957564414975,86.26853467779793,86.4441409992541,6947274,718738077.7447354
2021-05-31,688063,88.57964570488669,89.88963519415385,87.95212970353995,88.260551372961,4608620,482131875.48308194
2021-06-01,688063,88.13708514845798,90.64868656533417,87.91607620776223,88.74165782947756,3138897,366240304.52744275
2021-06-02,688063,88.25935179557432,89.15870485047667,86.32706770376338,88.1526966080835,4197426,494470389.26762676
2021-06-03,688063,86.10172275371748,88.95586650613929,85.93793536027854,86.57312745200993,2900053,354254951.0023955
2021-06-04,688063,88.82521771165682,88.72784855523919,87.51196618467273,88.50173864565014,3631582,424644165.3661515
2021-06-07,688063,87.51517130685173,87.5828014743876,85.29781836212548,87.22790367297799,6566841,696532513.4150473
2021-06-08,688063,87.55579698831617,88.5432092927908,84.93101678342133,87.12263499847845,1649245,164651620.85509598
2021-06-09,688063,86.73681165537539,88.5834683087968,84.89109820561639,87.39213981660895,8076751,939641359.1574309
2021-06-10,688063,89.96414995604924,93.3441415988523,88.77959883772549,90.66757404315432,1782317,216749796.50428894
2021-06-11,688063,91.38880357331408,92.98886606881175,90.51182619972667,90.74343993286958,4948046,504872366.2661918
2021-06-14,688063,93.12645671558595,93.4934203377394,92.413462675191,93.14125058069317,2549398,265418156.86282346
2021-06-15,688063,91.43574078734564,93.2050445184617,89.48304819671871,91.89958178353955,8692725,986023870.050072
2021-06-16,688063,87.96002163953129,89.9745698822023,87.91122785437162,88.50800882126308,7232791,649890053.4616851
2021-06-17,688063,87.98101678700117,89.22298476589245,87.88599849924606,88.32691379350663,2551510,310674842.46841335
2021-06-18,688063,87.34210952755899,88.97428245704636,84.29515775181919,86.52158075989614,7972014,695260795.337586
2021-06-21,688063,88.44991867849387,90.18929594713946,86.17702628072455,88.52786831353689,8290611,954586793.0567117
2021-06-22,688063,93.39973497594828,93.50382846669892,90.64459289405785,92.56939764448958,9131636,876090539.4284372
2021-06-23,688063,91.76031535170688,94.9929238621767,92.2463735567457,92.24675952526654,3958951,386471974.6049438
2021-06-24,688063,90.2167813595827,91.83903690610404,89.61527408603747,89.95451558463017,4509593,463804341.6041537
2021-06-25,688063,89.63726666534264,91.84959443259852,88.73929529868057,89.97216726250562,6590890,886759641.3229189
2021-06-28,688063,88.8305701752601,90.00121706724515,87.46384159438217,88.97751025440232,5369943,689791909.2778418
2021-06-29,688063,90.46742893922172,91.2676334913871,89.39057556134452,90.02950803978553,6686709,840920094.2484125
2021-06-30,688063,90.69497490556725,90.32705472440165,89.58758349292914,89.80797776773244,3212048,413901010.29577214
2021-07-01,688063,90.92375161570128,92.01109403755416,89.73706732417054,91.49425341587292,9858929,1261418660.6759572
2021-07-02,688063,92.56651894403396,94.43647557286846,91.54559750028099,92.9090205664801,1147144,112531937.02136773
2021-07-05,688063,94.50929042701172,97.05596168898435,93.7429886704243,94.36484769525596,9054363,1183693180.5223982
2021-07-06,688063,91.6946434084097,92.67902286660511,89.9475614352346,92.26660978602128,6619786,757371696.3062617
2021-07-07,688063,95.10214335468012,96.2223044657441,92.01433255142904,94.700518863578,6598602,847278773.251595
2021-07-08,688063,93.47695095821032,96.60660919284422,93.68577738839545,94.17352700985622,3125981,362808424.14220315
2021-07-09,688063,98.86692003333947,100.71635962353423,95.38983270063704,97.99308850766629,4171947,481135773.81696606
2021-07-12,688063,98.91194998520565,100.08837023185563,97.8128857550509,98.92211009566842,6315597,690779576.1321676
2021-07-13,688063,101.01548684691481,101.20744314567257,99.71097959136222,100.05156789934001,3416258,501278378.47268707
2021-07-14,688063,100.64860485109172,100.86445524691187,99.23970757267405,99.69597062447527,3669433,476824829.5466436
2021-07-15,688063,99.44423603469141,102.83977296083054,97.80060697066328,100.43681753291963,5710113,612659342.1392618
2021-07-16,688063,99.4833231580329,101.57431452620813,98.1367915393747,99.05140252063256,5513286,602795797.2750963
2021-07-19,688063,99.5431290154446,99.70139859701558,97.37474675988318,98.86320425701606,6073801,741576840.2342052
2021-07-20,688063,99.19162169212022,99.0323270904526,96.06164749461773,98.49578098103586,8726854,1135976725.826214
2021-07-21,688063,96.85886860361028,99.059353077769,95.74823962250048,97.68425121507188,3772131,531148187.8505702
2021-07-22,688063,93.18132649424321,95.92210195308475,92.43005172231749,93.39571067087915,8251079,806664975.9697975
2021-07-23,688063,92.27567586843917,94.65113168708322,89.79481887122594,92.0736811397101,1653236,168593410.67496768
2021-07-26,688063,92.36903175045437,93.76535640176377,90.54068567924166,92.92844458170173,5898584,764317831.8575153
2021-07-27,688063,89.94470401584098,92.56803635485387,90.75957841867888,90.77650502997108,7176075,917668249.9041466
2021-07-28,688063,91.25661000029126,93.38997147847222,90.92196688875484,91.63841015023041,3915110,499069564.87553537
2021-07-29,688063,92.52154873621453,92.49030767477966,91.12344724841624,92.12759558181666,8438697,904207217.4048483
2021-07-30,688063,95.0200752553746,94.57053728897445,93.51200217394927,94.46111505976108,7499039,875106063.7314429
2021-08-02,688063,97.22720905285313,96.61106356631907,96.12003874939721,96.56193280744925,6143285,761703740.4898164
2021-08-03,688063,94.2756413127818,97.51916607991491,94.62793802453498,95.0661123275575,7440474,963541462.3179595
2021-08-04,688063,93.43171829071113,92.7973847752227,90.94329550809636,92.67266598407805,1580322,156218829.8964085
2021-08-05,688063,93.01048233323952,94.72221401070281,92.21671828145405,92.95112886921959,4907540,503535854.706002
2021-08-06,688063,91.63337819251592,92.16970626421032,89.01243916418619,91.73251350017661,1628160,191575774.70234528
2021-08-09,688063,93.94054269188207,95.0483230879817,91.91698494079283,93.15908461859553,8754274,881224797.3956189
2021-08-10,688063,91.91349191902945,93.03365651734258,90.82389574769398,91.13728235466381,3013708,306134735.78450763
2021-08-11,688063,92.30252678911702,94.01890355535615,90.8687890913024,91.49058774951177,8758270,1062415638.4608755
2021-08-12,688063,92.30670304039215,94.9097760813846,90.32665664087936,92.88691179733034,3663751,459346866.170059
2021-08-13,688063,92.29568121077567,94.27506856045511,91.37370993483177,93.11426911902933,1557657,166440272.6983201
2021-08-16,688063,90.90593802475806,93.15097814550211,90.4444259284378,91.10335334233955,4456858,546829438.5719526
2021-08-17,688063,95.45844590333746,97.11319938551162,93.64234823881732,94.70031013887302,8206611,927986565.7598181
2021-08-18,688063,95.86556354150541,96.09585756657532,93.46208614412686,95.85227761836879,9452312,1129747240.0216687
2021-08-19,688063,96.79319851823784,97.21010684637629,93.36855154750954,96.05104415038178,6759912,947896636.5191226
2021-08-20,688063,96.4136761306508,97.38097672356021,94.9401239659428,96.96615489533261,8666530,942017231.7060152
2021-08-23,688063,93.74181876895125,94.92316002225267,92.50580743401743,93.88669975863387,7445534,1007703790.3307328
2021-08-24,688063,94.90898302221188,96.35957626402497,91.68966139196907,94.11716822973968,5449387,544711280.185478
2021-08-25,688063,94.66079515681481,96.41598060165079,93.9980519732377,95.20400242688443,4410557,495597466.19016206
2021-08-26,688063,96.19146781263866,96.10039716792463,94.9129401816002,95.3057473631687,8270592,807953605.2967454
2021-08-27,688063,92.37277193026245,93.7560677620786,90.83533118438942,93.25725571020247,3716316,353613404.3348834
2021-08-30,688063,97.05914243620676,99.4204633399592,95.51099991384528,96.53995903757209,3354464,392422851.5360936
2021-08-31,688063,98.80867624002309,100.5544318415856,97.5142034467798,98.47955697178644,8823068,899979003.4599184
2021-09-01,688063,99.22498535913587,100.06570460469077,97.90339651425371,99.6470760673066,8300578,877791335.8864003
2021-09-02,688063,99.65570127753993,102.62944996144051,97.6251082503235,100.48282377780824,4966894,582893732.7504113
2021-09-03,688063,101.89997481888352,104.39678391603901,99.52781119636063,102.59918021895857,5285649,621995805.8431447
2021-09-06,688063,105.03303933484396,105.07295067086402,102.85116011986403,105.06393157043796,9183434,1197145246.8778768
2021-09-07,688063,106.82388764196544,108.13972000834552,105.5931668137258,105.8184966671919,8348889,1095510051.459274
2021-09-08,688063,106.88630214464796,106.71417956950485,103.58377525593285,106.4426008976342,9643152,1420192780.5281613
2021-09-09,688063,107.74799873072541,108.26400045157833,104.50460750276457,107.24442934506098,9820801,1438878123.2004135
2021-09-10,688063,106.84035665118664,109.31923963852645,103.99426588962865,107.04182290181937,1572712,248708761.33813673
2021-09-13,688063,104.1434246446402,104.34082359605291,100.93207473718775,103.71704717732503,4478950,539005278.5141484
2021-09-14,688063,101.45959694674173,104.11256511561778,98.80155600348148,101.62397745553903,9539327,1226165264.602474
2021-09-15,688063,101.3237564140983,101.52545784527172,100.7794361440702,100.80158506228913,6673866,848361129.2742063
2021-09-16,688063,101.29690977667566,103.45545250219504,100.19817221474044,100.58747012255563,5794529,679382480.2211138
2021-09-17,688063,99.52128504902682,102.37887329284007,98.38196713899505,100.4036758941079,4899217,514669924.5270299
2021-09-20,688063,100.14413038959948,100.85599421890579,98.00314520267563,100.29375800904097,3775434,482017804.18570834
2021-09-21,688063,103.48173135345353,105.40907396373018,101.9980163388662,102.8237912887141,7504905,791199012.4695415
2021-09-22,688063,102.94426531725188,103.52887874727607,101.35843568414819,102.24245279800479,3224573,406771642.9668953
2021-09-23,688063,105.48261088567651,106.87830261833733,104.88212411522127,105.53520266608676,6517830,931070862.9277323
2021-09-24,688063,104.049451751803,104.8768383552193,102.59352554850754,104.82031944632433,6666142,873178986.6531789
2021-09-27,688063,106.66652241085586,106.96568373925983,103.72799925213037,106.52250450397315,9645689,1490133255.300879
2021-09-28,688063,104.58314914648425,106.32551525998309,102.4328499291205,103.74843478642343,1331204,143519098.23052835
2021-09-29,688063,104.89673926394944,107.30798429848902,104.89990527824192,105.89870325795445,7515738,847174715.5609244
2021-09-30,688063,106.35843062145604,107.93520456336007,103.5823158163155,105.85859025287421,4840077,540228666.130819
2021-10-01,688063,105.84431309843187,105.85806277347245,101.8970227503146,104.88210505448097,1207259,166786745.4522261
2021-10-04,688063,105.74044583290535,106.57167407793187,105.15314218219909,106.07780337587602,4346366,589241865.2633274
2021-10-05,688063,109.8838237231112,112.17588386395116,108.01960248798243,109.39555652940913,6630170,912744954.8557072
2021-10-06,688063,109.26109019188229,110.32091997620219,107.55609041769999,109.63617887050519,4783703,600100633.8873067
2021-10-07,688063,108.44963558955023,109.98235012659114,106.35605639395902,109.07449991838791,7208471,1079771438.9740593
2021-10-08,688063,109.41253713231686,109.64541799256968,106.82932336164752,109.51917156454498,6027369,956016701.6808832
2021-10-11,688063,109.37447461930621,109.74264812749493,107.64967544245846,108.67853920242949,1979243,215577644.93459213
2021-10-12,688063,107.66623279550845,111.37232642104746,107.23523140401998,108.5040881107027,8119174,1054083698.0493919
2021-10-13,688063,110.2694570227807,110.56863828901938,106.79684211262088,109.99862059814478,2046321,327834249.875131
2021-10-14,688063,111.99703372083701,113.02176390154395,110.25470007984974,112.97282906605302,7503166,1255154387.5045695
2021-10-15,688063,116.1368555056441,118.23080413049045,112.84981544053468,115.61965733265062,3688959,601025894.6876366
2021-10-18,688063,113.32407106679887,117.73152398662808,112.11065615334871,114.3847087886395,3148049,383405414.3166173
2021-10-19,688063,113.47587075077215,114.23609017264383,110.77973959003755,112.55972826991713,2049714,288738550.8218159
2021-10-20,688063,112.06240448869184,113.45017381042685,110.17087884981856,112.96864455770199,2721844,412614754.6753676
2021-10-21,688063,114.06543077527866,116.98607118409201,112.23394327408425,114.09230483989906,6247103,872809439.0749578
2021-10-22,688063,112.61647847095372,113.54483195800236,110.93857363770812,111.56455532584343,7461839,994454548.2159562
2021-10-25,688063,109.83498086237189,109.22083098012526,109.14163436252278,109.17418449254646,6058821,939853812.5943279
2021-10-26,688063,109.49304858272934,109.98191320697839,108.00509792815629,109.30555044245588,7732433,1120313289.1626585
2021-10-27,688063,105.39769324800308,106.97119417333131,104.80326279806937,105.63687731297625,5603952,752416808.529108
2021-10-28,688063,102.28291202579746,103.64311452474873,99.89823941642229,101.31424131494106,5597929,768432199.314136
2021-10-29,688063,103.07112830343702,103.38472515678535,102.10468727948138,103.30866358600764,8138000,863748128.7365576
2021-11-01,688063,104.96676142054368,106.56365927016328,102.871083558399,104.82416696803332,6044446,928444180.5611666
2021-11-02,688063,106.05890273276329,108.80468667092701,105.2141721594517,105.8731007013701,8284711,1012252876.3079538
2021-11-03,688063,106.61128920571048,106.37144118079354,103.04246735926499,105.93607162705237,6302083,967009726.2245827
2021-11-04,688063,106.21838437949795,107.24472655402411,104.85613949116231,107.06510977106035,6773439,1041442212.9787962
2021-11-05,688063,104.3526161177312,105.11299320880318,102.56781330988153,105.00049849098713,5486132,813421514.9652858
2021-11-08,688063,108.43428927984763,111.71606978239564,107.72186805928811,109.50826560749093,6546062,875845563.608773
2021-11-09,688063,109.93724209619992,110.75043723171795,109.65836134506308,110.37270168733593,8245492,1079072844.2885458
2021-11-10,688063,110.9577663036673,114.77170697497266,109.0650658458171,111.62411712951196,4064892,493983797.63607186
2021-11-11,688063,114.36271303951041,115.66967913220869,111.6486964651772,114.09637080785804,9659724,1619470687.9153607
2021-11-12,688063,112.95362441682127,113.25544268504099,111.47631996652504,112.14189642133468,6258361,839380003.1610776
2021-11-15,688063,111.1156947855587,112.88786266389052,110.85565329248038,111.40851162999974,3081670,442163892.3779175
2021-11-16,688063,110.17795672140305,112.14244004935114,108.65700719953782,109.92904325875045,9471928,1219818571.8283515
2021-11-17,688063,108.52303699144488,110.77174942756211,108.88999398521882,109.09992791524786,2883893,455537676.61513865
2021-11-18,688063,106.81210218711577,109.39982359515544,104.67257326124577,107.67198136320324,1199597,141799203.71185243
2021-11-19,688063,106.38561455166911,108.57868226773769,103.77774269659146,105.84814499894362,5190814,568628563.4459063
2021-11-22,688063,107.4265522281578,110.97449129050098,107.31331947446535,108.39846770938748,8577993,1252794047.5386477
2021-11-23,688063,104.31426209483465,105.76102650604228,101.44569041097346,104.1361874239029,8064869,1085414323.9467783
2021-11-24,688063,105.19299541361536,105.66297454305358,102.60188884507978,104.87652214185353,9261935,974037644.810276
2021-11-25,688063,103.00313559815521,106.7461224988325,101.69074321233131,104.0356046846166,1700126,265127256.36253792
2021-11-26,688063,104.818928107277,106.34198814063576,102.401403943125,103.84168801848872,3336855,394111764.1025166
2021-11-29,688063,104.03487039554606,106.52247882456065,102.70204477280087,103.74837574176347,6843718,986622406.8029913
2021-11-30,688063,101.05525638056169,103.07254586770759,100.33152832653279,100.98076519547546,1909637,255336711.07879815
2021-12-01,688063,100.22012343401772,101.2984532211538,98.09677341371896,99.24100006094065,1880536,243739921.68015122
2021-12-02,688063,100.34687559889373,101.83695731905065,98.18930665125905,100.51745635999634,8155142,1084982335.5143013
2021-12-03,688063,101.84094801665304,101.35429051883172,100.09471967571986,101.07231143493847,5950079,885187435.4339291
2021-12-06,688063,101.543631472705,103.54243068446627,100.33318982818986,101.82478574444141,1950393,212948121.66322905
2021-12-07,688063,102.05055596532532,103.68639370492056,99.52007097020781,101.86473743618275,5939485,902542521.5182667
2021-12-08,688063,100.11330097941165,101.63252042226627,100.12263466792268,100.82555261115417,2973116,397282871.8183298
2021-12-09,688063,98.77506858959985,99.01741309742697,97.5858852383315,98.269954587898,5355044,526943506.8022218
2021-12-10,688063,96.09597850335686,98.69227150778487,95.8879776764156,96.08430936274117,8850087,1196663625.3014622
2021-12-13,688063,96.6578905998931,97.28661078755093,95.40925267289506,96.83187547221765,8687904,992452530.8749306
2021-12-14,688063,97.41337313107971,98.58689214557913,96.01096280145914,97.42337985931246,1441831,182220327.51667693
2021-12-15,688063,96.20537334041114,97.23477479425121,93.63248208221772,95.55610167958196,6105590,700014805.6270508
2021-12-16,688063,94.33031072993937,95.22841983139428,91.72479131797118,93.84147918254779,2166940,301585968.3478391
2021-12-17,688063,94.85418164191256,97.42553188200662,92.82639914010251,95.39789206335621,1668831,189855681.96185824
2021-12-20,688063,93.6923192509549,96.16059635430186,92.84511614674125,93.90116173988135,1226661,136265099.62492868
2021-12-21,688063,95.20191886177086,95.5029924773752,91.9833890206295,94.40251712361899,1998905,241304988.50470948
2021-12-22,688063,97.06573970151484,98.9714030927366,94.72008512272231,96.58824252801496,6971200,920339456.0885087
2021-12-23,688063,93.96549381705233,94.86324827890326,93.24418210912017,93.480611924735,2422804,300428709.26170295
2021-12-24,688063,94.3834461789011,94.27462487138241,93.73579916888222,93.7800836003123,7300511,874915652.9706469
2021-12-27,688063,92.256868410549,94.09716680696754,92.31211590907316,92.31539164615573,6713678,723781177.860934
2021-12-28,688063,92.85908436436024,93.57305052789067,92.09312870535676,92.85470701131126,8370865,827183639.3417969
2021-12-29,688063,92.38081198171265,94.10002311207911,90.6986997251686,93.2932710730018,5686111,540770360.888216
2021-12-30,688063,94.56393910641091,94.0939193403586,91.60146110841244,93.88282130116377,6884089,798386857.7971326
2021-12-31,688063,93.06029513577664,96.28898478730476,93.73540006119325,93.76283282045561,6499046,664666136.442496
2022-01-03,688063,92.6270307756449,95.16703443524233,92.3042524051009,93.03109240626235,9141236,1177522659.7274575
2022-01-04,688063,95.20216971080366,96.77696485852147,92.50720113984583,94.42622681447551,6963811,879186974.60279
2022-01-05,688063,95.30030251976963,97.20097330486658,93.80876645191266,95.46084374522944,8275622,1137861662.6866033
2022-01-06,688063,93.66506155396833,94.89701972501962,92.29206226483869,93.54516106003157,3266391,434474751.8032114
2022-01-07,688063,93.18135012426217,95.53051865835943,92.04406021806106,93.83994864346002,5317684,721384864.1527519
2022-01-10,688063,96.91708063901794,98.3940454503411,97.15298919849121,97.2196218828905,5434512,741899058.2997448
2022-01-11,688063,97.82401239200065,98.53119539018796,97.16244283511845,98.10346687195283,9532923,1359076068.9874215
2022-01-12,688063,99.88977460823558,101.26726663575715,97.93300609551007,99.52646389127788,9685380,1046190232.5119077
2022-01-13,688063,97.45320562478318,98.64300849724212,95.79594194439402,98.04894152968262,5386656,702006298.5888155
2022-01-14,688063,98.01677698870185,100.00828305602916,97.99774289803614,98.70013420520146,9188940,958520268.2628961
2022-01-17,688063,99.57805947568825,100.54208076527857,98.14020959518206,100.53330245163983,1764151,180756395.95979157
2022-01-18,688063,99.20010345820468,99.48807766313071,96.99129457341104,98.81141475423475,1766695,243838445.76489538
2022-01-19,688063,98.05128144991318,98.88517500543264,96.41794741147137,97.66463751439954,2766245,331412863.02413726
2022-01-20,688063,98.68798900004482,100.26749473414372,95.906404446397,98.44118083553504,4471534,568964250.6122543
2022-01-21,688063,96.6602279418377,96.86153024192038,93.67374710794122,96.42178211777528,5728912,763635018.4175414
2022-01-24,688063,92.99417886294917,95.28977404915334,91.36673441410129,93.72431485895503,3732226,487016254.6082186
2022-01-25,688063,91.74550805172403,91.65034597381951,90.35602390871891,91.10938144178601,6774526,792672887.3869122
2022-01-26,688063,91.53346355804972,92.36429953294049,90.45265220929409,91.52917978003121,6720242,866743659.144921
2022-01-27,688063,93.17041143532585,96.5955988215341,91.18136095298796,93.84019182023145,9844955,1189327910.0408483
2022-01-28,688063,97.16995422105971,98.7959862634912,95.83300239339255,97.61571162242497,2396304,283893963.9806601
2022-01-31,688063,98.54904763164684,99.92144564613028,96.38209196174883,98.33573660127712,9828192,1307266711.2019134
2022-02-01,688063,101.11961988561302,101.75374392512774,100.35348587880166,101.50323440893324,7282256,841259494.8408558
2022-02-02,688063,103.09100583884255,104.51237020994621,100.51837153511207,103.20817375002842,1336005,170750943.98013273
2022-02-03,688063,102.01247865242469,104.212943416201,100.75920258509218,102.997792437642,6339147,811056037.9599228
2022-02-04,688063,103.30342741346452,106.16405450327107,102.48646844363775,103.1219105699547,4382734,582604086.6558796
2022-02-07,688063,103.76636919425759,106.46751805780083,101.92748569217939,103.42227291507254,3768237,463325004.96405375
2022-02-08,688063,105.50825537159241,105.77558412760862,104.9455109894925,105.67753165033363,9596883,1426608515.6354172
2022-02-09,688063,109.0318690676719,108.5041382328503,106.99201548910959,108.10378900900997,8340085,1269886335.399026
2022-02-10,688063,109.16259337986305,110.72309061621648,105.23901206108202,108.24475659182325,9587317,1157709339.3987243
2022-02-11,688063,107.29663120282416,108.23247499828068,107.00249262894464,107.9735908094095,1227536,158283025.80596417
2022-02-14,688063,108.02242652207954,108.69561766713926,106.56498200522401,108.0144994991422,9205113,1297561207.0199387
2022-02-15,688063,110.94774931025226,113.46971100693375,108.25601937330286,110.74223925463255,6007521,704460842.1465454
2022-02-16,688063,107.88485194114074,110.1462207637826,105.34958455450047,107.77372444509876,1782539,197396053.16198507
2022-02-17,688063,105.93880090479931,107.73585788182437,105.2421529249564,106.31217909154955,6078873,939155560.8670349
2022-02-18,688063,104.43126417029593,107.40358172617043,104.42751610419016,105.0861654060329,9740473,1226341649.7278101
2022-02-21,688063,105.23671733350467,107.26483127231407,103.66303109474065,105.23419737143894,2498911,303258816.7771397
2022-02-22,688063,103.72518906700658,105.9020744899175,102.67352149460996,103.02825803305991,2381333,345137040.59071404
2022-02-23,688063,104.98744374644633,105.48421511239798,104.42604907193616,104.69245903378632,9996250,1073562265.9084072
2022-02-24,688063,103.95686542502384,104.59774130734404,100.24906636521678,103.18604704680125,9504666,1467405840.614549
2022-02-25,688063,102.24871300000983,104.38721885176672,102.1585608505862,102.92866934509094,7899231,1093145594.336453
2022-02-28,688063,103.20361722416932,105.40464106364595,99.80494247911419,102.74189383377391,8366437,1175178305.6792014
2022-03-01,688063,103.82832957232448,104.44997803356382,100.42110003318211,102.9943966905875,9893829,1488708921.0138922
2022-03-02,688063,104.19174189413867,105.03503512431138,102.92997639922419,103.36811728310533,2157804,276722500.1210746
2022-03-03,688063,104.05472029711993,104.87754369432541,103.24406379402645,104.05830373381258,7583689,1094241599.640494
2022-03-04,688063,104.05353822132253,106.68883124349904,102.79878627792483,103.99366784065005,2572314,348907391.04923075
2022-03-07,688063,105.4552719032637,106.08765559887695,103.99346670071358,105.20746128212389,3835755,482601658.86694026
2022-03-08,688063,107.09472906595701,107.17050795693726,104.249397699938,106.90155276982931,3916463,536335965.022809
2022-03-09,688063,110.71409474247329,112.14327450796794,109.2015453931244,110.06841976107958,7666119,926536017.068958
2022-03-10,688063,113.2680347490604,114.19301328365776,109.41141952034835,112.45596268772803,7928285,1171541015.497422
2022-03-11,688063,112.8658643703042,113.06064672242636,109.27155084142129,112.56008422003701,6300988,964628392.3951644
2022-03-14,688063,114.81893647743229,116.61341901814447,112.8167176626291,114.15410766132108,4968894,599644696.5340192
2022-03-15,688063,114.04493551967524,117.285634894822,113.55421908294154,114.97670124416557,1397427,237064278.6635923
2022-03-16,688063,112.7646393586595,116.27593779790169,111.28017140397182,113.73929155528597,2115434,272925037.9189086
2022-03-17,688063,114.3103436131316,115.57479252759371,110.74786217630447,113.19069877539097,4867392,757758306.3397009
2022-03-18,688063,113.24324142253212,114.42738992744785,111.70692649612415,113.04573471633073,6744950,1048003406.410896
2022-03-21,688063,115.53551306476542,117.11742534502278,111.41941255378141,114.40953517975693,2177524,365501496.36490476
2022-03-22,688063,114.29968044839197,116.60366226071322,114.28665608608846,114.70223845185419,7468292,1192324074.131816
2022-03-23,688063,114.60496416053172,116.8546878957184,113.46481213568318,114.62269513229676,5890381,933813017.5079749
2022-03-24,688063,118.68948192356923,120.91481425732339,114.64021316681115,118.0527485201002,7629246,990382374.1597844
2022-03-25,688063,115.26158094213883,115.77501237324499,113.00220990090699,114.46604567062451,5926274,810517922.3060423
2022-03-28,688063,117.88997214453366,118.00482744092889,115.39839979730397,117.73163255381574,4510696,556720458.2465343
2022-03-29,688063,116.53155085948134,118.97482298330118,114.42071277555927,117.27699193960989,8254551,1097599117.5846956
2022-03-30,688063,120.72919632349083,119.58382741489132,118.30905706869191,119.5710887525031,4933404,806899146.4698278
2022-03-31,688063,119.57360812541486,122.02473010632963,117.40348965098138,119.38807371610943,4333188,568611585.4535493
2022-04-01,688063,119.75125244465046,121.69008674033883,119.91036736358937,119.95412866562545,1084835,151442303.0300762
2022-04-04,688063,122.88365170372738,124.22007209726453,121.50018036454205,122.21967980118842,2461603,376704058.486309
2022-04-05,688063,119.91160819156651,120.94700132197647,119.24497186136729,120.6506736247431,9063577,1308687616.9559782
2022-04-06,688063,119.68993566692626,120.75954295356118,118.47552681130675,119.1507370825706,3293419,527544215.49510777
2022-04-07,688063,122.45876727698186,122.17475931932711,118.74518851146892,121.2511140667106,7907224,1293343916.8158202
2022-04-08,688063,119.93280569205305,120.9819753077911,117.9069852116282,120.12183553770507,3952292,552133929.42499
2022-04-11,688063,124.1834644929496,125.5314721831251,120.25289976369285,123.35860905738683,3294455,428024772.0019277
2022-04-12,688063,124.54996766598752,127.20191510960608,123.61870106782645,124.14115200127524,7262204,1125835190.032432
2022-04-13,688063,125.33222440343495,127.75765325944114,123.55554178138699,125.34116148873393,3454060,556625868.039425
2022-04-14,688063,123.33962886418783,123.4871969971063,120.54083448615928,122.85691508655997,1119254,169644205.71811426
2022-04-15,688063,117.50989476838112,118.02676792414596,117.56286344853078,117.83313782426286,4145975,732230152.049738
2022-04-18,688063,116.38564551632774,118.37172493441072,113.09259688731241,115.38742222322153,7296504,1137598079.92357
2022-04-19,688063,116.95911868800637,118.72156933568661,115.0305576402102,117.33836256548337,4756027,637865864.8808974
2022-04-20,688063,116.38844564247461,119.97927460254881,115.10792514219298,117.00712171919812,5505505,666200802.7870225
2022-04-21,688063,119.2336840494836,121.7412447072087,118.8792457897171,119.22602998822227,2232269,331597971.55175185
2022-04-22,688063,124.85668237493104,124.68278549767967,123.53008681689813,123.69577583231893,6256621,982687659.2880477
2022-04-25,688063,120.04203554181278,123.12380558327081,119.9335447382297,121.2109215193291,1030456,160451669.10185868
2022-04-26,688063,122.23856914492522,122.47816963450582,119.41182171918211,122.01891777909844,6348450,1002171784.804258
2022-04-27,688063,121.24966015342193,123.51802919887248,120.09925145629227,120.58141763823302,6628911,1079593555.6641295
2022-04-28,688063,122.76463889137715,122.4241914396705,118.93211877976772,122.28505632262431,6210496,1138994234.0526726
2022-04-29,688063,123.9482673021269,127.33289243799314,124.43502137809035,124.71541993977247,3170375,420428233.349039
2022-05-02,688063,123.45480518319998,127.16687942644681,120.26670301247046,123.97722156806667,5545399,874201679.8091837
2022-05-03,688063,119.2848661771736,121.11423212810767,119.04018575988039,119.78456333804017,1436407,213132789.99595538
2022-05-04,688063,119.12824970864011,118.78300391725558,117.30169850988669,118.27845081893993,2446436,418275408.1110628
2022-05-05,688063,117.03092088675415,119.02891739413229,113.54654829522143,116.87277298906125,9898643,1267159443.7946389
2022-05-06,688063,114.45495593474021,117.40010234381894,112.55930934989827,115.14285499623837,2374777,302651665.9715879
2022-05-09,688063,116.29840328415195,117.4392521105303,114.33861433040049,115.39118105006679,7037308,1121012817.7346277
2022-05-10,688063,115.65344944829423,117.87211608056803,113.6347906644,115.00387933523851,6263880,1041336277.0348825
2022-05-11,688063,119.6657929332494,119.72712097786378,116.54085834769748,118.5547044029882,1273785,224258591.71916005
2022-05-12,688063,114.90161221386839,116.761272611324,113.65023507788162,115.52785647156229,3751373,500270107.79516983
2022-05-13,688063,118.7838914469738,121.49257432619092,117.70529930177321,118.29701822572727,8375710,1160378174.9551024
2022-05-16,688063,115.60170820465109,119.07637863091348,114.7337237572253,116.23644130520097,2240846,359373088.25423926
2022-05-17,688063,117.36366368677751,120.60406153062297,115.83855165084923,118.23130070235226,2361865,280370313.58531034
2022-05-18,688063,122.13155044633227,122.30563731404519,118.77421769162353,121.66637662528038,4515681,738599607.4018668
2022-05-19,688063,120.13716393328932,122.87586817505937,117.39354836986895,121.00280727927576,2637110,326265416.9352367
2022-05-20,688063,118.68135562384707,120.62322577376875,117.49797171045856,119.45870817326505,1100089,132137405.37469319
2022-05-23,688063,119.9538158004054,123.45056844746539,118.1326175106741,120.66732726360279,4029067,565665874.7266616
2022-05-24,688063,120.0810682594677,121.90679709945911,120.6895058228754,120.69132227735183,5033938,835677568.1391598
2022-05-25,688063,122.63615790304154,126.25569019613482,122.24185158420319,122.98305815174396,4035234,581832218.0054857
2022-05-26,688063,120.59784333030483,121.34841958959319,119.35081108501369,119.82672384246493,8415553,1302444511.4888244
2022-05-27,688063,123.55461174005235,124.53703479788287,119.99516865666514,122.85231034205037,9698572,1318536625.3684494
2022-05-30,688063,120.58029353204176,121.7168345887738,118.92351121928102,121.56658259196931,2901652,388678865.0403132
2022-05-31,688063,120.11158518149179,121.9167543454186,117.73750105619636,121.02625849763884,7263095,1068293826.3347595
2022-06-01,688063,119.63440474860415,120.76396482764878,116.49108359138907,119.19243161950153,6536594,893805784.9140613
2022-06-02,688063,122.79347066760543,124.27251159856445,119.79308169042672,123.05413530955067,6554974,865337664.610852
2022-06-03,688063,122.45975131198225,123.2881721155624,122.48305306671514,122.48534995950038,4805628,630030363.9073238
2022-06-06,688063,120.2656685964638,121.94347842106524,119.11203687576945,121.01836018012189,5633522,741761453.5750916
2022-06-07,688063,117.90170838998029,119.40820905895833,116.60879955684416,117.29044598332983,4505037,709062096.131111
2022-06-08,688063,116.53787970732938,118.06031125925692,113.93993034316543,117.2213363953958,8465025,1320958074.075946
2022-06-09,688063,119.5105207013404,122.94753336072625,119.58871773631539,120.00862997868548,9365263,1520935178.184012
2022-06-10,688063,127.14577656961676,129.4682150571462,123.13837418997448,126.7548691981823,1700340,251239890.8731897
2022-06-13,688063,127.63515872812864,128.25939524857094,123.59945771811172,127.3076113690503,2456857,358226235.62583524
2022-06-14,688063,126.56434780419713,130.66049999452642,125.49545871647952,127.76862079381816,1975960,352594419.5740375
2022-06-15,688063,128.31778340815475,131.04699845958646,127.46844437268837,127.65862405031972,5538580,972477054.866823
2022-06-16,688063,130.00512920066961,129.5202690783844,127.73869665124616,128.772039403319,2378241,399665944.06925714
2022-06-17,688063,134.04667069474982,136.67679574178916,129.19745107014202,133.06387842980746,2859316,550607938.8246361
2022-06-20,688063,133.86975160502598,135.22180691048953,130.25292218699445,133.20402838598176,8231859,1200331180.8103044
2022-06-21,688063,132.8234160586316,135.8012373769965,131.5748001631384,132.17182541180696,5222608,728618046.6914579
2022-06-22,688063,128.847546169549,131.4747496302282,125.93841075577885,129.72178356802263,4401733,652665652.662059
2022-06-23,688063,133.16913280531432,136.8275288671459,129.89064632611266,133.85026570779644,2278304,318275224.4047211
2022-06-24,688063,133.79154960030195,134.81648239735057,131.07157456579776,132.57374565395207,9028426,1203908435.633159
2022-06-27,688063,133.61086748828805,136.38115899987832,133.57158275416307,134.29488786556857,3757446,563831458.1901973
2022-06-28,688063,133.07639265766892,135.15454115705865,129.56764270395598,133.29341650172904,4660907,719163951.6423686
2022-06-29,688063,135.0668825139308,138.18651493433097,133.29818854179734,135.07997830229084,9662078,1560991435.8831174
2022-06-30,688063,139.83196494933233,139.81240432728518,137.21949188124523,139.49098680110163,4185328,706955910.8596076
2022-07-01,688063,135.62992899258322,139.7433101149713,135.1154338666135,135.876225321639,6792694,1129209741.2094557
2022-07-04,688063,140.40973665867185,141.99896851388985,139.90464916704812,141.1881743770002,7927579,1421740367.5675027
2022-07-05,688063,139.07423075527214,142.06248647126247,136.57256080021284,138.3904183257497,5698359,986796196.6054097
2022-07-06,688063,134.2363041186387,138.14395679578686,133.79758281976126,134.59933068781518,6222753,1103303375.0608912
2022-07-07,688063,134.41546715508213,135.8202745474712,132.9563828434454,134.13788045085627,2748841,369765545.5064597
2022-07-08,688063,133.3335755547001,134.11215485486514,132.02800078129695,132.24157091445937,9710188,1334082454.594765
2022-07-11,688063,135.6460597949763,135.74003798114236,135.01514714188096,135.4096554867404,6526602,1149224501.105293
2022-07-12,688063,138.9910674607857,140.98678515499932,135.33259985887233,138.60095451223165,7587517,1126356280.2775743
2022-07-13,688063,137.39540292258314,138.8932657444497,135.4972646030346,137.673966553578,1322384,212317459.86073655
2022-07-14,688063,141.09702723252522,141.458357709447,140.5799088517277,141.01522145136462,8001939,1238190866.7659976
2022-07-15,688063,142.68357223298804,145.81073212064152,141.06280265152458,141.84119840791618,3337845,701592046.9843076
2022-07-18,688063,144.8984806331428,146.88553758763788,143.2854285028591,146.32778436190674,2365421,442576362.2660607
2022-07-19,688063,147.04858093285182,148.3782367479441,143.103302568073,146.08621981802457,8499927,1862537089.2568016
2022-07-20,688063,148.15162176797492,150.74564115859107,142.52759956011238,146.71802502502672,2074215,358385664.4623109
2022-07-21,688063,146.223946581241,148.7177966929137,142.02861056289748,144.90769272149313,2317589,498880060.84926647
2022-07-22,688063,138.99413092364782,139.35645347977268,138.21085018089593,138.9527803726944,5636221,1138510399.0810282
2022-07-25,688063,138.43001921744244,139.5635934841858,135.1505346514401,138.80407693889168,8884962,1320122937.5136898
2022-07-26,688063,140.70569210062607,143.78628880833105,137.86408913490618,141.61612138159845,9356126,1506674492.1938767
2022-07-27,688063,140.468913644392,140.15120981049188,136.63409648784244,139.5623536960951,9233482,1869316669.474542
2022-07-28,688063,137.7640622899718,140.75873886359645,136.40123770143933,137.83008208601967,5998582,853110030.5733535
2022-07-29,688063,135.69422441804087,138.71545504993912,134.34588139579446,136.4164608438498,2270510,394525057.7826997
2022-08-01,688063,131.54911221761782,132.0200943875542,131.0876484960904,131.28118248544138,3429159,455137184.91618216
2022-08-02,688063,131.7091959010135,133.87702743168532,130.4883960689468,132.32842696925368,4969546,821765462.8918811
2022-08-03,688063,134.0761765312532,135.45482340390512,132.86668583942003,133.48062167695792,2191425,301285378.72108173
2022-08-04,688063,133.28781971075432,134.12382165019864,129.23857544172685,132.90574736570102,8059199,1475075409.884531
2022-08-05,688063,129.6250557611547,129.80245496407773,126.5857204477196,128.46693462587308,5133492,947242871.7510662
2022-08-08,688063,128.53006505484936,130.93255408733233,123.70529528375684,127.28093999969327,6274617,1062352448.1889137
2022-08-09,688063,124.98491189036291,127.83119521176614,123.81998496660292,124.41398237496244,3461998,598256008.9430082
2022-08-10,688063,125.0703878193847,126.47365181199145,123.27889506646656,125.08889685881593,7459625,1068173525.4395404
2022-08-11,688063,127.43361809127136,130.80320545139435,124.35650925011673,128.08035158812794,3158538,552076711.8852937
2022-08-12,688063,125.22872063172339,125.7168059922118,121.41847497057341,124.68855503290251,1145706,168329532.59716403
2022-08-15,688063,125.21454659019422,126.20577844051704,121.57512633827317,124.14663523935889,7044218,877075370.764756
2022-08-16,688063,126.25060831963002,128.79568897692232,122.73702629291459,125.82362742318213,4816768,809277459.3870965
2022-08-17,688063,129.33549141704052,129.7987239677165,127.8555567737603,129.29190339060165,6781410,1162250267.0592532
2022-08-18,688063,134.4757871877719,136.12650627231278,130.0729258043174,133.3487238327268,8796469,1222492875.0415318
2022-08-19,688063,134.86007697105578,135.61525450551844,131.53518898461775,134.31274945665882,2751296,491800644.1575711
2022-08-22,688063,138.50373800312192,141.27916787076174,136.48872087917235,137.80471571916718,4941358,755389658.0627235
2022-08-23,688063,138.09029278616057,139.18034881528845,133.80559966565266,136.76577433860535,7569195,1332460128.112616
2022-08-24,688063,140.92634829562465,145.495442593691,140.8139237289305,142.23345093247437,8330509,1615282315.0526025
2022-08-25,688063,141.6624946656613,140.69196427432735,139.05505312892427,140.5952528497854,3313010,516399112.7424356
2022-08-26,688063,138.9740969515713,141.23866558444317,136.18036893172686,140.27341429177378,4032985,747245650.6656083
2022-08-29,688063,139.28342442699417,143.7278924323231,137.84761262720025,140.61921150290132,9067090,1319712589.475144
2022-08-30,688063,142.14134702390504,142.09211728612453,139.9232129076147,140.88699289538462,4834803,932769978.0565087
2022-08-31,688063,138.66934864482297,141.46227246511214,138.72717114003945,139.34449338937907,5135484,753172453.7691852
2022-09-01,688063,140.92377962147057,143.70752377342976,137.3864495841099,139.89183846154305,3535820,645032465.6626499
2022-09-02,688063,141.5610300659508,145.6760497486031,137.86127632643505,141.96852265554006,3605744,736173282.8370658
2022-09-05,688063,143.88238940761354,144.08875071669573,141.90121064008193,143.97798273538982,9079468,1906758422.6148744
2022-09-06,688063,139.73007859869162,142.25895582015065,136.525964462466,140.68071009410073,3152398,639973009.9574631
2022-09-07,688063,143.97852658559844,145.18871301641883,139.0643543113412,142.6191359455338,6880953,1060223143.2372451
2022-09-08,688063,140.7471745996679,142.27516532874805,140.60123097014406,142.09963635229582,5610283,913275752.6656028
2022-09-09,688063,141.9656843235132,146.89391889776903,140.6031011863322,142.76484281483874,4428147,821057100.2321742
2022-09-12,688063,145.54149494048087,148.0403364521199,142.70252499079416,144.97664052662515,3661120,654737348.1995403
2022-09-13,688063,148.90872415570968,150.0862074160209,146.453976233554,147.77487099124687,8837744,1467800782.992182
2022-09-14,688063,149.04176598228904,151.79531530073282,146.31536675331571,148.70567054619252,5465719,921200829.9701571
2022-09-15,688063,149.3466051388376,150.9666314819374,148.5359575790352,148.63714265223072,3945955,746204305.8638054
2022-09-16,688063,141.67836034454308,145.10840663879682,139.29465888108987,141.119410358906,9290513,1809748596.608148
2022-09-19,688063,140.33815618897128,142.40285360193533,141.03550063526635,141.52617901800505,1490876,214368935.81133917
2022-09-20,688063,143.18758601217476,143.1552643177828,139.8340807768141,141.8166061078237,7774551,1111572980.2607305
2022-09-21,688063,147.57294431777257,148.80337353612,143.9206858539283,147.6216946909805,9305017,1687646511.076272
2022-09-22,688063,138.55782889184584,140.29565449588085,135.53264796104472,139.42252361929698,9453045,1686485963.208744
2022-09-23,688063,139.50010099013107,143.98738396903,137.6454854788817,140.37609251320654,2845007,468215002.19644785
2022-09-26,688063,140.82883690775873,142.78097569029433,137.74530976198736,141.4072752382755,2436813,436363034.46366066
2022-09-27,688063,143.3290457926224,144.15772477286893,141.61688939805362,143.4946105065394,4830842,797784340.142279
2022-09-28,688063,147.05972701519897,150.09950640924714,144.91672789269793,146.57198585886786,5724564,1125340393.4563386
2022-09-29,688063,153.46515540267006,155.38869409200205,148.7196714901879,152.32212329573645,1266681,287145321.679692
2022-09-30,688063,151.98810297473563,154.81310154584045,152.42557388891356,152.69065473717092,7381540,1288220520.9470978
2022-10-03,688063,150.4678830348564,151.18286907419383,148.71566742169003,150.00221097655893,6904307,1550775529.6494043
2022-10-04,688063,150.30647229487428,154.95287300436698,148.72837444463912,150.51721542581114,5453122,936478663.0158216
2022-10-05,688063,151.89370142453035,156.83851772061064,149.57234189534788,153.41142440737303,8530259,1361670958.8722878
2022-10-06,688063,156.46676504839226,155.9923229274317,154.725314181953,155.2493065365247,5990556,960863970.1191815
2022-10-07,688063,159.4450655278037,162.0084842921273,155.47835696667528,159.8217979163432,1695651,380582360.3398722
2022-10-10,688063,163.7928920098605,163.55149527061934,161.090078741831,162.99073697230074,2420827,429780299.31749594
2022-10-11,688063,163.84997902037773,164.393740698066,159.15632692794162,163.88987821694204,4367503,741545439.3324081
2022-10-12,688063,162.84941774459395,168.21767126214266,163.52438605945318,163.63424025953077,2259680,422717432.1616493
2022-10-13,688063,160.2901527287521,163.90743134073355,156.63377158802945,160.36269273411997,5965505,1268824775.780327
2022-10-14,688063,164.77168435617736,163.6006911020099,159.9231524382914,163.32960135289724,4478858,1035490282.2789341
2022-10-17,688063,164.84466169905406,165.11686436193438,159.88874452271602,163.64409638066212,7449699,1371771982.7990062
2022-10-18,688063,162.4686086300486,165.22909213417785,160.20558901859522,162.8959149020764,6433511,1133147387.1507194
2022-10-19,688063,168.4688154206099,170.12049238207555,164.33512248911035,167.4152926236792,2793822,694961010.9926133
2022-10-20,688063,163.5750015767773,163.94112622546618,157.49825468769734,162.27119586714252,9016077,1757963012.939396
2022-10-21,688063,159.37333246619664,158.13577073171115,155.55657250211746,157.97603955959733,8498870,1471563490.9085705
2022-10-24,688063,163.67231621727015,164.4230955351689,159.21064951334776,162.967149784758,3614293,726276286.326268
2022-10-25,688063,162.9821882267474,166.18859499877874,161.24284855075786,162.4702208383444,4189148,717345103.0058819
2022-10-26,688063,158.4444024195694,163.4362690745444,155.41679720794295,158.7880767053055,1726237,296193077.20800716
2022-10-27,688063,160.6157073333362,161.56286654003574,160.41801571294346,160.6444072608199,5729821,948789187.3134544
2022-10-28,688063,161.5701955034027,162.99312192625007,157.94203788199593,162.51508221606218,8482946,1860237348.3412063
2022-10-31,688063,161.59060519599765,162.9870833598401,160.00650921172505,161.87398332856816,2292067,377703607.1662359
2022-11-01,688063,161.17536478686242,167.2595477098381,160.46906341514452,162.64405931950697,6587916,1220921507.375075
2022-11-02,688063,160.73463684074434,162.22869832598755,158.19340998761163,160.2089014128715,4687460,776055975.1046689
2022-11-03,688063,156.51523019423007,159.85674459817082,153.35419070439877,157.76321541592387,9435174,1602950332.0647018
2022-11-04,688063,163.93526895228615,165.09504885521432,160.47799213750775,162.35396887929076,7207784,1518797428.1261275
2022-11-07,688063,164.0134607234661,167.7666247549863,159.94504980905265,164.07281585217103,8410240,1809869192.635604
2022-11-08,688063,161.65591571494417,162.11722943108822,159.44812310196392,160.96917676063762,4901292,860323243.8798794
2022-11-09,688063,163.0047288924224,166.4480503929891,162.72018678369616,163.19271186251095,2868024,655747147.5636353
2022-11-10,688063,162.66829476156195,165.77864384490385,160.41749646487767,162.46716937016416,9083990,2007256378.1968622
2022-11-11,688063,162.67068265393175,166.06974971145524,159.40250172535497,161.82317147488908,4897837,1030875506.051559
2022-11-14,688063,159.7859165621311,164.69972267406894,160.93200667913112,161.00255363674654,1521889,335492209.18136406
2022-11-15,688063,163.11954833283335,165.52905358191143,158.11953618916635,161.75934810503,8136855,1789142371.7976868
2022-11-16,688063,162.7162576731814,165.29264870376934,158.85510490238647,162.36163834442186,5414703,1143514165.032321
2022-11-17,688063,164.79224471138625,168.78857112133974,164.2128062551424,165.92119171558343,2884372,678434745.0818248
2022-11-18,688063,166.5522054463409,169.02322350498332,161.24912893580606,166.07519821161543,5346960,1039315679.2340531
2022-11-21,688063,164.7494995541746,168.34425910219886,163.4566418527506,164.61869755438536,5468480,1015623147.5301656
2022-11-22,688063,167.7421301360738,172.09435079165058,164.66795465300166,169.0694842709739,9529105,2320193581.7457695
2022-11-23,688063,163.838830612604,166.96197604370397,158.55397895845897,162.93665696951226,4698706,1054578615.3637346
2022-11-24,688063,161.1723990285237,163.57342497914536,158.37586077679453,161.82946354022863,1391837,225626934.27301526
2022-11-25,688063,161.9390943402647,162.77961636297672,157.76635547619105,161.2359317600837,4790621,839111687.5870144
2022-11-28,688063,168.26335674304724,168.6651361436495,163.16728746755706,166.9164257463786,5251967,1303893174.755273
2022-11-29,688063,162.66338699015733,164.57176102663726,159.27867209106384,161.78206411585063,8253752,1686917401.3691065
2022-11-30,688063,158.20913660739316,162.6599575167605,156.47000408891427,159.14232854590676,2621272,577994404.1859012
2022-12-01,688063,164.97269540893478,166.11746362199727,161.01799284582245,164.631044860545,1716782,420529798.25261885
2022-12-02,688063,165.04370885106434,165.69890226374503,160.32617401142895,163.5089164523298,8114322,1348674422.6410205
2022-12-05,688063,162.99410877344437,165.80040706174728,160.8004736341671,162.70941026191545,2590675,569064581.2908349
2022-12-06,688063,160.29212079382035,163.23009972248192,160.23179102483846,160.8450473834352,7588698,1538172819.142753
2022-12-07,688063,163.85445797479446,166.1652070392266,160.42004536868512,163.12627601466983,7480850,1816301837.810572
2022-12-08,688063,162.0258235016134,166.32494093739203,162.37779484715972,162.88605851767258,5813566,1355285206.6292036
2022-12-09,688063,163.87616686083933,167.15767795067694,160.04280370507797,163.24716092280596,5327541,875567609.109409
2022-12-12,688063,160.1235131808777,162.79900946192606,158.10012566983144,161.3300476691886,4441939,751481150.3952397
2022-12-13,688063,160.8251595712838,164.0057584079896,155.01995741520844,159.33068845550082,5897110,1139621854.6394742
2022-12-14,688063,153.59898697260456,157.2818115093889,153.13533292646255,154.67043488131742,6963427,1201031943.4233353
2022-12-15,688063,153.58475894713138,156.3614432391633,151.79122906708898,154.64420127186693,8086879,1351294518.4070725
2022-12-16,688063,157.89931547793483,160.40327589325773,153.8719595391718,156.64323788558292,5315135,1061902022.7918358
2022-12-19,688063,157.22247610300525,160.76010889447386,155.70059804012445,157.56659346041596,7554825,1348242828.5508332
2022-12-20,688063,157.88801858715917,160.60752796379916,156.48515740279777,157.22291206644124,9432619,1822000102.714088
2022-12-21,688063,157.82066661798268,160.8098503757596,154.59948826612234,157.5355497093787,2410421,409670412.44250077
2022-12-22,688063,157.04376574078444,158.16757853807502,155.0304189382543,156.65413181691216,8100447,1482900140.080585
2022-12-23,688063,159.67081759754265,159.9997610943997,159.1285516795853,159.25740955822025,9141272,1961436096.9102416
2022-12-26,688063,162.5206746283714,162.52783636815,160.87993622565833,162.18883086543326,5926752,1130352282.0097635
2022-12-27,688063,161.348882307564,161.3414068712438,155.48231446410935,160.00147042832222,9826053,1959297981.6991408
2022-12-28,688063,152.75699340140187,154.19555249657333,150.0041063525409,152.22830138082898,5474821,1240685552.9947715
2022-12-29,688063,148.4770755067829,153.2630814764928,146.4276395835584,149.84483635233792,5397730,919769946.6166031
2022-12-30,688063,157.96694229244002,156.47717771942882,153.31202879901463,156.47137804069934,7513676,1737151767.186326
2023-01-02,688063,153.1829941768531,154.0526508108245,153.69794710009265,154.04966674528742,6182890,1419644654.9308214
2023-01-03,688063,148.98516904710456,151.55557791971847,146.70873792562026,150.16251512355586,7628486,1633218401.9698772
2023-01-04,688063,149.69324197634973,150.54426693844067,146.83915837360286,149.80888067516844,6571321,1444930296.423966
2023-01-05,688063,151.51425623329433,151.55306792559963,149.16431091391107,151.1663944273296,6804987,1389156618.0706947
2023-01-06,688063,147.4664935964182,149.29067744839972,144.81350828860565,148.9361119927941,3531058,628640791.8620375
2023-01-09,688063,149.249918440078,150.20258112579862,146.8319274692401,148.85587334098662,6010322,1211192108.3132813
2023-01-10,688063,149.85110432711565,150.90977628539272,146.70917116996256,150.18994453137208,1622841,334720786.5199336
2023-01-11,688063,150.67436376483826,150.56120966366063,145.50855144950685,149.23529035288274,5331651,1116132362.1758554
2023-01-12,688063,153.70331852022412,154.27561217512485,151.61890930004833,154.14052025734406,5976479,1151128975.069799
2023-01-13,688063,153.36951518142934,153.60631967856517,149.8163373655795,152.5062825909565,4973699,846464983.8467829
2023-01-16,688063,152.1735715118572,152.5734582500846,149.1630949937897,150.73525745470286,7973798,1284770303.5493004
2023-01-17,688063,152.0385673673282,152.6100098623989,148.1334104998326,151.19004163723883,6891623,1556121247.3523781
2023-01-18,688063,152.57007306571592,157.71454730792564,152.09800850792772,153.1994746852086,3455943,667188761.8729545
2023-01-19,688063,150.97188742888892,151.8773814096862,149.18173047117307,150.36278611044156,2726765,522103723.5775238
2023-01-20,688063,154.33953908908964,156.89191616794088,152.00533000776258,154.31532688433106,9900230,1803506315.784875
2023-01-23,688063,154.2528618816847,157.47153413787657,150.70642570631966,153.88732000057027,7989753,1338126704.3481588
2023-01-24,688063,149.69715209322365,151.84625271496418,144.56604355758842,148.79050282698668,3247244,550607155.5693825
2023-01-25,688063,151.75135048119196,153.12530458834217,150.74388694330383,151.2533592381798,2871861,534822798.87335753
2023-01-26,688063,153.27760061295655,155.24839832217674,148.66336654343596,152.41015509127374,5092639,1140106162.908268
2023-01-27,688063,150.35974970658182,155.3581507488522,147.5900134449379,151.2224781514977,1411857,285465789.2934211
2023-01-30,688063,152.04432641585856,153.95428189058407,148.92743148151814,152.95189654398132,9070763,1664317095.490837
2023-01-31,688063,153.8735334626221,158.6203103915509,152.933266649172,155.21233020236704,7907603,1671802417.880449
2023-02-01,688063,160.61684369345883,161.09760797903797,159.5280652996374,160.49981226456023,2049570,353218632.81656045
2023-02-02,688063,160.8019404703184,165.40485602328513,157.7806341008401,161.57179878773314,4835448,1024073117.9638048
2023-02-03,688063,152.97795139203856,157.66307404423858,149.81259085538423,154.323326616611,2231262,394181608.52447665
2023-02-06,688063,158.39817622956483,158.1428986681696,153.5534251330408,157.29893360853833,6939452,1115818443.8900404
2023-02-07,688063,157.4342145330841,157.25008335601348,152.70087499999204,156.049985092787,9391539,1490844455.0572596
2023-02-08,688063,157.11834134414542,160.29841442972852,155.52228028203626,156.68367079443087,4369619,952340743.5228399
2023-02-09,688063,159.30244233609375,162.9113680512966,155.07099465294496,158.73768006700433,3920560,892307632.1824723
2023-02-10,688063,163.84227774582928,166.7016486142775,157.87491834529243,162.64577476464694,9216392,1822045338.8461692
2023-02-13,688063,165.6714387657045,169.28973645831846,161.56901552752868,165.90825698995585,5177696,1204481342.266118
2023-02-14,688063,168.71589264933067,170.18701607237486,164.42256299352854,168.69830565016287,2021554,388312523.18432355
2023-02-15,688063,163.97112614660864,167.7246571119433,161.6704523424843,164.42169769175266,5942222,1417939763.808957
2023-02-16,688063,161.35324353701938,163.6139377117145,158.49292235876197,162.34578166673614,5578327,1254236587.231862
2023-02-17,688063,162.68227912718464,165.94081863591185,157.2962251267273,161.41853452096774,8212179,1922002864.7699957
2023-02-20,688063,166.51212336311588,170.00782485866304,162.1839098961032,165.57559233677816,3353708,752490337.4288208
2023-02-21,688063,162.9782018996314,163.44649755079067,159.64327696296465,163.32476704649673,9277863,1860445789.2869
2023-02-22,688063,162.0061454751637,161.3047825706805,157.66313536982673,161.13688046919077,3979776,906256122.2820467
2023-02-23,688063,160.44217068932662,163.69032794306042,157.8783501846403,161.18533178398545,6070438,1393942899.3244433
2023-02-24,688063,158.37368402538846,160.97306280881403,156.22032118391488,158.25886835418524,9373998,1560542639.76187
2023-02-27,688063,155.81244063906843,157.5137873712855,151.80762595634314,156.41927450770726,8513096,1760371259.0048254
2023-02-28,688063,149.95416940210387,153.07826372069928,148.675990671912,149.27954854302493,6572532,1416438499.6742098
2023-03-01,688063,148.75654535303516,154.1401793366175,146.6168087224258,149.76170886672068,9594795,1998485371.112111
2023-03-02,688063,150.3592043222199,152.08060933290412,147.06877481355713,150.77612585760122,1229415,205326124.01217714
2023-03-03,688063,148.99752291978803,152.13812111404772,145.61157456934012,148.7195343740249,2284571,442847629.8099968
2023-03-06,688063,151.56099647822705,154.57879998029532,149.70568388724402,151.14939237248115,2140158,445886269.46882373
2023-03-07,688063,148.7799623954409,151.6143164078814,147.8976862182994,148.63775110503212,2660587,530797892.74409723
2023-03-08,688063,144.35179258486042,145.21364445770135,143.83709620806343,144.94101076628948,1014832,214336196.0182416
2023-03-09,688063,142.39647037358728,142.54755369253724,138.64767963278078,141.62740264546278,6041331,1133100286.821764
2023-03-10,688063,139.64475854062016,139.7061411464577,135.50217073323785,139.55677471718198,3856880,667372932.7196705
2023-03-13,688063,141.81906893720418,146.27494546710625,140.87538447432252,142.98693770014708,5561318,1166692834.511283
2023-03-14,688063,142.57082081393284,144.54266567014344,142.05890395572754,143.19751845416826,8437224,1785824892.3279812
2023-03-15,688063,140.54465375048335,140.63723708274577,139.38844251079658,139.7222117388329,3941470,632052692.5350044
2023-03-16,688063,140.70437524070041,142.32956630057905,138.09070594835484,140.17226960497197,4149253,820314191.6059957
2023-03-17,688063,136.92066355546928,139.80738691978607,133.49381063505,137.24297342291595,3297402,549747934.8802074
2023-03-20,688063,136.6535715208634,138.47744260755195,134.5093152660081,136.62495818788054,2920957,562490897.361076
2023-03-21,688063,142.13153482559264,145.65197869696073,141.80674647043924,143.31482420137615,1471759,219055230.0849439
2023-03-22,688063,144.7275066814809,145.2503864081625,142.23154357723377,144.24005143310106,2299679,484678704.2736194
2023-03-23,688063,144.47544370383568,148.14574438156288,142.82685076121396,144.3647910689724,8707885,1488112839.626981
2023-03-24,688063,147.8214476726102,147.74265111237938,144.06203388347603,147.71927672078715,7897286,1533944875.6751022
2023-03-27,688063,147.35273824344955,150.1218217139542,144.62288078359953,147.94442181436347,1734714,302615926.96312946
2023-03-28,688063,150.86618623167024,150.0424799344519,145.6507987617149,149.560336331925,9497740,1665447956.6570795
2023-03-29,688063,140.9591886890203,144.52004926505444,141.63050395392668,142.1137624584677,1075425,204708967.97897753
2023-03-30,688063,142.41232944907568,143.88305337819102,140.5297846489872,142.5650216773163,1637358,266351574.46851602
2023-03-31,688063,145.7954886231836,148.4687433456527,142.04549062648175,144.5754708918456,3572485,516984837.4082306
2023-04-03,688063,145.34622436784187,147.42758120920308,144.50151069624226,144.8258759156246,2707117,412879772.11222667
2023-04-04,688063,144.97822620901192,144.42101154398608,140.346527975265,144.32047429422036,5587876,1018658117.9168754
2023-04-05,688063,144.9422642696894,147.0489383245383,142.8592986530773,143.97906078862988,2246527,348725287.8491099
2023-04-06,688063,143.55655991014146,147.21169950036838,143.4753110590945,143.59709367110935,8858115,1585002352.6539543
2023-04-07,688063,145.5538947888829,147.64775142184644,142.30567716816742,144.65881356557716,3890367,787914108.0715684
2023-04-10,688063,148.87870301432426,149.14737948372363,142.9981857632687,147.41884864921767,2261116,432491654.68628365
2023-04-11,688063,144.79578967398658,144.2613571299754,141.34995274592396,143.7888101427046,4229601,844219337.931275
2023-04-12,688063,150.1624950452398,149.6349792381512,148.09579764895133,149.16969622412705,1605698,313604861.63054705
2023-04-13,688063,146.74894526127326,148.80459566586978,146.35591079947096,147.4086535548985,7504848,1315200817.5542412
2023-04-14,688063,146.47508508615687,148.98341864861302,146.0842516123658,147.27024233037127,8694949,1735790905.309436
2023-04-17,688063,153.31946189107177,154.06653015552502,150.20577689870086,152.74684740859277,6963827,1422917077.6654117
2023-04-18,688063,155.15135784716153,157.50059969591464,150.42193447189317,154.3137259139298,2573445,562162469.2651168
2023-04-19,688063,154.06970370174685,158.86113696587128,151.40573609664915,154.86074773199024,1531653,311261121.1419188
2023-04-20,688063,153.09483608084906,153.92149801288232,150.62722241560994,152.46581980685582,5256260,1101635483.057086
2023-04-21,688063,147.78477745641462,148.62384920482143,145.01116419188062,147.0451115579984,1246530,207980258.48323768
2023-04-24,688063,151.27848653924534,153.87763385297262,146.40401801987483,149.85246442468156,5937506,1200717218.1939824
2023-04-25,688063,152.6318965870508,155.6499278688136,150.70418293526447,151.41730020349752,8990034,1848481807.8738456
2023-04-26,688063,156.45852759708268,157.9536767146745,152.30944021825624,155.65764316068177,2334607,365471875.05589896
2023-04-27,688063,158.87908976944357,161.1410387294895,154.0173827894039,157.50428998231638,5123956,945790968.4348642
2023-04-28,688063,158.32813812217327,160.35512149161272,155.57566640837922,157.18043284498364,1573990,299600872.285021
2023-05-01,688063,161.93999854814885,164.53725420753597,159.63009575379215,160.67265388032806,3262541,560902128.8014494
2023-05-02,688063,161.6424569777928,165.40839702214225,160.55216540641015,160.59152613518577,2493766,475403622.933373
2023-05-03,688063,156.79496988730003,158.94386022908176,154.72761718608515,155.76272505490323,4565224,872482922.7579283
2023-05-04,688063,159.03673659123612,161.56823464391763,158.02306141968484,160.08976590818506,5794304,1112979373.5794258
2023-05-05,688063,160.2898829495619,162.7950616079063,158.26428036999886,161.6689329954826,4292619,794544438.375173
2023-05-08,688063,161.0884002414664,164.12436885657954,158.66277112919505,162.1642618925812,4085100,832302342.0629023
2023-05-09,688063,158.51419449636353,161.9995738280128,155.75820843854058,159.82184617745813,8412299,1476226132.7117352
2023-05-10,688063,156.93254369674364,157.38247220347233,153.73348267952292,157.0633758632771,2652082,605976902.7909056
2023-05-11,688063,158.709343891585,163.36809035023106,155.1898548820832,159.25931573561624,7232856,1410716894.3536353
2023-05-12,688063,159.4418422074605,159.68314839273336,158.25928888924958,158.61035789004956,8810882,1505525049.89865
2023-05-15,688063,157.7054691819448,160.72656434430996,156.8707233160878,158.29334055472657,1782472,385014128.1659306
2023-05-16,688063,162.35929801780517,160.99525913541598,156.20801447394211,160.98174390600704,2507531,447199334.2287006
2023-05-17,688063,160.11522216981123,162.20219593507082,160.88117821446536,161.21878666763334,1641751,289048873.5312648
2023-05-18,688063,160.33849067252524,163.30993045581044,159.20314361600285,160.54770386451332,7930402,1552640631.7578268
2023-05-19,688063,161.49887671433936,163.8127619431193,156.36302185528592,160.19820337198135,8299748,1596051726.762065
2023-05-22,688063,156.32937653985317,156.75900109218648,155.81079678661962,156.60761216667078,5361601,1236277108.367839
2023-05-23,688063,156.09464556901054,159.69042343528167,152.62027053105345,155.15111662933626,8473488,1743896142.7257345
2023-05-24,688063,158.65215183485998,160.8020462474641,157.26673332359303,158.9315439171292,7546190,1249480619.8378448
2023-05-25,688063,162.02417177143587,164.89489281624608,159.28998769305238,160.9612997972852,2191004,425219628.77907306
2023-05-26,688063,159.35437856981125,165.07350675682972,155.55137568632452,160.35347503393328,8698283,1805875464.5165124
2023-05-29,688063,158.96164967911733,161.89398700477523,158.13945807783796,158.40016366479844,2259948,519997417.47980493
2023-05-30,688063,169.60877423398495,173.96161935716245,164.50832491026685,169.25043466367498,2847271,631455902.9340398
2023-05-31,688063,163.28298708272837,165.73228891899427,161.24512545738853,163.48476758639853,1001533,230856455.49155015
2023-06-01,688063,156.42015795541104,161.4880245296629,156.57753824602344,157.95384107858047,7215092,1226809483.7866511
2023-06-02,688063,156.68986668437174,160.00845080056556,153.09739023824093,156.7030416688983,2029356,339538727.03397715
2023-06-05,688063,158.8520415897587,161.83054233942786,157.33432227929345,157.36057045261245,8069199,1322703115.9177046
2023-06-06,688063,158.66780074070195,161.35514237335983,158.13530535505203,159.21232698693393,9572389,2251731922.148181
2023-06-07,688063,164.0383360338973,164.1778600179978,158.74298445789577,163.22312005059158,9697754,2004608668.5129938
2023-06-08,688063,164.3560024590475,165.6435957845927,161.31008362274474,162.7817865814831,4584988,975304366.5028902
2023-06-09,688063,158.32731229648394,160.17346223184285,155.7410845991663,159.90717474992994,6919377,1165548017.5935426
2023-06-12,688063,161.71012477245964,164.23838115800314,158.29891312227468,161.01945245962202,1688701,326893177.1886638
2023-06-13,688063,163.11944219575165,164.42011795781355,162.67672701130945,162.83870424281503,7097935,1383464218.603649
2023-06-14,688063,164.65442067743288,165.81607956141735,163.04685457150458,163.9035152198044,1658197,367185938.67051977
2023-06-15,688063,165.540899660903,168.62304382063448,164.58444115470692,165.04273049145715,1307483,306394177.5414019
2023-06-16,688063,167.45464946464458,169.10640167160827,166.45017704781353,167.75427063374048,8044759,1815203644.1199803
2023-06-19,688063,166.17990587590094,170.72147579626395,162.49724808449923,166.3146380464908,8574467,1870466391.403102
2023-06-20,688063,167.56126944492294,171.21446347765286,163.18119837326827,168.1624004149882,1824321,441140583.6418502
2023-06-21,688063,172.21776108549295,176.02150715208393,170.4309373734482,173.7978517564062,5040774,1015133630.5950217
2023-06-22,688063,176.92302235790865,178.37067629948905,175.477773939511,177.3057534909057,1279612,232286370.2275012
2023-06-23,688063,181.08950513760607,184.30936411816907,181.01409221479867,181.0176956672733,6344768,1655734266.5209718
2023-06-26,688063,180.7971275340884,185.1602165167547,181.48923390566054,181.7675189466138,5330032,1099544544.6659925
2023-06-27,688063,178.83570169298014,180.66664947553187,175.78151267155968,179.34533615707198,9894517,2442488667.7989197
2023-06-28,688063,179.64682906391667,181.2322894670452,175.20829795293318,179.86495604057203,9973157,2024388274.3606126
2023-06-29,688063,183.93787167429554,185.6754844060598,183.11738150807773,183.14003324187433,3253452,790968406.9793935
2023-06-30,688063,185.33001313915986,189.7139029419538,184.8232323860264,185.08541110881262,6877717,1508184724.0718117
2023-07-03,688063,185.42450558896815,191.69998842232374,184.61962865542714,187.1652461272317,6261591,1611268105.2521565
2023-07-04,688063,185.24826689993426,188.63829029370595,180.8760412777747,184.347393680482,4591765,1053084642.2163311
2023-07-05,688063,182.74871335599,186.16230676849477,182.2460406520577,183.05518080824027,6660250,1395910453.6666746
2023-07-06,688063,182.5900144979229,184.0297317121646,178.66567313661704,182.62022160652714,3319726,648576723.0756999
2023-07-07,688063,183.45062025777813,185.24267061633353,179.67806834952813,183.80215341273913,3844782,1053150053.4597564
2023-07-10,688063,179.6027240864243,180.56344246339702,177.82109309827305,178.60658550936967,9457982,2234282042.588571
2023-07-11,688063,181.34760524117235,182.28748727998132,179.8149482813794,181.1959941845087,5290584,1337243815.0482237
2023-07-12,688063,178.6168636060154,184.3916334509432,179.34194059346257,179.91555278795553,3606659,906479424.8953042
2023-07-13,688063,186.25233384685828,187.8649756542019,182.88854434802707,185.35671725998654,5285567,1358369468.1445973
2023-07-14,688063,182.82217267344762,183.95495142693264,180.7171822274869,183.94368263424687,8684143,2202497599.6607385
2023-07-17,688063,181.72691815497996,186.372074135101,181.66168284369923,182.38507265897394,3628625,885929248.5917779
2023-07-18,688063,181.54116861231597,183.5120815758714,177.69799179210074,182.05284425372304,2958224,593963986.6337799
2023-07-19,688063,182.33494435703213,183.40438301232697,182.0505503953102,182.96049242923667,5891926,1278490856.3762214
2023-07-20,688063,183.17247561736588,184.89910235411264,179.7777329718066,181.9597410988929,5117364,1136171634.199852
2023-07-21,688063,172.94697765162388,175.84257384078904,172.15097870758916,172.1845510060224,3204028,824635534.1702178
2023-07-24,688063,165.43687402823048,169.4167560997283,163.60762585379325,165.2734962522037,8608908,1874059852.194136
2023-07-25,688063,166.4029005813445,169.1752597312539,164.4022797614009,164.81024655890383,1247667,220469580.9054803
2023-07-26,688063,169.5952529001805,173.44607589349252,167.18674789382425,169.1266036173741,8830019,1735683357.5503268
2023-07-27,688063,163.90478284515436,164.52703541732438,159.7997844869458,163.0468529549511,5793452,1395221510.1422534
2023-07-28,688063,165.31878145054748,167.9339836074915,161.07797736448128,164.62267817695465,6712957,1524987385.9430609
2023-07-31,688063,169.49700639915034,173.28716301416634,166.77921789139018,169.1407380535449,9890324,1962828850.4917476
2023-08-01,688063,174.668841846248,179.25373568750155,174.91639121396702,175.07657212397876,4955157,1044833528.8651001
2023-08-02,688063,174.56984216471827,174.1355155782184,172.93074665298303,173.19070954147867,1363558,323612273.5460393
2023-08-03,688063,168.04089983197818,170.76225992302895,168.04759338551222,168.89143208622835,7288819,1544650219.0111938
2023-08-04,688063,168.80253680453188,174.83005170029037,168.83915201441653,170.17581673858518,4312122,1001242301.489859
2023-08-07,688063,169.16074764823443,174.63146643245145,167.4742002648292,170.1518454875244,4441611,1019495239.7844685
2023-08-08,688063,168.00689118864005,170.1739207041699,165.02715712857963,168.49971537859045,1817120,431226878.7766742
2023-08-09,688063,166.39665269960807,167.01084205854556,164.10404892586914,165.78863317546595,9024286,1567944310.5464242
2023-08-10,688063,162.99331541974541,165.77992564104102,158.91367776289547,161.72842537386606,5823865,1315328146.9524803
2023-08-11,688063,158.94915264876622,160.99453420247178,155.67765451332735,160.24774606547032,8302965,1651024514.6806924
2023-08-14,688063,162.11691838204533,162.49158841597634,157.6303051478965,160.5937847583379,5617487,944664854.6696241
2023-08-15,688063,161.99786744543624,164.34250442252122,157.56159357289408,161.48062753406333,2258611,521323903.2704773
2023-08-16,688063,165.17829756111078,168.20784698717264,160.58721909851516,165.07317757598162,9833293,2256167319.7349873
2023-08-17,688063,164.57239795583217,164.9123743204976,161.8751207391639,164.66460170326366,7552868,1755594104.6391852
2023-08-18,688063,165.59508207649517,166.455760351932,161.24508099435903,165.57083032694382,9601417,1589891368.002152
2023-08-21,688063,161.70781246324984,163.34704573936025,158.7176697156492,162.88817935455899,5047115,945506539.1950699
2023-08-22,688063,161.25900047002014,166.33800277370443,160.33195197947518,161.89845051334734,3614725,722378808.193964
2023-08-23,688063,165.4502798455649,165.4639806272513,162.1393279127916,164.1675912373045,5023972,1152803166.1411374
2023-08-24,688063,161.24255743726775,162.00186012702113,160.62676270394968,161.9874980173282,3500099,812782749.1764867
2023-08-25,688063,166.8575954427663,170.59091263882698,165.94148421229926,168.08332905604934,6452435,1272767170.2010477
2023-08-28,688063,165.81424841474845,167.31203991866954,164.04791452055414,166.8760461863529,1679128,317714308.9781607
2023-08-29,688063,160.3879014361788,162.5256168357563,156.54341155933733,160.91720658700362,7232286,1721278653.256327
2023-08-30,688063,157.85523603944773,158.85602865283522,155.54813607346927,158.69117544128756,9677436,1588767642.8372653
2023-08-31,688063,158.33253137540194,161.55061408590936,154.87479088054593,157.85149968579262,5306183,1022039902.2739353
2023-09-01,688063,163.18301536735524,166.11760025741356,159.93560056478668,163.14142194045513,1251433,228773664.07366002
2023-09-04,688063,163.0826282507549,166.68179406810322,159.08191061272382,163.3228863672717,9931355,2388937142.1787972
2023-09-05,688063,164.23139905007724,163.32558024170456,159.95667909420726,162.9225324130026,3714153,804140895.2679276
2023-09-06,688063,160.35584452402105,163.44865051304774,157.22382787882253,160.99856160858093,3829109,863122002.3964733
2023-09-07,688063,162.4962805578869,166.86225354199507,162.83679361301978,162.99620130555863,2064469,344751413.6676635
2023-09-08,688063,159.4923127221019,161.0086152739303,156.27684424040197,159.3845616915665,9879872,2111306768.524369
2023-09-11,688063,158.56793490292347,163.0448774497574,157.5253274958827,159.98312384908436,5751821,1217197003.6904197
2023-09-12,688063,160.56421285389249,163.59602137451435,159.72968208974726,160.4281722978095,4032317,818793925.7736421
2023-09-13,688063,159.352167922163,161.97235323404348,158.35532305660746,159.61062824452048,2920597,518202949.13326323
2023-09-14,688063,165.6744365146984,167.93467697143458,162.5221054184235,167.14997438399286,5481380,1190175702.5543358
2023-09-15,688063,170.66746613615967,175.07811722197823,171.6980220636834,171.88446845572543,3619419,692035152.3079971
2023-09-18,688063,169.5959993376353,171.29761639555176,170.22433426908728,170.32744003767078,3265763,674427652.2852612
2023-09-19,688063,168.45563455973294,173.4900440426227,166.63605250616263,169.45698827152688,8724212,1595146031.945509
2023-09-20,688063,166.14944571111388,167.86860605227884,163.72256715146744,165.51406335050734,4181380,717790574.7161614
2023-09-21,688063,168.3220287778231,169.9674011577432,164.18190024241548,168.51682976146674,7859909,1531343475.929883
2023-09-22,688063,163.99829026562458,167.98797349564288,163.97244969882317,164.5207379849815,4563926,1079003413.2783675
2023-09-25,688063,161.7391125044759,166.32806880442945,160.67646984187556,162.73470993270433,7612928,1408402948.0406024
2023-09-26,688063,163.6235949964662,165.5997717928972,160.959012474117,162.42963648691594,7718704,1778384219.5210464
2023-09-27,688063,163.16761284997045,165.01585930916556,157.99558912676866,161.91662575469084,6663084,1580229900.92387
2023-09-28,688063,162.24202237414755,164.75303655563553,160.91344004836162,162.11975953979604,9574947,1827555587.859362
2023-09-29,688063,159.07525551990207,163.54570944145803,158.02627049796456,159.8742215880899,2623580,469551562.4446712
2023-10-02,688063,160.25041130266018,163.59317490447702,159.27940877974072,161.43488700156752,6938034,1651864712.6798453
2023-10-03,688063,162.42966451224294,165.7097118701782,160.6627346694073,163.1652232702217,5068236,1031332557.119642
2023-10-04,688063,161.0378967397153,163.2824929335835,157.6347258804616,161.06958712595622,9096163,1674896462.3924403
2023-10-05,688063,158.10985411586304,162.46959432430577,155.13171685386618,158.23471871800567,6963891,1324305825.145686
2023-10-06,688063,160.46274679410138,166.01614817434313,158.25768069798596,161.33256224026476,7193273,1306951956.4411726
2023-10-09,688063,162.70785305366408,163.82333070730147,161.56115612879026,161.9500943658369,3593868,796200463.5189469
2023-10-10,688063,157.4576073052518,161.09590695514035,156.7621783106689,157.7458386717365,1565776,298604700.33944184
2023-10-11,688063,156.40704763862925,155.99203625038126,152.1342996533667,155.2950764389877,9638910,1765232683.617799
2023-10-12,688063,149.23592022223383,151.02554028281133,146.17328564503012,149.8451646031583,7307661,1595556996.317963
2023-10-13,688063,150.73251493368352,154.63805701206644,146.5557635730438,150.84654758534597,4926886,1076403048.976578
2023-10-16,688063,153.53692924880863,157.8193421347196,148.92755986820092,153.48019078914115,1894765,400739247.05509293
2023-10-17,688063,153.02632190644388,154.56941679977174,152.32572712300123,154.51719696296436,1915406,437918681.2199153
2023-10-18,688063,155.28725340671267,158.3459123556916,153.45831416844706,156.28277084734574,6869821,1416075180.572957
2023-10-19,688063,148.93746907811308,152.2171142051402,148.71861537963417,150.3528566219683,3840895,760063278.860723
2023-10-20,688063,151.89185803589902,151.70080606933507,150.49954386797447,151.01333415701603,6958239,1534018737.7818618
2023-10-23,688063,153.03708013883355,159.04019310814505,154.20078619728855,154.50380544199217,5017091,1030187854.1572032
2023-10-24,688063,154.61445381836515,155.4359181032921,151.32534298698343,155.1454976216898,2871662,528957014.2561729
2023-10-25,688063,154.78480519542398,158.41891553306408,152.08479505647696,156.0368393675656,6118680,963166911.9473747
2023-10-26,688063,156.90961559776298,157.7704026062239,153.91690917958883,156.53394436479917,8802012,1443052140.7179065
2023-10-27,688063,157.10573883604508,157.9614771566858,153.48160130876985,157.5973713724118,2951225,608028432.7947285
2023-10-30,688063,158.3511070152296,161.41496263780715,156.0802747265847,158.7179363081718,7395543,1604268039.8675518
2023-10-31,688063,162.36628531926672,166.619168656791,157.50387371353534,162.20986396878743,4906458,932969463.3125957
2023-11-01,688063,160.5562518503366,163.21344195311238,160.24589923496688,161.46355257033034,9834215,2369790692.143555
2023-11-02,688063,161.4762038701787,161.81982634701149,160.2925056604394,161.60248140206906,7050879,1684600971.661071
2023-11-03,688063,164.44642214958085,167.37925120255892,160.4333568876856,165.09583925693437,9919401,2154956686.1765237
2023-11-06,688063,167.1899565137755,171.81509862474488,165.56100872525428,167.85379984474542,2765951,466955280.04257804
2023-11-07,688063,162.96806198458808,166.5583445129245,159.57871100929233,163.28456691622074,8040381,1474124114.9051337
2023-11-08,688063,160.9605151011366,163.06433544744985,157.42817887323838,161.01534295172635,2970306,716551980.4920154
2023-11-09,688063,152.4651208468687,155.64528357781077,151.9686550216697,153.86407405846558,9568398,1514520402.1323874
2023-11-10,688063,157.86137599403253,161.25870937964044,153.29380580489615,157.777397626286,9321283,2168397000.6206336
2023-11-13,688063,153.5286828482526,155.74595594590465,150.53185738239048,154.88317707791398,2556080,510283559.3995496
2023-11-14,688063,153.79875124533893,155.13150762699817,152.59387372306338,153.7690667263283,2280419,420362660.48001647
2023-11-15,688063,151.02035694918516,152.52459150541904,151.21732171537548,151.6076672235209,4993229,765926928.4772327
2023-11-16,688063,154.85615599365246,156.69931754160768,154.97381425694672,155.38247454410012,2015689,333464476.8672917
2023-11-17,688063,155.55277003087352,160.54870498170342,152.38433363365314,156.4738720739938,7244078,1547763801.1361036
2023-11-20,688063,158.47604836708996,163.31138224934406,156.55965462247354,159.38406057547544,8149496,1598722966.6682038
2023-11-21,688063,160.04557442045126,161.5934185908761,158.46204697656324,160.9901069144174,9137779,1519251273.5515943
2023-11-22,688063,155.7192880502221,156.38739165552371,151.28555743867807,154.19294865911456,9865173,2019264566.906939
2023-11-23,688063,155.06469261673058,158.5508647393179,154.81531350244114,156.17370348647174,4299282,949714988.3050755
2023-11-24,688063,162.34926679058353,164.5581473236485,160.17397246765827,160.90499828668328,6487098,1416061841.9199712
2023-11-27,688063,163.66018731642725,164.50480218955357,158.32485355873965,162.12906007537046,5220588,892247368.20216
2023-11-28,688063,162.32988232857394,166.66741400328746,161.69969991588698,163.28835150819438,2359773,408414272.9338416
2023-11-29,688063,162.0166440936073,165.29034998507825,160.33405109172648,160.68192905720315,3798186,886580001.7778046
2023-11-30,688063,157.75770769050231,160.9501808455221,156.56438926393963,159.2209198366237,2164645,404473742.12989384
2023-12-01,688063,157.1261755911948,156.94910320643794,154.16617986016777,156.01902039355795,5662986,1077096179.9316728
2023-12-04,688063,154.75444749654295,154.07801403101888,150.92145204641108,153.94859158650044,8594438,1867842676.8625917
2023-12-05,688063,155.54456251351542,160.3766688731673,154.362435033167,156.3369495758131,9128563,1545794111.3267062
2023-12-06,688063,149.05577740102837,151.95003600348815,149.90369521276892,150.26842117982156,2647160,486698109.3623872
2023-12-07,688063,147.95212414368373,149.79280062986746,144.59615809644555,147.02995933171252,9078816,1380221927.6560333
2023-12-08,688063,148.28681908773115,152.32576068261292,148.21996458599523,148.73653237010151,6633640,1386161799.4869995
2023-12-11,688063,152.73455600988953,154.63489748095384,150.82531925569828,151.86597240656988,8487966,1844689225.0052953
2023-12-12,688063,159.05734436149302,160.2530368213041,157.57304165289128,157.68111457909473,1528721,279258651.4451309
2023-12-13,688063,159.58295414401303,160.99973199313973,156.08204485963228,159.90302127955803,6893841,1575984317.3911707
2023-12-14,688063,153.23949891624682,154.67192255513402,149.0629524324321,152.6691308594986,5994423,1262795874.715055
2023-12-15,688063,150.6336475232306,151.8273737768546,149.4556423362356,151.60832942340272,7022223,1295148001.9567583
2023-12-18,688063,151.2218507967514,155.88453882379804,151.64570841647793,151.6520226044525,2109062,409295188.36497617
2023-12-19,688063,148.1479789250025,152.8345192213789,149.13943079790707,149.4994003680476,5841703,1168530995.6633086
2023-12-20,688063,154.5647909782289,156.6519583118209,149.51077143654302,153.60288695526248,6044622,986276698.8094609
2023-12-21,688063,154.66077727304295,158.41105953414456,152.63062152852387,153.83689157971813,1137053,239954379.71508864
2023-12-22,688063,157.40436313384458,160.58798429735654,154.82685788370569,158.183721175071,2643244,462927410.37202185
2023-12-25,688063,158.30405449934506,162.56313621644983,156.50368778746414,158.4882242099098,1857728,346357071.7599774
2023-12-26,688063,154.97454403121216,158.04900907682435,152.1748022622576,154.61502597265505,9644981,2041402693.3318818
2023-12-27,688063,158.9737915652217,164.6149011973227,156.88152136775375,160.21077737713054,1039475,218802342.78632492
2023-12-28,688063,160.45411379377668,161.15289324650354,159.08911237317807,160.92720098587932,4157981,693181182.5890056
2023-12-29,688063,158.446073138538,160.14463985810386,158.04014805732493,158.20144838490043,5392711,1123688170.6286755
2024-01-01,688063,154.45287025969816,157.34631783153438,152.36410493231588,155.1417916978646,9894957,1998545661.8103065
2024-01-02,688063,160.76940576437252,161.2858596959597,158.57856273746805,159.59737776905624,8446976,1647970194.1774874
2024-01-03,688063,161.8875887546571,163.26568994009557,157.25657589059563,160.7647322767346,2097815,397858470.10698783
2024-01-04,688063,157.48475993566908,163.13024803474875,157.52470144479378,158.44979195411727,6437509,1381121733.8894174
2024-01-05,688063,160.22320666535634,163.85367847912977,160.07240179408234,161.04030504103955,7984407,1756169427.5977085
2024-01-08,688063,164.7405461744276,167.31834400398932,164.60444725378608,165.69250467446204,6091914,1040934478.5237128
2024-01-09,688063,169.6945327158471,173.20154381169903,167.4137717337608,168.92425175944348,8089427,1512173747.7080805
2024-01-10,688063,163.50815915064513,164.45524758753263,160.8395169088037,163.9285115855918,5461887,996898497.071137
2024-01-11,688063,164.34092016807293,165.22547051759128,164.04379901120117,164.88568480593136,8086979,1639999817.9112883
2024-01-12,688063,171.21414259548607,170.7975871056515,169.2030674387274,170.12964225184533,4860585,1121718743.5337913
2024-01-15,688063,167.31287296240652,169.3513878206791,165.13972716710964,168.9703020989702,1204169,240123375.8115623
2024-01-16,688063,168.7091732204912,170.8430949520535,166.25507826552172,169.98527571888727,7083819,1332936584.1786122
2024-01-17,688063,167.5225039850262,170.24900367057006,168.03970689725105,169.0241856821876,2717847,546255874.0890753
2024-01-18,688063,169.18121043593337,171.51144477647588,168.28120651477687,169.81469378833557,3681829,824712256.0617385
2024-01-19,688063,171.28350684693893,175.7128165521822,167.5937302066725,171.02516631020154,3342710,753035904.0344964
2024-01-22,688063,165.05222494579735,169.79359456642518,161.61485150814062,165.87779446459112,4206895,807291159.0804974
2024-01-23,688063,166.93198855303885,168.77055788168244,165.53602532158905,165.93553837052156,7541352,1682302484.7814794
2024-01-24,688063,164.56252925712738,170.27586585207587,162.90322496799854,165.32256601946827,7138928,1197923173.404916
2024-01-25,688063,168.10733935804993,170.93793426064605,165.79532389714083,169.61338593637618,3113093,710378369.3574127
2024-01-26,688063,166.8998381826261,169.98479254129919,163.06487108871227,165.83172910453948,3981125,966163921.195858
2024-01-29,688063,166.12623626415146,170.61688102328912,165.35578416714415,166.11791655301715,5786569,981864512.3014561
2024-01-30,688063,165.3165185652584,165.84689332150404,161.67634667542234,164.07609965910348,5272655,1064498316.0752621
2024-01-31,688063,162.1468782801294,165.21042712126928,160.81980220412527,163.07742169520517,6199222,1374179326.4998598
2024-02-01,688063,162.7580939765648,165.67287325422294,161.4817426811331,162.48034266557332,2112257,361493742.09467715
2024-02-02,688063,165.16432137429285,170.37888702368443,162.7331582521088,165.47737782249888,5130456,1023253849.5256557
2024-02-05,688063,162.3979986450345,163.73955621919276,159.18272168335764,161.50240746723895,7898108,1888175824.8625793
2024-02-06,688063,160.70813319097,162.70583705022437,157.16408744509286,160.35325007122046,3037281,652243372.0539483
2024-02-07,688063,160.91204018411815,164.20708620639405,158.32737650592023,162.30573237772538,5612414,1073459963.5697813
2024-02-08,688063,167.1968818478129,166.83637046397936,164.63549067638266,166.1373788303437,4573089,1134642181.0598557
2024-02-09,688063,158.6181852204235,164.21076744642716,156.5623144959467,160.18298445846054,3318482,589154805.769485
2024-02-12,688063,158.7930963756953,159.74795383027688,154.94980080125674,157.9384468286591,4125640,838621874.6544892
2024-02-13,688063,154.17236276708132,156.38882430865033,149.8282568322585,152.82581086814284,9606306,1986753560.1805098
2024-02-14,688063,151.75340510553957,155.20303758551293,150.16294892203194,151.69749448264957,3414911,677516248.3754321
2024-02-15,688063,148.72552293904312,152.72226655366336,144.99007467252648,149.33536566729072,1756519,289530845.00395507
2024-02-16,688063,153.3621058771491,155.09686821646358,151.5195596066278,153.0730123147308,7126851,1331346509.6930535
2024-02-19,688063,153.95473959063295,153.55467828565128,149.54130536673807,152.7911267634002,9873299,2164649377.7060566
2024-02-20,688063,155.77579782310872,160.51631741552674,153.98828464806607,157.2248667469531,4042565,803348401.8869021
2024-02-21,688063,155.1899897783203,160.15479673827005,153.31687716052903,155.74150011549062,9933976,1609551712.8067043
2024-02-22,688063,158.2099506646997,157.7633012498056,153.06943759124445,157.31693395145464,3782254,789766353.5231061
2024-02-23,688063,155.31087383241135,157.19484539701043,151.8224369920071,155.21301629856745,1529298,340094787.66418046
2024-02-26,688063,160.11806114561958,160.17416542865425,155.73226650387954,159.60300115825933,3427156,637752841.491541
2024-02-27,688063,164.01105832815622,166.0866814965011,162.49784924967895,162.77564461376815,8468632,1685675655.2394273
2024-02-28,688063,160.67161626270297,162.22698427718777,159.68830871485216,160.9082174006073,7120105,1393388952.1828232
2024-02-29,688063,158.73179112526776,160.19962935214136,157.70579355503784,159.95744513658087,1318008,283078081.2576917
2024-03-01,688063,166.03468229501948,167.4408908746692,162.88416219689933,164.63796029559035,9942419,2014287110.967926
2024-03-04,688063,162.5574553978968,167.21020485156083,160.7506005345841,163.39699758637096,7078494,1627523740.8039002
2024-03-05,688063,157.75567662076833,158.83276880293138,158.14130833189455,158.34425220791212,4428788,980775438.6754168
2024-03-06,688063,161.16392436093955,160.4097280371337,155.3052277984538,159.84541123112112,3092396,651853233.8947295
2024-03-07,688063,163.70434891699537,168.4543783247552,159.5213331055647,163.8515001866371,9429886,1993517041.5026116
2024-03-08,688063,164.71773769832689,165.01671133886234,163.94990478434053,164.87519681525214,8133736,1770692755.5746815
2024-03-11,688063,163.37498151799448,164.242896860346,159.65533366418111,163.9394640449197,5461808,1004472725.2093744
2024-03-12,688063,165.39203181802887,166.00068648103695,160.68053261076386,164.61336395173433,1636993,321257951.24470997
2024-03-13,688063,165.331479614708,165.3330315206026,162.3433592388931,164.945416172134,6774566,1370078020.029161
2024-03-14,688063,170.2333221489001,171.61657562846128,165.20033644499347,168.87582594625377,5364397,1008786791.4250002
2024-03-15,688063,168.25661338635922,172.7225356981158,165.60195986669564,169.1462884948584,8004821,1554889321.8587666
2024-03-18,688063,166.26074592742557,168.47640851893013,163.06364024287893,164.6289360690619,6502990,1293591926.145136
2024-03-19,688063,164.14510294253736,166.3279323529988,163.1846393280759,164.98369161488887,6576158,1542679210.0972989
2024-03-20,688063,164.49496307965188,165.96329107839765,163.1852134596797,163.70827584008606,9236189,1682192809.5115848
2024-03-21,688063,162.27234885368114,166.62675104634312,160.6349045640353,163.75985961123672,1514039,333817439.22691494
2024-03-22,688063,165.54390113915395,168.61806097500997,161.13852026516702,164.3528522993248,5786162,994709218.2932839
2024-03-25,688063,161.99448652260023,163.17506589269934,159.1628883934592,161.0307755409204,6824352,1290887172.0435483
2024-03-26,688063,157.68618426984287,160.6600125681754,156.5107182650291,159.1733292814125,4929588,1035556368.6148447
2024-03-27,688063,158.073809816367,162.3044215781394,158.99947073209108,159.05219552710005,3590362,755578126.0773437
2024-03-28,688063,160.0985247002922,162.96052732340874,158.90472854140043,159.3823603817342,6230356,1317645945.1371837
2024-03-29,688063,157.31356875643266,157.83005203755278,152.38460624499004,156.30671477215714,9624282,2016377116.1192722
2024-04-01,688063,156.53082588943857,158.92149848160835,151.30532075280544,155.21160596398462,7407323,1669833661.2116196
2024-04-02,688063,153.24322699396478,154.65243707042663,150.26467166254724,152.46718807137344,3365284,634085044.8288059
2024-04-03,688063,155.44602722268564,158.06550451450502,151.49516990062122,153.95394016051705,4252462,731207704.0534997
2024-04-04,688063,158.54551723052052,163.40106477646216,154.9671055431667,158.89398824187273,9815851,1739732498.666859
2024-04-05,688063,155.77304042173898,159.26045268794124,154.14789360366458,156.9265771111649,6357412,1151786184.254809
2024-04-08,688063,153.74510322034777,155.70324690392528,152.0268965195867,154.66858230585913,8736826,1855217420.4678538
2024-04-09,688063,151.74249543245583,155.34095773683688,149.8326796889669,151.1796564063509,6092803,1288127582.746998
2024-04-10,688063,149.3095260808256,153.95458348422642,147.24470241282125,149.63615908060234,5592608,990576325.2175711
2024-04-11,688063,149.61879878646002,153.51848744621566,146.12048788041474,150.18952947466968,8276163,1732962873.730697
2024-04-12,688063,152.61961884382683,153.16301433413574,148.48802044599273,151.5137946926088,3777604,681359988.0749557
2024-04-15,688063,150.74871026472326,152.06865372811887,149.7267507804331,151.72572148142444,1567963,350141080.6126233
2024-04-16,688063,149.13043228525402,153.40634298104897,147.34785056693312,149.87605415000664,6198856,1126025234.5977283
2024-04-17,688063,149.6846162167564,153.91472403159986,146.17750115090132,149.73267971540292,6705020,1111689291.8257825
2024-04-18,688063,154.8898006340161,155.8990740224189,150.0537580088328,153.57649682608695,6211529,1147634494.6288407
2024-04-19,688063,149.70971805465243,154.441719251715,146.4045295478474,150.6176115374956,7784816,1605355989.0250819
2024-04-22,688063,151.92885097718124,153.26998597208598,147.1090622257771,151.2236059065238,7049753,1287863985.3116043
2024-04-23,688063,156.34057811636208,156.86683749226762,153.3616002782662,155.37649176625146,1823327,285143804.0610188
2024-04-24,688063,158.17835456401488,160.80625485930477,156.48706953004998,156.94799904079488,9809884,2256577767.006688
2024-04-25,688063,155.26403239661298,154.8851553270467,149.4102952489363,153.86396574535624,2324910,369701855.7728009
2024-04-26,688063,153.67076120387756,156.5764738603186,151.19403576668134,154.1558292633028,6665254,1508306119.540095
2024-04-29,688063,150.7875836633899,154.42263043388675,147.15122065124413,151.41595218171702,1182631,198956102.16770685
2024-04-30,688063,152.6270154813584,152.25250680031095,150.49512623782874,151.1389991950471,6580848,1256224570.2255578
2024-05-01,688063,153.7597496467256,158.66756489106606,154.6463488281669,155.30175979383,6117500,1243074709.139248
2024-05-02,688063,155.14086669050002,157.5617967147999,150.28903747523205,154.16630568269798,9420560,1708774993.1417985
2024-05-03,688063,154.72463327378054,155.61227163659814,153.9291031122361,155.6068756828383,9258907,1972838126.5705824
2024-05-06,688063,161.79299758492127,163.82698546710031,160.77353494817729,160.92105706932986,2053904,480562915.0684449
2024-05-07,688063,152.60025476815107,152.9434835360911,149.68472271433157,152.1709305618808,5343849,836539669.1772685
2024-05-08,688063,155.9518776256137,156.55744914174082,156.10518167730496,156.5136509555325,5937346,1135342041.6778378
2024-05-09,688063,153.67524768492106,155.2217880130482,152.0842290153908,154.6469328043395,3674970,842024373.2496519
2024-05-10,688063,158.1214794792531,159.60447905529895,155.05150889588802,158.19594655573394,6120600,1305200781.8625486
2024-05-13,688063,163.28350221720459,168.22084412940603,163.98259174874855,164.03386064776114,8426659,1818915301.0672476
2024-05-14,688063,167.74125426978142,173.95794821851436,165.58224313809245,169.08938231496325,3707107,798903952.3207846
2024-05-15,688063,168.07204847366702,171.36875476991605,165.99922983933607,166.5924087704431,8130688,1724560849.9812353
2024-05-16,688063,165.33767946779133,168.63989584803096,164.0751205124151,166.20794060851,9284775,2237349480.0140944
2024-05-17,688063,164.20143224184022,168.14156200498715,164.4030891046801,164.68718778970796,5237319,1090540083.5407476
2024-05-20,688063,166.9931801957808,168.18097744402192,164.7713322819809,166.02022736965088,8910056,1836547772.0256426
2024-05-21,688063,162.82402439909183,161.9924218957439,158.9436663432749,161.764992113633,8062180,1702394711.7030132
2024-05-22,688063,162.0382826628054,164.65107267503245,160.37082850862393,161.96241442811638,9496911,2221247589.4977064
2024-05-23,688063,158.14882234314607,160.9888035779361,157.42307210244454,158.42466370597452,4957348,1114480458.6124327
2024-05-24,688063,162.54699262411984,164.64539107676805,159.39495118969393,161.96227276243476,5328309,904152168.9309016
2024-05-27,688063,159.13398874737044,163.2913692241165,160.13242858117323,160.72439752616663,4832332,955476274.0028539
2024-05-28,688063,161.132659769646,163.65597173114233,158.84258400454777,162.4961909244305,4881052,1026873658.2379342
2024-05-29,688063,166.47322242036114,167.70469749349272,162.89780072072395,165.54150875786607,8961083,2074056591.2112029
2024-05-30,688063,163.55786143984363,165.55454607437687,164.88834347113732,165.05315410060888,3408026,644994698.272895
2024-05-31,688063,168.68093009614932,173.0365627574377,170.03167721183345,170.3261719046269,8181199,1648989804.4687986
2024-06-03,688063,165.66427294618242,168.57766922640283,162.4948243845746,166.45948687238294,6858504,1707343750.2040215
2024-06-04,688063,164.5835574399627,164.57971922356782,162.38174695424496,164.33157243132825,4714226,1145728208.9405496
2024-06-05,688063,160.92089297344285,163.64007235448625,157.95910512121478,162.33948552331285,1602783,330361772.9789452
2024-06-06,688063,163.7069168315812,166.70483354234827,161.68844086901146,163.41604712756504,6418969,1182613022.5187962
2024-06-07,688063,156.131534673935,158.9822667166912,151.98137342472856,156.51605095961912,7647382,1632723204.6985073
2024-06-10,688063,159.04919679568627,159.04766355529188,157.70523237746153,157.9937297782265,6373892,1426275776.8623466
2024-06-11,688063,158.6919895123384,161.37698665178604,154.30301422528845,158.97663211314145,2592179,416872627.35303056
2024-06-12,688063,161.43533043038389,162.25867871016274,160.56585036927765,161.0343658352058,7359132,1650296840.387942
2024-06-13,688063,164.22250333902602,164.56648216336754,159.88468237662767,162.62252581561802,6141289,1140955533.8162239
2024-06-14,688063,160.265039734129,161.11894234523413,160.12079109698672,160.374206122506,8392591,1691368009.2242134
2024-06-17,688063,156.5658815772012,159.81614238938675,157.29048554155938,157.4186972684456,9081730,1808204701.8202689
2024-06-18,688063,153.09005868574428,153.49150289580504,150.77298439728332,153.1880198794947,3931163,769806462.6048353
2024-06-19,688063,149.0943133016626,153.6456521447937,145.29346994236406,149.5467364818238,8114868,1752676254.0470266
2024-06-20,688063,152.74841157460597,152.72069660687103,149.77622389614712,152.05235102497173,6781909,1316166363.5669198
2024-06-21,688063,150.0966853027299,154.34173440491713,149.02654673515806,151.59262767770664,2017844,311322342.4053976
2024-06-24,688063,155.3514039373312,155.53818486888252,151.41368279597927,154.0043298913611,2614105,433878749.4557305
2024-06-25,688063,157.77476758252237,161.51825480658187,159.24376369064973,159.28540528189137,5758879,1283242258.523355
2024-06-26,688063,156.06387794335802,159.21320619266365,150.95336925094347,155.28609416748492,7695969,1434505656.4435918
2024-06-27,688063,152.49777035928645,153.6333058968172,151.01213513945075,153.17417107931809,6401945,1104314473.3947427
2024-06-28,688063,152.71133030078556,152.31405118904866,150.56638325606616,151.23332828046006,1209932,267178683.7436487
2024-07-01,688063,152.72038399997464,153.33884377055475,147.59174173620806,151.27555059623543,6023583,1295684586.9957108
2024-07-02,688063,150.63214125197203,153.1357177119788,146.96511759295925,151.01596242279967,9172126,1783460896.178522
2024-07-03,688063,156.58414488214905,159.48343656283944,151.27854309979494,155.1106374823058,5017580,996482255.796092
2024-07-04,688063,153.10803642413663,156.37892679670787,152.06410630516052,153.48351546054073,1396069,304278811.48915064
2024-07-05,688063,155.0589830154831,155.70098343884806,150.26353182661728,153.52857335210888,4578924,780583861.5365466
2024-07-08,688063,159.03813080379516,159.940520885185,157.22507087883625,157.72807892166816,4833963,833902311.8312827
2024-07-09,688063,155.30719886113863,160.11068103887644,152.17047035249908,156.09384562882585,1707201,286955870.4145428
2024-07-10,688063,155.9178939854097,157.6243017946149,152.50618774720022,156.41267362557207,2802382,447553926.447154
2024-07-11,688063,159.60651469997643,160.5514807953338,154.7299188356215,158.80405175305305,1773195,376249925.115204
2024-07-12,688063,159.14994317406016,163.074728702825,158.5208253856402,160.2284359246779,2659215,436750036.65744454
2024-07-15,688063,166.4377280793787,170.4380187084788,166.42979992973522,166.9828737914552,6041212,1504035410.783211
2024-07-16,688063,171.91022734595813,172.0801715266092,168.3075552846347,171.24570592420298,4953688,1064066401.0064428
2024-07-17,688063,173.69780811558655,175.8241027918062,172.03027019596936,174.03753369557504,4821702,860381843.2275643
2024-07-18,688063,175.15090896360704,175.82977250506164,171.88103831059198,175.5617174217735,3988708,996173925.1472007
2024-07-19,688063,175.58273254029413,181.44435066300065,172.24939503432924,176.5873329126981,7325126,1845280093.484415
2024-07-22,688063,178.8400245869642,183.85628014107164,174.97616086023606,178.8174357868912,7944394,1562138919.742713
2024-07-23,688063,176.47935608109742,181.56834643793889,176.45879269042217,176.48665847506228,7516411,1533922929.2169144
2024-07-24,688063,185.02452303775695,185.23128113170264,180.8218037934334,183.29655463871802,1467653,308915378.96467876
2024-07-25,688063,178.54978415364968,181.0372237466269,173.5316093836782,178.26175948911032,1740949,462676711.85613227
2024-07-26,688063,176.5971058379295,180.5074964567431,171.58998248325386,176.8692079731079,1824660,402559220.3952205
2024-07-29,688063,173.66580060421853,174.34823606217384,170.25992208062496,173.2660662078502,2832071,542289515.3854202
2024-07-30,688063,178.46964224192737,182.0165223369367,174.34991315793394,177.43114010575457,2822765,543990330.9253404
2024-07-31,688063,176.74410166239664,178.6579785339994,174.55941931299455,176.86957060769072,6414992,1624906300.4439142
2024-08-01,688063,172.57296250163216,176.00025238457513,172.5598117012616,172.92085720844776,4795575,1017958211.6066465
2024-08-02,688063,173.76030112117098,173.61143780194237,167.63421156348988,172.71175528873727,3483881,851990813.8405542
2024-08-05,688063,171.6682823067414,172.90819107688972,170.01196734467996,170.12353685275585,1914619,403811549.7893979
2024-08-06,688063,173.78386455729648,174.47678939395567,173.05897671201558,173.0670871552892,9327397,2059347349.4230344
2024-08-07,688063,173.0357848737175,176.23021988768056,171.9294165835992,173.63348337671525,5496697,1431434451.9432936
2024-08-08,688063,173.634600143164,178.33034846643014,169.70214712044643,173.5638984215683,1736218,311351475.64174986
2024-08-09,688063,171.21862343137684,172.30523514383205,168.430223912866,171.7286960939621,4680040,954519970.2126865
2024-08-12,688063,169.90924531042972,170.28072110589872,167.6452981578059,168.73989217546955,9737015,2047533117.567167
2024-08-13,688063,171.19155641674033,173.90367717993456,169.5331587027,169.87688507186488,9637026,1812196211.1669781
2024-08-14,688063,171.64860004190535,175.32291364746902,169.51566081012314,171.92375609581347,8359490,2060889432.2079208
2024-08-15,688063,168.13721049746727,171.75752778920693,166.2270972972966,169.8198672550617,2007837,344533286.6789203
2024-08-16,688063,168.3524938794094,168.9999288829714,166.59294878917515,166.78071363388878,5886284,1033520898.5365963
2024-08-19,688063,167.38358953429727,170.55877035638986,161.9612953305052,166.76242634627042,2499970,476499461.64631283
2024-08-20,688063,167.4556475296062,168.90180998352514,167.78792961002782,168.64306065367364,3217772,618454241.9559016
2024-08-21,688063,166.69287608899893,168.8799889148938,164.2049950086762,167.86585800259508,1747960,364495993.6137786
2024-08-22,688063,168.8502328667941,168.81921950590493,164.77528655726454,168.16494938800483,8195511,1787094142.8353062
2024-08-23,688063,168.2022425345464,169.2844661636129,167.16282998902963,167.54718215301426,4475343,911775817.1958932
2024-08-26,688063,167.24934075095703,167.07716072102514,163.51601641098685,165.6859822063119,6520120,1244561668.7763817
2024-08-27,688063,162.2915656675667,165.01423265355132,160.75472191020617,163.03771812754516,5601310,1202791255.663061
2024-08-28,688063,162.43277985327103,163.82559558117063,161.23878177325815,161.76294156433175,7850613,1894306623.1669378
2024-08-29,688063,167.20733961269448,166.72471376747146,162.5221077386202,165.9650839432211,9650765,1733168616.982363
2024-08-30,688063,161.56407171528704,163.96028373705943,162.51708138389486,162.7291848928803,5487979,1327663162.5447657
2024-09-02,688063,164.3732640977565,164.78542729216656,161.56789120341088,163.72771497398324,7844587,1354049597.1033473
2024-09-03,688063,164.06999942533668,168.52151241430204,164.04923538075337,164.12120660795335,1797133,364051730.5563931
2024-09-04,688063,167.37996312684098,166.58830566132778,162.27901961374326,166.43196553144486,5993502,1008607622.5667932
2024-09-05,688063,169.49285602295333,173.6708641149686,167.47505727057694,170.88529764510997,6243366,1307151225.9277978
2024-09-06,688063,171.08725082510125,172.15091704705512,168.32332417467268,172.11620139166232,9353979,2147178182.2771661
2024-09-09,688063,177.98457481085302,181.5347264146028,173.59236248000974,176.48495634167088,5600462,1127868169.287061
2024-09-10,688063,182.68827789128795,185.63672639115862,180.365912464622,182.09691781644,9595733,1972002090.8038766
2024-09-11,688063,184.26680936018536,187.20766215979236,180.73340188350394,185.58822435683334,5132055,1188316297.8793018
2024-09-12,688063,194.11484414841186,199.89342820160383,193.60614766042218,194.31181291372903,4670123,965988731.9231641
2024-09-13,688063,198.12355855387165,200.12635543085895,192.8077184259289,197.4745165204295,8448349,1935788381.4891663
2024-09-16,688063,195.19437028241342,199.6775496388711,194.20653386403393,195.45498887570807,6240299,1690226555.6340024
2024-09-17,688063,194.36604247019739,196.178455390568,192.85450191353956,194.40289126859352,7647188,2114514934.494571
2024-09-18,688063,191.9082951106536,195.7875153070492,187.4783239173783,192.35344771362625,2056141,443469694.94341636
2024-09-19,688063,189.84106426516837,194.0000176725599,187.63115048398893,188.95677780535232,4101465,1039965282.9591061
2024-09-20,688063,184.7834967828261,189.99283236204118,183.05426600638495,185.66304226378503,3091097,674419812.249749
2024-09-23,688063,186.0052488759149,189.71080833707697,182.04672686405013,186.264321655186,9274526,2313406276.7491107
2024-09-24,688063,190.8831396268937,192.76464537700727,185.93714577372805,189.88056688753704,6218386,1642649658.6453998
2024-09-25,688063,192.8936871969908,196.2204067290584,192.87217134443023,193.49777246273047,9696793,2420980410.105155
2024-09-26,688063,198.56053100987313,197.77451424830366,195.87345883696818,196.8848118332287,2906479,778100738.0211265
2024-09-27,688063,202.45487477598152,205.8375768982626,203.46737107701,204.35831721100956,8364277,1909627667.2123816
2024-09-30,688063,205.7752923566289,207.92461618535452,200.914567895325,203.7826383660323,2895516,839226469.7287669
2024-10-01,688063,205.27517130614785,206.00492014840802,203.5210075687598,205.15909246689102,1929637,470250723.0382641
2024-10-02,688063,205.72697473531753,210.72491098480654,203.03945459710803,206.11149498943422,6389773,1728667918.2110438
2024-10-03,688063,202.76620742588008,209.61775082694754,200.51791878043184,204.39042239190292,6285922,1338231508.2586114
2024-10-04,688063,201.48244914551273,204.21145469368528,195.58305934108967,201.53744936402492,3621783,740159611.179246
2024-10-07,688063,202.57705437156713,207.90485836020085,196.78257752690192,202.46629708316388,9782307,2520555623.679987
2024-10-08,688063,201.3861793796487,202.48430637621996,197.98957053193325,201.26111208537162,9508474,2621989034.4001713
2024-10-09,688063,206.62101082955078,209.56254240554964,202.1996703463376,205.7366359245572,2212296,569424616.479768
2024-10-10,688063,202.25100530806867,204.3322808556442,198.55333609292947,201.94881067662018,9193594,1948309263.9697332
2024-10-11,688063,203.2526591715289,208.0978230240814,200.54582969938667,205.18109319220514,2932341,753580088.224684
2024-10-14,688063,204.4949825234253,209.24790804030684,200.51151325769493,204.70250846288113,6911434,1816665292.6246896
2024-10-15,688063,213.27347113777728,218.76848983289455,212.35690840498424,214.41334725741143,6906325,1924021108.9059172
2024-10-16,688063,220.62365873125322,228.14965815365318,221.52294536137214,221.92971264169915,8539318,2387835710.4341936
2024-10-17,688063,218.87972678863122,219.3770614154557,215.32097370314753,217.7758127903157,3235069,712067111.9121374
2024-10-18,688063,220.1838853632429,222.83070461066416,212.63356250310682,219.06480878601576,8540549,2082412545.7143462
2024-10-21,688063,221.81470106308333,228.70759872712748,217.73566277192515,223.32129860079073,5128956,1228478088.216806
2024-10-22,688063,220.03215072569424,225.72004411894548,214.1402618531961,219.3929312482379,2061309,640190271.0987213
2024-10-23,688063,216.81600197185892,219.23398913904455,209.6515038715105,215.01156494491067,7333248,2048079199.501303
2024-10-24,688063,217.5444748699153,219.7401758080056,216.13722447755978,219.29156360253998,4781870,1417527477.1042755
2024-10-25,688063,219.37272192354447,223.08049653762333,212.24691656160954,217.41011355258607,5923660,1694269272.026171
2024-10-28,688063,216.90985417946314,222.27581607814358,211.772820549458,216.39146185593748,1375348,386223099.20037395
2024-10-29,688063,219.2039663202088,221.8123722500324,219.68148968277936,220.13739528320372,2480598,748225653.7357713
2024-10-30,688063,219.27098069435291,220.18784066241685,215.21645653130884,219.48147080979126,4538558,1236372405.925807
2024-10-31,688063,229.4084155132351,229.31432558046325,224.66477084461874,227.82291403911373,7020886,2316190870.1915927
2024-11-01,688063,223.13577757559068,226.07121954969998,221.91219969657172,223.53813620416022,5207074,1196681716.332424
2024-11-04,688063,219.18158887022906,218.98553859504784,215.15468815299363,218.699346024927,1557522,439269478.0605692
2024-11-05,688063,214.4696234732952,218.97342122662118,209.24518731423044,213.30818928352576,7223584,1740843752.4691224
2024-11-06,688063,212.5214526302783,219.75704085892255,212.4849939229188,214.13187190429355,1626556,514730231.56788677
2024-11-07,688063,216.09859937865895,217.42230506611358,212.94989862612726,216.12184316939772,5141287,1574543182.789915
2024-11-08,688063,211.7152153898233,214.59405980135637,210.46352752893804,211.2885580413366,8569091,2148792685.182743
2024-11-11,688063,207.03065387209048,212.2561982767667,203.77603495172775,208.4266941988739,8309425,2445365219.6746855
2024-11-12,688063,206.84738025139586,213.90720909817915,208.60057622922935,208.90638476816846,9438620,2384427167.802513
2024-11-13,688063,210.5634375401428,212.9272870983503,207.14219246999014,212.27707717302562,2487864,619487400.286216
2024-11-14,688063,215.9491009464773,220.9052260919488,214.5068022636889,215.60046139751088,3169361,940663812.9899334
2024-11-15,688063,218.85072266111646,222.72014941475376,216.4136940925247,220.69475888788617,4703292,1092493882.3670578
2024-11-18,688063,210.63949055539865,214.8734773728717,207.17733060612272,212.48269313685037,1719513,538572396.3635353
2024-11-19,688063,224.24352679930178,225.16038771828562,218.90308149739457,224.32214852593074,4789711,1594649129.930158
2024-11-20,688063,215.07534895826578,221.43381314839277,211.36175182204738,216.6739887056895,2655844,785403260.5252992
2024-11-21,688063,209.5428834541636,212.00266199625915,206.37405327562945,211.61381056703271,3263391,906831590.2763376
2024-11-22,688063,205.79712757083405,210.1076961964819,204.89648015555522,205.29080254328872,8733592,1961515221.4306536
2024-11-25,688063,208.53784715129294,216.67277614420138,205.4107797259788,210.39280656163422,9355838,2917239942.622683
2024-11-26,688063,212.09079758358592,214.2642968445902,205.83669157840163,211.40088230051853,4620208,1125011745.5437112
2024-11-27,688063,206.7955008089522,207.54716315962054,200.19252633072895,206.0147630810756,1670729,468703896.10179794
2024-11-28,688063,203.12096039811098,208.37275551157907,199.72028571649142,204.28865390399014,1324234,368193868.79866165
2024-11-29,688063,199.41359863194316,200.93123578970412,192.9274699092116,198.63171010738697,3757933,893408828.13431
2024-12-02,688063,203.75723792023652,206.3478855425906,198.51732755080306,201.92609071446802,1896122,525347946.5470602
2024-12-03,688063,200.3874017210357,200.1903168430664,197.8230054284629,199.59841021927014,5587827,1247986987.7874298
2024-12-04,688063,202.13704987698418,203.4121062241536,195.0678736280064,200.7044697488444,3540678,1031378640.5310808
2024-12-05,688063,201.81814348533882,204.58174153800766,198.56731669992237,200.8786401857778,8954052,2179190095.998579
2024-12-06,688063,201.1299761281722,207.08418272741233,197.3113164816137,202.94578997177555,2265949,507449465.35778666
2024-12-09,688063,200.28348032092322,198.53796576167667,196.2022262088969,198.48670246659577,9859218,2108775517.7604427
2024-12-10,688063,197.744879939936,200.34199479386456,198.5022319422565,198.8867143418772,7928876,2295656748.1414866
2024-12-11,688063,197.18001472414815,202.00893686922566,194.68543300419174,198.48263986631014,4274369,986041473.4259865
2024-12-12,688063,212.4227967060233,213.29349310143417,210.0978635745693,210.31990585535124,7228294,1568525034.4340467
2024-12-13,688063,209.08037981890288,212.81152230211302,204.5243725927132,210.61827669296457,1337939,416148099.64850587
2024-12-16,688063,207.06342004693468,210.03706425995134,204.4520639230317,207.57734344252626,5738263,1221621221.7900262
2024-12-17,688063,212.4696844168229,218.62409111685446,208.34454803827214,212.29296470422375,3499276,959501974.8810608
2024-12-18,688063,205.99826302176817,211.89286229279773,205.84938974775955,207.43827055873217,9417144,2756344675.1633515
2024-12-19,688063,216.20957159533071,222.2283791550222,213.35701096538546,216.82029146088695,6269129,1641398098.4708107
2024-12-20,688063,219.26636306907977,217.9172912950138,215.74599286293267,217.47952940655912,2856275,895045778.9198806
2024-12-23,688063,219.36692625032492,224.47212364703356,214.6870720321634,218.09519054105408,5115547,1163341146.0259435
2024-12-24,688063,207.5576718138572,207.4012656012734,206.7137738649089,207.37792447468607,6234699,1560701537.953938
2024-12-25,688063,208.83632070856717,209.57951458312098,203.6129424687473,208.41442776737665,4451152,1244128815.7813485
2024-12-26,688063,200.68397340718553,203.81287573125223,195.77025517455263,201.7552747273204,6734440,1499907023.410593
2024-12-27,688063,201.76779585561903,202.51665263682446,198.47996274714617,200.0435662760994,1127078,259946894.1437506
2024-12-30,688063,197.11215723268856,199.77136616251724,193.83949661613337,195.32686452346934,1447312,304318942.0612427
2024-12-31,688063,189.14409413849702,192.86572684377683,184.19748450989428,187.80382342452978,6700658,1684419176.5083358
2025-01-01,688063,187.74709353279636,189.4182177724464,181.9953584656412,185.9692037476165,4543331,1035459243.5051142
2025-01-02,688063,183.13933413486407,186.80095350148767,180.64013769746947,182.9750793630959,4353023,806448867.4792525
2025-01-03,688063,183.0591608367589,189.9088389454288,182.90244242680166,184.74385496520486,5988655,1556529341.1873837
2025-01-06,688063,176.343830853656,178.4117199704643,174.53021232464997,176.88772971936348,5649303,1074033234.3833337
2025-01-07,688063,182.5072584540718,185.272414226509,179.87613095848346,181.11771042425727,5496528,1264219974.109427
2025-01-08,688063,179.61576731025744,182.0613298102671,178.06028821866718,178.1919855975794,9124055,2187165162.632131
2025-01-09,688063,181.4464203376538,183.4551459597972,178.50389066265885,180.80404250960945,5207700,1343546460.2780836
2025-01-10,688063,176.82829637153606,180.25953329685723,172.5388595223496,177.09484392385093,4863582,929152239.4481722
2025-01-13,688063,177.573949290948,182.0035386865492,174.7540285779363,176.90397563694862,8614700,1661328376.5229692
2025-01-14,688063,180.76213315379974,181.3809868851386,178.07646036307742,181.27365020390536,4863849,1051728851.8920095
2025-01-15,688063,175.71658372672647,176.4648379232971,175.85618746986873,175.87952406399697,4372205,1078141375.8755126
2025-01-16,688063,174.61198490985126,177.04647980490506,170.71311067919024,175.75363235064128,5154526,1079871048.040199
2025-01-17,688063,168.86649550988176,170.43955376449605,166.74701319571568,168.797978525112,8286805,1770011172.6997728
2025-01-20,688063,174.96783239399227,175.06593581836242,174.01923795488685,174.64851718147935,9997905,2218083389.1136503
2025-01-21,688063,171.02364656396566,172.45993975245355,168.12090637181734,172.18298689627701,1988336,482288505.7887764
2025-01-22,688063,164.63429336016517,169.91141125084474,163.10353290200166,166.12040058929844,7797407,1859505331.259401
2025-01-23,688063,169.6073420458922,170.90879145195555,167.4354525734462,169.65892266135504,4244320,864510135.9865385
2025-01-24,688063,168.17800538560672,170.43359813300788,162.96465028903543,166.52356323729484,6792316,1383737097.9896646
2025-01-27,688063,169.01468965143272,172.46104594033747,168.10811070505844,169.5995021957559,4453081,759922372.7272011
2025-01-28,688063,170.16901964345433,170.9902946959964,170.81806779860256,170.96221573765308,1295242,281801341.6298622
2025-01-29,688063,172.1503455946075,174.92346844050033,169.6778979068625,170.98722576054232,7201709,1785338075.1271737
2025-01-30,688063,172.45683137698205,175.68003017853155,169.73119946094684,173.47329907136356,6962531,1749884673.8970115
2025-01-31,688063,180.02757525931042,182.84208583514132,179.86569856562,180.3523000862014,3399191,676595700.7595825
2025-02-03,688063,183.9209690768529,186.85450768521042,179.69771476626994,182.13197923920086,1733266,387327775.75058395
2025-02-04,688063,189.0381000970365,192.74473865979826,187.3946505007324,188.12754141346775,7102558,1676532341.1982079
2025-02-05,688063,188.11812140735412,189.0557747508644,182.9110619818557,186.65985477567546,3474774,761367000.1966766
2025-02-06,688063,178.1903086831004,179.32196417215636,175.5265327666479,177.54154665059554,8238974,2073311079.3346276
2025-02-07,688063,178.85927677758173,180.3923021592417,174.38702223142766,178.9857683231924,6887792,1721615747.6187775
2025-02-10,688063,179.71474759196283,180.06421745024923,175.76315058746678,178.0114213197216,4789369,901787467.0032183
2025-02-11,688063,177.32458107231406,177.73874389636924,175.88299150923854,177.17291306928067,7309861,1405924672.8422806
2025-02-12,688063,178.4352375093763,182.93510402712292,177.31396877266516,178.84020769059836,5843038,1386076763.427388
2025-02-13,688063,178.3475568804675,181.06707732529216,175.54132544352578,179.4816960946087,7833908,1563095500.894207
2025-02-14,688063,183.93148671714496,186.67078629014543,182.8840616940996,185.0058834090155,7585627,1947929732.7411506
2025-02-17,688063,183.06541004244113,184.46375285434857,183.30784782329007,183.79377605002287,9278210,2155200360.626076
2025-02-18,688063,182.6330735066501,183.44733781129963,178.0952538737638,182.7532671449057,3857245,863700477.8675486
2025-02-19,688063,183.22542172574205,182.97823538956067,182.79337155420066,182.85360150983493,2414116,451347309.4063419
2025-02-20,688063,179.7042381689257,185.94855328232313,178.68026894754507,180.84732647160743,6267017,1280656982.7881606
2025-02-21,688063,182.170336134793,187.39074107128954,179.74373126129004,182.761544831921,3901751,879165033.7809026
2025-02-24,688063,183.5777398382898,186.68274418294982,180.26908855271213,183.6441131046761,4685133,964790435.4154122
2025-02-25,688063,185.99308740902998,191.05153553574814,184.4128427661735,185.49770699322332,5484057,1523386224.1160326
2025-02-26,688063,184.0099577550861,184.5729726952878,180.14450084869435,183.21415375052376,7723372,1734596172.8176038
2025-02-27,688063,183.6407902123512,187.12281028989867,180.53412516897134,182.45516340621768,1207778,290798342.68832517
2025-02-28,688063,181.7119235221945,184.27906451386772,177.57761676897252,182.05033831307534,5479805,1434224858.1900413
2025-03-03,688063,184.29521633059144,188.0556905880321,182.06986881311357,183.16550782535597,2108798,464029843.7717782
2025-03-04,688063,185.60134359613912,189.1798593556884,185.70057539920714,187.21129180236525,5778209,1257876542.6071115
2025-03-05,688063,193.0695154126498,195.1594489019303,188.23128508767897,192.71955910203295,4332545,1110231594.5429645
2025-03-06,688063,194.93965957486702,197.9294150698796,191.38225872381935,194.04311918005055,1106334,291762972.4944851
2025-03-07,688063,192.40278134324404,198.348664059028,189.9640402250127,193.80747982759442,2510479,620030843.0731534
2025-03-10,688063,193.33120958534917,194.8167321167671,188.78469393416776,193.93079385000124,9184273,2486445651.023344
2025-03-11,688063,189.79386178505885,193.22738278523258,188.3479326359626,190.95675275469415,7579157,1458576684.2130914
2025-03-12,688063,189.9134852639401,195.27572922394873,190.34695369983783,190.697949443286,5189175,1405526736.0784795
2025-03-13,688063,192.8865483996131,198.47640787630365,193.46134015806825,194.1209105931489,9905154,2718450351.003977
2025-03-14,688063,194.61322340769766,195.43234148119862,194.64890895677496,194.7341749693052,4194915,975595026.6624401
2025-03-17,688063,192.53050443120816,193.7991764934933,187.03494097732937,192.17810528632867,1372665,382042136.17905205
2025-03-18,688063,194.60923056851016,195.02197836687634,192.52791478185105,192.95015118369264,3248442,850420153.2746489
2025-03-19,688063,186.7361053402839,191.7230070393414,183.5777735849113,187.6911269897437,4989091,1252974343.750683
2025-03-20,688063,186.7345293984024,190.35065648537807,186.44671724414994,187.71718651973904,9156453,2408684962.4245725
2025-03-21,688063,190.54533077113555,194.87409329599456,188.567107461949,190.61819981395305,8986879,2487331960.6123447
2025-03-24,688063,184.40170944356007,186.22418644252062,180.4747323368943,185.10286133009464,5894818,1105222561.1493928
2025-03-25,688063,185.1345914435782,188.040431822316,184.39461795008776,184.74136134790956,6086398,1663427525.7302303
2025-03-26,688063,179.8185040609974,180.82174063943398,177.0713381558022,178.5655041960752,3159721,566797490.676971
2025-03-27,688063,186.26617372936673,191.22170928376394,184.36946194633686,185.85959739661735,6671099,1475946818.5873823
2025-03-28,688063,180.95775294452855,185.3105907993422,177.49718856735177,181.84071660435222,8425784,2096875421.4216747
2025-03-31,688063,181.15628717988042,181.28323049929782,179.06276899727524,180.4076565757959,7609928,1671783988.42609
2025-04-01,688063,181.957212710914,183.99673391007508,181.41415617796955,181.80667423317604,1628006,334571427.9359546
2025-04-02,688063,178.09749616982347,181.96425339905088,175.64294963617093,178.80103171101857,3043976,618248472.446569
2025-04-03,688063,181.3103278937213,181.67851781364104,178.88238141239995,180.81039983918134,9524166,2309994785.508865
2025-04-04,688063,177.07166605529926,181.0390213544152,172.35101876867105,177.1658396258766,1337277,266025369.40691057
2025-04-07,688063,182.30354144692154,186.112501953619,179.12978903277647,180.90186094635632,2788465,609104002.3787365
2025-04-08,688063,190.8089500923134,194.98149210476046,188.35991808121597,189.3652550927367,3358044,844923908.0361828
2025-04-09,688063,184.88465767840736,191.24649731598842,182.02643191258207,186.2407198585072,4016133,801995897.1107408
2025-04-10,688063,182.32718537538875,183.8363836614936,180.4069760136318,183.53502656955558,7352228,1856680111.4834232
2025-04-11,688063,181.03676137321827,187.78807003578015,180.58249397496812,182.50119785312768,2372109,436470046.8104584
2025-04-14,688063,179.00423605509988,185.15546541392166,177.05354037741748,180.60023126976847,5520007,1429611065.6765327
2025-04-15,688063,180.1342321294548,182.02911791994632,177.70252536393195,181.8877134263048,3265699,873234312.2822537
2025-04-16,688063,185.76156844495964,189.3897313684727,182.53198508060396,185.9664799955891,1828149,379606291.200646
2025-04-17,688063,186.14158689481883,188.58553887451563,181.01770876070466,185.76935868315687,4847244,1312598803.4426553
2025-04-18,688063,184.38013776728874,186.58767699182155,180.38517265261927,183.28671465660636,4625548,1082449975.003825
2025-04-21,688063,179.8063854275856,180.31091840401274,178.5024997269127,180.16886996589076,7481644,1564009874.7743058
2025-04-22,688063,182.40104629379215,183.44828399535618,176.840863182771,181.0306557734346,2911902,786671076.6744059
2025-04-23,688063,184.11748713252436,185.29307254612465,180.76080579642093,184.1731389004797,4286277,1163983404.3408337
2025-04-24,688063,181.83995286023503,184.81260146260527,178.75865946173406,181.3612895130028,7087468,1474124207.7499166
2025-04-25,688063,176.39059218832486,180.48746004372,175.96408323662916,176.7543707178833,1576558,406669631.73468006
2025-04-28,688063,180.43339671653783,182.65130618889592,175.40758012297377,178.92569812209763,7990998,1997239473.883444
2025-04-29,688063,178.01360586471543,181.1088445317726,179.37480973392687,179.59377523539584,2841809,541770325.7627378
2025-04-30,688063,174.7710386186358,181.00602058553173,174.2799815101894,175.8758576016314,6236013,1325175884.3783855
2025-05-01,688063,174.7049759578672,177.88078773988954,172.42379205406243,176.20539931817524,4392776,1094972937.9845853
2025-05-02,688063,174.27129192191126,173.93418594014247,168.60702939033726,173.289872159106,1501381,301556311.5602508
2025-05-05,688063,180.67594276530463,185.22636946064796,178.62323505353095,180.19399834270777,2728077,587066256.3629682
2025-05-06,688063,187.19298041488108,190.93471592416435,185.12574853911917,185.59377041885188,2042817,395962236.2887314
2025-05-07,688063,188.40706305185446,190.68361123079893,185.69900067821402,189.52383644628142,7007282,1539469887.1432679
2025-05-08,688063,189.30697370313203,192.02409308342413,187.31242371423087,190.56879193223506,1775154,485910982.96494216
2025-05-09,688063,183.01530765205288,184.69524889871428,180.65877572444433,183.68551596823548,6130699,1283477346.5062532
2025-05-12,688063,178.59587527334858,181.322801941097,175.93428438741358,180.0374763132547,4302845,1108405014.8785386
2025-05-13,688063,179.67436033872409,178.7878988253203,174.42571302855004,178.58477507563953,2322065,467983140.3727664
2025-05-14,688063,174.9646647838162,178.28726343839787,174.13110862742928,176.22551705312372,8752091,1932592546.8773317
2025-05-15,688063,176.26468153109565,177.18467547983,176.30002103025825,176.60057918704214,5613783,1072549489.496685
2025-05-16,688063,171.99898101083124,173.97400623984137,169.44158568545362,173.72659856978066,4397121,904276944.9868672
2025-05-19,688063,166.77829785078487,169.14676150972255,166.18199500050113,167.6983042541628,9644435,1631245051.827036
2025-05-20,688063,167.37096044758752,170.0760637598748,164.63933795463416,166.60978810067874,2841932,684758245.8811907
2025-05-21,688063,167.38362209870849,172.4834277393522,166.70361772887435,168.2360182321679,1176884,229311884.0659937
2025-05-22,688063,166.9894672132362,173.2924189687455,166.93967450450984,168.62210758414037,2704691,605101191.3505772
2025-05-23,688063,166.5734521352643,165.93570360006987,164.9998759537493,165.41704342429333,9545288,1608697501.5730474
2025-05-26,688063,167.0107619013327,172.22041239039336,162.72364909255182,167.31231039758106,5300789,1274353993.742276
2025-05-27,688063,167.60968482908055,170.75018130538098,164.57200133403322,168.55649849663578,7880002,1390149936.1774218
2025-05-28,688063,169.89520345679986,170.0987379724759,167.3025389225682,169.00760472777392,9015289,1781273637.1923134
2025-05-29,688063,171.54411180311874,173.11530382151236,168.1255247824753,170.5868262493851,9815445,2365358000.77874
2025-05-30,688063,173.9404284679303,174.53333835103325,169.70136976606835,172.2663583896175,8416897,2105181477.7038164
2025-06-02,688063,171.70693934946777,176.27948002848555,172.06144782431167,173.22721281765936,1761364,422309598.48170257
2025-06-03,688063,172.50024539353547,172.18486954284344,171.45257439297387,171.86318365352568,8105255,1438376621.4597514
2025-06-04,688063,176.04101803828172,176.6812640391706,174.09162459239482,174.65448696119557,6729336,1575622813.1395638
2025-06-05,688063,178.9123479553834,183.64718699562175,177.28918810951666,178.77218490219016,8176545,1840960933.2114162
2025-06-06,688063,180.9920724978373,184.29365987375937,178.48475110986362,179.68605316850483,9513597,2130714500.4105814
2025-06-09,688063,181.56244379212737,183.1478998072628,180.1636754210371,181.21572095045073,6516498,1590109168.6367004
2025-06-10,688063,177.38677301032126,182.0964757645886,174.65451904164027,177.5421127365133,5604294,1254398055.9645936
2025-06-11,688063,177.840886034189,179.32453145162242,179.0881094632366,179.3103037263954,7208267,1451569843.9982083
2025-06-12,688063,176.83601922946949,178.04122847604248,171.11412284355535,175.5205321111297,8802398,2064167072.077091
2025-06-13,688063,176.90032106382995,177.215369318743,172.93526995914993,175.87372887991037,5032081,971444814.828494
2025-06-16,688063,170.7654761164636,173.4019368435111,166.85451829622636,171.61776205937406,9040975,2107566333.061048
2025-06-17,688063,170.9282598282923,174.834872371707,168.88824188302405,170.0247176658108,5902503,1379389293.3471525
2025-06-18,688063,171.06330309455348,176.17691989238816,168.52196790689524,171.24208802908578,6786307,1254143144.655455
2025-06-19,688063,176.44363945874844,179.19324393975918,174.62028687877788,176.02340802147197,2812935,647090775.1481177
2025-06-20,688063,180.95129787008392,185.05379765366035,177.8026253823531,180.05784817341137,9311354,2126830726.348171
2025-06-23,688063,181.84657528425848,187.36077979615945,181.60849482621873,183.21590563046075,2588739,680648890.8964164
2025-06-24,688063,186.41740159160722,186.9488701906336,180.9723450805793,185.08360253654095,7681925,1455904998.487527
2025-06-25,688063,184.34300550968408,184.2663048704936,179.73576869284676,183.54457938438816,6186004,1201952380.3524258
2025-06-26,688063,184.17639031437318,190.19100015265315,183.45392643180722,186.03623008766667,5366250,1114047949.3870695
2025-06-27,688063,189.44486585450773,193.52157328687196,188.23157537011406,188.767207897774,9695103,2662832442.291052
2025-06-30,688063,188.80130044966793,192.03420800546243,182.86739431743663,187.34204882101545,6235606,1425313785.3020923
2025-07-01,688063,183.8681087127479,190.7387336302152,182.11057339184583,185.2095758278102,9317395,2001613964.8039806
2025-07-02,688063,185.83683947552404,187.9412332414708,184.7609563926923,187.56204433289352,1336003,310727649.7995942
2025-07-03,688063,186.64745446409714,191.75184338927284,185.75209143403796,187.40665366295323,2777144,531201679.6360441
2025-07-04,688063,182.20851825102557,184.1423336519349,183.65115619408866,184.001415637006,3192356,845050438.9792503
2025-07-07,688063,182.46968831119648,186.4721308206768,176.63991011137256,181.53885558986468,4071950,1059978192.7765844
2025-07-08,688063,183.44525160982627,189.8364787555136,183.2767402464269,185.26783263682356,1171614,284451701.6802492
2025-07-09,688063,181.90455857914554,186.52941844845878,179.24554991325238,181.55000591097607,4574994,1078836041.7036612
2025-07-10,688063,182.83474304358467,182.3315766014294,176.19182391949795,181.49867768347497,6676404,1397114730.7623897
2025-07-11,688063,178.85013526874582,182.10338275998532,176.575735533188,180.59657244233824,5141628,1202128944.7938945
2025-07-14,688063,183.2444654394606,189.57030128301966,180.73866317833176,184.76205126967366,6167233,1632152748.6868372
2025-07-15,688063,180.17579093822164,183.9160526202863,176.78623829891373,180.85256640210775,7538260,1464719393.0356212
2025-07-16,688063,182.8854282154179,186.51168227926541,180.52493732489162,182.62411051196182,4532531,1204241338.9352727
2025-07-17,688063,187.37083417823897,188.70502310123192,184.71245799718864,185.62616987439102,8628065,1834839547.7691956
2025-07-18,688063,184.77369503529388,190.90742961902907,185.7861238024747,186.35268490429843,4575445,1048960998.534121
2025-07-21,688063,190.9695947133879,193.2171705360681,187.33258036188184,189.09714521762808,6036608,1207735291.3347285
2025-07-22,688063,190.57948631745157,192.20196973970832,186.51926881260158,189.5565612340505,1972417,408755987.66608196
2025-07-23,688063,186.57360902070798,189.19394295751783,184.42024477626154,187.33578336279285,8821240,2323023111.484032
2025-07-24,688063,186.5489728685196,187.7068456667472,181.51601791769068,185.61231575040472,4759420,1313050560.7260675
2025-07-25,688063,187.75551848918928,186.50887771045674,184.18794681116069,186.11464716797713,7201653,1489141999.766966
2025-07-28,688063,178.5706146917213,179.97400395271538,175.35932431350375,179.65750964995894,7980615,1589889241.5836122
2025-07-29,688063,185.5151945624522,190.16323423072689,184.20598474464558,185.1200439997889,3543673,819844679.3649824
2025-07-30,688063,185.1687537681025,188.76451150764942,178.51253347469358,183.9525882728841,7294169,1798164473.1877353
2025-07-31,688063,186.994232615535,192.139379994541,183.7777046196885,186.7278951198352,3329460,623359503.6443383
2025-08-01,688063,190.45910603553767,193.66011700180792,184.87599058483391,188.9836178525632,7094262,1595218406.3994982
2025-08-04,688063,186.73437345917304,187.05829368295153,183.79057433853137,185.8022305189916,6806297,1402571490.0350094
2025-08-05,688063,188.33797811988055,192.59465508389582,183.06536966831254,188.2513714542971,9454196,1998542596.1546443
2025-08-06,688063,187.29216001627856,191.17678502254637,180.5100251630938,185.97492969646825,4544093,850952479.008699
2025-08-07,688063,189.2180252135454,192.59436971637436,188.16416237849663,188.72798452893645,6116443,1331706563.751787
2025-08-08,688063,184.2576829475162,185.66674947152964,180.81469237391087,183.4047308968262,8144839,2048727141.3746846
2025-08-11,688063,183.51538119303015,184.7485323713269,182.11619375857757,183.13250867898523,9994043,2226703596.321024
2025-08-12,688063,183.8312871098881,185.68179424564835,182.53463575643542,183.35207541756222,2906698,626277491.7766583
2025-08-13,688063,180.09733410261111,180.33643730269492,176.52450107438642,179.36199121793652,4488576,848155988.8729696
2025-08-14,688063,176.2765975682937,178.4945650144065,172.9335398540109,175.7251260758198,3209737,705609880.2794209
2025-08-15,688063,171.53361293353782,173.51281865935246,171.11822390935524,172.7844299738287,4410331,770854086.2730445
2025-08-18,688063,175.3162151164677,180.02485200015877,171.35873948184272,176.1855761755611,1616854,393559101.9690061
2025-08-19,688063,176.66812230181716,176.07119459104285,171.36986849024038,175.43024473944553,4412903,1005114453.0055957
2025-08-20,688063,173.6327350230682,173.89470170414623,169.99433188583197,172.4692876839055,6562437,1353798007.8528152
2025-08-21,688063,166.11146031422007,171.37754752152145,163.17629529365223,167.02179192551696,5674148,1100174196.9845748
2025-08-22,688063,165.5122583800093,167.6854316285939,164.9530980751848,165.99797441698874,8925046,2053121454.8175502
2025-08-25,688063,169.65933273966792,170.89151979122138,165.20678255718397,169.84792381473602,9431287,2389424710.012521
2025-08-26,688063,169.55059713576705,168.9505893222358,167.53119119228654,168.9188838309028,1068664,243448609.57798028
2025-08-27,688063,165.37833463826746,168.98707416591367,166.07654717041305,166.82585100356937,3542970,731125501.0098509
2025-08-28,688063,171.66482565916337,174.10944473632145,172.0726197508559,173.0284049253035,5745552,1265236911.4193075
2025-08-29,688063,163.74980690690518,166.1212235991841,159.80890406476345,164.16398057546942,9473204,2192622015.5836782
2025-09-01,688063,165.52345222274047,169.04288372324095,162.83596925491005,165.670482882437,5812625,1188390311.4347794
2025-09-02,688063,164.97182321351238,165.33875973717167,160.46889567272314,164.01264738818753,5043594,866819828.8288175
2025-09-03,688063,160.8401466286753,165.38393808078828,161.54304364265198,162.3037883707369,2677706,596862983.8528246
2025-09-04,688063,162.75190799625162,161.77703884063135,160.30013367006197,161.62461194402994,5120231,1235694486.6936116
2025-09-05,688063,161.33199803018422,161.80150302101302,158.30284199321378,160.84385685132457,3492604,704638068.7036493
2025-09-08,688063,162.46631999013027,165.52205487980547,162.03441513119915,162.22822200257872,2821512,655337192.3546479
2025-09-09,688063,165.93437955666298,169.11679632204454,165.3871712803891,165.47088436781715,1672422,351915328.1566348
2025-09-10,688063,169.15005433127484,172.42015905402252,167.1782735444023,169.11877552027843,2504581,488699234.07831204
2025-09-11,688063,171.60880655818664,174.28604907188029,166.68151769175068,170.10787826216816,9850019,2283747460.744349
2025-09-12,688063,174.63086547711686,176.15157600173282,174.72229437013462,175.28838032925833,7147555,1784889060.5620143
2025-09-15,688063,176.26915627235337,180.13727855609093,176.9241965920171,177.19923098562802,3343583,799631355.7096099
2025-09-16,688063,174.09176710161643,180.66471863872349,174.33087552125963,175.81231048786748,7118654,1467354886.2359817
2025-09-17,688063,175.61720840243345,180.64521001975842,175.6740254579744,177.05138124304173,4586463,1168268843.8438299
2025-09-18,688063,179.41005024482786,181.19528309931135,177.55433690271477,179.10678372025228,9737454,2218698843.6327314
2025-09-19,688063,181.20277252181762,187.03365329332786,176.84881296095526,182.05430066569892,7089914,1932303636.2917893
2025-09-22,688063,186.0043651514521,184.952043312147,182.02112758216902,184.81855398857977,9351054,2446182194.212811
2025-09-23,688063,182.77003993153602,187.416498709425,177.9156990452187,182.91006344788272,8459291,1825890223.6493976
2025-09-24,688063,177.2631481242795,181.6981765462272,177.5955988046935,178.28729115809955,2377589,627079380.7478186
2025-09-25,688063,175.73561424638672,177.36385431034432,172.71374547454698,176.88169463163055,6934049,1669125835.9961538
2025-09-26,688063,176.90580386247007,177.4521043501753,176.2854146698319,177.27353142848926,3995817,749178468.3404366
2025-09-29,688063,177.0176549693588,179.5766145493471,171.4886760145733,175.4770167807829,4273325,1039509518.692493
2025-09-30,688063,172.0981359766264,175.1976825504504,170.80994255122027,172.02037245581917,7306667,1681474794.2666066
2025-10-01,688063,169.5614335883336,174.92569921932417,166.52566102456697,170.11165940566215,6373619,1104343682.2977877
2025-10-02,688063,167.83308480200017,171.35055962144304,166.78226959183664,168.0626294214153,6493691,1602415987.0962772
2025-10-03,688063,170.4565152973786,171.332657681319,169.4476143610465,171.2616876498788,3344785,733203100.9750309
2025-10-06,688063,170.0552550430854,172.7877751952461,166.08862475516662,170.17470405451874,5515236,1163090006.2210424
2025-10-07,688063,173.23260822760238,176.09547351756416,168.1773601575819,171.55374994541003,6958736,1258639436.6329465
2025-10-08,688063,175.4948485561329,178.70155114488097,173.671050449552,175.3585424605173,2641845,544734282.4057068
2025-10-09,688063,174.60646248130683,177.75681094520544,169.514173570779,174.04576226556352,5684294,1093400362.4632804
2025-10-10,688063,174.6066980693985,176.46220143931612,168.7651862886382,173.01968704117107,6951285,1613205267.6829896
2025-10-13,688063,169.0348459186339,170.67851641373855,166.76396965370907,169.78544093910187,2805338,661703902.2258025
2025-10-14,688063,170.97791151830415,174.27875706184986,170.66289592940413,172.51127626920305,5189411,1327934229.7067857
2025-10-15,688063,171.8930052113384,172.95718400832695,171.30817198665173,172.63190782166492,2029850,463817603.7731806
2025-10-16,688063,165.78443017397606,167.28707799766548,161.26468521975275,165.40818417317737,3381970,794240895.5767283
2025-10-17,688063,162.2852944424462,167.18370681387267,159.21368131355374,163.30616460792416,1472737,270479143.44644713
2025-10-20,688063,162.45170377431938,162.7230235610808,157.35205734178112,161.1661188378286,5232003,1068828650.3869824
2025-10-21,688063,160.86524174405008,164.76648797947598,158.11025512475226,160.3538598106195,7740728,1558584812.0477235
2025-10-22,688063,159.28305909258236,160.49033133019992,157.01769154929622,159.47116136302031,2341641,384351549.5062391
2025-10-23,688063,156.39323872256017,157.36068407087018,152.1988373748207,155.19062782607074,2142931,391314293.74322635
2025-10-24,688063,152.2161869748889,156.3832667549879,149.72642971048342,153.4407999004887,8353296,1453663795.4144425
2025-10-27,688063,149.45663128971697,150.70734422536884,145.9041467462751,150.09996825747055,9837849,1802016700.4427717
2025-10-28,688063,153.4794002678676,156.21800604193714,149.74727107930167,152.2883510056697,2206727,364958070.47468305
2025-10-29,688063,150.25074176739707,154.40870204867628,148.68625113843694,150.29936020095607,6844004,1145120360.8892648
2025-10-30,688063,151.17203999288375,150.67727879132318,146.03918101607903,150.4407412326057,8139803,1728553053.275772
2025-10-31,688063,153.17038788580024,155.88054273510627,151.22491927096306,153.7463282767558,1457049,260595107.1537658
2025-11-03,688063,155.18136261900398,158.0006335253526,155.45250344406182,156.24285156794045,5990025,1105791835.9965432
2025-11-04,688063,157.95217855700997,161.0231752452423,156.05483950606313,157.36135576003986,4752489,840988710.3129318
2025-11-05,688063,153.02220227483275,155.1407543824807,151.50470593101267,154.35768911377068,2900751,472526543.06279504
2025-11-06,688063,149.29986263346555,149.46030931386292,145.20845871219757,149.01123543785997,2473686,451357169.66444385
2025-11-07,688063,150.4707209260321,153.73003796203807,148.198813618857,151.1497451650216,1257483,201136757.51990098
2025-11-10,688063,155.02745949756175,156.25759957409562,151.47405260495148,153.50425149006733,5500487,910958331.1274849
2025-11-11,688063,151.04168840172562,154.7737288345723,148.0633194318577,151.75925585482062,6921724,1270337325.7466974
2025-11-12,688063,152.70978471887508,156.0197295160118,149.9298064844198,153.92410225410595,7247831,1321625860.6784127
2025-11-13,688063,159.52371512893433,160.37955559321293,156.0636009308133,158.19175877776658,1986260,429098619.5444457
2025-11-14,688063,158.04309127078494,161.16982127182902,154.0462498743985,156.50759118797467,5795351,1105790691.6689887
2025-11-17,688063,156.47434606911364,158.58062168537714,156.1563438290588,157.9047615696116,1492119,293872386.8936802
2025-11-18,688063,160.20759506683686,163.03169654513562,157.09067157460115,158.93148311701503,9183044,1992859576.8900878
2025-11-19,688063,157.8257287276435,163.5361084014677,158.49936384403665,158.79711061587167,1806075,421874289.4470422
2025-11-20,688063,160.15738000226582,164.59875110281152,156.0806679021289,159.8763899431335,4250348,973734941.1046023
2025-11-21,688063,157.33951531723145,162.74755168283428,154.42986916974866,158.28877332962026,1047713,219849122.61495444
2025-11-24,688063,153.80871720641665,154.18848139302074,151.4755055212282,153.40007031846386,4359608,934207565.4233142
2025-11-25,688063,152.23622414082124,155.29057929893827,148.16539695703946,152.19613809148225,9519067,2094621760.0607812
2025-11-26,688063,154.23715190999292,157.12887033850868,149.9563823133475,154.37662743694023,4206680,814974389.2950453
2025-11-27,688063,156.82712623001254,158.42225198151462,154.36454978666083,155.4251168053553,4615112,948182735.5808892
2025-11-28,688063,154.50163560807852,154.71471077826627,151.18132236986838,153.13753077446276,9646892,2014535936.1816812
2025-12-01,688063,158.2925783487955,159.60511343509867,152.61852081275032,156.76580904537244,8483741,1515129668.601668
2025-12-02,688063,156.59263179759708,157.4089514042978,154.26855707226662,156.74705978211614,7355923,1428597513.8048673
2025-12-03,688063,159.8509506913669,162.20455135970312,158.92202556852277,159.99855017995694,7418022,1454896551.7031183
2025-12-04,688063,166.12626974004507,169.83280213067758,161.9813244385971,166.9522224342727,3110181,668525831.5088297
2025-12-05,688063,168.34221443082856,172.73900799563472,167.8847752934421,169.21222229677437,3161553,636988691.1896375
2025-12-08,688063,171.1184846010027,175.23603093330337,167.54666099406452,170.60976990594108,3705350,635384589.5126896
2025-12-09,688063,166.40878349675845,171.9763925724116,166.64752371654052,167.9635670608943,5530446,1303524347.4333243
2025-12-10,688063,172.7865577397274,177.28579445836843,170.9412278496966,172.28460462953126,1416493,329156564.1227248
2025-12-11,688063,170.28980950727868,175.58373606655158,168.374488446628,171.81478447560445,2553720,644949529.489932
2025-12-12,688063,166.68051204643785,169.52527980253288,163.23891741746723,167.64759516123195,7820271,1629102096.1679251
2025-12-15,688063,176.44145791958942,179.8870290327042,172.79983460364352,177.13940753622444,3061647,548207360.0255224
2025-12-16,688063,177.25493214146732,181.78175147055134,176.03604645698766,176.62034030014684,3386698,719949612.3729652
2025-12-17,688063,179.84476446562465,183.23130969336938,174.56422891435437,179.2845737102632,7430543,1693319407.4467256
2025-12-18,688063,182.20705762869704,183.36082852760902,179.0007313541232,180.982010323619,1410271,350757523.19284874
2025-12-19,688063,183.92418167046122,190.1249765441672,180.80208833293455,185.26038888216874,9528414,2253519477.4228473
2025-12-22,688063,184.992663062623,186.67137749537204,180.70570236632312,183.32551685595217,1937967,483891717.8848965
2025-12-23,688063,181.76857917310033,185.45373644708198,178.3126895761011,180.24648062834856,9180523,2328969093.853529
2025-12-24,688063,177.44653824065088,181.90372522111764,173.56493632008113,178.05122149551937,7750801,1989944165.5911837
2025-12-25,688063,177.3234425974275,177.82612460391385,172.4482432557156,176.29479508427042,4672614,1029484134.0845548
2025-12-26,688063,173.3744376140669,178.42339758493907,173.45260851802695,175.08888765999708,9474424,1675906721.7250166
2025-12-29,688063,168.0945386903929,169.2236485326414,166.37434541278876,168.1661299969572,4237467,864934310.1454111
2025-12-30,688063,162.30878935260577,166.01844483946633,161.34546136991037,163.29613127582883,5040661,951942885.5670685
2025-12-31,688063,165.38230311707113,167.30037111909115,163.69204396578886,163.84698003657357,2655949,477591614.6410622
2026-01-01,688063,163.1566678315001,165.02747581740414,162.0761860424867,162.63917145884758,5271605,889328661.3595065
2026-01-02,688063,164.6888026194314,164.91984531557273,159.91196943270276,164.7684441478476,1545949,357150044.99401265
2026-01-05,688063,167.20389690814875,171.8692951266751,166.36282085580174,168.52931044021443,7431008,1760958016.2357578
2026-01-06,688063,166.6599717164255,169.7173112476538,166.23956690591166,167.93318093168787,2418274,463547248.79234123
2026-01-07,688063,170.52781008337834,170.71337005144463,169.535864310242,170.0592283172322,5681511,1087045712.7930365
2026-01-08,688063,173.1212611229126,177.84330155743461,171.18433775416943,173.10470542076044,5227321,1345565876.3143353
2026-01-09,688063,182.2984094510187,183.85519646083785,175.99990812029043,180.89822621476367,5939203,1095667535.298762
2026-01-12,688063,186.43663101395674,190.0547630333327,182.31145293620844,187.00749109323874,3960401,1038703535.943258
2026-01-13,688063,185.02277826716485,187.17142707911628,179.349980563351,184.64468144207603,7235500,1459967418.822369
2026-01-14,688063,187.0402935421663,186.7336351792334,181.78963936166207,186.47463105023834,8099133,1518377863.8945367
2026-01-15,688063,184.77733441598124,188.03933332099334,179.29437674454982,184.5841160837645,9841430,1910253720.5635307
2026-01-16,688063,179.7860850760209,183.8174720654656,175.69507769051276,179.2807389778654,1345705,246909479.0445172
2026-01-19,688063,173.64973248913,176.83265778130334,171.15647065352616,173.94558977531966,7063668,1359704551.27802
2026-01-20,688063,168.46957055631995,171.78022914837752,165.11681449428923,168.049647055087,1058838,238555263.00530663
2026-01-21,688063,164.62318906141903,166.74729407373695,159.72782277227535,163.88174829032002,2780807,652871238.5991954
2026-01-22,688063,170.77363034576527,171.90238473611137,167.4173488515362,170.06653436209862,4078140,866522091.2785697
2026-01-23,688063,167.24129064424056,165.8821956956685,162.7471479979314,165.82103762013196,6295597,1138434540.3023796
2026-01-26,688063,166.58494146675775,169.65130165506272,164.4993296201221,165.13792050370458,6285938,1179614345.1577172
2026-01-27,688063,170.04114885416516,173.87351520268996,165.0660124069905,170.07235227270488,9054454,2182718956.453397
2026-01-28,688063,167.59124096891196,169.32070835688316,164.0777342967702,166.99072545769022,1819287,346346461.9299263
2026-01-29,688063,165.888543947204,170.1232266952574,163.23029716372994,167.43856714375582,3698744,636606834.7482969
2026-01-30,688063,165.27610978690387,170.11253759918046,162.966438730372,165.81307885716083,2354226,579804745.0768496
2026-02-02,688063,163.49037443566442,164.5666188357425,163.46262895013425,163.6317184642889,8230726,1828043152.2701778
2026-02-03,688063,165.63622380992814,168.3817857872372,161.52109271998344,164.0345719369725,8867265,1767675764.7660682
2026-02-04,688063,168.27553768959885,168.82933314370345,164.99977688582973,167.69644734646465,7227136,1513992947.677209
2026-02-05,688063,166.21748590157364,167.56991123420337,166.421404392484,166.7971252239669,4694363,927281463.0052583
2026-02-06,688063,165.8949049891652,166.61547063625056,162.88515157955527,165.76145507130093,6520997,1330630462.1328163
2026-02-09,688063,167.2801494528342,170.31672690296205,164.84982250878835,165.88891753428393,1646278,383791117.1580829
2026-02-10,688063,167.86494178764497,170.637300645847,166.51538220656477,168.51386014672283,4202884,750209180.862906
2026-02-11,688063,167.90831284548543,171.77286641483195,166.2885164091339,169.31553678775938,2235918,512895493.177516
2026-02-12,688063,169.5370812119978,175.3337074213472,168.57427671798294,170.53865283057135,3484608,807405930.2186117
2026-02-13,688063,168.79499665227308,174.07501243441558,168.72876579478267,169.24938995872532,9198556,1582120137.4049447
2026-02-16,688063,166.2573687064489,166.58801021648273,163.1086882808972,166.18924779341998,9566086,1954763843.5403888
2026-02-17,688063,165.54519918796962,169.2083326115845,161.64767102021972,166.5025332289029,1876940,434495813.57168096
2026-02-18,688063,160.0781209555187,166.26610951162007,160.44760201034578,161.6641653694769,3962170,805448673.4598398
2026-02-19,688063,162.15252492500534,162.9273393549925,160.0941794430847,161.67035593493088,9331717,1684662124.3245935
2026-02-20,688063,159.9707099210992,164.6690492706266,158.65733757824503,160.53633728584472,9793428,1722307777.7282052
2026-02-23,688063,158.96395309191348,159.92308897375355,158.08393100940887,158.35425986702342,9202177,1805536982.183255
2026-02-24,688063,168.19979007797969,170.71520878113424,163.0201763115744,166.89361867033273,1753886,302022218.4316846
2026-02-25,688063,161.81761767877438,164.4163420680527,158.0210112382304,161.76966019941182,8413898,1590124010.9138608
2026-02-26,688063,158.64856371843393,158.50654185611387,154.44308602715515,157.10679014400688,8014220,1479676926.9491324
2026-02-27,688063,159.25649730100608,161.5217963446564,157.23765718450528,158.5133742871359,6029730,970922947.1210706
2026-03-02,688063,156.1399313014944,160.51165144900247,154.49058889910285,156.17736968394792,2922931,516276048.38207436
2026-03-03,688063,156.93657443366158,158.24745381067208,155.56735269515403,156.28009369293335,3535586,632179577.3544624
2026-03-04,688063,156.57609368136477,156.31163331997396,154.88940807556412,155.33816794568747,2115520,329515861.03511214
2026-03-05,688063,153.36087054777613,157.37139378846794,151.5063648139907,154.117298530063,2936690,545824065.664145
2026-03-06,688063,154.71149548605342,154.61832939563104,151.58052987828088,153.32656356340576,5250777,1104136212.5137858
2026-03-09,688063,152.15280826444118,157.46476114352137,152.02347464145728,153.60853552234673,3665109,820239007.1483877
2026-03-10,688063,155.75044088889322,156.90038280938367,152.60945970825406,155.03486313745816,5485656,978173879.0012194
2026-03-11,688063,155.65733714339493,156.97273166098896,151.1758974141501,154.26335635086704,6704195,1213751528.2672896
2026-03-12,688063,153.66341952462335,158.20214110658853,151.44338851569987,154.1467544579155,5673572,1146431182.3731089
2026-03-13,688063,152.7756861129446,155.2415442854522,150.48387957496936,153.28741167253455,1107843,247944254.3073932
2026-03-16,688063,153.42144508614456,155.60902441909127,149.95923876394787,153.46828324165793,1736800,370841565.05785614
2026-03-17,688063,148.1072652495191,150.29133609051036,149.17977114088822,149.41286522788147,3557015,643538301.6460485
2026-03-18,688063,147.94498556169992,149.55948691866237,146.96637754260428,147.5705109143657,8341547,1469179960.7590203
2026-03-19,688063,151.21014647185618,154.66282871440237,149.39110526561143,150.26015643729525,7559501,1616125581.253471
2026-03-20,688063,154.61058015965983,155.4118133989356,151.43553963192699,153.46372590621075,7971444,1496384295.3807797
2026-03-23,688063,153.24427850729805,155.90705010047034,154.3734580382609,154.73881256055031,4713741,736001542.904356
2026-03-24,688063,155.72930840360794,156.7191420793225,153.80660768368853,154.4601782653309,8018597,1305452937.9636142
2026-03-25,688063,154.35866044622446,155.38768559719125,151.30021694652356,154.81920479817393,3715503,781196260.7061307
2026-03-26,688063,155.8264679570455,157.33413768092984,154.10639733889616,155.7126563714886,7707478,1780713563.4750824
2026-03-27,688063,158.2573443611826,160.67260783129674,154.12304046928529,157.9099550654617,7598560,1382758643.092554
2026-03-30,688063,161.32557668698425,165.8460353471277,157.27850400567047,162.02146759024646,5737358,971177662.7928498
2026-03-31,688063,159.13417315782587,160.98689823880707,154.01196723338361,157.97354136622926,1594993,305946949.67945796
2026-04-01,688063,159.7934459088076,162.37187844259932,159.64054762439497,160.75273648462064,3476106,801967374.6665826
2026-04-02,688063,164.65732344924342,167.99857071074547,163.14777828066408,164.65514246704245,6137852,1413089473.8992019
2026-04-03,688063,164.3416405802773,167.64795301599557,162.04732858460787,164.39603816373483,6863252,1499568079.6975992
2026-04-06,688063,156.90191809181383,158.83778100043105,154.00385491927938,158.47611620954345,1297035,288128640.9215875
2026-04-07,688063,155.91286402020563,159.6982678988357,153.52804007885229,157.29585704730502,4574411,976772748.6428788
2026-04-08,688063,153.66726831710156,156.19140605045285,151.19433061390433,153.0240587915878,1022856,228661191.7285417
2026-04-09,688063,155.2521252198964,159.5830342438052,151.40619050443198,155.49471288038066,9644343,1725538543.1232946
2026-04-10,688063,156.134209564694,160.71617731362852,151.5686490431092,156.1593626950619,2655724,513874260.41111606
2026-04-13,688063,158.55152412776414,157.808921877215,154.86228210927356,157.577873167177,1087566,199273573.42189
2026-04-14,688063,158.6877828211599,158.6460181069303,153.12226786772092,157.12914832600356,2794973,551378612.505469
2026-04-15,688063,160.36504766021102,163.68611072542706,158.66617437316626,159.94953922174247,2559578,579092561.3477596
2026-04-16,688063,159.21615352498983,162.85480448190143,157.11430557395795,160.00717109632265,2355347,531747412.991641
2026-04-17,688063,156.23400365475155,159.13070951088866,155.94674772287055,156.2422512431509,5887368,1208866134.2911508
2026-04-20,688063,153.61499342064153,157.24798058538593,154.3019077935396,154.5877899632903,5960902,1267344444.6313608
2026-04-21,688063,152.89164350241984,153.14471919599598,149.65789521813534,152.53663226881451,3394001,768073175.5152282
2026-04-22,688063,147.02707942655945,149.85868933951608,145.78048838256922,146.74192397787263,3885071,611432881.0106057
2026-04-23,688063,150.3379651898285,154.4237454088568,148.97160160295434,151.39336591740144,3124046,673312324.2571579
2026-04-24,688063,156.2923633867107,158.00036697338942,151.37003889948193,155.24134446428167,6861134,1138843426.0564187
2026-04-27,688063,151.03204805026212,154.2125939159872,147.53841954488993,151.47390292895435,9365366,1924321913.4412374
2026-04-28,688063,151.12567076656407,152.52134598404857,146.048451493477,149.97236942633154,2543940,404245952.1402809
2026-04-29,688063,152.16179465460812,156.9228243602131,149.0435089142042,152.8037876771548,4743786,893452489.221818
2026-04-30,688063,152.63573565370785,153.43569490262496,148.1960837825612,151.35759030803555,1455335,278754004.3861817
