date,code,open,high,low,close,volume,amount
2015-01-01,688056,15.338642913123843,15.428876478145103,14.975735142405558,15.366033229233736,1064838,24057584.4068185
2015-01-02,688056,15.239920196808267,15.65886806791995,15.224669066738358,15.34033112336009,9205693,171200893.17182744
2015-01-05,688056,15.371694159384344,15.50337277758598,15.053341938422841,15.30912174869179,3266298,59952647.20254781
2015-01-06,688056,15.259620654423042,15.349177958636027,14.953320935762157,15.256096730124025,2986683,58156066.0667273
2015-01-07,688056,15.221844650065606,15.419950393976887,14.972301428278962,15.100992491189135,3508507,53408923.979313366
2015-01-08,688056,15.122120506441595,15.394595466333968,14.951970889807697,15.14463605697389,7233271,146779105.41457102
2015-01-09,688056,15.204643255730016,15.210652058092045,15.054406845155707,15.07652096637457,4143700,70730146.17418805
2015-01-12,688056,15.298028581129008,15.505816956979134,15.00245321075553,15.200709293101646,5689674,116614632.01543431
2015-01-13,688056,15.126078073357926,15.426057601040052,15.091851957855956,15.170470413365354,6065808,118064583.47871593
2015-01-14,688056,15.274272541193518,15.19715232605906,14.836857255175923,15.14107538405295,2512415,53636310.143875144
2015-01-15,688056,15.039467470678746,15.19496387007495,14.769297598243813,14.959131163073009,3950020,62778528.64155433
2015-01-16,688056,15.012895537586083,15.002484849994886,14.795295233812165,14.920453786943513,5835125,95991270.3984801
2015-01-19,688056,14.99565787661177,15.217438818561318,14.859376755150747,15.048509422167376,8934686,140945516.2892522
2015-01-20,688056,15.024002015172867,15.243089515263627,14.672165100281454,14.938596586787316,6853965,103863726.66371444
2015-01-21,688056,14.981754125575437,15.242089128906894,14.784018805967506,14.997538164031912,3205055,71492328.63819203
2015-01-22,688056,14.918855282648478,15.099603701228213,14.93435249610524,15.01140165937199,6550935,135750942.8978138
2015-01-23,688056,15.023511944324524,15.406216054791857,14.56300332299611,15.002989463750794,5080485,84073706.17633867
2015-01-26,688056,14.966200711885193,15.13190708380425,14.56240737913204,14.936173241479194,6521290,141381180.49955028
2015-01-27,688056,14.960850263783147,15.201467161467615,14.758900717815498,14.876084331773539,2226086,39386556.720485404
2015-01-28,688056,14.92049578749527,15.119859852751828,14.67727998501671,15.00953245542753,2046125,44964384.72886903
2015-01-29,688056,14.966761780378318,15.080698483759114,14.828489612571571,14.945617716858166,2482584,39988757.51814982
2015-01-30,688056,14.786770183815621,15.35438563330918,14.559718113049913,14.922753524172547,6821420,136379344.07581463
2015-02-02,688056,15.095540331824736,15.312557028689255,14.670729205630236,14.997241715025314,4430752,98934619.96645169
2015-02-03,688056,14.94583166628174,15.126490435042507,14.939392351838839,15.025208938664203,3129890,66611116.3322429
2015-02-04,688056,15.186790056385783,15.422482081124516,14.810779911821417,15.120929229981645,4690220,94136248.11510675
2015-02-05,688056,15.212121157089356,15.351350599176534,14.923506472703522,15.063087244356897,4617649,93435331.51829405
2015-02-06,688056,15.143651689179313,15.070177988527726,14.798557755476697,15.022240784867343,4764175,103047190.85782614
2015-02-09,688056,15.039537353257488,15.316404256720128,14.847075796897974,15.100242641868848,6244060,115129183.66626371
2015-02-10,688056,15.225431091072945,15.28979987641163,15.036088954823034,15.157811766375634,6663280,144688529.72010103
2015-02-11,688056,15.299862907027657,15.646029060062995,14.934444286429548,15.282909121291205,7354906,119964285.57890245
2015-02-12,688056,15.1388486321153,15.359315622243523,15.104296388020675,15.236000752109948,5880756,115666105.47076769
2015-02-13,688056,15.321320322323984,15.390182654075714,14.926594270331417,15.246826747984624,8215013,151227391.2365278
2015-02-16,688056,15.199310443832704,15.440255228280511,14.807420403270964,15.170065747038397,7105705,127557324.60111447
2015-02-17,688056,15.169246185779627,15.323206130758946,14.94808828121361,15.210521229114704,1774965,34640081.42458883
2015-02-18,688056,15.366216532399667,15.432170193827863,15.14703208415457,15.38484521325028,7536403,152259803.0512488
2015-02-19,688056,15.23885477271042,15.291420540243386,14.890648162820346,15.175815935767133,7514333,152701970.74444473
2015-02-20,688056,15.138503495929138,15.579926691929792,14.800026356263109,15.245838504856543,6925338,143715391.45425984
2015-02-23,688056,15.135419606982355,15.466964537199761,14.921730603188854,15.15517646435049,9527266,200740790.58518645
2015-02-24,688056,15.288141861863789,15.68756031387187,15.029992991382093,15.235527389506988,8119918,158892823.29466957
2015-02-25,688056,15.348457425510526,15.686084145265669,14.889391793235019,15.229288661568226,5112428,110632203.45640467
2015-02-26,688056,15.062338240853794,15.533535957426585,14.913644894985158,15.18204428871775,5430529,99832227.47811384
2015-02-27,688056,15.100994341741755,15.36015594207391,15.08178910496241,15.177719230823053,8930002,182733749.84253764
2015-03-02,688056,15.333633094330402,15.439846823913882,15.089937208963338,15.221917703432162,9032255,204914149.62035647
2015-03-03,688056,15.379487766213343,15.70241197772047,14.91682732815021,15.322990141922546,1875981,29325868.481447905
2015-03-04,688056,15.37472807188379,15.669794211165451,15.016977681583676,15.319625956763694,1305765,25439853.65291787
2015-03-05,688056,15.490472597071175,15.687351563022155,15.096307402554933,15.340245052323084,2254789,46149802.279608525
2015-03-06,688056,15.30959217777162,15.602833315954564,15.120837621074706,15.307477607896345,7301040,117324344.40307984
2015-03-09,688056,15.36051653654601,15.478625188701006,15.18213388033094,15.36963704285077,2329543,47270979.00554508
2015-03-10,688056,15.435946320633706,15.3925311018527,15.085090422669548,15.31431853010983,7642859,131735014.30728893
2015-03-11,688056,15.094792083910823,15.61751535398967,15.132491131652673,15.204302071907183,9088504,151808330.9078921
2015-03-12,688056,15.362118973790274,15.708667019160952,15.3084653155416,15.360637441794747,9148463,144325476.04973763
2015-03-13,688056,15.36872609304341,15.680649044308108,15.330906812980722,15.335769785565667,3701767,71568250.22490405
2015-03-16,688056,15.39889290550353,15.548561518255905,14.931600040086243,15.292491888531195,7905993,139850971.2375995
2015-03-17,688056,15.33560179215422,15.347861716777626,15.22625127313244,15.307033184420227,3498773,64819010.3981482
2015-03-18,688056,15.160857446691338,15.454579540846408,14.942137919888332,15.273944685020755,8388816,177926847.35299414
2015-03-19,688056,15.180747102610857,15.525489710692648,14.716072321587037,15.158835028010042,7253700,132022502.70395496
2015-03-20,688056,15.032295814271428,15.372869907513424,14.846489550979383,15.138688140211547,7848493,149176308.93642882
2015-03-23,688056,15.189457406244992,15.51743931674421,14.903121255571984,15.234681396646819,1957635,34749124.94297458
2015-03-24,688056,15.187662350237542,15.177469523797052,15.076788919349257,15.157463968501258,6487231,141265534.3769724
2015-03-25,688056,15.246420819267883,15.337653060123504,15.066869027007915,15.23855020306054,9544645,177035253.30605558
2015-03-26,688056,15.230312428030938,15.364195599594934,15.223859060724717,15.257431687851168,7824362,129706660.41417466
2015-03-27,688056,15.153001700824259,15.199291218690282,14.884894201611797,15.19152112536735,1832282,38414249.36979104
2015-03-30,688056,15.372209547949815,15.706657091964903,14.914582295641463,15.289583654969759,5959014,109785904.86722594
2015-03-31,688056,15.520053110758475,15.640368998830144,15.012988049687932,15.439700766209974,4112813,84843499.16441058
2015-04-01,688056,15.416347634079587,15.498444088030098,15.136675582293433,15.494083999970783,6956893,152390114.54321948
2015-04-02,688056,15.504377360129931,15.565613853737412,15.06930224263415,15.377470821591167,3041267,54357895.66300659
2015-04-03,688056,15.375430707456054,15.748112631224387,15.102846373664038,15.428165424904599,7114575,160840622.5357169
2015-04-06,688056,15.288835189470182,15.647412790280015,15.217339606968887,15.274678167530261,2715583,52607175.71468302
2015-04-07,688056,15.428545510668418,15.641228666745029,15.287004590037926,15.408300314027162,5467555,124820784.01543154
2015-04-08,688056,15.479549958955198,15.840912705578512,15.305068740880776,15.549911037706888,1396218,31704418.46848278
2015-04-09,688056,15.658444883419987,15.91670771242111,15.595302032458365,15.661692340159313,5272052,83453946.00420694
2015-04-10,688056,15.649182214613388,15.790861349098837,15.51462851811309,15.762796207461083,2888099,61226950.491650224
2015-04-13,688056,15.924322714130044,16.294873850261613,15.564573342242209,15.93308560770538,4270210,100752548.37034972
2015-04-14,688056,15.87243283895655,16.082633225270968,15.449308984410154,15.805770402335394,4476644,93694065.96090686
2015-04-15,688056,15.912584073543801,16.352919391785477,15.746296503230996,15.977650753870865,7370121,167321396.70153147
2015-04-16,688056,16.20700083505893,16.460881945595222,15.824772385393056,16.065829467774524,1543150,25274003.711914208
2015-04-17,688056,16.218715685163488,16.39032779451027,16.007905305357706,16.09619052143271,3759648,76946676.22427832
2015-04-20,688056,16.022430479801113,16.469433202271663,15.840488391364541,15.999024224934487,3636655,76256249.77513008
2015-04-21,688056,15.849907907097974,16.137119681949937,15.928344322533917,15.962584797644627,7707984,175582265.37387663
2015-04-22,688056,15.98988526831927,16.352451950936615,15.58214666914855,15.911956493470768,5282456,98775568.34208748
2015-04-23,688056,15.951555463693195,15.98450269480557,15.824979520069334,15.873695373237034,2085207,44725215.96146128
2015-04-24,688056,15.744356458301425,16.00249500088802,15.806754368554053,15.835951542723954,3873635,64849938.070095025
2015-04-27,688056,16.172144695386702,16.3019491503743,16.007704838756485,16.03103611146359,4474573,77836712.55919535
2015-04-28,688056,16.142977640314466,16.510636545841976,15.907628550318371,16.0513871807173,2036528,40110939.36966325
2015-04-29,688056,16.003165047157903,16.135839561254254,15.973862742035598,16.067200002153914,4141555,98448796.58747515
2015-04-30,688056,16.126189557163045,16.078148036286247,15.858961002180388,15.981819226101234,7574275,178976343.165623
2015-05-01,688056,15.940985182378318,16.064976765143438,15.703920939604432,16.05752252296808,4815329,103061629.63760425
2015-05-04,688056,16.097941343117487,16.06794355260728,15.74509314882148,16.025603107815463,9314709,170406150.86345372
2015-05-05,688056,15.916630782322136,16.027714626566148,15.811132552619046,15.980261258250497,9154948,216772357.41522437
2015-05-06,688056,15.90531239158455,15.951156435312335,15.843385901141328,15.894843573590627,3599054,59343078.56696513
2015-05-07,688056,15.912057877007683,16.17003405906478,15.314892902289223,15.760738921166368,1782794,40240629.9560883
2015-05-08,688056,15.86166389448656,15.811255385766698,15.72376285469809,15.728728535611591,2298667,41470648.79744567
2015-05-11,688056,15.693898673159449,16.05870627928066,15.38207227935386,15.710374547290478,2886817,56878904.549297035
2015-05-12,688056,15.795217684561278,15.814813209877252,15.403892149814016,15.812053609723346,6198088,118731827.1052549
2015-05-13,688056,16.160419607347073,16.39111875292196,15.586741317597157,16.0262501287759,6455458,150345575.59257376
2015-05-14,688056,16.26338570447611,16.48520586972033,16.027233559519964,16.168936081537257,7107997,139403592.01100984
2015-05-15,688056,16.162520311489086,16.481897667696405,15.868479913008464,16.199731563076735,4700830,110886021.2016718
2015-05-18,688056,16.25184277166676,16.38352072770355,16.303298908076403,16.31370096089538,2944817,59861466.50712471
2015-05-19,688056,16.476929774980682,16.413774510447265,15.943665397861368,16.392988147791886,1436075,28208854.800532736
2015-05-20,688056,16.36084668385105,16.622282562339315,16.05988690086837,16.329883661854588,7982894,191069261.83044785
2015-05-21,688056,16.29894596662411,16.27842704728355,15.894140580926784,16.17977422286807,9256523,150144072.68335715
2015-05-22,688056,16.125897410406747,16.284893000467665,16.039634570434043,16.193698273773343,4767659,114013198.06417648
2015-05-25,688056,15.921260069469966,16.376924426334742,15.572350950731018,16.030485238157993,7686540,136827007.1764043
2015-05-26,688056,16.097811348878523,16.15681959038142,15.922316675641799,16.000911606871966,4678987,99791425.58698662
2015-05-27,688056,15.885203901172384,15.954804294383743,15.301567926298778,15.746305897550432,2896583,50090886.74746633
2015-05-28,688056,15.67390057755502,15.892828858555601,15.561488278833917,15.749731563894443,8025320,172414068.71946868
2015-05-29,688056,15.806883795742172,15.765893496339348,15.699733659444673,15.70235597043839,1375436,24561396.781773686
2015-06-01,688056,15.794879941756184,16.087337466458898,15.657867313536562,15.761653007700009,7061630,133953105.88160957
2015-06-02,688056,15.817049190264513,16.04143031459851,15.406472978550003,15.735311940761381,3288193,68763696.34572555
2015-06-03,688056,15.644508095274126,15.955483225426228,15.255153453522604,15.579185320071346,8886335,171306624.88556477
2015-06-04,688056,15.71901434402261,15.874321479915992,15.28087265703889,15.575793647885707,8561120,164040834.3107963
2015-06-05,688056,15.755636156132276,15.99520778340363,15.373758881046443,15.673504760330285,6972170,124775266.65122467
2015-06-08,688056,15.589070960348177,15.834428188484615,15.247441666872607,15.574294531029807,5240974,82336118.09413566
2015-06-09,688056,15.667394913320162,15.86690591468133,15.441396588187427,15.620547627620937,8015728,150605849.5415205
2015-06-10,688056,15.492590379279454,15.899130949909381,15.425087242175481,15.511728957961758,6551122,135107272.18764266
2015-06-11,688056,15.60312877377917,15.762205065698172,15.1743620289415,15.552230605497645,7768614,152234947.02255931
2015-06-12,688056,15.560728264535653,16.0579795667001,15.665832587900738,15.669585362315459,1492013,23900491.38981616
2015-06-15,688056,15.713705084541314,15.874938620188598,15.535606283282332,15.672725439228362,2988430,48604088.54915415
2015-06-16,688056,15.831474235039767,15.901787881781019,15.283814425898026,15.710904313960716,9100301,143033117.14366075
2015-06-17,688056,15.643366476550879,15.612068968666168,15.490477636429015,15.534926163767986,8597745,166643631.4350323
2015-06-18,688056,15.496386642297422,15.620651639890019,15.393419164955306,15.510729578614223,6566592,151280203.82026437
2015-06-19,688056,15.700874706308364,16.050585443013272,15.387051149695969,15.659972032971922,8498806,133343407.79455984
2015-06-22,688056,15.690406591658245,16.072216211469044,15.683908871481142,15.759742684747778,9616438,172541692.43998548
2015-06-23,688056,15.638498168549429,15.9330138907622,15.638058981645814,15.71852145413034,5050875,93547421.8112757
2015-06-24,688056,15.904855116128402,16.084473790786962,15.672862653710803,15.850351420317871,7400695,132258476.64719523
2015-06-25,688056,15.658570286271273,15.827769599637591,15.37448858011644,15.806052811659704,8352622,132761191.89999378
2015-06-26,688056,15.848711258901485,15.991862963467247,15.784194349643894,15.86506552190944,6918741,157354295.91482404
2015-06-29,688056,15.889325880313613,16.466624274354952,15.935204682142558,16.017785012387716,5744546,122678564.89689912
2015-06-30,688056,16.11657606563475,16.23482046490373,15.982094615626817,16.005005441815726,7084553,145075937.69905183
2015-07-01,688056,15.895716901845132,15.96598083982181,15.550199899018027,15.960851100527604,8228722,137158073.72782725
2015-07-02,688056,16.119434203600477,16.62776971286312,16.11676834234861,16.158100423305463,9048004,180347513.70630756
2015-07-03,688056,16.122830960174152,16.62932106021839,15.941666055417873,16.209487408168524,8092240,175561976.42277572
2015-07-06,688056,15.972768100772333,16.107755511689458,15.85926688089074,16.093544934603255,2368551,50355659.97068748
2015-07-07,688056,15.64141142464899,15.94917927974814,15.64077440722627,15.660499540036897,7611275,154692905.28096408
2015-07-08,688056,15.731768762560712,16.022979997927138,15.335582931316889,15.643569949136987,7707204,142068834.30777013
2015-07-09,688056,15.89258600304791,16.115925547653937,15.547979718245806,15.757990733892084,9543814,214643671.09302038
2015-07-10,688056,15.711642620857829,15.926120171851958,15.381866201195654,15.826556326850252,6289144,128688528.5799346
2015-07-13,688056,16.0412296594368,16.23726651215375,15.997643236124967,16.03910187103722,9373945,202063842.21837184
2015-07-14,688056,16.133119451226744,16.282256030186367,15.89092049224326,16.21093600146796,7735887,139543698.1706557
2015-07-15,688056,16.219386128324977,16.32288617950216,16.06138950244202,16.227550339612947,5080832,87171615.15944555
2015-07-16,688056,16.141525371687568,16.48555147361156,15.929384471496002,16.23122213491611,9516246,181922014.5320172
2015-07-17,688056,16.125126065922874,16.51322170643731,15.706976715364261,16.179650933092738,7299714,168369990.09956282
2015-07-20,688056,16.163377649937576,16.265868939234306,16.09445612601973,16.21432719531973,5308401,107547322.65969054
2015-07-21,688056,16.554588239231894,16.780703780594788,16.334207194873404,16.63577519523033,9042147,179360074.37624058
2015-07-22,688056,16.911653875954624,17.33498094570573,16.436657926099855,16.891745679211795,7235872,140183181.28216183
2015-07-23,688056,16.964537897648786,17.099849044387515,16.770036595328218,16.965702979482764,4476179,101455286.5428702
2015-07-24,688056,17.14683881710256,17.448844395657908,16.932117459135746,17.068084160968898,2871087,71627049.83704029
2015-07-27,688056,17.07743001679852,17.494076582625055,16.89154373644139,17.17230661158978,9855154,214992555.16082558
2015-07-28,688056,17.11770517335203,17.185430347737526,16.700781723248305,17.11836603857864,5624257,101559523.51962787
2015-07-29,688056,17.41784611340391,17.811414304592557,17.232839972041994,17.354928210466056,2002530,50971162.67305806
2015-07-30,688056,17.59664328869718,17.83670888162572,17.053036011342172,17.447607005432282,5781272,146626856.3719535
2015-07-31,688056,17.450827018562396,17.511891388684386,17.085117934915665,17.41301695728079,8543434,207636152.88678098
2015-08-03,688056,17.31469907498074,17.68715469157965,17.26551420954922,17.309046383002567,8140535,161428576.93401635
2015-08-04,688056,17.11006085169821,17.436826352339267,16.8638811185517,17.017057019616495,6312043,110979684.23125105
2015-08-05,688056,17.115236443117524,17.269182805285944,17.13302391778723,17.173423360072263,1606536,35104045.04941551
2015-08-06,688056,16.721558584996004,16.79928160304371,16.62723678680077,16.745517095147548,5815025,108537410.60788696
2015-08-07,688056,17.232403828422854,17.369918372118782,16.91822743525423,17.212589688692745,2580843,44809588.10037962
2015-08-10,688056,17.033609448662016,17.248197538796102,17.05363516811674,17.06773396035563,9199842,172414512.05697075
2015-08-11,688056,17.42817537854589,17.742893225683666,17.30330381910424,17.375751751960273,9354904,229672380.88024288
2015-08-12,688056,17.372528489875457,17.451870872223903,17.281157405761096,17.436148534025943,7697832,140410022.7957505
2015-08-13,688056,17.639495039491436,18.053230151917806,17.177554118869455,17.531867163634722,6476453,134595188.95216823
2015-08-14,688056,17.715733115946204,17.640423899171413,17.25865047979461,17.621176315382073,2692972,55817885.79193464
2015-08-17,688056,17.67625553005159,17.657905824940016,17.244978994791296,17.60108071079601,2134846,53331718.69751129
2015-08-18,688056,17.6831476408421,17.91776943392659,17.561028877896202,17.76344435097052,2630533,56669502.73733786
2015-08-19,688056,17.7914856427764,18.062292827438537,17.489837197577856,17.897819262512282,7908473,207862445.9389171
2015-08-20,688056,17.6093006879326,17.837570698053177,17.09273954543552,17.580116442830455,3670835,83390624.5143068
2015-08-21,688056,17.698935884349517,18.05093372008795,17.26876010542891,17.555539786298052,5635253,142271401.66854835
2015-08-24,688056,17.384888678067313,17.8577734942454,17.449235706618303,17.533535064513686,3455379,89695477.27231602
2015-08-25,688056,17.487191422464036,17.736355379512474,17.4088498425633,17.585351990175592,8926629,182139204.59356233
2015-08-26,688056,17.697437749787095,18.07913676215781,17.605243188010864,17.695019629475443,7497341,136633151.48242953
2015-08-27,688056,17.56183988508602,17.943906468878517,17.382608180048372,17.704299584223563,9254524,194447222.78643277
2015-08-28,688056,17.8650159662735,18.362250323677262,17.71872480706997,17.846990745508826,7204408,130698485.27854978
2015-08-31,688056,18.073760459154876,18.337440637026223,17.814103037142868,17.97852631989805,2851086,55597457.70448421
2015-09-01,688056,18.115283393627642,18.52934169614634,17.793265433547,18.04868357448469,8011825,194950948.82074594
2015-09-02,688056,18.36452522497263,18.614226715987105,18.256117720560525,18.401682002291416,3821852,83673963.90956533
2015-09-03,688056,18.351847035885815,18.93021567801741,18.407892804118,18.485189057297674,4598177,120499699.74921352
2015-09-04,688056,18.36332766257534,18.89268030949749,18.165680430795607,18.369536024753053,2922098,54306510.9816764
2015-09-07,688056,18.470401901551657,19.01999713882239,18.45568678531285,18.53413248065163,8760216,203341327.1405396
2015-09-08,688056,18.5278084407171,18.887910514143908,18.37624180987164,18.430489211144476,9866981,207973080.3447019
2015-09-09,688056,18.860588784064806,18.77637556546095,18.33033955000277,18.718112449871178,9903821,201061042.65378934
2015-09-10,688056,18.50703011639916,18.860913030016526,18.300498399175392,18.681469909154746,2902871,56352434.8999367
2015-09-11,688056,18.588666822917354,19.230657017466875,18.333592262398344,18.717100366861793,4148455,107549424.2157764
2015-09-14,688056,18.774651836610563,19.2397764607697,18.83668938366394,18.928772340338153,6149218,140200136.3499228
2015-09-15,688056,19.11059308360155,19.39795992779004,18.46833330684545,18.946848965704476,9471632,268356128.72784805
2015-09-16,688056,18.839140983643127,18.90848751015539,18.47418181619562,18.886048717797152,5949232,137882315.6003576
2015-09-17,688056,18.99018227676301,19.49441809613394,18.96679467206623,18.99141242119606,6196816,146744596.6261092
2015-09-18,688056,19.34841788208182,19.394389460059884,18.760751431700672,19.266140277207043,5575556,147606975.0229156
2015-09-21,688056,18.946348132389858,19.167232137162852,18.83913204292645,19.03293311352475,1230840,28873264.069380578
2015-09-22,688056,19.431888475812833,19.501425500722245,19.0842784924192,19.282287333216296,3411370,93741599.07447892
2015-09-23,688056,19.300309848306085,19.50804852998451,19.448669993405296,19.457734350019706,2386286,49932993.17822107
2015-09-24,688056,19.548495619592213,19.902706869339806,19.140282026015694,19.477437989191174,3038783,61674260.0055566
2015-09-25,688056,19.447018757512428,19.90054462752923,19.290703316718066,19.474211927629185,6557245,141858538.42575037
2015-09-28,688056,19.683390091762266,19.72567313184956,19.197887191979195,19.573700624818077,9493685,254813395.29131147
2015-09-29,688056,19.876612254657413,20.222645676429508,19.546277652373295,19.794456950257363,4855277,132282343.06449166
2015-09-30,688056,19.846907973201326,20.538812616451278,19.802718596538288,20.02118187966832,2222599,55960146.54727618
2015-10-01,688056,19.909822367367358,20.043377253331006,19.398933992963464,19.961895291603415,4650076,98320896.64370357
2015-10-02,688056,20.215857922122932,20.424851929878876,19.62116120068953,20.14974641708738,3461594,98321604.9365499
2015-10-05,688056,20.7376518179647,20.80706941981213,20.54222757318253,20.583229330444976,1080355,30596918.536210004
2015-10-06,688056,20.63927890445673,20.913978327089687,20.573460941284356,20.74329102589819,3777423,81247449.62590517
2015-10-07,688056,20.846017987934964,21.140018218078698,20.267497989017418,20.882366236886703,8544136,187914549.81409487
2015-10-08,688056,21.01779106975379,21.595195538318038,20.865795361981636,21.21319767665308,5389249,153165708.99070525
2015-10-09,688056,21.087412056527107,21.267851455510943,20.966104536137706,21.105549035097468,6536077,197664332.38342765
2015-10-12,688056,20.87863619886379,21.45594352662462,20.624779044858485,21.056363142338746,6636033,200915351.9154033
2015-10-13,688056,21.336649080471595,21.544390637276013,20.876791372604462,21.219054143451295,4268291,121355633.35331945
2015-10-14,688056,21.09972344475132,21.58731634805493,20.884589302266356,21.2004581094264,8819662,278437615.0048626
2015-10-15,688056,21.032341803871358,21.28089597357596,20.995169827335282,21.189188632973355,3280506,88026788.73284921
2015-10-16,688056,21.062733985597394,21.252596969535745,20.672127323627034,21.151762339512928,2210416,63822932.229831375
2015-10-19,688056,20.775076415159873,21.259571692271113,20.816768396287245,20.906820346562327,5634241,145969547.58173665
2015-10-20,688056,20.72771752787721,20.8693744587408,20.741062282921437,20.827404640325277,1142961,33229173.272920247
2015-10-21,688056,20.45298927680681,20.73753285580064,20.09330924690926,20.522765441283237,5213551,120740270.30886784
2015-10-22,688056,20.719634177358788,20.828067879797448,20.67065761797604,20.74632072625863,1052761,21878478.61560749
2015-10-23,688056,20.904818785525276,20.837194344126136,20.766083171649058,20.83497103186926,9649840,234420603.40106598
2015-10-26,688056,20.90520325424226,21.311591405922588,20.81513938540623,20.92944031798971,2382454,70637968.82094815
2015-10-27,688056,20.76435159301028,21.176144933328885,20.520546820960195,20.760208196253664,3861531,80185557.65686016
2015-10-28,688056,20.70203992579377,20.682392740936454,20.147501251153358,20.678818288137464,9852137,211472555.6707804
2015-10-29,688056,20.44153472044413,20.698967462766863,20.229162745773095,20.597973428970874,3537818,99035754.92812668
2015-10-30,688056,20.598425243460873,20.52175968514841,19.87642029126085,20.42596257175046,5874953,173817741.4946956
2015-11-02,688056,20.096544847634146,20.196278323270672,20.10612956409487,20.173632932931135,9678161,264850755.53494883
2015-11-03,688056,20.117836866797237,20.118780252134265,19.57931816936231,20.108758457751364,2104171,59765170.40815513
2015-11-04,688056,19.933642843135587,20.072481380526305,19.73883546555551,20.04131021518281,6667861,186110164.77909267
2015-11-05,688056,20.169108235315104,20.410703692989966,20.03964678298041,20.18509894117527,2383650,66717745.540675156
2015-11-06,688056,20.258143056507322,20.132926832290433,19.987501697777503,20.115910860225924,9770274,207823932.41254058
2015-11-09,688056,19.920067218363197,20.275023360218654,19.615377251657808,19.859999602478098,1870874,49431900.360103905
2015-11-10,688056,19.845247990387758,20.192239896590998,19.354092592811874,19.73686852693435,8449801,197498565.06143543
2015-11-11,688056,19.86878545036134,20.099393148864042,19.25507043329125,19.763071301924604,2529404,55703224.47413176
2015-11-12,688056,19.342000772530824,19.383949385817928,19.14866154840297,19.329797259006178,1704447,38117527.8809858
2015-11-13,688056,19.422977924239298,19.379286134169075,18.97729961140744,19.36032370254354,3404132,67965913.63652056
2015-11-16,688056,19.34743594075858,19.32869926854176,18.916296375643583,19.192901650054498,9772257,212107875.08428422
2015-11-17,688056,19.01551232400316,19.716912272317522,18.72085436425772,19.201307194820654,4092546,83742883.49490093
2015-11-18,688056,19.115939172706938,19.43871114637801,18.906403220213484,19.177584830755443,9605253,261581444.3112388
2015-11-19,688056,19.18258591001959,19.48701845324205,18.620002421455208,19.158327231701804,5372398,128492285.75928156
2015-11-20,688056,19.23699937700236,19.278107901818405,19.067103214510407,19.235228652016477,8395911,180299166.61066708
2015-11-23,688056,19.459138415363075,19.92969412534518,18.823121366176466,19.351638772457456,6818166,155818402.62869152
2015-11-24,688056,19.621549298786896,20.14219898223495,19.320245165449165,19.660472693652334,1686528,43055935.25702471
2015-11-25,688056,19.44516004610367,19.64632981918737,19.19466078665681,19.551775331017147,5473965,144366918.9157505
2015-11-26,688056,19.08651163213712,19.677951809390816,18.689384000737945,19.230789955442628,7668973,162671440.59790865
2015-11-27,688056,19.316014492781164,19.216545254775383,18.962462520755608,19.162385611184845,4656206,92048385.2777027
2015-11-30,688056,19.149203833713074,19.456007948741316,18.77719039776618,18.995228259334336,6046581,171675223.3862872
2015-12-01,688056,18.765318939638462,19.06373281250011,18.59342732298043,18.773889739620977,5904540,162918834.85372156
2015-12-02,688056,19.007957702225884,19.19304323999009,18.65415459794708,18.91191683734223,9735031,235659844.43961728
2015-12-03,688056,19.04308668865448,19.1247445507494,18.6423824965146,19.112116775905214,9014217,255814546.91081312
2015-12-04,688056,19.034095056856454,19.326614971516044,19.097361336227266,19.106651702801628,6092908,170633121.2869881
2015-12-07,688056,18.859059975941857,19.49802926675629,18.66118704211531,19.004303457086223,8161770,191775445.68806988
2015-12-08,688056,18.828997812482548,19.262802821541563,18.652767245774275,18.961119578897573,6441610,149520151.13159147
2015-12-09,688056,19.169438279548707,19.337886947791404,18.869401901128683,19.25973300879896,3327841,74047988.80335775
2015-12-10,688056,19.22797503473511,19.639090505787056,18.58631013306861,19.10912509881305,8277938,211992009.18002385
2015-12-11,688056,18.911557965670443,19.50258188701456,18.861925210643726,19.040391002232695,6436579,133193950.45615625
2015-12-14,688056,19.17749313641476,19.67384431153784,19.054214368977576,19.31054794448535,4599637,122074728.26238829
2015-12-15,688056,19.13442578555119,19.43439047105576,19.049576672398597,19.215352515355512,4828863,135851758.924344
2015-12-16,688056,19.361321821577217,19.398075569050935,18.70989773652208,19.274555856415997,1566301,44635467.89326736
2015-12-17,688056,19.263273661357427,19.426633727508808,19.214774679777438,19.311792348338027,1769207,45280532.6844282
2015-12-18,688056,19.43294747403524,19.992379874385996,19.15169372167666,19.51317205906139,8545369,192950134.44010547
2015-12-21,688056,19.3755570840713,19.804005303042466,18.824991435859044,19.333252166251494,7009711,141478856.3003486
2015-12-22,688056,19.02369088481095,19.610085018591093,18.561123211753106,19.122070618740782,6769040,149130406.96126175
2015-12-23,688056,19.048435466795535,19.360481919819843,18.981420418640315,19.137075670605547,8783572,248681646.74094427
2015-12-24,688056,19.029955274885953,19.603037400630267,18.88411809835025,19.170465434569707,3963858,82904835.08456331
2015-12-25,688056,19.22606860514483,19.55052036534831,19.185225983121587,19.304103582061014,1347241,28884809.82912218
2015-12-28,688056,18.94799878457228,19.29299557436681,18.800875675733913,18.996155648252603,6179362,163190797.13501438
2015-12-29,688056,19.34114884290347,19.598147487937805,18.60625792513226,19.149969872336285,5873347,161827885.94459084
2015-12-30,688056,19.504707278307183,19.452961819690636,18.761280405349236,19.34075887980211,9876351,210397645.25013918
2015-12-31,688056,19.307809275781015,19.663906497996827,19.107926368444637,19.387316153305665,8354124,242047782.69521463
2016-01-01,688056,19.581651627072453,19.83366756960842,19.121687909441548,19.472200920688707,5990014,129684843.97495301
2016-01-04,688056,19.555151040068953,19.531777587823314,18.971598382427874,19.51096399834968,6043134,129289392.97756724
2016-01-05,688056,19.439845913065575,19.3310572591015,18.807061506387512,19.25904096204073,1528757,42250762.60050386
2016-01-06,688056,19.060421127023442,19.792229004935727,19.051231993819123,19.223099665552255,4823316,121400350.73374686
2016-01-07,688056,19.253393293890795,19.406566050026477,18.99125595603243,19.223455705136296,2172824,42091728.994170345
2016-01-08,688056,19.061731596045675,19.516016266209046,18.847659841232623,19.07831359426489,5374207,112159623.02887449
2016-01-11,688056,18.822401330837213,18.952918430575856,18.293970766175594,18.817809622270104,1721835,44086795.323190525
2016-01-12,688056,18.84993036945221,19.328103385841715,18.680926507282376,18.816258397198865,3773179,94135809.56687784
2016-01-13,688056,18.73823233515658,18.835921344284163,18.176256244394413,18.718271967383536,1138014,31165349.131452795
2016-01-14,688056,18.662559693093755,19.13272091055903,18.171422106571296,18.61999031302193,7309538,153503405.259423
2016-01-15,688056,18.419665992397444,19.097592847107265,18.30031560279104,18.575471233849036,2369578,55971175.80000158
2016-01-18,688056,18.490994607066337,19.09104136056557,18.20635362159683,18.614052606908757,4381566,83876956.96520999
2016-01-19,688056,18.543089990082073,18.9709313023789,18.426118164500256,18.722696433778573,8158573,170898294.6221284
2016-01-20,688056,19.259779599511774,19.365219541732756,19.110268811903442,19.11518345097224,3100318,72755282.13249993
2016-01-21,688056,19.161678321283357,19.079025630748355,18.561266607999116,19.024701075042138,9910806,227602249.5211078
2016-01-22,688056,18.87045653745062,19.15312188143184,18.340497594086294,18.807537054184635,6057288,135920846.07335705
2016-01-25,688056,18.92968987222061,19.26710543326749,18.690513589946708,18.768178506399984,1022972,19278882.031735543
2016-01-26,688056,18.654431716952697,18.981437766882934,18.25585021132418,18.57216141613255,6956601,171303999.34614527
2016-01-27,688056,18.376834412620546,18.63720939496193,18.079329051336135,18.553473551697763,5038255,134776652.53428978
2016-01-28,688056,18.714652786547205,18.631179551125047,18.082796344779346,18.61707866889366,4169988,112029750.94159003
2016-01-29,688056,19.02095341048609,19.191124666773923,18.40653861692326,18.838666008718427,6047913,150926973.71009
2016-02-01,688056,18.91914160165964,18.941275240416932,18.316240913309272,18.736901596302246,1865583,42433571.70191409
2016-02-02,688056,19.136323672694022,19.440308578505373,18.610599586996717,18.993625472260078,3053825,65583738.484523326
2016-02-03,688056,18.60503028435136,18.866538371413963,18.389888611241503,18.709006470280535,7434541,166013976.80368558
2016-02-04,688056,19.035622659866956,19.224886435386512,18.938230848536104,18.950144570267355,7282437,180448366.8365257
2016-02-05,688056,18.729936189351164,19.368133439120786,18.731599281525117,18.90981205891965,3988493,101744786.8847406
2016-02-08,688056,19.340084550913293,19.741156461952148,18.92861065809148,19.184396886326926,9978448,270866420.2735653
2016-02-09,688056,19.20259449121617,19.250550132599113,19.022306953788245,19.119378586842835,1019904,22538624.721959095
2016-02-10,688056,18.79021430602659,18.96529984569454,18.60875275679545,18.682872130383473,5351641,122990309.92226435
2016-02-11,688056,18.90657127324544,19.06484190510173,18.281922543300883,18.76243193789111,2116426,55913472.59241345
2016-02-12,688056,19.118412562109423,19.59717970555796,18.755509979048682,19.12471684188394,7006650,150812543.19165006
2016-02-15,688056,19.19200475003248,19.56848411603288,19.183701296349632,19.254000066106286,8061642,183672683.99089956
2016-02-16,688056,19.905729792790105,20.103204417330517,19.23116156739169,19.749506004356967,1328375,28669488.734887972
2016-02-17,688056,19.948452327379687,20.015932016883976,19.520590631333327,19.84749998034102,5531706,163597427.9555333
2016-02-18,688056,19.761987274840735,19.95398851411284,19.716899938824188,19.76272635580319,9811851,226813681.3563001
2016-02-19,688056,19.419829094300443,20.026937708267834,18.905136352214264,19.462444370889624,2077433,49681683.44772787
2016-02-22,688056,19.61540417956814,19.675589610228222,19.034018673729445,19.58862268513017,8319823,182666528.88515902
2016-02-23,688056,19.512347484477896,19.85193116127719,19.25524037496038,19.323466729584926,5229581,120887249.6701679
2016-02-24,688056,19.400547243595362,19.588133773833043,18.90013322965361,19.426881312349423,3941715,89739155.73326306
2016-02-25,688056,19.50047950907006,19.967898659192446,18.988332230851345,19.564555870953733,5955827,163716057.0417925
2016-02-26,688056,19.627249869336996,19.799470737299224,19.35464863249026,19.69831527541067,5227912,150975987.67455593
2016-02-29,688056,19.301096203186972,19.9120600003752,19.181690647783782,19.370173297014233,1914490,49792003.73759565
2016-03-01,688056,19.365172761216474,19.513246540745378,19.19636554739174,19.21343332333749,2816331,74849745.7218343
2016-03-02,688056,19.37356224101852,19.763623711901484,18.96036378734967,19.30566270524402,2434226,51040186.49480356
2016-03-03,688056,19.072739163974063,19.75927522831773,19.039957423944994,19.224090221205767,7765354,184061095.42864528
2016-03-04,688056,19.14170611235225,19.645440679955044,18.707343322603993,19.11232504830563,6109881,151981302.03077075
2016-03-07,688056,19.18347034998643,19.57125500908675,18.867585972363887,19.126793264771763,4896504,138193326.8826777
2016-03-08,688056,19.302271846907605,19.634487686786713,19.13113673975048,19.221092080375612,5944770,138167270.03573292
2016-03-09,688056,19.360360546785586,19.436383476916184,19.148227407466646,19.25636545036972,5368323,103896611.61849654
2016-03-10,688056,19.29796214122674,19.604266862464446,19.06601026218726,19.3036087907454,7225784,179115923.96288422
2016-03-11,688056,19.518558554241267,19.561430536782435,19.420196823081127,19.421325660990973,2297083,55212800.66155658
2016-03-14,688056,19.153955886865532,19.84672157539927,19.09288176507472,19.29127416063605,4575259,106064610.89205343
2016-03-15,688056,19.330344692358196,19.70692353604313,19.10097737749067,19.217931285487754,3435989,79086082.3153666
2016-03-16,688056,19.4677866325672,19.900277325539736,19.001260405417813,19.399075650740762,7750381,208389833.1806982
2016-03-17,688056,19.531699580751045,19.93969852948425,18.981981084673947,19.48011974464109,5133294,138662378.21548644
2016-03-18,688056,19.37789202665473,19.653375813384475,19.503750736282846,19.51914068126319,8534575,218904872.40318736
2016-03-21,688056,19.48537944448186,19.789896481443606,19.20451161806664,19.66078772697054,3034650,89127542.34446366
2016-03-22,688056,19.430266423689048,19.66176351608344,19.078475562071652,19.570971816018535,6980547,192337963.74292627
2016-03-23,688056,19.368493723197584,20.084561315249545,19.07154556631074,19.500812200847164,7838623,162435219.09683365
2016-03-24,688056,19.351193030292034,19.559135299505996,19.314707922449323,19.456370610706106,7004539,152444032.33822477
2016-03-25,688056,19.753073442337804,19.977188019264943,19.506939174798255,19.60615452972776,2522145,71963389.8121034
2016-03-28,688056,19.585884477406605,19.86634313730429,19.358827551452933,19.70555073966021,3407783,67497993.02336219
2016-03-29,688056,19.679921523442406,20.00821152269772,19.22836567263141,19.623922254161023,3972170,93235065.47033596
2016-03-30,688056,19.680419206199915,20.082082059935214,19.275202944541018,19.50137088738492,7848840,214205163.8097562
2016-03-31,688056,19.657065673304743,19.877930601527392,19.031101430337646,19.537918430542902,9902083,209150758.55239102
2016-04-01,688056,19.53209021971826,19.54930751472539,19.168963093806408,19.495712935167532,2781373,75646546.94854559
2016-04-04,688056,19.723464812401154,20.017720414712915,19.73585741214254,19.91163539500787,6024070,177205860.2322634
2016-04-05,688056,20.087869137737023,20.3518919715601,19.406863763927326,19.97289345457001,3651301,89972105.44836423
2016-04-06,688056,19.429380573738776,19.852927078189644,19.16287426701756,19.56835496926908,8736440,184045435.914352
2016-04-07,688056,19.43995029857047,19.842641385726367,19.27909650452419,19.528665437011536,4927423,114079422.26258965
2016-04-08,688056,19.56412826647737,19.946203152455507,19.153042323022184,19.46784874383001,2892698,70108259.5886072
2016-04-11,688056,19.36184674870801,19.966163427388427,19.01941596180419,19.40118614515775,1842602,51327716.80950263
2016-04-12,688056,19.658197127447558,19.505620282114027,18.892037154398576,19.471709115820946,9885190,205899530.27954683
2016-04-13,688056,19.403459788827703,19.91185162998485,19.05381115155316,19.424134186123432,4488545,105130331.46230575
2016-04-14,688056,19.42011787941713,19.62904464661014,19.23502677233039,19.53594175867023,8087946,183500634.04200196
2016-04-15,688056,19.944297873205976,20.05074914061584,19.548367895269198,19.748953959606677,7787385,161545033.69714448
2016-04-18,688056,19.795042032133754,19.981718952351304,19.894486887346016,19.916251330777655,8497097,170083712.52962232
2016-04-19,688056,20.22713431035045,20.22911856121036,19.47616134238126,20.030311646241486,3184594,89249687.03887771
2016-04-20,688056,20.481781049446877,20.864544689181816,19.787554125258833,20.381352202677803,2395367,68029392.92982538
2016-04-21,688056,20.697320677707275,20.864370094572266,20.49879890093935,20.68541455748969,9587658,281387268.67425615
2016-04-22,688056,20.973833298656178,21.033936117681638,20.646606934783815,20.928383774268195,7790618,227374590.98873597
2016-04-25,688056,20.94697878126456,21.26645617429397,20.86629715787137,20.892079281321294,1846079,43791975.26766599
2016-04-26,688056,21.15194588132147,21.213405502005536,20.364870022021563,20.983901557675082,8335038,203137823.47215846
2016-04-27,688056,21.076908302747395,21.394173602265493,20.874793442667364,20.903318449724754,4680269,118229623.02308403
2016-04-28,688056,21.424213194385985,21.88667716268148,21.045835244898342,21.393544663228095,5980804,182699029.32616547
2016-04-29,688056,21.66787801477441,21.51975102039644,21.110021713726574,21.474269434244512,6440377,154581093.90791267
2016-05-02,688056,21.529432929206646,21.857913411637295,20.850075840541233,21.46814797063567,5123196,135088818.71959946
2016-05-03,688056,21.58284769552894,21.97520435850644,21.403953734018028,21.565806648002578,9110871,248404796.3700068
2016-05-04,688056,21.636436640338783,21.97861200704033,21.133825817413303,21.746162330892915,1281015,37196464.66780289
2016-05-05,688056,21.324330632201423,22.145709416303422,21.21030248602304,21.52016051256021,4553735,103954444.21691574
2016-05-06,688056,21.388806229874053,21.60234225409994,21.141535310037163,21.370395929369135,6854622,147241215.19361815
2016-05-09,688056,21.100685597968084,21.63677290577502,21.169631121763558,21.204179061457985,3024349,84437898.95508297
2016-05-10,688056,21.54513458364948,21.948169144278168,20.754099977982733,21.376782874013614,6085727,162771828.20738733
2016-05-11,688056,21.602271181238383,21.600588522454256,21.053451405846452,21.573900530648917,5519970,160562468.7309805
2016-05-12,688056,21.649698231759615,21.891377062817785,21.146512492613354,21.611906138412657,9791358,266849878.49758312
2016-05-13,688056,21.29279262182572,22.098835700256053,20.913914104255447,21.473874144651518,5806114,186383346.44054595
2016-05-16,688056,21.246618719601308,21.56803549292736,21.129974848088303,21.394826172932706,4020121,99126524.33412865
2016-05-17,688056,21.280297303433475,21.697592891086394,20.77488690488067,21.145669320873125,2407398,61988448.00189174
2016-05-18,688056,20.842273098520028,21.342840947371275,20.76247964538925,20.995704553107515,6564776,181535655.3803055
2016-05-19,688056,21.254213911114977,21.725534125675008,20.921926379275238,21.270875681913154,3290665,87094151.24718133
2016-05-20,688056,21.371716026630178,21.706909935632467,20.7806704842811,21.35234243759386,5595018,123059659.10868704
2016-05-23,688056,21.529020254033984,21.772628240587185,21.693996393184253,21.71917076413702,4280948,130489852.60265805
2016-05-24,688056,21.442748270009808,21.927402157192123,20.918762506198345,21.54895204695012,7031251,156916208.85566473
2016-05-25,688056,21.99576520619868,22.19820222144809,21.259868409010476,21.854392665358727,3927942,114215398.25106907
2016-05-26,688056,22.12428437746858,22.54291877735125,21.639661443736077,22.176908158564537,1495845,35011320.595153525
2016-05-27,688056,21.874130898710103,22.13226965186298,21.49509109219442,21.769673505587207,4302334,129467071.79168123
2016-05-30,688056,22.114123945425565,22.409534301606335,21.50966120950207,22.08553327653788,2781785,62933577.30810616
2016-05-31,688056,22.23597996727915,22.25113097640342,21.794045655468274,22.23803243670675,5028400,149595417.99872884
2016-06-01,688056,22.15708853017843,22.477443657197608,21.825234863663443,22.10829253301234,7564797,209545792.35638213
2016-06-02,688056,21.936987679558385,22.210032779864168,21.608083743227265,21.985606615971513,6071853,179472113.63867855
2016-06-03,688056,21.960127505951913,22.35466788293245,21.896931120179687,21.966347438475545,5604790,179827562.06667262
2016-06-06,688056,21.922951681302923,22.457144554175272,21.898002834574342,21.90464613814118,3449745,81196242.94004926
2016-06-07,688056,21.931502777162642,22.279481753657514,21.612785935971733,22.016541146726826,4475433,130733812.77179585
2016-06-08,688056,21.56915478823242,22.04942466445312,21.175931907917597,21.644067822306475,8109560,204079865.1255359
2016-06-09,688056,21.644535385980014,22.240657073145393,21.556238403560503,21.70708063766201,5362975,124945905.28964399
2016-06-10,688056,21.192497935371332,21.545803684174192,21.21586792083537,21.27353174396545,4423282,137526466.0585084
2016-06-13,688056,21.32514312913691,21.87803935755587,20.962182034873113,21.337357663011048,4877255,148576426.66738054
2016-06-14,688056,21.389278003863836,21.959101926013464,20.98235531031835,21.34730718395054,4390325,119357105.59393206
2016-06-15,688056,21.44557729532213,22.000308128098627,21.29146305476508,21.432403424032998,1107159,31722115.808622662
2016-06-16,688056,21.301113608523032,22.03216938777549,20.876834346757953,21.403274087929418,4681041,120057255.80260804
2016-06-17,688056,21.13140895511091,21.930129429632142,21.335910757959688,21.3363540620833,2737481,66211625.58571314
2016-06-20,688056,21.593365918071374,21.933034217890768,20.95835294742849,21.445976483190204,1662433,48813637.613799825
2016-06-21,688056,21.65154516432652,22.09456028797637,21.158598490271853,21.518337966778724,9235122,290421092.0506049
2016-06-22,688056,21.2770442947046,21.58877573782183,21.301181129526135,21.448795482753596,2723949,64790409.82027652
2016-06-23,688056,21.373122408987186,21.721590894216565,21.44352766822994,21.451799687379904,7390246,219658675.7042067
2016-06-24,688056,21.735049235047256,21.85045108237461,21.600425666804323,21.601162135371595,6375751,188621587.69703767
2016-06-27,688056,21.767723631080706,21.896744358183874,21.734820213923147,21.867349662164607,2857428,77757578.19684242
2016-06-28,688056,21.616567900657543,22.082417019784977,21.300701559258425,21.668661684476792,8798026,267048909.3097729
2016-06-29,688056,21.76849051563697,22.232932914460452,21.339191630137602,21.604763485529723,1210387,35659318.74545974
2016-06-30,688056,21.349234985104665,22.01028802118255,21.525870904291562,21.550354305214043,9620572,247990673.97184917
2016-07-01,688056,21.65928803315914,21.70912393080466,21.080535751346368,21.633834389734155,5753985,174625288.29230267
2016-07-04,688056,21.894169063755914,22.070695586069483,21.256833233897275,21.8199458218633,4469265,144447307.7918694
2016-07-05,688056,21.80548900692611,21.84768395281278,21.613387763453616,21.740343631261204,9862056,222836518.7809263
2016-07-06,688056,21.745057081097393,22.057803109439657,21.397767915802966,21.82798195700206,1860962,47114453.234251104
2016-07-07,688056,22.308656137301053,22.719513385261294,22.106753096966123,22.28835873346005,8341704,229215514.4094477
2016-07-08,688056,22.049760797324836,22.24131382486831,21.554311245154327,22.044148898814814,1198173,28848822.991507627
2016-07-11,688056,22.019261432262276,22.335256782269923,21.32447747647224,21.832332069448015,8402397,191851264.92588165
2016-07-12,688056,21.59512344544653,21.568051075121684,20.857455794069264,21.454927944052613,1875107,44900699.29057303
2016-07-13,688056,21.154709428777718,21.56430013118074,20.740295002466294,21.290026083656144,8847531,225596579.951013
2016-07-14,688056,20.99917893866381,21.230029984972553,20.881524370727806,21.06418677047037,4978613,147208725.94380426
2016-07-15,688056,21.03067018590808,21.236618797673543,20.45360192936526,21.05944938823209,6631305,184673665.0047219
2016-07-18,688056,20.956728549554818,21.00628962110198,20.265918310815604,20.749380791725393,9734318,236714329.41170752
2016-07-19,688056,20.909690707146265,21.11888307545171,20.602316286473755,20.897732323392454,6456520,167519272.89127812
2016-07-20,688056,20.441302859769703,21.056474271885357,20.580101165029344,20.58897052411266,4841515,126387695.69414358
2016-07-21,688056,20.664603750690688,21.15558308177685,20.549739712093768,20.5716309760831,5464033,121248848.53687124
2016-07-22,688056,20.538811304698665,20.54445685427143,20.199759011567945,20.336484692937553,9943624,286664226.91100395
2016-07-25,688056,19.928666511772885,20.43645882674808,19.90763842383874,20.029048054408168,8810922,224803909.4138368
2016-07-26,688056,19.754584149131542,20.1845325403604,19.48855799791485,19.816545891661185,8461687,230684913.7968311
2016-07-27,688056,19.88126678785252,19.850473453551707,19.221891493853747,19.77563396624467,7851102,168899602.90662116
2016-07-28,688056,19.618829453979973,20.197743960904994,19.693799203356146,19.786107533869753,9740149,272101990.0640708
2016-07-29,688056,19.92199562372321,20.44179117956915,19.58464696480052,20.090236541376584,5727232,141581457.2630665
2016-08-01,688056,19.684547739957736,20.206950989847126,19.62065845701268,19.857773175200013,9331867,235596219.3338803
2016-08-02,688056,19.73191295259587,20.299457297879304,19.787177292605442,19.86543554698161,3653749,101301382.7846445
2016-08-03,688056,20.200511229408143,20.28321197548479,20.10955729139126,20.18588280841236,7766513,179793225.08996838
2016-08-04,688056,19.796928852640743,20.13927534652308,19.608994405639944,19.949681070741224,2320701,68860845.05517232
2016-08-05,688056,20.464720598866244,21.00757686656111,20.136905709899185,20.49677842485539,7198477,174865541.28402787
2016-08-08,688056,20.198713936197127,20.606618859489387,19.856412608820236,20.318426189528598,2719240,58583960.633035146
2016-08-09,688056,20.58851903640588,20.990117529796407,20.455377153489295,20.51687469370215,1039125,24613162.49772871
2016-08-10,688056,20.351714635078917,20.355295048424665,19.868083960531493,20.32783632888293,6171596,139499392.36235067
2016-08-11,688056,20.228133024467013,20.821679897942975,19.75359537326977,20.311148551780327,5532595,146330268.62212974
2016-08-12,688056,20.524885448875008,20.80124800280885,20.2093740907186,20.60185617826646,2318761,69220550.40530142
2016-08-15,688056,20.43286178361892,20.74771690063217,20.222265345834707,20.461455127172236,9160216,217138456.49002308
2016-08-16,688056,20.476540495256348,21.21735821423329,20.24524123103111,20.600865040756688,8775344,190296699.9906759
2016-08-17,688056,20.788084944998985,21.456549565931407,20.373798682295448,20.832576438103555,2801690,60823727.174228884
2016-08-18,688056,20.52283734780969,20.629134068837764,20.451953273348064,20.506751527893147,5384348,138547747.247904
2016-08-19,688056,20.52698279783417,20.668345738013947,20.317414568564143,20.478144298326065,3157753,75815221.33778396
2016-08-22,688056,20.69921690729918,20.983155600883325,20.546452722791727,20.894617596976417,1525254,39070606.46736083
2016-08-23,688056,20.55157115623332,20.73369574182939,19.91509097781982,20.486925029824057,3939623,113283137.12680942
2016-08-24,688056,20.369093623111326,20.75931820069258,20.131576770539922,20.365953979790547,3168484,83505632.3041366
2016-08-25,688056,20.344842925428175,20.72683442085655,19.800174994000344,20.324563339304166,2847042,82739355.26662171
2016-08-26,688056,19.996368997222945,20.635487839247283,19.923443716721483,20.133139151020977,6775071,194192155.17423978
2016-08-29,688056,20.048464201268008,20.13549493101734,19.740279482290962,20.04767488738809,6189772,128599953.53115124
2016-08-30,688056,20.315214500000053,20.443894411180736,20.283528262234608,20.397415670097974,9437238,237371857.07282054
2016-08-31,688056,20.283588964827622,20.351483551830043,19.588796174186257,20.175315669829075,4083669,114793022.02176252
2016-09-01,688056,20.02300586115379,20.449966680015088,19.29639411864379,19.877694487066446,5873020,131084147.67779636
2016-09-02,688056,20.07439438593663,20.53631029515025,19.629887662148096,20.025820393642277,7802803,179652261.2605248
2016-09-05,688056,20.109945141497235,20.401743386253415,19.7205428954289,20.02465038853334,5127487,124171019.53523728
2016-09-06,688056,19.917734166155245,20.356971262321455,19.87723674569698,19.88024516782392,7466949,221434896.43743137
2016-09-07,688056,19.828333109901997,20.47458823610472,19.62137855174757,19.978554692222488,5378378,114648670.59074101
2016-09-08,688056,20.10440803618788,20.053203867733416,19.61949173641656,19.917608921069657,1035216,21832264.99987365
2016-09-09,688056,19.923322544239742,20.11499039350139,19.723645388785172,19.954926691921422,2008961,42267754.51556084
2016-09-12,688056,20.143649987853742,20.087850687552397,19.47038062576617,20.002271174681063,9323431,270161968.58598495
2016-09-13,688056,19.631175029620117,20.15916286470927,19.061469881563866,19.62075795334563,9230599,201434062.4390758
2016-09-14,688056,19.511709889106246,20.18975196457512,19.178999067771198,19.610430157651525,4825674,113754017.80213857
2016-09-15,688056,19.325808923722843,19.986681864399376,19.17251864378002,19.5104074078591,5249556,117336430.79572062
2016-09-16,688056,19.706793942039965,20.367236219356734,19.32196815547994,19.80236996685297,8455506,214931034.82978243
2016-09-19,688056,19.78331597009988,19.9554905073545,19.735603873687726,19.878362184176694,6505569,187017225.16028914
2016-09-20,688056,19.6803576690112,19.89178997736005,19.29760075571053,19.846851935659448,8781683,258294861.03862506
2016-09-21,688056,19.837848350806695,20.544248209073164,19.510543565422232,19.972709719402253,1885209,50221445.816058904
2016-09-22,688056,20.057283018687983,20.45899131457468,19.876861950004205,20.24744764287048,2363504,61722302.23877407
2016-09-23,688056,20.130232696410364,20.204700659801052,19.66245772205129,20.016809787516284,3540513,87067511.63380483
2016-09-26,688056,20.064872640833453,20.222645446412095,19.67368348077304,20.00142813002266,3857639,106025308.10788667
2016-09-27,688056,19.963298507864735,20.05445747013137,19.870579893751948,19.937970009679603,1476270,30063842.903292704
2016-09-28,688056,20.199684092565846,20.370735900611923,20.273582634070817,20.27882887500286,6106882,151252743.4376354
2016-09-29,688056,20.553755645522756,20.61602581137828,20.18138463510378,20.393539072622396,3644514,106620137.98476776
2016-09-30,688056,20.71482340149331,20.901854671406245,20.172462645776314,20.607676035312096,8972890,218616835.42346415
2016-10-03,688056,20.81527928323764,20.866589287733024,20.567284278594965,20.804781752337014,9259055,220415741.17831007
2016-10-04,688056,20.445611896980406,20.438983139739673,20.365432995043275,20.420861608126188,5382015,127440037.23301353
2016-10-05,688056,20.281983104218398,20.64398735178942,19.962145303115406,20.31250754164563,5858501,165813517.2605135
2016-10-06,688056,20.196752450778533,20.134181339420337,19.648180030081104,20.057468598464492,4269088,97571848.30321935
2016-10-07,688056,19.83424635881369,20.525790885319626,19.501057471885318,20.013724754423617,3505481,93942034.75119449
2016-10-10,688056,19.974721133871064,20.16809673572951,19.52135687566542,20.08049016662733,2825273,78276986.50527456
2016-10-11,688056,20.14083878313911,20.224996012797067,19.766403269580557,20.07532984129824,5907855,132520975.17154853
2016-10-12,688056,20.03337185834424,20.609224979139356,20.013547092431182,20.158505235438867,6188355,183414033.8616851
2016-10-13,688056,20.207059796307426,20.273126570042947,20.04767173820344,20.066655475379264,8263469,166318710.77141118
2016-10-14,688056,20.03137438720898,20.012645488478064,19.782771751376455,19.993726206767093,1759303,45423931.0697692
2016-10-17,688056,19.934524635897347,20.49931849970372,19.619827680843976,19.953299012827255,2436632,51422163.74503877
2016-10-18,688056,20.06802625509313,20.005317825093496,19.335604322511426,19.912380794280267,1401582,39021202.52059511
2016-10-19,688056,20.020684972969782,20.147689889325108,19.88185901372031,20.12094207030014,5697743,154109868.74286202
2016-10-20,688056,20.03581363558569,20.58136665445602,19.415157188598357,20.00143925174629,9692884,245721748.13656196
2016-10-21,688056,19.628457502291766,19.902487613545382,19.685620631568824,19.75172350694096,5555191,156955392.55640516
2016-10-24,688056,19.535246853086836,19.86148529023883,19.24657103260681,19.647964867294178,4920961,144216310.32806677
2016-10-25,688056,19.87928307143182,19.861838656475797,19.368095383830045,19.79520054460191,5654957,113980522.5166506
2016-10-26,688056,19.885057028379137,20.40711555470914,19.393674808267058,19.95147930266258,3235676,86378895.40373716
2016-10-27,688056,19.91888527555042,19.817255192774045,19.57474397814343,19.79616647014135,7947846,212035271.70370552
2016-10-28,688056,19.878159251943845,20.120826673531038,19.336055988528457,19.887726856801358,2588627,60920994.19286183
2016-10-31,688056,19.851339020914917,20.319561026068772,19.38533639682425,19.825051480178892,6952083,155058071.34620586
2016-11-01,688056,19.64551905988941,20.176334460856527,19.519346503225886,19.80053376363488,2521349,65418879.544814795
2016-11-02,688056,20.01551698886006,19.820872207114483,19.733791612754178,19.81812519903763,4248329,115716622.13525668
2016-11-03,688056,20.04655422356623,20.124087480169997,19.414573411101095,19.858813230261763,3158179,72865482.48161408
2016-11-04,688056,19.631271799213394,20.02872512612925,19.28193822281592,19.68842360001754,7457145,168206543.44760308
2016-11-07,688056,19.658260826763026,20.136260136693448,19.35319333783456,19.752165422938727,1344904,33264786.62724804
2016-11-08,688056,19.82443747475102,20.373209729441385,19.53758328509619,19.982991757785367,5821714,126501781.50950521
2016-11-09,688056,20.249780705630435,20.62748981299922,19.7821880654713,20.28275909387171,2699993,74285754.54119694
2016-11-10,688056,20.189107903685798,20.345252531798614,19.68415758128965,20.271884255375767,2407986,70015044.50332195
2016-11-11,688056,20.041821089845747,20.41585809646444,19.856648838628953,20.23295276499506,6199084,152077179.39204323
2016-11-14,688056,20.21211806783625,20.217557729133603,19.580871495896066,20.164642150859883,2367246,50628415.60081889
2016-11-15,688056,20.05024406728124,20.324643895114402,19.485863670416755,20.081109710675893,6874075,186421493.4855833
2016-11-16,688056,19.92113900443661,20.139575230212788,20.053966828434632,20.085182864185736,9080514,245688410.16976687
2016-11-17,688056,20.37227014441482,20.41214320645723,19.950294101078455,20.28350457633949,7371028,185581298.50269678
2016-11-18,688056,19.835040040392308,20.21421392525821,19.523340655784228,19.792390012755682,5778524,144244573.46558437
2016-11-21,688056,20.200377288554346,20.631778093517468,19.890317896713526,20.127789465416,1366634,30164016.92750174
2016-11-22,688056,20.564201174063005,20.676487688230157,20.14914301184317,20.618140876839213,5843231,169062522.0793439
2016-11-23,688056,20.66568363326869,21.03795349029057,20.369086298858768,20.729312924713177,3687146,107928485.55757262
2016-11-24,688056,20.737151057421183,21.292791212854798,20.49357879945746,20.77948384986334,7198638,182998753.9769797
2016-11-25,688056,20.6414517270749,20.83352297350152,20.21897809977914,20.62214161546346,4639683,136714320.29205525
2016-11-28,688056,20.673432352789803,21.004567699127215,20.10011619595646,20.586708678927433,5261446,159890965.42161196
2016-11-29,688056,20.713296736535938,20.884266731079677,20.652367900246553,20.688059712168346,1318252,38031037.36618721
2016-11-30,688056,21.104242856523037,21.0999337966208,20.65106290271141,20.9511465534787,3995148,120561098.59644806
2016-12-01,688056,21.246574073986615,21.553869693315043,21.16543032271251,21.245619100740253,9931624,248719081.80163032
2016-12-02,688056,20.95806062331008,21.410417766176337,20.67282767270881,21.09646720813397,5588026,144802878.23236993
2016-12-05,688056,20.952645886098153,21.664215600838425,20.949435194543884,21.093132673287695,4948546,144867218.27221504
2016-12-06,688056,21.269974815152562,21.534168231175972,20.90194284651089,21.102564094149013,8738995,223418426.26408824
2016-12-07,688056,20.707457191856317,21.218570138966367,20.473887343398243,20.85868962394924,6651056,196297557.3881759
2016-12-08,688056,20.740543182344037,21.179388238777126,20.63825082400369,20.774433295248834,6629911,167030851.97465608
2016-12-09,688056,20.753230802554377,21.137537247011938,20.39660556108091,20.66509981018117,5577758,148210480.23218787
2016-12-12,688056,20.93484071003622,20.927963201690126,20.53018876411241,20.787323559336933,3154544,91369716.1051279
2016-12-13,688056,21.016448261021083,21.30394080387119,20.779903337659704,21.01285858533619,7190448,151595291.18405873
2016-12-14,688056,20.75101098419738,21.4571075997305,20.68911834196052,20.937899491966753,3808258,118901960.26719926
2016-12-15,688056,21.223100333384608,21.810579456194002,21.2056765121406,21.218897235928345,9860343,252965894.7635632
2016-12-16,688056,21.430561308727523,21.719962295287242,20.728288824492715,21.317356074848846,1540647,33463250.852679055
2016-12-19,688056,21.334698870742596,21.822578057235198,20.84880002011389,21.308667769794354,3787009,85671130.9138675
2016-12-20,688056,21.411998846555818,21.926187202819833,21.333098577641625,21.43226335465277,9336988,222207220.838669
2016-12-21,688056,21.604901581697757,22.1309797969191,20.978619108215206,21.496686936212434,4864535,141038082.93801925
2016-12-22,688056,21.096292064399947,21.69403083373892,21.05878241420057,21.285539942161684,3967135,110260268.05335549
2016-12-23,688056,20.969805136486205,21.0118077218308,20.4764070428118,20.96296977308338,1171363,29467160.374173738
2016-12-26,688056,20.536235288217096,20.973928960106566,20.071560139884717,20.464999332752065,3837833,109422907.6826104
2016-12-27,688056,20.218166747608638,20.681733050559952,20.14544229875217,20.41516846282064,6487793,160756853.74717546
2016-12-28,688056,20.676601679553283,20.541230888590814,20.427144236638856,20.51283140158253,9402665,208636867.55534425
2016-12-29,688056,20.626599150114135,20.64369392928735,19.96229550607025,20.572868497092998,6431025,181131878.03769764
2016-12-30,688056,20.920831497106395,21.217501778053265,20.4247114886963,20.889546487643187,3795936,105945239.2659774
2017-01-02,688056,20.716343577059586,20.972154850565342,20.098691076991173,20.618837635668108,8570920,180703341.3122565
2017-01-03,688056,20.586617159048394,20.885852384314447,20.35650330630581,20.520985306023412,2458701,57110002.94478939
2017-01-04,688056,20.355276907879563,20.427881507675185,20.28953680104037,20.390765710564406,3320798,76563191.76493268
2017-01-05,688056,20.128590780470862,20.1684858074745,20.113080958563884,20.150285693077304,2521671,73411496.57855116
2017-01-06,688056,20.395731358103443,20.622805559263465,19.79600226921254,20.401942404679467,5043119,141736742.44913638
2017-01-09,688056,20.874975628356516,20.69776483097737,20.377591890037934,20.680467993509538,8678979,209562820.21746346
2017-01-10,688056,21.083913165869085,21.632000485983518,20.831717937886577,21.19558170271879,3660581,100630075.66993141
2017-01-11,688056,21.05186456406688,21.08519213506039,20.845065849880367,20.919687989838877,3693812,100242539.38083528
2017-01-12,688056,20.86827706837125,21.2369449534207,20.291152893956415,20.916366261744535,5738004,179343608.68299314
2017-01-13,688056,20.855185595060195,20.828516545167663,20.17066278462079,20.728073911812707,4219248,110145985.27912216
2017-01-16,688056,20.53471433321366,20.536959635994723,20.323241571020436,20.39113867643202,9524645,276557360.98095167
2017-01-17,688056,20.091595220654195,20.22575030193875,19.843771343392397,20.088235626774157,7977489,208174679.49367902
2017-01-18,688056,20.01002769925648,20.566230660026264,19.477013311975295,20.04214613700085,9604650,211287519.3176713
2017-01-19,688056,20.02555285926998,20.567678517924946,19.717544442302763,20.084041821776005,2371378,71132732.30310957
2017-01-20,688056,19.940633929013977,20.40906153080833,19.364240143785942,19.90184496240544,3940312,92345257.04948497
2017-01-23,688056,20.361694717490774,20.382822204398632,19.913737465677603,20.21609892005806,6275330,160289889.81021407
2017-01-24,688056,20.023939378318932,20.17871259265207,20.105133291594186,20.158999673078984,9575429,235830995.38559887
2017-01-25,688056,19.885870592448125,20.05508899772604,19.886435944099212,19.993973459432812,4346606,129683456.41639479
2017-01-26,688056,20.151056723475797,20.786006030781035,20.186897734251936,20.310035816908993,3009028,62019981.05795005
2017-01-27,688056,20.212530371534623,20.657956274564825,20.09826885495426,20.30738208755239,9597990,227237568.26856792
2017-01-30,688056,20.233318420947008,20.501166054751895,19.914931208280343,20.278528596811988,1064004,31799013.42398777
2017-01-31,688056,20.453983225315838,20.8478977700978,19.82888940393973,20.318997376437892,5661656,120508464.25224394
2017-02-01,688056,20.515764075954984,20.867088362554224,20.36554219504059,20.527504405926553,1208819,35130869.7700948
2017-02-02,688056,20.603967062999324,20.949448496898384,20.253466426197427,20.529713750710144,5214611,131223828.94131197
2017-02-03,688056,20.730337918793147,20.947429314540233,20.357403192609457,20.55113504883933,1128518,29881714.65039398
2017-02-06,688056,20.4515308513742,20.87051693171058,20.36003896001905,20.613118749192033,7837113,203796462.22358745
2017-02-07,688056,20.09614602200159,20.533699704221608,19.6880823816153,20.23465028581515,7763000,232751917.98525113
2017-02-08,688056,20.004954830139333,20.430228106093654,20.001534484999898,20.02707361202536,9616222,271619107.1757469
2017-02-09,688056,20.117911094300254,20.583679165047528,19.53477076977144,20.0493902831021,3193578,81807314.31870909
2017-02-10,688056,19.750954813591655,20.143968196573013,19.899244822020513,19.93076447699531,3767556,107807421.68899709
2017-02-13,688056,19.73862458102948,20.177611338238734,19.40687091429245,19.864388160704387,8585327,215799658.72162578
2017-02-14,688056,20.12341627128919,20.563038172618977,19.88426217486595,19.986843726660382,9849633,235932421.58372688
2017-02-15,688056,20.626965938950786,20.552254505541775,20.39341862926374,20.469682920180574,7986985,182604658.0890724
2017-02-16,688056,20.604130244529753,20.876293056960563,20.0378917350916,20.614024082776712,1145851,30489877.914450742
2017-02-17,688056,20.538556513926075,21.11439460636786,20.3582570130258,20.70767362759744,3746855,112105574.65149836
2017-02-20,688056,20.380216491576718,20.447723126643268,20.237136394086484,20.401798385123936,5668526,135767311.79227883
2017-02-21,688056,20.472079220347773,20.9286200332947,20.329455498352246,20.4374363292339,2982258,78002939.68971568
2017-02-22,688056,20.297148687680647,20.81066169110265,19.90128115740077,20.36142869841049,6122880,169061093.55785316
2017-02-23,688056,20.304512243599767,20.957227766948982,20.121161604329508,20.46227380579726,8434323,233851207.03132528
2017-02-24,688056,20.50661708898297,20.76019170070348,20.539162020009442,20.636400184740843,2201661,50808076.75504473
2017-02-27,688056,20.4937620637823,21.101967774595867,20.337704774707166,20.674522810024207,4881504,137921841.33048555
2017-02-28,688056,20.94878528532664,21.104548891690506,20.423257987967016,21.01935659046778,8839759,203669716.03060436
2017-03-01,688056,20.878347442214896,21.2480827664089,20.71424448846454,21.020764300527386,1017532,31352907.604919966
2017-03-02,688056,21.00727373480752,21.504473583123172,20.99674945539157,21.018032930716075,8293980,260806129.3329318
2017-03-03,688056,21.32983912424973,21.476138537145566,21.304374630246194,21.341832663444606,3689520,79143706.29291613
2017-03-06,688056,21.319044114715812,21.819479775777623,20.977123841439603,21.323503965532474,1771136,46810535.49413172
2017-03-07,688056,21.775254621862036,21.878084201006214,21.150058329937107,21.685554329603782,9513085,219426600.00817055
2017-03-08,688056,21.927672052377567,22.302597071860163,21.514030399361808,21.802943318702052,9410293,288265167.37678784
2017-03-09,688056,21.53862192559113,22.244456063460227,21.59666661598333,21.706495061435646,2049301,62230247.89215026
2017-03-10,688056,21.8996828104975,22.509676428598485,21.431770811038685,22.05270541895342,1622495,42135672.18717508
2017-03-13,688056,22.254888359830563,22.34552528967588,21.742140150709435,22.146530501258443,5016891,127608878.60717903
2017-03-14,688056,21.774386791188718,22.202290803230408,21.83289807978385,21.886385934273534,6082407,138242910.1027784
2017-03-15,688056,21.683563603426638,22.21830785542917,21.494780116142095,21.873052450288263,9528968,259883936.03416914
2017-03-16,688056,22.280187817805846,22.780886857821542,21.712522096773903,22.378563405366712,4409958,121687750.01185961
2017-03-17,688056,22.597757049631856,22.933392952604116,22.400517444503485,22.66981947085024,6178099,194333035.93791375
2017-03-20,688056,22.758624778263886,23.020589880313647,22.508406622683893,22.72531230194049,2802779,68072404.82805985
2017-03-21,688056,22.652487157931592,23.335163904980206,22.122490944215844,22.802723106733488,3202268,84184949.10165915
2017-03-22,688056,22.75504553286502,23.49151387112992,22.329652284887977,22.83172220484232,4697525,122866755.2412282
2017-03-23,688056,22.70752665223181,22.946480947053836,22.56719081394353,22.61417822175831,3503929,93321538.0691258
2017-03-24,688056,22.667942841007925,23.04422407807455,22.453529020791006,22.664439834145085,1804695,43189082.80118782
2017-03-27,688056,23.29289236885929,23.493882945956884,22.792210719985228,23.099844215392743,8594229,287071636.6592731
2017-03-28,688056,22.942238767506705,23.757712161311485,22.40482143045264,23.09477771563546,8647354,258109589.37843323
2017-03-29,688056,23.472854891938702,23.681088140232887,23.129767454888952,23.31023587019574,6622241,228114990.26382902
2017-03-30,688056,22.93789487348042,23.57552428077865,22.439495150633185,23.091826917352517,6212618,200290745.3847539
2017-03-31,688056,23.44540521259642,23.63083511163187,22.960678373623406,23.462547225337758,3086960,104327233.85165775
2017-04-03,688056,23.44172383851237,23.544026304250316,22.88845493687896,23.52053583149817,4883926,122240882.09376194
2017-04-04,688056,22.875176707926567,23.63889693371602,22.91866197549712,23.078514955195224,7300500,204442120.37411395
2017-04-05,688056,22.84516946046722,23.19457363435235,22.492493484287806,23.014433271338063,4894458,131075688.37995861
2017-04-06,688056,23.146208972912547,23.145839102368168,22.899345224093825,23.12322540322411,2597427,67495017.70422581
2017-04-07,688056,22.838103101290532,23.67624312587854,22.555030080655936,23.01755459444314,1648511,44847644.05393231
2017-04-10,688056,22.813588856704683,23.003855069077705,22.505399083722963,22.6796215546374,2044761,56046431.30404988
2017-04-11,688056,22.39800173919048,22.421859285254175,21.873314810902208,22.40471136204145,5726650,141606033.53299552
2017-04-12,688056,22.340738367066688,22.58295770368487,22.225432171401312,22.504457039822988,3787246,95292656.92044963
2017-04-13,688056,22.33562565238586,22.593454304626455,21.929042710621,22.228007493015884,9691694,216295114.30988008
2017-04-14,688056,22.161992723470366,22.48745678712859,22.31429378841586,22.32378662462996,3673221,106907820.78538243
2017-04-17,688056,22.15816635560049,22.469268929326944,22.320828530426926,22.360588314227947,7698408,199135654.0045702
2017-04-18,688056,22.53077834722107,22.96832829550575,22.567153142672645,22.673130526374663,2722386,66794560.62572434
2017-04-19,688056,22.577574525084618,22.949844959848594,22.730758395801633,22.772767358208327,6451318,196056690.14680478
2017-04-20,688056,23.10112346833605,23.226385238616423,22.441435544458027,22.96078998244714,2296337,76456090.29528508
2017-04-21,688056,22.87452775625654,23.10521554292736,22.379389680616047,22.821175314857495,2722521,69961625.93656911
2017-04-24,688056,23.028260673584445,22.978256107753648,22.82403242744642,22.95687605709786,4784336,121680608.02063926
2017-04-25,688056,22.954547560825382,23.360818155377693,22.93291733229581,23.0471958248294,6815682,189185695.05074155
2017-04-26,688056,23.0445436555593,23.257310237952225,22.875692755986467,23.075067351135438,2742049,82372284.46138228
2017-04-27,688056,23.020222568964858,23.497901853441654,22.71520119790827,23.211307782459485,6887429,190584382.25682354
2017-04-28,688056,22.85771074730822,23.160712767070255,22.57487271558409,23.041867424694132,5820463,139905265.42727548
2017-05-01,688056,22.45519343412278,22.625906520641493,22.483284233963033,22.58404878865053,2400326,62115428.68790721
2017-05-02,688056,22.357373447287546,22.566885966307158,22.214489348457235,22.335374149996525,6767485,172979418.65734962
2017-05-03,688056,23.092435509026696,23.333484015023103,22.77691089192085,22.95794807471929,3658910,125761542.12444852
2017-05-04,688056,23.052192973135444,23.20409325336594,22.512696950309678,22.844618774348547,9905389,328066682.2910355
2017-05-05,688056,22.67212180295455,23.194358320508364,22.417313144686158,22.69937511310735,6591913,218743856.27207342
2017-05-08,688056,22.288407381207584,23.106323687094765,22.092273316361364,22.449244752896814,4692876,148760266.82945567
2017-05-09,688056,22.62305484931887,23.05340323297404,21.97349411892275,22.631520834030667,9700000,250809087.2774357
2017-05-10,688056,23.367936604009813,23.548239758780607,22.697173557263678,23.22640491487119,7728630,239221336.76504958
2017-05-11,688056,23.02543049316475,23.635341469323397,23.05915709886025,23.230043654691084,8010181,250521129.13869995
2017-05-12,688056,23.13655234547582,23.149652339378274,22.939308949342077,23.002671329416557,4771283,128916466.35744934
2017-05-15,688056,23.043620793793608,23.630163172748492,23.173369149988712,23.276245370223975,9992120,333279846.46585435
2017-05-16,688056,22.893924166308956,23.271214574902405,22.789320280531665,23.076199873938677,3590444,102278064.578118
2017-05-17,688056,22.84877143287869,23.16245180882471,22.68114507936557,22.682008079455564,1827617,50962011.62084995
2017-05-18,688056,22.84024289340113,22.85289583649927,22.125360802201012,22.798117681854876,3783970,94931046.53967707
2017-05-19,688056,23.066461519608524,23.369413268451506,22.62619166906276,23.080692942687225,8692682,279377706.49596316
2017-05-22,688056,22.97890567973983,23.52912001300564,22.692157075111382,23.196461567356486,4099380,117810337.59389843
2017-05-23,688056,23.732440161426286,24.17309011014545,22.875374743663514,23.52716643027916,8952592,290789476.05413556
2017-05-24,688056,23.313778106707762,23.501656523861037,23.014816289447058,23.29534606373807,4937457,126984500.0702392
2017-05-25,688056,23.15158230499692,23.466713762916903,22.959996819188675,23.34216634054347,6158546,155382676.34882608
2017-05-26,688056,22.986989484341496,23.356777114203418,22.84683504154897,23.075754573060337,2583045,67636489.49592781
2017-05-29,688056,23.143996502475904,23.159483505299946,22.847233969592466,23.11907569547097,9804023,270013506.4231663
2017-05-30,688056,23.218143770002776,23.697182800668905,22.422515062395195,23.02143843285527,3483868,91812905.26598486
2017-05-31,688056,23.57094332969043,24.237094468655734,23.183080822333856,23.58775055988933,3009982,104706647.66852906
2017-06-01,688056,23.79229156603121,24.052145905802515,22.99823082693228,23.612314666777564,7385916,238500431.9912449
2017-06-02,688056,23.69781693518401,23.478244486201593,23.36864950612543,23.46470928385019,8863572,273734048.30423236
2017-06-05,688056,23.45975533748763,23.716467082625535,23.068375162087126,23.4949854126112,7185946,192239185.6097454
2017-06-06,688056,23.420382451635536,24.177404631543546,23.62139655998013,23.651531501753578,3941202,93499504.56177409
2017-06-07,688056,23.967996324651587,24.739583241270477,23.846372471499457,24.07893231313767,5280973,149711084.60232326
2017-06-08,688056,24.10041028748972,24.313999927199657,23.834246172324683,24.138981921905323,9018650,325846641.6866384
2017-06-09,688056,23.898451552767963,24.716339728059676,23.573147852681657,24.08251413847185,4728371,139454279.3343443
2017-06-12,688056,23.907999264012343,24.20948788552987,23.454718504004717,24.05853589385235,3305833,87625725.53617486
2017-06-13,688056,24.141261267601703,24.478848683186527,23.447866052693698,23.917586631849872,3990946,103530601.12555967
2017-06-14,688056,24.00933684125729,24.665361671771826,23.673621449559224,23.962518514036056,9579837,305033665.49667317
2017-06-15,688056,23.907580310800764,24.472919913675454,23.91422919521941,24.11523390130482,3943193,113306591.58685173
2017-06-16,688056,24.04777727422513,24.186758478334102,23.75943203468236,23.898284616353223,9518780,261136084.4924228
2017-06-19,688056,23.1231800986071,23.93331386121554,22.673157938322795,23.24064141408566,3282119,96929863.39053181
2017-06-20,688056,23.210760973287663,23.99078376856464,22.91011225387424,23.36672351045524,1915174,60929879.809699915
2017-06-21,688056,23.672073941706756,23.94535563080343,23.023442838600666,23.62146680189753,4366541,148779498.50921136
2017-06-22,688056,23.8313212908938,24.531044893076285,23.531886497043715,23.95767383329567,2629907,74116718.5557656
2017-06-23,688056,23.97228527503081,24.50720235003842,23.339015998885017,24.045644939463948,2512200,73684805.65652119
2017-06-26,688056,23.98370674469996,24.086995501548202,23.58027517097255,23.929357032156673,8628829,287027817.61748844
2017-06-27,688056,24.48586971026658,25.109440590049704,23.84752575807776,24.39273873412043,1313678,35721350.45724651
2017-06-28,688056,23.781690427962072,24.39669502262991,23.28633894637253,23.862375603652175,5122618,172610665.13206068
2017-06-29,688056,23.869347866644034,23.932225550533136,23.512992590658396,23.641977073581817,2053814,65839857.31779168
2017-06-30,688056,24.139791952199037,24.148013007032976,23.44618432913187,23.97141434819599,7568961,220852036.76709613
2017-07-03,688056,23.71151151227684,23.67683734634519,23.358080867581954,23.604988426496607,5054601,176554048.08516824
2017-07-04,688056,24.059749826394476,24.774225735709166,23.449922655805537,24.129290464455355,7973392,247764073.48976746
2017-07-05,688056,24.07488939478191,24.48286215412301,23.73292293361418,24.03304696091088,6456657,199953848.81018978
2017-07-06,688056,24.32595633040446,24.758081134889736,23.82007122350027,24.334944342289553,9192900,334604405.3537381
2017-07-07,688056,24.415950006931975,24.564493591322456,24.14421458984305,24.25730038493514,5729339,195693866.10723534
2017-07-10,688056,24.400706457096828,24.337010313920555,24.070953865149843,24.262914849010947,7293464,227410420.49545532
2017-07-11,688056,24.697882348179107,25.342222403844282,24.393160482575052,24.84047569006428,6400746,237663520.89148754
2017-07-12,688056,25.303846300291504,25.35122985282175,24.67536787831282,25.271142750488607,4786595,173731751.74373704
2017-07-13,688056,25.722209446240758,26.47577230638155,25.65998048825884,25.79179634543788,2628333,74441235.14823972
2017-07-14,688056,25.6371002869905,26.166014621057993,25.523776175408035,25.64772417650628,6815938,185973021.25028712
2017-07-17,688056,26.17592266931667,26.539284633246922,25.864250619638295,26.28749630161358,8044928,294993783.77372366
2017-07-18,688056,26.38719038879042,26.58301608770141,26.07377860153376,26.367507732540783,2611913,71952948.67017612
2017-07-19,688056,26.298160421133908,26.47519154151885,25.952771692969968,26.177210846180852,1620755,53624681.29982491
2017-07-20,688056,25.562693233822067,25.727750903615078,25.310007835120544,25.687918851834425,8561126,253232335.3389197
2017-07-21,688056,26.06530815002207,26.165825191712788,25.648753272739413,26.075110199623147,4175736,124903154.47488785
2017-07-24,688056,26.369416947002055,26.886713497154076,25.788033389241896,26.184410014498436,7195579,230349046.10279635
2017-07-25,688056,25.744968186867798,25.854638122118683,25.362962568175313,25.72858694875693,6354460,204013398.52239218
2017-07-26,688056,25.675848164775324,26.510279469518114,25.248192036732956,25.901954695242814,4953110,133332241.55309269
2017-07-27,688056,25.457383633394905,26.14147363039319,24.962871638961435,25.488869562749787,5091754,159624104.9590944
2017-07-28,688056,26.10350826642114,26.01616694227029,25.414340448167206,25.850056314927677,9003445,313879596.22460264
2017-07-31,688056,25.68354073943329,25.789211718468867,25.151557230992527,25.72269963886677,3145082,97763917.30622298
2017-08-01,688056,25.906795147670326,26.282543300571263,25.519586707175822,26.114124954329455,9080907,260585803.17868724
2017-08-02,688056,25.946713396217092,26.62863873383532,25.879997409527554,26.11822282773666,6728621,202245868.49062932
2017-08-03,688056,25.799477194823442,26.02311863976843,25.3455236796857,25.933699645551446,5888295,177995610.68729246
2017-08-04,688056,25.89275629304747,26.534025660020113,25.472779724609598,25.88970008319107,1942218,70864399.83356433
2017-08-07,688056,26.012031861184756,26.099128785036097,25.936792528647914,26.071698611635945,2749592,71806944.81361414
2017-08-08,688056,26.366828994352115,26.728057094719563,25.840893196795637,26.37805801830369,5796235,222408077.1650623
2017-08-09,688056,26.24121256020641,26.38897593211453,25.856312044210846,26.36979897696167,9226760,312434321.06306803
2017-08-10,688056,25.922404944042604,26.036722122417075,25.422581215118992,26.027690055173014,5025180,150677889.78483054
2017-08-11,688056,25.605592666327073,26.014446837469347,25.633446743435233,25.8627307956958,9616160,249352014.29342532
2017-08-14,688056,26.155288057617756,26.97169684946235,26.12121902799708,26.307852984328655,9109867,324618468.79914355
2017-08-15,688056,26.58494219170053,26.890197172366115,26.307932839677903,26.474855300598396,2967667,112157110.82622935
2017-08-16,688056,27.123646973675914,28.06428636564966,26.896074089588712,27.34857873161205,4353235,141962224.35786828
2017-08-17,688056,27.69185594111938,28.040636302687265,27.127868042512553,27.445025601858955,3950449,157850989.48791492
2017-08-18,688056,26.995862210724475,27.74482149371823,26.37705100927083,27.154262389448977,6266545,252614533.3970758
2017-08-21,688056,27.15461692587483,27.441993310475507,27.019418909589614,27.182377633954154,5396022,210622297.0168161
2017-08-22,688056,27.09423314822912,27.028273284727685,26.82558739632957,26.903457074935684,4432965,133150203.72614844
2017-08-23,688056,26.939427319863963,27.56574741741757,26.786030444980813,27.0365885414311,9571358,354433635.2372951
2017-08-24,688056,27.04233998477337,27.378136044609512,26.712266747132787,27.133879954099587,3761022,143959823.54617086
2017-08-25,688056,27.38123174263329,27.783075417676024,27.092976557665466,27.340909352318366,9769183,302301515.23288184
2017-08-28,688056,27.644862627144292,28.215102904584878,26.991937107426708,27.411415952025916,9709089,391015351.7561263
2017-08-29,688056,27.347405539907733,27.649002529524846,27.356159509639355,27.453261110773933,6375384,216896038.55193675
2017-08-30,688056,27.516136758009548,27.520256212667185,26.552923249841495,27.311955344226103,8301511,249327642.8963413
2017-08-31,688056,27.805548189910763,28.19979909971902,27.14718864160292,27.6062202774888,6558626,224160359.73801795
2017-09-01,688056,27.978467252501105,28.03981396218037,27.58157408581222,27.82328817472831,1929424,60837530.44688368
2017-09-04,688056,27.525743697467096,28.27528187658221,27.123850094246265,27.65523862344392,2257243,78591756.66798474
2017-09-05,688056,27.865635955688596,28.143488227672233,27.81604155550628,27.859278405819342,6397371,219213307.99051148
2017-09-06,688056,27.977468722505165,28.381665053792815,27.83500275082009,28.2116159145235,8773506,258650442.5583841
2017-09-07,688056,27.90118894430813,28.388107158157535,27.26479745085342,27.995299393626844,7551490,246094808.8028042
2017-09-08,688056,29.041832205354183,29.70412635097722,28.22493975981193,28.882751917935234,2852939,103084814.09760053
2017-09-11,688056,29.16226412668186,29.550345699148245,28.59846884165045,29.150662860890517,9532703,326830092.74102473
2017-09-12,688056,28.857496555295665,29.757857038659896,28.626718077045478,29.08896702984916,7756333,268358267.60346875
2017-09-13,688056,28.359660153264166,29.05717688742487,28.28566635828249,28.37985439215241,5378170,166935335.15710425
2017-09-14,688056,28.150838581083914,28.970210611523434,27.51139427048171,28.280590215056073,2673143,76866424.64877221
2017-09-15,688056,28.345676142963413,28.56818761945552,28.107955490521398,28.52054039682202,9917003,394385606.20577896
2017-09-18,688056,28.435244684201383,29.124551411984477,28.073085942727513,28.715416664266524,7679335,240204183.65136144
2017-09-19,688056,28.525561585860533,28.6467450918544,27.841555163304392,28.342076390667785,8562784,297645800.4381594
2017-09-20,688056,28.6463903635329,29.109852508102865,28.599782508258766,28.88630706305229,5335206,166690761.51031494
2017-09-21,688056,28.75212873005979,29.506427025116132,28.469540036535545,29.002817841214128,9278071,307518433.836786
2017-09-22,688056,28.719141508350788,29.511265228376928,28.26176051910237,28.816179202412613,7465444,308090525.74112505
2017-09-25,688056,28.65337521876042,28.819489937539352,28.731507868403067,28.76577370758456,8539462,298896754.4887656
2017-09-26,688056,29.08149716732224,29.752695224588415,29.287620013871173,29.291937677869164,2003627,86830728.06914589
2017-09-27,688056,29.57896331235509,29.818229985153764,28.57415394022318,29.342272082753244,8813459,277472104.7933824
2017-09-28,688056,29.214830040377738,29.84713104711376,28.611129856805665,29.252131628073364,7710440,285272138.93553835
2017-09-29,688056,29.524089781507666,29.828046141448215,29.42702761948975,29.58814497965347,9073993,360348777.8129594
2017-10-02,688056,29.604952684417324,29.970217446664687,29.04738636941448,29.656911779451576,3684812,132992922.87407464
2017-10-03,688056,28.66367891884293,29.22137187474899,28.55508011011109,28.59780657584904,3522332,130701953.63797319
2017-10-04,688056,27.673286771941893,27.927219893645464,27.092761543149333,27.925032432394037,9836618,375478561.1870064
2017-10-05,688056,27.723500453001698,27.66091989071203,26.705493135075372,27.47622822767506,2487572,98513473.8969018
2017-10-06,688056,27.403576783161505,28.0962959055961,27.464396066924774,27.50893177527136,4554718,149286115.6134741
2017-10-09,688056,27.37482141728004,28.144314485446092,27.52557453760342,27.61423520112078,5209735,172990316.16932613
2017-10-10,688056,27.924854535626277,28.372022190731236,27.63732864581941,27.780932251203765,8552088,259482065.0638817
2017-10-11,688056,27.472518625623483,28.030706880691667,27.145347942942777,27.72114525710437,4304972,148884262.42494497
2017-10-12,688056,27.758824014914893,28.641408380164187,27.370068166321115,27.91142202795643,7775689,304093112.0386948
2017-10-13,688056,27.168325058734517,28.06723318448582,26.700382509150714,27.28774415305195,2647750,79963930.84593
2017-10-16,688056,26.803623160891934,27.397488483430504,26.89504455463114,27.069787032755727,5924602,217080935.5921976
2017-10-17,688056,27.091116816090956,27.626946963860934,26.52231095554383,27.27781006159458,3257726,97597541.38876584
2017-10-18,688056,26.59972044042096,27.099788762682,26.37576420980498,26.744987208735072,4278990,158490198.48986185
2017-10-19,688056,26.635949963651118,26.984746477081984,26.421415779316376,26.53648460703329,7078760,277745248.9014247
2017-10-20,688056,26.480175708669563,26.775461235192783,26.04284240949635,26.30049004144439,8597168,274111820.8033048
2017-10-23,688056,25.7332231811624,26.298276090216728,25.251533675320303,25.9532532700255,6699531,180369551.46730605
2017-10-24,688056,25.88870807646043,26.04267229614214,25.68042768040908,25.78165529154028,4374985,121087253.91723748
2017-10-25,688056,25.235348517306928,25.335754281607475,24.718756716948032,25.25134244357649,9879944,287999144.16661817
2017-10-26,688056,25.238625515547675,25.28636850424521,24.654759395588698,25.112317178828512,6084084,180219397.78695276
2017-10-27,688056,25.260960722356007,25.555064113407198,24.527789642738885,25.083344645699945,9462315,310944290.1617419
2017-10-30,688056,24.6439375313014,25.477779522808596,24.58918230418719,24.888039483225967,2455006,89525601.45195226
2017-10-31,688056,24.655411806772868,24.936105727837777,24.396985981184272,24.68777310347549,2240854,68532505.34904672
2017-11-01,688056,24.40302515425952,24.768825603900243,24.528644660103765,24.554087902403026,4770367,153098033.9673636
2017-11-02,688056,24.33673800338632,25.103731051506106,23.721533413430674,24.399766192933892,6753399,178840765.0274423
2017-11-03,688056,23.91413771681965,24.334056901415284,23.418027800719436,23.910499247958843,9108091,321201964.5657665
2017-11-06,688056,23.906774064380304,24.310201776754727,23.595667775164717,24.018651883551954,1357105,44744359.7572944
2017-11-07,688056,24.346009221530412,24.35678251774953,24.01516915984054,24.255882041339646,3397128,94500143.1812233
2017-11-08,688056,24.000766609776992,24.64278311885024,23.681359237624765,24.12311186493492,5605086,142107932.21622875
2017-11-09,688056,23.97293983224352,24.551945779904827,23.34206631775503,23.988478386993712,9961318,331397461.7812191
2017-11-10,688056,24.156908022040778,24.532998200805455,23.53129746427244,24.04711571965943,8284611,283341745.1695833
2017-11-13,688056,24.129572059748845,24.11275092209031,23.283276216852347,23.938197542380088,4595785,122415427.93298903
2017-11-14,688056,23.970737884019652,24.11727620434778,23.72442081120229,24.08429266504363,1497506,36149432.58569935
2017-11-15,688056,24.150284156524314,24.613730719332032,23.95891677211164,24.098827741704135,2789848,81634742.94868565
2017-11-16,688056,24.07517605844297,24.096272996173145,23.804322277694823,24.058313336746178,7758882,214334877.54641932
2017-11-17,688056,24.150716361332478,24.441373386470907,23.592982644375365,24.20765344375357,6896021,225752408.21983212
2017-11-20,688056,24.037763178859358,24.75265939472008,23.72605540286966,24.15503582437364,4155351,126290708.57429054
2017-11-21,688056,23.790844873486286,24.58917973032202,23.47371752776017,23.96741624870291,4974112,138865692.0550972
2017-11-22,688056,24.140746594799747,24.360960961996835,23.572477250255023,24.210086551558966,4710936,163031331.58438474
2017-11-23,688056,24.04326122934751,24.57070219653419,23.46321887958372,24.131106912228113,1838907,59235175.48431325
2017-11-24,688056,24.3150501733838,24.794750816188753,24.05956782416627,24.247052834723306,2390259,70304439.99644335
2017-11-27,688056,24.407852425509994,24.756413119019292,24.039067926134933,24.31205159372064,1392805,38877027.65567483
2017-11-28,688056,24.20295725604958,24.26662559575471,23.765899234339614,24.176695665470127,2768536,88531970.58542381
2017-11-29,688056,24.698955012015958,25.075367672425692,24.15599281028944,24.598275157258065,7658359,278726750.3892009
2017-11-30,688056,24.77041492259238,24.949610736595602,24.723850178049368,24.79941030610239,2328754,69424956.10411073
2017-12-01,688056,24.818353778901642,25.187352650101797,24.66588881077917,24.791250953602493,5628833,163157069.79935694
2017-12-04,688056,24.14279017065795,24.60153753210209,24.111007643755418,24.291551862384296,8569614,223013070.3071101
2017-12-05,688056,25.159764190455455,25.353887212912742,24.53591943434895,24.925817390210398,3049221,78674220.05423471
2017-12-06,688056,25.080299258573298,25.68534552540136,24.283497495104285,24.95936259330177,2040420,53647128.18025617
2017-12-07,688056,25.246012329552595,25.581578919279913,24.766234525056092,25.25870792901178,9746084,325670646.03308904
2017-12-08,688056,25.01703274029395,25.788059880534696,25.040652547092787,25.24197991497976,2139226,61343349.77396592
2017-12-11,688056,24.939691209185145,25.153757612920202,24.801631512987786,24.99417130602014,2531832,68798058.33813967
2017-12-12,688056,25.67982730152076,26.017886840484675,25.082211747891133,25.733600118783038,3516276,128031252.40986156
2017-12-13,688056,25.7316396161992,25.836082998607125,25.037026366742108,25.601815693389952,4475636,138724002.18256724
2017-12-14,688056,25.223087635264008,25.707738371429695,24.60440067907183,25.341436529256043,4860038,139252366.45033413
2017-12-15,688056,25.093133303607278,25.47519208123276,24.708882895347703,25.153303548212076,3859817,135775956.44637942
2017-12-18,688056,25.193830122104814,25.43384949771741,25.169091217839775,25.25906393141627,4870405,131231107.92294906
2017-12-19,688056,25.021845378555973,25.420961931979125,24.64808097413491,25.05198780006307,5028186,170002538.7287065
2017-12-20,688056,25.242708347150824,25.684483276304682,24.98535472016043,25.000211535391674,7392738,225662994.81777602
2017-12-21,688056,24.681401771725728,24.580562308149275,24.236664703666353,24.50327714534957,7345054,218232914.577391
2017-12-22,688056,23.73473234978153,23.96628393126411,23.48253195783658,23.94126587843234,9500917,339595104.9610303
2017-12-25,688056,24.11417347708468,24.075236407805015,23.813380894339527,24.038225287896452,4344584,134801573.68859074
2017-12-26,688056,23.878290495166166,23.914066414358345,23.584809645058225,23.897353234424187,4130861,121371011.94546705
2017-12-27,688056,24.20011213231632,24.17816173484002,23.558274121205788,24.06517082560366,5708448,141439262.20777443
2017-12-28,688056,23.767740658086066,24.455188010454723,23.776011902466635,23.89241916877091,7576188,194279410.1390693
2017-12-29,688056,23.784280331016916,24.12822024129031,23.162276464045803,23.82694131204957,1922785,56582869.40093398
2018-01-01,688056,23.975489642580957,24.382006498871764,23.679001946291077,24.06020509085605,9595344,301642314.663938
2018-01-02,688056,24.02638341620266,23.934746396503048,23.53636082719729,23.87873573156138,8773771,247845904.03146923
2018-01-03,688056,24.056867675166096,23.977180635514518,23.92137068529797,23.959386514516268,8447847,270673192.123214
2018-01-04,688056,23.51097016517793,23.918730145001582,23.228785428177453,23.697266802075845,3323846,110061303.68017468
2018-01-05,688056,24.382346281755872,24.247998069822508,23.98819034369343,24.152523747841357,1857555,54829978.48415972
2018-01-08,688056,24.101196579839076,24.316988720242772,23.389640443063456,24.022079747958085,2256802,69187148.9267318
2018-01-09,688056,24.120825779515545,24.759449978773933,23.554858640590727,24.233806749211865,7133560,228102904.9248224
2018-01-10,688056,24.360321672889704,24.90318671020866,24.084059505522273,24.36064392437673,5727022,190785121.65660244
2018-01-11,688056,23.7821290685428,23.659674966908387,23.11128062325027,23.659377097988767,7588495,217532169.56647155
2018-01-12,688056,23.502684876368875,23.926661607241012,23.053096943524725,23.403456152451874,3230404,91718605.15862475
2018-01-15,688056,23.85684661435453,24.474587449808986,23.6633114263106,23.763781299486677,4223819,144117210.20503303
2018-01-16,688056,23.34067675892978,23.507620664153094,23.109268087922338,23.337506744774075,5008655,149684536.08615243
2018-01-17,688056,22.85129060312356,23.583948363264273,22.65708222344264,23.029422771158366,8101676,199393298.4302681
2018-01-18,688056,23.23020299293098,23.62934956631262,22.618683249338645,23.2838919203543,1162631,36842863.572761916
2018-01-19,688056,23.29479199542624,23.267949392910815,22.697632433655567,23.09537358083699,9178153,252377838.29924273
2018-01-22,688056,23.49191980138625,23.314770883317838,22.991806437693796,23.26865036887012,8194223,207239436.29299524
2018-01-23,688056,22.814806810189296,22.846317299013357,22.044361281934094,22.594338530260394,8500128,257220330.51704162
2018-01-24,688056,22.43573231189711,22.678956679538263,22.16011717020344,22.24201722005033,8952985,213267288.07389677
2018-01-25,688056,22.354226444125214,22.428506842314487,22.316103238902933,22.349578270105226,5025061,163316388.67137027
2018-01-26,688056,22.834888387082877,23.271943500323815,22.22801084640752,22.730094703003896,1782903,57262659.90921822
2018-01-29,688056,23.046546622381463,23.59732306206928,22.403468886505316,23.033946222043276,1391349,41166356.79101018
2018-01-30,688056,22.995216640691996,23.48332706222909,22.665086834079084,23.22236818950739,9988039,267375252.5430677
2018-01-31,688056,23.852895890859397,24.29778040391617,23.021882133725097,23.638234759936736,1589518,51636521.45402299
2018-02-01,688056,23.930736148471908,24.196419661692026,23.373196017141918,23.971185791303185,2392230,63212259.67499625
2018-02-02,688056,23.681120730505825,24.20581065451739,23.51629325197153,23.810556070941452,1741717,44661241.34836507
2018-02-05,688056,24.434136685716467,24.889857270903278,23.728635698719888,24.38353106486956,8415055,243163704.28661126
2018-02-06,688056,23.710964115848785,23.89201681398126,23.44803316736117,23.86224618636044,8444294,301231440.436822
2018-02-07,688056,24.0669390452784,24.83693255158458,23.549415440925323,24.165068302432367,8604102,232118909.0714057
2018-02-08,688056,24.266302079736683,24.621023126315844,24.072153772266198,24.094172002793634,9441459,266098140.5054981
2018-02-09,688056,24.00331458148209,24.58187733436479,23.888296018726514,24.211780562857374,9465223,245552894.2707113
2018-02-12,688056,24.08364239402804,24.35684975253448,23.96353980656008,24.02887193779209,6761917,179650669.8746931
2018-02-13,688056,24.00525367141208,24.269233603049596,23.87417597948124,24.026484751523796,9821514,309441771.15551585
2018-02-14,688056,23.998192315269996,24.495099973266534,23.626544708708217,23.883312073506026,2836747,82318978.94862214
2018-02-15,688056,23.70701645693692,23.759086722872077,23.31883964459968,23.74511878626951,3605419,87588442.19613235
2018-02-16,688056,23.537364785806265,23.90835257623736,23.41924491759948,23.49043598765722,1907444,56549168.416215256
2018-02-19,688056,23.45053118279103,23.610206884771166,23.28304342573889,23.38103305459156,4436736,141698980.73293945
2018-02-20,688056,23.51913500050479,24.009600062892034,23.31628075015109,23.633807557624927,6398165,155017788.67870718
2018-02-21,688056,23.293597849211196,23.425599824683005,22.920150951133685,23.179654613833073,8652300,220217033.98809168
2018-02-22,688056,22.80474507067126,23.40187447082311,22.98896946471896,23.033224733650158,5766415,190519871.00185037
2018-02-23,688056,22.96215016242442,23.430386474961317,22.6401395361375,22.781752748900953,5168929,131028649.23103416
2018-02-26,688056,22.824800333104314,23.30022309809705,22.647147563391048,22.76375870570272,3797270,114059345.36622448
2018-02-27,688056,23.155920526886504,23.20984492470481,22.446635995847192,23.007630540024124,2803628,66650559.75470894
2018-02-28,688056,23.06369306654169,23.46677425944097,22.82531988624231,23.07002232225279,1357942,45234618.601110786
2018-03-01,688056,23.07310864159674,23.045171907751474,22.379192702884755,23.03241357705276,2489239,72368197.89967987
2018-03-02,688056,22.91339211374772,23.58325129416879,23.07346884509412,23.08687414688245,9547560,283888101.1065063
2018-03-05,688056,23.09973661347063,23.391791060305977,22.796631324044526,23.01344037153999,8305273,199697771.8327861
2018-03-06,688056,23.405885044963757,23.480802904761962,23.154232336481826,23.177510404535113,4820781,149206265.42348322
2018-03-07,688056,23.184303683249784,23.36402504679542,23.021053418177686,23.285283333579343,4367292,118776322.4555777
2018-03-08,688056,23.091062112499888,23.541031216320885,22.687590171061718,22.912664847294995,1190546,39749938.35732958
2018-03-09,688056,22.63814711502957,22.739515863793706,22.02555154265012,22.627886773537,2484087,67697155.59319532
2018-03-12,688056,22.271991015444062,22.52658494410958,21.896311731147314,22.271023236442815,3373343,106276214.19215062
2018-03-13,688056,22.602830467633485,23.40539676420006,22.301700382446356,22.750741613524593,5204953,172403694.96414366
2018-03-14,688056,22.242915887946406,22.366475760548155,21.92581228199051,22.195024375118784,6858318,183631524.4362963
2018-03-15,688056,22.521250366547353,23.042502628264753,22.351462064109146,22.378387503104328,7128916,221330341.4960217
2018-03-16,688056,21.920761649958457,22.04976864837054,21.436173675353,22.011956101075974,2632089,59802184.82719347
2018-03-19,688056,21.740477621230916,22.224506772477362,21.459862127022802,21.73896258589373,7863679,222065885.61143103
2018-03-20,688056,21.511300163192296,21.840743143003287,20.839304125995024,21.47408422870461,3250604,87914508.33039601
2018-03-21,688056,21.390352280400485,21.519224201844676,21.27950109530229,21.380160308195933,4778093,148818744.26717266
2018-03-22,688056,21.094776940344612,21.676987279594282,20.84155545871221,21.212250447098153,5586830,136632732.37614426
2018-03-23,688056,21.184498929510386,21.386961611265654,20.853655575451054,21.383311162966066,3424908,109476699.63078554
2018-03-26,688056,21.727500735487453,22.101522221619597,21.35729551700377,21.859202262927546,4207502,93207281.6450237
2018-03-27,688056,21.76574518246627,22.398123147451212,21.905746769369202,21.92747280477281,7822454,241445004.4199187
2018-03-28,688056,22.275342808494116,22.780943277459976,21.73254140095401,22.292558941721005,4645532,106595847.14517318
2018-03-29,688056,22.503854263710068,22.784915136675792,22.408621729913136,22.502051620508112,5295770,141812140.78659013
2018-03-30,688056,22.483931937088137,22.684391862545166,22.139176988813002,22.336251889383576,1095183,27392199.007735386
2018-04-02,688056,22.739103287167097,22.77389845895045,22.17398546492098,22.744955224190832,5456435,173617693.93518433
2018-04-03,688056,22.509459845324436,22.438945013516424,22.284282291896886,22.33839721280947,5760965,187530825.419503
2018-04-04,688056,22.028956354484972,22.40229386876112,21.939850891735887,22.091738924520683,1347834,39221104.95590106
2018-04-05,688056,21.417248204748986,21.87256439385672,20.908672616576585,21.500907194777213,7263969,170218546.6457663
2018-04-06,688056,21.79519119526999,22.21228912092295,21.509818721046095,21.818070308544105,1062572,24476442.782184426
2018-04-09,688056,21.78618868701798,21.969430479461092,21.590236817689846,21.86629631000806,5117154,153374755.8587737
2018-04-10,688056,22.274930257322442,22.363216307585823,21.83697786765776,22.33577502585343,6152101,166281491.4627919
2018-04-11,688056,22.08769732773746,22.58546605135961,21.915297801920612,22.026887416004072,1361363,42422944.9787249
2018-04-12,688056,22.093573778204714,22.136259983137833,21.575688976517537,22.0638166916781,3657236,84262969.50545187
2018-04-13,688056,22.427958668927218,22.435535303437447,21.93453909911497,22.213131986657576,7511514,207201146.36495197
2018-04-16,688056,22.664297650522304,22.618092620211762,22.038284249812847,22.610875959652216,4185101,101019778.12173899
2018-04-17,688056,22.925424071632893,23.247027335689122,22.909159959982578,23.013026984977557,7255197,218024493.2072934
2018-04-18,688056,22.95529307628234,22.890015071634373,22.646210766220296,22.87334307749043,6047296,198175152.24481565
2018-04-19,688056,22.86310325695295,22.89620401050405,22.32449444444871,22.738157429334102,3690761,95325726.95332465
2018-04-20,688056,23.084315224396377,23.37964270879128,22.458339295823468,22.91532600680371,3198634,99649779.88627742
2018-04-23,688056,22.33143271541326,23.090860019557148,21.948664797800532,22.532449711093566,5647997,190050136.51883635
2018-04-24,688056,22.47796088588853,22.996659066987558,22.148957299679346,22.555596734644347,7541966,173609049.83834827
2018-04-25,688056,22.323408633752383,22.700278845924135,22.376236393776573,22.429298319078164,2437422,80281647.59178987
2018-04-26,688056,22.032892004836818,22.547371539865743,21.983057905798677,22.254818720265263,4996467,117304074.67461964
2018-04-27,688056,22.21155330821924,22.35361074106006,21.475634965177722,22.01542614499361,8386512,218769140.49084762
2018-04-30,688056,22.673074953087692,22.990942510057764,22.476290462680755,22.47995135264663,9438221,242846289.32700256
2018-05-01,688056,22.165228560123996,22.607904068895206,21.50544049318899,22.101369720172393,1072461,25374825.83081307
2018-05-02,688056,22.18634884390409,22.65305791883194,21.59360532288609,22.02674794242502,2869204,86177497.17482194
2018-05-03,688056,21.756257119704763,21.896108611364603,21.647613135764605,21.886648549733998,6035840,152935341.71562532
2018-05-04,688056,21.87075322344037,22.266308433848693,21.783868080849185,22.020825299340977,4612964,111030915.43821223
2018-05-07,688056,21.738996042875865,21.903737735660865,21.53700588540686,21.8516500837351,4983456,114661405.72638631
2018-05-08,688056,21.647518793326412,22.16367741428194,21.363889699203913,21.751753914215314,2295706,55998107.73568097
2018-05-09,688056,21.14796590261925,21.88342498827373,21.205026662162126,21.344385701423704,5813341,156246793.08052686
2018-05-10,688056,21.55576774266476,21.59972532799612,20.930142690627743,21.359085149838208,9991646,300874930.81958914
2018-05-11,688056,21.351626688663423,21.951264744595505,21.2733214007951,21.531092585686217,3365872,98872298.24821526
2018-05-14,688056,21.57167996015036,22.232486943497918,21.366458874491695,21.603793370023702,8264734,244148729.2415063
2018-05-15,688056,20.982258295172596,21.146560643068202,20.920430891275064,21.060147612957778,4180532,129292830.82422504
2018-05-16,688056,21.27881716070558,21.83215778802583,20.709938591675293,21.215652670496475,9959458,222450469.12825292
2018-05-17,688056,21.511447283607577,21.884452379175425,21.493023995059534,21.525928404629035,7283878,178531026.78146905
2018-05-18,688056,21.225369970646476,21.37175763812333,21.22977411731987,21.322026360645495,6923278,218421798.38450038
2018-05-21,688056,21.075997157532463,21.251098024016066,20.727280216912217,21.15069689907856,2399760,71812895.99421391
2018-05-22,688056,21.54050621628143,21.385232565515814,21.007662540077458,21.353270049451833,9711770,251010189.6199714
2018-05-23,688056,21.251089780412485,21.84831827549642,20.893403972792935,21.28438456965995,5181178,135507901.39319715
2018-05-24,688056,21.303750046464152,21.953429238027045,20.885415780145422,21.356251524372762,1541515,34204302.70536924
2018-05-25,688056,20.97392495689889,21.621155174378654,20.93928282201926,21.089934000599854,1179522,25505177.545555554
2018-05-28,688056,21.263487058012544,21.72919320388273,20.98189727030129,21.218785332405233,7278556,209209504.03982228
2018-05-29,688056,21.2391108138338,21.46858380207036,20.843592961837945,21.184269778115585,6786348,203859926.5569418
2018-05-30,688056,21.073755343698693,21.793340282910417,20.72976441920076,21.17353329177791,4839472,112158126.8427774
2018-05-31,688056,21.284325638335588,22.019919454266738,20.78386977355038,21.380831947199813,4663441,112504622.20168956
2018-06-01,688056,21.614847350087746,21.80209708946943,21.501191263254885,21.52200142727319,3568441,113187602.93828747
2018-06-04,688056,22.120400646287557,22.21804792973885,21.523944662722013,21.91731179032932,1298926,38066874.02662574
2018-06-05,688056,21.820315935930804,22.21057064436043,21.7163872436408,21.718392803773146,1916141,56794582.08874985
2018-06-06,688056,21.878656479112763,21.76519364839383,21.519837511793874,21.716284390323104,6060134,175564039.25881484
2018-06-07,688056,21.21028499604906,21.379079343153258,20.793071508179704,21.202986259277562,6993318,217113475.39115047
2018-06-08,688056,21.40843555079171,21.45344450545169,21.04482369667068,21.3277693029026,9984860,268597920.3455428
2018-06-11,688056,21.687138849203574,22.22879629786315,21.261445302944676,21.598499351150586,2712338,74998203.20306116
2018-06-12,688056,21.689350924646988,21.937361271400572,21.72601347512962,21.853601221532514,6354266,175525349.55112818
2018-06-13,688056,21.580178649270323,22.031107887477894,21.36795255135435,21.71897088433047,9715409,222365609.28102735
2018-06-14,688056,21.345915949409594,21.994794976338472,21.25184010805072,21.55526928387419,8941478,241089077.63016018
2018-06-15,688056,21.830077711721046,21.7525347729849,21.321961585541068,21.749722009525506,3758964,93322175.30661078
2018-06-18,688056,22.135814011572677,22.183336512368506,21.52413798243782,21.922481866922194,7073293,174000262.3695157
2018-06-19,688056,22.218064246422774,22.50746716835176,22.00457753703725,22.063246709658692,6972974,190523534.35421106
2018-06-20,688056,22.429129617700163,22.838835912740418,21.613642637631155,22.28029064991945,3505235,88055158.3791917
2018-06-21,688056,22.149557848497242,22.618935992689106,21.826423478731517,22.14564649203711,8780971,247249787.5070708
2018-06-22,688056,22.2236957795892,22.824642562287682,22.049282319160604,22.31354119631623,4632276,122865894.62566519
2018-06-25,688056,22.831602847247616,23.17046523016561,22.341712511757805,22.67217354701338,7377019,191323801.41486502
2018-06-26,688056,22.294305571920525,22.93987596656445,22.435146148631027,22.45364867179574,8182706,216710223.15033424
2018-06-27,688056,22.316201128259625,22.824965279794196,21.889653687031863,22.350971693808077,9204845,245485328.11531353
2018-06-28,688056,21.74428871008227,22.058500217685832,21.66387750025383,21.868968247987475,2891895,81042762.79401086
2018-06-29,688056,22.198355318508785,22.482624911097506,21.65406141588678,22.245930247076103,6016189,150893609.97624177
2018-07-02,688056,22.231517881302324,22.06059853217506,21.956963288797024,22.027053542332503,3364001,80892154.79462245
2018-07-03,688056,22.098917457674673,22.097978097528745,21.85224718015952,22.027137044205947,9206929,297939403.5168051
2018-07-04,688056,21.807455649039014,22.282569945890348,21.739812971418687,21.95315938359203,6673102,210156049.3560405
2018-07-05,688056,21.96039497737227,22.185167511115964,21.488881055379643,21.83430051803866,7163062,205750505.4878027
2018-07-06,688056,21.523801677321195,21.95393814982975,21.095067554203503,21.548921674910368,1394360,30321648.147015292
2018-07-09,688056,21.070382149625537,21.46494892550057,20.729224450637478,21.04266303656932,7075843,204149233.64960214
2018-07-10,688056,20.949405658734573,20.988378589581643,20.604306889033328,20.910262944815095,9893195,208482516.41683334
2018-07-11,688056,20.886382376913655,21.521332431815935,20.781112994600473,20.925215028845095,9986027,217021513.53346226
2018-07-12,688056,20.93207376023062,21.35704123031592,20.612432399008892,21.107532563652185,7051924,155495065.13081333
2018-07-13,688056,20.997711698871537,21.281126178657,20.31913106438609,20.888447700445028,6515447,189996019.6137714
2018-07-16,688056,20.75483301471917,21.153117481688778,20.824828284089374,20.836915886517964,2698790,63185555.84503863
2018-07-17,688056,20.287149058409973,20.711423685969567,19.965524261311703,20.35905916362313,3199686,69040058.53095025
2018-07-18,688056,20.557867363581614,21.134832655211852,20.39186822716101,20.615810739082924,2538071,77556668.89811853
2018-07-19,688056,20.74675348928105,21.310114439481396,20.486418519055178,20.82485148725391,7827221,236519943.95947644
2018-07-20,688056,20.84264198496113,21.274771051422867,20.807812927855437,20.930301113985877,8501480,241625457.22314483
2018-07-23,688056,20.696286235203345,21.128324875675943,20.65669171123844,20.782160205194433,5008604,113394876.59733595
2018-07-24,688056,20.56465132537649,20.894329688980232,20.4030318601549,20.474402351652746,8834086,204699720.22709394
2018-07-25,688056,20.633669381464035,20.61902303918072,20.36692462273415,20.564364377603173,6328991,162632880.59224433
2018-07-26,688056,20.699925278332223,20.70480644982274,20.349849124081416,20.55360934132004,5838315,159419803.98959297
2018-07-27,688056,20.3058923393681,20.799506569571577,19.97187769108534,20.39656155908442,7450100,213327620.24114195
2018-07-30,688056,20.467395468552265,20.78375151159076,20.326133841978848,20.358595325786048,1327876,30114413.734859798
2018-07-31,688056,20.473272411051596,20.706304924224685,19.778925801465423,20.29105925832509,2258923,68633159.1310838
2018-08-01,688056,20.431020414641868,20.652516015821757,20.04678166226379,20.49673801063225,7848249,172476152.6799086
2018-08-02,688056,20.687290852104823,20.708551981296065,20.034542376855946,20.521725508675473,2141503,55757487.87419327
2018-08-03,688056,20.326705628257884,20.78572804108267,20.047030839927658,20.24213883706358,3014287,62474385.8983466
2018-08-06,688056,20.08037184146554,20.48496709619855,19.69097440018807,20.21543702419325,6712957,143774374.43773016
2018-08-07,688056,20.22480983009499,20.901618973365306,20.05849286344518,20.372320932279713,4028048,117750427.30142464
2018-08-08,688056,20.619165911018655,20.906198475453202,20.002095651338234,20.46295932519402,2946270,63490383.30708107
2018-08-09,688056,20.295924573442583,20.811734072147566,19.766120614992754,20.3353726824377,1642347,45995508.42024548
2018-08-10,688056,19.78725649694105,20.275752052185023,19.847535809418726,19.96482348275019,1559102,36431449.096973605
2018-08-13,688056,19.837203593205533,19.76268432920432,19.4495565663408,19.66633809946245,5217294,146335906.36089787
2018-08-14,688056,19.503502160107544,19.80396982646779,19.100743711491603,19.65528927958785,2006426,48435523.27291863
2018-08-15,688056,19.818155296858126,19.79511749248286,19.555153242918244,19.78312907013523,9434870,221955370.3668317
2018-08-16,688056,19.539684349449182,19.688183737094008,19.329945682910612,19.658358410368603,9336675,225765803.83078176
2018-08-17,688056,19.440996912326856,19.876399865103203,19.255238413746497,19.56079815890824,1026874,29143538.781904027
2018-08-20,688056,19.15243265635535,19.562000143095,19.19488226564563,19.249473696388176,1714567,33764103.66901119
2018-08-21,688056,19.308178500127994,19.63868384831182,19.1012916239959,19.15887053788608,9156049,210403402.55249995
2018-08-22,688056,19.11992462798061,19.6012940043324,18.831311084124707,19.040443889351835,7263060,176205594.53165483
2018-08-23,688056,19.262975513894975,19.199888568348488,18.761994870395615,19.17536140388493,7047514,164344513.50670445
2018-08-24,688056,19.31438442650212,19.39717367599437,18.917357173336978,19.20685542966869,1927571,53129107.10465626
2018-08-27,688056,19.350496329464598,19.78853578713191,19.352130275443063,19.523079834926804,1418270,30108865.2527898
2018-08-28,688056,19.643151385710702,19.741953641641764,19.52467423462718,19.6007875950976,8289391,193785710.34757215
2018-08-29,688056,19.608628572298226,20.376648654037645,19.728771482543497,19.803424155392968,2504646,58166206.88752978
2018-08-30,688056,19.79713260678067,20.20101058840927,19.42951118542965,19.632503136792565,1360215,39578749.67826782
2018-08-31,688056,20.220697954042443,20.28005772094431,19.943793980914204,20.041470751619297,1737930,46360580.50541546
2018-09-03,688056,20.017486287719635,20.102100167976754,19.85293460291529,20.07451151376517,6114689,161459086.66483703
2018-09-04,688056,20.04648626410101,20.704773312584692,19.870050449870558,20.123542055444084,2754145,82493020.9101626
2018-09-05,688056,20.2515436815857,20.815944145001474,19.872279794003752,20.3807559930247,6761448,164255393.6365942
2018-09-06,688056,20.506674514640896,20.89702929490062,20.094766500253215,20.602313247258856,5873501,179277975.86716032
2018-09-07,688056,20.367086249668926,20.934049466291306,20.49604256062219,20.504387085026792,2000485,56111602.33264588
2018-09-10,688056,20.453216355027546,20.991384958114534,20.172788035499067,20.58770836376548,8377083,255397646.68628803
2018-09-11,688056,20.761976311193557,21.310521706749206,20.339479438146423,20.735491353873158,4954418,153456117.7162576
2018-09-12,688056,20.801335824712858,21.36118914522687,20.882757934308668,20.99444615755825,2490302,66802357.954756334
2018-09-13,688056,21.482937152090436,21.5758332772744,20.7721271938856,21.31257767811462,1262156,28400386.3713981
2018-09-14,688056,21.617932878199074,21.94716427031587,20.876068113521768,21.487110664359374,8808948,203662171.42711645
2018-09-17,688056,21.37744255383947,21.813085627416893,20.725289247681577,21.321011868074166,9727400,284652361.9771716
2018-09-18,688056,21.299783603634218,21.628815809072155,20.943728412673487,21.343601077604024,8230782,180985902.7402427
2018-09-19,688056,21.532869048129452,21.93907430644533,21.259538781907878,21.460498797230017,9943014,299673952.0951011
2018-09-20,688056,21.39799713262014,21.564979509920718,21.152244562876803,21.442295060897155,7973174,223674638.20290396
2018-09-21,688056,22.139227984133985,22.367374955856203,21.870744506969814,21.943901043416112,7309480,223942423.42353714
2018-09-24,688056,22.18862505033158,22.390937127626646,21.915770448242114,22.006643989092993,3660241,95874577.08397883
2018-09-25,688056,22.07265214769694,22.547316033589286,21.411909704786503,22.054016758569944,2287610,50514168.08159491
2018-09-26,688056,21.918941933131485,22.218719061889175,21.789660536514482,21.82714630115261,4680966,102672441.73882082
2018-09-27,688056,21.78044043074592,22.36595381707278,21.114279309859015,21.748153561501294,1444093,44104857.51056953
2018-09-28,688056,21.767018503852437,22.11076058721874,21.560098162886675,21.65541448902775,5519721,149192271.8102078
2018-10-01,688056,21.692340774621858,21.96300427743636,21.246820496341915,21.501810219098534,7289282,220365983.48905277
2018-10-02,688056,21.150541783499065,21.695849967252215,21.038060123151883,21.350834464127793,6394891,188639205.64805973
2018-10-03,688056,21.739727552042662,22.055264245730157,21.34983384496996,21.57001419127867,6121377,162512045.38723025
2018-10-04,688056,21.845228267890963,22.18597367429069,21.522129208416143,21.722647140068787,6098138,151045357.8989423
2018-10-05,688056,22.107563115182177,22.49427176757948,22.074202190626117,22.127168307592818,9924322,328735204.5580393
2018-10-08,688056,22.60376034286892,22.80120529600284,22.585057295751948,22.595462762519304,9528832,308948232.8750559
2018-10-09,688056,22.711748981250825,23.159218461940032,21.883568649024955,22.55525092591966,2574409,72846815.165587
2018-10-10,688056,22.660373047279222,22.84627762372254,22.757283852771934,22.801799133332686,7628973,183763317.21608382
2018-10-11,688056,23.012020989664784,23.11987046360711,22.61670763817587,22.827313210206576,6607995,215182059.2460254
2018-10-12,688056,23.31084103571985,23.255934763028304,22.922769494478796,23.202782144304194,5917557,166426157.12996325
2018-10-15,688056,23.475759676187376,24.109780180175125,23.216175709440137,23.483892072230617,6257707,191075434.23847958
2018-10-16,688056,23.575272197906852,23.83156667644228,23.077658784354455,23.51261201298933,7622807,244983594.81727517
2018-10-17,688056,23.540385266211267,23.95138279041739,23.42730469706844,23.442363270894333,7478429,247820816.2304201
2018-10-18,688056,23.255201136981277,23.71038309411187,22.765409793836493,23.344513613221054,6605593,188231061.75796282
2018-10-19,688056,23.335072481913745,24.005059896689644,22.849648899776156,23.45238462463768,1855946,47035291.63810572
2018-10-22,688056,23.590039606915337,24.06982571519711,23.056837085060618,23.55552076249606,8412127,203590461.0172808
2018-10-23,688056,23.73678881059717,23.713080808802303,23.44893156934771,23.526539152282922,3642769,103515498.88874497
2018-10-24,688056,23.749735607400957,24.164272862122843,22.96755965636398,23.568523733972334,3292493,96482688.68857454
2018-10-25,688056,23.707450542673637,23.821405432780033,23.144965473156493,23.750661343432665,3297205,80736801.21693315
2018-10-26,688056,24.211169967589367,24.716165229096834,23.97364297648106,24.076852041920517,3097903,101040625.2324217
2018-10-29,688056,23.90249908394859,23.849131998208588,23.2833328169417,23.829205370170694,6300791,174718505.13725743
2018-10-30,688056,23.954809665812178,24.397156371211295,23.613884243987393,23.836161348556555,5310975,132198479.1582754
2018-10-31,688056,24.09628546645842,24.481428538644554,23.519110280911743,24.00961870271937,7096379,213508837.05321354
2018-11-01,688056,23.315745669807903,24.044072956747623,22.88259747010385,23.503989887891812,1874389,48875992.78224256
2018-11-02,688056,23.405489830983434,23.454250386225972,22.846693456154096,23.373319247998268,4284490,116800614.81360862
2018-11-05,688056,22.88958412803222,23.210362198679253,22.513713188529596,23.101144807422486,2299683,77717760.39268553
2018-11-06,688056,22.8113894981271,23.15906198831172,22.856936877137922,22.923839360644006,6990985,173234611.15668586
2018-11-07,688056,23.405090650397884,23.82176933702739,23.01442249172472,23.237254712347003,3183117,75505476.3610055
2018-11-08,688056,22.953317424566343,23.24344209733079,22.49206941827724,23.000831975198025,6248506,167763072.61904034
2018-11-09,688056,22.95439126933919,23.3485047914292,22.443462720406547,22.91267658387048,3677338,88301295.08788243
2018-11-12,688056,23.128435642905334,23.443718887204927,23.04798615116269,23.049043479250585,1414419,33375347.05397616
2018-11-13,688056,23.41028875308272,23.799710713844746,23.319475005540134,23.494147649209353,1933646,56382458.41944497
2018-11-14,688056,23.927108843240813,24.579169720803673,23.455425310233778,23.88023810764658,2910001,102379946.28571716
2018-11-15,688056,23.60947315004797,23.624257895886885,23.44030452803111,23.501749118469576,5863566,173315405.17220774
2018-11-16,688056,23.784499527030388,23.855094525541297,23.091794462635576,23.736600309923972,5351529,139652036.05224314
2018-11-19,688056,23.738561934399055,24.075647926949618,23.53607457210605,23.78623211046512,2067400,73330854.57631288
2018-11-20,688056,24.00131444262442,23.91685436108784,23.44668966775761,23.770525268210076,6805907,230299039.91057315
2018-11-21,688056,23.872128413740118,23.87963173977941,23.466755908226098,23.756306990204465,7277933,205989180.1716937
2018-11-22,688056,22.95652527115368,23.150001328088916,22.803540531847005,23.073789266777474,9503662,246194637.82374975
2018-11-23,688056,23.08810970631436,23.103491981741367,22.8010042426071,23.03112306152235,6874020,160432335.64738417
2018-11-26,688056,22.759099319211696,22.965235114435355,22.632415995088703,22.928939644791644,2894806,81663303.06591707
2018-11-27,688056,22.893906545091053,23.234239516395252,22.700859149218,22.81687422162895,9866246,249590840.22940287
2018-11-28,688056,23.123480713648895,23.341901806633466,22.576958561192374,22.899025495866304,5312760,128748324.16130252
2018-11-29,688056,23.00429339110044,23.33341638478774,22.374530599803894,22.9414763922647,8643073,289782024.8349494
2018-11-30,688056,23.35704789881334,23.887103293070343,22.866427680488254,23.471872276493848,2549876,68132353.61456926
2018-12-03,688056,23.76034381985918,23.802397470050366,23.110191488022398,23.56360714862435,4367122,147946516.65996355
2018-12-04,688056,22.9825520996048,23.49921922103132,23.05047539779257,23.17292478619313,8925867,287887377.76503515
2018-12-05,688056,23.065488563178352,23.55472127951111,22.41995609514621,22.915335686640184,6745907,168553063.25870082
2018-12-06,688056,22.57625978548968,22.820865720687593,22.24811881315226,22.760398163976078,9073752,299347503.67917454
2018-12-07,688056,22.48175010292116,22.79443259623966,21.875705649805532,22.526742786127198,7776019,209135265.64085373
2018-12-10,688056,23.045915602850158,23.354018334472624,22.879438786870445,22.905828409812038,6435010,155212920.05417347
2018-12-11,688056,22.629491823950538,23.090524604157174,22.69761254585569,22.82628902513889,9661954,269241173.1983756
2018-12-12,688056,23.17120015226989,23.10360004295645,22.788711712510217,22.99411823228023,6317362,191473101.01194587
2018-12-13,688056,22.934488585504894,23.154387657503147,22.35197583069679,22.933630868339677,8617874,211794975.79952997
2018-12-14,688056,22.373094330875354,22.897492202916197,22.103305842448954,22.46493167470296,4741564,137638380.67774832
2018-12-17,688056,22.513093053076403,22.354301386682817,21.845705760864835,22.323774890988872,2409625,53935025.88338911
2018-12-18,688056,22.485512181489984,22.551237211656293,21.76573788657986,22.415211803142874,1182576,37928259.684935816
2018-12-19,688056,22.28710275657513,22.848288244189025,21.951583059641642,22.236147470591007,9139589,271792748.1206002
2018-12-20,688056,21.875759690046202,22.45021098354662,21.75663547316049,21.87905183159156,3332557,86569120.76872617
2018-12-21,688056,22.043643245608674,22.665111929366805,21.511195134447178,22.023482007070946,8412785,241811565.23301566
2018-12-24,688056,21.79529292548115,22.200306052454486,21.688617153890284,21.78671236043746,3477035,82240618.11810784
2018-12-25,688056,21.85908789537399,22.114545382293116,21.406978925287085,21.713971472787968,5091665,154691700.78962463
2018-12-26,688056,22.233451709189595,22.270435347231327,21.49887961484975,22.114601681580332,9340826,212226108.61059803
2018-12-27,688056,21.997618669643195,22.249760747063327,22.050977879926712,22.08714135073331,4907808,115253591.11065786
2018-12-28,688056,22.296146515566438,22.28378527478146,21.740530868185093,22.221003796666217,7166815,166066575.1326125
2018-12-31,688056,22.673062697371847,23.271059106883268,22.00599829907552,22.611374100931492,5545885,126460609.77896023
2019-01-01,688056,22.60046828752403,22.69416873281813,22.177741638986333,22.52198323528131,4100212,107322077.24188969
2019-01-02,688056,22.71290523879807,23.03861159948266,21.994124812877004,22.575121790217445,7865334,216113435.50884154
2019-01-03,688056,22.941260674581535,23.329313471182562,22.06409478934659,22.71710304312637,2473884,75885242.3573519
2019-01-04,688056,22.91332465967705,23.320546891609244,22.752395913266387,22.965253734765767,4046188,128400314.30419327
2019-01-07,688056,23.19431122316246,23.463709731630832,22.50829954371442,23.071388558327882,2951363,91624915.51009327
2019-01-08,688056,23.282678808146283,23.588097923052523,22.989043200154118,23.363243511887323,7420307,211709556.5074492
2019-01-09,688056,23.67666198601474,23.856740799871563,23.173917267073797,23.49632403959098,6752947,185149182.99815106
2019-01-10,688056,23.51385634408039,24.336460030411384,23.2659684911139,23.740188331122077,2889440,85349305.70879312
2019-01-11,688056,23.181330380631533,23.682715877311285,22.46737004651885,23.1020343586642,3477178,89501027.45228685
2019-01-14,688056,23.365376466902426,23.687350990838727,23.059575446598853,23.461123152217837,1338571,37804737.38384174
2019-01-15,688056,23.675913591189623,23.8947300104396,23.02663867158164,23.556273061068268,2703746,67738814.70225312
2019-01-16,688056,23.34860278779446,23.645211542342256,22.660887902250895,23.345248744064186,6592704,179907534.44510922
2019-01-17,688056,23.380520081837027,24.01959779799314,23.096846459130173,23.371307559287054,9943406,288253530.8410552
2019-01-18,688056,23.68274151174243,24.130718724238623,23.18655746902899,23.54167714159297,7843273,226368472.4926468
2019-01-21,688056,24.121802716525917,24.089586995027908,23.74437124460026,23.88811906614471,7890181,269000268.95422155
2019-01-22,688056,23.77041352310324,24.36578165266892,23.704558781574605,23.898543828238658,6601479,223136128.1043557
2019-01-23,688056,23.756259220679247,23.932604771478083,22.990865465313906,23.589983607837297,7254245,251642281.25269973
2019-01-24,688056,23.277608448183447,23.477495427974766,23.391770603200992,23.46553548400778,3746615,95958647.59694669
2019-01-25,688056,23.346759401025192,23.764932634366875,23.179915724094684,23.299472816780842,8899447,209783251.66429076
2019-01-28,688056,22.907365145835154,23.233898484467193,22.38295573022045,22.906538863899023,3113243,99988290.94334516
2019-01-29,688056,23.49127962322762,23.645785829703385,23.318827241565533,23.527993001455854,7870086,247844266.98044702
2019-01-30,688056,23.68181646831195,24.1214703879526,23.591186533838812,23.79622849859725,5493122,148306315.07208
2019-01-31,688056,23.510335110806082,24.094423182541465,23.052184641300855,23.72654279940311,7550134,206778395.60520336
2019-02-01,688056,23.522509790926218,23.98159988037293,22.950403835687673,23.530501506939522,6223238,212036200.4929306
2019-02-04,688056,23.62715329985018,23.488808245532933,23.365706991522604,23.46535279457939,4198353,106198518.55838387
2019-02-05,688056,23.85572952132861,23.927771414925108,23.264626189287153,23.645505091846474,2939865,92575308.74650182
2019-02-06,688056,23.276554610195234,23.635254468156024,23.143388834693216,23.178485544735985,9384599,325914627.3721543
2019-02-07,688056,23.096860874145154,23.837808182371802,22.52850669651877,23.176545181588246,2998382,87782096.48748288
2019-02-08,688056,22.97033548159271,23.23547418625569,22.79451883276067,23.178351242175935,8152872,228861159.26212853
2019-02-11,688056,23.43907080297266,23.85742887799901,22.6975655796907,23.242445836368994,4236819,139047422.94936952
2019-02-12,688056,23.52696328478803,23.947722414104813,23.471622181327145,23.65780331629368,1018833,30051720.948010605
2019-02-13,688056,23.187628667787937,23.533557106400707,22.870450120165533,23.085741622487536,5345292,145357720.18072516
2019-02-14,688056,23.144827134978982,23.639386917383447,22.91161161147056,22.98342619309431,6691131,154309650.95887497
2019-02-15,688056,23.15870560904764,23.472363383358317,22.750204372038898,23.08526494500208,5073029,150685909.03915936
2019-02-18,688056,22.552202682065587,23.01205773182167,22.30174794302964,22.7068245674308,7647785,260302658.8566367
2019-02-19,688056,22.77812143197495,22.619033268716077,22.27645228248705,22.561324783467867,4922043,131058997.6926263
2019-02-20,688056,22.298681454483766,22.8580431714187,21.805980773590175,22.228340308553662,6193922,170496138.77986833
2019-02-21,688056,22.20584616881539,22.434796961725603,21.73087474644893,22.216606143264087,1783672,55413571.236415006
2019-02-22,688056,22.51743906831179,22.823466460296043,22.35864936350501,22.56532303765997,9209329,228351819.40920419
2019-02-25,688056,22.261778417598077,22.884362579480054,21.68503799209339,22.288557520037877,7158869,222660074.27994052
2019-02-26,688056,22.22519210952304,22.543543877687434,21.773275951959477,22.011291956164776,9254194,207339002.2873215
2019-02-27,688056,22.234468038660015,22.631766668415892,21.572077156002926,22.13060946482391,3875991,95736186.7059509
2019-02-28,688056,22.01165371620043,22.709698762220636,21.974948337277578,22.14461996552034,2120297,64886532.89989119
2019-03-01,688056,22.182101218207197,22.35055868725366,22.245666777555677,22.267460366554197,1872448,60646148.42965431
2019-03-04,688056,22.38140736675809,22.383600975186255,21.905326714216155,22.381106871514397,4859505,131481366.5180294
2019-03-05,688056,22.58068900694766,22.741016819668616,22.10808200647553,22.450810714389156,3486973,83468011.35703327
2019-03-06,688056,22.624676431165707,22.994539615617892,22.22259989313495,22.577463570636162,3171361,72373015.65459321
2019-03-07,688056,22.671940400078917,22.9298837372456,22.03833783486412,22.560115145713063,8960356,263661016.44217393
2019-03-08,688056,22.524024153963463,22.388588897001938,22.340286756471954,22.34210806037335,6404919,211061560.13648745
2019-03-11,688056,21.953460543630516,22.506602587641765,22.018481660258676,22.125399036773373,2678195,88433339.55054194
2019-03-12,688056,22.00808505251999,22.029378918041196,21.58115132701437,21.833412032374294,5637136,133871135.67248929
2019-03-13,688056,21.549952983136563,21.757198873097835,21.49673197869924,21.63949949536528,7754356,210031521.55345282
2019-03-14,688056,21.581328541725973,21.572991997146808,21.29613128047218,21.380286428939847,9364970,246179084.70491192
2019-03-15,688056,21.485710693033337,21.515115890084793,21.223993780936528,21.329887293979333,2138171,59448117.61569237
2019-03-18,688056,21.465295084582035,21.49392827437058,21.41006729600244,21.47673807787917,2806164,65995451.87655247
2019-03-19,688056,21.570844653498106,21.808467314813505,21.223835740502906,21.686214792591297,7374885,201762107.25528553
2019-03-20,688056,21.144156913563183,21.829703239476594,21.12853120012974,21.32840381328815,9946453,277852225.5887404
2019-03-21,688056,21.369983190282312,21.515114586316486,21.31356626938682,21.328156204865444,6631897,189005665.4200354
2019-03-22,688056,21.236874127776108,21.47020536469975,20.978438042854446,21.359672597465,3944607,113851366.51509476
2019-03-25,688056,21.66182441505234,21.745322139607474,21.364509172401288,21.600767281537408,8879075,271463515.9237926
2019-03-26,688056,21.74465296578134,21.736143970019377,21.319845933188965,21.628702498844426,3204529,99539556.11277252
2019-03-27,688056,21.710143023247433,22.217488756068818,21.54814963771488,21.914340148991272,9362796,238146170.3930492
2019-03-28,688056,21.572374250570384,21.991563147731135,21.453081697750722,21.600437972256806,6544837,174184299.40287873
2019-03-29,688056,21.99481106605905,22.38829820458467,21.546872716737084,21.791790674300273,2845410,87610519.8242582
2019-04-01,688056,21.727115782579464,22.09301379099687,21.02434812741431,21.60453233145538,1322023,31912623.160764653
2019-04-02,688056,21.733657853296588,21.927541300748032,21.2306041071299,21.542032869178968,1346660,30134666.257015925
2019-04-03,688056,21.66212574266418,22.22693583414024,21.0618155725306,21.597944128005715,2533852,61923910.356303625
2019-04-04,688056,21.584661374112315,21.941168090332955,21.207298222052454,21.579406593648834,8059440,214872147.65003768
2019-04-05,688056,21.727419684909908,21.773017406051462,21.04050816534017,21.539904687124864,6600111,194764300.0495921
2019-04-08,688056,21.321136949630226,21.774413122387656,20.857468341205532,21.37436327707233,2849734,82370417.06081577
2019-04-09,688056,21.51143332457502,22.06569130688833,21.448775793573112,21.47625499044059,7630626,234333836.93143752
2019-04-10,688056,21.375433092226547,21.666864883173336,21.179335322010793,21.590388205064087,5913635,145027587.15445957
2019-04-11,688056,21.91067987705447,21.75755783667997,21.442359800756847,21.73209689034212,4393095,128885907.30392647
2019-04-12,688056,22.032480842170596,22.260904742913603,21.361807402408854,21.973677186881282,3362443,102446374.43591613
2019-04-15,688056,22.16723871618584,22.666174687867517,21.848138729018853,22.13081994273964,5825341,142946081.12272215
2019-04-16,688056,22.21450725335637,22.981285013106863,21.838504745589677,22.349547407584936,6159459,151487909.16992998
2019-04-17,688056,22.115906255412888,22.783155215020766,22.030972016190415,22.24073584070915,8107996,233888286.8065193
2019-04-18,688056,22.16707118853682,22.773609168109417,21.70618316970174,22.177853890819677,2451299,64954613.85998968
2019-04-19,688056,22.425984235158502,22.651278497158337,22.111463785682215,22.42306372811904,3265303,98475571.81795673
2019-04-22,688056,22.381944276016878,22.960079261013746,21.70775409384993,22.2926315614016,8207290,199607476.55397856
2019-04-23,688056,22.75630386054069,23.20763694889009,22.365417806945707,22.536728914587993,3159706,79098615.80443151
2019-04-24,688056,22.324014982588835,22.903810718071014,21.82325156299256,22.467717516973185,5792201,136788192.31963184
2019-04-25,688056,22.29397697496643,22.5635166481983,22.016567681778017,22.255640985008903,9913447,263405214.00671867
2019-04-26,688056,21.769647875968353,22.32930404334672,21.591359513816396,21.878460379550482,9872569,306073671.3497224
2019-04-29,688056,21.624296949419005,21.854469469486865,21.35614953661242,21.835421629519818,7126009,159132909.95938334
2019-04-30,688056,22.149991683358987,22.559918282701574,21.777817277948934,22.07976931266454,3260280,92673246.88313527
2019-05-01,688056,21.50355533714104,22.007361652009376,21.38850423184471,21.698101937822447,7172007,193733708.20960584
2019-05-02,688056,22.13038452229296,22.40052950943504,22.018216164555856,22.203790592971018,7136060,224509034.48893464
2019-05-03,688056,22.320974657070437,22.537737994700187,22.25016206388249,22.328712941710513,8414299,259584204.39538634
2019-05-06,688056,22.29229671035163,22.236009220587935,21.813030513759333,22.222699649067156,7109124,183191325.04555058
2019-05-07,688056,22.51418219653532,22.935522847870196,21.814680435767592,22.363044802606936,4391201,118667031.41239427
2019-05-08,688056,21.82550784049582,22.03802911081192,21.293808144849777,21.901265099477637,4482931,114616401.96887487
2019-05-09,688056,21.669829871555976,22.182525377942138,21.193722302231443,21.84160684470557,8825038,250834362.25522375
2019-05-10,688056,21.90233371127177,22.209551804518398,21.771164405534588,21.90444925123365,6648943,148492105.7267924
2019-05-13,688056,22.098700129770627,22.590954120554297,21.813367630996595,22.280284739716784,7837593,251074646.28258586
2019-05-14,688056,22.66811913673948,22.91802086632756,22.11272834373821,22.658735898598678,5087130,171046167.59151343
2019-05-15,688056,22.694258747228123,23.104747913227737,22.41546811206096,22.75759750940696,9557544,306712876.5470047
2019-05-16,688056,22.6349377981134,22.674309098597725,21.889025710159004,22.556452388740354,4950133,132093563.2350144
2019-05-17,688056,22.482249439207326,22.908143509621816,21.988632495971636,22.635328874202106,5863513,134762711.15659353
2019-05-20,688056,22.88995213310057,23.415919001071405,22.23531216374492,22.918559903550516,9126818,215326347.80018988
2019-05-21,688056,23.516134524772216,24.31706635382202,22.960717500623833,23.64034640530243,7227494,218467786.5063524
2019-05-22,688056,23.68047151637169,24.08560228092712,23.346285419617985,23.756600458724414,4992562,141745434.85562754
2019-05-23,688056,23.573870081908396,23.765735082876407,23.70907281200192,23.74423875225605,3688472,105239197.79318032
2019-05-24,688056,24.31779622138643,24.416509635451597,23.375628814196073,24.086766604692187,1147606,38450462.23284362
2019-05-27,688056,24.688368511401528,24.735892717025184,24.682775623955244,24.694171166856464,5519815,151010365.8271633
2019-05-28,688056,23.873378340564187,24.034567817731105,23.410085914632287,23.973389000890457,2447548,60262905.734879985
2019-05-29,688056,23.71491241696286,23.825996121135763,23.48362561969388,23.777058720101856,8452809,250657068.85414773
2019-05-30,688056,23.744513769448066,23.929267451927817,23.377649387395348,23.7680004705443,2409208,76557826.0539836
2019-05-31,688056,23.505788794022532,24.291764244582147,22.940562016646652,23.616446206697766,8647418,266637380.8319714
2019-06-03,688056,23.582324100231908,23.803820870185096,23.358446895220258,23.476936542567763,1125237,30773333.825667106
2019-06-04,688056,23.76480307002179,24.179333256551157,23.103243418660796,23.664228131793113,1306190,44620806.734823145
2019-06-05,688056,24.059053214802432,24.4650048093863,23.869852346513152,24.000503499255565,5823259,193015575.15526074
2019-06-06,688056,23.21878173571578,23.622342747141786,22.714930418083384,23.36501318045879,1676429,48011237.6310051
2019-06-07,688056,24.057024826982893,24.48631549622674,23.672297009764915,23.969609262067287,4641244,115233119.07993844
2019-06-10,688056,23.76463310656634,24.098405730380197,23.410269143054148,23.802946172336952,2520660,68997555.16215849
2019-06-11,688056,23.740756315166006,24.42155635094016,23.630234386390693,23.975949756914922,7918129,211284410.76357564
2019-06-12,688056,23.87166204667025,23.990575178575863,23.67864299967956,23.823597963362705,5221246,166252255.39624977
2019-06-13,688056,23.1182770566999,23.504729188774608,22.8813912769049,23.239636825837998,6496442,169904804.14183593
2019-06-14,688056,23.532896503205055,23.690381154427744,23.372610564761313,23.46574619553389,7000669,219052468.36831453
2019-06-17,688056,23.117936121282188,23.810559367076017,22.57232988627644,23.17161944986806,6673540,212602008.00920096
2019-06-18,688056,23.271768870627692,23.49904468775233,22.879510529917763,23.1185295951796,7285250,171331091.62961155
2019-06-19,688056,22.686045725956685,22.65821265754714,21.902430455209082,22.534553289599376,8119234,258911048.39487916
2019-06-20,688056,22.27385139770353,22.626817395575767,22.33043809048928,22.380707051122577,3107955,70425332.98148705
2019-06-21,688056,22.70216440680863,23.41773665400442,22.54649761599213,22.770190468886657,3867844,103836694.38810176
2019-06-24,688056,22.57703971814513,22.729881008623916,22.516688642917845,22.71018690727889,7996275,221134694.15999073
2019-06-25,688056,22.584251661283627,23.10754022680103,22.449340323057864,22.606506979827238,7472507,215694054.31953034
2019-06-26,688056,22.690814679022026,22.901727136435653,22.513106668840408,22.820583775760902,6634612,154791020.68953472
2019-06-27,688056,22.967602261172065,23.374000427540516,22.28596797145588,22.91832290091603,6182225,158952599.10657966
2019-06-28,688056,22.578403005185503,23.01650157974493,22.19530769119391,22.44661848920854,8647904,212381580.97630185
2019-07-01,688056,22.13405910028915,22.457280591941878,21.948781571220607,22.265140970851903,8758643,240481210.02339193
2019-07-02,688056,22.116529841621844,22.656164956273525,21.861151532660045,22.180700921887933,4597093,118017385.55524507
2019-07-03,688056,22.06005377642832,22.32963742022732,21.96389214916642,22.257218795994742,9252779,283411481.4772828
2019-07-04,688056,22.62214745259586,23.121972757996538,22.230772316944027,22.550052212381033,1889294,53784748.102854736
2019-07-05,688056,22.497960020989552,23.12134378435335,21.970662631730075,22.511014556370185,2281362,68524650.61864778
2019-07-08,688056,22.24124359272591,22.499477253860537,22.298609841905307,22.465043231357257,7043859,167779902.56438774
2019-07-09,688056,22.256209356158976,22.506243150871892,21.920564071465314,22.329097014411673,9314736,293706029.0506884
2019-07-10,688056,22.1579691253894,22.432194050707682,21.760608400788588,22.15180437615892,1513323,48993118.58319673
2019-07-11,688056,22.347910102141956,22.35016745932679,21.971572264332252,22.233655505077664,9350985,248725248.6448177
2019-07-12,688056,22.263579240772064,22.622763437087695,21.954018498157982,22.144671197761394,2475318,63660714.697853446
2019-07-15,688056,22.1496250939549,22.374264919959174,21.561782059989266,22.075127220662388,7481539,204048557.263892
2019-07-16,688056,21.932867447924025,22.159275094940476,21.808313904530095,22.056678895834708,5512649,170520997.1361486
2019-07-17,688056,22.433478759856285,22.763480047352168,21.691533070023453,22.341342830842756,4011447,128299460.75892885
2019-07-18,688056,22.49738183288569,22.74706954828481,22.14341756327448,22.408212887549066,8632677,266295292.764531
2019-07-19,688056,22.51342791701641,23.052838130244837,22.486918314225107,22.534225110649057,2815778,66906636.96750072
2019-07-22,688056,22.529992047355034,23.183865951885387,22.27871947236218,22.56133031190142,2422767,67675087.17813388
2019-07-23,688056,22.280633975315453,22.91209172580746,22.013938925637593,22.38702412660155,4756010,145640647.45281205
2019-07-24,688056,22.001383753550048,22.48110169087169,21.748493008008015,21.853847242707225,6909117,168989236.49530226
2019-07-25,688056,22.148429198312716,22.61820834336288,21.694537695218152,22.330860841244014,7643186,211886935.46648225
2019-07-26,688056,22.480228794026836,22.868866595181007,22.363366511252124,22.609373278842735,5535820,158222835.48036745
2019-07-29,688056,22.257651710482552,22.844043763086802,22.33662648057486,22.409892431119268,5632365,136205031.8483036
2019-07-30,688056,22.115153442547147,22.181056869697684,21.767579072302482,22.09310609166497,2182038,68965843.4485776
2019-07-31,688056,21.788976864995302,21.905483593216584,21.740184813308435,21.85101162200489,6120869,148344143.12362713
2019-08-01,688056,22.393304210928456,22.75700934783866,21.531029949013373,22.19537199314672,8973374,224713756.34529263
2019-08-02,688056,22.226106557723913,23.008531420974755,22.068897747504497,22.346450264751304,7342783,194305426.71739873
2019-08-05,688056,22.320135258416556,22.56126352356537,22.347005395142624,22.4448678897483,3857176,98860661.95378672
2019-08-06,688056,22.732473262737773,23.17754211889605,22.15706824911219,22.803884586605225,3346441,95372310.95025532
2019-08-07,688056,22.972833668434692,23.408092970234605,22.623423362115208,23.01844105097718,8059340,206796337.11007988
2019-08-08,688056,23.316460720811634,23.62843871646654,23.138294746056534,23.411599101428628,1930742,57862504.32804434
2019-08-09,688056,23.954475613455237,24.211521596478917,23.914416960480022,23.97619515339204,4896271,152960155.31422746
2019-08-12,688056,23.80601890926475,23.888714174839205,23.400954192210225,23.80906661021924,3088799,103008187.73365822
2019-08-13,688056,23.737601607447314,24.482060901144262,23.741631166872523,23.85953642540652,8903243,244850271.65424785
2019-08-14,688056,24.134654790120567,24.32104308940632,24.040448577821707,24.21236100123075,4886714,174998559.45264614
2019-08-15,688056,24.629782370605966,25.02859515096187,24.118520059773655,24.6367547673047,3664273,113636077.8236925
2019-08-16,688056,25.31805293236574,25.48409662934973,24.753939897463663,25.187826970402263,6488424,226370047.16673714
2019-08-19,688056,25.24056075897447,25.36246383042533,24.680357456788975,25.308895082536903,9942669,268152816.35256982
2019-08-20,688056,25.678087329393666,25.761134947134703,24.9126429779403,25.645604561097784,1635517,43627257.34192985
2019-08-21,688056,25.715089934949386,26.350752136775423,25.62442268735408,25.6491823606003,3272987,101386807.76633765
2019-08-22,688056,25.33935972064081,26.06539102748578,25.306368823387434,25.30868537418305,8031152,248088667.61663193
2019-08-23,688056,25.217047796264332,25.99887338877766,25.1304211754945,25.456558033694243,8958592,326120634.55738556
2019-08-26,688056,25.660987652652345,26.190324052563216,25.012448448157468,25.549081412278618,4967064,180188558.96859848
2019-08-27,688056,25.117652880478722,25.336054921957906,24.283779967779257,24.981168175598125,2458606,89826365.12015708
2019-08-28,688056,24.942636072192098,25.229162540569003,24.666120331681,25.14285291949381,2683726,77715916.06513396
2019-08-29,688056,25.14222027277149,25.396217925501457,24.83052714707852,25.390432816760747,5877935,187060933.97379392
2019-08-30,688056,25.331675928432045,25.3637021224109,25.025873099157042,25.322361613268257,6162314,174448452.39868692
2019-09-02,688056,25.781006033701985,26.122264230224257,25.47461589766468,25.797612466483745,2041599,56013030.10333016
2019-09-03,688056,26.315682842249895,26.58498640446447,25.866242716961846,26.161245542276713,2221779,72219649.47637008
2019-09-04,688056,26.26739920855833,27.08599502383709,25.793979225833002,26.361186598095614,9439621,347805135.2226245
2019-09-05,688056,26.109561416685573,26.30938226220638,26.03850008677832,26.306867688072327,5983489,182722560.7321095
2019-09-06,688056,26.67399995009315,27.16193160995118,26.151404432679367,26.50483959932635,6909110,187526791.54471657
2019-09-09,688056,26.2249909731117,26.660355193345158,25.740660843401997,26.259199069425925,7444062,253309921.46259004
2019-09-10,688056,26.410014866337377,26.659655000332883,26.364120135778116,26.396589889280794,2132042,83488790.56176092
2019-09-11,688056,26.403202387231694,27.284661134263747,26.300212550615488,26.583833820679192,4004073,158669495.2868427
2019-09-12,688056,26.768840886374253,27.439348692363282,26.625638056965265,26.898096612694353,6588180,181552509.46803862
2019-09-13,688056,26.507413281662537,27.216968150959836,25.96257065281935,26.60908434970206,4236976,125751082.64901988
2019-09-16,688056,26.52229545250514,27.071115513967936,26.280569515599222,26.370841578440235,1101236,31723778.995209668
2019-09-17,688056,26.480046700465312,26.743873226164197,25.767098315115515,26.493118260898992,9394387,264397672.4832631
2019-09-18,688056,26.641072821257765,27.32591899050045,26.646248270923383,26.71173077524707,6684807,244314002.03532735
2019-09-19,688056,27.361950291929737,27.457288819281093,26.66893075095245,27.25573818718705,8131697,324044581.7770157
2019-09-20,688056,28.014737047487923,28.882512150545164,27.43232168676832,28.11651914231256,8818442,346813066.4352499
2019-09-23,688056,27.712386571837065,27.999910119771656,27.61261708607201,27.980421489484876,5667883,185020119.85848638
2019-09-24,688056,27.564714853837323,27.79679236017048,27.274943682655355,27.416982982176396,4788441,152364641.29773587
2019-09-25,688056,27.862230961128624,28.42667652559227,27.642607196121986,27.7351425126091,8299775,241426380.9451738
2019-09-26,688056,27.317537407226318,28.32812792595365,27.125322287723314,27.557891587897142,7120759,212795600.472916
2019-09-27,688056,27.12038298398306,27.79654177817694,27.011046578434353,27.127941947679147,7429167,211992610.3518249
2019-09-30,688056,26.847934567257443,27.789384392875828,26.849576175281562,26.98487602830642,2054563,75961981.48672839
2019-10-01,688056,27.13061070401343,27.31137593970245,27.167244072268822,27.258083991170608,8119193,280020401.7364272
2019-10-02,688056,27.033532263649633,26.88037543213929,26.36488389716045,26.81194202379941,1010836,28643107.69992366
2019-10-03,688056,26.852205263441995,27.72284779326208,26.306830378331018,27.085778120319926,9521192,373952985.3565648
2019-10-04,688056,26.805575162938528,27.454161394971894,26.38921102812888,26.884333536413724,8601065,259968639.31423298
2019-10-07,688056,27.41009350641822,27.94388825171773,26.499953183862893,27.20122232842452,5256902,208119719.46423557
2019-10-08,688056,27.325281003361745,27.37241372245465,27.001967669886106,27.279014699196157,6214020,243571436.88311258
2019-10-09,688056,28.149704508301966,28.324631918337978,27.663163530108378,28.14228690002725,7604771,272991889.6463972
2019-10-10,688056,28.113962734709972,28.009366451473685,27.31794558677829,27.917737624076494,7212011,212863250.8823006
2019-10-11,688056,28.226321962485283,28.989294143926745,28.10415736011495,28.43939307834429,9364693,325913330.036023
2019-10-14,688056,28.911150114865386,29.30203977841564,28.386466572568402,28.75277872084693,5340918,164306468.96579054
2019-10-15,688056,28.410355566109207,28.86870261146598,28.077509127314446,28.18343842705683,3502327,139029577.1931516
2019-10-16,688056,28.617277947058913,29.190845534634768,28.344398494942432,28.50530183924577,9544293,403873279.3619244
2019-10-17,688056,28.32437391361165,29.20500686011272,28.181319715569153,28.365511309297435,2474227,94219057.2438979
2019-10-18,688056,27.870175666857282,28.424397074922,27.277138189219073,27.86272823512403,3211598,105021732.72102207
2019-10-21,688056,27.8377623745338,27.96646198418161,27.028599151604073,27.759772609414643,9311661,367217420.2769523
2019-10-22,688056,27.80644761437257,28.412553332297783,27.37296070175552,28.02286845927646,3492073,138079600.34398672
2019-10-23,688056,28.27119047209497,28.57597959633347,27.55498917266735,28.399785291026994,2583907,77692503.34564513
2019-10-24,688056,27.994229151002234,28.764876684572478,27.161269039105203,27.947422276609895,8777292,286210226.7048648
2019-10-25,688056,28.233609338977118,28.711042140372424,27.74952925669079,28.277742979060303,6694499,190341322.3793746
2019-10-28,688056,27.954246710431047,28.01841760651572,27.36508054787146,27.788598459289293,1418305,41267203.55395664
2019-10-29,688056,28.442187468733067,28.786050289524606,27.57638590695971,28.326228880425802,8065460,342019111.99067056
2019-10-30,688056,28.712026073342162,29.228947415485916,28.567894713151393,28.577388423031003,4926022,171817156.43528053
2019-10-31,688056,28.54431589552282,29.152449778860937,28.52940921428527,28.558878261056872,8745341,320659319.2670316
2019-11-01,688056,29.056056343346985,29.80292882461635,28.541753229074487,28.938580483256338,4402127,177318160.09236985
2019-11-04,688056,28.380902548550363,28.427752111931774,28.176583598768747,28.41758546470495,8946667,360273215.87196094
2019-11-05,688056,27.519408299729925,27.739757675130292,27.48074853586278,27.698243270115483,3905325,130287177.3440422
2019-11-06,688056,27.735465042717866,28.25457524361788,27.119089917913165,27.952564384939162,9895690,384971339.059282
2019-11-07,688056,28.157851570712094,28.863065920820073,28.12793539966664,28.3457158876754,6916272,206604877.415999
2019-11-08,688056,28.172355441453412,28.57235462491002,28.1428586012952,28.421817126421242,2847986,89146665.87407768
2019-11-11,688056,28.374773725997944,28.783969522645922,28.573661178523132,28.65821602435615,7620463,293081825.908687
2019-11-12,688056,28.095318586028583,28.777619803297807,28.00352237776512,28.311541228946616,4307742,126615663.8769833
2019-11-13,688056,28.660511667452013,29.2165338355292,28.054970164769323,28.401148238809768,1263513,46912371.85413918
2019-11-14,688056,28.221172021860305,29.151075995982538,27.79883182448191,28.357390728464374,9321719,297660145.4246641
2019-11-15,688056,27.40886972259522,28.209879871893357,26.801696864222002,27.470309579563253,3400488,115778793.68034615
2019-11-18,688056,27.80795546526845,28.030406506269724,26.971219879364096,27.785409976609667,3759720,147818757.26399624
2019-11-19,688056,27.5373184155051,27.71978398155033,27.27639044598037,27.616495844037072,8840305,309225448.29874754
2019-11-20,688056,27.076991341760824,27.812313771245236,26.52723101947559,27.22953973130553,4854573,159132490.6855283
2019-11-21,688056,27.450467295256757,27.867333320198735,27.13905605524997,27.282092917279,8747566,350297988.0673388
2019-11-22,688056,27.08507525354942,27.717870638795365,27.17523237859001,27.3474011241571,6565452,258068417.55119354
2019-11-25,688056,28.35060602068431,28.709534851860422,27.972670644038416,28.092561166362984,1985025,77594386.50997244
2019-11-26,688056,28.340840071158883,28.851506786940654,28.31096797760225,28.42112902365358,6522507,242198342.58598623
2019-11-27,688056,28.440417084772307,29.140866587331395,27.630306375857682,28.392772357523224,8101698,329881305.8365159
2019-11-28,688056,27.84936383811053,28.28478963957314,27.669112062836387,27.817131826377185,2808690,100467050.54040739
2019-11-29,688056,27.75880041476695,28.559009488910487,27.5398417761479,27.75059851832603,4653511,139101257.66091657
2019-12-02,688056,27.164721243112147,27.94598132152697,27.03570406318495,27.13908701216982,5613901,199023913.53437448
2019-12-03,688056,26.973852488025802,27.062672039970895,26.593226373368385,26.755421692276972,3954728,140461025.5478427
2019-12-04,688056,26.7846610368947,26.742581249858134,26.56235696063138,26.67998054969138,4211092,120745250.80710122
2019-12-05,688056,25.850262663201036,26.58036128718476,25.218225213417362,25.98334416958013,1576227,60132901.90402253
2019-12-06,688056,25.561960359106543,26.31054846577264,25.38699908813177,25.584072588528336,6153880,215011078.67019838
2019-12-09,688056,25.563270061036118,26.112198328074903,25.57422082083435,25.663706621478195,1495472,42957392.11209934
2019-12-10,688056,25.444424738305997,25.873879665871943,25.356149171608138,25.38374275192853,6850277,252228989.67823353
2019-12-11,688056,25.68850284929991,26.065247864733536,25.197927551910112,25.50379966682705,1336258,35931526.13391916
2019-12-12,688056,25.26989408162586,25.8550251787345,24.55267970232304,25.193440981046322,2766925,70276218.90567459
2019-12-13,688056,25.424935559893903,25.440682762643743,25.075046501021077,25.30426154606699,4844775,148401406.8084857
2019-12-16,688056,25.530088993152553,25.899203135127333,25.255224038110853,25.291270757062552,4296006,115558208.68376608
2019-12-17,688056,25.56439980374629,25.834975638117708,25.248765822062705,25.391011492526992,2092024,64935619.52224387
2019-12-18,688056,25.267949184566017,25.577315320504677,24.81547852468962,25.356069835453532,3690176,122539030.09402518
2019-12-19,688056,24.81409677986565,25.10754745815974,24.343355570695326,24.985967017918888,8012519,272551076.9387386
2019-12-20,688056,24.90394743072777,25.196032569955115,24.60458573891829,24.927001605362655,2701984,92796499.47317697
2019-12-23,688056,25.199216547562965,25.882649995275088,25.177223138082148,25.24190617402457,1487879,40014988.93823024
2019-12-24,688056,25.119583531311694,25.735937110629017,24.80180159559199,25.191999986567534,4308597,145375722.64578158
2019-12-25,688056,24.971493015333536,25.581821771078513,24.51630839238789,25.218105567005523,3131592,107042386.94249721
2019-12-26,688056,24.77406105630396,25.143710864385,24.335173761910962,25.023899159641125,8354996,251684686.89712155
2019-12-27,688056,25.05731800930078,26.01693827499829,24.622731753076,25.272402462934483,8548520,274501411.1378727
2019-12-30,688056,25.460298198421338,25.49033283150729,24.621389921053062,25.355609060710485,4157852,146849756.89557546
2019-12-31,688056,25.831032711017304,26.044835950645457,25.54881453798646,25.64177634081689,5022800,171606775.48855218
2020-01-01,688056,25.789287971276153,26.27446364004228,25.793221840539356,25.83572641893995,3912490,139146619.88925737
2020-01-02,688056,25.72544070103812,25.643225398211428,25.090731655277285,25.51484881021888,1435096,47931399.57971394
2020-01-03,688056,25.529455479845197,25.570587883675532,24.80748380551301,25.433002787218555,4611437,165952900.91988328
2020-01-06,688056,25.708767337900987,25.94342865848765,25.508956235319527,25.710008926987747,4727552,155807346.12644738
2020-01-07,688056,25.65795698200653,26.49731629058935,25.515933600485376,25.755153639756646,6489899,201660972.45807463
2020-01-08,688056,25.683053303715546,26.10607052680405,24.89529859701312,25.556767905101342,6434691,205379422.12911677
2020-01-09,688056,24.933724014016217,25.122271143768312,24.51226208961742,25.078655380368136,6953097,243177933.61856958
2020-01-10,688056,24.82409561155924,25.50782980475192,24.77663526306969,24.946034756203495,8001777,221198057.0933197
2020-01-13,688056,25.241039122335067,25.724777902931503,24.812656769029672,25.18007628107812,3550284,110057531.17486723
2020-01-14,688056,25.39815453871265,25.844923426870697,24.442510699717307,25.193999885821494,4379566,140391936.72235838
2020-01-15,688056,25.567931533091183,25.528311475822285,24.977735681185553,25.450977503703427,5138350,159684948.6198407
2020-01-16,688056,24.87752934924108,25.35846852511055,24.894494790223476,24.95537195966806,9132977,316952712.6546724
2020-01-17,688056,25.371742358617936,25.371200289073553,25.220199733937072,25.330483792822967,1109842,32599399.863069303
2020-01-20,688056,25.36035516833533,26.086323424532132,25.25259711634094,25.54517997341312,6995391,199668518.85722095
2020-01-21,688056,25.09349633180183,25.217214421602645,24.542292800650074,25.03738026725502,6445377,188540811.5398607
2020-01-22,688056,26.055537661466758,25.911885599057964,25.621194878946973,25.896671549155435,6625793,223643548.17818347
2020-01-23,688056,25.898276544318993,26.312702857708743,25.400906273518515,25.951672971970364,2944636,85083113.51284553
2020-01-24,688056,26.99260183810931,27.071378492342163,26.352533124962967,26.744610727025524,4229323,140276487.80989718
2020-01-27,688056,26.682719927633798,26.724187215158526,25.921200543944778,26.470890337205983,3229997,122800395.88662212
2020-01-28,688056,26.517993787436446,26.614202052348418,26.402246229051816,26.489974718828734,1165872,41529117.00379821
2020-01-29,688056,26.070173294514266,26.3612642361358,25.72558141111558,26.294183860245116,3691153,125889710.25780918
2020-01-30,688056,26.696481692915047,27.207816877929915,25.91355563194585,26.63869771302715,2767869,94445590.159295
2020-01-31,688056,26.29507043111134,26.81036331207758,26.38138090450353,26.455718173955447,9064052,359641371.6046437
2020-02-03,688056,26.550855279194163,26.489694877613243,25.657123262692767,26.364442579011023,1399780,43836034.238991775
2020-02-04,688056,26.52992141358955,26.6698798057391,26.549320340528936,26.662902409513826,8798331,343819805.98312855
2020-02-05,688056,26.650636638077156,26.847633527735443,26.099407236469528,26.495570362943674,1037309,40511298.63004373
2020-02-06,688056,26.881358262232144,27.14448836491412,26.638979030745286,26.664992806892837,7828284,291073258.3938207
2020-02-07,688056,26.66986456932436,27.2175352693579,26.56202018546928,26.835481569731307,7466706,288132830.80875653
2020-02-10,688056,26.836652434652645,26.791983260774316,26.21553539999772,26.634796385794967,4773328,150908486.4802466
2020-02-11,688056,26.233729534893115,26.724719409636737,25.798770894228248,26.44210060999944,6665412,249231872.15782976
2020-02-12,688056,26.085930982794792,26.56639011594395,25.627134417598803,26.016873636847215,8413215,283950540.0777169
2020-02-13,688056,26.300382731570014,26.809768703967855,26.23084342961653,26.24833964723986,3877397,106033354.81102924
2020-02-14,688056,26.294580730060297,26.47118239044226,25.84836524984639,26.23558373088996,6340180,184260853.19793695
2020-02-17,688056,26.648126202413167,26.779743865662567,26.47338487563487,26.52844940949344,7093845,257105898.98371264
2020-02-18,688056,26.33817535301645,26.648288818748487,25.49024663278633,26.185094924540024,6630868,191842749.15198025
2020-02-19,688056,25.77723275990252,26.33071968320348,25.74311304238701,25.996120947074864,9322989,277886823.46255153
2020-02-20,688056,26.273243218280758,26.621907840948563,25.97157306143137,26.306155978306265,5927882,160852779.1398371
2020-02-21,688056,26.479818945413452,26.701423761193308,25.805101480678484,26.481984191264722,4351293,167017595.8175023
2020-02-24,688056,26.625548722382355,26.725380405712922,26.07787396689831,26.697415456225144,6268339,208920625.53070104
2020-02-25,688056,27.342345260228054,27.44481577152859,27.12702716484095,27.163895942440753,6695649,264353472.84940356
2020-02-26,688056,27.06728112828791,27.742776960902944,26.730551483605563,27.007054956182873,6987079,272327211.9055145
2020-02-27,688056,26.708973231523675,26.867618703486585,26.06104142539526,26.573395031115247,1674536,50492377.424359985
2020-02-28,688056,26.929443874614826,27.298779594820072,26.445778416279854,26.873158643793055,3699392,109843551.54586962
2020-03-02,688056,26.834952410535852,26.737989439224577,26.03450348313302,26.620343212593298,7088102,242641976.86454552
2020-03-03,688056,26.688012663430616,26.8765001252228,26.54365870910198,26.791303964911112,7482797,224855317.681726
2020-03-04,688056,26.613526211366853,26.702259219604322,26.017005742410507,26.417061225597138,2610214,83433433.08653943
2020-03-05,688056,25.34906224902603,26.027876623236303,24.77321137916186,25.496611857837504,4231129,141153181.82221282
2020-03-06,688056,25.55846738183,26.365409420251776,25.597551958775814,25.73474586549877,7674782,252182739.21187106
2020-03-09,688056,25.95112833209736,26.493254480347723,25.776249133213962,25.873917690098637,4554465,142778625.40563878
2020-03-10,688056,26.00859611418652,26.228142913788115,25.409744558847116,26.089456360968573,7891086,296483736.38978595
2020-03-11,688056,25.807074680859838,26.40572190502296,25.64433728664683,25.999035081515075,9510060,324766108.8977159
2020-03-12,688056,25.463231970795878,25.776447232827923,25.293683711054005,25.301084248174185,8640971,263193108.00185195
2020-03-13,688056,25.641535488262832,25.620327295052096,25.436194920741553,25.58671011796814,2348405,88666504.72056957
2020-03-16,688056,24.88023742899675,25.37606150742509,25.099200803634083,25.108689842015416,9618630,282345906.18429214
2020-03-17,688056,25.1490915986045,25.191678593230385,24.93656226698589,25.181644808348956,3103162,105545527.22232252
2020-03-18,688056,25.731899672610027,26.04429377462731,25.507357587353386,25.602785213989442,5694128,206672830.5292822
2020-03-19,688056,25.215796870283196,25.307985676710242,24.69843674329006,25.21607429635229,3648396,111609519.80847672
2020-03-20,688056,25.275065062607283,25.80444646037136,24.588262676555896,25.20630214337818,5594893,165807610.89542577
2020-03-23,688056,24.98548816478998,25.557420305586554,24.920902583492815,25.091233932770017,5163083,189400928.81322065
2020-03-24,688056,24.504117073065277,24.589431698589102,23.85069182060917,24.427696009776394,1262393,30893774.487057637
2020-03-25,688056,24.427444143871146,24.673079427894532,23.76835994301217,24.367494963793654,1971554,59409915.79998739
2020-03-26,688056,24.79069230553025,25.12166057761715,24.176361138495402,24.898697786071107,9205599,273177215.5567128
2020-03-27,688056,24.863317141176005,24.887394198254995,24.050221067660022,24.686701921142177,7999906,266320955.16607946
2020-03-30,688056,24.80753101932497,24.699269031842384,23.991779246887983,24.647655729298155,4450152,148307201.86339608
2020-03-31,688056,25.179541839394606,25.56985607243222,24.409218436890963,25.158772751430114,1088336,34113229.75394256
2020-04-01,688056,25.132603062793248,25.766827581663353,25.186239664418192,25.369161767553706,1840157,61608855.70057829
2020-04-02,688056,25.919812195000116,25.973148187682273,25.709158024541544,25.76981123192173,8785118,281987758.3208833
2020-04-03,688056,25.803219466167587,26.412607003818533,25.58156394218988,25.91890230009568,8220816,215389296.8884328
2020-04-06,688056,25.724805789909645,26.11848823622136,25.572478480932755,25.624871304476937,5498287,155424775.61446846
2020-04-07,688056,25.613374692170538,25.912771015627857,25.12444913956786,25.63323635012935,6980758,193396833.01096937
2020-04-08,688056,25.408349983108828,25.850673512342667,25.062402534319897,25.431033925365114,1717197,50784005.152419716
2020-04-09,688056,25.020661369589654,25.414704675634297,25.088333030500838,25.107625594474534,2555007,74942069.93634987
2020-04-10,688056,24.916390507076045,25.225479353065094,24.73846748461765,25.130873344598392,9987960,338914971.8694624
2020-04-13,688056,25.29837794096444,25.49869608434917,24.59410577842494,25.32365211331073,6203347,189308158.87189642
2020-04-14,688056,24.95235844928041,25.453419707258572,24.65874281637816,25.163909521593993,8157356,281208313.6474539
2020-04-15,688056,24.803449308079177,25.396488479827372,24.44058775256166,25.02435508245423,3369471,87811235.83232042
2020-04-16,688056,25.051000542933874,25.303109919339906,24.57486031621694,25.067274825023134,7896567,267679372.0299059
2020-04-17,688056,25.394986544087505,25.5896048577873,24.483698539102132,25.217722219817915,3420428,107949375.8607714
2020-04-20,688056,24.991598621465467,25.404327478508236,24.56863479059966,24.754763424249077,7613513,265460857.84229776
2020-04-21,688056,24.383619944106023,24.550743379383896,24.460971693290457,24.46620305745337,4513885,111906241.48777166
2020-04-22,688056,24.258965855496633,24.710683856030364,23.773384194106015,24.23476941139131,2325174,72871155.7778726
2020-04-23,688056,24.722831172550404,25.27946232046209,24.423971574811713,24.54695036980879,8876661,322940254.75826937
2020-04-24,688056,24.650276317660566,24.88870606577696,24.48810817932259,24.793924010317696,2620644,78837185.28988627
2020-04-27,688056,25.35487134751523,25.406480484276443,24.571782228168704,25.19369628315274,8374678,269732928.7411254
2020-04-28,688056,25.593185117710505,25.7512136697697,24.829504088430465,25.36979452380394,9570773,310752805.8460641
2020-04-29,688056,25.518759919435258,26.28595264151237,24.897922863046396,25.531667304225678,9303917,277784056.42033696
2020-04-30,688056,25.821186327431153,25.897868461317767,25.649542413602727,25.83694026296225,2800757,104688345.31421897
2020-05-01,688056,25.635573044143744,26.021550619733443,25.767223083345208,25.771202404678476,1115120,35809759.99438283
2020-05-04,688056,25.358083778837205,25.886892025367796,24.457856861908247,25.162462702216523,4627624,144850210.03217658
2020-05-05,688056,25.465992305147044,26.264593882877204,25.49586452184326,25.52208145653085,1681953,57761760.52070679
2020-05-06,688056,25.617805011719565,25.860197412549883,25.142580755609178,25.70181723663324,2508024,92699414.01867352
2020-05-07,688056,26.037310940849462,26.334414600485594,25.700238246994548,25.837421914751914,5059478,174296999.16276175
2020-05-08,688056,25.625830489140075,25.684974801871245,25.53309112056826,25.586775874146362,7780301,263943032.20575017
2020-05-11,688056,25.269101674752463,25.353969120921704,24.517168020936847,25.161134875472086,9992168,328434842.7407553
2020-05-12,688056,24.746517003244147,25.304303635882167,24.334449627351944,24.962055280149745,9937026,293313932.91419065
2020-05-13,688056,24.96403205374187,25.46777878588787,24.45717212948539,25.15923572718986,9571758,274193326.23484737
2020-05-14,688056,25.35846900248478,26.007431722412523,24.886263931957867,25.515818991433683,3223649,84876594.26301354
2020-05-15,688056,25.07827552308489,25.69704920848238,25.20732448757916,25.239664561822412,8250051,270225742.1500202
2020-05-18,688056,25.464636177020363,25.30674390039265,25.15321223511435,25.278250470118294,7615018,214588538.73058122
2020-05-19,688056,25.458787738396374,26.3634495157538,25.472215058291283,25.618002710133368,6129122,205728979.93025306
2020-05-20,688056,25.107055620712426,25.70464742197971,25.208711177459467,25.30086960698965,4166496,107786812.95907426
2020-05-21,688056,25.342669026037434,25.45607188980563,24.87801859343194,25.131823027152944,8554039,226866791.16208753
2020-05-22,688056,25.138053021990043,25.878634900979748,25.047423550002623,25.375321080100917,5383177,164414702.68991852
2020-05-25,688056,24.77306272977523,25.040423004121795,24.24352189066312,24.59907600687108,1614501,42112548.05463005
2020-05-26,688056,24.615826520833746,24.76900946773287,24.214263076081515,24.507329357298907,4002194,128992543.86343601
2020-05-27,688056,24.13601370032748,24.351846953633594,23.591547966081112,24.229932311226616,7395854,250010095.02798215
2020-05-28,688056,24.52807122547662,24.94623582812085,23.610444792731123,24.299402162454715,7749123,274273817.4525948
2020-05-29,688056,25.125068772896,25.52350569528974,24.907974051260755,24.999781280174968,1533960,39779535.37510261
2020-06-01,688056,25.872048826140812,26.306624825644015,26.035818835251494,26.044929267238032,7060278,261754277.72240996
2020-06-02,688056,26.333329232124964,26.402162738005256,25.651628102540464,26.126311435307287,8707349,285425454.7326415
2020-06-03,688056,25.752778213360852,26.73232536910175,25.231297298271414,26.010624294955665,7275402,247572493.99553514
2020-06-04,688056,26.6800078934561,26.925756606105132,25.927477801876496,26.428102268114916,3575733,110810977.33953242
2020-06-05,688056,26.649351545890113,26.6076980782564,26.37474848505357,26.547196442441304,5141464,161792398.350481
2020-06-08,688056,27.04345358535837,27.04221726668852,26.928062039917936,26.92950305268221,4765602,160182046.87382832
2020-06-09,688056,26.37013394839913,26.520275384695143,25.89482407032022,26.311258753821633,8312916,242455606.36685282
2020-06-10,688056,26.39737558154131,26.65542556207659,26.427956197845514,26.523128840834545,6184158,173781687.14777547
2020-06-11,688056,26.465372914920167,26.81439589558776,25.773777196860266,26.366548757636856,3212639,110353212.04297237
2020-06-12,688056,26.9593616814511,26.847692378351734,26.60616291522119,26.815569009956135,5778540,183980827.72964048
2020-06-15,688056,25.947228737640874,26.379396605274206,25.44432971830096,25.962116210484993,5857453,207249823.45605373
2020-06-16,688056,26.051028030543772,26.457544482334907,25.69244831042238,26.20602459902428,4814152,133973759.87779164
2020-06-17,688056,26.05605042976099,26.343821066130467,25.510702396388204,26.18165709665358,2569226,70316965.23740365
2020-06-18,688056,26.40728671632815,27.143280306028267,26.080113316989923,26.43797705346181,9347916,281636613.6974509
2020-06-19,688056,26.673508261809445,27.260793934751163,26.346024831168982,26.54763814864701,1018609,34034411.122072935
2020-06-22,688056,26.878677894107543,26.934083015702768,26.188333190689256,26.734937707436092,4831980,145646477.47540382
2020-06-23,688056,26.89828328962532,27.6014271889225,26.75058821030072,26.868364692151847,9254916,276429362.7913126
2020-06-24,688056,26.687202939809584,26.755490762586703,26.264341745350798,26.580643624348692,9670563,351039145.0633014
2020-06-25,688056,27.044580578515237,27.11270311761975,26.333423905415685,26.851419144645977,5042779,180405256.86723968
2020-06-26,688056,26.26208918567466,26.958206801354528,25.740698619598845,26.31633329646501,3475103,103994889.43014552
2020-06-29,688056,26.151927531972206,26.59399547007649,25.842354989203915,26.22300471585039,4313987,152379982.15231413
2020-06-30,688056,25.789818142905265,26.023615083950304,25.611874487824057,25.93977897242395,5670140,201945414.61068368
2020-07-01,688056,25.894906174934484,26.454356303559695,25.700506790929595,25.89454519155136,6738334,217927507.23553967
2020-07-02,688056,26.257583632932523,26.440842606841937,25.888665023561945,26.130998444826574,5142940,181330197.3650344
2020-07-03,688056,26.20314218833476,26.504105958028088,25.48583900732541,26.08821464900344,7844719,260295749.50810626
2020-07-06,688056,25.81800960165204,26.09063159355954,25.34931159549935,25.72465883731786,2269184,71969063.68732296
2020-07-07,688056,25.71855444027366,26.22177775006239,25.327491413658944,25.755841760063667,8154994,291058305.18092406
2020-07-08,688056,26.226830786490325,26.263950546872323,25.872984183291777,25.986490149334124,2106135,57860734.97790665
2020-07-09,688056,25.75062048630973,26.360475996053943,25.56092753854226,25.77359232500094,7035152,253102050.4768
2020-07-10,688056,25.54571864812371,25.90175530294939,25.34530774913113,25.496233595932598,9409961,249059296.23989347
2020-07-13,688056,25.29829494292842,25.7957766181595,24.954937214835503,25.473579823493722,4191197,121685033.97759086
2020-07-14,688056,25.17989015433793,25.44298809377432,24.767143966387334,24.957874202575066,4125771,142307205.9889507
2020-07-15,688056,24.649472253002543,25.031038480960138,24.731507971648334,24.834117763560556,9679059,331538377.1481824
2020-07-16,688056,23.92395644999881,24.30782052834588,23.763606566822535,24.14736300619277,7667902,253588416.66614732
2020-07-17,688056,23.220378101869414,23.836712975711404,22.89467366872181,23.421262347094242,5440668,180402056.45677406
2020-07-20,688056,22.982890690362996,23.531002257887405,22.46919463114687,23.0656375082404,4114028,104857752.0182321
2020-07-21,688056,23.053833192540484,23.54803589978137,22.909142155217605,23.149816585854907,1703984,51975364.13628572
2020-07-22,688056,22.763414033678096,22.850290811350778,22.23540378673936,22.576114975252455,4802242,125717890.00641596
2020-07-23,688056,23.22027767255209,23.570219430307656,22.717593270578114,23.028179829352982,7829800,193249772.95536602
2020-07-24,688056,22.63534449899965,22.976717235640695,22.152133183569898,22.81075816259543,5806974,137587796.21114248
2020-07-27,688056,22.55580914531992,23.43670759210142,22.459008442369186,22.7812350310964,7715508,222764223.1749761
2020-07-28,688056,22.905834554101794,22.972312576731113,22.35500133461844,22.742300483617594,9886361,252913524.46566716
2020-07-29,688056,22.75277985336534,23.141952647986976,22.425842361110583,22.642779085959916,2769879,81312364.67224899
2020-07-30,688056,22.651465164131103,23.144647966436374,22.307643004278884,22.798154966958517,7374076,189015824.41595903
2020-07-31,688056,23.0955376634056,23.717776770992096,22.80637282976465,23.259264686865663,4119611,97210245.29330868
2020-08-03,688056,23.830979517968892,24.264142572349602,23.40047299831736,23.730350167872643,3058611,73549359.38881592
2020-08-04,688056,24.33893197532445,24.32503652878857,23.806087138735958,24.18770737866179,6052711,214110833.38399735
2020-08-05,688056,23.863464877756314,24.328823922304323,23.374603916713856,24.078718290265428,1332112,33759496.066908665
2020-08-06,688056,23.995601011541645,24.538040085410202,23.575978922858432,23.922115183703305,9557292,327061257.35169446
2020-08-07,688056,23.59426369671312,23.75463872117903,22.80509818858056,23.443028898659435,3326166,84921951.29648633
2020-08-10,688056,23.268095311706364,23.896955720234054,22.796674259718376,23.373588194965244,1405052,47008755.46538603
2020-08-11,688056,23.65680396601057,23.938553511983528,23.43096248340606,23.46236117675147,4955282,146288410.3121588
2020-08-12,688056,23.469088865013035,23.599854068808927,23.355053533752383,23.446803167562635,7719318,200638672.74932748
2020-08-13,688056,23.68295811237157,23.772300303310278,23.169440498467026,23.747381514931014,2626305,91768229.93702096
2020-08-14,688056,24.352340658295823,24.818699494466706,23.995850028800668,24.368193987083934,1149245,40368710.44757309
2020-08-17,688056,24.043917999452905,24.488639640709692,23.619996010291878,23.911034567852838,6334054,206050719.8485769
2020-08-18,688056,23.712108069068172,24.09990244760494,23.37203048813279,23.841935722665916,6506198,174398239.64203364
2020-08-19,688056,24.23833772637334,24.66600465477949,23.761045458666253,24.0039806453656,5629563,155088143.66008875
2020-08-20,688056,23.630727866529025,23.822597657548588,23.335957202345696,23.740284207632648,8237723,289159127.799134
2020-08-21,688056,22.950956384523078,23.704247159314225,22.47166302993806,23.061939186387605,5199070,164602670.5548266
2020-08-24,688056,23.36220439024301,23.237084284990782,22.518832391623487,23.15773162734495,4810068,132156223.60735105
2020-08-25,688056,23.159134346882578,23.432826089654167,22.715340199387736,23.282577678585078,6032465,178034025.081039
2020-08-26,688056,22.79535717572689,23.237884914830694,22.805974234452965,23.003985630033576,5676737,189326610.2881851
2020-08-27,688056,22.52316243418826,23.136367201701823,22.102481304524748,22.673957833081484,7000280,221009572.87473047
2020-08-28,688056,22.681561820930117,23.081881016218716,22.34694250158618,22.72567339698969,9356091,240926683.78340542
2020-08-31,688056,22.957077845631677,23.118343866240266,22.220488943611393,22.783528643484466,5175714,175111805.54058644
2020-09-01,688056,22.98424574992395,23.544734343593305,22.685641276541418,23.163628434784208,9554596,254293166.87506312
2020-09-02,688056,23.469918674582466,23.74371173771302,23.16512708276915,23.396137706162982,6660919,199866128.2759821
2020-09-03,688056,23.256079918089387,23.611043785420144,23.165346407099086,23.283417987517176,2358469,70179477.87466368
2020-09-04,688056,23.16796253166156,23.19738930725417,22.77592590921882,23.15196696569368,5401918,161832165.66611028
2020-09-07,688056,22.806156147297173,23.41838170841899,22.435307230213898,22.95614090576457,1775615,53019983.902551316
2020-09-08,688056,23.12931608676895,23.69989436486554,22.966389102756303,23.15890862939881,1027517,29949048.21496951
2020-09-09,688056,22.915345551886087,22.911349704987977,22.69555002058448,22.906200861967914,1574646,38922592.023186915
2020-09-10,688056,23.25845721329456,23.18908785063378,22.41954556181023,23.066635778257783,1892504,62025317.317444146
2020-09-11,688056,23.155354033794644,23.672580289276357,22.758100378190925,23.100437952148514,5832276,151131532.445769
2020-09-14,688056,23.6190530014381,23.55850902703508,23.247777812966927,23.40433473907303,7525634,194330926.98899442
2020-09-15,688056,23.273399028236888,23.591265240825404,22.787823952016392,23.226404452481496,4311780,109745036.76091018
2020-09-16,688056,23.53004202892604,23.392889927477267,23.158171822220886,23.390688830248195,9249424,218362179.40495896
2020-09-17,688056,23.298598728704437,23.297251349621575,23.288336531429486,23.291610057267878,8186497,276327267.7520159
2020-09-18,688056,23.97590333944924,24.173644751143854,23.24254137640844,23.834084533429156,6929147,239366114.96490133
2020-09-21,688056,23.424166503690234,23.90535048574856,23.402288577860677,23.56970214929648,2003816,59540582.905844815
2020-09-22,688056,23.982878364106686,24.581888845686706,23.669590352147726,24.0052683687342,7763089,187648645.2030284
2020-09-23,688056,23.920206109292,24.13967744819605,23.4201607453184,23.85183913571946,6838432,215265413.17381865
2020-09-24,688056,24.264103078223364,24.939940636677605,24.202960510242725,24.247932806983265,7117295,189479893.0268467
2020-09-25,688056,24.474021428051863,24.5361183748175,23.748395224240053,24.326334208841175,6655607,238572452.77849802
2020-09-28,688056,23.827380517290486,24.28706450074385,23.94295707400122,23.981518911238794,7552510,226036682.70705706
2020-09-29,688056,24.451462620429393,24.93746051961015,24.130105577983134,24.414497552756252,8161208,282407943.87864345
2020-09-30,688056,24.13493867451647,24.28967149880649,23.387817402636514,24.059677863814656,7125074,208659471.86389473
2020-10-01,688056,23.98076663111084,24.428723072706884,23.435190126889363,23.943753147780185,9790812,280880565.8768423
2020-10-02,688056,23.481849792712115,23.863294996063928,23.311349041202206,23.56156407102845,9198555,259791663.52423427
2020-10-05,688056,23.77391374508304,24.122122068840355,23.43018116877621,23.578565976376787,3776564,90170065.98442699
2020-10-06,688056,23.434271153070636,23.839827173209724,23.178731175760255,23.670173316818314,9416755,246894023.31016943
2020-10-07,688056,23.305215455932196,23.86506469037974,23.024307566163845,23.44698014483469,3650386,126572234.54810075
2020-10-08,688056,23.121311965275947,23.192111867574322,22.66423526169312,22.981537124331687,2167139,59368603.06486418
2020-10-09,688056,23.650073884054297,23.81411285047224,23.615808289033062,23.655402003019525,4038978,132344183.656555
2020-10-12,688056,23.29848208189271,23.510417762709633,23.50111118342602,23.502157337415134,1300634,33085435.031718012
2020-10-13,688056,23.09274210912108,23.41875816104054,22.90149517101743,23.04569157955006,5284253,165161303.37627792
2020-10-14,688056,23.49301256909033,23.573882932053227,22.88932458209121,23.32389611731491,9377683,300150550.31862
2020-10-15,688056,23.13123679038357,23.818029775131127,22.64494711782766,23.23538151592726,8456909,289897813.53749424
2020-10-16,688056,23.35697206693821,23.605093136600203,23.231355437484993,23.53471288474491,3280739,97948575.4944847
2020-10-19,688056,23.267371472194675,23.81853714174884,23.210955452757858,23.22001752081379,3414321,114950662.23664697
2020-10-20,688056,23.717445864632435,23.904853940747664,23.54122718256155,23.732713566055413,3588233,104833617.72433749
2020-10-21,688056,24.028235434134913,24.545538994410283,23.392480255194723,23.915442399056772,9724996,292819855.23481596
2020-10-22,688056,23.992666465638468,24.558243356507482,23.59820265091877,23.882724476263114,5325204,167760698.3615817
2020-10-23,688056,23.72222573895511,24.156428312827053,23.331643796156037,23.870988428584752,7115586,222194487.60702735
2020-10-26,688056,23.99554619377022,24.41157193217968,23.277335994226295,23.83573049628655,2211668,76918996.83097158
2020-10-27,688056,23.588757428162193,24.01112183879297,23.3454757927172,23.745977878250685,7055368,227724546.4836933
2020-10-28,688056,23.694701965838505,23.973516918531885,23.431419968542553,23.629658140076767,6289985,181595797.0210357
2020-10-29,688056,23.741686383684268,24.379556494848412,23.34030214748266,23.88545877032015,8907014,278136626.67465574
2020-10-30,688056,23.060316196169623,23.344957893319904,22.594059557179705,23.158496738776996,9606905,222530306.2337907
2020-11-02,688056,23.415432795379115,24.023756021207834,22.866291899223487,23.371996587996904,9093646,223961448.85491017
2020-11-03,688056,23.214062791543167,23.75445736006626,23.143634006335002,23.398488349372926,1779860,44710429.30023675
2020-11-04,688056,23.627540889402308,23.47132162605547,23.051779119199505,23.455058131568606,7319686,208387469.49547514
2020-11-05,688056,23.761797474999145,23.73951195969434,23.52676964825641,23.591949963003863,3148677,102483407.28951715
2020-11-06,688056,23.73857044535466,23.831125196467564,23.49705491431519,23.71910111945131,8916111,296823470.252009
2020-11-09,688056,23.23759719409489,23.895871876799248,22.956990592761063,23.36687152245386,4369535,137748951.67265704
2020-11-10,688056,23.406837879635862,23.486823399369218,22.697757310112685,23.37086766562775,5879893,177941155.93438295
2020-11-11,688056,24.025088421912073,24.428600705552057,23.420529159212453,23.840491647626386,1170689,34379066.62067779
2020-11-12,688056,23.254068828677852,23.677035392109897,22.865730077472403,23.422324670183844,4396651,150466939.78424683
2020-11-13,688056,23.168317700250206,23.68971635491968,22.87910685419824,23.294929135852158,4726780,148643117.42834592
2020-11-16,688056,23.50637239497082,23.99226334168832,22.774304992808037,23.38530213786175,2273511,55988933.14564974
2020-11-17,688056,23.204399541600292,23.74256482099496,23.285666825937618,23.319249227989758,8468301,205949209.36444566
2020-11-18,688056,23.03919120070139,23.268152335769614,22.95462052817742,23.065223980754276,3718209,128121760.08441359
2020-11-19,688056,22.519340884127676,23.320463552265736,22.33967358141974,22.7173241083884,8619626,268624956.57119364
2020-11-20,688056,22.576576119623198,23.230645235319543,22.521719136247565,22.68091618425195,1950877,56902103.428696804
2020-11-23,688056,22.56867537163606,23.016084301773517,22.106006371633672,22.776868162502527,9607307,222312663.88268006
2020-11-24,688056,22.632951299424885,23.03432948439326,22.154066613211917,22.79043604512949,4671942,134775241.71323317
2020-11-25,688056,22.442147387488248,22.51789568968323,22.04619769501033,22.492057359982276,1606546,46357376.18589608
2020-11-26,688056,22.48870776252234,22.75852554664338,22.06996351298222,22.714304176137027,6699019,223096824.74705356
2020-11-27,688056,22.36783507422225,22.786985071548372,22.436059611298425,22.580134909374053,3517516,88317319.34241387
2020-11-30,688056,22.800400274350093,22.71438663567947,22.05906597549952,22.70080979454968,7074200,228553039.49118453
2020-12-01,688056,22.45131233258776,22.39815192556968,22.103944752014737,22.396978316359167,8779393,239122464.61326286
2020-12-02,688056,22.888639924766768,22.696016668908417,22.54454055006744,22.692783510121885,7848105,243750543.6691474
2020-12-03,688056,22.456461726233332,22.76164613799515,21.681384279366,22.32962596175397,8443644,201987319.3430802
2020-12-04,688056,22.43876535255066,22.774111020871626,22.164685381583205,22.316775734660084,3657424,82224434.12120531
2020-12-07,688056,22.22490962436876,22.108571728475024,21.62550973709131,22.017044360966416,7821528,237052150.86643285
2020-12-08,688056,22.120770072736132,22.006133738842134,21.78005519450248,21.99945637228236,4130225,132444902.8220283
2020-12-09,688056,22.101298606457384,22.737465008622294,21.766997639598266,22.135093989381108,5143059,160041290.4106249
2020-12-10,688056,22.26774482140812,22.76564560709087,22.3349934422615,22.40428647595958,1220932,33956206.37282406
2020-12-11,688056,21.90321543869829,22.26879375334381,21.690238784968987,21.886330637814865,7203926,197087639.90751
2020-12-14,688056,21.61688465809892,22.015141216506304,21.327619868006064,21.801798598467762,1112934,27095632.761778016
2020-12-15,688056,22.326363221437415,22.662649675165454,21.698032606111248,22.17747178572054,2429925,66544344.49631584
2020-12-16,688056,22.349211757690703,22.352664493517725,21.830995695919125,22.293124378483256,1222066,40142005.21818849
2020-12-17,688056,22.366828610971808,22.685174617599372,21.68167285177436,22.334299789436365,6649104,184311887.43559274
2020-12-18,688056,22.58965097884696,22.449190398810163,22.19242628560322,22.41465023418357,9626110,256586500.3100344
2020-12-21,688056,22.18395576378202,22.45147047829126,21.832652863673427,22.211150585791813,3703467,101073488.91145296
2020-12-22,688056,22.023945727504934,22.14362247165037,21.96614747950285,22.099542513907284,8326798,266674007.72458434
2020-12-23,688056,22.395791176523737,22.923687819863137,22.050524112645846,22.309738980611726,7637001,225002868.15535188
2020-12-24,688056,22.40731604840828,22.77071727407303,22.186223329422756,22.627989610208623,6554592,182029787.45584562
2020-12-25,688056,22.967263273758213,23.41421367298614,22.378213849656877,22.98380055248758,2977035,82226143.89442047
2020-12-28,688056,22.82438816080128,22.926993947401893,22.540622921497448,22.814348081943717,4920284,136196130.83184475
2020-12-29,688056,23.207712354061638,23.3192369186624,22.531105768962345,23.08907350150893,7086140,228433365.80884105
2020-12-30,688056,23.067549616167117,23.201699350847136,22.777476189060543,23.038248523392465,3654214,112468517.025898
2020-12-31,688056,22.713132098831856,23.47510647419442,22.32293858915004,22.931762506855954,7749578,233080162.71280843
2021-01-01,688056,22.738447428741154,23.269516587643793,22.6396674499658,22.958932281232798,3209056,88706401.51345436
2021-01-04,688056,22.87863262196974,23.413740805635726,22.453714291111744,23.046215013903314,9964087,262727283.73429886
2021-01-05,688056,23.50733045497951,23.5811443495091,22.773347336328385,23.359753856350952,5020036,152793677.73769706
2021-01-06,688056,23.024983074757614,23.478899219893233,23.11601496273749,23.245818417254853,4579778,110485522.0413488
2021-01-07,688056,23.427301678114727,23.907065883509407,23.16683611176918,23.23742149135775,2826365,75012629.56713754
2021-01-08,688056,23.610948554836693,23.74850916451893,23.200860787943753,23.669118255857214,1421972,45420422.27494747
2021-01-11,688056,24.018421363625713,24.20339106493905,23.31700457162292,23.927311193895704,3893577,108833016.00983366
2021-01-12,688056,23.938685341555356,24.41012057363577,23.8322415335169,24.127022802429828,3028269,73196526.43851036
2021-01-13,688056,24.12580195307117,24.60089293533942,23.77948400822927,24.20508672338731,7523531,189820407.88524175
2021-01-14,688056,24.265679722066476,24.070535370907876,23.952077868974477,24.03931032084037,1876466,48007493.67824463
2021-01-15,688056,24.146444989845328,24.119548906174366,23.206000486448378,23.911876617345623,5036972,170528577.101573
2021-01-18,688056,23.977749715071727,24.502041242582603,24.114707307284398,24.123016255289375,1288681,34274182.81177966
2021-01-19,688056,23.656155500561695,24.447259585798616,23.36444626527768,23.741355965993854,6939496,222988383.35315105
2021-01-20,688056,23.85460688120291,24.442406584702713,23.609056788145296,24.026045110094188,7791008,262145187.66750127
2021-01-21,688056,24.18845104432324,24.81252115814515,23.54536068274427,24.25386393933948,5211738,187301127.01917586
2021-01-22,688056,23.871005117694832,24.280959580188302,23.79752239299818,24.084027084451307,1242929,39204372.083063416
2021-01-25,688056,24.06381623259919,24.06889579374091,23.97872266282156,24.057490491981756,7842230,195373453.3778901
2021-01-26,688056,24.36768877324354,24.320804799592853,24.014602468730768,24.132873081950198,2557789,68614569.21880369
2021-01-27,688056,23.96630160465161,24.288141666629933,23.20320826032354,23.782990353108417,1707070,56832958.06648413
2021-01-28,688056,23.970136593199744,24.28654796932374,23.113245150971828,23.762673969413875,4260767,142496780.2935351
2021-01-29,688056,23.31821047186614,23.530898423710827,23.2167169443752,23.30773630559218,9862162,233784714.44497967
2021-02-01,688056,22.869012910772817,23.33372634169288,22.699875299562,23.098772923996883,1270609,40619298.45705829
2021-02-02,688056,23.15699939908477,23.88837393401937,22.84702001155961,23.245441906315648,4492067,130416499.7795372
2021-02-03,688056,23.301288398706944,23.965936004929457,23.35147747879656,23.396016793742383,6851648,193040648.95065397
2021-02-04,688056,23.30737162612426,23.40967988813229,22.81122006231744,23.20383727244259,6808265,178181344.26995942
2021-02-05,688056,23.233255460782686,23.50445395650108,22.554986314511194,23.026019299974237,6050213,196276989.75382775
2021-02-08,688056,23.41586935119373,23.886848405810994,22.992187985645348,23.284559661469302,5742130,177280257.4959285
2021-02-09,688056,23.05370594246727,22.982094048857892,22.40532950135182,22.945816086340933,8495647,279804213.08697677
2021-02-10,688056,22.9731479592676,23.476147366190496,22.36392511676487,22.82277881204788,4159968,122783764.25806886
2021-02-11,688056,22.82437211997647,23.25796045196293,22.35346907231261,22.964129854442564,1230917,36218720.58984835
2021-02-12,688056,22.787452636420916,23.62074942491501,22.962174044881294,22.991262452670856,2269780,73460943.2253335
2021-02-15,688056,23.422009798110636,23.723314898923515,22.903951529431904,23.565548820963528,6304032,218863889.93206465
2021-02-16,688056,23.72961984645592,23.964585757485537,23.746434400125207,23.955918175521802,9882301,264685198.19624853
2021-02-17,688056,24.18281740709943,24.796932339077046,23.912644558174534,24.213799021243815,5534537,196807265.54848373
2021-02-18,688056,23.96242816073527,24.529464831102274,24.07539131048286,24.18688986022118,9817858,243987839.18432814
2021-02-19,688056,24.352065014570744,24.64333386212988,24.07560492647694,24.238567858900602,4744792,132693998.19758058
2021-02-22,688056,24.074262999995828,24.330245745016523,23.853419857448518,24.082641555262192,3016286,76003284.2984673
2021-02-23,688056,24.046199651879096,24.08612237703978,23.579971271125277,23.97968391974146,4713204,160257544.2014018
2021-02-24,688056,24.453691513839455,25.01643906387342,23.799346854081705,24.32514156369521,8570437,267000476.62819028
2021-02-25,688056,23.790636979984093,24.49216806073804,23.47875975638967,23.857045523322157,8147533,283898769.4368676
2021-02-26,688056,24.270267454105813,24.51366687940045,24.00684267263513,24.307526575509517,5896824,169347408.85072297
2021-03-01,688056,24.273797621436564,25.02376467266904,24.291560078054466,24.461188879279124,7755162,271230585.73601437
2021-03-02,688056,24.080070902208316,24.62545347562464,23.715093904722483,24.261803111097628,1966110,59918657.43688162
2021-03-03,688056,24.16295370232508,24.818201638124577,24.25529395723023,24.30207993095553,2791933,73770608.89340618
2021-03-04,688056,24.558258564685023,24.828107208287264,23.79268147927005,24.489226053273107,1406595,50013903.68466982
2021-03-05,688056,24.4217045648773,24.727969249386405,23.758201666180767,24.195040728807665,4539614,156300608.53241837
2021-03-08,688056,23.955532745161385,24.31825173509176,23.327186360764802,23.72330075042369,7320684,224926770.46936432
2021-03-09,688056,23.747178047539457,24.336800078464936,23.2333503543752,23.660683762633802,4947066,147358133.67808238
2021-03-10,688056,23.472780441186234,23.977798697251252,23.533288469367935,23.61076988120293,7993782,217888954.83937514
2021-03-11,688056,23.709371877284816,24.01717780647371,23.797752364070536,23.898833553243563,4321288,133416562.32133529
2021-03-12,688056,24.108104383485287,23.98829039107732,23.34890623890767,23.876192355584447,5442031,186891485.7046457
2021-03-15,688056,23.942109517908953,23.926633515742996,23.419581191752023,23.790446115166613,9856012,327138744.3816831
2021-03-16,688056,23.635908920639608,24.09447398324062,22.980639536345702,23.56767815397219,3242876,90662607.70863761
2021-03-17,688056,23.644594737915952,24.174559293492816,23.104989661905716,23.633225325193386,8975933,234680477.30138925
2021-03-18,688056,24.26352301429345,24.64980212541773,23.84059166934457,24.333866511615298,8431161,247891074.72806814
2021-03-19,688056,24.155425132506636,24.370759467232947,24.102422778044655,24.211027052957764,5403506,195848129.86221707
2021-03-22,688056,24.405520804386587,24.689866838595012,23.81573337629703,24.170581674219672,9179936,287028283.31793624
2021-03-23,688056,24.280206692900155,24.84828333740858,23.960260651499002,24.305977737897706,1482619,42838437.714101054
2021-03-24,688056,24.357929900146345,24.654277239399086,23.653749578237278,24.170682328238822,6318348,199315213.2205907
2021-03-25,688056,23.800002662438274,24.28184952207098,23.487035085199274,23.726408600652963,2591479,80913518.23807408
2021-03-26,688056,23.73693183458862,23.987885694609485,23.13801952612502,23.804882184430973,3349551,108888323.30043806
2021-03-29,688056,24.071725032758657,24.328466598745273,23.889849756814495,24.07423685146543,7632838,240612297.78852174
2021-03-30,688056,23.999559779072893,24.388087020785445,23.40383969534006,23.827145888954533,8535759,292149740.94940907
2021-03-31,688056,23.83156931372395,23.771763319078953,23.506073514469715,23.751952210012895,5656236,192382519.0829829
2021-04-01,688056,23.77010809327795,24.127266947120646,23.123244052535448,23.598924279064416,6527224,216297091.88053662
2021-04-02,688056,23.64654274245806,23.649386162115757,23.459485555650385,23.600949419942484,6900204,194359412.73473492
2021-04-05,688056,23.988472258124485,24.57670574531466,23.35914952073453,24.01249094683738,8005498,240112215.67483574
2021-04-06,688056,24.592220324599737,24.54008621091746,23.907894126704704,24.35342380898638,4813478,139877448.66747585
2021-04-07,688056,23.998166986532347,24.50042181539368,23.829111173256834,24.216398659410373,3248994,99897433.11820579
2021-04-08,688056,24.85438449665974,24.976021619190323,24.35913031722229,24.662382110317207,8168835,206807905.11865342
2021-04-09,688056,24.199973276845085,25.106244197552115,23.844262699870068,24.433810348812024,6611104,165328175.53893644
2021-04-12,688056,23.874280553724926,24.21234460387461,23.452848429076766,23.869957378409488,1956425,52228013.08813198
2021-04-13,688056,24.031178549747935,24.82756039732894,23.790714645346437,24.14684199281977,4069133,124954272.2887603
2021-04-14,688056,24.54328990331049,24.507236240974148,24.19531994096869,24.328565707000163,5070908,137281167.09572992
2021-04-15,688056,24.58009402372804,24.535639602897056,23.738036851128584,24.37503546073264,3753409,97645426.69232605
2021-04-16,688056,24.05660707448856,24.04719817991264,23.847567819160798,23.96769280026788,3094624,75387609.28165874
2021-04-19,688056,24.558705170094278,24.831128935979418,24.615342187389288,24.615820844298295,8018966,281415861.5755657
2021-04-20,688056,24.53645341203105,24.59443682001939,24.248902249493252,24.525502590527182,7444101,227583452.6679171
2021-04-21,688056,24.710300912086357,25.351582399504828,24.090023277923407,24.78634561850194,9737633,320303701.1347117
2021-04-22,688056,24.547841944383844,25.04459714439362,24.249247787719344,24.711482572821645,8613730,216709184.37078303
2021-04-23,688056,24.511152058768022,24.926106724362572,23.924854065951585,24.30050147043262,8156346,202825707.37406403
2021-04-26,688056,24.197557945119122,24.344775201648115,23.675254959908106,24.100005309777444,5249006,161887021.20581168
2021-04-27,688056,24.14278640229661,24.32640850674011,23.88901419259416,24.106937659935035,3975962,125795033.82858276
2021-04-28,688056,24.220902192839812,24.309374226514468,23.588818218370925,24.27635539361662,9143576,295820353.07595557
2021-04-29,688056,24.377651990153065,24.44465132509297,23.684125896473187,24.376585419215715,7650986,272426154.50085664
2021-04-30,688056,23.960159496544513,24.185050483529903,23.93172902594085,24.138373600585766,3472655,89333641.1031717
2021-05-03,688056,24.285296562993693,24.445326686953745,23.747585636049934,24.34918690030391,4617492,136668249.73482156
2021-05-04,688056,24.80426104737852,25.445251666619672,24.311040420018116,24.72662322983392,6067728,204220286.90084866
2021-05-05,688056,24.604393498502635,24.776424086001086,23.873797264485,24.485986337794106,3093478,106458227.88647407
2021-05-06,688056,24.76711522755958,24.71408280945382,24.2357219316743,24.653729957710667,3676815,98506432.77464132
2021-05-07,688056,24.64993124174493,25.156527405504118,24.30401931046871,24.686656706007042,3667776,121576641.12002611
2021-05-10,688056,24.692816218698567,25.166161171663838,24.46926655936714,24.882687898863033,9735872,300488034.2536193
2021-05-11,688056,24.869142479186987,25.41050194954284,24.69624605499661,24.916826938951804,3101021,96980606.77793209
2021-05-12,688056,24.941984953479636,25.54558647247495,24.569125726438838,25.00638064282004,8468708,305780039.32681966
2021-05-13,688056,25.26001482395701,25.335855069485987,24.67458447487361,25.215345129718663,7163275,185183215.45703217
2021-05-14,688056,26.029147972734762,26.085473451001832,25.47608947831139,25.8690633626817,1572421,58983078.88067301
2021-05-17,688056,25.59842649939742,25.7402991948883,25.246931390628625,25.659403285470624,3273654,94098511.90239571
2021-05-18,688056,25.76698785356367,26.18172483591379,24.95222340370805,25.536357258012167,9687650,349976714.80977255
2021-05-19,688056,25.675894351413255,25.83674686384553,24.976820380256232,25.71850677356926,7703820,294732701.2493723
2021-05-20,688056,25.548769162320028,25.887836279042492,25.178529198171635,25.77580253600574,3730458,135988424.9964385
2021-05-21,688056,25.814558678728776,26.649045692885117,25.73005077211544,26.03507276035677,7627857,251651834.85594448
2021-05-24,688056,25.995216916216897,26.676564773806692,25.65123339742317,26.217031628334993,2459602,79069875.12785637
2021-05-25,688056,25.944972548734835,26.56782227096875,26.106648882039853,26.116347231554826,8979401,283181729.5987518
2021-05-26,688056,25.964487854054823,26.080009623251588,25.904325132457256,26.05613145218897,9599630,300458436.6718496
2021-05-27,688056,26.576426765182898,27.0550692734489,25.810219116377027,26.4781291323955,8000723,257405405.6084272
2021-05-28,688056,26.64495354449094,27.357945697422654,26.00402910656597,26.62938648709594,4206235,161919154.42031142
2021-05-31,688056,26.371022951647657,26.543067813514835,25.590069221758075,26.163061482801414,6828572,190261482.5628946
2021-06-01,688056,25.55297657661668,25.916143608375826,25.19392326270182,25.75130102145407,6972332,204190409.80739406
2021-06-02,688056,25.77026620420739,25.898037895808173,25.43571578539494,25.81135286775129,2218661,66080289.26610621
2021-06-03,688056,25.828811275910436,25.77030945034789,25.541278902960403,25.7584743304908,2007733,58953088.11589554
2021-06-04,688056,26.06113677081432,26.46778748255036,25.792194093995857,25.98399040008171,7404367,234379267.71621642
2021-06-07,688056,26.35527471855461,26.612240340804625,25.80967300085776,26.486729974099305,5274169,164280838.27409068
2021-06-08,688056,26.34982759735139,26.671537756069956,25.72218045272976,26.327816582677734,1718283,53044714.14291291
2021-06-09,688056,26.0821347153272,26.44800647380721,25.745586238642385,26.342479234354922,9762544,259934720.90712857
2021-06-10,688056,26.733331765567673,27.195085044256164,26.651583068020052,26.826326197730307,7194572,207447180.03200674
2021-06-11,688056,26.660738201803586,27.108113785301935,25.993370491483265,26.559727625131085,9073759,305756650.9199959
2021-06-14,688056,26.941327307906583,26.97057409515589,26.386460787832103,26.793258672286516,8613272,294146643.794964
2021-06-15,688056,26.699438980455618,27.133946187307256,26.42363266154681,26.705299691947378,7332423,211879308.69990757
2021-06-16,688056,26.247120947749213,26.957169809867064,25.94147945650926,26.326846781122157,7355180,261897709.25772983
2021-06-17,688056,25.88399858310108,26.172131723893877,25.756616600917926,26.115436681970987,5182906,137543164.3303702
2021-06-18,688056,26.785943285116602,27.14095358889486,26.437290259649497,26.521200567986867,7625209,218613213.79549938
2021-06-21,688056,26.87511218889644,27.20124196813806,26.914560324917833,26.92314429940456,8377315,295762093.04266757
2021-06-22,688056,27.494790669352433,28.002676562881188,26.625584759593437,27.248442337272664,9842903,314993750.79448944
2021-06-23,688056,27.249041335668142,27.50753428088732,27.264527638831122,27.330253737442348,4434088,125281639.62078898
2021-06-24,688056,26.561205920887165,27.09739854983314,26.607186330461804,26.609043666333786,9259976,286778736.0731284
2021-06-25,688056,26.79352567051577,26.867039995364834,26.64494114023116,26.66835113351175,5641774,208395191.415396
2021-06-28,688056,26.300619542728164,26.38045382407382,25.74269700859501,26.339770541822723,1960984,55334576.30058331
2021-06-29,688056,26.56422700139948,27.07377991090492,26.39870503651464,26.80165305618214,5207837,190855757.65831363
2021-06-30,688056,26.689061782210867,27.50747526334913,26.189494752898014,26.733286572879265,5584534,214152888.95191887
2021-07-01,688056,26.60396287844364,26.962636224498766,26.493094975376575,26.5212984224102,2287487,65330941.15950239
2021-07-02,688056,26.68849308774893,27.2137323183436,26.424460056021672,26.794615372222015,7625867,232842044.9011522
2021-07-05,688056,26.752509351141164,27.24473831288607,26.149361741819508,26.702549365455976,8312481,229786049.688932
2021-07-06,688056,26.88908339287493,27.342511189640135,26.03781088808178,26.712199482410785,8124602,311928572.0966974
2021-07-07,688056,27.220964811415254,27.539276304005767,26.522088971715263,27.0576327868438,8567029,308859099.01544136
2021-07-08,688056,26.427556568426372,27.262213445131277,26.416737263831628,26.64385976344749,8900714,264924206.5934816
2021-07-09,688056,26.554692457047317,27.52373572830497,26.240278233693008,26.798130075490285,2873682,98588916.18466896
2021-07-12,688056,27.526727511072448,27.82989700328421,26.629914692414356,27.33792490975716,4545532,181017706.3816636
2021-07-13,688056,27.447293239548586,27.818146929629478,26.697945770852535,27.428446657291087,6241013,184267039.09082308
2021-07-14,688056,27.376444654762487,27.485996573878108,26.97079303750145,27.38417126278009,3266283,98059221.666891
2021-07-15,688056,27.906223256156434,28.03879498074148,27.54235674746524,27.75376001639566,5971118,212058339.15308937
2021-07-16,688056,27.815350707834753,28.147242395902595,27.545548017502966,27.66899790586118,4439233,137455565.28023434
2021-07-19,688056,27.730852122279654,27.606866810704975,26.830521832896775,27.574238026795136,6541001,255514939.82019782
2021-07-20,688056,27.277027999577687,27.809054833357433,26.634784775785487,27.391153293846546,6152158,185554088.79912287
2021-07-21,688056,28.195661042374297,28.917204211620344,27.603359234506335,28.160555614834227,7817316,229692021.1502877
2021-07-22,688056,27.982633527630245,28.514901705959616,27.916082260958756,28.23461834943574,7938761,278731873.281779
2021-07-23,688056,28.4361740892052,28.596399903508665,27.96981627748843,28.465087612205195,3732801,114781444.49958494
2021-07-26,688056,28.566787953755505,29.39904888824931,28.38644833703336,28.778957475650788,1005138,36593296.62415679
2021-07-27,688056,28.86284912371773,29.271283060239732,29.10867815123572,29.140290407687978,9773575,423847634.7130187
2021-07-28,688056,29.238266742788237,30.24857404045927,28.7364030913871,29.443864815407295,9524065,383357168.24385655
2021-07-29,688056,28.814693685986438,29.654343055081405,28.25301327857399,28.862876999366183,3011159,112310318.95502213
2021-07-30,688056,29.33184858679327,29.300649573957525,28.458153675081107,29.176525633512597,7480917,289880969.62306637
2021-08-02,688056,29.75502528524468,30.577714551326967,29.610834309870945,29.689410181944623,6415979,236548691.77283415
2021-08-03,688056,29.1887839173424,30.147854317834607,28.656221928324914,29.37234368519679,7249403,308806787.0813544
2021-08-04,688056,29.673044147167907,30.0909191611858,29.895942130928468,29.949893096735288,1289869,50345525.21523989
2021-08-05,688056,29.639375884707675,29.478178204354624,29.172655573085777,29.38907715455682,3419545,129388939.20210174
2021-08-06,688056,29.03807258244171,29.740024930939814,28.458482952582248,28.982731511977114,8435358,251167170.6147376
2021-08-09,688056,29.678599239944177,29.63237690910501,28.91603788151057,29.57423053193777,6370576,268740293.85113794
2021-08-10,688056,29.090289098699934,29.806408689973487,29.051009000026756,29.36730027263454,8639639,348470600.16489375
2021-08-11,688056,28.775671658778702,29.386732589081163,28.714334011521228,29.031611696473583,9139112,355456569.8060935
2021-08-12,688056,28.912720984933124,29.54671186790127,28.39392779928177,28.940221201460496,6563242,231784436.3030318
2021-08-13,688056,28.700924999958932,29.20090025970303,28.676116343936737,28.947815044216618,2311588,82375629.54564755
2021-08-16,688056,28.93514729745305,29.886675730580016,28.746743515488188,29.031421668954035,1931242,56445749.74503328
2021-08-17,688056,29.971369179065015,30.672919578749006,29.441746867272848,29.829264025712483,9978169,325171086.0519773
2021-08-18,688056,30.61258797144412,30.8299453480057,30.088953359287093,30.47223435098367,4435033,177529319.81974253
2021-08-19,688056,30.410326335376396,31.01459747346316,29.93901656434681,30.125322318449584,9171440,316019518.96199924
2021-08-20,688056,30.325547497548342,31.273080507091894,30.00141673456294,30.372464426471304,9964027,348360438.4906656
2021-08-23,688056,31.304646031195105,31.82794616341559,31.113071587340773,31.268163205535352,7621708,264312276.4051202
2021-08-24,688056,31.415423020613336,31.69776124010882,31.180481017840787,31.27647536048602,1336423,62338521.577773474
2021-08-25,688056,31.49473232539082,31.696258869996175,31.282029323456914,31.408525987574922,2887641,125838022.22565897
2021-08-26,688056,31.417755514371777,32.067776955189984,30.885530998824024,31.474933827967565,9673506,350513524.58039975
2021-08-27,688056,31.420936484207594,31.74395174579418,30.59595823356249,31.501739395821055,9497581,406653021.3079595
2021-08-30,688056,31.010049057330317,31.146495854616894,30.085960769017134,30.958048090946814,1454977,52498306.992052115
2021-08-31,688056,31.116403993792364,31.845067222330208,31.165895757983655,31.242028789433306,7533360,294680418.5956867
2021-09-01,688056,31.306271244540724,31.919855379543314,31.29399281195303,31.44415199287071,4686803,190906926.63080183
2021-09-02,688056,32.134443517955845,32.49585797012016,31.803661208406027,31.871798701249542,7635131,301292742.32499063
2021-09-03,688056,32.08339004694771,32.81109668594844,31.44269789296517,32.32637343282286,3910494,136829157.2718831
2021-09-06,688056,32.16704465155271,32.15225653393784,32.07307997103887,32.091358678112925,4989634,171096468.3193866
2021-09-07,688056,32.62897904680514,32.92797371920952,31.78221450739742,32.61136935486099,9775466,380919969.2482966
2021-09-08,688056,33.13250461864087,34.01640287015569,32.24677823026534,33.098558368126135,7543591,294229394.3326746
2021-09-09,688056,33.69264363099422,33.698301329292455,32.80896563383326,33.44249112493903,9557731,464734639.90268874
2021-09-10,688056,32.45608149142252,33.48325084296798,31.76708474751669,32.723775971264516,8826048,362553472.31268245
2021-09-13,688056,32.75070334350593,33.86405401812358,32.8219651195008,32.928883728275565,2553670,119884837.33245222
2021-09-14,688056,33.244556318746056,33.530636533252874,32.62987042256495,33.13392343097743,2231346,102712069.76166363
2021-09-15,688056,33.33155545970405,34.22921166610876,33.09491697208058,33.374020713827804,3359680,127287966.1108606
2021-09-16,688056,32.28485652913823,32.751640930190575,32.597274488446885,32.602279526934566,8958909,354613577.5593256
2021-09-17,688056,32.13323089002794,32.429373464364105,31.270428036374565,32.15608560058864,7703330,275149638.509495
2021-09-20,688056,32.09331735219752,32.68920939525037,31.149680968791383,31.8785736763288,6552479,280521454.7961828
2021-09-21,688056,31.93367228085667,32.63599279416135,32.03253447903304,32.24143171426415,2493438,105135068.25376362
2021-09-22,688056,33.03838946544284,33.322809364649046,32.20231869621164,32.915972405977456,9639644,460331819.12581265
2021-09-23,688056,33.51419603752561,34.08319921980879,32.67970310761279,33.54817438732747,3632948,138532796.48247403
2021-09-24,688056,33.496246419440794,33.57882250578918,33.001600100313624,33.57868717214534,6507770,300214088.2439491
2021-09-27,688056,33.79690285184124,34.51988939098015,33.225235062337454,33.525436250716425,5875697,211235669.53261635
2021-09-28,688056,33.39186697575068,33.38898774041635,33.09321106096777,33.2758063159435,3849355,181135423.6242704
2021-09-29,688056,33.533252282267384,34.06611928146721,33.44211208246156,33.857055975375545,2581838,93873399.34007208
2021-09-30,688056,34.054237724833065,34.49983331083149,33.53133091074161,33.93874622932262,3566799,180802146.1313606
2021-10-01,688056,34.315430410694816,34.97464199012427,33.28499709610707,33.986658119077475,6283878,294652943.5718877
2021-10-04,688056,33.800742334508065,34.45604827298463,33.9229331581678,34.08479990262171,1619530,59216901.624996066
2021-10-05,688056,33.78880071751165,34.637737500571276,33.09257930327708,33.90829470879497,3115630,107251981.58410832
2021-10-06,688056,34.99645379425469,35.82296415874261,34.73245703962321,34.78827419269295,9203318,331314879.6494662
2021-10-07,688056,35.621104776257575,36.247187465871036,34.27916422137806,35.30290517433873,1834355,93122601.44351757
2021-10-08,688056,35.24800806492944,36.42989746960889,34.667064794591305,35.51689259989642,4904961,219835958.50256512
2021-10-11,688056,35.716786330845224,35.93725746047093,34.60777907806149,35.5041018324748,1932664,74747335.64976059
2021-10-12,688056,34.937912343247376,35.95046103484555,34.03172352498195,34.970378404524766,4212052,207698160.33998668
2021-10-13,688056,35.585032039806876,36.84829683775836,35.62859954177938,35.84954636342907,7964965,385853150.96747357
2021-10-14,688056,36.309063791551054,36.6772469533354,35.17804226152727,36.00365084897835,1134906,47044739.06383608
2021-10-15,688056,35.992306264757836,36.31919048565231,35.175187147855304,36.16844170372471,1211991,59399955.06126299
2021-10-18,688056,36.57876055822292,36.538033833417195,35.89606858956255,36.435672191522265,6858069,350132854.28111726
2021-10-19,688056,36.52090027324296,36.66123481347631,35.2613041330142,36.32321035100399,2445945,129458716.31145518
2021-10-20,688056,35.83740643263365,36.127844237361906,35.36289022939025,35.876197349899385,8250881,333234258.3038025
2021-10-21,688056,35.543833451131405,36.687104359482134,34.871425859564326,35.686734360543156,5257060,266295483.93764284
2021-10-22,688056,36.449545532557416,37.08312853504249,35.45735536522809,36.265778854813064,4443708,170905123.65676972
2021-10-25,688056,36.29353649293091,37.01637862179186,36.21641852798414,36.56721193456357,5428346,268285761.8424723
2021-10-26,688056,36.18452540547691,37.30362505995605,35.22805194006942,36.28289615777434,2451147,89535707.30504504
2021-10-27,688056,37.69403607108519,38.32013041100372,36.82072264568723,37.39874964851637,2439253,104396113.75908448
2021-10-28,688056,37.92542682296789,38.093607542660564,37.75052318189435,37.79615035090515,3003639,165405985.52698296
2021-10-29,688056,37.71767764954045,37.92823343081637,36.90297174609703,37.74363805612366,5668620,304744215.21753573
2021-11-01,688056,37.325767447192966,37.43944798630468,36.82237224568984,37.39488279999127,1731812,89861421.33437869
2021-11-02,688056,37.333464796756736,37.429941834270345,36.64911404065399,37.378473503902015,4697355,188379173.24114904
2021-11-03,688056,36.692485447281456,37.246981343614195,35.960371548853566,37.00575094154989,1999405,85278481.10124895
2021-11-04,688056,36.63777885346116,37.29301099255356,35.95283695865572,36.30969980021824,3144877,132680136.24297525
2021-11-05,688056,35.550539512051515,36.17040209645602,34.75768294253547,35.79987067400654,9411517,355178418.80458385
2021-11-08,688056,35.72750448581734,35.963773386841986,34.34307576769037,35.40112225725085,5958337,245092141.3930669
2021-11-09,688056,34.821024470434246,35.042225723462735,34.379438557734396,34.95218805146273,1256138,62223854.138554834
2021-11-10,688056,35.74939141537871,36.191996218015845,35.27776794316617,35.54194331848333,4691982,249311117.2228715
2021-11-11,688056,34.73574214106091,35.63201470662579,33.96678817887949,34.90550321083049,8397437,378526066.2267487
2021-11-12,688056,35.50407747592715,35.876960209480444,35.28439483904589,35.42813698595256,1745516,89301028.91332254
2021-11-15,688056,35.00890550885683,35.51226384383571,34.58251386791626,34.976610963562216,2828042,108117642.94497013
2021-11-16,688056,34.240891907398414,34.84957031386316,34.16085017366969,34.44312190938835,6825805,278051194.7391861
2021-11-17,688056,34.131105292261985,34.16999338086227,33.077592547241494,34.02188910907744,4469671,225174973.93717998
2021-11-18,688056,33.5134166556455,33.874031955165755,32.96738207353571,33.464590029633506,1790714,80004474.28134196
2021-11-19,688056,33.65095223680851,34.23804830158726,32.79824944045853,33.37845920895958,1319974,63492857.3639026
2021-11-22,688056,34.1775234106198,34.49909264747508,33.720866721766825,33.88417313026616,2058347,94485014.15331659
2021-11-23,688056,34.31106667964688,34.58940060675946,33.519083547776034,33.98871267748494,1834646,64892815.422333255
2021-11-24,688056,34.131039157574136,34.84264506847315,33.510513287959725,33.83124990999837,6837094,296112916.1691196
2021-11-25,688056,34.495034035358216,34.74407272308175,33.96230784106909,34.31634958008297,3100377,153287368.27275583
2021-11-26,688056,33.772622311215535,34.22668362355474,33.59045362557687,33.82106274783922,3888020,170788030.31270778
2021-11-29,688056,33.57860125008528,33.70077004090869,33.17488688633659,33.574013531359576,3355611,139344409.9329672
2021-11-30,688056,33.11572526188454,33.754186522708935,32.517452193226504,32.80937541222996,2299739,109720392.33120431
2021-12-01,688056,32.669654960279836,32.81959080108715,32.27496156250223,32.68915385852979,8057613,305642211.8575784
2021-12-02,688056,32.885821537767185,32.86154698434955,32.482224822041914,32.82207205186546,8937412,328855710.6288059
2021-12-03,688056,32.32464831701623,33.240775903588634,31.542964376846616,32.350307021478734,9196444,317689316.33304626
2021-12-06,688056,32.37384725781577,32.925270683873634,31.88168720078549,32.06811584493366,6409687,243172857.99048188
2021-12-07,688056,32.86624646092089,33.02663226292705,32.1253570047589,32.623884995015054,6939217,315773036.6839296
2021-12-08,688056,32.965499279935045,33.19080358874269,32.399350752366665,33.128845112813494,8858957,433340435.33295053
2021-12-09,688056,33.03825270812036,33.335806673349744,32.391451697108145,33.094507114882305,4967223,188770172.64424026
2021-12-10,688056,33.33601636012801,33.489154915680196,32.340481936338925,33.23656409693798,3965507,168134438.18403846
2021-12-13,688056,32.96262577982936,33.44375812378877,32.553063295585254,32.7391699730895,7748450,269684062.85758424
2021-12-14,688056,31.814974146495526,32.859246142230795,31.933716681472355,32.03989781300058,1832137,66883321.31384938
2021-12-15,688056,31.701421531981595,32.24597685539327,31.694861933769367,31.914455843461198,4052382,164544084.4628897
2021-12-16,688056,32.248436353986186,32.85797178415494,32.06513901219247,32.16992581770045,5258741,234210565.29993656
2021-12-17,688056,32.893428564122814,33.461052043794034,32.12577351569835,32.81356133258907,7279084,281012879.0041434
2021-12-20,688056,32.62576139854797,33.712335933237895,32.51251719244581,32.83817991116527,9539716,408636147.45031446
2021-12-21,688056,32.68380231401087,33.65320035089361,32.14350054714432,32.79289332587163,3068562,132879209.27700941
2021-12-22,688056,32.84169924951442,32.71506281541066,32.4588698246637,32.634446685459366,9359012,333265056.12448126
2021-12-23,688056,32.08093699334543,32.93142376294908,31.219554745772506,32.09355832031491,6950441,279315823.0433388
2021-12-24,688056,31.91095062222752,32.02666365001656,31.22435328137376,31.88259453247915,3593293,163066932.28248042
2021-12-27,688056,32.16181626589233,32.72412713098604,31.22238723394846,31.91243753495114,6796835,309229655.50524616
2021-12-28,688056,32.17513833004628,32.70660518911975,31.654316823249722,32.27553398244389,4011955,151675629.98070678
2021-12-29,688056,31.985523382762185,32.53813309253751,31.27175535988383,31.802575896335995,5082454,223434932.24001816
2021-12-30,688056,31.909549236022812,32.87852937491938,31.49264038151982,32.090230169109745,5531554,253385112.1800647
2021-12-31,688056,32.20571408778605,33.018018485202006,31.91018151441806,32.26615741588185,2427105,81677457.89159763
2022-01-03,688056,32.08184997928144,32.56233149226124,31.891480499653184,32.253546683847546,9740869,323404883.8485936
2022-01-04,688056,31.492001373834096,32.15099210715734,31.347295472083864,31.622343096433752,5926449,240184951.2103859
2022-01-05,688056,31.309595186040404,32.083311697269984,30.410089273011817,31.238475629635495,9896819,394848483.70050555
2022-01-06,688056,31.129891316728187,32.040055868870105,31.349690201996474,31.38434019755039,8416524,343785722.6411206
2022-01-07,688056,31.115952298517325,31.85588814296184,31.092450822157375,31.216847480698767,6866562,311524467.0890144
2022-01-10,688056,31.376024712181373,32.0997082115625,30.504296520413252,31.314109752534236,1748241,65212107.35808805
2022-01-11,688056,31.706780095087783,32.037618289121546,31.022903836609693,31.551042265929095,9047775,302934600.8234607
2022-01-12,688056,31.786684185989195,32.29396501197507,31.320797834915364,31.527166136678805,8355144,389634237.6599593
2022-01-13,688056,31.014201383696506,31.668080450458334,30.603110548529923,30.870223600225337,7579906,323993183.4755141
2022-01-14,688056,30.814236920737578,31.263467602102967,30.4510942733691,30.85659505391494,9773905,320122245.34109247
2022-01-17,688056,30.77408604604954,30.846925674306334,30.186265656489226,30.73514483677211,1609007,49470071.6326104
2022-01-18,688056,30.882527270642797,31.362222361864834,30.36810599030606,30.682271962343957,1259564,44726284.0559753
2022-01-19,688056,30.496691895999156,30.746093397983433,30.49118844879506,30.709343127892883,9429462,415740020.7269097
2022-01-20,688056,30.702732140998958,31.225355403682517,30.206575848478284,30.80650800113653,4985523,192811209.40798065
2022-01-21,688056,31.82867469486416,32.27900280969227,31.310517276527964,32.07601919363585,3907741,180363130.64342582
2022-01-24,688056,32.6589700384831,33.55517291560534,32.4736442167659,32.85664462493786,6552335,259458043.4558024
2022-01-25,688056,33.725155484319906,34.71356562000101,33.304144623809606,33.707340120570606,5164621,241548518.27897593
2022-01-26,688056,34.28506336262804,34.91454948950283,34.012636236597146,34.348332050288256,2145442,89515941.7328472
2022-01-27,688056,33.590099407451795,34.00605453868157,33.23032529057474,33.780547352858136,9272803,324564469.3607887
2022-01-28,688056,34.02705264457909,33.88753380866626,33.12077332234945,33.77309380403238,2760164,118787245.56272528
2022-01-31,688056,34.52120739390125,35.21481144387694,33.448097026549085,34.29492220677852,7634332,387825870.6428198
2022-02-01,688056,34.122883849622454,34.3765844107971,33.2410516269919,34.11102217281428,7877253,351660884.65557
2022-02-02,688056,33.22651901820829,34.27477347909639,32.576796459424905,33.556231803165446,3355763,144721285.74372846
2022-02-03,688056,32.8610278044575,34.05156587841699,32.38398048434115,33.17714147212092,7598105,299229321.0768609
2022-02-04,688056,33.383573765581325,33.42453813703852,32.97587142455197,33.13730842573504,6206835,257562684.65167788
2022-02-07,688056,34.105894088014594,34.82940057394974,33.82219963685392,33.936017511803286,2701743,108372535.9448398
2022-02-08,688056,33.656017311062456,34.112489711388804,33.39878204023941,33.89281183764439,4993814,202801901.8189453
2022-02-09,688056,34.05803663146489,34.32267849733514,33.39351463552515,33.978359804427924,7531317,287650249.97259325
2022-02-10,688056,34.34063574138722,34.57029604468462,33.64492021194066,34.22012617726996,3398904,147968217.3397877
2022-02-11,688056,33.58925422560224,34.26914861719776,33.43109880963535,33.881815948159286,2712014,106413738.37880103
2022-02-14,688056,33.74378192885763,34.92037113786569,33.94278303415727,33.97126225717821,5786083,277915205.0250795
2022-02-15,688056,34.209342848306996,34.82671415412112,33.743213121048555,33.946984911237266,1344018,61583704.107658066
2022-02-16,688056,33.835880118066434,34.049892180080725,33.22053454712498,33.801322565322245,6146428,242331727.29480094
2022-02-17,688056,35.430297861435136,35.784442581973785,34.68671369050405,35.117762809703876,7237158,322280828.9675713
2022-02-18,688056,34.40075799005162,35.33141251289733,34.39681386224966,34.698354765949034,8397548,372165768.7676091
2022-02-21,688056,35.04991363523651,35.48682813896247,34.29652885520561,35.02210495113475,3786437,147650698.24357748
2022-02-22,688056,34.62491608532241,35.2124929325086,34.339655204142794,34.46841748957884,8059051,334736646.46429855
2022-02-23,688056,34.12344338637779,34.061149251017376,33.73139326352637,33.991374353074605,6537541,283818032.07799953
2022-02-24,688056,33.55631182721404,33.95609187699887,32.515862777051666,33.44951295273026,6054536,235002654.83894417
2022-02-25,688056,32.44333398380282,33.24583874749739,32.72755384635644,32.767538873119655,8494673,313365112.8829272
2022-02-28,688056,32.38505001260579,32.537659347264814,31.48978156618792,32.34306961551903,6598321,318922942.13698125
2022-03-01,688056,32.01780880264384,32.15950987958655,31.16146547208673,32.06452176669589,1066536,48828195.84157146
2022-03-02,688056,32.01219901312714,32.78342109831719,31.70319798220178,31.898152681643523,6220559,250535312.57750654
2022-03-03,688056,31.746411624731778,32.14864240099715,31.01965626548239,31.580599716669003,9854033,326872331.4067975
2022-03-04,688056,32.12521714681243,32.46620748570581,31.58946600004438,31.92651907756204,5617594,242432005.78113118
2022-03-07,688056,31.550748561287403,32.28573240855821,31.860270921483743,31.865491295538977,9138261,412207064.9175223
2022-03-08,688056,32.30540338686103,33.27663471092615,31.701814807240332,32.43207162658756,5130503,197394093.7547966
2022-03-09,688056,32.845775132830255,33.44692919910745,32.228383201871374,32.554132416863524,9916343,380548799.60905784
2022-03-10,688056,32.066189223522294,32.97383847754755,31.73126136899446,32.094529573083996,9830058,460804625.42021483
2022-03-11,688056,31.597157540795013,31.87859660126367,30.73631811339458,31.28710448823487,5831032,273546087.8471398
2022-03-14,688056,31.702799646008522,32.38404692962509,31.414416268150273,31.495770699095708,6581674,223573590.42434335
2022-03-15,688056,30.911489294036734,31.563459876291702,30.664379448883764,31.055682953509447,5830122,247887420.804758
2022-03-16,688056,31.48810533080445,32.40164651553896,31.500659552431664,31.617200675773223,8541821,297774072.44854593
2022-03-17,688056,32.19115064782249,33.070681347510046,31.27243255592741,32.11285802253629,4695811,194679246.46596453
2022-03-18,688056,31.59185688185321,32.62486358251419,31.566031227352997,31.87267034096631,1585944,53032656.50724414
2022-03-21,688056,31.59751534817771,32.53499123564015,31.086627125195577,31.80491821220047,6929927,242854231.2898174
2022-03-22,688056,31.439273155218903,31.849022233136505,30.879008375856042,31.329298116950824,8929277,304189961.5651987
2022-03-23,688056,30.974338196971498,31.42456683846609,30.205320265234985,31.0188309523546,3552893,138838896.70388827
2022-03-24,688056,30.15651303776701,31.082868221349297,29.81465103618006,30.26772983334303,4647648,140800537.07325476
2022-03-25,688056,30.526203369937672,31.423796356213337,29.94280195759512,30.612640224381984,5957469,187731888.74462172
2022-03-28,688056,30.788688037761425,31.833907555387636,30.63817315487395,30.92516978423695,2539267,93843541.3168166
2022-03-29,688056,30.748222429248912,31.45829438640022,30.90010246203655,31.00787650853123,7311985,268681952.08114094
2022-03-30,688056,30.77958375428609,31.136989298667956,30.099549579212734,30.925589718819886,2443797,95848387.62231648
2022-03-31,688056,31.129773769189736,31.149608873182284,30.47281260497759,30.837576525448615,5189790,202782135.5348196
2022-04-01,688056,30.831472452595513,30.824633042666203,29.837892898095,30.754056259228012,7446458,257429368.8205606
2022-04-04,688056,31.58764153444622,32.39395132882653,31.197588340377543,31.626830939513606,1057090,48205299.23693383
2022-04-05,688056,31.23878036294626,31.77326563331901,31.00258166993787,31.30242133666102,3939574,150209354.41869894
2022-04-06,688056,32.2415349832232,32.61657038372859,31.92169332894267,32.01676074614225,6947041,296303349.35193837
2022-04-07,688056,31.40927830780778,32.04601747194384,31.35404699393681,31.58568227182958,1121662,37617406.63684301
2022-04-08,688056,31.480468821048632,31.341412276667725,31.038092761431102,31.18378777190597,6731834,238381563.62678936
2022-04-11,688056,30.70265579934091,31.4390473469401,30.61927685004905,30.727414598768704,3647754,127544376.40929325
2022-04-12,688056,30.608612347177722,30.69154939028207,30.361737446788663,30.506689008027397,7391697,247545333.9516291
2022-04-13,688056,30.33464476281539,31.260426146593417,30.39417884195727,30.438406961697737,2443745,106137818.88113669
2022-04-14,688056,30.241811619722615,31.290072346027856,29.99130648288196,30.445577123497934,2528407,94368998.70603599
2022-04-15,688056,29.865535395158854,30.11528970762714,29.52818116088538,29.591780070430573,7722800,307342131.1829578
2022-04-18,688056,29.8260569385503,30.644694980620127,29.431871869011285,29.98494954650749,2288550,68659025.49836344
2022-04-19,688056,30.411320074236286,30.84982410763135,30.082065428591328,30.625957431786535,2807543,124262089.8551985
2022-04-20,688056,30.415575209960437,31.25055689477001,30.39022333040254,30.514534200459465,2296979,81433654.61472644
2022-04-21,688056,30.887669322921493,31.604279522744605,30.790355876643968,30.968829299873846,2650553,85680000.2301307
2022-04-22,688056,30.596116328969124,30.815007566990463,30.21029437030057,30.573812810213443,9811376,345105828.562163
2022-04-25,688056,30.581851754705028,31.105624389147714,30.184620800760893,30.74870042870843,8486209,330017140.8043085
2022-04-26,688056,30.874564967453015,31.76263183098908,30.186286796434043,31.100243679694366,7304544,228930009.86553782
2022-04-27,688056,30.20794244731158,30.580740718820515,29.998766921814248,30.155736582959353,4429107,176440245.37145987
2022-04-28,688056,29.92572874782848,30.55930461536611,29.730566385291905,30.116075792643645,8724733,326705508.55884343
2022-04-29,688056,31.079176414818964,31.246022929781102,30.92543198042819,30.969419200997216,2949699,99331448.06933999
2022-05-02,688056,31.37076513594526,31.2348201092236,30.87362807405132,31.08496745498406,4329400,139493962.15263233
2022-05-03,688056,30.911465219435108,30.848510597265857,30.06232596131761,30.65589120136281,1182578,43448780.95287324
2022-05-04,688056,31.209663071582895,31.294971870964947,30.310553882823804,31.171088925852473,1261666,46105101.56116935
2022-05-05,688056,31.29484396715579,32.144771065969564,30.828758856864077,31.269033558032522,3155089,115912459.02197328
2022-05-06,688056,31.924621939099424,32.34660015874921,31.81176372998044,31.83619929927337,2527000,96276084.64932327
2022-05-09,688056,32.41001269937926,32.48921214812038,31.48518836894802,32.25536923761591,1040751,35494155.21334727
2022-05-10,688056,31.604777411604566,32.54536335275787,31.11517289098671,31.79898998677796,5949145,276806828.3187435
2022-05-11,688056,31.244945792350173,31.480881027583667,31.001334720978438,31.035217511851915,6071410,270521025.942619
2022-05-12,688056,30.350146053061184,30.826052636133753,29.655688120096613,30.529063731307303,1265067,39455266.2929773
2022-05-13,688056,30.212443573887857,30.69502273369459,29.429207571817454,30.30270956164271,6898873,276936157.05112207
2022-05-16,688056,30.048876366608262,31.072084389212968,29.586387406892698,30.267240103634503,1997208,78342457.86293666
2022-05-17,688056,30.067815267312305,30.492693395774815,29.87142697772807,30.127262340587617,4641510,178605381.4577743
2022-05-18,688056,29.60911741824248,29.82707021453593,29.31450509008324,29.64069627913188,2461477,96261420.40298198
2022-05-19,688056,29.66840637376004,29.876650536666585,29.69396498587408,29.8393067766251,1982010,67984921.71291897
2022-05-20,688056,29.628238707425172,29.764713985059213,29.54973099941629,29.68858587862122,9098753,358408717.93321186
2022-05-23,688056,29.13985760978973,29.96352571869993,28.740295052421843,29.38473845093855,3400816,144778313.90227675
2022-05-24,688056,28.82401743361159,28.971933988036106,28.574566395309567,28.900943601607125,5828015,242702069.43358424
2022-05-25,688056,29.227429902041195,29.5430247615829,28.571834970426654,29.176661542981144,3146015,108856187.89650653
2022-05-26,688056,29.667869848461,30.277394579973688,29.062286707403835,29.718399606775836,5253415,194488551.02394274
2022-05-27,688056,29.11871699350043,30.00554017439807,28.776369495600242,29.2488160925077,8791847,261534773.87981397
2022-05-30,688056,29.7560454767303,29.712839715409746,29.400930711789172,29.66762633208268,9699723,351444304.947082
2022-05-31,688056,30.04112904102328,30.146733517553347,29.67648217893907,29.892278368989114,2795626,89996169.31254858
2022-06-01,688056,29.91896892799805,30.400402758662374,29.959390092373273,30.084138021363163,6214119,195735771.89770967
2022-06-02,688056,29.63514975804843,30.142819742846914,29.131650410319388,29.644314134733524,3431297,113714062.07509902
2022-06-03,688056,29.886338403053415,29.91067392284565,29.004549379505665,29.651569322273016,2740006,103548520.12163813
2022-06-06,688056,29.724493075294887,30.18401089962619,29.576853734051532,29.62476662788251,5725176,210177577.0550814
2022-06-07,688056,29.879134517895636,30.259615917814283,29.623138244106833,29.85948547721251,8734944,267300674.2583166
2022-06-08,688056,29.555208513842075,29.96751118449571,29.091505829735773,29.756930187893197,1848363,71806704.4946222
2022-06-09,688056,29.57865278825431,30.579645854845754,29.446211494076937,29.870387042333228,7762953,314647034.59880173
2022-06-10,688056,29.00344914153727,29.308472704988365,29.044650694942543,29.277009255985018,1751088,73882664.9944011
2022-06-13,688056,29.302245230583985,29.338944515439735,28.689980493258357,29.302488928427742,3288740,127670160.63772067
2022-06-14,688056,29.616931516892027,30.151946691266357,29.289255739523277,29.585989063183757,5359286,184507410.8077341
2022-06-15,688056,29.788395965379348,29.782872691635287,28.877748634141838,29.612906673611437,6878813,279144334.48842967
2022-06-16,688056,29.33748032717769,29.945863328553067,28.932570610085342,29.546759845836263,4537750,171150398.32283434
2022-06-17,688056,29.471352906330882,30.055172611534747,28.866490732649265,29.27366080451175,2653675,86841923.10498242
2022-06-20,688056,29.336737460067976,30.33292927189622,29.201634641748047,29.492491210339512,9054253,269352140.10227185
2022-06-21,688056,29.93133674710545,30.31968212891763,29.65786208631419,29.90364825249338,1500291,49397678.59041098
2022-06-22,688056,29.438421409253543,29.86090801707559,28.632496634706783,29.444531235014697,8262588,308456831.3249583
2022-06-23,688056,28.493516513217617,28.71930492248055,28.484878029716135,28.491550703726293,5547999,220724030.75569418
2022-06-24,688056,29.117907536052122,29.432847741493994,29.013353928596718,29.333112901608352,2990894,102934834.767525
2022-06-27,688056,29.41550562891235,29.733967478430948,29.10296875329049,29.38529406029619,6041482,192234474.0333667
2022-06-28,688056,29.292487295427033,29.653092063419113,28.911804457579226,29.5783579889909,1784960,77398692.44740486
2022-06-29,688056,29.884713040089977,29.751074678632026,28.8996586109328,29.6187289392198,1995181,64627895.70835619
2022-06-30,688056,29.71187147577344,30.609084722620413,29.43501278883417,29.81067234606113,9492483,384407253.97637266
2022-07-01,688056,30.31651734651124,31.345605816132842,29.615605824174327,30.490868486845883,6375663,237390157.7271361
2022-07-04,688056,30.44767065573191,30.60611593750617,30.13226561086787,30.192863178508663,4644191,140405904.0021505
2022-07-05,688056,30.643852614606192,31.329518900319407,29.97686268129182,30.79084957644088,7671798,242505768.03036425
2022-07-06,688056,31.224188053706882,31.879733272826652,30.897833665194344,31.025211295336373,9472742,317895534.17744863
2022-07-07,688056,31.69255834686433,32.26127583958327,31.111102660229303,31.458759822978372,1761310,63702134.66296707
2022-07-08,688056,31.389754817696083,31.635524280235753,30.982264384881585,31.22138295449838,4932053,188105629.21860775
2022-07-11,688056,31.56873412904451,32.217120153521805,31.134000057184025,31.46953271922502,3117125,111664064.9991523
2022-07-12,688056,31.46419634424035,31.45847778127384,31.283527829389268,31.363867422682016,2891680,130663699.5290997
2022-07-13,688056,30.850063756943065,31.901043579665238,30.326161192702042,31.11571776404243,6212397,270394775.5262269
2022-07-14,688056,31.895771606501523,32.635183402927645,31.25488497887689,32.04914665223564,1524609,64524418.20490808
2022-07-15,688056,32.25134981588131,33.05912800482494,31.295271650946862,32.1790305516769,9655271,326156352.943845
2022-07-18,688056,32.34931659701857,33.29171746000406,31.702165622716446,32.57982796166786,8520957,409326024.8640566
2022-07-19,688056,31.995160915989878,32.88050956582974,31.19436452891139,31.963197974725478,1688443,72002301.75912267
2022-07-20,688056,31.209797620848253,31.418507690991056,30.15539036108999,31.069728842273676,8709507,286444288.73995656
2022-07-21,688056,31.043097888303727,31.490975387605346,30.647594006934153,30.914235863955785,2343968,93802332.29039176
2022-07-22,688056,31.207789393373833,32.21498615855301,31.229748182473163,31.418255998406217,3488449,159616730.3787533
2022-07-25,688056,31.711372965082468,31.60675395203901,30.841994875954565,31.498413121849786,9220095,361728628.8999081
2022-07-26,688056,31.196718217521052,31.214837411059793,31.135129443246417,31.19521696240929,1945085,88155630.5042628
2022-07-27,688056,32.03056279286538,32.66644767639648,31.71342605725902,32.15289718186867,2892510,118700753.1740483
2022-07-28,688056,32.077030615446766,32.450663040958595,31.53234044595626,32.224731552016074,6650377,236435082.54109263
2022-07-29,688056,32.44599145264607,33.40500481980459,31.955882740445915,32.57494158366407,1609123,68244797.36300972
2022-08-01,688056,32.144856075931294,32.663485740342985,31.87798287353546,32.185382172993236,2369097,107098445.38740398
2022-08-02,688056,31.795865213313398,32.291401012652244,31.92588951659656,31.95307482160009,3023352,114323450.45326193
2022-08-03,688056,31.586480283135007,31.806759646971567,30.679812123086613,31.500796463027932,9856149,332211310.0871144
2022-08-04,688056,31.224259454353692,31.467180991453624,30.61128647956975,31.35037143226588,8914121,383277015.23545355
2022-08-05,688056,31.97280320375946,32.527137420209364,31.294375613474678,31.90735258170376,8197938,282608203.37794805
2022-08-08,688056,31.236797154646453,31.964795606742808,31.002055022129824,31.151262597078677,1036400,39748779.301331066
2022-08-09,688056,31.78345732253194,32.39793269551314,30.948659334003597,31.472262885340037,2086785,80835173.45339015
2022-08-10,688056,30.973131428109625,31.16947059424932,30.68501721865825,31.127606564375963,6985389,254705613.44371635
2022-08-11,688056,30.775192881134146,30.79816037004395,30.382386558718586,30.69497401860146,2195875,81297597.26485464
2022-08-12,688056,30.704532955521476,31.525034394413783,29.94927019536579,30.74195439557043,4698683,181577983.21136582
2022-08-15,688056,31.42319578591251,32.06878328430364,30.8744385524308,31.417184348726284,6542930,274166588.789526
2022-08-16,688056,30.6299952640379,31.52496488785889,30.26046393598492,30.79368699630593,1763915,55953302.162177615
2022-08-17,688056,30.44445578397753,30.583632663455926,30.11459239065639,30.33299277108759,6897903,266990066.44054788
2022-08-18,688056,30.566839467075454,30.755376441589725,29.558943731166345,30.47189415023768,4625387,146001141.30469233
2022-08-19,688056,30.94629444197313,31.71215771583662,30.05779011594977,30.85068258310979,2166283,70625949.38410507
2022-08-22,688056,30.612750074353993,30.544390638325545,29.884298431186334,30.439033205600175,9930625,323674145.2159359
2022-08-23,688056,30.337975725324092,30.821083612747564,30.14609838078874,30.485853070949847,6495018,258315610.64237475
2022-08-24,688056,30.121828982979146,31.270492927141678,30.410190173194756,30.423148643172755,1650941,68312347.57414232
2022-08-25,688056,30.298148766699146,30.905819254988486,29.74461092430387,30.245276919894867,3907722,162382026.16901332
2022-08-26,688056,29.19528576906005,29.927761695927703,28.64239393806305,29.469700175723638,7104207,254683941.8374873
2022-08-29,688056,29.734634335617354,30.111177653288024,28.972983212198223,29.85005257064373,4690414,182494931.7079977
2022-08-30,688056,29.147411464726282,30.010201933106377,28.80563736001486,29.289250371613964,7728588,305686848.7982724
2022-08-31,688056,29.557029250359637,30.4414528298502,29.012908466639242,29.700877433357633,4395115,178970659.65405577
2022-09-01,688056,29.47647516870908,29.969325964758344,28.933950856777713,29.532464836452363,3462877,127053296.89000194
2022-09-02,688056,30.76625172104577,30.591619423118928,29.912860397447805,30.475580869223908,9006885,290246635.6860536
2022-09-05,688056,31.225514503089023,31.412411355841446,30.17322674847376,30.984615091207676,7743002,287055963.0323978
2022-09-06,688056,30.93454326458233,31.454632743140778,30.784588955232152,31.060148623638405,2745247,100884767.63751505
2022-09-07,688056,30.63567637277839,30.540895528648704,30.047098214793678,30.347528230972912,1512612,67147390.59927551
2022-09-08,688056,30.121471698160992,30.1959063259608,29.443733665666212,29.835083169467424,2933738,87998287.08767574
2022-09-09,688056,30.092304216882678,31.133429805482965,29.996500519187293,30.33066556868548,6620772,249893608.8372931
2022-09-12,688056,30.530697535640268,31.147045739836646,29.948637796547004,30.810768442645667,6834539,284269062.7669439
2022-09-13,688056,30.915305698149737,31.144664344418057,30.508946838414428,30.847821908975014,2936569,95650770.37498233
2022-09-14,688056,31.619206248696695,32.61655037771637,31.023526604350884,31.77570951367964,6193944,237606091.7971811
2022-09-15,688056,31.935811656607186,32.70916144282078,31.404875397203206,31.786133219646903,7990627,315839357.86312157
2022-09-16,688056,31.2439654491255,32.02109841897561,30.692455031848294,31.275469189867216,8255950,268318388.10532224
2022-09-19,688056,30.86230099616618,30.642964362019086,30.417089481866363,30.605440218595298,7552620,340644795.5667942
2022-09-20,688056,30.256437429094976,30.95890180017041,29.676982000032286,30.34330297503079,1456029,52881915.70017971
2022-09-21,688056,29.988442079648404,30.07029924631284,29.87847567635515,30.005634022400088,4315611,155791873.35455507
2022-09-22,688056,30.17705490161051,30.3824222629827,29.170135603663187,29.934827354170483,5442650,178556897.76502174
2022-09-23,688056,30.304658925307788,30.772086094326895,29.589377348914166,30.101311003920028,7802915,302416505.35714793
2022-09-26,688056,30.27227207464865,30.06606194895963,29.45134237174235,30.03272147339778,5235102,195299741.85658252
2022-09-27,688056,30.16950329311925,30.69163187922523,30.439450669116443,30.466643118285504,1244756,48075873.875210375
2022-09-28,688056,29.97570779981354,30.29615746779314,29.40049960389799,29.85786368127178,8992785,337486288.4104458
2022-09-29,688056,29.184795385059566,29.697180222750017,28.118691451358657,28.945404613568368,1168516,42383201.319310725
2022-09-30,688056,28.995259888541078,29.12264593211669,28.792820681723075,28.90997300452466,8343712,316060049.05755615
2022-10-03,688056,28.3972361429565,28.73774911818942,28.007127897769315,28.401462248501176,9706675,348767545.19005316
2022-10-04,688056,27.93031044649213,28.47952133406404,27.322724243320202,28.145131753769736,2514511,82774338.6900295
2022-10-05,688056,27.991889063082834,29.070842339862477,28.136171572680524,28.273896544804863,1368079,54000819.70497628
2022-10-06,688056,28.11285266944305,28.418693780603945,27.642487781184357,27.95397237202268,8689353,360776720.3586787
2022-10-07,688056,27.720619457667276,28.061386039184793,27.164570040522054,27.84282282846198,1794162,71450484.36916889
2022-10-10,688056,27.98139900072571,28.29931495909401,27.51158806973075,28.09946661250866,7491243,261735264.8496179
2022-10-11,688056,28.409615940766205,28.760310643762846,28.471011705171247,28.653319421162116,9470722,346681646.4980226
2022-10-12,688056,28.409080864706894,28.596679397992343,28.29729034860221,28.48554074534637,1666751,50886555.154296815
2022-10-13,688056,29.63028159690717,29.69579709778779,28.897918492398407,29.558236398127036,3098457,134869043.93501478
2022-10-14,688056,29.524741795922427,30.45642231675966,29.350675889498138,29.610884466923604,1458036,46497512.85231205
2022-10-17,688056,29.294820624609617,29.724472746015365,28.979262241198143,29.11194835801356,8104979,266773234.74733397
2022-10-18,688056,29.08528061031999,29.684498304052884,28.762080893625093,29.246720122830748,1956286,78949977.53489733
2022-10-19,688056,29.543145135547654,30.12244029208809,28.815678836939917,29.503784228249323,1502773,60958674.80147093
2022-10-20,688056,29.24763170143219,29.836895960298673,28.55046631569585,29.285544746310034,5875133,243967177.3983749
2022-10-21,688056,28.349208931276877,28.78840450243335,27.74977870333294,28.456090158218775,8135812,266070088.56077352
2022-10-24,688056,29.007386804236642,28.89735982953915,28.57613192315058,28.867137874965124,4540717,157106807.28264034
2022-10-25,688056,28.56681379178247,28.94383501960027,28.601020654088806,28.777593686306613,1383984,45624844.71811725
2022-10-26,688056,28.055163611011654,28.74831100770255,28.041631400427264,28.275309486781353,7712421,265597263.25878292
2022-10-27,688056,28.615732113993456,29.042124933565482,28.18700217846874,28.41234029982297,7092255,267970151.40939185
2022-10-28,688056,28.240778397386162,28.22249701602928,28.05323863810242,28.101594205302977,7096537,235826474.47125766
2022-10-31,688056,27.634419773761437,27.92346625606137,27.75641049604215,27.90059771274637,5059763,155390287.4645388
2022-11-01,688056,27.32996349860739,27.49217289491033,26.857120873911423,27.46106804376795,9914095,281570998.1813958
2022-11-02,688056,26.903808912507838,27.744904950885,26.74626409620071,26.98839039859148,3209884,127956494.64681298
2022-11-03,688056,27.04101667889039,27.53904474080163,26.943267434543195,27.014549242728208,5585630,174396483.40901914
2022-11-04,688056,27.616507063530392,27.50316227269455,27.15465833498656,27.4397283493336,4179755,153754921.64919642
2022-11-07,688056,27.315371590489463,27.15004423202156,27.074708384173295,27.11917934852804,9822636,369002614.8971139
2022-11-08,688056,27.401720180892962,27.712039185206397,26.476120916391345,27.179137366627128,8446837,261010206.0695794
2022-11-09,688056,26.521691650617093,27.028813067925423,26.076925682352105,26.505100149295885,9781427,368712619.7184723
2022-11-10,688056,27.30199153855072,27.58459018766947,26.56892398660619,27.09999940905496,5919127,190985970.2528731
2022-11-11,688056,26.797833804003222,26.78334819507815,26.135887063301197,26.737709884949503,4692404,127649028.92225835
2022-11-14,688056,25.866317637436474,26.504241137490233,25.51060781082593,26.098122040923982,1603791,59028785.43685162
2022-11-15,688056,26.01300249817747,26.55737084265717,25.55506465845475,26.088290958228917,8910218,320716276.6173782
2022-11-16,688056,25.865867142292256,26.63504511431742,25.806369018250372,26.044135634396596,5374634,205322343.22193548
2022-11-17,688056,26.03143082860335,26.494274770602214,25.283374563966692,25.97796199697507,4929727,153575079.2656887
2022-11-18,688056,26.168665438850578,26.03817107458987,25.815129647233213,25.938556942428306,7744710,277856108.6667925
2022-11-21,688056,26.24335183515312,26.685880833973233,25.684538073422875,26.085958682113425,4018832,123447792.65748675
2022-11-22,688056,26.46460885643931,26.382632774279486,25.598186669337462,26.252698687782154,2537645,69777194.81956981
2022-11-23,688056,26.94553740005372,27.582264934293978,26.267801767963363,27.007924287467752,6175045,222009742.08985582
2022-11-24,688056,27.075049221753062,28.07908999762911,27.21355593184204,27.280313512063028,2542228,95454906.96413401
2022-11-25,688056,27.41252681739643,28.013820023990622,26.758053922217073,27.49884391832711,6671747,233142482.13084748
2022-11-28,688056,27.382428470065257,28.061596028314625,27.453852947100057,27.540915637480715,2267887,72653077.35469608
2022-11-29,688056,27.414234835969744,28.31373336091887,27.019749803520984,27.615049901993594,6089354,215964135.66372263
2022-11-30,688056,27.185483437741773,27.766656950228175,26.27469663395877,26.979021314818905,1470218,54979318.41848179
2022-12-01,688056,26.93677034572823,27.512528214404718,26.436820273389557,27.06983195824981,4426944,173272654.52417827
2022-12-02,688056,27.281216427720903,27.501915178093572,26.63248588747456,27.11258496451154,5955733,235387718.39856544
2022-12-05,688056,27.146280573882255,27.586530333440177,26.29231197132234,27.092203938931323,2776831,80474125.71871334
2022-12-06,688056,26.859764874213692,27.369595355877426,26.24692486672667,26.711119487989574,2172120,71522280.92236358
2022-12-07,688056,26.75703292618282,26.99042332825094,26.72240563598649,26.976831203474298,8830785,243126023.3305904
2022-12-08,688056,26.886775958906128,27.587661874945095,26.122468116579576,26.89077332263016,6343916,181459318.33082116
2022-12-09,688056,26.897125947315843,26.933816630895528,26.742983321187154,26.923752859773845,3826223,124330927.81680997
2022-12-12,688056,27.251517288522585,27.349931282352824,26.313421938856003,26.98251833070867,1487554,54942912.90067619
2022-12-13,688056,27.20538597402901,27.293256205273128,26.77472209601104,27.112375621366517,3985557,129277416.45619078
2022-12-14,688056,27.12504960515299,27.745783886047214,27.136748330084444,27.346650201547636,2799768,81308821.87377574
2022-12-15,688056,27.574469105154755,27.747665962220076,26.697330281726533,27.381870035167914,8112946,330126826.94329727
2022-12-16,688056,27.04289900281961,27.436532616800697,26.652228416266333,27.29720632373402,7818568,307607050.38660854
2022-12-19,688056,26.946120643672245,27.127761381728877,26.607950524619106,26.87687103039248,3308036,126837723.45057023
2022-12-20,688056,25.92021497273499,26.523314824373905,25.53771746733248,26.1701348728357,2362265,75371865.99929132
2022-12-21,688056,26.285326580301284,26.434437351799186,25.45240047275374,26.04739960215903,2925797,84619867.05971295
2022-12-22,688056,25.448600772518127,25.72314787477446,25.056472887790225,25.525403691807846,2255758,74202490.80550675
2022-12-23,688056,25.833343559974097,26.420750521332167,25.24046572646975,25.819261713681634,3630412,107409268.57490821
2022-12-26,688056,25.127616702671197,25.988492329012466,25.1987915831877,25.375112607036705,8880655,260486460.51530474
2022-12-27,688056,25.463806059151455,25.511355248139196,24.85928049761298,25.40896938669314,3930698,102613224.98457272
2022-12-28,688056,25.266241222219527,25.720566204856866,25.008174258610595,25.51494409808293,2583350,72666526.88535894
2022-12-29,688056,25.458619088531666,25.947198375010082,25.272202864052883,25.38765443640348,3934526,123722009.38459502
2022-12-30,688056,25.80833260599684,25.844382190585584,25.475780537210344,25.75139224451945,3474921,102228742.24411175
2023-01-02,688056,25.73874628922493,25.768135462143743,25.286239279179163,25.639812278043138,8689073,314735199.2278843
2023-01-03,688056,25.09878722964941,25.286181322934002,24.86649341961112,25.144932934572736,3855825,117984600.70576008
2023-01-04,688056,24.841383590234578,25.39966168838117,24.500606511189496,24.963199277314637,9248656,253810008.8753593
2023-01-05,688056,24.284230098493218,24.471584410076616,24.313049289208188,24.408510993118146,3924370,114184593.62325425
2023-01-06,688056,24.53123458186979,25.10521499929308,24.278996459624587,24.750792599934876,4000003,104653707.5882468
2023-01-09,688056,24.278562810965447,24.83069847369646,24.188944150599365,24.485725755142205,3093041,106900629.99410604
2023-01-10,688056,24.75643365899563,25.401045066228033,24.798001510009968,24.846548285734762,3947072,135008599.82297638
2023-01-11,688056,25.201166956170336,25.52181212469767,24.88482903175928,24.99559473876493,3946175,112441971.90760057
2023-01-12,688056,25.396195960892737,25.92452667420693,25.084002041528215,25.210445686017422,5476756,187702476.17317045
2023-01-13,688056,25.241823588798095,25.524342534833206,24.681798315839423,25.129013565134713,4266105,146517980.4943636
2023-01-16,688056,24.86001825399688,25.633235537201777,24.470477006878987,24.96962298847471,4165574,118005502.04300533
2023-01-17,688056,25.11786723545032,25.170099821678825,24.713740130402083,25.10526123791096,9411527,236738571.7292078
2023-01-18,688056,24.72570034461483,25.24751978081026,24.06852623506416,24.774238902559187,4918421,148228790.10561144
2023-01-19,688056,24.88168397509566,25.25561853559924,24.54440625596882,24.910869316029366,6485943,215596197.88691124
2023-01-20,688056,25.05409590133336,25.310672493345805,24.64354052674695,24.886350035432642,6382022,170622603.37806183
2023-01-23,688056,24.998183213540837,25.331906771164327,24.143299067550384,24.881564754123985,5905422,182146309.6021037
2023-01-24,688056,25.267920181478146,25.719454802046993,24.821175785880126,25.08728045349493,2028283,76148524.63597506
2023-01-25,688056,25.14538130101077,25.37037760806249,24.764973920320863,25.220294610520394,5013817,182497099.91109648
2023-01-26,688056,25.190407731588483,25.56458774140069,24.559739216597222,25.092861067758577,7008554,237790591.4191103
2023-01-27,688056,25.513905246600448,25.82611099908184,24.919896014072645,25.616157892190685,6446730,226928920.58123302
2023-01-30,688056,25.710654856950956,26.44455499818214,25.55525331020926,25.784288535911234,1879171,49916999.941310555
2023-01-31,688056,25.73415217616774,25.819686440656987,25.45765181911526,25.62735193298174,4546250,150064834.22675264
2023-02-01,688056,24.957221579216913,25.07686457873481,24.64027353982041,24.987973915546476,8347485,223098825.36116698
2023-02-02,688056,24.699811003123212,24.852132283184208,24.282330429399014,24.552201319657108,1510360,38950781.22917762
2023-02-03,688056,24.63360415996244,24.79568343142454,23.999762228644148,24.52873529457308,5962636,156145367.5615183
2023-02-06,688056,25.244411795141303,25.48933898862117,24.44019735199349,25.13240511799236,5165522,141021912.93519762
2023-02-07,688056,25.877428246145897,25.74127144707805,25.109816424717884,25.69009916713618,8564833,277478866.6520122
2023-02-08,688056,25.752458592493095,26.29620726323566,25.413843134577856,25.69861319150739,1487014,38637894.87022577
2023-02-09,688056,25.804067787597766,26.51904263894212,25.598178351115937,26.057681486189608,3124320,113623362.0192335
2023-02-10,688056,26.023121191671514,26.189556589614003,25.38295615113198,25.95660112745514,3402536,108143670.55197747
2023-02-13,688056,25.81368144945986,26.200766829869757,24.92464559746614,25.658621335747494,9504705,253499100.4884924
2023-02-14,688056,25.777900054823025,26.014222252566487,25.65934342688081,25.704613328999002,1816034,62761201.037851244
2023-02-15,688056,25.53263617167028,25.93493991970992,24.806230346914177,25.509338367572774,8538010,231853546.5463514
2023-02-16,688056,26.176237843664886,26.406525371415647,25.56427300035175,26.21834187379071,8715144,245190233.63067573
2023-02-17,688056,26.16548232544958,26.329265333159153,25.4829220672903,26.072329668807765,6526606,244984920.45404568
2023-02-20,688056,26.42062466130146,27.20109157435522,26.292847791751765,26.49231814445162,8991329,278862848.390862
2023-02-21,688056,27.16022764515175,27.241144932503687,26.225276561589745,26.908528484524656,7909187,231285109.33456302
2023-02-22,688056,26.875238182979043,27.427284411936625,26.184692376527877,26.966058742576614,6213416,203134833.56064913
2023-02-23,688056,26.81786388237315,26.880881605224445,26.37399445924148,26.72705523539402,5995047,207707172.70602864
2023-02-24,688056,26.36112237824362,27.35119646157385,26.003043352925822,26.587312650024806,5946162,197831325.36000535
2023-02-27,688056,26.413830772713094,26.748530677091754,25.844057776326242,26.44510252461278,7695077,216547781.19210282
2023-02-28,688056,26.130397848652816,26.56539582992729,25.728297634444665,26.21607901312609,9874386,335609779.4861377
2023-03-01,688056,26.724306000803903,27.151092752927777,26.383372168474143,26.583267272390785,3368030,130334455.10048185
2023-03-02,688056,26.60827810173422,26.850827950027806,26.036735052305268,26.39536102799609,1282433,38693608.240633234
2023-03-03,688056,25.943198761429937,26.452638678637523,25.635367586520232,26.156060057147787,6029536,160423485.69453135
2023-03-06,688056,26.203669279022662,27.084343620083956,25.819917051678523,26.39699893345077,7430741,196845095.38381386
2023-03-07,688056,26.238553429964117,26.6474013789509,25.592530984974758,26.08953231181744,3093152,103415661.84248407
2023-03-08,688056,26.33915259991883,26.839965329121682,25.92980125011026,26.324324953351354,2678833,91438264.27564634
2023-03-09,688056,26.45945933193399,26.359978819439345,25.870704499749902,26.317126119715425,6872832,262787225.95734453
2023-03-10,688056,25.699500870427567,26.08151411952356,25.509549561462485,25.926136834530872,1371834,52354770.09504607
2023-03-13,688056,25.968270511955016,26.675701627768806,25.90982686156175,26.001530553822153,1325866,39565851.20252904
2023-03-14,688056,26.351933665782052,26.32007921448393,25.901764817441983,26.274529364637974,9335697,302693738.0173006
2023-03-15,688056,26.112869036707785,26.793957176032396,25.438361573284855,26.03290909842573,9891709,276352728.0903002
2023-03-16,688056,25.906653203215548,26.69803812396196,25.78650174806198,26.16828050745784,4820395,164952865.37066013
2023-03-17,688056,25.760458845400677,26.069917880969047,25.802655038090087,25.86400991011547,6019872,217437597.42566404
2023-03-20,688056,25.738933160262018,26.07489972147939,24.90018628503207,25.599745744171265,4865446,186668216.09814787
2023-03-21,688056,25.959126875506506,26.36666039093931,25.154297361596996,25.917890240916996,9466768,321028467.70552117
2023-03-22,688056,25.54318898955032,26.113639179181753,24.753888773893017,25.453713140654372,1715326,47812633.481349066
2023-03-23,688056,25.44603793666337,25.783533974631812,25.30394553227984,25.69851882969354,8948761,324830614.0274363
2023-03-24,688056,25.612726036604926,25.891334705412113,25.147242104452257,25.576605984663566,8485875,295642468.8329098
2023-03-27,688056,26.264477989703966,26.66617923562337,25.938736021264745,26.395780383387063,1731792,62171668.32885802
2023-03-28,688056,26.66602134810236,26.71337913769787,26.076698325638294,26.467882906405638,6178299,186681128.51564157
2023-03-29,688056,26.410580282249544,26.660857021723242,25.879048871988687,26.16155822808331,3857941,133583101.26760939
2023-03-30,688056,25.98787714746703,26.193318605449292,25.7241251015678,26.190505362879104,5720190,207743938.29092315
2023-03-31,688056,25.954437213549948,26.434290465771596,25.634506100356678,25.708335505409067,3538067,123607753.58039653
2023-04-03,688056,25.637652588676737,25.72569015541937,25.223348148903053,25.56669312537082,5744278,207965060.81683272
2023-04-04,688056,25.691374670488873,25.858580574308217,25.494935139279875,25.81485823066658,9917835,296622054.96987677
2023-04-05,688056,25.29925199530954,25.69910078091268,25.08992253320675,25.29272168348694,6642270,221233849.96958938
2023-04-06,688056,25.429242196763386,25.903069708328477,25.041892366666353,25.5684611208183,3333103,86593183.2699186
2023-04-07,688056,25.239009027124844,25.77557421790744,24.58835580270352,25.271606335331168,9391535,345336256.54869336
2023-04-10,688056,25.19155610667319,25.309041884716645,24.5978630127163,25.031939311612845,7206475,193420777.09791347
2023-04-11,688056,24.726293932369074,24.915953617184357,24.122745090924006,24.574611545790578,6674794,164137199.48481485
2023-04-12,688056,24.508883496993064,25.08498682661796,24.13882036811305,24.710018452104244,7666445,239077009.77556202
2023-04-13,688056,24.36728340215154,24.523448735856174,24.309070488449592,24.33885217200254,8073185,210696584.4024796
2023-04-14,688056,24.742473334450636,24.653300993998258,23.918207542594303,24.64892612739756,9296500,270917690.13022035
2023-04-17,688056,24.83807138477262,25.44434464401924,24.475311136325107,24.997754680356476,9103502,240925319.30890206
2023-04-18,688056,24.8977409394318,25.039040775997417,24.671051592216774,24.824624159813567,8718718,323800422.21262056
2023-04-19,688056,24.825515206032613,25.03753777111123,24.59146409310976,24.628737321829778,3685725,119017948.87358329
2023-04-20,688056,24.874509398706852,25.676058141169094,24.53901591645842,24.943752105465943,5990030,212702090.72911456
2023-04-21,688056,25.221008445356762,25.577324404104246,24.778445712607354,25.159943320980236,1121296,34516243.81581349
2023-04-24,688056,25.848656873856267,26.01931925907004,25.73915624834622,25.77809538154682,4340030,166175768.8472195
2023-04-25,688056,25.485598687397797,25.94137935986115,25.111895692520147,25.42967002227884,2499213,70201996.22777416
2023-04-26,688056,25.50839522984479,26.278495751867077,25.3708253064151,25.626071389915115,3455751,118213663.40587056
2023-04-27,688056,25.810436203500966,25.699538372727734,24.962067791605236,25.69575944797993,4523263,170498876.47727814
2023-04-28,688056,25.81466217091629,26.506109196172154,25.518342702424228,25.74672216496857,3989450,124208418.46444777
2023-05-01,688056,25.506545764006077,25.619990259140604,24.83358339592686,25.46493556459449,1319556,34046383.29990554
2023-05-02,688056,25.51729496745199,25.663401421847535,25.020917267125558,25.34785970519352,1368775,37611091.649663866
2023-05-03,688056,25.337504934603903,25.98268200343355,24.984586540528593,25.49220502343764,7759923,249574301.80401662
2023-05-04,688056,25.350615723465275,25.50478443145306,24.96379692834946,25.485544331897998,1681503,45567627.25269771
2023-05-05,688056,25.855036423149162,26.27194981321243,25.273810023348172,25.81041578715171,8796268,301372450.4706196
2023-05-08,688056,25.521045588430674,25.751781902937857,25.192499672374645,25.502784403023206,6246926,199416001.8137176
2023-05-09,688056,25.405671967113264,25.963688829156858,25.242857412111206,25.545549969001307,3782092,100495814.83365923
2023-05-10,688056,25.63146219102203,25.983925771778534,25.225717122898825,25.620657416668266,3321001,125804212.3670683
2023-05-11,688056,25.450716902396277,26.243409160542225,25.366286025843056,25.528914729990802,1356804,47377194.956477
2023-05-12,688056,25.28443435867923,25.623472787754487,24.827430176988614,25.31994889214316,2252066,57183337.982048966
2023-05-15,688056,24.96068530157519,25.596932126857816,24.327771632203994,24.906998028876707,4461200,162038176.99948055
2023-05-16,688056,25.38229244141557,26.169005084920077,25.04014600788458,25.455674114145836,8283354,270322506.6370845
2023-05-17,688056,25.44403501683822,25.977099221346663,25.16716780815089,25.28101060091557,3077429,96951018.96337765
2023-05-18,688056,25.433449678693346,25.734246920873787,25.03604523067111,25.370041901931742,2515667,69354783.3420442
2023-05-19,688056,25.16473536133448,25.943729492684774,24.916283341173987,25.216787229171054,2253623,80085035.227444
2023-05-22,688056,25.427244435151444,25.34141450807335,24.997445287185034,25.21440980712343,3447889,92304261.38317366
2023-05-23,688056,25.25483513096356,25.80433070307761,24.778924973736174,25.36089635847175,2386321,76953363.43091132
2023-05-24,688056,25.34849131399094,25.740986487640093,24.966645393493152,25.10780805144475,1878131,63202912.24953368
2023-05-25,688056,25.29793649996909,25.469665616501246,24.772698977702973,25.35439211380831,9211329,267804760.8384452
2023-05-26,688056,26.095453291322606,26.469007746033277,25.22224849374798,25.846479207082588,6633931,175676891.10444772
2023-05-29,688056,25.271226270212626,25.46815409129949,24.45392508527763,25.113399081748724,4866687,127878599.58653873
2023-05-30,688056,24.678587178869197,25.490154261284488,24.677125730579487,24.812352148123495,2069893,51898631.88386259
2023-05-31,688056,24.623911802763082,24.705000630511094,24.59464905885607,24.644616766229078,3604139,114363220.46940418
2023-06-01,688056,24.878053605355383,25.112649505174783,24.45988742457601,25.095381493737403,1353020,48450147.99043771
2023-06-02,688056,25.534771850351575,25.991509220451036,25.239612966337425,25.437572965881987,8421985,258721095.53186926
2023-06-05,688056,25.183817601092272,25.530650736913906,24.80292860105271,25.089894893426724,8184003,280481270.37393016
2023-06-06,688056,25.266318504512114,25.40563750825147,24.486567192771258,25.1468131757399,4501667,155819772.29665017
2023-06-07,688056,24.817998260348173,25.072553677001302,24.744243696876232,24.92136935976324,4870370,140498669.33940628
2023-06-08,688056,24.420707670549678,25.156330449451527,24.186926206588367,24.57559636258215,2775274,79130661.5826707
2023-06-09,688056,24.379165927924102,24.59525070193007,23.79150983523627,24.290136573945706,2140450,70984555.94282825
2023-06-12,688056,24.631890182553683,24.884608657142394,24.80836097289998,24.825601587033354,1811037,59283763.57905617
2023-06-13,688056,24.76251889304591,25.300183240096942,24.381148859526867,24.911057345239655,4888165,166244095.73475966
2023-06-14,688056,25.047456347236167,25.664260205812486,24.901668850734126,25.048574463179584,5326648,148647691.08020553
2023-06-15,688056,25.33302032068604,25.89958404510984,24.905827395038514,25.244805616021523,7022584,253046946.80514595
2023-06-16,688056,25.163363832114396,25.389710965332956,24.621681175165545,25.00070318893983,5332515,184158627.42210788
2023-06-19,688056,25.119491174122672,25.52886004184622,24.53516095542105,24.89795320963215,5600435,148466005.66913107
2023-06-20,688056,24.919366806836937,25.338748367491817,24.64613605197314,25.05074806009781,4046942,117121603.472871
2023-06-21,688056,25.503913080887852,25.572508336431973,24.799261832920457,25.44062889115097,2876250,103342709.6991752
2023-06-22,688056,25.470378249229135,25.39270898523856,25.278610205179348,25.367206303191004,6296210,222296074.20401305
2023-06-23,688056,24.354511637526272,25.02980351824988,23.796354080653515,24.51607081727883,6481468,188961247.80061877
2023-06-26,688056,24.66105173200767,25.208694178831266,24.59608180372239,24.649089048752998,9107626,293965950.66432464
2023-06-27,688056,24.753070849686654,24.97587601872657,24.06338593561974,24.570660342864585,4286027,106385476.76961319
2023-06-28,688056,24.619345327899243,25.07979994645698,24.31260982799771,24.57421247705842,7781643,210584987.35205442
2023-06-29,688056,24.43111199410516,24.70383125178049,24.36532861667965,24.60009029856426,1867624,56308710.33774848
2023-06-30,688056,24.827395480449578,25.02664341012089,24.696819222931722,24.755539627311023,2195498,69837646.81137227
2023-07-03,688056,24.163479054159147,24.422944730082236,23.54972923369425,24.228096607853068,3645769,105359175.48722169
2023-07-04,688056,24.10281214992253,24.799788807102146,23.871640152400417,24.21775392913476,2919703,95222555.53553581
2023-07-05,688056,24.03237703697922,24.233858955620036,24.001148544736914,24.120538410386963,2073575,53122850.17356185
2023-07-06,688056,24.597301907788882,25.408100652359483,24.21824723132957,24.764868384976424,9675587,339996634.29781014
2023-07-07,688056,24.97904639515121,25.720072442780914,24.70063263923637,25.113426520153048,4459049,138231195.78566697
2023-07-10,688056,25.312796996306336,25.588690982599513,24.57017096810143,25.24581372997593,2625112,93970109.89217724
2023-07-11,688056,24.915984358594628,25.641020557324836,24.831472734328802,25.067549761187877,7480298,272121191.5989383
2023-07-12,688056,24.880337799571716,25.427566158409004,25.05191473823669,25.061859368113275,8198084,237190761.12804273
2023-07-13,688056,24.499431115899256,24.977157655184126,23.852201486755835,24.501105378575915,1149599,35734997.42710907
2023-07-14,688056,24.21702933999824,24.40586072208563,23.820077170762616,24.149361265824183,1482500,52636502.68998764
2023-07-17,688056,23.751130311780855,23.95097831309668,23.452425924761037,23.707613441860893,6033351,206248708.9814432
2023-07-18,688056,23.943012961674256,23.90453389113206,23.501511898842413,23.745314284168742,8481417,246589122.44896954
2023-07-19,688056,24.08211491239997,24.732489856219413,23.34085166381862,24.05504691551456,5282659,148662247.11895603
2023-07-20,688056,23.98089092441898,24.671204124440617,23.74144772153068,24.10190939789109,2497099,86368871.50633948
2023-07-21,688056,24.328771471983014,24.54778335328417,23.72616296811593,24.428362770147398,4427480,143976019.77235532
2023-07-24,688056,24.87658401332872,24.81291460226352,24.652333228864055,24.71324328609782,3143974,112971175.11200647
2023-07-25,688056,24.764490500494933,24.864700678038233,24.564229017511334,24.687992364194443,4222467,150975044.88870937
2023-07-26,688056,24.38904366761925,25.048460137456466,24.205857210979364,24.59386426463898,2646247,70811028.55886222
2023-07-27,688056,24.59325524885127,25.126263933522264,24.1162988937066,24.564004876180224,3617711,91247463.15550332
2023-07-28,688056,24.801373166236253,25.43344479172001,24.568812379815153,24.996020815735534,5344425,178593547.69879496
2023-07-31,688056,25.591360013089915,26.223736578264518,24.972200083275204,25.465385547087003,9394122,283173738.5488758
2023-08-01,688056,25.05899422551257,25.610241707910827,24.87867739397768,25.108054927220003,8156706,298088439.11980295
2023-08-02,688056,25.237027225033874,25.73934534085725,24.26930680326658,25.007678587929398,5743731,175682125.08000943
2023-08-03,688056,24.864265568209383,25.056672257436855,24.23531946882697,24.63024292608374,7488172,207759473.40817687
2023-08-04,688056,25.04202712172125,24.97609729957229,24.769799094133276,24.85506361973722,5142784,158350965.00511694
2023-08-07,688056,24.38876882151243,25.097442007737303,24.042525849232515,24.40863750377374,2034078,72273685.89300683
2023-08-08,688056,24.430200464371264,24.619868223453487,23.608876154173487,24.254890144465755,2056725,68963479.593031
2023-08-09,688056,23.988686148053,24.712717739981578,23.92724052555101,24.18052928591186,3521755,116144867.35329989
2023-08-10,688056,24.1201078486112,24.6195203086558,23.306983402605375,23.902872792075698,8838722,244056598.87429774
2023-08-11,688056,23.533527795133963,24.38312067517515,23.154779500500254,23.708189024130313,4953629,141768463.77964306
2023-08-14,688056,23.617521184166986,23.838438343275794,22.897058819318808,23.472541997209618,2132579,54253299.305664815
2023-08-15,688056,23.618767317785686,23.94056654015249,23.5660315215196,23.761789031746233,7715917,264479189.23066676
2023-08-16,688056,23.846528370038953,24.176500366705742,23.795877396240545,23.813238875770573,1577446,39488708.8659132
2023-08-17,688056,23.398499499789498,23.73858126017212,23.4102904983304,23.591981115452406,2762825,84929896.34837772
2023-08-18,688056,23.44901756693314,23.656832656221006,22.80887511800152,23.248492196815125,4442627,139968247.58250654
2023-08-21,688056,23.44312818181551,23.32892202566517,22.822309973985753,23.232934146897335,8054654,274790002.6857907
2023-08-22,688056,23.107315995672614,23.546652585155808,22.286264840206616,22.935155911289215,9755725,300998275.81555575
2023-08-23,688056,23.345339575999656,23.859969379996134,23.377039767486682,23.382597956390974,3453052,103566280.10556434
2023-08-24,688056,23.5449304071687,24.20610632609007,23.41832930722336,23.70601733540174,4252069,126363577.47117798
2023-08-25,688056,23.60046634091468,24.12635593938305,23.41380979799124,23.75224915668773,5169809,154062218.88941687
2023-08-28,688056,23.61823365089877,23.941532618165663,23.172380859911932,23.57161760099962,8985616,258434892.74674326
2023-08-29,688056,23.854450124464638,24.205266001915426,23.452762686010608,23.841404227721426,1649978,58541682.18327084
2023-08-30,688056,24.479119750054842,24.841954394984565,24.050692126712423,24.539241664065003,1247749,44542736.627911225
2023-08-31,688056,24.543873456957087,24.940593425026954,24.320559733191327,24.636613207221874,1217711,36898320.61988183
2023-09-01,688056,24.714471202018654,25.398811109362576,24.137293036515672,24.838876126266662,9520026,242287769.00986904
2023-09-04,688056,24.830431067706105,25.385559878860846,24.4380096717335,24.82068661561863,9320402,235830159.15611234
2023-09-05,688056,24.487326882893772,24.913027130120966,23.886842432260277,24.613821570001022,2669035,75087454.88444093
2023-09-06,688056,24.957310595921438,24.746937547235824,24.488018224465456,24.717564836707066,8468289,227996348.27871156
2023-09-07,688056,25.135622341101055,26.00927843220981,24.523916635277615,25.264433793177304,3274827,107812757.82613589
2023-09-08,688056,25.276273342354877,26.22750897616042,25.28826815459481,25.517721962986343,4451519,169815748.30094612
2023-09-11,688056,25.695679998615454,25.77231090565968,25.150157643179444,25.71663453168598,7402179,239844189.98182362
2023-09-12,688056,25.597026866637087,26.364246642450937,25.66804918300743,25.786786973269784,5443337,177426899.7959168
2023-09-13,688056,25.557217865639497,26.083459678375075,25.211638271111546,25.66572386487256,4631684,123657636.71466571
2023-09-14,688056,25.659079911550545,26.091320856238866,25.390218412102584,25.66372228880694,8904866,265704760.5106516
2023-09-15,688056,25.803748680017822,25.832990010699714,24.893843959892187,25.568960495837146,9098667,259045444.5824153
2023-09-18,688056,25.521055479420493,26.21188884261657,25.28249320085598,25.619680471343457,9426547,279977898.96771693
2023-09-19,688056,25.44130359621779,26.007183344696625,25.342159891995987,25.60698366605923,4678903,162373650.4296874
2023-09-20,688056,25.816615926758022,26.12203040020636,25.769749662236578,25.95313192796835,9409986,246843185.1826122
2023-09-21,688056,25.563800549789345,26.014930957469524,25.157489368061544,25.771771947963323,1513083,48860227.915608786
2023-09-22,688056,25.379716552683966,25.82639712905794,25.101066912875716,25.631977398759243,2120063,57805052.3681378
2023-09-25,688056,25.626435257018255,26.187193370671697,25.48724653595971,25.61812831358054,8340919,270051032.5637488
2023-09-26,688056,25.976359259881914,26.251536978903378,25.928368925860024,25.958732933440444,9433972,354132312.38195914
2023-09-27,688056,26.01864532230111,26.112230444603668,25.994523987801742,26.066012672507195,7392878,214105077.41647896
2023-09-28,688056,26.360099801085592,26.790831158852644,25.809932573949574,26.314152023682976,2899275,80714859.76907422
2023-09-29,688056,26.32871877043642,26.86677788269138,26.094634975364155,26.19201229303334,3254922,85290742.54874529
2023-10-02,688056,26.37416904812833,26.961278692593822,26.209464025445126,26.4782345707254,7185681,251257322.21469334
2023-10-03,688056,27.650824418944136,27.654340467603944,27.087959415242754,27.46918883427916,9696500,279995071.57672936
2023-10-04,688056,27.690115121657172,27.647686698768158,27.553391492471377,27.55831167248471,3175200,121908654.7875425
2023-10-05,688056,27.596071654149394,28.014787220948083,26.63280789399411,27.349523436211665,7278371,232029088.98289284
2023-10-06,688056,27.055584541567153,27.429203715593772,26.66692657882879,27.20455630617489,5765114,225137124.84696832
2023-10-09,688056,27.21547871027474,27.756291581700037,26.723716447237397,27.001902196890125,4028204,124373181.2784998
2023-10-10,688056,27.415666185156038,27.8047216772197,26.892666114069915,27.273713780832384,7127914,221309621.26304492
2023-10-11,688056,27.95795777328433,28.44318495502136,27.686946049218022,27.930357236287207,9248784,366948572.4035424
2023-10-12,688056,28.065798235295354,28.35947424352236,27.685766191786403,28.22945882085081,5751878,205746160.63516748
2023-10-13,688056,28.17355473398698,29.20227496132516,27.87144383244899,28.441277974083906,4349643,167010854.98539385
2023-10-16,688056,28.399756435702848,28.64464318470659,27.54077652182152,28.143929792306146,6984824,249963079.14728773
2023-10-17,688056,27.951753261459178,28.66917481219897,27.780735886097425,27.937852984534082,4584946,192048857.81836107
2023-10-18,688056,27.564801377377336,28.470250436483788,27.636294742906955,27.6760795491953,3970521,116803488.41957729
2023-10-19,688056,27.84057162158606,27.943600011982387,27.562069330776424,27.594792912936498,7986529,284227623.5400145
2023-10-20,688056,27.311871918923153,28.177320433967836,26.76546231073276,27.536458328777783,1524519,58718058.66383415
2023-10-23,688056,27.544333337203955,27.47959636932516,27.289798347018138,27.37228565816625,3206022,111838898.83449201
2023-10-24,688056,27.390996485639846,28.002555957807186,26.62662313430925,27.30226204497064,1919344,67841772.28921622
2023-10-25,688056,27.15128026369218,28.08089595608106,27.14867634562069,27.308995958074373,8699998,305627369.3474658
2023-10-26,688056,27.196650724586792,27.629768846598516,26.34837283037634,27.045921031978647,6717173,211538646.0967396
2023-10-27,688056,26.776049770512458,27.233293773862997,26.60219895345991,26.95603364901841,5044160,141828775.03110436
2023-10-30,688056,26.940540569119584,27.81218450409139,26.787057348394466,27.064578788617418,9714445,276700205.8112539
2023-10-31,688056,27.918553143930524,27.945951130467915,27.794270838255247,27.912021383165474,1082929,40669405.38455643
2023-11-01,688056,27.11723368954098,27.542599704639336,27.08706031914595,27.185770690604272,7425966,263113332.67214647
2023-11-02,688056,26.87665329802304,26.773251970590866,26.444092129654436,26.67711251181055,5564961,172015423.06053334
2023-11-03,688056,26.7594911012295,27.319572601786316,25.77535162330626,26.56428651439613,8818854,320562684.0335568
2023-11-06,688056,26.115838757594748,26.489081448130758,25.91059199179342,26.318434662331505,8493459,268847104.13093007
2023-11-07,688056,26.213698750272012,26.700140273733986,25.68796388707939,26.215627496223213,7592195,297768049.2713211
2023-11-08,688056,26.326199042872997,27.033936456473164,26.355449186816276,26.379118718824653,4668842,146659219.21615347
2023-11-09,688056,26.848144936487998,27.096847391628366,26.289353765912356,26.713103218080033,3425067,133118494.59601569
2023-11-10,688056,26.259925600028044,26.56832799989844,25.942596123671052,26.03880566881008,7754564,265937441.84916082
2023-11-13,688056,26.16283003636203,26.798293058562223,25.54455109959082,26.285973509654706,3579283,102795586.86886522
2023-11-14,688056,26.35757130859461,27.045549620224758,26.05364776418853,26.33294680563267,8771301,319776490.9416453
2023-11-15,688056,26.719190271092142,26.662845275447868,26.37497654667644,26.563011359889174,8303808,301953400.27361226
2023-11-16,688056,26.17442663190921,26.301141718097128,25.681140480672546,25.961832400873398,7464740,221370882.7535569
2023-11-17,688056,26.054890155118922,26.94965200098556,25.57087274759623,26.24322023133758,3216657,122626647.58806157
2023-11-20,688056,25.944084866909208,26.629077289768105,26.07184745122913,26.15468128913844,8946831,239733982.9893029
2023-11-21,688056,25.895555539285795,25.871071366724056,25.155651352426275,25.843461668817447,5646751,180892969.4465772
2023-11-22,688056,25.723165413250943,26.2476606246518,25.428214582944083,25.661158306561788,6234445,177434369.29867387
2023-11-23,688056,25.743513180612773,26.356394532913235,25.709281727110177,25.78065867295331,3880765,113865311.57644632
2023-11-24,688056,25.88820292048563,26.286295005451755,25.404793731079668,25.7964546299094,7382715,249682351.3531598
2023-11-27,688056,25.506860658063562,25.70145243655525,25.561295690113205,25.64810757966295,4548358,154977948.94516087
2023-11-28,688056,25.286720042994535,25.527597233511244,24.93166996201984,25.301146475280774,9711196,336496193.17966366
2023-11-29,688056,25.645314713519777,25.52036992207449,24.976367716452398,25.396741540859807,2568970,69081949.77639396
2023-11-30,688056,25.35015522004222,25.296727084063573,25.014890876370508,25.173989700911545,2360156,59720966.790970266
2023-12-01,688056,24.932146754978703,25.007547472767754,24.26191807458473,24.853295239118864,7142718,262029119.89339298
2023-12-04,688056,24.479094475124267,24.92164232674198,24.184409502499268,24.402309888947343,5976972,210646327.58669475
2023-12-05,688056,24.73847896146741,24.80000398963802,24.406221080168596,24.740968954824513,6016930,155377590.15993327
2023-12-06,688056,25.155745098343704,25.296621561799572,24.56412097789576,25.296091786486286,1731500,52969372.17366026
2023-12-07,688056,25.66837523145953,25.62012007028497,25.119134994564583,25.507540563699145,8419665,306563132.1228329
2023-12-08,688056,25.810576172858976,25.82219061953224,25.0873906879484,25.680857126543756,9293103,302594305.4054234
2023-12-11,688056,25.72065721040589,26.233576721505035,25.395197178579306,25.926103667030898,6876827,198648193.89508417
2023-12-12,688056,25.511733733839932,26.22795079079951,25.523735067094258,25.62569493038839,5430318,186931616.63318357
2023-12-13,688056,26.189811574133397,26.548591108906965,25.229310098977503,25.979807844916042,3054799,108585684.4368859
2023-12-14,688056,26.15406081215425,26.156819298357227,25.452567024405475,25.97939255166877,2629271,94889120.50563851
2023-12-15,688056,25.796640225966847,26.0690269930363,25.79383012650796,25.839534024911412,2569564,91432262.31563406
2023-12-18,688056,25.885465521349253,25.9886640550154,25.449739668636326,25.745959262992294,4029859,138346562.56978866
2023-12-19,688056,25.860274153906566,26.563651064633582,25.406138698189604,25.906633914507072,3528898,122298038.93479833
2023-12-20,688056,25.857882424620193,26.40150006546724,25.08030417815379,25.69824063721186,2149319,81371406.41557872
2023-12-21,688056,25.638175753190684,26.39450412815543,24.998140226965816,25.69983080140735,1873828,58080459.611431405
2023-12-22,688056,26.16929976413623,26.653134919658566,25.563656257018835,26.054473544513197,8554549,262454990.16020635
2023-12-25,688056,25.98254246263605,26.862504721262322,25.728977463254836,26.22894470564361,6721051,254761897.4355694
2023-12-26,688056,26.305599393632317,26.66054091008966,26.043049981810437,26.05992369846308,6915510,217785664.7281018
2023-12-27,688056,26.261212944974872,26.348620412849993,25.582188164846322,26.18291793742072,3673290,100514139.70803115
2023-12-28,688056,26.251318091542558,26.79665222322183,25.962481705270825,26.11840540271845,1873943,68053548.87791502
2023-12-29,688056,26.27196544358518,26.555242437741143,25.63891639088499,26.071337008899892,8986710,320739664.6725273
2024-01-01,688056,26.669321606618922,27.077562685101586,26.247236694561007,26.785235102970685,5989875,213369534.2184139
2024-01-02,688056,25.767948016451765,26.462568581569993,25.667775841071908,25.9150249697778,8720808,311677401.257528
2024-01-03,688056,25.144977671343057,25.58326693330945,24.71497931281535,25.336079081091587,4761453,157072581.14173535
2024-01-04,688056,25.86036024303134,25.91527283034894,25.17866143068164,25.759065891197785,2634270,80115979.60737209
2024-01-05,688056,25.352660318014916,25.981074748033926,25.26857812638467,25.2816173538451,1911335,55033352.243805975
2024-01-08,688056,24.298977102723452,24.9929170669555,24.137953758238552,24.429907081426997,8903128,319477794.18230504
2024-01-09,688056,24.60912621769162,24.924700346892802,24.03463166620973,24.5279640668468,2751879,87300346.42365609
2024-01-10,688056,24.414051058815936,24.84607666417039,24.263666140501947,24.534077430411074,3347224,88884589.04258007
2024-01-11,688056,24.513021918487745,24.81377869910497,24.103282717471977,24.48963948478174,1786001,63952963.657107346
2024-01-12,688056,24.032608921854013,24.703219486052788,23.552864719488614,24.103165871040353,6182962,177143246.27684256
2024-01-15,688056,23.905462120013873,24.10454554436951,23.564687362601397,23.99125242659676,9840926,325079918.8531465
2024-01-16,688056,24.22841223402092,24.615712240558747,23.563131268018044,24.286436190058087,1847034,62052632.87066105
2024-01-17,688056,24.261132510498015,24.406725841901725,23.627912603341308,24.35319004212493,6070072,165509771.1082568
2024-01-18,688056,24.505545428848823,25.083475007044164,24.268278671800676,24.71572878152457,2797443,100903724.26126255
2024-01-19,688056,24.419915641022467,24.776827364779095,24.248552246818075,24.578500703908198,9567117,266436284.56535724
2024-01-22,688056,24.461601307462306,24.767821079290602,23.708280313255433,24.329068515926934,7507524,204436503.82991126
2024-01-23,688056,24.621617052352317,24.59011108157508,24.12548119718482,24.40284012948733,2408886,74461839.20967907
2024-01-24,688056,24.377560785437534,24.483604180294975,23.96667655532247,24.199264251571865,9112052,326161708.1205467
2024-01-25,688056,24.30688531683022,24.53294624013401,23.88670350398929,24.241134241750807,2403209,82451394.64392504
2024-01-26,688056,24.079288263441335,24.132191819921932,23.848252596961327,23.996080845320208,4689874,163265419.47588915
2024-01-29,688056,24.195966142157026,24.97233878774613,23.6791425869534,24.28929802187048,8856765,272241845.4385454
2024-01-30,688056,24.92001657931677,25.297914652037537,24.692144733010938,24.727652271799748,5856280,189878871.11374828
2024-01-31,688056,24.181282883510782,24.737337139327114,24.120530202483806,24.38953871042562,4262177,127770326.2804826
2024-02-01,688056,24.41920777452564,24.564732118772476,24.297257168962854,24.297687069150307,2367813,62562116.805378444
2024-02-02,688056,24.28930815171267,24.83572524314895,24.13572849788793,24.4649477548989,6747527,194206895.68857688
2024-02-05,688056,25.02537644069157,25.026153150770224,24.4260801782881,24.898626299887326,3405777,85536323.40621097
2024-02-06,688056,25.108279645400373,25.138230394704106,24.35841113344112,25.067942366595176,1981966,60712750.01084766
2024-02-07,688056,24.578337000690933,24.978659258387264,24.31435185198663,24.817480520725702,2792717,77438251.47263722
2024-02-08,688056,24.449579678931194,25.05476726166881,24.464139657807554,24.667176692635323,4635963,133479744.27857913
2024-02-09,688056,24.560824222256137,24.751931180145363,24.23404187185086,24.585951170951528,7759025,253956719.3836308
2024-02-12,688056,24.386916220367905,24.954086296279414,23.885767177322435,24.448219764604794,9392713,307556389.812828
2024-02-13,688056,24.939523796019035,25.674263763852696,24.91050384597428,24.935288330817787,1924579,54565186.15259871
2024-02-14,688056,24.626834385699357,25.056708722677076,24.43207862969786,24.67802755676778,3226805,97086541.15291537
2024-02-15,688056,24.642313558744092,25.175657159304873,23.84065113192329,24.457236031113254,4191554,110949875.01404643
2024-02-16,688056,24.170589502749348,24.672600796312935,23.865703534678914,24.118897187898146,8387500,260221287.80082282
2024-02-19,688056,24.28026851924596,24.938097827581135,23.946675876332943,24.222520909933326,8373850,271528135.9867422
2024-02-20,688056,23.904713925483602,24.20834291521737,23.486822617149105,24.00874559663516,8507935,235197091.0395168
2024-02-21,688056,23.4724132387057,23.971363743837124,23.572311401577537,23.66238682120388,8548538,215692481.07558
2024-02-22,688056,23.962995523892655,24.342021812860335,23.602960694015405,24.06724131715231,3590993,115175144.66430455
2024-02-23,688056,23.81650628747114,23.94847609484611,23.445579713390206,23.72450550593259,6939111,170104992.069855
2024-02-26,688056,24.036373947684005,24.48381962143461,23.271837512877724,23.849029143893233,6469578,214352175.08655226
2024-02-27,688056,23.227680715856827,23.79113361207983,23.1964987792715,23.413854486144793,6734506,177198367.70727345
2024-02-28,688056,23.14367243346126,23.98771643678571,23.26329223894852,23.364011317785756,1528580,43024085.68864947
2024-02-29,688056,23.331108681313452,24.013972898776846,22.850051235796005,23.38753120319088,1096570,26738953.489131276
2024-03-01,688056,23.602811385328796,23.5836806500352,23.03958408898093,23.48109604155174,4317236,111173045.74399406
2024-03-04,688056,23.56579304443579,23.7029591823701,23.00288401633559,23.52067980317061,4495030,136354952.59191266
2024-03-05,688056,23.05642146900709,23.24467013405475,22.84123258996068,23.210325627626965,9129581,231395413.88566566
2024-03-06,688056,23.44956171362519,23.80862368329751,23.40016394993871,23.486279944716593,6303258,205097956.8342781
2024-03-07,688056,23.14297678590876,23.511041509219083,22.709437755880508,23.3305816034581,8410849,285808629.26010245
2024-03-08,688056,22.99276508186925,23.071203097159422,22.289786819680813,22.95002676899965,8685646,245324871.69192243
2024-03-11,688056,22.57841600708852,22.76888141030246,22.18799053019964,22.673329393972722,4817913,161226515.96299508
2024-03-12,688056,22.854464202860473,23.288756637849893,22.14229604566834,22.817149047439443,1226645,33198169.17812372
2024-03-13,688056,22.912528761018557,23.42855420121662,22.443688576969468,22.95930530686786,2767672,84118027.75182685
2024-03-14,688056,23.030014457811244,23.537589614496433,22.619233010339986,23.177109040119298,1660033,44035296.40265877
2024-03-15,688056,23.370035304236378,23.69261875622405,23.107828464164268,23.458682814435736,5562612,147692384.89803934
2024-03-18,688056,23.60122940168584,24.33718599148988,23.39993013171152,23.77936726341921,5571203,158720063.88137153
2024-03-19,688056,24.071256778511987,24.52701028138397,24.207457454951026,24.22548471982195,2886676,91450639.17704591
2024-03-20,688056,24.224739669549656,24.416209177667042,23.730550555401457,24.196874875093812,2808505,89071429.22375737
2024-03-21,688056,24.451423728540576,24.479954062940212,24.227605293312514,24.392662393949102,1277259,35737564.96916547
2024-03-22,688056,24.355155857004576,25.1336302009041,23.895512562422628,24.421440804042348,2404554,61344130.189500175
2024-03-25,688056,23.945354868132174,24.540901457412847,24.065340427692032,24.108180399125764,8170637,270484773.2349515
2024-03-26,688056,24.46017316034144,24.942674127516238,23.674401900151476,24.301574295479163,9772918,333287101.13947856
2024-03-27,688056,23.977556529029943,24.08990351524706,23.38565539523524,23.93000829045784,7419238,186527036.08952305
2024-03-28,688056,23.509859044238333,24.219934812457353,23.22994888264354,23.634167774651846,8142067,239030090.23804307
2024-03-29,688056,23.283191941190324,23.945577833395536,23.382045503649948,23.480588513433343,1492525,44054181.018799074
2024-04-01,688056,23.502907870632352,24.17625793942595,23.243866150625635,23.724941543211266,3945268,124210937.02389339
2024-04-02,688056,23.597437246041537,24.03678194479628,23.530390410144147,23.745731915527628,2402697,59989259.124469
2024-04-03,688056,23.843681845194602,23.93408551659957,23.41165249281811,23.701249951265524,5469113,188160029.10738
2024-04-04,688056,23.875615660801344,24.67400163281964,23.34038632037533,23.97961130462927,2979011,94959340.4186414
2024-04-05,688056,24.332745724940867,24.64258627707155,23.968176702863854,24.203080502709923,9070649,246478118.92895928
2024-04-08,688056,24.167175137398033,24.53821471830256,23.50381656972908,24.105899880280077,9378202,310953779.7300117
2024-04-09,688056,24.27785273447363,24.437118095454217,23.775914204078003,24.299316071709804,2798293,101485967.72564705
2024-04-10,688056,24.209705272028323,24.56782287200102,23.541909836886312,24.03468484293831,9282810,289826047.47071534
2024-04-11,688056,24.344023924435525,24.585791459923954,24.070576676588328,24.541729401160815,5614767,163653593.9599049
2024-04-12,688056,24.7529299514834,25.54344320181187,24.21153143347399,24.956069463604294,2650793,80301617.44145699
2024-04-15,688056,25.13424979482455,25.615360822189913,24.993538170692503,25.146230319894745,1740717,53321922.54688384
2024-04-16,688056,25.138283681337626,25.744953834939203,24.750324707387936,25.291834358641275,8697897,305895622.63357997
2024-04-17,688056,25.431660917237256,25.82308597537424,25.549113618684743,25.63223489736523,8940331,291906904.1089825
2024-04-18,688056,25.258479880837527,25.81722467532881,25.460667391082875,25.50172010440909,1396597,47255489.14357757
2024-04-19,688056,25.371700303758907,25.572521265617148,25.46280301746759,25.57151884965686,4622429,160304651.7005033
2024-04-22,688056,25.136041167027635,25.55458621120213,25.154638876550013,25.337625388499237,3703608,114743917.03609437
2024-04-23,688056,25.295273896186572,25.9021493126169,25.19725053105888,25.20727718536036,4838619,168219680.2221581
2024-04-24,688056,25.201387094113624,25.651505674955427,25.065114678743296,25.234129974380796,9978999,316316724.4775235
2024-04-25,688056,25.03469692839537,25.569978818191682,24.6795712943664,25.091095562973898,6235110,204818752.23018187
2024-04-26,688056,24.97228548705919,25.484036854112308,24.789862739692584,24.880626382834574,4657093,148824217.72414994
2024-04-29,688056,25.28874867803076,26.12390387534606,25.087215952349283,25.529995655429587,1870263,51849355.22726818
2024-04-30,688056,25.208761371331757,25.84942238125931,24.819868322100877,25.11862804482083,3178351,93508803.95983413
2024-05-01,688056,24.658871468625694,24.655822147372415,23.82915407470157,24.418936166160684,8762903,314766966.6619086
2024-05-02,688056,23.98848943328967,24.202236362818848,23.55615512991386,23.8068224458372,4451292,151575648.50548923
2024-05-03,688056,24.3292802223901,24.416404948661096,23.96864028049082,24.25986960996617,8876006,241307416.05993596
2024-05-06,688056,23.762529460113683,24.301695362334506,23.75172129851277,23.858972592663832,1891024,49613377.903675534
2024-05-07,688056,24.07257436312266,24.379116003548432,23.690546668684238,23.888316244433085,6696481,206904026.8791173
2024-05-08,688056,23.94320026226752,24.19059756532542,23.359131782668882,23.790644828107602,5851671,182570466.44761965
2024-05-09,688056,24.19715410467395,24.279866019500364,24.148633889609645,24.21817770085316,9898463,293563523.51710373
2024-05-10,688056,24.41202019697581,24.439851459607368,23.472007389658426,24.17884894533095,6782832,184702907.07493794
2024-05-13,688056,24.334267958288923,24.637425478749595,23.77538162082968,24.278793595607766,6664390,183286029.445009
2024-05-14,688056,24.186571930240536,24.389807884874656,23.593753869533284,24.109976640469547,5518279,147015104.32294852
2024-05-15,688056,24.325334774929548,24.571201316158486,24.023223082322424,24.291331574865062,1895747,46249403.88432953
2024-05-16,688056,23.989372279389816,24.67239950008314,23.960679796637997,24.060567462144604,4100588,139298413.4468629
2024-05-17,688056,24.526120570091447,24.75374528644197,24.156829439406682,24.293314228692175,1346532,39566381.54748796
2024-05-20,688056,24.098120469961422,24.552463735875634,23.807511595171324,24.19086657351176,3921174,125377000.44403234
2024-05-21,688056,23.97988355567523,24.095777609726664,23.470090323977498,24.007434118035853,7971650,224254373.87058643
2024-05-22,688056,23.482100222969226,23.788145893872546,23.31085246904632,23.595829439623216,5274089,135693056.3638683
2024-05-23,688056,23.966753564214386,24.27803352972192,23.30388593879531,23.932545313725058,8995344,217226262.64459074
2024-05-24,688056,23.630146329828737,24.149314721956,23.75403404715368,23.851470545291868,9710285,297308831.00479573
2024-05-27,688056,23.65246570321743,23.99375814969626,23.203530206620538,23.471020509962415,5261041,147304098.1219848
2024-05-28,688056,23.38797930645458,23.966063170659087,22.988070410427493,23.52513838455975,7069257,191260989.7248884
2024-05-29,688056,23.46760509001264,23.908602647061425,22.882374405536545,23.585757854193776,7640115,241722447.99950773
2024-05-30,688056,23.7832228359584,23.64738737405986,23.276705437533973,23.584782162836863,9944061,263126190.20949516
2024-05-31,688056,23.46673941989781,24.318486462924426,22.998777048002886,23.68840395698986,2248511,58737180.15686171
2024-06-03,688056,23.752297850275966,23.797914824441346,23.32932192477273,23.626847489816505,9777816,323770728.48808914
2024-06-04,688056,23.683383039234116,23.95302119893418,23.126657412788454,23.509736239043235,3336310,115436580.49017633
2024-06-05,688056,24.363378925964767,24.46482609079695,23.437020069177017,24.136473571582194,7201213,205369764.6204033
2024-06-06,688056,23.80058760688604,24.317674516591268,23.57091563600838,24.027220261891237,1508442,42720056.88406506
2024-06-07,688056,24.05863718111964,24.31613290441876,23.835011133006144,23.87955205915193,2001148,64624980.280472994
2024-06-10,688056,23.769607436535924,24.33299046718793,23.128266438323525,23.665139253565265,7431957,184045576.0149393
2024-06-11,688056,23.921989860265377,24.101517215931445,23.438972205530597,23.97067908286671,5089478,159995657.96111846
2024-06-12,688056,24.32882741373408,25.18690460745923,24.398914925411766,24.563876217041518,3931893,142996506.088399
2024-06-13,688056,24.74478563601293,24.824629004047765,24.106321661485275,24.79487564115928,4484752,118604598.86181322
2024-06-14,688056,24.752627261724538,25.46091370139834,24.66187324547706,24.80979151007024,9274163,275234938.36712945
2024-06-17,688056,25.177956390374764,25.537342363945903,24.841286616700746,25.24275668429817,4106675,132224596.59699352
2024-06-18,688056,25.766961746429313,26.36543681713075,25.40502542202423,25.637072161802003,6195021,194478308.6213823
2024-06-19,688056,25.512316190595257,25.592566885605223,24.91349403822924,25.48494942647858,5943857,166615799.07357308
2024-06-20,688056,25.964702639296895,26.60004629017217,25.483034453450266,25.999168737190665,6723770,219067911.44044173
2024-06-21,688056,25.75617849374111,26.29530418041561,25.37199256656071,25.974055454670925,5368756,200966287.17689127
2024-06-24,688056,25.972680480987297,26.787199202030237,25.64799702107493,26.222655206209595,6859720,204126329.11896718
2024-06-25,688056,26.932047052609754,27.407911570269796,26.55713126127723,26.711768914709683,7113912,206749718.43032962
2024-06-26,688056,26.735670136051056,27.108923602588504,25.80264828236122,26.521231200446913,8782351,334718356.65771276
2024-06-27,688056,25.39436755820736,25.457709844108287,24.82146122435288,25.445386356461242,1689689,58492591.66030745
2024-06-28,688056,25.637565101264336,26.42190408518031,25.767240260290937,25.85297636745257,2392951,87101225.48545922
2024-07-01,688056,25.667411575762443,25.83730727651441,25.2178221592887,25.711221295589738,5207021,160235802.2334836
2024-07-02,688056,25.50470062263192,25.692667008145165,25.299906768096818,25.552371574317064,8713220,233411993.89863724
2024-07-03,688056,25.56467729871735,25.872378089733346,25.030803172345262,25.45210902989455,8229355,248904112.61132434
2024-07-04,688056,25.686566566207425,25.716463025148943,25.123331462229196,25.487852791580732,7102029,255975028.31771702
2024-07-05,688056,25.55749013593237,25.709344556968144,24.89070104211683,25.355974775389562,2631965,76556167.18444872
2024-07-08,688056,25.777248679685748,26.286042261160954,25.56080527409789,25.59767959375563,7537212,265317635.86253634
2024-07-09,688056,25.764811572390432,26.19865269960609,25.308185130386754,25.72521363537416,7405153,242187038.6775789
2024-07-10,688056,25.59055720404194,25.517355747525894,24.77865383510133,25.374485560732225,6948677,182251560.4926111
2024-07-11,688056,25.524554375056795,25.552538261801338,25.444666308303066,25.482637073877264,1981905,74543223.35045603
2024-07-12,688056,25.603867735476605,26.0133454764602,25.250114933253723,25.49291853425634,2556489,83929166.27214648
2024-07-15,688056,25.730387862249096,26.129540534189427,24.99547179170621,25.724903540040238,8966540,234260284.33757263
2024-07-16,688056,26.1360353178177,26.50548379592931,25.84629819269697,26.195120383594368,4693847,164518692.55412474
2024-07-17,688056,26.432065458259064,27.199346754194497,25.928644824538893,26.66890757780088,3167011,106857623.93488008
2024-07-18,688056,26.56803207911028,26.672070750525876,26.538747447259166,26.612774563881327,3008619,101119352.16321969
2024-07-19,688056,26.616427741303035,27.14248874112185,25.90520787134563,26.679436478447425,1310400,46118509.18762935
2024-07-22,688056,26.764296525999253,26.88464127208914,26.35346755550361,26.86120595857063,5788965,210870336.75023746
2024-07-23,688056,26.230949982408706,27.034500704131254,25.790446047439755,26.28475565282901,3805278,102252875.62382334
2024-07-24,688056,26.510912001859168,26.87601905592647,26.446972860085925,26.46476388141639,1962360,71869807.76784755
2024-07-25,688056,26.49674684487163,26.80326111209342,26.003352559903668,26.470173495521824,7539908,272898106.45079213
2024-07-26,688056,25.910984065460276,26.477107334969283,25.402785609511096,25.983209485094356,2506654,75347431.92562433
2024-07-29,688056,26.171274659634125,26.27113402492699,25.868372846400646,26.22860654228125,3660824,124458163.09900485
2024-07-30,688056,26.736157757382653,26.561890511161252,26.087841680027996,26.532270992239923,5440073,208144286.29720676
2024-07-31,688056,26.874150343853316,26.71091910769239,26.671841846911143,26.698540063443282,6265670,171806233.03179234
2024-08-01,688056,27.111670277666033,27.821822043952174,27.18595034236377,27.32236249882424,6282744,187910589.4371376
2024-08-02,688056,27.71920918365199,28.16482049206105,27.157441736426193,27.59432705970264,7753386,267902969.3334782
2024-08-05,688056,27.495278143359698,28.120550043149503,26.952234030427434,27.55062746334682,2086695,81336051.54186517
2024-08-06,688056,27.36712426003424,27.987657451400302,26.801068088579644,27.513946902053622,8182238,309846449.91405135
2024-08-07,688056,27.171002002728653,27.405464122669436,27.00098070387005,27.39314283364356,5666927,157580333.05667144
2024-08-08,688056,27.440862236740845,28.07295082665675,26.78680318365154,27.350517182847597,6723350,266032191.13375694
2024-08-09,688056,27.725909567798812,28.102502776926894,26.853740737442894,27.650067414970096,2395207,94050705.53807808
2024-08-12,688056,27.603500934307935,28.106355570987294,27.23178851061927,27.399104098573105,7073893,222216662.39765623
2024-08-13,688056,27.293761670616593,28.053779693751498,27.310059202861176,27.47550224268711,4056382,166209379.41328534
2024-08-14,688056,27.78452766065219,27.819779447577027,27.085224227031762,27.717193684261748,4138395,116359260.1424138
2024-08-15,688056,27.686323896522236,28.293668113773762,27.123423581363706,27.81478664822664,1627914,57185459.149776526
2024-08-16,688056,28.38741098076412,28.962158634985474,27.760408125503904,28.503810696840663,4415154,165022653.65966743
2024-08-19,688056,28.929654543298458,29.301545483453353,28.1477088132896,28.90117245117751,2890770,115203775.34800586
2024-08-20,688056,29.029391123665288,29.01137511706498,28.861552397957084,28.913823019568934,4528198,159457622.48188436
2024-08-21,688056,29.25644839170818,29.25443605188166,28.620326852647445,29.07096781403818,4817101,191064718.41772407
2024-08-22,688056,29.383981323300066,29.48734748378097,28.634349195099578,29.2904665013905,8189933,304989286.299651
2024-08-23,688056,29.48215811929147,30.12536966518767,29.19736526998083,29.535054756174432,2071820,61803686.9279592
2024-08-26,688056,29.63054724156505,30.07511706254013,28.500408204419394,29.345169711281162,2138948,89534520.77603233
2024-08-27,688056,29.252888462819442,29.581141307823767,28.657356688492943,28.983282205535822,5584589,200194384.5857611
2024-08-28,688056,29.42498746873943,29.851651330709927,29.091359112011535,29.27118907644998,1099639,36390802.887989014
2024-08-29,688056,29.42833095110662,29.672635716027564,28.487398833681368,29.154838528367836,3018518,104587066.03405493
2024-08-30,688056,29.56366256491344,30.15395296925243,29.049651229458316,29.757562219559958,6954274,287823156.3661544
2024-09-02,688056,29.439683859165573,30.362594829429497,29.29269731934442,29.560353242021737,4671609,164687625.7632868
2024-09-03,688056,29.76631911167286,30.888338197973333,29.467044481977872,30.055999548078702,3339482,139652081.1783067
2024-09-04,688056,30.464983380909636,30.783964886968434,29.860383277193765,30.177407299067625,8786902,288710128.5380258
2024-09-05,688056,30.166484388372275,30.92814995334371,29.50619756854505,30.20740054624094,8095372,262425335.7294361
2024-09-06,688056,30.219609911416416,30.705429612706567,30.077315664914465,30.241102408104435,4879664,212611695.26887155
2024-09-09,688056,30.43193546576137,31.169095888553294,29.578565149063923,30.454001074021054,2340887,97981508.07580653
2024-09-10,688056,29.99767481140181,30.918240864184003,29.86574154631016,30.172200274784554,4208206,150734913.6116121
2024-09-11,688056,29.64594858802415,30.28898470659308,29.510926636395936,29.941572122572175,3219413,120132904.21204266
2024-09-12,688056,30.02022187124478,30.765453268726805,29.359347012535554,29.94856968589994,8919810,378557638.2022532
2024-09-13,688056,30.041595102363065,30.37895075134739,29.528511838519325,29.796446763092387,7248115,248134811.07152745
2024-09-16,688056,30.161030022881054,30.341441637214043,29.96720299971168,30.302931967065305,5252903,227056843.33661652
2024-09-17,688056,30.504810832236025,30.7301875817127,29.555482923291976,30.41856503852346,6712113,237247514.03070748
2024-09-18,688056,30.066940364056187,31.148610818764418,29.840972573288827,30.3445788905153,3194829,131024341.88011236
2024-09-19,688056,30.675155446402123,31.47620817716745,30.363063981600003,30.887260892486815,7941050,335492583.38056844
2024-09-20,688056,30.4540805163426,30.85375216651139,30.456041807740736,30.71589758967303,1285584,47545255.59541869
2024-09-23,688056,31.39395832429917,31.22956552324285,31.17234509912844,31.224561388069183,9228561,396567408.30261177
2024-09-24,688056,31.969682234903715,32.5803943412765,30.76725855421356,31.68180672887297,3214589,128339609.37630883
2024-09-25,688056,31.406892822381412,32.1386616911354,30.96090619919637,31.572395938320984,2766079,90517492.60522847
2024-09-26,688056,31.242655174695475,31.305589352439046,30.73156839453902,30.964818027187523,4431603,166242190.76098207
2024-09-27,688056,31.31384242147634,31.98746259324448,30.32936857474585,31.165036103434154,6931637,254201469.09521088
2024-09-30,688056,31.351084639707324,31.30831726174111,30.954536485999594,31.08487951924509,4784693,174897021.98556173
2024-10-01,688056,31.204669653606043,31.136527571116453,30.87815834320493,30.998589023814162,2212135,90930535.71794415
2024-10-02,688056,31.284907271876378,32.06640760308534,31.195711715024217,31.264708865778946,4346437,178503823.0918485
2024-10-03,688056,30.618660589826682,31.202522513853456,30.586723215109963,30.72786474059495,3336255,119453945.28388457
2024-10-04,688056,30.05534901163329,29.92265093741718,29.435336505917792,29.900763183900345,6871649,225770960.96122763
2024-10-07,688056,29.89631212323638,30.017355383795145,29.49081897243538,29.843139365299656,3478279,113201450.72241549
2024-10-08,688056,29.787950771666484,30.63587204935487,28.954191380953425,29.769919822604987,4433587,177099365.58530688
2024-10-09,688056,29.52961848248984,30.401874593801807,29.498335468273282,29.620564044259208,2383172,90021993.52388947
2024-10-10,688056,29.815957933245063,30.264150137992676,29.198886486405602,29.578680072873574,2001470,66200552.092377
2024-10-11,688056,29.533234359231557,29.694729135651432,29.13994321909891,29.412162197677333,8826030,388658115.072357
2024-10-14,688056,29.12061414669676,29.56256651934049,29.123759425858125,29.265976967633716,7360273,266139316.45898828
2024-10-15,688056,29.41438116608652,30.092432592786686,28.998348330184353,29.48037981275245,9430383,316028988.2755595
2024-10-16,688056,28.918482761127773,29.481511326032496,28.351746727771015,29.208877035939974,3002441,88652711.3469441
2024-10-17,688056,29.846635689936384,30.287579271994606,29.335676252542843,29.80679695862158,6713745,256369505.36476249
2024-10-18,688056,29.408318047309855,29.948999160070443,28.511786716923638,29.28147201172583,2154209,75246815.82281896
2024-10-21,688056,28.51295258142453,29.34140636527544,28.31341139592877,28.64826886595362,4727939,146482724.40992942
2024-10-22,688056,28.455220573127583,29.2538233763515,27.694219891769865,28.508602179509975,5502071,172571587.65886796
2024-10-23,688056,29.024733645343073,29.167151176823516,28.236594164202916,28.853414816681546,6209128,226222248.1590531
2024-10-24,688056,27.942055423551412,28.318322781293176,27.380962043017618,28.105024466952237,1295914,40156784.61736517
2024-10-25,688056,28.175089617646666,29.06584574092489,28.2280976267826,28.241306180328863,1067402,33522903.496047065
2024-10-28,688056,28.26752306413135,28.38160051875604,27.45648915595434,28.241805392658826,5116632,171508191.20102605
2024-10-29,688056,28.429993914905914,28.928554341022775,28.174397981355092,28.316983712160994,1356346,40773531.57086413
2024-10-30,688056,28.984793391592753,29.37563452954092,28.34989342905309,28.898513082931206,8921700,375624901.58650225
2024-10-31,688056,28.858565889567085,29.21243435249182,28.516095315869155,28.72692463850531,6769875,268284607.04452842
2024-11-01,688056,28.33181858186035,28.59378335171584,28.193052415073755,28.262434624708064,8536816,279995040.7295386
2024-11-04,688056,27.572881978842478,28.432201346394333,27.231134146222526,27.681355387272696,4283500,176600642.98680693
2024-11-05,688056,27.791132758610924,28.725629940053715,27.19129266422441,27.967611613525488,4846559,157902787.15579897
2024-11-06,688056,28.19688358745968,28.532148552076194,27.890503998166892,28.002251253516892,3164487,96898873.02649789
2024-11-07,688056,27.86292102092367,28.05599015558949,27.519905994864526,27.96694829041745,6960593,227288445.2441165
2024-11-08,688056,27.760423567421626,27.9116508696959,27.359056886854912,27.706094996061047,6004265,231740372.0990725
2024-11-11,688056,28.02363360953387,28.66203384774285,27.809538220180535,28.228849638454005,7365958,290604854.8763532
2024-11-12,688056,28.395139484466068,28.519363203651405,27.58781532875216,28.321708742354264,2416862,93673371.65678142
2024-11-13,688056,28.53480785400467,29.071758241710107,28.113959550235123,28.35857083638367,6993015,254402767.32089457
2024-11-14,688056,28.642289996225266,29.35566814314287,28.32245278842269,28.738112661068197,5183684,168982088.68109915
2024-11-15,688056,28.948493196394082,28.673283189532423,27.981561004734566,28.672759187595933,6780040,257112865.5835246
2024-11-18,688056,28.638071174665058,29.652393968326813,28.429148105676987,28.896120699918402,5800304,240978838.16626418
2024-11-19,688056,29.469006991663843,29.638555018403963,29.0926799304933,29.306871234786545,1106664,44553438.564465985
2024-11-20,688056,29.74674554956311,30.3466004038008,29.732744250772498,29.91222318588563,6130433,235794909.8070428
2024-11-21,688056,29.35263094305928,30.055073407040805,28.981913105880142,29.50234366196527,2444523,106870040.15234277
2024-11-22,688056,29.066548622929126,29.012129707983558,28.937579558981984,28.97039697369999,6777081,222437707.80060744
2024-11-25,688056,28.914475772414775,29.171167909501083,28.512179026473994,28.761311139155172,3797566,135210249.01510826
2024-11-26,688056,28.2579510825348,28.514804992860718,27.51834272898311,28.114405132457062,4324417,177234588.98291424
2024-11-27,688056,28.29114943210118,28.648833191992377,28.35772755114989,28.524585669789715,8438662,331703304.8423526
2024-11-28,688056,29.862385054196842,29.722803002259084,28.954789693495627,29.58935425633244,1515461,62992539.91097884
2024-11-29,688056,29.465949416691636,29.810811061335396,29.289240987485154,29.616214859371123,1779001,65259651.71953159
2024-12-02,688056,29.949473775301396,29.889222559650396,29.540665616771122,29.875087244603296,9605614,292135711.2900348
2024-12-03,688056,29.30493650823441,29.9525817734083,29.078262883324676,29.502270577628252,4561947,141918702.56474957
2024-12-04,688056,29.541985903851135,30.18084165231695,29.06386745122753,29.533764163061246,5514291,226935364.64641526
2024-12-05,688056,30.11567568707766,30.716271395252758,29.914540192062315,29.942769459615636,1453651,49728849.93807637
2024-12-06,688056,29.40756134013824,29.908821478216023,29.25189498361599,29.702918811765482,9132769,406880170.8091189
2024-12-09,688056,29.349629839469987,29.690863214534968,28.69326822492646,29.571019281163753,9730550,328975184.7083053
2024-12-10,688056,29.61009100553034,30.242020071412,28.92232090599972,29.44133808587547,4328069,137938349.8586501
2024-12-11,688056,29.208798367625477,29.454241421998486,29.360163214297526,29.429082618894483,4067291,121250140.60860491
2024-12-12,688056,29.507867004135136,30.502948914798097,29.519485860036568,29.75527968697059,8691605,382927830.33846754
2024-12-13,688056,29.848411486778925,29.649209986917953,29.326776898245893,29.581788505884713,8093499,333082572.1783446
2024-12-16,688056,29.52860347238068,30.31802015886786,29.611212866340033,29.809740839992784,4718409,180575653.68654433
2024-12-17,688056,29.65349828796024,30.41759414553476,28.80464642123074,29.67595670953319,6281251,239806400.2845029
2024-12-18,688056,29.287934407851854,29.844665953052417,28.95152382268991,29.37033629351088,7479373,246399799.4689628
2024-12-19,688056,29.801867726466067,29.764318870212055,29.103694794493446,29.69662246030484,3004280,105940353.47221811
2024-12-20,688056,29.41791726324986,29.903016331124903,29.118371743502326,29.36792252624645,1702793,54024231.58956008
2024-12-23,688056,29.526400992685392,29.544033051773905,29.045326340278372,29.389356080507145,4069929,119996055.73288141
2024-12-24,688056,29.10548535995123,29.697391197135143,28.991626244081377,29.35662038319078,1933763,72685772.1832977
2024-12-25,688056,29.27278897441579,29.437202487228657,28.70745118985402,29.06472461647292,8372426,281710206.776104
2024-12-26,688056,28.902957701628086,29.293101180205532,28.406128630128226,29.041204653603444,8941069,337589276.6735581
2024-12-27,688056,29.65180658594836,30.299981754000804,29.267773111858073,29.446285673807328,7113137,234141254.5216762
2024-12-30,688056,28.91928494500157,29.75345294746683,28.43110657349177,29.105740260049735,1437698,45220614.401758015
2024-12-31,688056,29.311119615225667,29.1618535919027,28.78858088861399,29.132028848103033,3475669,132146279.47613974
2025-01-01,688056,28.449420464095258,29.28615367692231,27.73063651202442,28.506646919145105,1174455,36985090.565973826
2025-01-02,688056,28.640673780678856,29.04513364731545,28.02628046069282,28.58416116161141,4183667,142366912.4312394
2025-01-03,688056,29.01267539754291,29.688257567856347,28.345026322525605,28.95842408387165,8466324,354509447.5565787
2025-01-06,688056,28.4121986070158,28.95042680052043,28.264194134436522,28.314386035130806,4435869,130640563.88037944
2025-01-07,688056,28.957180311506505,29.765614838012663,28.642846730649268,28.98021834131583,4253552,141984731.78411877
2025-01-08,688056,29.169677142556115,29.503879665688284,28.163390925730855,29.03129392938125,1290788,38524680.60016433
2025-01-09,688056,28.58751675964224,28.945178339130848,28.260960954040655,28.625084225634783,4026947,133632482.91209333
2025-01-10,688056,27.98357568546928,28.587421707103623,27.761141884503566,28.01858287196435,9429761,343252767.1798491
2025-01-13,688056,27.811992239124066,27.816931519247458,27.40213040379907,27.783650127962378,6923130,274375339.8507558
2025-01-14,688056,28.032484801625742,28.611717293896486,27.52883789433772,27.89404705789003,9204446,369158817.24023795
2025-01-15,688056,27.316614784390918,27.875561976346894,26.68903974018554,27.197342699902766,7556666,212918716.51957497
2025-01-16,688056,27.173323151525594,27.231005902240213,26.741852210309947,27.162312711116737,9775863,330463264.2609224
2025-01-17,688056,26.963884937502993,27.35973171654475,26.3776605190655,27.098201115281874,9195538,365300176.6096775
2025-01-20,688056,27.230871915024668,27.573850196793465,26.647057216792614,27.187307451557196,2004235,66186184.021082655
2025-01-21,688056,27.360884224191835,27.988915715933487,26.823321429289976,27.452463283132666,4743583,168163111.52715576
2025-01-22,688056,26.828086659718256,27.357427082037063,26.190531990361805,26.937521875351905,8516975,281427017.107683
2025-01-23,688056,27.055147881740837,27.344239127611587,26.399731716391045,27.125321771586474,8467897,339294589.2413583
2025-01-24,688056,28.115433982146328,28.029219152976896,27.35339172137931,28.001912034635037,2047079,74298273.86761723
2025-01-27,688056,27.884052654543698,28.589618976772304,27.34173087448899,28.018386838432107,8814826,269296156.3068547
2025-01-28,688056,28.48081218891546,29.00688115382862,28.02752025056261,28.306439042989936,4824031,168662868.78184754
2025-01-29,688056,28.24943990746627,28.28219711875549,27.991101743768,28.19589961727291,7352781,288665151.39273053
2025-01-30,688056,28.160784016041212,28.450638832657607,27.85984239970359,28.294545795535342,5132157,167566377.05033368
2025-01-31,688056,28.503871544507135,28.6197525907692,27.973200469439725,28.361386523522544,7053956,261443948.78733325
2025-02-03,688056,28.617048912448322,28.809053026696,28.077376584216907,28.618451034886725,3732265,140593170.46363539
2025-02-04,688056,29.24983530502116,29.76463991415067,28.40987774830794,29.215603841570847,9398716,319975407.022241
2025-02-05,688056,29.687318237356763,29.980451464216433,29.21226202033857,29.421246054840175,2194790,94448142.97902992
2025-02-06,688056,29.370059856087227,29.955755812369468,28.711473663585334,29.259512052189862,7297901,290138421.58171797
2025-02-07,688056,29.611340892552203,29.930691199749752,29.0637391057265,29.666659207846994,8877988,326711828.78453755
2025-02-10,688056,29.730791785414837,30.464331005153937,29.209378335675314,29.852431910324714,6434947,206677590.11899614
2025-02-11,688056,29.031190919459842,29.442428600554212,28.9490848852633,29.272753975327483,2235722,77038039.65956518
2025-02-12,688056,29.463884020849825,30.183726897469047,29.23276011523248,29.680602104562983,7858523,292717180.4989687
2025-02-13,688056,28.653564368891697,29.470762484436747,28.16305789725227,28.73132713671273,8662980,369539936.9718341
2025-02-14,688056,29.100121426911706,29.05978461046175,28.495636944507606,29.046829182271807,4745991,202901460.57544708
2025-02-17,688056,29.254216199789177,29.48527967936772,29.144081638356514,29.19053332784831,4432150,146253310.27782148
2025-02-18,688056,29.03104198300284,29.32288373482072,29.06533660985366,29.31924056479263,4703447,142426123.22639963
2025-02-19,688056,29.32539705375541,29.426680942288456,28.252713087610783,29.124286298527426,6378072,249571523.6534
2025-02-20,688056,29.15207323737045,29.09830823316267,28.339702175663,28.88656178309272,1421915,55075197.564487934
2025-02-21,688056,29.088332980765387,29.939119467162826,28.647946561395838,29.3380231545074,4610210,189769523.31871542
2025-02-24,688056,29.541460315701865,29.72468888216409,28.89299936281659,29.389769843504453,1351628,55919893.10527556
2025-02-25,688056,29.354252414030437,29.240612886249764,28.782906767647706,29.202688033011583,9781226,364016409.1738894
2025-02-26,688056,29.045699848967082,29.909018613812385,29.042774657107586,29.214931095085515,1771582,68011365.64526182
2025-02-27,688056,29.83035493196968,30.408474271367503,29.263276486545944,29.89331768414944,7718972,314043886.4081137
2025-02-28,688056,29.221788145995298,30.19131226552501,28.81069660669481,29.480372688629046,5109337,225084650.00016865
2025-03-03,688056,29.603532904909034,30.755344990600534,29.17418747248786,29.888992088455414,2517865,102961602.5587033
2025-03-04,688056,30.1081168131613,30.36565569370625,29.608491178860792,29.83504681631988,8393543,339872583.30716133
2025-03-05,688056,29.699241924680276,29.624911968363882,29.163731532349445,29.60237435025477,4788226,163001542.46021125
2025-03-06,688056,29.90480551439151,30.495242476261453,28.976560605279243,29.831302021105202,7333074,325757593.07423866
2025-03-07,688056,29.29934422841841,30.377545346552314,29.50102448445737,29.502947901885022,1677152,56335741.3348241
2025-03-10,688056,29.29855962506452,29.439632293350588,28.96077628338629,29.39101888771606,7804131,327756438.6659357
2025-03-11,688056,28.787632169559597,29.70474611457871,28.997406931396768,29.06856136798993,3328656,132077420.25304735
2025-03-12,688056,29.390607344093173,29.714558397161696,28.79484339086957,29.367506551161483,7462218,264560961.8865065
2025-03-13,688056,30.123733873608746,30.98031482203246,29.974280710445935,30.25166247675781,6759615,220878627.80510756
2025-03-14,688056,31.216776296969915,31.77388422930892,30.50360848631149,31.309194071717773,5922296,260592690.91032004
2025-03-17,688056,31.540314991213453,31.699152414700684,31.350940124792643,31.614339369192773,1869279,59264834.72865517
2025-03-18,688056,31.945320849371782,31.9927487927174,31.06941891345511,31.749556910993082,8150651,360991489.70546377
2025-03-19,688056,31.949471530418457,32.75783160085197,31.500888136000576,31.952076470934138,4463418,178376027.91292793
2025-03-20,688056,32.21921706924296,32.51125344990684,31.896696709332325,32.385463745519516,9323426,353628674.72479373
2025-03-21,688056,32.76622134982685,32.68909990105091,32.40603404802758,32.54693022757898,6239174,272976925.16120887
2025-03-24,688056,33.348891949021194,33.48650308993536,32.10516233950506,33.04578696020798,4109317,196580454.5997915
2025-03-25,688056,33.17121759573052,33.94680395315317,32.51032300830748,33.34100950347192,8217853,385527143.02873117
2025-03-26,688056,32.943915957649246,33.407493321661065,31.856718081856197,32.76248133884549,2992502,130469231.82458852
2025-03-27,688056,33.088823028509616,33.06301671130021,32.78005100203651,32.83374087768053,3846006,126313074.74615753
2025-03-28,688056,32.32681292598017,33.51772399498801,32.46800130806231,32.605166979132434,2939814,106904618.88932319
2025-03-31,688056,32.60965984978211,33.05508816302088,31.708622953682855,32.39265400657727,7452962,278653262.94612974
2025-04-01,688056,32.04126665720504,32.94323067808485,31.861689039628803,32.092348071931376,6512098,221414937.37985864
2025-04-02,688056,32.92700293814303,33.133984737525736,31.762499345486532,32.7437921670157,9633462,458347544.64097315
2025-04-03,688056,33.32946574117003,33.90684744846432,33.51243268907959,33.6660998319219,9290776,417786250.48814255
2025-04-04,688056,33.888280842794096,34.837314834655416,33.74394062385838,33.99904926909498,9337809,346323555.1064538
2025-04-07,688056,34.24769768898178,35.27633778484964,33.51322824050897,34.42383022315511,8634578,350145253.08084416
2025-04-08,688056,35.2111018238461,35.79446794989215,34.7869906722257,35.29057016575479,8163250,337588474.05678
2025-04-09,688056,35.774531233302106,36.957920816405796,35.56095495744811,36.02247962266161,3606809,169568080.53948173
2025-04-10,688056,37.070151067610205,37.25000045931491,36.588592803371064,37.12659249941947,4696221,234193637.05846193
2025-04-11,688056,36.84995041813384,37.543657776281755,36.69925707898373,37.01387788442323,5543664,278429014.6263357
2025-04-14,688056,36.10838122759595,37.191254103030296,36.06921596801781,36.4693254374659,7907037,380672249.04801625
2025-04-15,688056,34.989465910356316,35.64469682045131,34.85102186051472,35.148024134091514,9777893,469897208.0173315
2025-04-16,688056,34.73005658803846,34.795332927431744,34.13726896524441,34.794467255056006,9493278,334522265.7205229
2025-04-17,688056,35.30233987844827,36.28702705481207,34.79987871617752,35.60097539001168,6369166,289132621.43936175
2025-04-18,688056,35.971713843551946,36.580965239178575,35.07674083056919,35.70653050837061,9150383,335229659.74816334
2025-04-21,688056,36.433758593046946,37.201668291471066,35.638182424279655,36.303563208322416,8338090,436245518.53566813
2025-04-22,688056,37.23091744305607,37.66971509914637,36.41928918946568,37.3150073519795,1178118,51279718.577999294
2025-04-23,688056,37.36600428956667,38.15565560088466,37.19141522794594,37.26859805155814,4263659,201962967.2651166
2025-04-24,688056,37.30641834707413,38.25606535837603,37.065474379176045,37.2777029951222,1845884,93964621.4511414
2025-04-25,688056,37.35033202069593,37.706463484492495,36.59173990929759,37.56660967386711,2593323,100530516.04263888
2025-04-28,688056,37.07257023215284,37.9780811787451,35.935248920520024,36.991337219876776,1197951,52559131.117098264
2025-04-29,688056,37.58993239341231,38.754195498409175,36.94569923375469,37.83029865153425,2970759,132190032.70469528
2025-04-30,688056,38.435392317476165,38.59532254828084,38.441373455049536,38.55451638767149,7588883,421985140.8074282
2025-05-01,688056,39.02349136781078,39.663977913947676,38.468814374174286,38.69699796916869,1238660,61885333.32574034
2025-05-02,688056,38.12727424340785,38.664410191117305,37.43363370441634,37.813292076662584,8892917,411707734.88059044
2025-05-05,688056,38.32475822768607,38.96700788958017,37.8437516384952,38.69790665623666,1644489,77791409.7962372
2025-05-06,688056,38.46561352751809,38.74397083555196,38.34426328904541,38.43636365120662,1071321,50417486.34845196
2025-05-07,688056,38.82221710465913,39.61298456225876,38.42973470261196,38.87989923628403,4382245,245076147.32285914
2025-05-08,688056,39.158031088512466,40.02612394146538,38.171515768710016,39.07682937722319,8853995,465669391.48697746
2025-05-09,688056,39.223945779227186,39.682073305987494,39.30625734767544,39.45284598182833,9878339,481510380.07497144
2025-05-12,688056,39.66618314563949,40.65086333523039,39.23406618015984,39.46962495163908,6758611,346926901.8640081
2025-05-13,688056,39.982425473092604,40.623890844239995,39.92406053091472,39.99372839587097,3881845,171235286.80361423
2025-05-14,688056,38.9061706463739,39.17454199534031,38.125140858491434,39.092394599334355,4203021,218074043.4450518
2025-05-15,688056,37.16164607527448,38.50224405388679,36.744544911613424,37.49857529153503,6219681,240417202.4395018
2025-05-16,688056,37.19182371513544,37.96470593993794,37.327807588310485,37.530249501029616,6633693,312996651.3737474
2025-05-19,688056,37.275645871989035,37.781985777408714,36.56220812411114,37.29989365126602,5287303,202668227.52241197
2025-05-20,688056,36.50899142845698,37.82683641292969,36.74501150214198,36.81239159618836,2722410,115535583.10931128
2025-05-21,688056,36.535665894195255,37.39907524056288,35.805572797883116,36.42898116793303,2559422,118077010.3219301
2025-05-22,688056,36.84427854448746,37.586725094914094,36.96178158810724,37.11966497126246,4745052,217181016.89026758
2025-05-23,688056,36.54344266616152,36.868687382398086,36.48711372381367,36.629456801518586,7267523,306080435.9324295
2025-05-26,688056,35.750635169890494,36.223873152087045,35.14422474053179,35.489768017571706,4427990,226837313.62188897
2025-05-27,688056,35.869278547490744,36.248845920411306,35.0760315529744,36.07414427615885,1363938,54857105.29020721
2025-05-28,688056,36.34952733074214,37.076313351219376,35.26921089259875,36.115450816900655,8979506,372629620.82588524
2025-05-29,688056,36.67179449382435,37.326983333753155,36.66208039512684,36.87454204209,5723912,212887051.2734098
2025-05-30,688056,37.29191459106396,37.26695184050286,36.71776589656567,37.087625552131364,8692157,387331959.74673945
2025-06-02,688056,37.17859843599536,37.72939224530295,37.28469831827348,37.36611870892867,8227574,452719903.65981066
2025-06-03,688056,37.01391983548823,37.0483254911117,35.94489446148359,36.78452942514716,4539985,186455437.24803242
2025-06-04,688056,35.68473514593394,36.595624405089005,35.400924859668656,36.00228634283383,3757971,164086708.68176433
2025-06-05,688056,36.18693501284865,36.45422711669382,36.06389911119261,36.19441169281465,2384913,108426537.8192624
2025-06-06,688056,36.541232280535006,37.235441557063176,35.76932610639738,36.17972537134967,5307440,258844465.28587145
2025-06-09,688056,36.55701803310934,37.119039301661516,36.222040348131685,36.816984645065745,5620734,227887891.98609182
2025-06-10,688056,36.58923408761902,37.39181269416023,35.49784977483856,36.40070526886953,7681341,318265468.2676532
2025-06-11,688056,36.26582912802206,36.40368042215522,35.116381580392,36.106894143746885,3052310,163099047.34183928
2025-06-12,688056,35.33928516300834,36.21991048406915,35.33593423865513,35.41348341207202,4381643,157558982.04688308
2025-06-13,688056,35.245995518867545,35.82712476672265,35.270360898074564,35.45205796456502,9331623,419291778.2234273
2025-06-16,688056,36.44936501870826,36.71920016745834,35.13033085237125,36.1242058806899,9041438,482918606.72120374
2025-06-17,688056,37.39356998643777,37.75950938103445,36.95338748086451,37.178673666435515,6011076,296163330.8243196
2025-06-18,688056,37.99967453254826,37.976580335257665,36.67538890838818,37.73150611811889,9959256,498534386.2819897
2025-06-19,688056,38.3126434265155,38.11846745901454,37.37362507484657,38.11497111004341,3328470,155588043.7651937
2025-06-20,688056,38.657172489682814,38.779518403754935,37.51227331269547,38.317079558055255,6884337,276691099.09771967
2025-06-23,688056,38.75904716339873,38.79216953102143,38.07911105753379,38.62862753229533,1110700,60346284.47347296
2025-06-24,688056,37.40603911357106,38.345243055895295,36.501681346228104,37.51438610041081,2011104,92512937.82690506
2025-06-25,688056,37.286014946978284,37.38894295569672,36.75820227615772,37.24553204391199,2203175,85009507.51206173
2025-06-26,688056,38.358337942970934,38.46907557458293,37.4098776345296,38.010210703337144,9774472,490031713.1624138
2025-06-27,688056,38.60466923425242,39.05063689988401,38.66803284342186,38.80213342547789,3447437,175295180.78334874
2025-06-30,688056,38.59548015453306,38.93765980615101,38.128649196987425,38.778376440826975,9710360,536336773.3884885
2025-07-01,688056,39.11411377353429,40.03111142973935,39.10890268953193,39.137056690371956,2304368,108807690.10447711
2025-07-02,688056,39.17789812844103,40.45017253196649,38.616590114681074,39.42606351768621,6206391,250791458.3326271
2025-07-03,688056,40.08755533650671,41.000442483074046,39.92898471107602,39.95467587175058,9134605,420189960.78882223
2025-07-04,688056,39.51994243110028,39.869395456899504,39.04935347818867,39.770827367446955,5631906,271879867.0880956
2025-07-07,688056,40.019423546801974,40.80148540675838,39.0863633477081,40.209674250330565,2050066,83699701.29310632
2025-07-08,688056,40.85353211562819,41.22362285358572,39.47212036105851,40.468103217618136,7695896,394978920.69833183
2025-07-09,688056,40.959258883869204,41.45179775977213,39.59894584267474,40.67111146143889,9958500,584780027.8495214
2025-07-10,688056,41.09539311594417,42.519449739468556,40.37000022917512,41.29391890309647,3470262,149629137.06786096
2025-07-11,688056,40.41865376301914,40.73639714379147,40.02188589274602,40.53020032941434,8814702,451030124.9275501
2025-07-14,688056,41.58824279900788,42.0174995129827,41.24807852248866,41.25202411044462,1976061,97501733.15776111
2025-07-15,688056,40.07264282369273,40.836089289621604,39.336130169830724,40.04523924846862,7895057,325341627.14793795
2025-07-16,688056,39.649560524223475,39.968850724131585,39.37700759854925,39.90186283573021,5328706,291015657.69191897
2025-07-17,688056,40.39455854497512,41.256193154863546,39.31886023496007,40.48001994867071,7451319,447058173.807296
2025-07-18,688056,40.643906701706264,40.974897162332105,39.741653493565465,40.33960300580079,9293484,532065195.55270994
2025-07-21,688056,39.69245651865295,39.81125418223671,39.32786898423685,39.37215366713495,5310347,258877155.55969983
2025-07-22,688056,39.14058618427074,40.09465244438683,38.65704406419458,39.381904436084966,4951785,211846236.53858092
2025-07-23,688056,39.31511645256341,39.39183338803197,38.35385775749628,38.94686243825695,8061584,322912561.9189584
2025-07-24,688056,38.70653382909789,39.08199394632257,38.65807124134761,38.94608669824878,1694882,91331064.06117126
2025-07-25,688056,38.99498547842634,39.66493398706146,38.3423476476723,38.96444537622975,1222309,70970084.5298869
2025-07-28,688056,38.29126683857667,38.31073576945429,37.746827762862814,38.30786689520348,1224012,58669855.7563432
2025-07-29,688056,38.53134386589808,38.97202223382815,38.18061354622006,38.19739446999466,7896105,324103884.8345738
2025-07-30,688056,37.73829616813691,38.1359636567413,36.740307525971815,37.83783544975127,7659483,336575321.15819806
2025-07-31,688056,37.19861337620227,38.26682635298388,36.486823937600164,37.40853277131876,2873171,149477729.1867738
2025-08-01,688056,38.772855449984824,38.47980220741805,38.013271364363604,38.453427922509604,7802851,372270525.19556546
2025-08-04,688056,38.33450326291803,39.18300831597255,38.5362305767417,38.539094938066626,2136303,90752484.6967417
2025-08-05,688056,38.37955573928279,38.132583995294766,38.056257386267504,38.121558860620766,4675423,233882737.4382695
2025-08-06,688056,38.212163768421505,38.71482975384378,37.57371031271971,38.3314933982865,3160337,169055911.52626464
2025-08-07,688056,38.13054451631103,37.98585116578373,37.5719104675694,37.9074926630999,4755392,187671603.28204408
2025-08-08,688056,38.57377725049506,39.35335030228292,37.61830339610206,38.29255192231575,4911312,256827440.75789192
2025-08-11,688056,38.5483441544479,38.295640407025346,37.458452319121086,38.23623857759644,8535017,332620453.295337
2025-08-12,688056,38.07958592566182,38.89136199572475,37.28637194191221,37.77877495485295,6001512,299197426.0809629
2025-08-13,688056,37.49411853372134,38.18919011337619,36.40955741524616,37.470375152122536,7894904,365139379.62741625
2025-08-14,688056,37.45431770338081,37.700950499195955,36.9574562884948,37.25859551894068,5048601,230338661.18187618
2025-08-15,688056,37.077569572892955,37.16418800051949,36.56646880097226,36.785204796260565,6009919,330292276.2459903
2025-08-18,688056,36.43548440923128,36.82685178991516,35.943286974670926,36.56194480445552,2608435,101751962.10031655
2025-08-19,688056,37.563368245833765,38.42021911445172,36.70392461147391,37.54637867534093,6549633,298689746.3141363
2025-08-20,688056,37.16124842636617,38.18525763230421,36.658315826438,37.46766554021043,1122991,61636978.742858835
2025-08-21,688056,37.378795969256466,37.667751400834405,37.35570217614081,37.50520528532451,9474607,387350881.505179
2025-08-22,688056,37.17736209545517,37.635458730951704,36.41937063260462,37.527043207662786,9602325,369939966.1085525
2025-08-25,688056,37.31525679948479,38.726689439655246,37.283320134288445,37.66173205989322,9594908,439308779.3488599
2025-08-26,688056,37.60943081414945,38.161409698641954,36.73441430792144,37.52883496647769,5733195,239239654.91741616
2025-08-27,688056,37.20063546385364,37.391758019112906,36.81087298506588,37.20813533053845,8961394,470425648.1976868
2025-08-28,688056,37.25881228188331,37.38935660489491,36.18845028343322,37.24258851578924,1912366,97973619.30630662
2025-08-29,688056,37.2277530329726,37.70239379812109,36.28408556356681,37.3584469758235,2095839,107208925.76191604
2025-09-01,688056,37.524731858748574,38.611308234567126,37.06083730372882,37.81263646185908,9936359,424791538.60382485
2025-09-02,688056,38.11475169691674,38.347238751867486,37.37117314270385,37.75920861808261,8786973,377711634.34050685
2025-09-03,688056,38.333923096045375,39.1992670161311,37.71920408550556,38.11163893378838,1811069,102157139.56317666
2025-09-04,688056,38.74508786100632,39.482320995486425,37.967326107644865,38.83296747478198,4860316,202811366.79382154
2025-09-05,688056,39.88158656424483,40.09694968741473,39.414696726443154,39.689402971943714,1742969,75998054.83649956
2025-09-08,688056,39.83444747835412,40.121138140285616,38.96139958583209,39.64240337590543,9905212,543788818.1707857
2025-09-09,688056,39.297452490598964,40.24795665820366,39.20877448417497,39.47001006750419,1905511,104294888.80083667
2025-09-10,688056,39.66631745589441,39.93702662200821,38.90379768659072,39.502116313066985,9003498,492779300.32208085
2025-09-11,688056,38.55691137225448,39.21803401902195,37.78123413744618,38.75056634454564,6310963,360750413.35707945
2025-09-12,688056,38.49880445938405,39.294904524817454,37.82940367098873,38.39126100663175,2614343,112607821.72688617
2025-09-15,688056,38.57511635341414,38.87624489968448,38.47745065904145,38.5594648651216,3023806,125848037.29690951
2025-09-16,688056,38.84750596149768,39.309168761464406,37.58175279878768,38.48384665761472,4506378,242159325.32579887
2025-09-17,688056,39.00329308563234,38.75009003055159,38.04679969559193,38.6263427999288,9316818,443339709.18044347
2025-09-18,688056,38.72410006470653,39.53882263907636,38.22452068340761,38.77729580539129,7866932,348061290.2918266
2025-09-19,688056,38.449835197507674,39.805086070091946,38.1437072474124,38.810272536145135,3073805,151594237.34154376
2025-09-22,688056,39.14480685495101,40.45585891033337,38.779691711394996,39.40453216542237,9536991,443945788.3082911
2025-09-23,688056,39.09112553985826,39.45028250477566,38.40372857506631,39.38501401965616,9092940,519679739.0428677
2025-09-24,688056,39.42612334457549,40.2674302409048,38.971430072014904,39.73964348136014,4797402,265917007.8183832
2025-09-25,688056,41.0180209796237,41.8097270139021,40.25647730634359,40.711404019446164,6272064,291380215.069866
2025-09-26,688056,40.355081116715574,40.69668559660446,39.65115496864427,40.07114537559502,3011192,180553857.39924413
2025-09-29,688056,39.1647707285944,39.62699918761898,39.27503435563744,39.48612385764876,7271776,392651845.73815894
2025-09-30,688056,40.451257969341725,40.639783272157146,39.07559477986049,40.207203693204846,1248906,54558120.17404637
2025-10-01,688056,39.736933604806396,41.14784942073157,38.96696353109859,40.05047946665781,4369306,205819543.99125987
2025-10-02,688056,39.35062713520177,40.22592157952889,38.1087410150054,39.249443713814074,3209741,182991783.49020597
2025-10-03,688056,39.21802359767983,40.39488311677009,38.56259788576715,39.46757081998469,5927871,300606446.7544672
2025-10-06,688056,39.21544055506364,40.403744867937725,39.333089681343715,39.38028905421467,8345448,350181279.84187144
2025-10-07,688056,38.816572149472,39.309243024623704,37.99099445459681,39.16431137490744,6696396,266778097.41468504
2025-10-08,688056,39.09682269587095,39.5216161909626,38.60737314397907,39.41001425975595,1050681,60397790.90805814
2025-10-09,688056,40.6990964068536,40.58338367305072,40.30568675248655,40.40909301706027,7142625,321636251.8915566
2025-10-10,688056,39.17742726364123,40.17226678522639,38.323040734137834,39.332552475809905,5016769,217078952.70950487
2025-10-13,688056,39.571896538860436,39.34745803614295,38.83707374337831,39.201004271763566,6313374,251599545.27272964
2025-10-14,688056,39.2770809317952,40.69230441610881,38.443601891519556,39.62261552924751,9839056,576965325.7115855
2025-10-15,688056,38.94657138714242,39.12082840592949,37.978121284045756,39.09097186786745,9223903,507771615.0207529
2025-10-16,688056,38.90158467737869,39.29402288123095,38.69919737392042,39.28696207740791,5889660,344714811.5045337
2025-10-17,688056,39.24734750077483,39.3935403021081,38.38794383260381,39.30969067862944,5369795,277674288.41884404
2025-10-20,688056,39.22014052678974,39.98616380296767,38.729639868096356,39.04720432079739,2393513,97181248.8302033
2025-10-21,688056,39.78006453022291,40.721786539611344,39.34657723799448,39.714593033793086,5909699,294148823.10398525
2025-10-22,688056,39.16206946000379,39.729705451173615,38.35418691850306,39.2435024243626,5305942,276769498.2462663
2025-10-23,688056,40.14713635261224,40.948245118195494,38.92186710237191,39.92384218203239,2348717,118397323.21202897
2025-10-24,688056,40.16093351387616,39.92329180421214,38.728771159907815,39.86791161693543,5227463,221801517.07664204
2025-10-27,688056,39.84575109499563,39.58185754582761,38.40406950631517,39.48415053034391,9716400,566352171.8282169
2025-10-28,688056,38.83715903056492,39.74408012548472,37.70569895712158,38.76155383088473,5628303,268483609.65702057
2025-10-29,688056,39.15474708063425,39.91825985484834,38.237837270526406,38.90174359432028,2621396,126422575.19139358
2025-10-30,688056,39.426848206720805,40.15583174163492,38.845575730312845,39.37510780398083,2903268,148124995.58359972
2025-10-31,688056,39.560735475495115,40.63568852299629,39.18536245587271,39.851564303823565,6949702,390965667.0372105
2025-11-03,688056,40.93827629883633,41.33870493582646,40.06612862668598,41.06174643273984,3453439,193044542.75533292
2025-11-04,688056,40.61212127612121,41.3363365504333,39.26934123120536,40.29000461266629,7650609,316857062.9447657
2025-11-05,688056,39.70626064178637,40.444387911434454,39.093810743877896,39.7301446797084,2408842,107402531.36801027
2025-11-06,688056,39.79727359857545,40.26412670282905,39.74627247266958,39.931168980788705,1185183,56488430.60640527
2025-11-07,688056,39.96075625225417,39.892764436670035,39.06789401106309,39.72776865479959,9588148,558733624.9179469
2025-11-10,688056,39.16120947475513,40.53962126940874,38.48456874366046,39.40809368141288,7632480,328397301.9145773
2025-11-11,688056,39.28391598650558,40.62868793703856,39.215256530365,39.529863600418636,6706699,319787745.79239285
2025-11-12,688056,39.18946513221241,39.78873897989343,38.420639510212375,38.98714324944474,5228246,282434032.03653574
2025-11-13,688056,39.2982263919027,40.86263808252027,38.88770157903844,39.682207009298466,9625900,542300441.4997528
2025-11-14,688056,40.0202456025116,40.95699082094802,39.01336590381461,40.20318562027194,1692220,80074974.4059848
2025-11-17,688056,39.95923995822649,40.652560305520275,38.68876702283716,39.88054892884655,7369638,340089336.9788685
2025-11-18,688056,40.02074136301265,40.770699575301855,39.644980186918836,40.138459751700665,9570832,407105695.56286055
2025-11-19,688056,40.23373366103911,40.128587215485034,38.968127981436986,40.07463245529517,7851948,410993952.577299
2025-11-20,688056,39.56438734881645,39.80611642039149,39.16874316295339,39.63881614309376,6047116,352216812.7432848
2025-11-21,688056,39.927894070476846,41.154627814189425,39.17778801964,40.03601284580799,6725327,371248739.9774123
2025-11-24,688056,39.34741619489964,40.55950275481698,39.24708646274666,39.56269570795142,1773632,101956506.51477557
2025-11-25,688056,39.30269152900491,40.33288961699775,38.97492912893177,39.15872620788389,4202077,181727523.37206545
2025-11-26,688056,38.78602766073206,40.00758562758887,37.96286745390256,38.8540905646302,1407738,71902861.07562634
2025-11-27,688056,39.11456546731671,39.5462542251261,37.97096138238937,38.940881014126376,7573777,368640927.3359752
2025-11-28,688056,38.24317278091659,38.87070571407228,37.390586272328825,38.402977114124496,2812403,112555966.50189759
2025-12-01,688056,36.90930145821668,37.391837806939485,36.821932524615,37.18331998544469,9118483,380603464.8589374
2025-12-02,688056,36.83720687493719,37.32400341068814,35.807859238774896,36.86471345528985,2166938,85698740.1080058
2025-12-03,688056,37.12932321638341,37.36165693514999,35.89564705774126,36.776973560756645,6749451,269660114.16136944
2025-12-04,688056,35.4775355510308,36.47734241545165,35.043183361269385,35.80589676535667,4777902,239134355.46714997
2025-12-05,688056,35.583930333081064,35.860377763068605,34.77771882418616,35.2803167549158,3723765,152503512.35899395
2025-12-08,688056,36.09423739902106,36.295862903151445,35.68858151310687,36.148072587226714,1090531,43418484.03993192
2025-12-09,688056,36.054604910539666,36.28463149754714,35.093370006141704,36.10277558075661,1908355,95295814.39093189
2025-12-10,688056,35.64348559519362,36.0484725103487,35.30348547581053,35.75586537249238,4024963,196718700.5811787
2025-12-11,688056,35.6766531630859,36.675382251193746,35.492422788792275,35.771740207693,6607201,275553788.5281038
2025-12-12,688056,35.68684176544243,35.57775365849491,34.37769729184575,35.384876052239335,7112144,328339928.1302785
2025-12-15,688056,35.088701558290865,34.941062350010164,33.93465998859177,34.757383540556106,5757011,225155683.94632947
2025-12-16,688056,34.6678995893644,35.426451250933404,33.979492096163284,34.520835765843174,6936522,354991963.92161554
2025-12-17,688056,33.814489242388106,34.48681152498483,33.799532919922044,33.942883460856066,4828899,204491552.2887899
2025-12-18,688056,34.70360573816101,35.44868914829339,33.902473289712134,34.59962507485673,3741443,178220299.98950762
2025-12-19,688056,34.84266860725316,35.39132592313359,34.23384338266405,34.666086596503256,9691627,452059822.4192208
2025-12-22,688056,34.602863443656986,35.01710179069996,34.15063487406505,34.42656530287552,4282100,203301024.06364796
2025-12-23,688056,33.89525865551683,34.38012426484601,33.292248247204256,34.19138513222206,6224965,285207826.17447364
2025-12-24,688056,34.23850111435107,34.55410189654996,34.03704318775528,34.26935991453354,3385446,126807890.85502489
2025-12-25,688056,34.07186728084652,35.208499117740416,34.28885084791033,34.331483880824536,9504856,359367211.8941279
2025-12-26,688056,34.11686175240418,34.74730875794713,32.86159783992519,33.872098510520075,1682452,71948565.15510942
2025-12-29,688056,34.11414453041111,34.28933338172546,33.104110990080066,33.8025023349282,2733203,108828168.70985945
2025-12-30,688056,33.03781618402655,33.78286175862167,32.80810064103456,33.18817176728045,3017687,102385275.8251967
2025-12-31,688056,33.15176004000462,33.95559577913045,32.81801040827577,33.2334034026059,8368903,307993994.8668615
2026-01-01,688056,33.33528792794884,33.99688421084859,33.016802726261005,33.23811949633229,2331968,95791090.82634492
2026-01-02,688056,33.16849023953929,33.328882622917035,32.397141860015715,33.18635280954345,3215521,134745727.62773374
2026-01-05,688056,32.32984125600242,32.74269686546769,31.57170285646696,32.08785660568802,7725309,257989985.5020077
2026-01-06,688056,32.54483611937665,32.703688355362296,31.528596020575,32.500964367862,9791683,429680879.6202009
2026-01-07,688056,32.04496279803268,32.3482387854754,32.19752870632484,32.22282252388391,1855082,89326534.76622058
2026-01-08,688056,32.193651024505755,32.86822247231106,31.514967488486512,32.20142729148307,8990100,404213692.2964963
2026-01-09,688056,32.83419201094387,33.612363991475966,32.7372129222958,32.889548194772885,8587144,322792407.472367
2026-01-12,688056,32.57730346933889,33.095027422124545,32.325576373591716,32.707606872881655,4111455,197676061.5262613
2026-01-13,688056,32.598010540167664,32.320359451710566,31.76079927333271,32.32019137783857,9222829,339380215.3439877
2026-01-14,688056,31.27187728463081,32.03905577188578,31.255555994167487,31.406713221134623,6325986,256370041.67728528
2026-01-15,688056,32.31811779795303,32.79489204460395,31.246672153195696,32.01395535401714,1879526,85984150.63511898
2026-01-16,688056,31.79838739527253,32.31795456948986,31.44785266435018,31.826201791542942,3541736,113906688.08207607
2026-01-19,688056,31.395788892767495,31.804765017921557,31.057991709391697,31.58014547159051,5406007,243633246.99125725
2026-01-20,688056,31.42372038672027,31.888448770626436,31.64417344844593,31.645171495640493,1481127,61419458.87337947
2026-01-21,688056,32.33830963109552,32.67780375764857,31.774336858233493,32.03127578366218,1030173,39900161.04950643
2026-01-22,688056,32.07443417665523,32.7677747747438,31.711094351525965,32.01532925071719,5989216,265839632.49809977
2026-01-23,688056,31.43884379029781,31.754762751048144,31.172231496491705,31.516512019426646,9510409,304304036.66222554
2026-01-26,688056,31.11976425842542,32.28088466873743,31.221809852087745,31.420924652880792,5092240,163394162.80167672
2026-01-27,688056,31.0237950452224,31.53750774387845,30.65602101201742,30.86169818386292,7016385,252608345.52132162
2026-01-28,688056,30.55470196483992,30.86345106270031,30.666246730417082,30.717068012488074,1722970,66989426.27023039
2026-01-29,688056,29.89875912439835,30.61105725004388,29.283929515694478,30.05061665834495,2018291,73646477.8102532
2026-01-30,688056,30.20281388258875,30.868662569993106,29.428013934853784,30.312355532086034,4039125,173911712.12208745
2026-02-02,688056,29.489957201756653,30.135482157983002,29.4837921767088,29.491544662311586,5985563,225349366.2859756
2026-02-03,688056,29.9372428035778,30.03777405411992,29.544800364734932,29.958248767600008,7070293,271506585.785536
2026-02-04,688056,30.540252062631414,31.199446035572727,30.320409201135178,30.390848822202422,5867938,225297021.6950869
2026-02-05,688056,30.064930124228983,30.314535064287664,29.329409185718085,29.840788713305137,9303017,414285368.64947
2026-02-06,688056,29.50302187894166,29.977201101474222,29.439712210807432,29.525272418608267,9657259,307852236.7155483
2026-02-09,688056,29.93836366352487,30.380835606019808,29.535573315542422,29.763217394437294,5695220,196672623.04028082
2026-02-10,688056,30.03462695579759,30.188746076009043,29.249772465261234,29.84976495074668,4706954,172464161.01711324
2026-02-11,688056,29.90891872669686,30.59677476599789,29.794997018584404,29.890504506067902,1313893,53889817.567100294
2026-02-12,688056,29.254731187678498,30.193969023423765,28.91790994448256,29.474068842490656,2524820,82697611.39949454
2026-02-13,688056,28.923423836069436,30.05898502422451,28.963668532325773,29.20436428387963,7821430,251850642.89348534
2026-02-16,688056,29.76386322262806,30.244396875863973,29.174806787267656,29.492671212649665,2166207,64141516.357004784
2026-02-17,688056,29.952423166981657,30.160179367664224,29.518736123878913,29.817101319942612,3714203,154278310.30868134
2026-02-18,688056,29.738380140978844,30.062633014132953,29.432122517402558,29.700460067992033,3510917,131203746.63750356
2026-02-19,688056,30.032003730894996,29.83268697036583,28.955853212824817,29.826490859614886,3423389,131180201.25202897
2026-02-20,688056,30.355886918686412,30.751235643428885,29.95797117828662,30.481027548130267,6924924,233559289.05646247
2026-02-23,688056,29.837568700462796,30.323217778338144,29.204945501465936,29.954392744896694,2289597,86368724.49657522
2026-02-24,688056,30.191207745349136,30.61407790004755,29.654219846765713,30.146575667000093,2285765,83175635.41849242
2026-02-25,688056,30.29826522904664,30.72816867540621,30.073209195352224,30.353739252027605,9199317,316880641.8477135
2026-02-26,688056,30.548321007407132,31.500821518099382,30.458852631602767,30.649538947070745,8013017,330787747.73021936
2026-02-27,688056,30.478966900194067,30.859724942099714,29.94740432497895,30.784759482967644,2428301,100670590.75175273
2026-03-02,688056,30.88015066011229,31.507337523574687,29.966108338911617,30.799238601694945,3647304,125789653.429414
2026-03-03,688056,30.728115926503538,30.7120233838244,29.87462230232871,30.52895053247771,6280587,239183893.8563819
2026-03-04,688056,31.221401784564925,31.919988698867055,30.358494346492254,31.233274909374618,1060185,36556572.99163803
2026-03-05,688056,30.99170143063611,31.715573997565834,30.372870771263845,30.972374838879865,8839737,389313345.38784003
2026-03-06,688056,31.36362806685903,31.386266697776087,30.79716875378264,31.270000110879387,6361944,216129813.69414735
2026-03-09,688056,30.999541627581756,31.184410431819806,30.301777523403366,30.706302543141966,5224943,209633848.67866808
2026-03-10,688056,30.481550705228262,30.683005518822885,29.989749609212872,30.218597181514735,7252378,264177626.2078341
2026-03-11,688056,29.689153551875698,30.436565635513276,29.277875448694175,29.630258264363086,4880969,169409105.69023046
2026-03-12,688056,29.050842949661103,29.558372225258946,28.366654771769998,28.786365069237025,1621054,51787616.328675315
2026-03-13,688056,28.607992314742063,29.542204905029777,28.46043905701029,28.729629159915802,4630633,198070564.5081779
2026-03-16,688056,28.7954990822596,29.722214653903233,28.47338655068309,28.881667271372752,8053846,283122766.7604601
2026-03-17,688056,28.908008242534734,29.182340987045812,28.352893748956806,29.07556629840231,7170139,288518952.9027368
2026-03-18,688056,29.705769190011797,29.957585406718863,29.282509081226017,29.807889360751787,1675711,55416765.18517408
2026-03-19,688056,29.159065460515695,29.549665033127354,28.728916228310744,29.29974967172141,5580059,168238519.8439664
2026-03-20,688056,29.12607282459157,29.555887142324504,28.687048281341323,29.032479404378098,2044137,62604269.372388035
2026-03-23,688056,29.304957722332766,29.608808920305492,29.000369889545983,29.107268004286922,2796517,113244948.3629392
2026-03-24,688056,29.50680835973029,29.44006626976162,29.230153603287096,29.39437963881785,6205707,260959677.66119242
2026-03-25,688056,29.416900057809404,30.48819650572505,28.86898193001667,29.691258755258264,3369566,124234146.93670869
2026-03-26,688056,29.762420701801826,30.609013373653383,29.89661439045651,29.94757997348503,4178980,129680186.22009312
2026-03-27,688056,29.718188470734393,30.42644628397197,29.412962197946477,29.72996817954359,4662510,170415882.5895861
2026-03-30,688056,29.815282667629464,30.497893279386894,29.501402971193524,30.06557219789137,5018636,178810393.39522788
2026-03-31,688056,29.71479449326876,30.476980580060147,29.211587751693386,29.93095547388224,6082958,221824272.19080502
2026-04-01,688056,29.85496990941816,30.588387865454447,29.479761788928194,29.977227293497233,4663806,145550342.41153345
2026-04-02,688056,30.602806955584565,30.6611475580714,29.905303296184844,30.489700103636387,9880733,446890358.9851039
2026-04-03,688056,30.08119538673376,30.511735069000608,29.36793393797031,30.099905438673684,7354273,272050120.6644125
2026-04-06,688056,30.896044521787672,30.959026921301337,30.30103070682104,30.68341395538381,3844021,142152569.1377671
2026-04-07,688056,30.506498603970535,30.575928848621096,29.894076867775603,30.474176208841847,2606197,117857292.4470991
2026-04-08,688056,30.970113503362253,31.547754391499858,30.31835101753592,30.76535236243631,8115033,261572264.28031904
2026-04-09,688056,31.1566077857693,31.51219257385102,30.27291543850023,31.15068462962057,1616423,67034017.44637721
2026-04-10,688056,31.57271031998351,32.00956212054547,31.326700641462708,31.56082705146834,4943377,182895006.83768097
2026-04-13,688056,32.40626123861966,32.99463049302265,31.38707254317808,32.21974293500496,9513199,387221500.0223133
2026-04-14,688056,31.63266045366522,32.146425683276235,30.925034508731382,31.764660456391944,2321354,83322613.14219481
2026-04-15,688056,31.853364298036297,31.891054646064735,31.41707155072739,31.72255060212893,1977952,64791928.80350242
2026-04-16,688056,31.769851830435417,32.48183361820157,30.703805264691777,31.649114178020433,1598764,58939013.81444131
2026-04-17,688056,31.44248286156085,31.76810022390673,31.253496452683045,31.520382533338175,8100809,320295099.55196005
2026-04-20,688056,32.010316249715665,32.7049482183795,31.850600360737307,32.20476544845804,4721540,187416547.00484884
2026-04-21,688056,33.11581803547119,33.35279096588269,32.843337329724434,32.868476882855866,1150687,50800223.92237737
2026-04-22,688056,32.70219414494515,33.65665671188318,32.94898007982908,33.02168809830063,9710366,394013101.2266489
2026-04-23,688056,33.57736934629926,34.64438786249452,33.64365933678544,33.756539613475695,2075712,86022653.07864572
2026-04-24,688056,34.406440348008275,34.83819695035947,33.54301784976176,34.49691255874603,7924541,334762996.67388654
2026-04-27,688056,35.024585334020145,35.71925970885257,34.481213276684365,34.72636858070551,2307625,90483384.81565154
2026-04-28,688056,35.18784526496683,35.702392888105194,34.207228753080656,35.22948635012766,4438217,231629273.27420658
2026-04-29,688056,35.382682325602,36.3898745518598,35.085033427245364,35.72036833341055,5909544,315706165.08566797
2026-04-30,688056,36.15747280320761,36.63039891639221,35.70628955091805,36.15061333144294,3968546,154679829.03915283
