ts_code,date,open,high,low,close,pre_close,change,pct_chg,volume,amount
000333.SZ,2020-01-02,58.66,59.89,58.41,59.75,58.25,1.5,2.5751,346225.57,2050141.335
000333.SZ,2020-01-03,59.9,59.96,58.18,58.26,59.75,-1.49,-2.4937,270042.55,1587220.595
000333.SZ,2020-01-06,57.8,58.2,56.0,57.2,58.26,-1.06,-1.8194,288425.33,1656276.948
000333.SZ,2020-01-07,57.4,58.21,57.2,58.05,57.2,0.85,1.486,225265.07,1304633.782
000333.SZ,2020-01-08,57.51,58.98,57.37,58.28,58.05,0.23,0.3962,253210.48,1471083.46
000333.SZ,2020-01-09,58.8,59.73,58.5,59.45,58.28,1.17,2.0075,296353.95,1757281.375
000333.SZ,2020-01-10,59.97,60.49,59.45,59.99,59.45,0.54,0.9083,280706.12,1683152.339
000333.SZ,2020-01-13,60.5,60.66,59.5,60.11,59.99,0.12,0.2,279511.67,1678723.651
000333.SZ,2020-01-14,60.5,60.8,59.72,59.88,60.11,-0.23,-0.3826,162500.35,976486.535
000333.SZ,2020-01-15,59.9,60.0,58.88,59.5,59.88,-0.38,-0.6346,214899.73,1272651.578
000333.SZ,2020-01-16,60.0,60.06,59.23,59.66,59.5,0.16,0.2689,199813.98,1192330.868
000333.SZ,2020-01-17,59.99,61.0,59.49,60.31,59.66,0.65,1.0895,217132.78,1312054.699
000333.SZ,2020-01-20,60.8,60.96,59.83,60.2,60.31,-0.11,-0.1824,201910.79,1217493.005
000333.SZ,2020-01-21,59.7,59.76,58.03,58.1,60.2,-2.1,-3.4884,276432.06,1617441.935
000333.SZ,2020-01-22,57.52,57.96,56.0,57.48,58.1,-0.62,-1.0671,411606.19,2335993.233
000333.SZ,2020-01-23,56.1,56.74,55.0,55.1,57.48,-2.38,-4.1406,596536.51,3313820.978
000333.SZ,2020-02-03,49.59,52.59,49.59,50.19,55.1,-4.91,-8.9111,705067.2,3565939.364
000333.SZ,2020-02-04,50.3,52.82,50.3,52.79,50.19,2.6,5.1803,404130.99,2097010.018
000333.SZ,2020-02-05,52.92,53.47,52.45,52.87,52.79,0.08,0.1515,348950.06,1848774.201
000333.SZ,2020-02-06,52.87,53.96,52.36,53.79,52.87,0.92,1.7401,393667.99,2086495.959
000333.SZ,2020-02-07,53.5,53.53,52.2,52.83,53.79,-0.96,-1.7847,344090.01,1811882.957
000333.SZ,2020-02-10,52.3,52.78,51.72,52.3,52.83,-0.53,-1.0032,346047.69,1804543.411
000333.SZ,2020-02-11,53.19,54.99,52.8,54.68,52.3,2.38,4.5507,493882.33,2684341.234
000333.SZ,2020-02-12,54.57,55.36,54.02,54.89,54.68,0.21,0.3841,234337.71,1284759.463
000333.SZ,2020-02-13,54.56,54.58,53.5,53.8,54.89,-1.09,-1.9858,319306.59,1723256.903
000333.SZ,2020-02-14,53.5,53.96,53.18,53.74,53.8,-0.06,-0.1115,210043.87,1125281.556
000333.SZ,2020-02-17,53.34,54.42,53.24,54.4,53.74,0.66,1.2281,325052.51,1751927.715
000333.SZ,2020-02-18,54.4,54.4,53.32,53.53,54.4,-0.87,-1.5993,332035.04,1783036.933
000333.SZ,2020-02-19,53.36,53.87,53.17,53.54,53.53,0.01,0.0187,237328.54,1270519.685
000333.SZ,2020-02-20,53.7,54.98,53.32,54.86,53.54,1.32,2.4654,370411.52,2013322.15
000333.SZ,2020-02-21,54.5,54.82,54.02,54.28,54.86,-0.58,-1.0572,297798.69,1616397.369
000333.SZ,2020-02-24,55.36,55.37,54.45,54.91,54.28,0.63,1.1606,407824.14,2243496.137
000333.SZ,2020-02-25,54.0,54.46,53.8,54.43,54.91,-0.48,-0.8742,315462.03,1706738.502
000333.SZ,2020-02-26,53.7,55.32,53.21,54.3,54.43,-0.13,-0.2388,387240.15,2107804.633
000333.SZ,2020-02-27,54.3,55.2,54.21,54.91,54.3,0.61,1.1234,284934.63,1563743.469
000333.SZ,2020-02-28,53.88,54.18,52.79,53.05,54.91,-1.86,-3.3874,334057.13,1788324.822
000333.SZ,2020-03-02,53.05,54.75,53.05,54.34,53.05,1.29,2.4317,318934.49,1725854.576
000333.SZ,2020-03-03,54.51,55.0,53.97,54.5,54.34,0.16,0.2944,264999.19,1441435.067
000333.SZ,2020-03-04,54.0,54.44,53.61,54.25,54.5,-0.25,-0.4587,239084.27,1290728.835
000333.SZ,2020-03-05,54.55,56.8,54.35,56.54,54.25,2.29,4.2212,575718.38,3214972.954
000333.SZ,2020-03-06,55.82,56.3,55.54,55.8,56.54,-0.74,-1.3088,280243.24,1565437.998
000333.SZ,2020-03-09,54.4,54.47,53.81,53.89,55.8,-1.91,-3.4229,356342.54,1925269.108
000333.SZ,2020-03-10,53.89,55.68,53.89,55.32,53.89,1.43,2.6536,375631.81,2061033.028
000333.SZ,2020-03-11,55.12,55.32,54.46,54.47,55.32,-0.85,-1.5365,192606.73,1053884.394
000333.SZ,2020-03-12,53.85,53.87,52.88,53.17,54.47,-1.3,-2.3866,344055.01,1833239.648
000333.SZ,2020-03-13,50.87,52.96,50.07,51.9,53.17,-1.27,-2.3886,452083.51,2323212.18
000333.SZ,2020-03-16,52.2,52.27,50.0,50.1,51.9,-1.8,-3.4682,396679.0,2019157.775
000333.SZ,2020-03-17,49.62,51.3,48.57,49.0,50.1,-1.1,-2.1956,477081.77,2365286.578
000333.SZ,2020-03-18,49.7,51.89,49.58,49.7,49.0,0.7,1.4286,586059.24,2974941.63
000333.SZ,2020-03-19,50.35,50.6,47.5,48.6,49.7,-1.1,-2.2133,554868.56,2708244.368
000333.SZ,2020-03-20,49.25,49.73,48.5,49.05,48.6,0.45,0.9259,367066.99,1803574.241
000333.SZ,2020-03-23,47.5,47.98,46.3,46.5,49.05,-2.55,-5.1988,477036.23,2237270.202
000333.SZ,2020-03-24,47.35,48.25,46.91,47.99,46.5,1.49,3.2043,419576.01,2000208.162
000333.SZ,2020-03-25,49.5,50.16,48.86,49.49,47.99,1.5,3.1257,390113.29,1934918.463
000333.SZ,2020-03-26,49.4,49.77,48.84,49.0,49.49,-0.49,-0.9901,232484.06,1145809.963
000333.SZ,2020-03-27,50.0,50.45,49.38,49.45,49.0,0.45,0.9184,260154.38,1296483.242
000333.SZ,2020-03-30,48.8,48.8,47.5,48.09,49.45,-1.36,-2.7503,370522.28,1778812.488
000333.SZ,2020-03-31,48.76,49.35,48.34,48.42,48.09,0.33,0.6862,225252.99,1098690.179
000333.SZ,2020-04-01,48.95,49.32,48.05,48.58,48.42,0.16,0.3304,234391.35,1141225.44
000333.SZ,2020-04-02,48.17,49.0,47.8,48.96,48.58,0.38,0.7822,235143.83,1135456.594
000333.SZ,2020-04-03,48.8,49.06,48.21,48.38,48.96,-0.58,-1.1846,196382.19,953656.658
000333.SZ,2020-04-07,49.21,49.4,48.7,48.97,48.38,0.59,1.2195,400485.98,1962977.182
000333.SZ,2020-04-08,48.6,48.73,48.06,48.24,48.97,-0.73,-1.4907,244267.76,1182191.602
000333.SZ,2020-04-09,48.52,48.55,48.11,48.3,48.24,0.06,0.1244,171399.26,828409.215
000333.SZ,2020-04-10,48.3,50.56,48.04,49.28,48.3,0.98,2.029,412461.37,2043406.853
000333.SZ,2020-04-13,49.59,50.58,49.3,49.89,49.28,0.61,1.2378,310765.33,1555138.946
000333.SZ,2020-04-14,50.67,50.7,49.6,50.48,49.89,0.59,1.1826,307941.69,1550039.697
000333.SZ,2020-04-15,50.0,51.28,49.2,50.2,50.48,-0.28,-0.5547,395915.36,1989237.126
000333.SZ,2020-04-16,50.2,50.2,49.27,49.49,50.2,-0.71,-1.4143,279294.19,1385041.878
000333.SZ,2020-04-17,50.0,50.31,49.6,50.09,49.49,0.6,1.2124,352498.69,1761719.075
000333.SZ,2020-04-20,50.29,50.98,50.01,50.73,50.09,0.64,1.2777,208857.41,1058635.859
000333.SZ,2020-04-21,50.99,51.0,50.0,50.25,50.73,-0.48,-0.9462,209712.64,1056179.837
000333.SZ,2020-04-22,50.2,51.47,49.99,51.4,50.25,1.15,2.2886,207637.13,1056618.276
000333.SZ,2020-04-23,51.69,52.39,51.31,51.99,51.4,0.59,1.1479,271165.94,1408264.47
000333.SZ,2020-04-24,52.04,52.3,51.71,52.01,51.99,0.02,0.0385,133415.57,693211.313
000333.SZ,2020-04-27,51.27,52.24,50.85,51.5,52.01,-0.51,-0.9806,215234.78,1108515.152
000333.SZ,2020-04-28,51.5,51.94,50.75,51.79,51.5,0.29,0.5631,251835.37,1297098.144
000333.SZ,2020-04-29,51.4,52.77,51.15,52.25,51.79,0.46,0.8882,206235.16,1072765.101
000333.SZ,2020-04-30,53.3,54.16,53.3,53.75,52.25,1.5,2.8708,340323.48,1831860.874
000333.SZ,2020-05-06,53.0,54.2,52.7,54.2,53.75,0.45,0.8372,328565.35,1765766.097
000333.SZ,2020-05-07,54.19,54.45,53.84,54.0,54.2,-0.2,-0.369,213755.39,1156808.782
000333.SZ,2020-05-08,54.48,56.48,54.23,56.33,54.0,2.33,4.3148,409621.01,2296022.244
000333.SZ,2020-05-11,56.59,58.5,56.42,56.91,56.33,0.58,1.0296,379597.71,2188821.583
000333.SZ,2020-05-12,57.5,58.38,57.03,58.0,56.91,1.09,1.9153,286033.67,1655218.903
000333.SZ,2020-05-13,57.6,58.0,56.91,57.75,58.0,-0.25,-0.431,219385.51,1260866.631
000333.SZ,2020-05-14,57.75,58.3,57.51,58.0,57.75,0.25,0.4329,180020.02,1044096.208
000333.SZ,2020-05-15,58.0,58.1,56.87,56.95,58.0,-1.05,-1.8103,233617.01,1338687.939
000333.SZ,2020-05-18,57.5,58.2,56.63,57.49,56.95,0.54,0.9482,261775.46,1505218.949
000333.SZ,2020-05-19,58.4,59.2,58.0,58.76,57.49,1.27,2.2091,278551.2,1638536.811
000333.SZ,2020-05-20,58.53,59.1,58.52,59.03,58.76,0.27,0.4595,190615.35,1123661.205
000333.SZ,2020-05-21,59.55,59.64,58.36,58.72,59.03,-0.31,-0.5252,149134.72,876854.201
000333.SZ,2020-05-22,58.44,58.55,56.61,57.12,58.72,-1.6,-2.7248,260861.94,1493147.025
000333.SZ,2020-05-25,58.3,58.39,56.14,56.84,57.12,-0.28,-0.4902,159445.17,905625.786
000333.SZ,2020-05-26,57.3,58.25,56.77,58.0,56.84,1.16,2.0408,184307.86,1061005.402
000333.SZ,2020-05-27,58.25,59.38,57.89,58.25,58.0,0.25,0.431,258065.22,1517718.678
000333.SZ,2020-05-28,59.17,59.37,57.83,58.15,58.25,-0.1,-0.1717,206030.63,1207714.971
000333.SZ,2020-05-29,57.99,59.25,57.99,59.02,58.15,0.87,1.4961,182549.41,1073961.447
000333.SZ,2020-06-01,59.3,60.48,59.3,60.42,59.02,1.4,2.3721,294802.94,1776563.605
000333.SZ,2020-06-02,59.66,59.66,58.55,58.7,58.83,-0.13,-0.221,206805.47,1218477.896
000333.SZ,2020-06-03,59.15,59.37,57.91,58.33,58.7,-0.37,-0.6303,180929.04,1059003.035
000333.SZ,2020-06-04,58.85,59.9,58.71,58.85,58.33,0.52,0.8915,140257.68,827157.6
000333.SZ,2020-06-05,58.99,59.18,58.6,58.95,58.85,0.1,0.1699,127259.49,749286.684
000333.SZ,2020-06-08,59.4,61.56,59.03,60.16,58.95,1.21,2.0526,359439.83,2180630.902
000333.SZ,2020-06-09,60.55,61.43,60.28,60.66,60.16,0.5,0.8311,240135.35,1463794.178
000333.SZ,2020-06-10,61.08,61.21,60.18,60.32,60.66,-0.34,-0.5605,190148.45,1153412.205
000333.SZ,2020-06-11,60.35,60.61,59.1,59.66,60.32,-0.66,-1.0942,201377.19,1204181.863
000333.SZ,2020-06-12,58.7,60.0,58.5,59.98,59.66,0.32,0.5364,185190.09,1097620.789
000333.SZ,2020-06-15,59.09,59.43,58.0,58.0,59.98,-1.98,-3.3011,320004.06,1872474.026
000333.SZ,2020-06-16,58.69,59.3,58.59,59.0,58.0,1.0,1.7241,183088.26,1077626.691
000333.SZ,2020-06-17,58.81,58.88,57.65,57.9,59.0,-1.1,-1.8644,221283.1,1285597.241
000333.SZ,2020-06-18,57.85,57.99,57.16,57.85,57.9,-0.05,-0.0864,267224.86,1537168.004
000333.SZ,2020-06-19,57.85,59.98,57.85,59.77,57.85,1.92,3.3189,324280.05,1923447.883
000333.SZ,2020-06-22,59.6,59.95,58.92,59.09,59.77,-0.68,-1.1377,219797.29,1306914.551
000333.SZ,2020-06-23,58.86,59.46,58.48,59.0,59.09,-0.09,-0.1523,181146.36,1068928.529
000333.SZ,2020-06-24,59.2,60.18,59.09,59.7,59.0,0.7,1.1864,200319.9,1194505.23
000333.SZ,2020-06-29,59.7,60.0,58.71,59.95,59.7,0.25,0.4188,261061.35,1557837.552
000333.SZ,2020-06-30,60.0,61.0,59.5,59.79,59.95,-0.16,-0.2669,261251.57,1577689.211
000333.SZ,2020-07-01,59.7,62.49,58.92,62.44,59.79,2.65,4.4322,442609.78,2719438.555
000333.SZ,2020-07-02,61.81,63.42,61.61,62.95,62.44,0.51,0.8168,435261.54,2715825.42
000333.SZ,2020-07-03,63.1,63.95,61.83,62.39,62.95,-0.56,-0.8896,340798.25,2137708.206
000333.SZ,2020-07-06,62.81,64.99,62.51,64.03,62.39,1.64,2.6286,599258.05,3811821.943
000333.SZ,2020-07-07,64.14,67.55,64.1,64.38,64.03,0.35,0.5466,490390.47,3224341.189
000333.SZ,2020-07-08,64.3,65.3,63.26,63.98,64.38,-0.4,-0.6213,284820.31,1818108.347
000333.SZ,2020-07-09,64.0,65.0,63.0,64.98,63.98,1.0,1.563,312280.61,1993727.704
000333.SZ,2020-07-10,64.5,64.52,63.2,63.4,64.98,-1.58,-2.4315,273296.73,1741014.72
000333.SZ,2020-07-13,62.92,64.1,62.84,63.25,63.4,-0.15,-0.2366,344678.67,2186339.088
000333.SZ,2020-07-14,63.86,63.87,61.19,61.84,63.25,-1.41,-2.2292,382959.85,2377225.465
000333.SZ,2020-07-15,61.89,64.0,61.85,62.98,61.84,1.14,1.8435,436949.16,2750957.937
000333.SZ,2020-07-16,63.0,64.49,61.09,61.14,62.98,-1.84,-2.9216,369588.87,2326871.245
000333.SZ,2020-07-17,60.8,64.42,60.72,63.9,61.14,2.76,4.5142,360876.27,2269485.712
000333.SZ,2020-07-20,63.9,67.68,63.28,67.38,63.9,3.48,5.446,600693.59,3970335.086
000333.SZ,2020-07-21,67.0,67.92,66.07,67.35,67.38,-0.03,-0.0445,328747.16,2206459.249
000333.SZ,2020-07-22,66.8,67.98,66.31,67.35,67.35,0.0,0.0,303897.52,2045490.786
000333.SZ,2020-07-23,66.5,70.47,66.36,70.19,67.35,2.84,4.2168,487159.45,3361999.484
000333.SZ,2020-07-24,69.17,70.15,66.0,66.5,70.19,-3.69,-5.2572,409255.87,2781427.887
000333.SZ,2020-07-27,67.61,67.8,64.8,67.18,66.5,0.68,1.0226,273029.25,1806012.286
000333.SZ,2020-07-28,67.18,68.54,66.62,67.11,67.18,-0.07,-0.1042,234102.96,1580820.575
000333.SZ,2020-07-29,67.35,72.0,67.35,71.63,67.11,4.52,6.7352,460541.92,3268094.875
000333.SZ,2020-07-30,71.6,72.3,70.25,70.97,71.63,-0.66,-0.9214,194807.56,1385613.24
000333.SZ,2020-07-31,70.58,73.75,70.07,71.75,70.97,0.78,1.0991,293575.48,2117686.421
000333.SZ,2020-08-03,72.0,74.74,71.81,72.49,71.75,0.74,1.0314,343309.69,2510509.104
000333.SZ,2020-08-04,72.0,72.28,70.33,72.05,72.49,-0.44,-0.607,292271.41,2081709.108
000333.SZ,2020-08-05,71.0,72.4,70.8,71.4,72.05,-0.65,-0.9022,191117.58,1362330.037
000333.SZ,2020-08-06,71.0,71.8,70.04,70.6,71.4,-0.8,-1.1204,218734.67,1545541.041
000333.SZ,2020-08-07,70.38,71.11,68.85,70.55,70.6,-0.05,-0.0708,254144.14,1782876.109
000333.SZ,2020-08-10,70.2,72.4,69.3,72.0,70.55,1.45,2.0553,241054.82,1710556.589
000333.SZ,2020-08-11,72.15,73.49,71.18,71.3,72.0,-0.7,-0.9722,205680.61,1492137.506
000333.SZ,2020-08-12,70.66,71.61,69.17,69.66,71.3,-1.64,-2.3001,289738.31,2027499.314
000333.SZ,2020-08-13,69.81,71.08,69.78,70.01,69.66,0.35,0.5024,130645.16,917532.052
000333.SZ,2020-08-14,70.0,72.07,69.73,72.04,70.01,2.03,2.8996,161196.97,1148282.707
000333.SZ,2020-08-17,72.4,73.8,71.4,72.13,72.04,0.09,0.1249,245172.14,1785517.673
000333.SZ,2020-08-18,72.14,72.74,71.06,71.8,72.13,-0.33,-0.4575,193014.61,1382264.209
000333.SZ,2020-08-19,71.7,72.3,70.0,70.12,71.8,-1.68,-2.3398,253273.1,1791352.682
000333.SZ,2020-08-20,69.8,70.09,68.65,69.04,70.12,-1.08,-1.5402,219076.44,1513934.316
000333.SZ,2020-08-21,69.15,69.88,68.85,69.38,69.04,0.34,0.4925,126456.05,876813.908
000333.SZ,2020-08-24,69.3,70.39,69.16,70.37,69.38,0.99,1.4269,174279.38,1215646.639
000333.SZ,2020-08-25,70.35,70.4,69.54,69.98,70.37,-0.39,-0.5542,179318.23,1254921.571
000333.SZ,2020-08-26,69.98,71.4,68.65,69.29,69.98,-0.69,-0.986,237702.09,1661357.463
000333.SZ,2020-08-27,69.3,69.85,67.09,67.99,69.29,-1.3,-1.8762,342931.99,2327750.659
000333.SZ,2020-08-28,67.4,70.52,67.1,70.28,67.99,2.29,3.3681,323186.23,2228514.546
000333.SZ,2020-08-31,71.03,73.49,70.53,70.54,70.28,0.26,0.3699,258683.05,1852443.294
000333.SZ,2020-09-01,70.56,72.22,70.55,71.7,70.54,1.16,1.6445,205476.63,1468837.506
000333.SZ,2020-09-02,72.0,72.49,70.38,70.93,71.7,-0.77,-1.0739,183108.04,1304982.31
000333.SZ,2020-09-03,71.0,72.98,70.72,70.93,70.93,0.0,0.0,325308.73,2340687.057
000333.SZ,2020-09-04,69.5,69.88,68.2,68.79,70.93,-2.14,-3.0171,359335.76,2474691.327
000333.SZ,2020-09-07,68.1,68.67,66.49,66.7,68.79,-2.09,-3.0382,442226.48,2971282.423
000333.SZ,2020-09-08,66.7,67.0,65.64,66.88,66.7,0.18,0.2699,263509.41,1747654.428
000333.SZ,2020-09-09,66.0,66.58,64.73,64.86,66.88,-2.02,-3.0203,284541.72,1861646.756
000333.SZ,2020-09-10,65.51,66.21,64.91,65.9,64.86,1.04,1.6035,210301.73,1381763.382
000333.SZ,2020-09-11,65.5,66.8,64.58,66.18,65.9,0.28,0.4249,215126.72,1421649.986
000333.SZ,2020-09-14,66.28,68.25,66.2,68.0,66.18,1.82,2.7501,217392.69,1469293.455
000333.SZ,2020-09-15,68.52,70.77,68.46,70.42,68.0,2.42,3.5588,290015.82,2033590.884
000333.SZ,2020-09-16,70.29,71.98,69.2,69.66,70.42,-0.76,-1.0792,291213.45,2060063.617
000333.SZ,2020-09-17,69.8,71.0,69.31,70.6,69.66,0.94,1.3494,274434.79,1932446.433
000333.SZ,2020-09-18,71.12,71.33,70.04,70.28,70.6,-0.32,-0.4533,217514.79,1538451.545
000333.SZ,2020-09-21,70.25,71.16,69.41,70.03,70.28,-0.25,-0.3557,165610.25,1164163.889
000333.SZ,2020-09-22,69.5,70.56,69.46,69.89,70.03,-0.14,-0.1999,139967.29,978793.363
000333.SZ,2020-09-23,70.01,71.36,69.48,71.07,69.89,1.18,1.6884,171445.39,1211864.648
000333.SZ,2020-09-24,70.56,70.95,69.67,70.46,71.07,-0.61,-0.8583,200757.66,1410207.324
000333.SZ,2020-09-25,70.65,71.77,70.08,70.3,70.46,-0.16,-0.2271,120815.13,855869.344
000333.SZ,2020-09-28,70.3,71.5,69.96,70.9,70.3,0.6,0.8535,173937.25,1235538.585
000333.SZ,2020-09-29,71.0,72.9,71.0,72.45,70.9,1.55,2.1862,233913.59,1692268.567
000333.SZ,2020-09-30,72.9,73.63,72.28,72.6,72.45,0.15,0.207,221336.62,1618394.621
000333.SZ,2020-10-09,73.06,74.16,73.01,73.39,72.6,0.79,1.0882,251587.47,1853607.137
000333.SZ,2020-10-12,72.6,73.98,72.3,73.98,73.39,0.59,0.8039,263256.24,1930035.64
000333.SZ,2020-10-13,73.98,75.95,73.44,75.89,73.98,1.91,2.5818,255774.66,1920061.02
000333.SZ,2020-10-14,75.1,76.47,74.8,75.25,75.89,-0.64,-0.8433,196133.67,1478023.724
000333.SZ,2020-10-15,75.03,76.96,74.78,76.1,75.25,0.85,1.1296,192110.37,1462783.204
000333.SZ,2020-10-16,75.7,76.38,74.7,74.8,76.1,-1.3,-1.7083,145917.21,1096650.311
000333.SZ,2020-10-19,74.82,77.15,74.51,75.0,74.8,0.2,0.2674,177791.97,1345916.77
000333.SZ,2020-10-20,74.51,76.98,74.51,76.3,75.0,1.3,1.7333,154353.75,1175374.815
000333.SZ,2020-10-21,75.88,78.05,75.88,77.5,76.3,1.2,1.5727,213888.93,1651445.121
000333.SZ,2020-10-22,77.3,78.56,76.2,78.4,77.5,0.9,1.1613,156501.85,1213225.342
000333.SZ,2020-10-23,77.75,78.25,75.1,75.11,78.4,-3.29,-4.1964,181233.07,1388457.539
000333.SZ,2020-10-26,74.98,76.8,73.6,76.66,75.11,1.55,2.0636,165905.43,1253614.089
000333.SZ,2020-10-27,76.1,76.79,75.39,75.71,76.66,-0.95,-1.2392,156921.41,1194229.494
000333.SZ,2020-10-28,75.76,77.5,75.63,76.71,75.71,1.0,1.3208,187216.16,1439052.208
000333.SZ,2020-10-29,76.0,81.89,75.8,81.18,76.71,4.47,5.8271,377793.75,3012418.003
000333.SZ,2020-10-30,82.05,82.5,77.55,77.87,81.18,-3.31,-4.0774,328416.62,2596624.765
000333.SZ,2020-11-02,79.01,85.0,79.0,83.4,77.87,5.53,7.1016,522253.15,4312907.451
000333.SZ,2020-11-03,83.41,83.45,80.9,82.55,83.4,-0.85,-1.0192,351574.8,2886059.068
000333.SZ,2020-11-04,82.6,86.88,82.2,85.66,82.55,3.11,3.7674,389583.46,3330212.465
000333.SZ,2020-11-05,86.05,88.5,85.04,86.11,85.66,0.45,0.5253,356239.98,3083809.644
000333.SZ,2020-11-06,86.13,91.3,85.13,90.14,86.11,4.03,4.6801,468036.13,4177205.857
000333.SZ,2020-11-09,90.46,94.46,89.43,90.72,90.14,0.58,0.6434,470786.02,4296715.661
000333.SZ,2020-11-10,89.7,89.72,86.51,89.66,90.72,-1.06,-1.1684,352383.45,3113825.058
000333.SZ,2020-11-11,88.2,89.77,86.68,88.1,89.66,-1.56,-1.7399,341980.27,3021631.444
000333.SZ,2020-11-12,90.5,90.79,88.23,90.6,88.1,2.5,2.8377,282238.43,2536913.939
000333.SZ,2020-11-13,90.3,90.56,88.79,90.52,90.6,-0.08,-0.0883,216051.66,1936924.438
000333.SZ,2020-11-16,91.5,91.8,87.06,89.36,90.52,-1.16,-1.2815,372724.31,3320826.097
000333.SZ,2020-11-17,89.8,91.5,89.37,89.92,89.36,0.56,0.6267,289689.07,2613751.006
000333.SZ,2020-11-18,90.04,91.55,88.15,89.29,89.92,-0.63,-0.7006,229526.87,2060518.096
000333.SZ,2020-11-19,90.0,95.32,89.51,94.0,89.29,4.71,5.2749,413155.78,3844141.237
000333.SZ,2020-11-20,94.13,94.79,91.46,91.59,94.0,-2.41,-2.5638,461606.47,4276105.442
000333.SZ,2020-11-23,90.5,93.68,89.42,93.47,91.59,1.88,2.0526,456913.9,4209477.921
000333.SZ,2020-11-24,93.42,93.45,89.01,90.65,93.47,-2.82,-3.017,399668.66,3622773.27
000333.SZ,2020-11-25,90.65,91.39,88.85,89.56,90.65,-1.09,-1.2024,291595.18,2615178.239
000333.SZ,2020-11-26,89.0,89.56,86.01,87.02,89.56,-2.54,-2.8361,475095.82,4132461.362
000333.SZ,2020-11-27,87.46,88.86,86.54,87.8,87.02,0.78,0.8963,230373.3,2020721.656
000333.SZ,2020-11-30,87.31,88.5,86.26,86.85,87.8,-0.95,-1.082,299269.09,2612282.346
000333.SZ,2020-12-01,86.25,88.0,86.25,87.92,86.85,1.07,1.232,236924.98,2071081.957
000333.SZ,2020-12-02,89.0,90.59,88.54,89.91,87.92,1.99,2.2634,366071.95,3286902.392
000333.SZ,2020-12-03,89.79,90.08,88.21,89.6,89.91,-0.31,-0.3448,255520.24,2276665.595
000333.SZ,2020-12-04,88.82,89.06,87.17,88.36,89.6,-1.24,-1.3839,327226.23,2876036.668
000333.SZ,2020-12-07,88.88,89.0,87.52,88.06,88.36,-0.3,-0.3395,202284.96,1786091.233
000333.SZ,2020-12-08,87.52,88.13,85.45,86.7,88.06,-1.36,-1.5444,366900.24,3164772.039
000333.SZ,2020-12-09,86.01,86.62,83.5,83.56,86.7,-3.14,-3.6217,461125.71,3893407.709
000333.SZ,2020-12-10,83.5,85.45,83.5,85.1,83.56,1.54,1.843,253001.25,2144184.257
000333.SZ,2020-12-11,85.9,85.9,83.41,84.0,85.1,-1.1,-1.2926,225061.39,1901113.978
000333.SZ,2020-12-14,85.88,86.0,83.33,84.44,84.0,0.44,0.5238,262470.11,2213586.002
000333.SZ,2020-12-15,84.92,86.4,83.4,85.73,84.44,1.29,1.5277,328120.14,2794791.7
000333.SZ,2020-12-16,86.11,89.07,85.93,88.1,85.73,2.37,2.7645,413021.46,3638872.835
000333.SZ,2020-12-17,88.7,90.78,88.45,89.67,88.1,1.57,1.7821,316460.76,2841397.961
000333.SZ,2020-12-18,89.11,89.99,88.32,89.3,89.67,-0.37,-0.4126,274777.17,2446471.117
000333.SZ,2020-12-21,89.72,89.72,87.04,88.81,89.3,-0.49,-0.5487,283689.34,2499704.93
000333.SZ,2020-12-22,88.33,90.78,87.42,89.75,88.81,0.94,1.0584,310714.53,2775989.183
000333.SZ,2020-12-23,89.98,93.5,89.53,92.0,89.75,2.25,2.507,390546.6,3606420.446
000333.SZ,2020-12-24,92.0,92.89,90.55,92.89,92.0,0.89,0.9674,197783.11,1823517.285
000333.SZ,2020-12-25,92.67,94.22,91.5,93.58,92.89,0.69,0.7428,217071.94,2025214.058
000333.SZ,2020-12-28,93.48,97.35,93.41,95.8,93.58,2.22,2.3723,394785.73,3781019.562
000333.SZ,2020-12-29,95.76,95.79,93.76,95.19,95.8,-0.61,-0.6367,216552.2,2053512.082
000333.SZ,2020-12-30,95.5,96.6,94.21,95.98,95.19,0.79,0.8299,231644.06,2212516.055
000333.SZ,2020-12-31,96.0,98.98,95.98,98.44,95.98,2.46,2.563,268671.76,2633031.804
000333.SZ,2021-01-04,98.9,101.95,98.03,99.01,98.44,0.57,0.579,338826.8,3379358.338
000333.SZ,2021-01-05,98.07,101.94,97.0,101.54,99.01,2.53,2.5553,351148.01,3515823.44
000333.SZ,2021-01-06,103.0,104.8,99.65,100.96,101.54,-0.58,-0.5712,360203.38,3662399.226
000333.SZ,2021-01-07,102.0,105.67,101.2,104.82,100.96,3.86,3.8233,451400.52,4687111.402
000333.SZ,2021-01-08,104.0,104.7,101.25,103.01,104.82,-1.81,-1.7268,330690.48,3409516.335
000333.SZ,2021-01-11,103.2,104.33,100.0,101.0,103.01,-2.01,-1.9513,341891.87,3506431.349
000333.SZ,2021-01-12,100.31,104.28,100.31,104.1,101.0,3.1,3.0693,355295.86,3670971.677
000333.SZ,2021-01-13,105.0,105.71,102.04,103.34,104.1,-0.76,-0.7301,343487.39,3560584.734
000333.SZ,2021-01-14,103.6,104.39,99.39,99.6,103.34,-3.74,-3.6191,373815.28,3780641.251
000333.SZ,2021-01-15,99.03,100.17,96.78,99.69,99.6,0.09,0.0904,357438.23,3524028.265
000333.SZ,2021-01-18,99.39,100.28,97.51,99.12,99.69,-0.57,-0.5718,286771.8,2849767.542
000333.SZ,2021-01-19,99.69,100.11,94.48,94.85,99.12,-4.27,-4.3079,423078.07,4087923.629
000333.SZ,2021-01-20,96.0,98.12,95.5,96.28,94.85,1.43,1.5076,322023.27,3113133.925
000333.SZ,2021-01-21,97.24,101.0,96.99,100.1,96.28,3.82,3.9676,409301.71,4074982.807
000333.SZ,2021-01-22,100.0,101.53,98.09,100.57,100.1,0.47,0.4695,307755.82,3069095.083
000333.SZ,2021-01-25,101.0,102.87,98.7,101.98,100.57,1.41,1.402,377359.92,3802697.804
000333.SZ,2021-01-26,101.0,101.0,97.1,97.94,101.98,-4.04,-3.9616,407670.26,4006657.956
000333.SZ,2021-01-27,97.09,99.84,96.38,97.95,97.94,0.01,0.0102,283268.51,2781047.165
000333.SZ,2021-01-28,96.53,96.99,94.5,95.16,97.95,-2.79,-2.8484,310572.14,2959282.874
000333.SZ,2021-01-29,95.35,97.79,93.68,96.33,95.16,1.17,1.2295,372465.08,3576339.185
000333.SZ,2021-02-01,96.33,98.51,94.66,98.2,96.33,1.87,1.9412,286062.71,2784442.679
000333.SZ,2021-02-02,97.4,100.2,97.4,98.58,98.2,0.38,0.387,315443.55,3125263.982
000333.SZ,2021-02-03,99.5,100.4,96.2,97.64,98.58,-0.94,-0.9535,323955.36,3178416.761
000333.SZ,2021-02-04,96.29,97.59,95.23,96.4,97.64,-1.24,-1.27,364864.02,3514921.395
000333.SZ,2021-02-05,96.98,98.37,95.0,97.25,96.4,0.85,0.8817,372623.93,3600456.019
000333.SZ,2021-02-08,97.26,97.5,94.4,96.66,97.25,-0.59,-0.6067,377435.63,3614401.923
000333.SZ,2021-02-09,97.59,101.9,96.89,101.9,96.66,5.24,5.4211,537122.47,5347054.458
000333.SZ,2021-02-10,102.92,108.0,101.5,107.11,101.9,5.21,5.1129,536799.07,5641813.861
000333.SZ,2021-02-18,107.12,107.36,97.0,98.3,107.11,-8.81,-8.2252,940429.08,9433652.348
000333.SZ,2021-02-19,95.01,98.33,95.01,97.99,98.3,-0.31,-0.3154,693877.09,6722204.87
000333.SZ,2021-02-22,97.28,97.28,90.38,90.44,97.99,-7.55,-7.7049,903986.09,8324148.676
000333.SZ,2021-02-23,89.05,92.0,88.83,90.94,90.44,0.5,0.5529,604755.31,5494666.678
000333.SZ,2021-02-24,96.1,98.6,93.12,95.02,90.94,4.08,4.4865,1003546.33,9587929.017
000333.SZ,2021-02-25,94.9,95.79,92.1,93.94,95.02,-1.08,-1.1366,416370.2,3934052.806
000333.SZ,2021-02-26,92.0,94.49,91.02,93.08,93.94,-0.86,-0.9155,601123.03,5569084.604
000333.SZ,2021-03-01,93.4,95.3,91.83,93.33,93.08,0.25,0.2686,370844.02,3475175.712
000333.SZ,2021-03-02,94.87,95.84,92.7,93.52,93.33,0.19,0.2036,473398.22,4469317.46
000333.SZ,2021-03-03,92.73,93.72,91.5,93.49,93.52,-0.03,-0.0321,330591.87,3072269.141
000333.SZ,2021-03-04,92.22,92.58,89.44,89.9,93.49,-3.59,-3.84,446348.2,4041856.217
000333.SZ,2021-03-05,87.57,90.27,86.03,89.5,89.9,-0.4,-0.4449,409487.09,3626107.488
000333.SZ,2021-03-08,88.5,89.71,85.44,85.5,89.5,-4.0,-4.4693,488293.4,4260904.988
000333.SZ,2021-03-09,84.65,84.9,81.7,81.99,85.5,-3.51,-4.1053,568963.33,4741767.513
000333.SZ,2021-03-10,84.0,84.66,82.05,83.66,81.99,1.67,2.0368,473167.65,3942944.036
000333.SZ,2021-03-11,84.58,86.5,83.5,85.95,83.66,2.29,2.7373,408116.44,3495579.073
000333.SZ,2021-03-12,85.97,88.03,85.21,85.96,85.95,0.01,0.0116,323645.32,2806048.361
000333.SZ,2021-03-15,84.81,84.84,81.0,82.3,85.96,-3.66,-4.2578,490513.85,4035896.117
000333.SZ,2021-03-16,82.41,83.03,81.55,82.58,82.3,0.28,0.3402,349261.15,2877253.721
000333.SZ,2021-03-17,82.01,84.28,81.36,84.07,82.58,1.49,1.8043,370952.28,3081574.544
000333.SZ,2021-03-18,84.98,87.0,84.8,86.71,84.07,2.64,3.1402,347035.88,2986372.291
000333.SZ,2021-03-19,85.0,86.6,84.39,85.31,86.71,-1.4,-1.6146,305291.85,2610073.941
000333.SZ,2021-03-22,84.99,85.53,82.3,83.38,85.31,-1.93,-2.2623,314092.85,2620969.353
000333.SZ,2021-03-23,83.38,83.44,81.07,81.47,83.38,-1.91,-2.2907,369695.97,3027477.688
000333.SZ,2021-03-24,81.5,82.48,81.26,81.68,81.47,0.21,0.2578,235367.58,1923709.265
000333.SZ,2021-03-25,81.07,81.5,79.3,80.68,81.68,-1.0,-1.2243,247524.83,1990607.891
000333.SZ,2021-03-26,81.1,82.5,79.96,82.01,80.68,1.33,1.6485,310830.2,2533340.71
000333.SZ,2021-03-29,81.96,82.47,81.0,81.47,82.01,-0.54,-0.6585,294535.24,2406536.46
000333.SZ,2021-03-30,81.86,83.49,81.11,82.47,81.47,1.0,1.2274,351971.52,2898062.093
000333.SZ,2021-03-31,82.8,82.98,81.25,82.23,82.47,-0.24,-0.291,273525.08,2245618.464
000333.SZ,2021-04-01,82.0,85.88,81.8,85.43,82.23,3.2,3.8915,352045.12,2987621.061
000333.SZ,2021-04-02,85.5,88.5,84.9,87.11,85.43,1.68,1.9665,291525.38,2546245.045
000333.SZ,2021-04-06,87.16,87.7,84.0,84.38,87.11,-2.73,-3.134,257668.4,2190978.643
000333.SZ,2021-04-07,84.38,84.49,81.88,82.72,84.38,-1.66,-1.9673,299774.66,2467818.33
000333.SZ,2021-04-08,82.51,82.92,81.95,82.68,82.72,-0.04,-0.0484,182114.06,1502128.962
000333.SZ,2021-04-09,82.98,82.98,80.24,80.45,82.68,-2.23,-2.6971,322385.56,2610503.42
000333.SZ,2021-04-12,80.3,81.26,79.0,79.3,80.45,-1.15,-1.4295,252774.87,2012933.376
000333.SZ,2021-04-13,78.95,79.82,78.12,78.69,79.3,-0.61,-0.7692,213628.28,1686748.572
000333.SZ,2021-04-14,78.97,80.63,78.89,80.13,78.69,1.44,1.83,210692.29,1685738.018
000333.SZ,2021-04-15,80.13,81.0,78.96,80.28,80.13,0.15,0.1872,174452.81,1393503.616
000333.SZ,2021-04-16,80.3,80.6,78.9,79.9,80.28,-0.38,-0.4733,153478.18,1222574.469
000333.SZ,2021-04-19,80.0,82.11,79.0,81.67,79.9,1.77,2.2153,267593.56,2175802.611
000333.SZ,2021-04-20,81.08,81.5,80.03,80.98,81.67,-0.69,-0.8449,231533.86,1866628.041
000333.SZ,2021-04-21,80.0,80.5,79.5,79.6,80.98,-1.38,-1.7041,251906.06,2010416.382
000333.SZ,2021-04-22,79.62,80.29,79.01,80.25,79.6,0.65,0.8166,230968.78,1841507.581
000333.SZ,2021-04-23,80.42,84.0,80.26,83.86,80.25,3.61,4.4984,451415.58,3741273.48
000333.SZ,2021-04-26,84.24,85.0,79.91,80.03,83.86,-3.83,-4.5671,418029.19,3424838.078
000333.SZ,2021-04-27,79.97,81.63,79.2,80.72,80.03,0.69,0.8622,190000.53,1531692.781
000333.SZ,2021-04-28,81.0,81.7,80.08,81.55,80.72,0.83,1.0282,179025.75,1452688.936
000333.SZ,2021-04-29,82.06,84.25,81.87,83.43,81.55,1.88,2.3053,298159.63,2474034.002
000333.SZ,2021-04-30,84.7,84.7,79.8,80.17,83.43,-3.26,-3.9075,582377.0,4702118.111
000333.SZ,2021-05-06,78.31,79.77,77.49,77.56,80.17,-2.61,-3.2556,491159.46,3841342.54
000333.SZ,2021-05-07,77.4,77.55,75.0,75.08,77.56,-2.48,-3.1975,437295.14,3308412.782
000333.SZ,2021-05-10,75.83,79.2,75.83,78.0,75.08,2.92,3.8892,549439.86,4265793.301
000333.SZ,2021-05-11,77.16,79.0,76.59,78.34,78.0,0.34,0.4359,273334.64,2127125.363
000333.SZ,2021-05-12,78.9,78.9,76.45,77.27,78.34,-1.07,-1.3658,273410.35,2106351.405
000333.SZ,2021-05-13,76.12,76.5,75.0,75.15,77.27,-2.12,-2.7436,329507.62,2482149.422
000333.SZ,2021-05-14,75.3,76.57,73.62,76.44,75.15,1.29,1.7166,304811.13,2297770.135
000333.SZ,2021-05-17,77.0,79.35,76.88,78.4,76.44,1.96,2.5641,418092.3,3276114.961
000333.SZ,2021-05-18,79.8,80.0,77.2,77.84,78.4,-0.56,-0.7143,268555.15,2106345.388
000333.SZ,2021-05-19,77.05,77.76,76.5,77.33,77.84,-0.51,-0.6552,225052.69,1736145.799
000333.SZ,2021-05-20,79.0,80.86,77.57,80.7,77.33,3.37,4.3579,735330.93,5884598.445
000333.SZ,2021-05-21,81.1,83.1,80.87,81.55,80.7,0.85,1.0533,502224.28,4119754.982
000333.SZ,2021-05-24,82.63,83.0,80.95,82.2,81.55,0.65,0.7971,360149.44,2956298.659
000333.SZ,2021-05-25,82.97,84.2,82.34,83.28,82.2,1.08,1.3139,417467.44,3478155.176
000333.SZ,2021-05-26,83.9,84.99,82.45,84.33,83.28,1.05,1.2608,360381.91,3021930.596
000333.SZ,2021-05-27,84.99,85.03,83.43,83.9,84.33,-0.43,-0.5099,296156.6,2486863.194
000333.SZ,2021-05-28,83.28,83.29,82.0,82.53,83.9,-1.37,-1.6329,387415.14,3196831.619
000333.SZ,2021-05-31,82.7,82.7,79.74,81.0,82.53,-1.53,-1.8539,523951.01,4208270.644
000333.SZ,2021-06-01,80.91,80.91,79.32,80.17,81.0,-0.83,-1.0247,473370.82,3776569.523
000333.SZ,2021-06-02,79.4,79.5,78.5,79.5,78.6,0.9,1.145,342846.54,2706286.214
000333.SZ,2021-06-03,79.5,79.84,77.48,77.93,79.5,-1.57,-1.9748,416690.46,3262957.927
000333.SZ,2021-06-04,77.41,78.5,76.53,77.73,77.93,-0.2,-0.2566,283066.03,2194930.977
000333.SZ,2021-06-07,77.75,77.77,76.15,76.78,77.73,-0.95,-1.2222,277274.99,2124176.47
000333.SZ,2021-06-08,76.9,77.3,75.63,76.02,76.78,-0.76,-0.9898,320893.44,2446270.922
000333.SZ,2021-06-09,76.27,76.62,75.2,75.59,76.02,-0.43,-0.5656,251380.05,1900479.893
000333.SZ,2021-06-10,75.7,75.94,74.9,75.4,75.59,-0.19,-0.2514,320755.63,2419455.653
000333.SZ,2021-06-11,75.4,75.6,73.51,74.0,75.4,-1.4,-1.8568,465213.67,3444045.477
000333.SZ,2021-06-15,73.87,74.5,72.0,73.24,74.0,-0.76,-1.027,445900.3,3245305.091
000333.SZ,2021-06-16,73.9,75.26,73.2,75.0,73.24,1.76,2.4031,449701.85,3359892.667
000333.SZ,2021-06-17,75.2,75.33,73.3,73.46,75.0,-1.54,-2.0533,299292.38,2214198.276
000333.SZ,2021-06-18,73.33,74.21,72.16,73.8,73.46,0.34,0.4628,388178.63,2831313.013
000333.SZ,2021-06-21,73.82,73.83,71.17,72.0,73.8,-1.8,-2.439,477386.43,3450150.41
000333.SZ,2021-06-22,71.9,72.88,70.88,71.28,72.0,-0.72,-1.0,410341.69,2942649.258
000333.SZ,2021-06-23,71.21,73.29,70.7,73.17,71.28,1.89,2.6515,434043.58,3139531.924
000333.SZ,2021-06-24,74.5,74.5,72.71,73.2,73.17,0.03,0.041,287028.16,2103271.9
000333.SZ,2021-06-25,73.57,73.78,72.58,73.17,73.2,-0.03,-0.041,412552.01,3019079.359
000333.SZ,2021-06-28,73.18,73.9,72.5,73.21,73.17,0.04,0.0547,306845.68,2240502.743
000333.SZ,2021-06-29,73.78,73.8,71.24,71.46,73.21,-1.75,-2.3904,349799.11,2518377.824
000333.SZ,2021-06-30,71.1,71.9,70.85,71.37,71.46,-0.09,-0.1259,284444.13,2022265.551
000333.SZ,2021-07-01,71.3,73.39,70.56,73.24,71.37,1.87,2.6201,446417.83,3221962.175
000333.SZ,2021-07-02,72.63,72.75,70.66,71.1,73.24,-2.14,-2.9219,403184.36,2873257.072
000333.SZ,2021-07-05,70.28,70.37,66.78,68.2,71.1,-2.9,-4.0788,780811.02,5309270.148
000333.SZ,2021-07-06,67.66,69.35,66.81,68.61,68.2,0.41,0.6012,410636.62,2802133.748
000333.SZ,2021-07-07,68.95,71.95,68.61,70.39,68.61,1.78,2.5944,559597.61,3961973.98
000333.SZ,2021-07-08,70.0,70.79,68.86,70.0,70.39,-0.39,-0.5541,359770.37,2508845.301
000333.SZ,2021-07-09,69.55,70.58,68.71,69.2,70.0,-0.8,-1.1429,290798.3,2016604.915
000333.SZ,2021-07-12,69.64,71.5,68.92,70.7,69.2,1.5,2.1676,404955.49,2860148.826
000333.SZ,2021-07-13,70.78,73.33,70.58,72.8,70.7,2.1,2.9703,474532.41,3430086.441
000333.SZ,2021-07-14,72.45,72.8,71.56,72.0,72.8,-0.8,-1.0989,334055.15,2405155.834
000333.SZ,2021-07-15,72.0,72.35,70.61,71.17,72.0,-0.83,-1.1528,319702.43,2276242.685
000333.SZ,2021-07-16,71.3,71.3,68.8,69.7,71.17,-1.47,-2.0655,456910.25,3180537.683
000333.SZ,2021-07-19,69.79,70.3,68.6,70.14,69.7,0.44,0.6313,305611.68,2124892.125
000333.SZ,2021-07-20,69.66,70.22,69.01,69.61,70.14,-0.53,-0.7556,230947.8,1603201.065
000333.SZ,2021-07-21,69.72,69.92,67.81,67.99,69.61,-1.62,-2.3273,515186.57,3525935.836
000333.SZ,2021-07-22,67.99,69.89,66.98,68.3,67.99,0.31,0.4559,428837.59,2952043.815
000333.SZ,2021-07-23,68.3,68.88,66.51,66.96,68.3,-1.34,-1.9619,424513.36,2851914.803
000333.SZ,2021-07-26,65.58,66.07,63.87,64.68,66.96,-2.28,-3.405,570128.81,3709400.702
000333.SZ,2021-07-27,64.67,64.98,61.4,61.4,64.68,-3.28,-5.0711,618698.75,3893777.293
000333.SZ,2021-07-28,61.4,63.8,61.11,63.28,61.4,1.88,3.0619,477829.07,2994650.503
000333.SZ,2021-07-29,64.5,64.5,62.63,63.3,63.28,0.02,0.0316,392712.65,2485962.571
000333.SZ,2021-07-30,63.09,64.08,61.96,63.51,63.3,0.21,0.3318,419778.74,2648623.981
000333.SZ,2021-08-02,63.5,66.66,62.58,66.08,63.51,2.57,4.0466,544452.6,3553099.532
000333.SZ,2021-08-03,65.5,72.26,65.18,70.92,66.08,4.84,7.3245,899927.68,6224743.064
000333.SZ,2021-08-04,70.4,71.68,69.73,69.99,70.92,-0.93,-1.3113,426362.29,3000695.827
000333.SZ,2021-08-05,69.45,71.61,69.09,69.9,69.99,-0.09,-0.1286,453382.68,3201066.025
000333.SZ,2021-08-06,70.0,71.05,68.05,70.35,69.9,0.45,0.6438,344817.66,2410493.994
000333.SZ,2021-08-09,69.6,73.5,69.37,72.47,70.35,2.12,3.0135,513619.21,3711851.356
000333.SZ,2021-08-10,72.1,72.85,70.83,72.85,72.47,0.38,0.5244,323715.45,2326129.708
000333.SZ,2021-08-11,72.34,73.55,71.87,71.93,72.85,-0.92,-1.2629,285607.14,2073013.76
000333.SZ,2021-08-12,71.5,72.47,70.6,70.92,71.93,-1.01,-1.4041,305392.65,2176736.608
000333.SZ,2021-08-13,70.92,71.98,69.8,71.61,70.92,0.69,0.9729,303013.04,2153012.741
000333.SZ,2021-08-16,71.61,75.45,71.45,74.99,71.61,3.38,4.72,663055.82,4925830.244
000333.SZ,2021-08-17,74.98,75.5,73.11,73.4,74.99,-1.59,-2.1203,414103.11,3078533.153
000333.SZ,2021-08-18,73.39,75.0,72.7,74.5,73.4,1.1,1.4986,326173.17,2419424.671
000333.SZ,2021-08-19,74.96,75.28,71.87,71.94,74.5,-2.56,-3.4362,328662.21,2403024.43
000333.SZ,2021-08-20,70.99,72.49,69.79,72.0,71.94,0.06,0.0834,301298.22,2143875.729
000333.SZ,2021-08-23,71.7,72.55,70.13,70.61,72.0,-1.39,-1.9306,242164.01,1715542.962
000333.SZ,2021-08-24,70.2,71.15,68.18,70.5,70.61,-0.11,-0.1558,387440.22,2700934.79
000333.SZ,2021-08-25,70.1,70.7,69.0,69.15,70.5,-1.35,-1.9149,253518.79,1761336.902
000333.SZ,2021-08-26,69.14,69.65,67.51,67.93,69.15,-1.22,-1.7643,305609.14,2082846.695
000333.SZ,2021-08-27,67.93,68.98,67.38,67.8,67.93,-0.13,-0.1914,245560.8,1670326.402
000333.SZ,2021-08-30,67.95,68.11,65.31,65.98,67.8,-1.82,-2.6844,453444.2,2990768.858
000333.SZ,2021-08-31,65.9,67.89,65.26,66.0,65.98,0.02,0.0303,319641.02,2120020.156
000333.SZ,2021-09-01,66.51,69.85,65.18,69.15,66.0,3.15,4.7727,541204.72,3688604.134
000333.SZ,2021-09-02,69.58,69.58,67.85,69.19,69.15,0.04,0.0578,427612.83,2930294.69
000333.SZ,2021-09-03,68.97,70.13,68.2,70.04,69.19,0.85,1.2285,286807.84,1995822.443
000333.SZ,2021-09-06,70.12,73.24,70.11,72.12,70.04,2.08,2.9697,396106.16,2853865.986
000333.SZ,2021-09-07,72.7,73.93,71.81,73.02,72.12,0.9,1.2479,389370.22,2852011.278
000333.SZ,2021-09-08,73.0,73.65,72.21,72.72,73.02,-0.3,-0.4108,266823.59,1945966.049
000333.SZ,2021-09-09,72.72,73.35,71.23,72.02,72.72,-0.7,-0.9626,223508.46,1611240.093
000333.SZ,2021-09-10,72.02,73.0,71.1,72.4,72.02,0.38,0.5276,210795.81,1520883.789
000333.SZ,2021-09-13,72.32,72.69,70.73,70.98,72.4,-1.42,-1.9613,212937.72,1519720.223
000333.SZ,2021-09-14,71.0,71.4,68.21,68.43,70.98,-2.55,-3.5926,307033.35,2132022.305
000333.SZ,2021-09-15,68.01,68.42,65.8,66.52,68.43,-1.91,-2.7912,396306.58,2652852.006
000333.SZ,2021-09-16,66.52,67.18,65.8,65.95,66.52,-0.57,-0.8569,294662.22,1952956.773
000333.SZ,2021-09-17,66.36,68.28,66.09,68.26,65.95,2.31,3.5027,260977.37,1757915.165
000333.SZ,2021-09-22,67.0,67.3,65.88,66.08,68.26,-2.18,-3.1937,239677.87,1589166.507
000333.SZ,2021-09-23,66.76,67.1,66.0,66.79,66.08,0.71,1.0745,199430.38,1327533.718
000333.SZ,2021-09-24,66.5,68.2,66.09,67.2,66.79,0.41,0.6139,273724.09,1841748.628
000333.SZ,2021-09-27,67.19,70.39,66.77,68.7,67.2,1.5,2.2321,332664.6,2292141.631
000333.SZ,2021-09-28,68.07,70.5,67.31,70.27,68.7,1.57,2.2853,347514.38,2424145.96
000333.SZ,2021-09-29,69.95,70.9,69.28,70.27,70.27,0.0,0.0,295308.2,2075477.39
000333.SZ,2021-09-30,70.27,71.13,69.5,69.6,70.27,-0.67,-0.9535,218791.16,1537243.044
000333.SZ,2021-10-08,70.2,72.58,69.75,72.5,69.6,2.9,4.1667,416133.73,2987690.472
000333.SZ,2021-10-11,72.7,73.1,71.08,71.08,72.5,-1.42,-1.9586,234492.47,1683573.325
000333.SZ,2021-10-12,71.11,72.58,70.08,71.62,71.08,0.54,0.7597,215990.19,1548732.744
000333.SZ,2021-10-13,72.0,72.22,70.25,71.0,71.62,-0.62,-0.8657,160558.9,1139319.628
000333.SZ,2021-10-14,71.03,71.62,69.65,70.13,71.0,-0.87,-1.2254,162333.58,1143450.65
000333.SZ,2021-10-15,71.0,71.78,70.36,71.0,70.13,0.87,1.2406,204251.07,1447693.569
000333.SZ,2021-10-18,71.0,71.0,69.0,69.62,71.0,-1.38,-1.9437,219018.73,1524555.399
000333.SZ,2021-10-19,69.31,70.46,69.05,69.88,69.62,0.26,0.3735,181044.97,1265164.859
000333.SZ,2021-10-20,70.0,70.5,68.02,68.07,69.88,-1.81,-2.5902,302766.09,2074541.249
000333.SZ,2021-10-21,68.28,69.79,68.04,69.68,68.07,1.61,2.3652,205973.02,1416973.726
000333.SZ,2021-10-22,69.97,75.0,69.95,74.5,69.68,4.82,6.9173,819479.36,6030294.05
000333.SZ,2021-10-25,73.99,74.3,71.6,72.4,74.5,-2.1,-2.8188,430581.06,3124400.474
000333.SZ,2021-10-26,71.75,71.98,70.02,70.02,72.4,-2.38,-3.2873,396448.1,2798221.885
000333.SZ,2021-10-27,69.06,69.45,67.0,67.0,70.02,-3.02,-4.3131,678497.0,4597497.865
000333.SZ,2021-10-28,66.5,68.35,66.04,68.12,67.0,1.12,1.6716,277978.6,1876958.742
000333.SZ,2021-10-29,67.43,69.5,67.3,68.77,68.12,0.65,0.9542,282021.16,1933712.606
000333.SZ,2021-11-01,71.27,73.92,70.65,72.81,68.77,4.04,5.8747,748110.69,5437920.545
000333.SZ,2021-11-02,72.81,73.39,70.38,70.81,72.81,-2.0,-2.7469,339795.98,2430850.401
000333.SZ,2021-11-03,70.03,71.5,69.32,69.32,70.81,-1.49,-2.1042,221362.9,1550205.587
000333.SZ,2021-11-04,70.0,71.24,69.49,70.72,69.32,1.4,2.0196,236740.66,1667235.035
000333.SZ,2021-11-05,70.31,71.81,69.79,70.75,70.72,0.03,0.0424,186306.32,1321929.414
000333.SZ,2021-11-08,70.63,70.96,69.8,70.44,70.75,-0.31,-0.4382,149609.96,1051451.981
000333.SZ,2021-11-09,70.35,70.35,68.37,69.0,70.44,-1.44,-2.0443,227670.37,1571550.505
000333.SZ,2021-11-10,68.69,69.8,68.02,69.58,69.0,0.58,0.8406,237357.91,1632341.271
000333.SZ,2021-11-11,69.19,72.36,68.9,72.04,69.58,2.46,3.5355,363320.28,2604623.041
000333.SZ,2021-11-12,71.88,73.88,71.6,72.17,72.04,0.13,0.1805,266143.92,1929374.935
000333.SZ,2021-11-15,72.0,73.0,71.5,72.48,72.17,0.31,0.4295,214973.17,1553116.114
000333.SZ,2021-11-16,73.0,73.5,72.39,72.73,72.48,0.25,0.3449,211401.9,1540309.641
000333.SZ,2021-11-17,72.25,73.2,71.52,72.11,72.73,-0.62,-0.8525,143903.3,1039576.297
000333.SZ,2021-11-18,71.83,71.84,69.98,70.22,72.11,-1.89,-2.621,194134.31,1370784.033
000333.SZ,2021-11-19,70.22,70.5,69.31,70.0,70.22,-0.22,-0.3133,251029.95,1750975.581
000333.SZ,2021-11-22,69.73,70.28,69.5,69.95,70.0,-0.05,-0.0714,229662.39,1602179.694
000333.SZ,2021-11-23,69.94,69.94,69.02,69.47,69.95,-0.48,-0.6862,224157.18,1554230.541
000333.SZ,2021-11-24,70.15,70.37,69.02,70.15,69.47,0.68,0.9788,252709.93,1761908.032
000333.SZ,2021-11-25,70.0,70.0,69.08,69.14,70.15,-1.01,-1.4398,181103.45,1254877.493
000333.SZ,2021-11-26,69.0,69.45,68.58,68.81,69.14,-0.33,-0.4773,140483.78,969361.339
000333.SZ,2021-11-29,67.99,68.58,67.72,68.17,68.81,-0.64,-0.9301,200021.0,1361366.065
000333.SZ,2021-11-30,67.86,69.15,67.67,67.78,68.17,-0.39,-0.5721,195436.71,1332560.745
000333.SZ,2021-12-01,67.67,68.2,67.2,68.16,67.78,0.38,0.5606,180101.01,1220013.294
000333.SZ,2021-12-02,67.38,67.97,67.11,67.74,68.16,-0.42,-0.6162,172928.4,1169569.317
000333.SZ,2021-12-03,67.71,67.71,66.68,67.16,67.74,-0.58,-0.8562,217091.79,1455435.33
000333.SZ,2021-12-06,67.16,68.78,67.11,68.57,67.16,1.41,2.0995,281560.18,1927815.523
000333.SZ,2021-12-07,69.1,70.4,69.1,70.23,68.57,1.66,2.4209,459961.0,3221759.578
000333.SZ,2021-12-08,70.39,70.45,69.0,69.99,70.23,-0.24,-0.3417,244486.18,1705575.366
000333.SZ,2021-12-09,71.5,72.75,70.88,72.22,69.99,2.23,3.1862,587205.74,4231464.731
000333.SZ,2021-12-10,71.66,72.4,70.7,71.9,72.22,-0.32,-0.4431,297742.71,2133466.23
000333.SZ,2021-12-13,72.75,75.27,72.52,72.95,71.9,1.05,1.4604,543929.76,4021351.648
000333.SZ,2021-12-14,72.25,72.48,71.05,71.05,72.95,-1.9,-2.6045,253301.23,1813446.503
000333.SZ,2021-12-15,70.99,71.41,70.18,70.35,71.05,-0.7,-0.9852,165669.27,1169764.12
000333.SZ,2021-12-16,70.45,70.88,69.82,70.4,70.35,0.05,0.0711,153603.53,1077897.221
000333.SZ,2021-12-17,70.09,70.26,68.7,68.7,70.4,-1.7,-2.4148,204678.41,1419353.357
000333.SZ,2021-12-20,68.88,70.34,68.81,69.62,68.7,0.92,1.3392,206579.79,1440391.946
000333.SZ,2021-12-21,69.61,72.13,69.5,71.65,69.62,2.03,2.9158,317596.6,2268444.039
000333.SZ,2021-12-22,71.45,71.9,70.03,71.53,71.65,-0.12,-0.1675,224831.08,1595253.317
000333.SZ,2021-12-23,71.09,72.87,71.0,71.87,71.53,0.34,0.4753,196541.81,1412656.991
000333.SZ,2021-12-24,71.33,72.25,70.83,72.16,71.87,0.29,0.4035,163774.82,1174612.543
000333.SZ,2021-12-27,72.2,74.0,71.9,73.05,72.16,0.89,1.2334,275623.36,2020201.843
000333.SZ,2021-12-28,73.05,75.46,73.05,75.18,73.05,2.13,2.9158,512720.47,3839791.457
000333.SZ,2021-12-29,75.0,75.55,73.75,74.01,75.18,-1.17,-1.5563,215842.58,1603790.662
000333.SZ,2021-12-30,74.0,74.5,73.18,73.96,74.01,-0.05,-0.0676,218290.08,1615514.267
000333.SZ,2021-12-31,73.9,74.44,72.78,73.81,73.96,-0.15,-0.2028,216733.93,1593276.844
000333.SZ,2022-01-04,74.0,75.5,73.6,75.36,73.81,1.55,2.1,310408.01,2323005.428
000333.SZ,2022-01-05,75.4,79.83,74.74,76.27,75.36,0.91,1.2075,613699.22,4743653.586
000333.SZ,2022-01-06,75.81,78.19,74.8,74.98,76.27,-1.29,-1.6914,341889.49,2599839.611
000333.SZ,2022-01-07,75.48,78.48,75.01,77.78,74.98,2.8,3.7343,437220.85,3393184.312
000333.SZ,2022-01-10,78.2,80.88,77.0,77.8,77.78,0.02,0.0257,352521.63,2760629.556
000333.SZ,2022-01-11,77.02,78.82,75.5,75.6,77.8,-2.2,-2.8278,336945.29,2592315.666
000333.SZ,2022-01-12,76.09,76.32,73.03,74.28,75.6,-1.32,-1.746,384641.29,2852050.497
000333.SZ,2022-01-13,74.58,75.36,72.2,72.32,74.28,-1.96,-2.6387,267325.85,1957650.624
000333.SZ,2022-01-14,72.1,72.85,71.4,72.0,72.32,-0.32,-0.4425,209969.9,1516106.943
000333.SZ,2022-01-17,72.1,73.44,71.72,73.03,72.0,1.03,1.4306,203811.36,1481637.501
000333.SZ,2022-01-18,72.81,73.68,72.02,73.3,73.03,0.27,0.3697,213077.18,1554810.615
000333.SZ,2022-01-19,73.7,76.19,73.46,75.23,73.3,1.93,2.633,404010.59,3035602.735
000333.SZ,2022-01-20,75.19,78.8,75.11,78.62,75.23,3.39,4.5062,506621.97,3941616.64
000333.SZ,2022-01-21,78.12,78.82,76.63,77.41,78.62,-1.21,-1.539,302262.21,2345227.569
000333.SZ,2022-01-24,76.8,79.03,76.5,77.08,77.41,-0.33,-0.4263,169130.71,1307756.734
000333.SZ,2022-01-25,76.8,78.8,75.22,75.85,77.08,-1.23,-1.5957,251851.51,1938021.218
000333.SZ,2022-01-26,76.47,77.53,75.54,76.51,75.85,0.66,0.8701,179965.04,1376378.669
000333.SZ,2022-01-27,75.75,76.77,74.51,74.82,76.51,-1.69,-2.2089,258965.59,1951701.429
000333.SZ,2022-01-28,74.83,76.0,73.03,73.2,74.82,-1.62,-2.1652,269219.24,1996946.181
000333.SZ,2022-02-07,74.5,75.64,73.38,74.7,73.2,1.5,2.0492,212957.84,1582887.131
000333.SZ,2022-02-08,74.4,74.9,73.0,74.3,74.7,-0.4,-0.5355,252227.89,1858705.327
000333.SZ,2022-02-09,74.6,77.07,73.9,76.59,74.3,2.29,3.0821,308211.3,2329350.901
000333.SZ,2022-02-10,76.1,76.61,73.5,73.65,76.59,-2.94,-3.8386,400938.08,2986309.64
000333.SZ,2022-02-11,73.15,74.6,72.48,74.14,73.65,0.49,0.6653,263156.15,1943208.565
000333.SZ,2022-02-14,73.5,73.53,71.6,73.0,74.14,-1.14,-1.5376,198336.4,1443390.305
000333.SZ,2022-02-15,72.72,73.3,71.9,72.03,73.0,-0.97,-1.3288,226625.61,1639397.266
000333.SZ,2022-02-16,72.18,73.49,71.8,73.3,72.03,1.27,1.7632,189392.58,1380576.75
000333.SZ,2022-02-17,73.01,73.8,72.11,72.27,73.3,-1.03,-1.4052,177123.19,1288420.221
000333.SZ,2022-02-18,71.79,73.14,71.31,73.0,72.27,0.73,1.0101,153925.11,1114787.733
000333.SZ,2022-02-21,72.8,72.82,72.0,72.7,73.0,-0.3,-0.411,107090.58,776053.567
000333.SZ,2022-02-22,72.1,72.15,69.25,70.17,72.7,-2.53,-3.4801,363014.46,2550080.183
000333.SZ,2022-02-23,70.05,70.64,69.7,70.48,70.17,0.31,0.4418,195985.6,1377756.703
000333.SZ,2022-02-24,69.52,69.76,67.46,68.3,70.48,-2.18,-3.0931,418996.69,2867573.788
000333.SZ,2022-02-25,68.75,68.95,67.81,68.12,68.3,-0.18,-0.2635,224170.97,1528873.766
000333.SZ,2022-02-28,67.5,67.62,65.5,66.72,68.12,-1.4,-2.0552,483623.95,3207726.547
000333.SZ,2022-03-01,66.61,68.39,65.68,68.33,66.72,1.61,2.4131,406334.96,2724504.804
000333.SZ,2022-03-02,67.5,67.5,66.2,66.92,68.33,-1.41,-2.0635,247869.34,1658320.777
000333.SZ,2022-03-03,67.25,67.25,65.95,66.67,66.92,-0.25,-0.3736,262305.56,1743964.879
000333.SZ,2022-03-04,65.95,66.33,65.09,65.6,66.67,-1.07,-1.6049,305204.27,2001514.125
000333.SZ,2022-03-07,64.58,64.58,62.04,62.51,65.6,-3.09,-4.7104,476452.42,2998946.563
000333.SZ,2022-03-08,61.9,63.0,59.7,59.76,62.51,-2.75,-4.3993,577686.7,3513393.049
000333.SZ,2022-03-09,59.28,60.01,56.61,59.52,59.76,-0.24,-0.4016,562758.07,3289964.731
000333.SZ,2022-03-10,61.21,61.39,58.12,58.87,59.52,-0.65,-1.0921,473628.69,2809518.529
000333.SZ,2022-03-11,58.3,59.67,57.33,59.38,58.87,0.51,0.8663,356389.96,2080976.811
000333.SZ,2022-03-14,58.02,59.09,56.69,56.69,59.38,-2.69,-4.5301,319186.08,1851362.819
000333.SZ,2022-03-15,56.2,57.23,54.28,54.4,56.69,-2.29,-4.0395,499267.66,2779415.595
000333.SZ,2022-03-16,56.2,57.31,54.25,56.99,54.4,2.59,4.761,529457.81,2962039.193
000333.SZ,2022-03-17,59.44,59.68,57.61,58.7,56.99,1.71,3.0005,522664.37,3071637.071
000333.SZ,2022-03-18,58.7,59.01,57.65,58.9,58.7,0.2,0.3407,368393.05,2148265.062
000333.SZ,2022-03-21,59.03,59.55,58.0,58.45,58.9,-0.45,-0.764,306417.15,1798629.636
000333.SZ,2022-03-22,58.1,58.94,58.02,58.58,58.45,0.13,0.2224,194039.69,1134303.592
000333.SZ,2022-03-23,58.73,58.86,57.93,58.0,58.58,-0.58,-0.9901,243737.29,1418165.962
000333.SZ,2022-03-24,57.5,57.82,57.11,57.58,58.0,-0.42,-0.7241,236786.7,1361843.502
000333.SZ,2022-03-25,57.59,57.92,56.05,56.09,57.58,-1.49,-2.5877,252163.69,1430819.628
000333.SZ,2022-03-28,55.87,56.16,54.8,55.8,56.09,-0.29,-0.517,215852.82,1198968.556
000333.SZ,2022-03-29,56.11,56.23,54.46,54.65,55.8,-1.15,-2.0609,252429.58,1391082.042
000333.SZ,2022-03-30,54.99,57.0,54.95,57.0,54.65,2.35,4.3001,339002.53,1899860.141
000333.SZ,2022-03-31,56.9,57.2,56.22,57.0,57.0,0.0,0.0,251335.97,1428403.894
000333.SZ,2022-04-01,56.5,59.24,55.81,58.6,57.0,1.6,2.807,457751.7,2655473.47
000333.SZ,2022-04-06,58.05,59.18,57.9,58.41,58.6,-0.19,-0.3242,307531.72,1798592.443
000333.SZ,2022-04-07,57.65,59.12,57.61,57.7,58.41,-0.71,-1.2155,269420.29,1567998.977
000333.SZ,2022-04-08,57.7,57.92,56.84,57.33,57.7,-0.37,-0.6412,226827.29,1297780.224
000333.SZ,2022-04-11,57.45,57.47,55.27,55.36,57.33,-1.97,-3.4362,338124.28,1894585.19
000333.SZ,2022-04-12,55.74,57.5,55.29,57.44,55.36,2.08,3.7572,297174.87,1671057.316
000333.SZ,2022-04-13,56.98,57.45,56.43,56.57,57.44,-0.87,-1.5146,211986.59,1206396.766
000333.SZ,2022-04-14,57.02,59.08,57.02,58.72,56.57,2.15,3.8006,427416.64,2497101.925
000333.SZ,2022-04-15,58.32,59.3,58.16,58.65,58.72,-0.07,-0.1192,212421.1,1246877.156
000333.SZ,2022-04-18,58.5,58.5,57.53,57.57,58.65,-1.08,-1.8414,154682.05,893259.008
000333.SZ,2022-04-19,57.65,58.15,57.06,57.3,57.57,-0.27,-0.469,168494.54,971057.233
000333.SZ,2022-04-20,57.75,58.89,57.0,57.56,57.3,0.26,0.4538,216628.22,1255101.325
000333.SZ,2022-04-21,57.1,57.99,55.6,56.03,57.56,-1.53,-2.6581,279999.54,1586256.607
000333.SZ,2022-04-22,55.6,57.52,54.68,56.97,56.03,0.94,1.6777,244698.29,1373768.018
000333.SZ,2022-04-25,56.55,57.49,55.03,55.07,56.97,-1.9,-3.3351,325600.68,1837475.014
000333.SZ,2022-04-26,55.07,55.47,51.51,51.79,55.07,-3.28,-5.9561,632045.89,3336916.857
000333.SZ,2022-04-27,50.73,53.35,50.5,53.1,51.79,1.31,2.5294,375710.41,1983750.318
000333.SZ,2022-04-28,53.5,53.7,52.07,53.28,53.1,0.18,0.339,252589.16,1335819.842
000333.SZ,2022-04-29,54.0,57.29,53.28,57.09,53.28,3.81,7.1509,575241.01,3198610.308
000333.SZ,2022-05-05,58.05,59.38,57.85,58.7,57.09,1.61,2.8201,467907.22,2748594.256
000333.SZ,2022-05-06,57.6,58.5,57.39,58.2,58.7,-0.5,-0.8518,212169.98,1232140.905
000333.SZ,2022-05-09,57.25,57.52,55.77,56.36,58.2,-1.84,-3.1615,215296.84,1216418.056
000333.SZ,2022-05-10,55.23,56.89,55.0,56.6,56.36,0.24,0.4258,300571.37,1689113.755
000333.SZ,2022-05-11,56.48,57.5,56.0,56.68,56.6,0.08,0.1413,359115.06,2038556.236
000333.SZ,2022-05-12,56.58,56.58,55.28,55.74,56.68,-0.94,-1.6584,225790.89,1261668.407
000333.SZ,2022-05-13,56.52,57.17,56.2,57.01,55.74,1.27,2.2784,244320.11,1386786.846
000333.SZ,2022-05-16,57.52,58.75,55.55,56.2,57.01,-0.81,-1.4208,286645.01,1624257.211
000333.SZ,2022-05-17,56.0,57.5,55.7,57.39,56.2,1.19,2.1174,228313.67,1301041.283
000333.SZ,2022-05-18,57.5,57.67,55.92,56.63,57.39,-0.76,-1.3243,222697.49,1258738.707
000333.SZ,2022-05-19,55.79,56.19,55.33,55.82,56.63,-0.81,-1.4303,201958.9,1125169.384
000333.SZ,2022-05-20,55.9,57.12,55.36,56.9,55.82,1.08,1.9348,266084.69,1502431.004
000333.SZ,2022-05-23,56.35,56.5,54.09,54.31,56.9,-2.59,-4.5518,557831.04,3054327.11
000333.SZ,2022-05-24,54.06,54.69,53.55,53.79,54.31,-0.52,-0.9575,263462.72,1425290.686
000333.SZ,2022-05-25,53.5,53.8,53.0,53.4,53.79,-0.39,-0.725,221974.39,1182899.111
000333.SZ,2022-05-26,53.4,54.08,51.8,53.82,53.4,0.42,0.7865,423827.65,2242918.334
000333.SZ,2022-05-27,54.43,54.79,53.01,53.12,53.82,-0.7,-1.3006,352557.05,1897823.157
000333.SZ,2022-05-30,53.15,53.8,53.01,53.4,53.12,0.28,0.5271,216385.31,1152606.788
000333.SZ,2022-05-31,53.49,54.48,53.1,54.48,53.4,1.08,2.0225,355099.17,1910341.886
000333.SZ,2022-06-01,54.3,54.77,53.85,54.27,54.48,-0.21,-0.3855,292058.03,1584914.303
000333.SZ,2022-06-02,52.76,52.78,52.08,52.56,52.6,-0.04,-0.076,275846.41,1445923.346
000333.SZ,2022-06-06,52.58,52.93,51.58,52.79,52.56,0.23,0.4376,365208.9,1916117.643
000333.SZ,2022-06-07,52.5,53.13,52.1,53.0,52.79,0.21,0.3978,291695.48,1540591.783
000333.SZ,2022-06-08,53.01,53.8,52.53,52.99,53.0,-0.01,-0.0189,362976.64,1921801.465
000333.SZ,2022-06-09,52.85,53.15,52.19,52.38,52.99,-0.61,-1.1512,286835.58,1507868.964
000333.SZ,2022-06-10,52.11,52.34,51.75,52.25,52.38,-0.13,-0.2482,300348.87,1563195.289
000333.SZ,2022-06-13,51.8,51.85,50.66,51.06,52.25,-1.19,-2.2775,404262.93,2064281.836
000333.SZ,2022-06-14,50.3,51.56,50.12,51.43,51.06,0.37,0.7246,348424.1,1764306.398
000333.SZ,2022-06-15,51.12,55.0,51.12,54.44,51.43,3.01,5.8526,915077.76,4906858.801
000333.SZ,2022-06-16,54.47,54.93,53.49,53.83,54.44,-0.61,-1.1205,359381.69,1942251.73
000333.SZ,2022-06-17,53.03,55.41,52.52,54.76,53.83,0.93,1.7277,538134.36,2909185.799
000333.SZ,2022-06-20,55.16,57.55,55.16,57.06,54.76,2.3,4.2001,765308.84,4349794.665
000333.SZ,2022-06-21,57.1,58.39,56.65,57.29,57.06,0.23,0.4031,537077.27,3093973.214
000333.SZ,2022-06-22,57.27,57.27,56.0,56.0,57.29,-1.29,-2.2517,297211.3,1674082.885
000333.SZ,2022-06-23,55.96,56.47,55.3,55.99,56.0,-0.01,-0.0179,304532.0,1698132.572
000333.SZ,2022-06-24,55.99,58.95,55.76,57.8,55.99,1.81,3.2327,732010.62,4236370.54
000333.SZ,2022-06-27,58.3,60.08,58.3,59.1,57.8,1.3,2.2491,581583.68,3454900.579
000333.SZ,2022-06-28,59.6,59.6,58.45,59.1,59.1,0.0,0.0,322522.21,1902451.6
000333.SZ,2022-06-29,59.48,60.64,59.21,59.27,59.1,0.17,0.2876,420723.08,2520771.106
000333.SZ,2022-06-30,59.36,60.66,59.0,60.39,59.27,1.12,1.8897,370538.94,2223920.748
000333.SZ,2022-07-01,60.19,60.19,58.16,58.79,60.39,-1.6,-2.6494,337857.37,1992141.899
000333.SZ,2022-07-04,57.54,60.06,57.54,59.97,58.79,1.18,2.0071,313750.14,1867732.492
000333.SZ,2022-07-05,59.75,61.49,58.9,59.54,59.97,-0.43,-0.717,283846.93,1695670.01
000333.SZ,2022-07-06,60.05,61.03,58.67,59.28,59.54,-0.26,-0.4367,307640.43,1828885.012
000333.SZ,2022-07-07,59.02,59.8,58.5,58.7,59.28,-0.58,-0.9784,197471.89,1165987.949
000333.SZ,2022-07-08,59.12,59.12,57.9,58.58,58.7,-0.12,-0.2044,227250.14,1326085.879
000333.SZ,2022-07-11,58.26,59.2,57.72,58.9,58.58,0.32,0.5463,273547.36,1600533.212
000333.SZ,2022-07-12,59.05,60.88,59.05,60.1,58.9,1.2,2.0374,408103.85,2451083.764
000333.SZ,2022-07-13,60.08,60.25,58.03,58.3,60.1,-1.8,-2.995,387900.65,2277523.772
000333.SZ,2022-07-14,59.0,59.19,55.85,56.2,58.3,-2.1,-3.6021,545199.66,3101127.519
000333.SZ,2022-07-15,55.8,56.58,55.15,55.2,56.2,-1.0,-1.7794,302678.63,1686983.214
000333.SZ,2022-07-18,55.2,55.88,54.0,55.29,55.2,0.09,0.163,235493.7,1297826.117
000333.SZ,2022-07-19,55.1,55.66,54.76,55.03,55.29,-0.26,-0.4702,197097.17,1084831.637
000333.SZ,2022-07-20,55.47,56.35,55.1,55.43,55.03,0.4,0.7269,217051.9,1207951.154
000333.SZ,2022-07-21,55.5,55.9,54.8,54.89,55.43,-0.54,-0.9742,163846.97,902059.284
000333.SZ,2022-07-22,54.65,55.47,54.3,55.09,54.89,0.2,0.3644,186460.88,1022770.983
000333.SZ,2022-07-25,55.1,56.72,55.01,56.45,55.09,1.36,2.4687,360274.03,2023496.096
000333.SZ,2022-07-26,56.5,57.86,56.37,57.4,56.45,0.95,1.6829,263042.34,1507831.169
000333.SZ,2022-07-27,57.2,57.25,55.77,55.92,57.4,-1.48,-2.5784,244409.5,1372601.235
000333.SZ,2022-07-28,56.0,56.14,55.51,55.75,55.92,-0.17,-0.304,146147.02,815071.057
000333.SZ,2022-07-29,55.95,56.2,54.78,54.98,55.75,-0.77,-1.3812,237473.7,1312270.362
000333.SZ,2022-08-01,55.25,55.3,54.08,54.61,54.98,-0.37,-0.673,186467.47,1017042.234
000333.SZ,2022-08-02,54.08,54.1,52.9,53.6,54.61,-1.01,-1.8495,260485.94,1393045.271
000333.SZ,2022-08-03,53.21,54.01,52.08,52.25,53.6,-1.35,-2.5187,318780.19,1682530.016
000333.SZ,2022-08-04,52.4,52.77,52.1,52.5,52.25,0.25,0.4785,135291.07,709252.637
000333.SZ,2022-08-05,52.74,52.97,52.08,52.97,52.5,0.47,0.8952,198190.83,1039336.002
000333.SZ,2022-08-08,52.55,52.97,52.33,52.43,52.97,-0.54,-1.0194,218081.78,1144520.138
000333.SZ,2022-08-09,52.45,53.06,52.25,52.66,52.43,0.23,0.4387,160515.8,846230.165
000333.SZ,2022-08-10,52.63,52.63,51.77,51.83,52.66,-0.83,-1.5761,163023.56,847521.283
000333.SZ,2022-08-11,52.3,52.98,51.88,52.92,51.83,1.09,2.103,229538.84,1206195.924
000333.SZ,2022-08-12,52.71,53.46,52.43,53.16,52.92,0.24,0.4535,169878.56,899862.141
000333.SZ,2022-08-15,53.17,53.6,52.52,52.8,53.16,-0.36,-0.6772,183234.72,969855.784
000333.SZ,2022-08-16,52.82,52.89,52.3,52.6,52.8,-0.2,-0.3788,163357.48,858701.197
000333.SZ,2022-08-17,52.66,53.88,52.11,53.43,52.6,0.83,1.5779,238434.81,1266823.797
000333.SZ,2022-08-18,53.1,53.25,52.41,52.62,53.43,-0.81,-1.516,140884.56,742672.22
000333.SZ,2022-08-19,52.68,52.81,52.25,52.61,52.62,-0.01,-0.019,132152.5,695288.655
000333.SZ,2022-08-22,52.46,53.55,52.29,53.04,52.61,0.43,0.8173,238175.91,1266026.528
000333.SZ,2022-08-23,52.95,53.1,52.0,52.12,53.04,-0.92,-1.7345,220348.63,1151798.157
000333.SZ,2022-08-24,52.1,52.18,51.31,51.39,52.12,-0.73,-1.4006,215841.97,1113905.675
000333.SZ,2022-08-25,51.39,52.41,50.97,52.23,51.39,0.84,1.6346,209892.58,1083006.134
000333.SZ,2022-08-26,52.48,52.66,51.89,52.23,52.23,0.0,0.0,160406.27,837907.694
000333.SZ,2022-08-29,51.6,52.87,51.51,52.28,52.23,0.05,0.0957,164560.7,857943.932
000333.SZ,2022-08-30,52.49,53.21,52.08,52.3,52.28,0.02,0.0383,202708.47,1065091.301
000333.SZ,2022-08-31,52.1,53.65,52.09,53.24,52.3,0.94,1.7973,462838.36,2459353.194
000333.SZ,2022-09-01,53.23,55.5,53.23,55.11,53.24,1.87,3.5124,642105.45,3521209.362
000333.SZ,2022-09-02,55.11,55.11,53.17,53.65,55.11,-1.46,-2.6492,367460.48,1976289.178
000333.SZ,2022-09-05,53.1,54.0,52.88,53.8,53.65,0.15,0.2796,190275.45,1017336.572
000333.SZ,2022-09-06,53.81,54.21,53.4,53.46,53.8,-0.34,-0.632,177962.17,953823.605
000333.SZ,2022-09-07,53.67,53.69,52.98,53.05,53.46,-0.41,-0.7669,209953.08,1116835.915
000333.SZ,2022-09-08,53.05,53.75,53.05,53.37,53.05,0.32,0.6032,153656.77,822398.889
000333.SZ,2022-09-09,53.37,55.63,53.26,55.44,53.37,2.07,3.8786,523880.62,2884912.065
000333.SZ,2022-09-13,55.44,56.9,55.07,56.49,55.44,1.05,1.8939,346024.46,1947119.369
000333.SZ,2022-09-14,55.5,56.25,55.4,55.93,56.49,-0.56,-0.9913,187472.66,1046314.871
000333.SZ,2022-09-15,55.89,57.2,55.69,56.34,55.93,0.41,0.7331,289698.48,1636891.139
000333.SZ,2022-09-16,55.99,56.1,54.9,55.12,56.34,-1.22,-2.1654,259939.97,1439024.736
000333.SZ,2022-09-19,54.67,55.44,54.12,54.98,55.12,-0.14,-0.254,203600.49,1115777.266
000333.SZ,2022-09-20,54.85,55.1,53.3,53.52,54.98,-1.46,-2.6555,350659.81,1883992.924
000333.SZ,2022-09-21,54.43,54.46,52.34,52.85,53.52,-0.67,-1.2519,267751.69,1414578.653
000333.SZ,2022-09-22,52.74,52.75,51.29,51.5,52.85,-1.35,-2.5544,401431.84,2075058.537
000333.SZ,2022-09-23,51.11,51.89,51.0,51.34,51.5,-0.16,-0.3107,175176.02,899511.432
000333.SZ,2022-09-26,51.0,52.0,50.89,51.05,51.34,-0.29,-0.5649,205532.86,1055235.704
000333.SZ,2022-09-27,51.15,51.88,50.3,51.68,51.05,0.63,1.2341,247649.67,1268264.653
000333.SZ,2022-09-28,51.5,51.77,51.1,51.17,51.68,-0.51,-0.9868,135576.68,697308.166
000333.SZ,2022-09-29,51.47,51.76,50.3,50.5,51.17,-0.67,-1.3094,253194.93,1286757.816
000333.SZ,2022-09-30,50.13,50.57,49.31,49.31,50.5,-1.19,-2.3564,355638.3,1767860.148
000333.SZ,2022-10-10,49.31,49.99,48.46,48.7,49.31,-0.61,-1.2371,260144.96,1282724.398
000333.SZ,2022-10-11,48.69,48.85,48.0,48.37,48.7,-0.33,-0.6776,220036.9,1061344.41
000333.SZ,2022-10-12,48.05,48.3,47.0,48.27,48.37,-0.1,-0.2067,240971.24,1147459.231
000333.SZ,2022-10-13,47.99,48.0,47.01,47.06,48.27,-1.21,-2.5067,277453.74,1314811.925
000333.SZ,2022-10-14,47.25,48.25,47.1,47.99,47.06,0.93,1.9762,313387.71,1498957.703
000333.SZ,2022-10-17,47.71,47.85,47.3,47.67,47.99,-0.32,-0.6668,235017.11,1116822.628
000333.SZ,2022-10-18,47.98,48.15,47.33,47.44,47.67,-0.23,-0.4825,270086.01,1286487.097
000333.SZ,2022-10-19,47.36,47.36,45.17,45.22,47.44,-2.22,-4.6796,556549.21,2560635.75
000333.SZ,2022-10-20,44.8,45.28,43.86,44.38,45.22,-0.84,-1.8576,366478.44,1635034.406
000333.SZ,2022-10-21,44.39,44.78,43.77,44.0,44.38,-0.38,-0.8562,272431.9,1202555.595
000333.SZ,2022-10-24,43.7,44.32,42.3,42.39,44.0,-1.61,-3.6591,459169.36,1972598.643
000333.SZ,2022-10-25,42.8,42.95,41.98,42.02,42.39,-0.37,-0.8728,414401.11,1755695.125
000333.SZ,2022-10-26,42.2,43.21,42.16,42.46,42.02,0.44,1.0471,362814.05,1546847.301
000333.SZ,2022-10-27,42.7,43.0,42.3,42.58,42.46,0.12,0.2826,226402.81,965896.179
000333.SZ,2022-10-28,42.21,42.38,40.62,40.76,42.58,-1.82,-4.2743,401750.3,1664548.587
000333.SZ,2022-10-31,40.73,40.8,40.1,40.18,40.76,-0.58,-1.423,345535.05,1396541.436
000333.SZ,2022-11-01,40.58,41.6,40.09,41.6,40.18,1.42,3.5341,480671.42,1965965.682
000333.SZ,2022-11-02,41.4,42.6,41.22,42.08,41.6,0.48,1.1538,380199.49,1594625.96
000333.SZ,2022-11-03,41.8,41.87,41.2,41.58,42.08,-0.5,-1.1882,288534.88,1197662.698
000333.SZ,2022-11-04,41.63,43.35,41.58,43.09,41.58,1.51,3.6316,457491.25,1955851.185
000333.SZ,2022-11-07,43.0,43.26,42.51,43.06,43.09,-0.03,-0.0696,331596.14,1424760.638
000333.SZ,2022-11-08,43.12,43.29,42.58,43.0,43.06,-0.06,-0.1393,305581.88,1312592.117
000333.SZ,2022-11-09,43.39,43.85,42.95,43.04,43.0,0.04,0.093,229904.25,995215.2
000333.SZ,2022-11-10,42.75,42.98,42.53,42.97,43.04,-0.07,-0.1626,223053.99,954033.824
000333.SZ,2022-11-11,44.53,46.2,43.71,45.63,42.97,2.66,6.1904,828835.08,3734773.54
000333.SZ,2022-11-14,47.92,49.11,47.3,47.8,45.63,2.17,4.7556,1000204.07,4791202.404
000333.SZ,2022-11-15,48.5,49.58,47.7,49.07,47.8,1.27,2.6569,512287.92,2501777.032
000333.SZ,2022-11-16,49.4,49.4,48.16,48.46,49.07,-0.61,-1.2431,259926.49,1264627.973
000333.SZ,2022-11-17,48.39,49.1,47.68,47.96,48.46,-0.5,-1.0318,192845.95,927024.366
000333.SZ,2022-11-18,48.36,48.54,47.68,47.97,47.96,0.01,0.0209,160676.21,772609.93
000333.SZ,2022-11-21,47.47,47.47,46.24,46.34,47.97,-1.63,-3.398,345233.82,1604372.658
000333.SZ,2022-11-22,46.4,47.04,45.9,46.3,46.34,-0.04,-0.0863,235691.57,1092152.104
000333.SZ,2022-11-23,46.23,46.54,46.02,46.28,46.3,-0.02,-0.0432,142552.19,659509.322
000333.SZ,2022-11-24,46.75,47.2,45.78,45.91,46.28,-0.37,-0.7995,213799.92,987544.043
000333.SZ,2022-11-25,45.91,47.09,45.83,46.69,45.91,0.78,1.699,246974.64,1150838.919
000333.SZ,2022-11-28,45.68,46.45,45.23,46.29,46.69,-0.4,-0.8567,226551.4,1036165.23
000333.SZ,2022-11-29,48.0,48.78,46.92,48.42,46.29,2.13,4.6014,389286.72,1868785.967
000333.SZ,2022-11-30,48.18,48.98,47.49,47.87,48.42,-0.55,-1.1359,272875.54,1310967.68
000333.SZ,2022-12-01,48.81,49.33,48.27,48.31,47.87,0.44,0.9192,276044.87,1344223.508
000333.SZ,2022-12-02,48.04,48.6,47.76,48.04,48.31,-0.27,-0.5589,170150.14,818020.498
000333.SZ,2022-12-05,48.49,50.0,48.4,49.7,48.04,1.66,3.4555,361068.42,1785930.108
000333.SZ,2022-12-06,49.69,50.66,49.02,50.0,49.7,0.3,0.6036,325269.56,1629245.814
000333.SZ,2022-12-07,50.0,51.68,49.5,51.25,50.0,1.25,2.5,436563.79,2229128.245
000333.SZ,2022-12-08,51.35,52.48,50.84,51.75,51.25,0.5,0.9756,390780.18,2028801.619
000333.SZ,2022-12-09,51.96,54.33,51.81,54.3,51.75,2.55,4.9275,699405.81,3745342.826
000333.SZ,2022-12-12,53.7,54.97,53.3,54.43,54.3,0.13,0.2394,466632.87,2533376.175
000333.SZ,2022-12-13,54.21,54.4,53.65,53.95,54.43,-0.48,-0.8819,306193.3,1650838.607
000333.SZ,2022-12-14,53.45,55.06,53.45,54.89,53.95,0.94,1.7424,260850.29,1420701.035
000333.SZ,2022-12-15,54.9,55.8,53.25,53.63,54.89,-1.26,-2.2955,278042.72,1498675.16
000333.SZ,2022-12-16,53.28,54.15,52.77,54.0,53.63,0.37,0.6899,197449.59,1058833.013
000333.SZ,2022-12-19,54.0,54.38,53.28,53.68,54.0,-0.32,-0.5926,160763.66,864239.617
000333.SZ,2022-12-20,53.0,53.09,51.55,51.57,53.68,-2.11,-3.9307,272453.86,1417537.681
000333.SZ,2022-12-21,51.29,52.49,51.29,51.68,51.57,0.11,0.2133,130741.6,679672.974
000333.SZ,2022-12-22,51.94,53.28,51.77,52.2,51.68,0.52,1.0062,228123.2,1199123.082
000333.SZ,2022-12-23,51.98,53.15,51.43,52.38,52.2,0.18,0.3448,163439.14,860296.627
000333.SZ,2022-12-26,52.68,52.88,51.36,51.5,52.38,-0.88,-1.68,153879.18,795665.125
000333.SZ,2022-12-27,51.79,53.03,51.41,52.94,51.5,1.44,2.7961,173391.27,911438.654
000333.SZ,2022-12-28,52.43,52.75,51.9,52.05,52.94,-0.89,-1.6811,163229.11,852152.449
000333.SZ,2022-12-29,51.62,52.19,51.02,51.73,52.05,-0.32,-0.6148,119950.5,619844.87
000333.SZ,2022-12-30,51.8,52.5,51.7,51.8,51.73,0.07,0.1353,127732.75,665300.213
000333.SZ,2023-01-03,52.0,52.23,51.23,51.88,51.8,0.08,0.1544,163628.02,846525.405
000333.SZ,2023-01-04,51.69,53.83,51.65,53.75,51.88,1.87,3.6045,261341.13,1390708.575
000333.SZ,2023-01-05,54.0,54.99,53.95,54.91,53.75,1.16,2.1581,294216.68,1608128.838
000333.SZ,2023-01-06,54.97,55.16,53.91,54.01,54.91,-0.9,-1.639,195001.49,1058139.217
000333.SZ,2023-01-09,54.1,54.45,53.4,54.11,54.01,0.1,0.1852,204276.78,1101325.466
000333.SZ,2023-01-10,53.99,54.4,53.43,53.5,54.11,-0.61,-1.1273,154340.14,829875.435
000333.SZ,2023-01-11,53.45,55.18,53.4,54.5,53.5,1.0,1.8692,214610.41,1171606.255
000333.SZ,2023-01-12,54.3,55.0,54.01,54.77,54.5,0.27,0.4954,145818.25,797908.67
000333.SZ,2023-01-13,54.87,56.0,54.5,55.95,54.77,1.18,2.1545,265803.3,1471250.757
000333.SZ,2023-01-16,56.03,58.36,56.02,57.7,55.95,1.75,3.1278,330180.79,1899010.907
000333.SZ,2023-01-17,57.69,58.18,57.15,58.0,57.7,0.3,0.5199,188113.56,1087194.817
000333.SZ,2023-01-18,58.0,58.5,57.37,57.6,58.0,-0.4,-0.6897,130357.53,751785.488
000333.SZ,2023-01-19,57.46,57.55,56.7,57.38,57.6,-0.22,-0.3819,194679.45,1110365.667
000333.SZ,2023-01-20,57.46,57.84,56.96,57.08,57.38,-0.3,-0.5228,108608.28,621198.692
000333.SZ,2023-01-30,57.44,58.08,55.59,55.65,57.08,-1.43,-2.5053,256195.69,1445902.234
000333.SZ,2023-01-31,55.4,56.15,55.0,55.2,55.65,-0.45,-0.8086,232598.35,1290578.245
000333.SZ,2023-02-01,55.29,55.99,54.45,55.5,55.2,0.3,0.5435,267247.09,1474820.029
000333.SZ,2023-02-02,55.45,55.6,53.62,53.96,55.5,-1.54,-2.7748,367678.04,1990832.647
000333.SZ,2023-02-03,53.7,53.95,52.86,53.31,53.96,-0.65,-1.2046,208300.2,1109569.943
000333.SZ,2023-02-06,52.81,52.81,51.08,51.25,53.31,-2.06,-3.8642,421856.53,2172641.979
000333.SZ,2023-02-07,51.36,51.7,51.1,51.5,51.25,0.25,0.4878,209008.69,1075310.677
000333.SZ,2023-02-08,51.39,51.5,50.86,51.01,51.5,-0.49,-0.9515,191017.62,976761.616
000333.SZ,2023-02-09,50.8,51.73,50.49,51.53,51.01,0.52,1.0194,227382.53,1167989.709
000333.SZ,2023-02-10,51.35,51.75,51.29,51.62,51.53,0.09,0.1747,139888.66,720948.239
000333.SZ,2023-02-13,51.5,52.58,51.03,52.44,51.62,0.82,1.5885,306391.11,1588991.529
000333.SZ,2023-02-14,52.45,52.65,51.81,52.21,52.44,-0.23,-0.4386,214375.13,1116499.05
000333.SZ,2023-02-15,52.2,52.21,51.18,51.35,52.21,-0.86,-1.6472,179488.0,924114.015
000333.SZ,2023-02-16,51.1,51.75,50.8,51.28,51.35,-0.07,-0.1363,216986.75,1115558.778
000333.SZ,2023-02-17,51.05,51.5,51.02,51.38,51.28,0.1,0.195,158066.09,811189.152
000333.SZ,2023-02-20,51.5,53.69,51.11,53.3,51.38,1.92,3.7369,383136.06,2019572.889
000333.SZ,2023-02-21,53.3,53.8,52.73,53.54,53.3,0.24,0.4503,256493.38,1369820.914
000333.SZ,2023-02-22,53.0,53.18,52.41,52.78,53.54,-0.76,-1.4195,229115.45,1208465.938
000333.SZ,2023-02-23,52.79,53.88,52.79,53.37,52.78,0.59,1.1178,240107.2,1283774.547
000333.SZ,2023-02-24,53.18,53.39,52.82,52.98,53.37,-0.39,-0.7307,169277.79,898514.54
000333.SZ,2023-02-27,52.6,52.98,51.86,52.4,52.98,-0.58,-1.0948,169471.43,888727.921
000333.SZ,2023-02-28,52.02,53.14,52.02,52.46,52.4,0.06,0.1145,194045.36,1019960.547
000333.SZ,2023-03-01,52.51,54.99,52.51,54.62,52.46,2.16,4.1174,432974.7,2350199.969
000333.SZ,2023-03-02,54.6,55.68,54.15,54.85,54.62,0.23,0.4211,255489.79,1408679.946
000333.SZ,2023-03-03,55.25,55.84,54.66,55.2,54.85,0.35,0.6381,197415.0,1090871.927
000333.SZ,2023-03-06,54.84,55.0,53.81,53.83,55.2,-1.37,-2.4819,259356.84,1403695.33
000333.SZ,2023-03-07,53.84,54.37,52.7,52.86,53.83,-0.97,-1.802,194737.91,1041648.712
000333.SZ,2023-03-08,52.65,52.8,52.07,52.29,52.86,-0.57,-1.0783,144947.98,759112.018
000333.SZ,2023-03-09,52.29,53.25,52.27,52.7,52.29,0.41,0.7841,130131.02,688042.45
000333.SZ,2023-03-10,52.24,52.5,51.02,51.15,52.7,-1.55,-2.9412,192133.89,991798.894
000333.SZ,2023-03-13,51.01,52.24,51.0,52.06,51.15,0.91,1.7791,194836.58,1009855.801
000333.SZ,2023-03-14,51.72,51.91,50.7,51.15,52.06,-0.91,-1.748,165010.73,844706.515
000333.SZ,2023-03-15,51.5,51.63,50.4,50.46,51.15,-0.69,-1.349,209456.17,1067097.771
000333.SZ,2023-03-16,50.08,50.39,49.65,50.04,50.46,-0.42,-0.8323,121819.53,610120.756
000333.SZ,2023-03-17,50.5,51.18,50.06,50.33,50.04,0.29,0.5795,201230.77,1018389.815
000333.SZ,2023-03-20,50.18,51.13,50.1,50.44,50.33,0.11,0.2186,163015.24,826038.623
000333.SZ,2023-03-21,50.55,52.14,50.55,52.1,50.44,1.66,3.291,231466.46,1191368.462
000333.SZ,2023-03-22,52.2,52.27,51.3,51.7,52.1,-0.4,-0.7678,135542.48,700825.341
000333.SZ,2023-03-23,51.48,52.0,51.39,51.82,51.7,0.12,0.2321,123790.07,641022.829
000333.SZ,2023-03-24,51.82,52.17,51.64,52.09,51.82,0.27,0.521,132775.63,689957.504
000333.SZ,2023-03-27,52.09,52.46,51.7,51.85,52.09,-0.24,-0.4607,127683.45,663222.02
000333.SZ,2023-03-28,51.7,52.08,51.06,51.09,51.85,-0.76,-1.4658,128678.93,660858.734
000333.SZ,2023-03-29,51.38,51.57,51.1,51.4,51.09,0.31,0.6068,128030.42,656903.325
000333.SZ,2023-03-30,51.35,54.8,51.3,54.47,51.4,3.07,5.9728,571574.12,3061435.505
000333.SZ,2023-03-31,54.11,54.62,53.36,53.81,54.47,-0.66,-1.2117,277887.5,1500198.904
000333.SZ,2023-04-03,55.0,55.4,54.2,54.69,53.81,0.88,1.6354,373914.78,2056019.795
000333.SZ,2023-04-04,54.5,54.72,53.75,54.63,54.69,-0.06,-0.1097,179891.25,975597.257
000333.SZ,2023-04-06,54.42,55.0,53.75,54.02,54.63,-0.61,-1.1166,152434.79,827518.348
000333.SZ,2023-04-07,53.91,55.27,53.91,54.68,54.02,0.66,1.2218,158640.67,869954.356
000333.SZ,2023-04-10,54.4,55.06,54.01,54.76,54.68,0.08,0.1463,156492.55,853817.627
000333.SZ,2023-04-11,54.41,56.37,54.4,55.84,54.76,1.08,1.9722,324365.52,1815026.843
000333.SZ,2023-04-12,55.84,56.75,55.4,55.5,55.84,-0.34,-0.6089,223024.6,1251325.789
000333.SZ,2023-04-13,55.05,55.29,54.14,54.14,55.5,-1.36,-2.4505,182594.94,994810.155
000333.SZ,2023-04-14,54.18,54.65,53.83,53.94,54.14,-0.2,-0.3694,142124.47,771635.252
000333.SZ,2023-04-17,53.91,55.58,53.89,55.42,53.94,1.48,2.7438,262280.48,1444699.532
000333.SZ,2023-04-18,55.2,57.4,55.17,56.78,55.42,1.36,2.454,387063.49,2197663.192
000333.SZ,2023-04-19,56.78,57.25,56.05,56.08,56.78,-0.7,-1.2328,191886.58,1084909.581
000333.SZ,2023-04-20,56.18,58.04,56.18,57.04,56.08,0.96,1.7118,367949.25,2114956.905
000333.SZ,2023-04-21,57.4,58.6,56.75,56.85,57.04,-0.19,-0.3331,398924.02,2311553.652
000333.SZ,2023-04-24,56.2,58.75,56.01,57.03,56.85,0.18,0.3166,339921.2,1960933.654
000333.SZ,2023-04-25,57.0,58.04,55.65,57.65,57.03,0.62,1.0871,429620.96,2450369.691
000333.SZ,2023-04-26,57.02,57.35,55.97,56.7,57.65,-0.95,-1.6479,239341.84,1357589.707
000333.SZ,2023-04-27,56.17,57.75,56.17,57.26,56.7,0.56,0.9877,157770.59,898336.283
000333.SZ,2023-04-28,57.25,57.35,56.21,56.78,57.26,-0.48,-0.8383,156905.51,891005.835
000333.SZ,2023-05-04,57.22,58.45,55.85,56.58,56.78,-0.2,-0.3522,268565.62,1525949.937
000333.SZ,2023-05-05,56.4,56.4,54.08,55.33,56.58,-1.25,-2.2093,342122.87,1879206.731
000333.SZ,2023-05-08,55.33,55.99,54.47,55.01,55.33,-0.32,-0.5783,208721.7,1151128.787
000333.SZ,2023-05-09,54.8,55.56,54.01,54.8,55.01,-0.21,-0.3817,181393.72,995439.011
000333.SZ,2023-05-10,54.5,56.0,53.88,55.4,54.8,0.6,1.0949,174625.98,965082.241
000333.SZ,2023-05-11,55.55,56.72,55.34,55.45,55.4,0.05,0.0903,126224.53,706491.978
000333.SZ,2023-05-12,55.33,57.49,55.31,55.82,55.45,0.37,0.6673,165590.1,935578.508
000333.SZ,2023-05-15,55.86,56.74,55.01,56.59,55.82,0.77,1.3794,140666.47,786956.985
000333.SZ,2023-05-16,56.59,57.24,55.11,55.35,56.59,-1.24,-2.1912,136125.88,760273.937
000333.SZ,2023-05-17,55.22,56.4,54.81,55.02,55.35,-0.33,-0.5962,90762.72,501402.35
000333.SZ,2023-05-18,55.15,55.42,54.55,55.0,55.02,-0.02,-0.0364,110695.23,609452.71
000333.SZ,2023-05-19,54.66,56.86,54.66,55.8,55.0,0.8,1.4545,203843.43,1140023.139
000333.SZ,2023-05-22,55.8,56.95,55.8,56.71,55.8,0.91,1.6308,151997.83,860397.294
000333.SZ,2023-05-23,56.69,56.95,55.88,55.95,56.71,-0.76,-1.3402,155851.36,878179.042
000333.SZ,2023-05-24,55.82,55.89,53.5,53.6,55.95,-2.35,-4.2002,266742.42,1447402.65
000333.SZ,2023-05-25,53.4,54.49,52.68,54.01,53.6,0.41,0.7649,171433.91,923732.853
000333.SZ,2023-05-26,54.01,54.45,53.48,54.26,54.01,0.25,0.4629,111660.52,602101.038
000333.SZ,2023-05-29,54.27,54.69,53.08,53.45,54.26,-0.81,-1.4928,174334.49,936727.538
000333.SZ,2023-05-30,53.45,53.66,51.79,52.33,53.45,-1.12,-2.0954,320846.04,1678415.61
000333.SZ,2023-05-31,52.59,52.7,51.1,51.33,52.33,-1.0,-1.9109,280649.59,1445385.156
000333.SZ,2023-06-01,49.02,49.8,48.53,48.89,48.88,0.01,0.0205,348934.93,1711949.689
000333.SZ,2023-06-02,50.0,52.1,49.99,51.8,48.89,2.91,5.9521,499392.27,2566107.482
000333.SZ,2023-06-05,52.51,54.15,51.59,53.94,51.8,2.14,4.1313,399399.7,2119331.989
000333.SZ,2023-06-06,53.94,55.31,53.05,54.21,53.94,0.27,0.5006,342618.27,1866611.024
000333.SZ,2023-06-07,55.5,55.77,54.49,55.25,54.21,1.04,1.9185,369086.74,2035955.381
000333.SZ,2023-06-08,55.7,57.11,55.2,56.89,55.25,1.64,2.9683,475531.47,2680031.436
000333.SZ,2023-06-09,57.5,57.76,55.77,56.11,56.89,-0.78,-1.3711,410651.87,2319633.365
000333.SZ,2023-06-12,56.12,57.82,55.7,57.35,56.11,1.24,2.2099,396210.01,2256003.427
000333.SZ,2023-06-13,57.26,57.77,56.26,56.61,57.35,-0.74,-1.2903,248501.43,1409611.782
000333.SZ,2023-06-14,57.23,57.98,56.62,57.08,56.61,0.47,0.8302,360006.8,2057761.143
000333.SZ,2023-06-15,57.26,58.58,57.01,58.0,57.08,0.92,1.6118,312765.44,1814552.067
000333.SZ,2023-06-16,58.4,58.99,57.4,58.35,58.0,0.35,0.6034,300060.82,1745695.208
000333.SZ,2023-06-19,58.0,58.14,56.7,56.81,58.35,-1.54,-2.6392,289110.37,1651975.82
000333.SZ,2023-06-20,56.92,58.92,56.8,57.58,56.81,0.77,1.3554,243810.22,1413907.766
000333.SZ,2023-06-21,58.0,59.6,57.4,58.28,57.58,0.7,1.2157,451303.47,2649838.248
000333.SZ,2023-06-26,59.83,59.95,57.8,58.14,58.28,-0.14,-0.2402,335581.38,1957482.192
000333.SZ,2023-06-27,58.22,60.15,57.88,59.69,58.14,1.55,2.666,481236.55,2851634.265
000333.SZ,2023-06-28,59.45,60.52,59.21,59.7,59.69,0.01,0.0168,327900.73,1964640.593
000333.SZ,2023-06-29,59.72,59.79,58.22,59.14,59.7,-0.56,-0.938,276783.49,1635162.204
000333.SZ,2023-06-30,59.23,59.82,58.56,58.92,59.14,-0.22,-0.372,264875.91,1563113.127
000333.SZ,2023-07-03,58.88,60.38,58.33,59.06,58.92,0.14,0.2376,318761.84,1892919.808
000333.SZ,2023-07-04,59.28,59.6,58.12,58.9,59.06,-0.16,-0.2709,219445.69,1290009.362
000333.SZ,2023-07-05,59.09,59.33,58.42,59.12,58.9,0.22,0.3735,187015.74,1103273.064
000333.SZ,2023-07-06,59.13,59.75,58.3,58.37,59.12,-0.75,-1.2686,169576.94,995554.523
000333.SZ,2023-07-07,58.04,58.59,57.2,57.75,58.37,-0.62,-1.0622,293796.08,1698410.265
000333.SZ,2023-07-10,57.82,57.93,56.04,56.63,57.75,-1.12,-1.9394,320859.74,1818167.156
000333.SZ,2023-07-11,56.8,57.08,56.4,56.66,56.63,0.03,0.053,158027.95,896629.01
000333.SZ,2023-07-12,56.9,58.08,56.4,57.09,56.66,0.43,0.7589,187815.02,1079865.899
000333.SZ,2023-07-13,57.2,58.32,57.2,57.8,57.09,0.71,1.2437,169306.74,978559.177
000333.SZ,2023-07-14,57.75,58.27,57.02,57.46,57.8,-0.34,-0.5882,105000.05,603243.716
000333.SZ,2023-07-17,57.2,57.2,56.3,57.13,57.46,-0.33,-0.5743,90424.88,512387.287
000333.SZ,2023-07-18,57.4,57.4,55.67,56.74,57.13,-0.39,-0.6827,239882.28,1351665.336
000333.SZ,2023-07-19,56.89,58.35,56.67,58.13,56.74,1.39,2.4498,278044.25,1601948.634
000333.SZ,2023-07-20,57.9,58.65,57.44,57.53,58.13,-0.6,-1.0322,140515.9,815686.031
000333.SZ,2023-07-21,57.55,58.08,56.99,57.13,57.53,-0.4,-0.6953,120709.21,693513.021
000333.SZ,2023-07-24,57.13,57.36,56.13,56.77,57.13,-0.36,-0.6301,115887.57,657937.835
000333.SZ,2023-07-25,57.86,59.28,57.8,58.98,56.77,2.21,3.8929,376481.19,2216891.659
000333.SZ,2023-07-26,58.81,59.54,58.48,58.58,58.98,-0.4,-0.6782,187525.82,1105031.414
000333.SZ,2023-07-27,58.55,59.12,58.35,58.48,58.58,-0.1,-0.1707,151970.44,893501.893
000333.SZ,2023-07-28,58.7,59.82,58.11,59.74,58.48,1.26,2.1546,240041.26,1424164.599
000333.SZ,2023-07-31,60.95,61.3,59.15,59.32,59.74,-0.42,-0.703,325182.68,1952524.583
000333.SZ,2023-08-01,59.32,59.69,58.13,58.25,59.32,-1.07,-1.8038,204186.27,1197877.269
000333.SZ,2023-08-02,58.1,58.82,57.77,58.3,58.25,0.05,0.0858,235436.08,1370719.586
000333.SZ,2023-08-03,57.98,58.2,56.99,57.98,58.3,-0.32,-0.5489,233629.11,1344124.458
000333.SZ,2023-08-04,58.3,58.99,57.81,57.92,57.98,-0.06,-0.1035,196636.92,1147020.985
000333.SZ,2023-08-07,57.79,58.19,57.34,57.88,57.92,-0.04,-0.0691,153706.96,887391.729
000333.SZ,2023-08-08,57.5,57.55,56.96,57.0,57.88,-0.88,-1.5204,136354.68,779253.638
000333.SZ,2023-08-09,57.19,57.7,57.04,57.56,57.0,0.56,0.9825,151434.09,868904.097
000333.SZ,2023-08-10,57.21,57.3,55.5,56.35,57.56,-1.21,-2.1022,385304.64,2159087.492
000333.SZ,2023-08-11,56.29,56.45,55.14,55.18,56.35,-1.17,-2.0763,255333.12,1419423.215
000333.SZ,2023-08-14,54.5,55.57,54.28,55.44,55.18,0.26,0.4712,195166.87,1073370.152
000333.SZ,2023-08-15,55.31,55.56,54.6,55.16,55.44,-0.28,-0.5051,163704.34,901353.362
000333.SZ,2023-08-16,54.8,55.36,54.36,55.23,55.16,0.07,0.1269,153587.26,843256.905
000333.SZ,2023-08-17,54.9,55.94,54.53,55.84,55.23,0.61,1.1045,152165.04,842880.581
000333.SZ,2023-08-18,55.78,55.85,54.63,54.79,55.84,-1.05,-1.8804,134638.34,741138.399
000333.SZ,2023-08-21,54.61,55.36,54.35,54.38,54.79,-0.41,-0.7483,131171.58,718680.501
000333.SZ,2023-08-22,54.3,54.68,53.41,54.37,54.38,-0.01,-0.0184,230542.76,1249497.364
000333.SZ,2023-08-23,54.12,54.66,53.6,53.72,54.37,-0.65,-1.1955,157983.13,854634.875
000333.SZ,2023-08-24,53.99,55.45,53.5,55.05,53.72,1.33,2.4758,255835.79,1398433.375
000333.SZ,2023-08-25,54.95,55.99,54.52,55.26,55.05,0.21,0.3815,164727.88,907722.078
000333.SZ,2023-08-28,57.3,57.98,55.78,56.16,55.26,0.9,1.6287,288003.77,1624044.691
000333.SZ,2023-08-29,55.88,56.49,55.55,56.05,56.16,-0.11,-0.1959,217871.21,1221870.56
000333.SZ,2023-08-30,56.04,57.18,55.71,56.82,56.05,0.77,1.3738,233664.21,1323189.377
000333.SZ,2023-08-31,57.3,57.8,56.48,56.51,56.82,-0.31,-0.5456,280837.65,1596998.96
000333.SZ,2023-09-01,57.0,58.5,56.99,57.93,56.51,1.42,2.5128,266505.64,1541478.628
000333.SZ,2023-09-04,58.5,58.8,57.62,58.22,57.93,0.29,0.5006,200900.11,1169057.32
000333.SZ,2023-09-05,58.26,58.49,57.61,57.78,58.22,-0.44,-0.7558,153090.15,887170.82
000333.SZ,2023-09-06,57.51,58.0,56.88,57.18,57.78,-0.6,-1.0384,208883.35,1194824.718
000333.SZ,2023-09-07,57.09,57.12,56.5,56.57,57.18,-0.61,-1.0668,136399.11,774015.905
000333.SZ,2023-09-08,56.74,56.83,55.81,56.08,56.57,-0.49,-0.8662,84001.81,471931.158
000333.SZ,2023-09-11,56.31,56.88,56.01,56.43,56.08,0.35,0.6241,140721.3,793322.668
000333.SZ,2023-09-12,56.42,57.72,56.3,57.21,56.43,0.78,1.3822,164034.4,937947.089
000333.SZ,2023-09-13,57.1,57.54,56.7,57.0,57.21,-0.21,-0.3671,107434.02,613122.121
000333.SZ,2023-09-14,57.01,57.26,56.26,56.55,57.0,-0.45,-0.7895,102894.65,581688.866
000333.SZ,2023-09-15,56.64,56.69,55.3,55.79,56.55,-0.76,-1.3439,164511.82,917665.599
000333.SZ,2023-09-18,55.8,56.59,55.21,56.1,55.79,0.31,0.5557,144277.93,808841.172
000333.SZ,2023-09-19,55.99,56.15,55.45,56.05,56.1,-0.05,-0.0891,123661.26,689874.974
000333.SZ,2023-09-20,56.03,57.24,55.73,56.89,56.05,0.84,1.4987,213801.1,1210967.114
000333.SZ,2023-09-21,56.88,56.88,56.02,56.32,56.89,-0.57,-1.0019,167691.42,946858.135
000333.SZ,2023-09-22,56.59,57.11,56.17,57.05,56.32,0.73,1.2962,221702.48,1259327.923
000333.SZ,2023-09-25,56.89,56.89,56.23,56.63,57.05,-0.42,-0.7362,166431.59,941423.313
000333.SZ,2023-09-26,56.76,57.2,56.0,56.0,56.63,-0.63,-1.1125,189349.41,1067479.335
000333.SZ,2023-09-27,56.0,56.66,55.43,56.19,56.0,0.19,0.3393,188109.49,1054884.218
000333.SZ,2023-09-28,56.39,56.5,55.41,55.48,56.19,-0.71,-1.2636,170975.78,953613.284
000333.SZ,2023-10-09,55.46,56.11,54.9,55.76,55.48,0.28,0.5047,286595.45,1591907.096
000333.SZ,2023-10-10,55.49,55.77,54.42,54.77,55.76,-0.99,-1.7755,214996.37,1179223.5
000333.SZ,2023-10-11,54.75,55.89,54.5,54.77,54.77,0.0,0.0,204183.79,1123573.121
000333.SZ,2023-10-12,55.0,55.48,54.61,55.28,54.77,0.51,0.9312,176042.42,970427.692
000333.SZ,2023-10-13,55.19,55.44,54.53,54.99,55.28,-0.29,-0.5246,129960.04,712981.554
000333.SZ,2023-10-16,54.8,55.41,54.8,55.08,54.99,0.09,0.1637,150202.14,826944.835
000333.SZ,2023-10-17,55.08,55.99,55.05,55.88,55.08,0.8,1.4524,168301.58,936368.372
000333.SZ,2023-10-18,55.68,55.89,55.21,55.47,55.88,-0.41,-0.7337,106370.84,590623.193
000333.SZ,2023-10-19,55.29,55.29,54.18,54.23,55.47,-1.24,-2.2354,201960.84,1103206.37
000333.SZ,2023-10-20,53.94,54.06,52.88,53.18,54.23,-1.05,-1.9362,210898.04,1123754.128
000333.SZ,2023-10-23,53.0,53.63,52.71,53.25,53.18,0.07,0.1316,168643.66,897561.653
000333.SZ,2023-10-24,53.01,53.49,52.2,53.18,53.25,-0.07,-0.1315,250197.82,1323069.266
000333.SZ,2023-10-25,53.79,54.01,52.14,52.42,53.18,-0.76,-1.4291,258565.46,1364767.551
000333.SZ,2023-10-26,52.22,52.72,52.03,52.51,52.42,0.09,0.1717,151655.12,794020.501
000333.SZ,2023-10-27,52.36,54.0,52.21,53.74,52.51,1.23,2.3424,253187.94,1352282.943
000333.SZ,2023-10-30,53.33,54.64,53.33,54.5,53.74,0.76,1.4142,164884.74,892765.17
000333.SZ,2023-10-31,54.3,54.3,52.7,52.92,54.5,-1.58,-2.8991,238072.12,1263696.55
000333.SZ,2023-11-01,52.81,53.46,52.7,53.01,52.92,0.09,0.1701,189338.23,1004719.416
000333.SZ,2023-11-02,53.0,54.41,52.81,53.18,53.01,0.17,0.3207,200854.78,1072266.18
000333.SZ,2023-11-03,53.12,53.35,52.72,52.8,53.18,-0.38,-0.7146,177406.44,939971.081
000333.SZ,2023-11-06,53.0,53.3,52.7,53.14,52.8,0.34,0.6439,249182.24,1322403.103
000333.SZ,2023-11-07,53.1,53.28,52.58,53.1,53.14,-0.04,-0.0753,188981.88,999762.782
000333.SZ,2023-11-08,52.65,52.99,52.51,52.85,53.1,-0.25,-0.4708,213857.28,1128009.345
000333.SZ,2023-11-09,52.88,53.33,52.35,52.45,52.85,-0.4,-0.7569,141468.93,743811.714
000333.SZ,2023-11-10,52.3,52.86,52.25,52.7,52.45,0.25,0.4766,130270.77,685147.777
000333.SZ,2023-11-13,52.64,52.64,50.68,51.06,52.7,-1.64,-3.112,382915.58,1957444.236
000333.SZ,2023-11-14,51.02,51.42,50.8,51.09,51.06,0.03,0.0588,248027.93,1266466.646
000333.SZ,2023-11-15,51.44,51.76,50.95,51.54,51.09,0.45,0.8808,196362.84,1010107.978
000333.SZ,2023-11-16,51.4,52.19,51.31,51.75,51.54,0.21,0.4075,216055.33,1121013.155
000333.SZ,2023-11-17,51.6,51.97,51.21,51.86,51.75,0.11,0.2126,135134.22,697252.68
000333.SZ,2023-11-20,51.54,52.9,51.54,52.43,51.86,0.57,1.0991,182190.75,955124.72
000333.SZ,2023-11-21,52.62,53.19,52.45,52.45,52.43,0.02,0.0381,158459.02,836507.594
000333.SZ,2023-11-22,52.45,52.6,51.9,52.15,52.45,-0.3,-0.572,97869.06,511071.755
000333.SZ,2023-11-23,52.15,52.93,51.85,52.76,52.15,0.61,1.1697,101033.51,529662.623
000333.SZ,2023-11-24,52.8,52.85,52.07,52.48,52.76,-0.28,-0.5307,157245.3,822539.515
000333.SZ,2023-11-27,52.43,52.43,51.75,51.97,52.48,-0.51,-0.9718,159225.06,827425.456
000333.SZ,2023-11-28,52.2,52.8,51.53,52.53,51.97,0.56,1.0775,217876.37,1138681.641
000333.SZ,2023-11-29,52.53,52.58,51.72,52.01,52.53,-0.52,-0.9899,124265.38,646048.742
000333.SZ,2023-11-30,51.81,52.0,51.41,51.67,52.01,-0.34,-0.6537,128618.62,664815.261
000333.SZ,2023-12-01,52.3,52.36,50.33,50.55,51.67,-1.12,-2.1676,316049.83,1604750.727
000333.SZ,2023-12-04,50.48,50.79,49.84,50.09,50.55,-0.46,-0.91,220586.72,1107559.874
000333.SZ,2023-12-05,50.09,50.19,49.22,49.22,50.09,-0.87,-1.7369,225103.18,1120255.577
000333.SZ,2023-12-06,49.06,49.65,48.75,49.18,49.22,-0.04,-0.0813,191141.14,942351.431
000333.SZ,2023-12-07,49.36,50.49,49.22,50.22,49.18,1.04,2.1147,250218.6,1251685.067
000333.SZ,2023-12-08,50.18,51.08,50.09,50.34,50.22,0.12,0.2389,218113.4,1102240.031
000333.SZ,2023-12-11,49.85,51.4,49.22,51.02,50.34,0.68,1.3508,252014.67,1272635.678
000333.SZ,2023-12-12,51.5,51.55,50.72,51.0,51.02,-0.02,-0.0392,172048.15,879672.02
000333.SZ,2023-12-13,50.9,50.99,50.51,50.69,51.0,-0.31,-0.6078,128586.95,652164.458
000333.SZ,2023-12-14,50.91,51.47,50.58,50.89,50.69,0.2,0.3946,165634.1,847402.713
000333.SZ,2023-12-15,50.51,51.1,50.3,50.33,50.89,-0.56,-1.1004,204701.55,1034871.742
000333.SZ,2023-12-18,50.03,51.18,49.75,51.09,50.33,0.76,1.51,223074.69,1133044.74
000333.SZ,2023-12-19,51.08,51.08,50.46,50.75,51.09,-0.34,-0.6655,169545.33,859776.4
000333.SZ,2023-12-20,50.75,51.4,50.52,51.03,50.75,0.28,0.5517,254170.29,1298397.556
000333.SZ,2023-12-21,51.22,52.28,50.87,52.02,51.03,0.99,1.94,274212.12,1422425.462
000333.SZ,2023-12-22,51.91,52.99,51.7,52.77,52.02,0.75,1.4418,227281.14,1194539.708
000333.SZ,2023-12-25,52.62,53.25,52.43,52.67,52.77,-0.1,-0.1895,113149.6,598032.182
000333.SZ,2023-12-26,52.62,53.23,52.53,52.8,52.67,0.13,0.2468,161523.28,855413.703
000333.SZ,2023-12-27,52.78,53.7,52.72,53.6,52.8,0.8,1.5152,203068.83,1081963.247
000333.SZ,2023-12-28,53.44,54.16,53.25,54.05,53.6,0.45,0.8396,247280.48,1331261.038
000333.SZ,2023-12-29,54.07,54.98,53.72,54.63,54.05,0.58,1.0731,259372.53,1410074.987
000333.SZ,2024-01-02,54.63,55.05,54.2,54.56,54.63,-0.07,-0.1281,239056.97,1305162.004
000333.SZ,2024-01-03,54.59,54.8,54.1,54.45,54.56,-0.11,-0.2016,206896.73,1126649.739
000333.SZ,2024-01-04,54.66,55.32,54.45,55.25,54.45,0.8,1.4692,267025.02,1467886.385
000333.SZ,2024-01-05,55.2,56.08,54.85,55.6,55.25,0.35,0.6335,300428.77,1669357.551
000333.SZ,2024-01-08,55.6,55.6,54.62,55.0,55.6,-0.6,-1.0791,278097.39,1531117.699
000333.SZ,2024-01-09,54.71,55.33,54.11,55.17,55.0,0.17,0.3091,216070.41,1184711.712
000333.SZ,2024-01-10,55.17,55.77,54.84,55.22,55.17,0.05,0.0906,178208.13,984854.746
000333.SZ,2024-01-11,55.22,55.49,54.73,55.0,55.22,-0.22,-0.3984,212369.2,1168392.665
000333.SZ,2024-01-12,54.9,55.71,54.58,55.0,55.0,0.0,0.0,243610.8,1343879.865
000333.SZ,2024-01-15,54.84,55.98,54.66,55.88,55.0,0.88,1.6,191240.97,1063527.119
000333.SZ,2024-01-16,55.61,56.95,55.1,56.92,55.88,1.04,1.8611,337303.99,1903147.107
000333.SZ,2024-01-17,56.63,57.29,56.37,56.37,56.92,-0.55,-0.9663,269141.26,1530395.102
000333.SZ,2024-01-18,56.79,56.99,55.08,56.4,56.37,0.03,0.0532,390231.0,2175726.536
000333.SZ,2024-01-19,56.0,56.6,55.86,56.14,56.4,-0.26,-0.461,299370.04,1681993.909
000333.SZ,2024-01-22,55.88,56.66,55.08,55.34,56.14,-0.8,-1.425,359803.22,2017295.149
000333.SZ,2024-01-23,55.52,56.69,54.8,56.38,55.34,1.04,1.8793,288485.18,1612570.166
000333.SZ,2024-01-24,56.15,57.44,56.02,57.19,56.38,0.81,1.4367,264637.21,1503303.923
000333.SZ,2024-01-25,57.3,57.49,56.24,56.35,57.19,-0.84,-1.4688,249636.29,1412367.268
000333.SZ,2024-01-26,56.35,57.75,56.35,57.51,56.35,1.16,2.0586,327457.37,1874299.633
000333.SZ,2024-01-29,57.9,59.48,57.69,58.69,57.51,1.18,2.0518,374987.36,2204469.37
000333.SZ,2024-01-30,58.7,59.2,58.0,58.22,58.69,-0.47,-0.8008,273732.99,1604993.046
000333.SZ,2024-01-31,57.91,58.94,57.42,58.25,58.22,0.03,0.0515,255441.53,1486711.039
000333.SZ,2024-02-01,58.23,59.46,58.0,58.81,58.25,0.56,0.9614,303401.75,1785789.271
000333.SZ,2024-02-02,58.5,58.88,57.31,58.25,58.81,-0.56,-0.9522,289505.04,1687829.337
000333.SZ,2024-02-05,58.0,59.6,57.82,59.45,58.25,1.2,2.0601,461602.68,2724269.122
000333.SZ,2024-02-06,59.26,60.79,59.02,59.95,59.45,0.5,0.841,379463.85,2279549.238
000333.SZ,2024-02-07,59.29,61.17,59.03,61.11,59.95,1.16,1.9349,461959.19,2791586.567
000333.SZ,2024-02-08,61.29,62.36,59.98,60.29,61.11,-0.82,-1.3418,347231.8,2112587.867
000333.SZ,2024-02-19,61.7,61.7,59.81,60.6,60.29,0.31,0.5142,356958.54,2157379.733
000333.SZ,2024-02-20,60.3,61.79,59.67,61.7,60.6,1.1,1.8152,296309.17,1807531.882
000333.SZ,2024-02-21,61.0,62.55,60.68,61.71,61.7,0.01,0.0162,277971.82,1719403.866
000333.SZ,2024-02-22,61.21,61.79,61.03,61.35,61.71,-0.36,-0.5834,192590.55,1180530.93
000333.SZ,2024-02-23,61.68,62.1,59.32,59.62,61.35,-1.73,-2.8199,430935.97,2580957.129
000333.SZ,2024-02-26,59.85,61.5,59.85,60.3,59.62,0.68,1.1406,340977.31,2070387.072
000333.SZ,2024-02-27,60.59,61.99,60.1,61.92,60.3,1.62,2.6866,280147.95,1720508.595
000333.SZ,2024-02-28,62.0,62.31,60.95,61.82,61.92,-0.1,-0.1615,253673.64,1568616.989
000333.SZ,2024-02-29,62.0,63.48,61.75,62.63,61.82,0.81,1.3103,489209.98,3071855.396
000333.SZ,2024-03-01,63.5,64.51,62.88,64.47,62.63,1.84,2.9379,328449.06,2102800.96
000333.SZ,2024-03-04,65.0,66.0,63.5,64.6,64.47,0.13,0.2016,373843.92,2415284.58
000333.SZ,2024-03-05,64.65,65.4,63.45,65.04,64.6,0.44,0.6811,355253.26,2288367.736
000333.SZ,2024-03-06,64.9,65.53,64.3,64.51,65.04,-0.53,-0.8149,219230.01,1422222.516
000333.SZ,2024-03-07,64.45,66.65,64.2,65.8,64.51,1.29,1.9997,306340.33,2020641.414
000333.SZ,2024-03-08,65.87,66.49,64.88,66.1,65.8,0.3,0.4559,261254.1,1714883.401
000333.SZ,2024-03-11,66.09,66.1,64.56,65.42,66.1,-0.68,-1.0287,280270.02,1826293.592
000333.SZ,2024-03-12,65.35,65.35,63.05,64.13,65.42,-1.29,-1.9719,507399.15,3241294.651
000333.SZ,2024-03-13,63.66,64.33,63.0,64.07,64.13,-0.06,-0.0936,327231.64,2084900.582
000333.SZ,2024-03-14,63.86,64.75,63.6,64.5,64.07,0.43,0.6711,315316.77,2026233.407
000333.SZ,2024-03-15,64.39,64.5,63.3,64.02,64.5,-0.48,-0.7442,254639.04,1624685.427
000333.SZ,2024-03-18,63.88,63.89,62.35,62.36,64.02,-1.66,-2.5929,425011.13,2667915.014
000333.SZ,2024-03-19,62.2,63.12,62.17,62.6,62.36,0.24,0.3849,297946.18,1867932.284
000333.SZ,2024-03-20,62.2,62.5,61.4,61.88,62.6,-0.72,-1.1502,377908.9,2337851.554
000333.SZ,2024-03-21,61.91,62.04,60.13,60.55,61.88,-1.33,-2.1493,391891.53,2377326.996
000333.SZ,2024-03-22,60.56,62.65,60.5,62.62,60.55,2.07,3.4187,431567.77,2671677.605
000333.SZ,2024-03-25,62.19,63.66,61.78,62.9,62.62,0.28,0.4471,269033.26,1694247.611
000333.SZ,2024-03-26,62.31,63.25,62.31,62.72,62.9,-0.18,-0.2862,253537.49,1591428.438
000333.SZ,2024-03-27,62.53,64.88,62.51,63.67,62.72,0.95,1.5147,348427.94,2227887.825
000333.SZ,2024-03-28,64.23,65.39,63.18,64.58,63.67,0.91,1.4292,451854.11,2915943.394
000333.SZ,2024-03-29,64.58,65.73,63.66,64.22,64.58,-0.36,-0.5574,254688.58,1638381.69
000333.SZ,2024-04-01,64.5,66.28,64.1,66.22,64.22,2.0,3.1143,327712.25,2146737.286
000333.SZ,2024-04-02,66.0,66.53,65.75,66.25,66.22,0.03,0.0453,226536.32,1497277.78
000333.SZ,2024-04-03,66.2,66.9,65.98,66.73,66.25,0.48,0.7245,206264.95,1370613.983
000333.SZ,2024-04-08,66.72,66.85,64.67,65.32,66.73,-1.41,-2.113,324344.92,2125546.169
000333.SZ,2024-04-09,65.0,65.6,64.82,65.04,65.32,-0.28,-0.4287,194782.79,1270147.986
000333.SZ,2024-04-10,64.87,66.2,64.56,65.17,65.04,0.13,0.1999,180819.7,1184377.719
000333.SZ,2024-04-11,64.95,65.95,64.61,65.07,65.17,-0.1,-0.1534,190047.69,1239842.458
000333.SZ,2024-04-12,64.99,65.6,64.58,64.89,65.07,-0.18,-0.2766,217343.88,1414407.755
000333.SZ,2024-04-15,64.89,67.0,64.71,66.84,64.89,1.95,3.0051,317837.41,2102897.321
000333.SZ,2024-04-16,66.78,68.77,66.57,68.31,66.84,1.47,2.1993,391913.8,2659237.097
000333.SZ,2024-04-17,68.0,68.8,66.98,68.58,68.31,0.27,0.3953,245496.49,1664966.38
000333.SZ,2024-04-18,68.58,71.33,68.38,70.0,68.58,1.42,2.0706,395421.36,2777734.457
000333.SZ,2024-04-19,69.43,70.58,69.43,70.0,70.0,0.0,0.0,288123.35,2017233.1
000333.SZ,2024-04-22,70.2,71.19,69.5,69.98,70.0,-0.02,-0.0286,289437.54,2032072.605
000333.SZ,2024-04-23,69.83,70.0,67.59,68.39,69.98,-1.59,-2.2721,382179.4,2605557.575
000333.SZ,2024-04-24,68.34,68.64,66.75,67.9,68.39,-0.49,-0.7165,307830.47,2079963.046
000333.SZ,2024-04-25,67.13,68.56,67.13,68.24,67.9,0.34,0.5007,220332.98,1500859.468
000333.SZ,2024-04-26,68.25,68.65,67.42,68.37,68.24,0.13,0.1905,242257.47,1650078.938
000333.SZ,2024-04-29,68.3,68.88,67.23,68.2,68.37,-0.17,-0.2486,332263.98,2264197.665
000333.SZ,2024-04-30,66.84,71.15,66.8,69.78,68.2,1.58,2.3167,571318.43,3988190.598
000333.SZ,2024-05-06,70.5,71.46,69.65,71.01,69.78,1.23,1.7627,461799.14,3263609.833
000333.SZ,2024-05-07,70.81,72.33,70.62,71.1,71.01,0.09,0.1267,304314.57,2176139.138
000333.SZ,2024-05-08,70.5,71.34,70.39,70.75,71.1,-0.35,-0.4923,176619.6,1252248.295
000333.SZ,2024-05-09,71.0,72.34,70.62,71.85,70.75,1.1,1.5548,285718.31,2046734.81
000333.SZ,2024-05-10,72.2,72.33,71.34,71.88,71.85,0.03,0.0418,224879.05,1616063.316
000333.SZ,2024-05-13,71.88,72.99,70.7,72.71,71.88,0.83,1.1547,271674.1,1965130.433
000333.SZ,2024-05-14,72.68,72.89,70.2,70.84,72.71,-1.87,-2.5719,399236.1,2827063.811
000333.SZ,2024-05-15,68.5,70.1,68.11,69.76,67.86,1.9,2.7999,301894.55,2090761.786
000333.SZ,2024-05-16,69.76,69.8,68.8,69.34,69.76,-0.42,-0.6021,246004.03,1703048.548
000333.SZ,2024-05-17,68.78,69.5,66.52,68.03,69.34,-1.31,-1.8892,418482.56,2828611.123
000333.SZ,2024-05-20,67.01,67.88,66.21,66.57,68.03,-1.46,-2.1461,426430.37,2846862.349
000333.SZ,2024-05-21,66.27,67.3,66.2,66.55,66.57,-0.02,-0.03,243587.94,1626841.822
000333.SZ,2024-05-22,66.34,66.54,65.31,65.41,66.55,-1.14,-1.713,261052.15,1715205.332
000333.SZ,2024-05-23,65.4,66.19,65.0,65.74,65.41,0.33,0.5045,240961.49,1582459.055
000333.SZ,2024-05-24,65.4,66.98,65.1,66.62,65.74,0.88,1.3386,259269.68,1724580.967
000333.SZ,2024-05-27,66.5,68.28,65.54,67.59,66.62,0.97,1.456,305462.19,2062139.516
000333.SZ,2024-05-28,67.6,67.78,66.5,67.03,67.59,-0.56,-0.8285,191736.67,1284865.352
000333.SZ,2024-05-29,66.6,67.2,65.5,65.85,67.03,-1.18,-1.7604,241320.98,1590410.761
000333.SZ,2024-05-30,65.71,66.19,65.14,65.18,65.85,-0.67,-1.0175,193586.23,1269509.292
000333.SZ,2024-05-31,65.19,65.57,64.55,64.76,65.18,-0.42,-0.6444,261294.19,1696172.93
000333.SZ,2024-06-03,64.88,66.3,64.27,65.02,64.76,0.26,0.4015,357556.29,2337233.616
000333.SZ,2024-06-04,64.99,64.99,63.4,64.68,65.02,-0.34,-0.5229,306211.98,1969401.516
000333.SZ,2024-06-05,64.55,65.2,63.8,63.92,64.68,-0.76,-1.175,283319.25,1825603.15
000333.SZ,2024-06-06,63.8,66.03,63.8,65.76,63.92,1.84,2.8786,436037.19,2848032.777
000333.SZ,2024-06-07,65.2,65.45,63.71,65.16,65.76,-0.6,-0.9124,400645.9,2591739.293
000333.SZ,2024-06-11,64.5,66.5,64.18,65.0,65.16,-0.16,-0.2455,336896.64,2188026.772
000333.SZ,2024-06-12,64.84,65.74,64.53,65.16,65.0,0.16,0.2462,257071.99,1675974.671
000333.SZ,2024-06-13,65.31,65.45,63.66,63.92,65.16,-1.24,-1.903,274850.47,1763239.544
000333.SZ,2024-06-14,63.51,65.76,63.5,65.61,63.92,1.69,2.6439,379244.47,2468107.111
000333.SZ,2024-06-17,65.76,65.76,64.18,64.53,65.61,-1.08,-1.6461,253358.08,1639603.939
000333.SZ,2024-06-18,64.3,65.19,63.67,64.84,64.53,0.31,0.4804,218674.69,1409611.739
000333.SZ,2024-06-19,64.77,65.08,62.8,64.0,64.84,-0.84,-1.2955,346999.57,2206055.298
000333.SZ,2024-06-20,63.9,64.75,63.54,64.47,64.0,0.47,0.7344,280857.88,1806800.938
000333.SZ,2024-06-21,64.49,64.75,63.5,63.95,64.47,-0.52,-0.8066,241536.69,1544527.731
000333.SZ,2024-06-24,63.71,65.55,63.61,64.88,63.95,0.93,1.4543,307990.53,1993977.958
000333.SZ,2024-06-25,64.85,65.79,64.52,65.29,64.88,0.41,0.6319,253092.06,1652171.356
000333.SZ,2024-06-26,65.01,65.39,63.91,64.25,65.29,-1.04,-1.5929,238314.07,1531598.024
000333.SZ,2024-06-27,64.05,64.48,63.47,64.1,64.25,-0.15,-0.2335,274094.61,1750926.675
000333.SZ,2024-06-28,63.5,64.79,63.48,64.5,64.1,0.4,0.624,251956.12,1624767.679
000333.SZ,2024-07-01,64.29,65.38,63.6,64.09,64.5,-0.41,-0.6357,195283.13,1255074.545
000333.SZ,2024-07-02,63.7,64.2,62.8,63.0,64.09,-1.09,-1.7007,291813.45,1843585.722
000333.SZ,2024-07-03,63.05,63.68,62.74,63.03,63.0,0.03,0.0476,181208.42,1145370.115
000333.SZ,2024-07-04,63.2,65.2,63.2,64.6,63.03,1.57,2.4909,277530.98,1794060.146
000333.SZ,2024-07-05,64.5,65.15,63.0,64.0,64.6,-0.6,-0.9288,264795.82,1686503.681
000333.SZ,2024-07-08,63.6,64.72,63.17,64.23,64.0,0.23,0.3594,194435.76,1247645.531
000333.SZ,2024-07-09,63.81,64.67,63.62,64.1,64.23,-0.13,-0.2024,216644.64,1392889.372
000333.SZ,2024-07-10,64.54,65.06,63.81,63.81,64.1,-0.29,-0.4524,158469.09,1016718.37
000333.SZ,2024-07-11,63.85,64.45,62.52,63.9,63.81,0.09,0.141,271826.55,1727208.383
000333.SZ,2024-07-12,63.79,65.2,63.64,65.0,63.9,1.1,1.7214,245740.92,1588658.353
000333.SZ,2024-07-15,64.78,65.16,64.36,64.94,65.0,-0.06,-0.0923,170459.13,1104204.269
000333.SZ,2024-07-16,64.63,64.96,63.75,64.27,64.94,-0.67,-1.0317,204067.78,1313240.364
000333.SZ,2024-07-17,64.04,64.38,61.66,62.83,64.27,-1.44,-2.2405,464628.49,2909157.024
000333.SZ,2024-07-18,62.01,64.46,62.01,63.9,62.83,1.07,1.703,345324.62,2193053.871
000333.SZ,2024-07-19,63.36,63.78,62.89,63.6,63.9,-0.3,-0.4695,217969.63,1381064.608
000333.SZ,2024-07-22,63.45,64.64,63.32,63.63,63.6,0.03,0.0472,199303.45,1273643.439
000333.SZ,2024-07-23,63.63,63.79,62.38,62.38,63.63,-1.25,-1.9645,185378.45,1165932.04
000333.SZ,2024-07-24,62.01,62.72,59.64,60.08,62.38,-2.3,-3.6871,455473.36,2757887.294
000333.SZ,2024-07-25,59.52,60.09,58.9,59.4,60.08,-0.68,-1.1318,301091.51,1787253.322
000333.SZ,2024-07-26,62.83,62.99,61.4,62.84,59.4,3.44,5.7912,577401.71,3598947.643
000333.SZ,2024-07-29,62.3,63.21,62.16,62.88,62.84,0.04,0.0637,207128.28,1297587.355
000333.SZ,2024-07-30,62.51,62.77,60.6,61.06,62.88,-1.82,-2.8944,225758.46,1381015.834
000333.SZ,2024-07-31,60.73,63.86,60.73,63.76,61.06,2.7,4.4219,401747.39,2530147.58
000333.SZ,2024-08-01,63.8,64.67,63.41,63.58,63.76,-0.18,-0.2823,244068.33,1561027.259
000333.SZ,2024-08-02,63.3,64.28,62.57,62.99,63.58,-0.59,-0.928,202615.24,1280021.474
000333.SZ,2024-08-05,62.54,64.3,61.56,61.65,62.99,-1.34,-2.1273,354767.54,2214817.315
000333.SZ,2024-08-06,61.61,62.26,59.52,59.92,61.65,-1.73,-2.8062,384931.82,2316733.895
000333.SZ,2024-08-07,59.92,61.38,59.24,60.7,59.92,0.78,1.3017,252985.92,1535238.304
000333.SZ,2024-08-08,60.42,61.48,60.21,60.96,60.7,0.26,0.4283,142319.1,867672.45
000333.SZ,2024-08-09,60.85,61.7,60.33,60.5,60.96,-0.46,-0.7546,138023.75,839905.714
000333.SZ,2024-08-12,60.5,62.14,60.31,61.38,60.5,0.88,1.4545,169492.35,1042597.208
000333.SZ,2024-08-13,61.38,62.11,60.92,61.36,61.38,-0.02,-0.0326,98350.74,602892.3
000333.SZ,2024-08-14,61.36,61.49,60.6,60.9,61.36,-0.46,-0.7497,112277.8,685993.302
000333.SZ,2024-08-15,60.7,61.35,60.29,61.0,60.9,0.1,0.1642,191632.62,1166672.167
000333.SZ,2024-08-16,60.81,61.9,60.67,61.74,61.0,0.74,1.2131,180669.88,1112521.867
000333.SZ,2024-08-19,61.69,63.15,61.67,62.36,61.74,0.62,1.0042,172753.49,1075574.308
000333.SZ,2024-08-20,63.48,63.49,61.76,63.02,62.36,0.66,1.0584,257809.74,1623775.567
000333.SZ,2024-08-21,62.71,63.7,62.33,63.16,63.02,0.14,0.2222,211871.3,1337959.065
000333.SZ,2024-08-22,63.13,64.49,62.72,64.09,63.16,0.93,1.4725,249787.43,1597113.183
000333.SZ,2024-08-23,64.0,65.96,63.88,65.46,64.09,1.37,2.1376,290471.35,1895805.009
000333.SZ,2024-08-26,65.94,66.65,64.9,66.32,65.46,0.86,1.3138,339581.51,2241141.518
000333.SZ,2024-08-27,66.0,66.48,65.49,65.99,66.32,-0.33,-0.4976,241137.93,1590912.374
000333.SZ,2024-08-28,65.98,66.15,64.57,64.93,65.99,-1.06,-1.6063,265429.59,1726057.217
000333.SZ,2024-08-29,64.42,65.31,63.95,63.95,64.93,-0.98,-1.5093,232855.63,1500197.088
000333.SZ,2024-08-30,63.48,65.81,63.38,64.75,63.95,0.8,1.251,333863.34,2160911.498
000333.SZ,2024-09-02,64.5,66.52,64.44,65.23,64.75,0.48,0.7413,260758.82,1706301.995
000333.SZ,2024-09-03,65.01,66.48,65.0,65.97,65.23,0.74,1.1344,242378.88,1599193.264
000333.SZ,2024-09-04,65.86,66.7,65.36,65.48,65.97,-0.49,-0.7428,274996.33,1814975.104
000333.SZ,2024-09-05,64.95,65.4,63.48,63.59,65.48,-1.89,-2.8864,432123.22,2763225.151
000333.SZ,2024-09-06,63.6,64.55,62.9,63.02,63.59,-0.57,-0.8964,233201.64,1480652.837
000333.SZ,2024-09-09,61.35,62.2,60.68,61.09,63.02,-1.93,-3.0625,548406.38,3359451.1
000333.SZ,2024-09-10,60.48,61.64,60.48,60.75,61.09,-0.34,-0.5566,401110.34,2451075.854
000333.SZ,2024-09-11,60.52,62.08,59.7,61.66,60.75,0.91,1.4979,419217.62,2572399.328
000333.SZ,2024-09-12,61.8,62.85,61.66,62.37,61.66,0.71,1.1515,276168.61,1719561.913
000333.SZ,2024-09-13,62.05,63.78,61.59,63.51,62.37,1.14,1.8278,321489.94,2037679.478
000333.SZ,2024-09-18,63.62,65.71,63.4,65.25,63.51,1.74,2.7397,295025.96,1915513.518
000333.SZ,2024-09-19,62.3,65.73,62.3,65.28,65.25,0.03,0.046,476115.03,3085181.571
000333.SZ,2024-09-20,64.91,66.3,64.76,66.06,65.28,0.78,1.1949,398012.5,2608979.309
000333.SZ,2024-09-23,66.46,67.89,66.2,67.6,66.06,1.54,2.3312,391621.41,2643088.028
000333.SZ,2024-09-24,67.6,68.25,66.2,68.04,67.6,0.44,0.6509,500901.52,3378454.557
000333.SZ,2024-09-25,68.21,71.5,68.21,70.11,68.04,2.07,3.0423,627661.29,4428074.584
000333.SZ,2024-09-26,70.0,73.68,69.79,73.56,70.11,3.45,4.9208,501342.12,3592524.658
000333.SZ,2024-09-27,74.75,76.4,71.15,73.0,73.56,-0.56,-0.7613,857447.87,6253333.702
000333.SZ,2024-09-30,73.16,76.9,72.03,76.06,73.0,3.06,4.1918,1251664.92,9344041.944
000333.SZ,2024-10-08,83.67,83.67,78.73,80.19,76.06,4.13,5.4299,1352392.67,11050056.032
000333.SZ,2024-10-09,78.4,79.32,74.02,75.01,80.19,-5.18,-6.4597,895501.13,6896386.875
000333.SZ,2024-10-10,75.95,79.38,75.87,78.3,75.01,3.29,4.3861,673033.99,5259062.088
000333.SZ,2024-10-11,78.0,78.23,75.9,76.77,78.3,-1.53,-1.954,380601.78,2930030.642
000333.SZ,2024-10-14,77.03,79.29,76.6,79.0,76.77,2.23,2.9048,462828.32,3620244.782
000333.SZ,2024-10-15,79.0,79.0,76.0,76.0,79.0,-3.0,-3.7975,375833.16,2905639.306
000333.SZ,2024-10-16,74.7,75.5,73.73,75.24,76.0,-0.76,-1.0,342829.49,2559503.194
000333.SZ,2024-10-17,75.24,75.53,72.9,73.08,75.24,-2.16,-2.8708,394376.3,2920853.67
000333.SZ,2024-10-18,73.08,76.2,72.65,75.01,73.08,1.93,2.6409,427851.06,3180240.27
000333.SZ,2024-10-21,75.35,75.98,73.28,74.08,75.01,-0.93,-1.2398,343228.96,2547898.013
000333.SZ,2024-10-22,74.35,76.96,74.14,76.5,74.08,2.42,3.2667,404059.73,3073890.031
000333.SZ,2024-10-23,76.6,77.78,76.0,76.38,76.5,-0.12,-0.1569,268312.8,2053544.728
000333.SZ,2024-10-24,76.11,76.46,75.3,75.64,76.38,-0.74,-0.9688,171086.73,1296926.992
000333.SZ,2024-10-25,75.42,75.86,74.77,75.27,75.64,-0.37,-0.4892,210572.89,1583775.153
000333.SZ,2024-10-28,75.49,75.58,74.01,74.87,75.27,-0.4,-0.5314,280590.96,2091524.794
000333.SZ,2024-10-29,74.61,75.5,73.8,74.07,74.87,-0.8,-1.0685,297271.77,2214621.306
000333.SZ,2024-10-30,73.7,74.35,72.12,72.75,74.07,-1.32,-1.7821,404137.34,2939634.796
000333.SZ,2024-10-31,72.97,73.69,71.1,71.42,72.75,-1.33,-1.8282,500468.67,3595551.677
000333.SZ,2024-11-01,71.44,73.0,70.38,72.25,71.42,0.83,1.1621,416514.82,3009423.819
000333.SZ,2024-11-04,72.14,73.37,71.7,72.84,72.25,0.59,0.8166,232315.78,1680407.656
000333.SZ,2024-11-05,72.5,73.48,71.21,73.13,72.84,0.29,0.3981,416967.28,3027068.197
000333.SZ,2024-11-06,73.14,73.14,70.97,71.17,73.13,-1.96,-2.6802,525931.43,3768679.119
000333.SZ,2024-11-07,70.35,72.1,69.89,72.1,71.17,0.93,1.3067,547746.02,3895318.881
000333.SZ,2024-11-08,72.66,73.76,71.1,72.58,72.1,0.48,0.6657,593373.82,4283549.293
000333.SZ,2024-11-11,71.23,71.84,70.82,71.6,72.58,-0.98,-1.3502,442079.13,3153791.634
000333.SZ,2024-11-12,71.91,74.89,71.79,72.39,71.6,0.79,1.1034,575477.22,4231304.809
000333.SZ,2024-11-13,72.48,74.3,72.46,73.4,72.39,1.01,1.3952,458416.57,3373337.471
000333.SZ,2024-11-14,73.48,74.89,72.33,73.64,73.4,0.24,0.327,408434.66,3020822.981
000333.SZ,2024-11-15,73.15,74.11,71.85,72.25,73.64,-1.39,-1.8876,342825.15,2496870.647
000333.SZ,2024-11-18,72.17,72.98,70.83,71.05,72.25,-1.2,-1.6609,319385.99,2292938.837
000333.SZ,2024-11-19,71.05,71.75,70.7,71.31,71.05,0.26,0.3659,226651.63,1614053.712
000333.SZ,2024-11-20,71.38,71.65,70.74,71.43,71.31,0.12,0.1683,226371.19,1610809.493
000333.SZ,2024-11-21,71.37,71.39,70.55,70.84,71.43,-0.59,-0.826,216528.45,1534662.636
000333.SZ,2024-11-22,70.83,72.82,70.22,70.39,70.84,-0.45,-0.6352,388458.2,2781161.792
000333.SZ,2024-11-25,70.11,72.38,70.11,70.39,70.39,0.0,0.0,385867.74,2737579.009
000333.SZ,2024-11-26,70.11,71.2,69.35,70.6,70.39,0.21,0.2983,274187.96,1932586.725
000333.SZ,2024-11-27,70.32,71.5,69.74,71.32,70.6,0.72,1.0198,264824.99,1875798.199
000333.SZ,2024-11-28,72.0,72.0,69.76,70.19,71.32,-1.13,-1.5844,323289.51,2275593.42
000333.SZ,2024-11-29,69.68,70.77,69.55,70.13,70.19,-0.06,-0.0855,277501.41,1951115.164
000333.SZ,2024-12-02,70.15,70.53,69.23,70.08,70.13,-0.05,-0.0713,357905.65,2500096.04
000333.SZ,2024-12-03,70.0,70.0,69.4,69.85,70.08,-0.23,-0.3282,313174.22,2181594.388
000333.SZ,2024-12-04,69.88,71.99,69.6,71.49,69.85,1.64,2.3479,531955.06,3779094.534
000333.SZ,2024-12-05,71.6,72.88,71.42,71.72,71.49,0.23,0.3217,367644.63,2647263.413
000333.SZ,2024-12-06,71.78,73.13,71.51,72.85,71.72,1.13,1.5756,456778.46,3318584.662
000333.SZ,2024-12-09,72.01,73.88,71.31,73.13,72.85,0.28,0.3844,413219.23,3017126.124
000333.SZ,2024-12-10,76.51,76.66,73.79,73.84,73.13,0.71,0.9709,555132.89,4164810.151
000333.SZ,2024-12-11,73.7,75.33,73.6,75.1,73.84,1.26,1.7064,335433.9,2512587.263
000333.SZ,2024-12-12,75.2,75.75,74.37,75.56,75.1,0.46,0.6125,286398.14,2153602.254
000333.SZ,2024-12-13,75.2,75.23,73.33,74.0,75.56,-1.56,-2.0646,370633.34,2744782.532
000333.SZ,2024-12-16,74.1,74.45,72.65,73.22,74.0,-0.78,-1.0541,280470.59,2054964.896
000333.SZ,2024-12-17,73.2,74.68,72.81,73.67,73.22,0.45,0.6146,278873.05,2058385.955
000333.SZ,2024-12-18,73.66,74.58,73.58,74.1,73.67,0.43,0.5837,225785.49,1675256.403
000333.SZ,2024-12-19,73.86,75.23,73.24,74.44,74.1,0.34,0.4588,253552.78,1893593.092
000333.SZ,2024-12-20,74.43,74.79,73.66,74.0,74.44,-0.44,-0.5911,209396.51,1552494.957
000333.SZ,2024-12-23,74.0,75.25,73.95,74.61,74.0,0.61,0.8243,226028.81,1689849.27
000333.SZ,2024-12-24,74.4,76.38,74.4,76.25,74.61,1.64,2.1981,344141.01,2606513.926
000333.SZ,2024-12-25,76.3,76.6,75.04,75.54,76.25,-0.71,-0.9311,227338.66,1719267.176
000333.SZ,2024-12-26,75.26,76.24,74.65,75.98,75.54,0.44,0.5825,242142.92,1829497.5
000333.SZ,2024-12-27,75.98,76.05,74.8,75.42,75.98,-0.56,-0.737,198421.17,1493951.286
000333.SZ,2024-12-30,75.0,76.18,74.92,75.32,75.42,-0.1,-0.1326,221827.24,1676164.969
000333.SZ,2024-12-31,75.1,76.05,74.69,75.22,75.32,-0.1,-0.1328,307660.03,2324365.541
000333.SZ,2025-01-02,75.4,77.2,75.0,75.32,75.22,0.1,0.1329,413670.89,3143071.622
000333.SZ,2025-01-03,75.0,76.06,73.9,74.69,75.32,-0.63,-0.8364,296422.0,2225340.636
000333.SZ,2025-01-06,74.68,76.28,74.28,75.38,74.69,0.69,0.9238,306810.09,2308954.916
000333.SZ,2025-01-07,75.0,76.76,74.5,75.93,75.38,0.55,0.7296,251785.25,1913943.076
000333.SZ,2025-01-08,75.51,77.66,75.43,77.58,75.93,1.65,2.1731,406929.62,3129132.562
000333.SZ,2025-01-09,77.7,79.0,77.2,78.73,77.58,1.15,1.4823,345986.94,2715146.336
000333.SZ,2025-01-10,78.73,78.89,76.37,76.37,78.73,-2.36,-2.9976,271095.67,2093133.229
000333.SZ,2025-01-13,75.61,76.02,73.93,74.3,76.37,-2.07,-2.7105,255846.06,1911136.129
000333.SZ,2025-01-14,74.3,75.35,73.43,74.62,74.3,0.32,0.4307,288583.96,2150563.704
000333.SZ,2025-01-15,74.64,75.77,73.6,73.82,74.62,-0.8,-1.0721,256634.53,1910565.918
000333.SZ,2025-01-16,73.99,75.45,73.9,74.09,73.82,0.27,0.3658,262330.35,1953070.088
000333.SZ,2025-01-17,74.08,74.87,73.63,74.35,74.09,0.26,0.3509,159287.51,1184446.629
000333.SZ,2025-01-20,75.1,76.74,74.88,74.89,74.35,0.54,0.7263,296992.51,2245932.516
000333.SZ,2025-01-21,75.26,75.29,74.22,74.4,74.89,-0.49,-0.6543,162862.77,1217315.662
000333.SZ,2025-01-22,74.38,74.38,72.28,73.0,74.4,-1.4,-1.8817,322179.97,2351219.471
000333.SZ,2025-01-23,73.4,73.92,72.4,73.41,73.0,0.41,0.5616,270086.72,1981526.548
000333.SZ,2025-01-24,73.01,73.64,72.55,72.82,73.41,-0.59,-0.8037,304860.76,2224547.325
000333.SZ,2025-01-27,72.86,74.3,72.62,73.88,72.82,1.06,1.4556,280115.16,2066038.991
000333.SZ,2025-02-05,73.4,73.69,71.68,72.21,73.88,-1.67,-2.2604,363510.88,2623254.186
000333.SZ,2025-02-06,72.18,72.56,71.43,72.27,72.21,0.06,0.0831,285674.93,2058313.211
000333.SZ,2025-02-07,72.4,73.44,71.67,73.44,72.27,1.17,1.6189,355349.68,2588044.043
000333.SZ,2025-02-10,73.32,73.33,72.5,73.01,73.44,-0.43,-0.5855,318649.87,2324957.366
000333.SZ,2025-02-11,73.44,73.86,72.61,73.7,73.01,0.69,0.9451,300440.16,2200715.457
000333.SZ,2025-02-12,73.46,73.59,72.68,73.28,73.7,-0.42,-0.5699,228072.78,1667138.73
000333.SZ,2025-02-13,73.0,73.39,72.13,72.14,73.28,-1.14,-1.5557,410664.44,2979276.852
000333.SZ,2025-02-14,72.12,72.69,71.9,72.49,72.14,0.35,0.4852,234350.76,1697819.619
000333.SZ,2025-02-17,72.25,72.47,71.25,72.04,72.49,-0.45,-0.6208,402358.06,2886662.764
000333.SZ,2025-02-18,71.99,72.65,71.53,71.9,72.04,-0.14,-0.1943,293465.13,2117878.259
000333.SZ,2025-02-19,71.3,71.97,71.0,71.45,71.9,-0.45,-0.6259,337150.17,2408852.125
000333.SZ,2025-02-20,71.41,71.71,71.06,71.23,71.45,-0.22,-0.3079,314202.28,2241810.157
000333.SZ,2025-02-21,71.02,71.23,70.2,70.59,71.23,-0.64,-0.8985,553390.13,3903770.927
000333.SZ,2025-02-24,70.65,71.5,70.28,70.89,70.59,0.3,0.425,469377.41,3326317.437
000333.SZ,2025-02-25,70.5,70.67,68.98,69.03,70.89,-1.86,-2.6238,565998.67,3932087.508
000333.SZ,2025-02-26,68.71,70.16,68.7,70.12,69.03,1.09,1.579,404123.76,2820753.654
000333.SZ,2025-02-27,71.0,72.71,70.63,72.48,70.12,2.36,3.3657,652482.35,4700242.778
000333.SZ,2025-02-28,72.75,73.5,72.1,73.05,72.48,0.57,0.7864,506479.34,3702978.856
000333.SZ,2025-03-03,72.7,72.99,70.85,71.0,73.05,-2.05,-2.8063,405917.82,2908667.199
000333.SZ,2025-03-04,71.28,72.47,71.28,71.97,71.0,0.97,1.3662,300419.94,2159097.772
000333.SZ,2025-03-05,71.9,72.15,71.2,71.75,71.97,-0.22,-0.3057,286186.2,2050696.436
000333.SZ,2025-03-06,71.91,71.97,70.42,71.14,71.75,-0.61,-0.8502,402398.81,2857881.528
000333.SZ,2025-03-07,71.12,71.24,70.26,70.79,71.14,-0.35,-0.492,314826.6,2228492.957
000333.SZ,2025-03-10,70.81,71.26,70.51,71.07,70.79,0.28,0.3955,273440.26,1937259.286
000333.SZ,2025-03-11,70.5,71.44,70.3,70.93,71.07,-0.14,-0.197,252824.97,1788427.242
000333.SZ,2025-03-12,70.98,70.98,70.1,70.1,70.93,-0.83,-1.1702,301301.1,2117631.624
000333.SZ,2025-03-13,70.01,70.65,69.81,70.01,70.1,-0.09,-0.1284,252621.64,1774959.974
000333.SZ,2025-03-14,70.03,72.1,69.82,71.87,70.01,1.86,2.6568,425449.64,3036261.982
000333.SZ,2025-03-17,72.52,72.52,71.6,71.88,71.87,0.01,0.0139,347332.87,2497780.791
000333.SZ,2025-03-18,72.0,76.1,71.61,74.98,71.88,3.1,4.3127,779313.96,5762238.29
000333.SZ,2025-03-19,77.23,77.94,75.03,76.51,74.98,1.53,2.0405,1066261.03,8164296.255
000333.SZ,2025-03-20,76.4,76.85,75.1,75.17,76.51,-1.34,-1.7514,585693.19,4434498.828
000333.SZ,2025-03-21,74.77,76.43,74.77,75.28,75.17,0.11,0.1463,384527.93,2903191.225
000333.SZ,2025-03-24,74.88,76.5,74.82,76.06,75.28,0.78,1.0361,387348.11,2945134.162
000333.SZ,2025-03-25,76.81,77.5,76.37,76.86,76.06,0.8,1.0518,324186.22,2493718.323
000333.SZ,2025-03-26,76.47,77.4,75.87,76.79,76.86,-0.07,-0.0911,237068.58,1814277.211
000333.SZ,2025-03-27,76.79,77.5,76.32,76.5,76.79,-0.29,-0.3777,257215.38,1974042.919
000333.SZ,2025-03-28,76.21,77.18,75.68,76.87,76.5,0.37,0.4837,249114.31,1909917.934
000333.SZ,2025-03-31,76.9,80.5,76.9,78.5,76.87,1.63,2.1205,689684.45,5458996.643
000333.SZ,2025-04-01,78.1,78.78,75.2,75.39,78.5,-3.11,-3.9618,551816.54,4204786.523
000333.SZ,2025-04-02,75.35,76.79,75.19,75.96,75.39,0.57,0.7561,268536.25,2036925.144
000333.SZ,2025-04-03,74.6,74.83,73.15,73.36,75.96,-2.6,-3.4229,565988.74,4179850.012
000333.SZ,2025-04-07,68.22,69.47,66.02,67.18,73.36,-6.18,-8.4242,880896.93,5986991.841
000333.SZ,2025-04-08,68.0,70.5,67.79,70.23,67.18,3.05,4.54,744733.32,5151771.418
000333.SZ,2025-04-09,69.19,70.5,68.42,69.67,70.23,-0.56,-0.7974,578839.54,4027838.482
000333.SZ,2025-04-10,70.6,71.59,70.13,71.09,69.67,1.42,2.0382,450848.52,3199356.7
000333.SZ,2025-04-11,70.52,70.74,69.63,70.49,71.09,-0.6,-0.844,295625.89,2075657.472
000333.SZ,2025-04-14,70.72,70.9,69.71,69.92,70.49,-0.57,-0.8086,348835.05,2447104.07
000333.SZ,2025-04-15,70.1,71.83,69.69,71.48,69.92,1.56,2.2311,343666.81,2441442.777
000333.SZ,2025-04-16,71.19,71.48,70.37,71.0,71.48,-0.48,-0.6715,266729.43,1890971.34
000333.SZ,2025-04-17,70.74,71.17,70.34,70.95,71.0,-0.05,-0.0704,195912.73,1388823.325
000333.SZ,2025-04-18,70.95,71.33,70.47,70.92,70.95,-0.03,-0.0423,154483.83,1094653.676
000333.SZ,2025-04-21,70.78,71.61,70.5,71.39,70.92,0.47,0.6627,177513.8,1262930.782
000333.SZ,2025-04-22,71.3,72.23,71.21,71.72,71.39,0.33,0.4622,226155.0,1626765.493
000333.SZ,2025-04-23,72.1,72.42,71.8,71.85,71.72,0.13,0.1813,225868.71,1627423.197
000333.SZ,2025-04-24,72.4,73.19,71.96,72.95,71.85,1.1,1.531,231807.5,1684714.693
000333.SZ,2025-04-25,72.95,73.0,72.38,72.75,72.95,-0.2,-0.2742,170972.38,1244078.508
000333.SZ,2025-04-28,73.39,73.58,72.8,73.23,72.75,0.48,0.6598,239660.15,1755320.152
000333.SZ,2025-04-29,73.26,74.37,72.86,74.2,73.23,0.97,1.3246,234973.83,1733740.168
000333.SZ,2025-04-30,75.0,75.12,73.45,73.62,74.2,-0.58,-0.7817,478100.26,3548715.615
000333.SZ,2025-05-06,74.23,74.38,73.1,74.05,73.62,0.43,0.5841,346411.79,2556249.632
000333.SZ,2025-05-07,74.77,75.18,74.0,74.36,74.05,0.31,0.4186,300281.02,2239595.605
000333.SZ,2025-05-08,74.35,75.64,73.88,75.0,74.36,0.64,0.8607,277075.67,2081094.569
000333.SZ,2025-05-09,74.99,76.03,74.71,75.8,75.0,0.8,1.0667,245638.98,1861536.388
000333.SZ,2025-05-12,76.1,76.74,75.9,76.58,75.8,0.78,1.029,272239.12,2078979.154
000333.SZ,2025-05-13,77.0,77.2,76.44,77.11,76.58,0.53,0.6921,255278.41,1963341.233
000333.SZ,2025-05-14,76.9,77.55,76.13,77.09,77.11,-0.02,-0.0259,292496.33,2248759.306
000333.SZ,2025-05-15,76.66,77.07,76.32,76.5,77.09,-0.59,-0.7653,204901.85,1571335.906
000333.SZ,2025-05-16,76.21,76.84,75.57,76.6,76.5,0.1,0.1307,238659.92,1819974.356
000333.SZ,2025-05-19,76.44,77.72,76.29,77.58,76.6,0.98,1.2794,263086.25,2031022.754
000333.SZ,2025-05-20,77.53,79.1,77.48,78.67,77.58,1.09,1.405,277995.4,2184604.655
000333.SZ,2025-05-21,78.5,79.44,78.47,78.8,78.67,0.13,0.1652,205438.26,1619842.976
000333.SZ,2025-05-22,78.73,79.56,78.31,79.36,78.8,0.56,0.7107,234034.26,1850376.659
000333.SZ,2025-05-23,79.36,80.48,78.72,78.89,79.36,-0.47,-0.5922,299745.89,2385953.118
000333.SZ,2025-05-26,78.72,79.19,77.61,78.27,78.89,-0.62,-0.7859,241688.84,1893696.279
000333.SZ,2025-05-27,78.2,78.89,78.02,78.48,78.27,0.21,0.2683,206448.98,1620472.097
000333.SZ,2025-05-28,78.98,80.1,78.7,79.32,78.48,0.84,1.0703,240448.77,1911343.092
000333.SZ,2025-05-29,79.07,79.49,78.36,78.98,79.32,-0.34,-0.4286,251677.31,1988440.748
000333.SZ,2025-05-30,78.74,79.51,78.3,79.06,78.98,0.08,0.1013,215733.17,1703126.097
000333.SZ,2025-06-03,79.05,79.05,75.67,75.91,79.06,-3.15,-3.9843,561907.81,4293054.877
000333.SZ,2025-06-04,75.78,76.58,75.5,75.56,75.91,-0.35,-0.4611,367554.39,2790934.593
000333.SZ,2025-06-05,75.44,75.9,75.05,75.25,75.56,-0.31,-0.4103,235803.08,1776718.063
000333.SZ,2025-06-06,75.37,75.83,75.1,75.7,75.25,0.45,0.598,275559.48,2081019.011
000333.SZ,2025-06-09,75.25,75.58,74.07,75.4,75.7,-0.3,-0.3963,466955.88,3500234.348
000333.SZ,2025-06-10,75.63,76.5,75.05,75.05,75.4,-0.35,-0.4642,321074.12,2433498.302
000333.SZ,2025-06-11,75.2,75.8,74.83,75.49,75.05,0.44,0.5863,263083.46,1986827.774
000333.SZ,2025-06-12,72.51,72.68,71.53,72.2,72.01,0.19,0.2639,347028.92,2510413.458
000333.SZ,2025-06-13,71.6,72.16,71.0,71.48,72.2,-0.72,-0.9972,300452.04,2148718.105
000333.SZ,2025-06-16,71.6,71.8,70.85,71.26,71.48,-0.22,-0.3078,250204.94,1784037.774
000333.SZ,2025-06-17,71.8,73.08,71.8,72.06,71.26,0.8,1.1226,326394.78,2362020.25
000333.SZ,2025-06-18,72.19,72.64,72.02,72.1,72.06,0.04,0.0555,175288.37,1265648.159
000333.SZ,2025-06-19,72.2,72.41,71.13,71.33,72.1,-0.77,-1.068,211253.41,1512893.148
000333.SZ,2025-06-20,71.35,72.38,71.26,72.38,71.33,1.05,1.472,229864.21,1655767.156
000333.SZ,2025-06-23,72.0,72.33,71.46,71.72,72.38,-0.66,-0.9119,210544.95,1510951.196
000333.SZ,2025-06-24,72.1,73.34,72.0,72.8,71.72,1.08,1.5059,270500.87,1971805.636
000333.SZ,2025-06-25,72.8,73.33,72.3,73.18,72.8,0.38,0.522,243275.43,1772058.946
000333.SZ,2025-06-26,73.0,73.59,72.75,73.1,73.18,-0.08,-0.1093,226726.19,1658102.065
000333.SZ,2025-06-27,73.06,73.19,72.22,72.28,73.1,-0.82,-1.1218,223640.21,1623349.472
000333.SZ,2025-06-30,72.25,72.58,71.98,72.2,72.28,-0.08,-0.1107,193022.59,1394828.333
000333.SZ,2025-07-01,72.28,72.35,71.8,72.11,72.2,-0.09,-0.1247,186252.09,1341760.455
000333.SZ,2025-07-02,72.11,73.1,71.81,72.5,72.11,0.39,0.5408,266154.79,1929453.681
000333.SZ,2025-07-03,72.79,72.95,72.34,72.89,72.5,0.39,0.5379,179369.23,1304399.831
000333.SZ,2025-07-04,72.88,73.84,72.6,73.48,72.89,0.59,0.8094,211462.24,1548790.547
000333.SZ,2025-07-07,73.2,73.45,72.33,72.55,73.48,-0.93,-1.2657,215453.34,1567324.871
000333.SZ,2025-07-08,72.55,72.7,72.07,72.22,72.55,-0.33,-0.4549,256866.51,1856483.047
000333.SZ,2025-07-09,72.07,72.35,71.8,71.8,72.22,-0.42,-0.5816,272052.67,1958489.42
000333.SZ,2025-07-10,71.84,71.97,71.33,71.68,71.8,-0.12,-0.1671,231513.88,1656983.409
000333.SZ,2025-07-11,71.74,72.8,71.69,72.48,71.68,0.8,1.1161,320553.69,2324470.998
000333.SZ,2025-07-14,72.47,73.21,71.98,73.1,72.48,0.62,0.8554,233739.0,1702246.964
000333.SZ,2025-07-15,73.11,73.5,72.81,73.21,73.1,0.11,0.1505,249009.78,1821265.543
000333.SZ,2025-07-16,73.47,74.09,72.8,72.89,73.21,-0.32,-0.4371,206888.07,1514278.424
000333.SZ,2025-07-17,72.75,73.43,72.6,72.63,72.89,-0.26,-0.3567,247299.94,1804135.157
000333.SZ,2025-07-18,72.87,73.28,72.52,72.83,72.63,0.2,0.2754,219512.3,1596482.224
000333.SZ,2025-07-21,72.61,72.96,72.4,72.55,72.83,-0.28,-0.3845,308970.62,2244011.063
000333.SZ,2025-07-22,72.58,73.22,72.26,73.19,72.55,0.64,0.8822,357204.11,2602924.271
000333.SZ,2025-07-23,73.2,73.85,73.18,73.5,73.19,0.31,0.4236,369872.4,2718700.8
000333.SZ,2025-07-24,73.7,73.95,73.09,73.51,73.5,0.01,0.0136,290699.15,2134051.794
000333.SZ,2025-07-25,73.4,73.4,72.55,72.76,73.51,-0.75,-1.0203,244562.08,1780421.843
000333.SZ,2025-07-28,72.82,72.92,71.8,71.94,72.76,-0.82,-1.127,377736.32,2725637.108
000333.SZ,2025-07-29,71.94,72.07,71.02,71.24,71.94,-0.7,-0.973,398369.31,2843589.788
000333.SZ,2025-07-30,71.49,72.74,71.2,72.11,71.24,0.87,1.2212,411325.3,2964849.148
000333.SZ,2025-07-31,72.0,72.02,69.88,70.19,72.11,-1.92,-2.6626,694777.14,4895784.25
000333.SZ,2025-08-01,70.2,70.97,70.1,70.79,70.19,0.6,0.8548,286446.67,2019147.913
000333.SZ,2025-08-04,70.55,71.0,70.2,70.94,70.79,0.15,0.2119,197766.42,1398398.728
000333.SZ,2025-08-05,71.11,71.51,70.68,71.38,70.94,0.44,0.6202,191748.45,1365340.86
000333.SZ,2025-08-06,71.38,71.78,70.99,71.7,71.38,0.32,0.4483,221358.49,1583549.584
000333.SZ,2025-08-07,71.51,71.93,71.21,71.48,71.7,-0.22,-0.3068,203615.65,1456650.769
000333.SZ,2025-08-08,71.4,71.83,71.29,71.58,71.48,0.1,0.1399,201184.05,1439938.213
000333.SZ,2025-08-11,71.3,71.82,71.19,71.76,71.58,0.18,0.2515,179123.66,1282650.77
000333.SZ,2025-08-12,71.75,72.44,71.6,71.93,71.76,0.17,0.2369,240475.89,1734351.324
000333.SZ,2025-08-13,71.98,72.29,71.6,71.82,71.93,-0.11,-0.1529,253846.69,1827058.28
000333.SZ,2025-08-14,71.8,73.05,71.72,72.33,71.82,0.51,0.7101,455149.24,3301054.398
000333.SZ,2025-08-15,72.33,72.4,71.81,72.3,72.33,-0.03,-0.0415,274699.55,1980637.245
000333.SZ,2025-08-18,72.31,72.56,71.61,71.84,72.3,-0.46,-0.6362,542997.61,3906936.963
000333.SZ,2025-08-19,73.2,73.63,72.2,72.68,71.84,0.84,1.1693,537602.6,3916336.802
000333.SZ,2025-08-20,72.21,72.32,71.51,72.22,72.68,-0.46,-0.6329,403770.28,2901846.346
000333.SZ,2025-08-21,72.09,72.5,71.66,71.92,72.22,-0.3,-0.4154,338013.71,2436115.382
000333.SZ,2025-08-22,71.97,72.19,71.65,72.09,71.92,0.17,0.2364,391388.92,2814332.706
000333.SZ,2025-08-25,72.12,73.85,72.12,73.52,72.09,1.43,1.9836,700234.49,5110086.586
000333.SZ,2025-08-26,73.52,74.28,73.31,73.8,73.52,0.28,0.3808,462937.9,3417986.336
000333.SZ,2025-08-27,73.89,74.55,72.69,72.71,73.8,-1.09,-1.477,488418.58,3605612.81
000333.SZ,2025-08-28,72.71,73.97,72.51,73.5,72.71,0.79,1.0865,432987.46,3171280.84
000333.SZ,2025-08-29,73.5,74.84,73.39,73.71,73.5,0.21,0.2857,567669.0,4210933.505
000333.SZ,2025-09-01,75.0,75.84,73.52,74.03,73.71,0.32,0.4341,776258.58,5792738.594
000333.SZ,2025-09-02,74.21,76.4,73.99,76.16,74.03,2.13,2.8772,805909.24,6106472.167
000333.SZ,2025-09-03,76.55,77.14,74.95,75.62,76.16,-0.54,-0.709,504880.71,3826685.2
000333.SZ,2025-09-04,75.98,76.0,74.42,75.59,75.62,-0.03,-0.0397,443539.49,3328858.3
000333.SZ,2025-09-05,75.81,76.69,75.44,76.22,75.59,0.63,0.8334,464251.67,3530971.109
000333.SZ,2025-09-08,76.67,78.08,76.5,77.03,76.22,0.81,1.0627,550293.71,4245832.274
000333.SZ,2025-09-09,77.02,77.6,76.35,77.18,77.03,0.15,0.1947,383150.19,2947171.767
000333.SZ,2025-09-10,77.0,77.27,76.4,77.02,77.18,-0.16,-0.2073,271541.94,2087580.321
000333.SZ,2025-09-11,76.9,77.27,75.9,77.02,77.02,0.0,0.0,459605.11,3515566.425
000333.SZ,2025-09-12,76.95,77.69,75.41,75.57,77.02,-1.45,-1.8826,591170.75,4507931.249
000333.SZ,2025-09-15,75.2,75.95,74.5,75.17,75.57,-0.4,-0.5293,480680.47,3614905.666
000333.SZ,2025-09-16,75.13,75.2,74.05,74.46,75.17,-0.71,-0.9445,456028.31,3396155.196
000333.SZ,2025-09-17,74.41,75.43,74.17,74.35,74.46,-0.11,-0.1477,577226.75,4303710.294
000333.SZ,2025-09-18,74.6,75.35,73.19,73.74,74.35,-0.61,-0.8204,600840.03,4452255.641
000333.SZ,2025-09-19,73.41,74.59,73.21,74.35,73.74,0.61,0.8272,388478.38,2879645.243
000333.SZ,2025-09-22,74.81,74.9,72.9,73.26,74.35,-1.09,-1.466,479739.93,3520814.681
000333.SZ,2025-09-23,73.25,73.65,72.72,73.53,73.26,0.27,0.3686,421477.21,3082692.695
000333.SZ,2025-09-24,73.51,74.35,72.95,74.1,73.53,0.57,0.7752,306284.81,2260146.501
000333.SZ,2025-09-25,73.3,73.75,72.55,72.84,74.1,-1.26,-1.7004,478607.29,3487388.578
000333.SZ,2025-09-26,73.04,74.7,72.89,74.2,72.84,1.36,1.8671,476983.12,3524465.566
000333.SZ,2025-09-29,74.43,74.55,73.05,73.73,74.2,-0.47,-0.6334,465939.07,3431995.413
000333.SZ,2025-09-30,73.7,73.71,72.55,72.66,73.73,-1.07,-1.4512,506108.39,3690464.285
000333.SZ,2025-10-09,72.35,72.97,71.38,72.63,72.66,-0.03,-0.0413,615939.08,4446685.218
000333.SZ,2025-10-10,72.45,73.73,72.1,72.83,72.63,0.2,0.2754,433305.26,3168138.019
000333.SZ,2025-10-13,71.38,72.11,71.02,71.81,72.83,-1.02,-1.4005,481604.57,3450611.7
000333.SZ,2025-10-14,72.0,73.15,71.69,72.6,71.81,0.79,1.1001,519095.07,3767793.739
000333.SZ,2025-10-15,72.8,73.49,72.6,72.92,72.6,0.32,0.4408,376332.51,2753955.979
000333.SZ,2025-10-16,73.2,73.69,72.52,73.18,72.92,0.26,0.3566,346780.0,2535057.433
000333.SZ,2025-10-17,72.7,73.59,72.64,72.8,73.18,-0.38,-0.5193,276491.08,2017092.908
000333.SZ,2025-10-20,73.09,73.4,72.39,72.87,72.8,0.07,0.0962,297557.42,2166679.568
000333.SZ,2025-10-21,72.9,73.26,72.58,72.91,72.87,0.04,0.0549,283946.59,2070032.731
000333.SZ,2025-10-22,72.8,73.99,72.61,73.88,72.91,0.97,1.3304,393298.27,2894112.406
000333.SZ,2025-10-23,73.8,74.95,73.68,74.89,73.88,1.01,1.3671,347633.41,2588236.881
000333.SZ,2025-10-24,74.89,75.0,74.46,74.61,74.89,-0.28,-0.3739,244838.06,1829626.026
000333.SZ,2025-10-27,74.74,75.35,74.37,74.88,74.61,0.27,0.3619,340552.64,2552508.383
000333.SZ,2025-10-28,74.61,74.92,74.13,74.41,74.88,-0.47,-0.6277,233657.75,1740011.912
000333.SZ,2025-10-29,74.25,74.42,73.5,74.4,74.41,-0.01,-0.0134,273586.5,2025139.821
000333.SZ,2025-10-30,74.5,76.1,74.5,75.3,74.4,0.9,1.2097,499653.01,3777679.276
000333.SZ,2025-10-31,75.2,76.83,75.1,76.4,75.3,1.1,1.4608,509741.59,3888018.216
000333.SZ,2025-11-03,76.39,76.95,75.18,75.39,76.4,-1.01,-1.322,281969.97,2132026.191
000333.SZ,2025-11-04,75.12,75.79,74.9,75.16,75.39,-0.23,-0.3051,302606.49,2282008.18
000333.SZ,2025-11-05,75.0,76.39,74.3,75.94,75.16,0.78,1.0378,266151.33,2015978.787
000333.SZ,2025-11-06,75.94,77.43,75.94,77.03,75.94,1.09,1.4353,355111.47,2732619.897
000333.SZ,2025-11-07,77.27,77.27,76.11,76.2,77.03,-0.83,-1.0775,264419.99,2021807.28
000333.SZ,2025-11-10,76.26,77.55,75.95,77.33,76.2,1.13,1.4829,391008.15,3010493.959
000333.SZ,2025-11-11,77.33,77.39,76.68,77.23,77.33,-0.1,-0.1293,227707.54,1755331.384
000333.SZ,2025-11-12,77.23,80.55,77.23,79.49,77.23,2.26,2.9263,737847.03,5857421.168
000333.SZ,2025-11-13,79.2,80.0,78.69,79.6,79.49,0.11,0.1384,333370.14,2639881.174
000333.SZ,2025-11-14,79.5,80.42,79.05,79.23,79.6,-0.37,-0.4648,273127.49,2181244.56
000333.SZ,2025-11-17,79.23,79.39,77.91,78.42,79.23,-0.81,-1.0223,261095.32,2050426.784
000333.SZ,2025-11-18,78.29,78.66,77.0,77.4,77.93,-0.53,-0.6801,235904.08,1833005.28
000333.SZ,2025-11-19,77.38,78.09,77.02,77.4,77.4,0.0,0.0,214415.2,1661622.968
000333.SZ,2025-11-20,77.5,78.88,77.03,77.94,77.4,0.54,0.6977,261928.79,2050174.663
000333.SZ,2025-11-21,77.1,79.29,77.1,78.75,77.94,0.81,1.0393,439494.76,3442968.265
000333.SZ,2025-11-24,78.6,79.48,78.25,78.56,78.75,-0.19,-0.2413,367739.38,2903024.266
000333.SZ,2025-11-25,78.99,79.0,77.61,78.7,78.56,0.14,0.1782,291011.52,2280195.509
000333.SZ,2025-11-26,78.69,80.0,78.41,79.8,78.7,1.1,1.3977,320727.77,2538706.36
000333.SZ,2025-11-27,79.6,80.73,78.95,79.8,79.8,0.0,0.0,316460.71,2524590.682
000333.SZ,2025-11-28,79.8,80.07,79.33,79.86,79.8,0.06,0.0752,181266.61,1445017.043
000333.SZ,2025-12-01,79.8,80.2,79.17,80.0,79.86,0.14,0.1753,303520.24,2419268.736
000333.SZ,2025-12-02,80.1,81.66,80.01,81.56,80.0,1.56,1.95,378049.31,3071966.512
000333.SZ,2025-12-03,81.55,82.88,81.26,82.17,81.56,0.61,0.7479,368660.05,3038100.689
000333.SZ,2025-12-04,82.13,83.17,81.77,81.89,82.17,-0.28,-0.3408,289179.66,2377656.054
000333.SZ,2025-12-05,81.89,82.59,81.7,82.23,81.89,0.34,0.4152,246165.11,2020996.778
000333.SZ,2025-12-08,83.0,83.1,81.04,81.81,82.23,-0.42,-0.5108,273365.29,2235419.968
000333.SZ,2025-12-09,81.5,81.56,79.94,80.2,81.81,-1.61,-1.968,356479.4,2872571.867
000333.SZ,2025-12-10,79.98,80.62,79.7,80.07,80.2,-0.13,-0.1621,245719.72,1970629.706
000333.SZ,2025-12-11,80.12,80.56,79.18,79.3,80.07,-0.77,-0.9617,272944.85,2178536.617
000333.SZ,2025-12-12,79.35,79.98,79.2,79.32,79.3,0.02,0.0252,328958.62,2615339.99
000333.SZ,2025-12-15,79.69,81.1,79.45,80.41,79.32,1.09,1.3742,365546.89,2945959.175
000333.SZ,2025-12-16,80.25,80.85,79.84,79.96,80.41,-0.45,-0.5596,214230.89,1718619.061
000333.SZ,2025-12-17,79.71,80.92,79.38,80.47,79.96,0.51,0.6378,230281.8,1850597.016
000333.SZ,2025-12-18,80.27,80.61,79.51,79.83,80.47,-0.64,-0.7953,214097.92,1710070.019
000333.SZ,2025-12-19,79.85,79.9,78.8,79.45,79.83,-0.38,-0.476,278017.66,2205368.624
000333.SZ,2025-12-22,79.3,79.79,78.9,79.16,79.45,-0.29,-0.365,245037.13,1941379.877
000333.SZ,2025-12-23,79.38,80.31,79.02,79.65,79.16,0.49,0.619,254680.2,2029842.283
000333.SZ,2025-12-24,79.43,79.94,78.76,78.8,79.65,-0.85,-1.0672,217047.38,1715476.084
000333.SZ,2025-12-25,78.52,78.88,78.18,78.59,78.8,-0.21,-0.2665,226757.8,1780124.525
000333.SZ,2025-12-26,78.59,79.07,78.55,78.87,78.59,0.28,0.3563,214107.12,1688269.46
000333.SZ,2025-12-29,78.79,79.72,78.25,78.41,78.87,-0.46,-0.5832,256973.85,2026008.965
000333.SZ,2025-12-30,78.16,79.38,78.12,78.85,78.41,0.44,0.5612,213622.22,1681118.068
000333.SZ,2025-12-31,78.87,80.28,77.85,78.15,78.85,-0.7,-0.8878,287758.22,2256598.466
000333.SZ,2026-01-05,80.04,80.5,78.25,78.68,78.15,0.53,0.6782,442947.09,3501427.582
000333.SZ,2026-01-06,78.58,79.49,77.39,78.84,78.68,0.16,0.2034,454524.76,3572813.822
000333.SZ,2026-01-07,78.99,79.58,78.06,79.37,78.84,0.53,0.6722,401967.84,3173707.531
000333.SZ,2026-01-08,79.37,79.48,78.31,79.03,79.37,-0.34,-0.4284,312536.84,2464225.429
000333.SZ,2026-01-09,79.6,79.95,79.3,79.77,79.03,0.74,0.9364,341080.97,2719435.078
000333.SZ,2026-01-12,79.78,79.79,77.81,78.62,79.77,-1.15,-1.4416,525014.1,4117420.887
000333.SZ,2026-01-13,77.9,78.0,76.1,76.2,78.62,-2.42,-3.0781,945712.32,7277543.658
000333.SZ,2026-01-14,76.2,77.63,75.91,77.15,76.2,0.95,1.2467,539684.01,4151813.691
000333.SZ,2026-01-15,77.46,78.05,76.89,77.22,77.15,0.07,0.0907,360313.72,2794124.458
000333.SZ,2026-01-16,77.25,77.85,77.15,77.31,77.22,0.09,0.1166,371868.55,2882035.811
000333.SZ,2026-01-19,77.37,78.14,77.05,77.62,77.31,0.31,0.401,336373.93,2609235.772
000333.SZ,2026-01-20,77.66,79.37,77.2,79.0,77.62,1.38,1.7779,455357.5,3580248.041
000333.SZ,2026-01-21,78.96,78.96,77.55,77.78,79.0,-1.22,-1.5443,368086.44,2881638.098
000333.SZ,2026-01-22,78.25,78.26,77.37,77.49,77.78,-0.29,-0.3728,344040.58,2673285.096
000333.SZ,2026-01-23,77.57,77.79,76.71,76.78,77.49,-0.71,-0.9162,373707.4,2879013.288
000333.SZ,2026-01-26,76.8,77.87,76.02,76.35,76.78,-0.43,-0.56,473131.68,3631661.682
000333.SZ,2026-01-27,76.4,77.1,75.92,76.1,76.35,-0.25,-0.3274,325806.54,2493849.777
000333.SZ,2026-01-28,76.09,76.36,75.0,75.34,76.1,-0.76,-0.9987,628937.23,4759175.492
000333.SZ,2026-01-29,75.7,78.08,75.47,77.88,75.34,2.54,3.3714,622441.06,4784027.398
000333.SZ,2026-01-30,77.6,79.0,77.4,77.59,77.88,-0.29,-0.3724,532508.29,4168550.768
000333.SZ,2026-02-02,77.6,78.48,77.0,77.85,77.59,0.26,0.3351,345915.79,2696447.814
000333.SZ,2026-02-03,77.8,78.89,77.43,77.91,77.85,0.06,0.0771,345037.1,2691523.35
000333.SZ,2026-02-04,78.1,79.88,78.01,79.81,77.91,1.9,2.4387,389102.59,3080223.023
000333.SZ,2026-02-05,79.83,81.16,79.63,80.45,79.81,0.64,0.8019,429197.91,3456314.703
000333.SZ,2026-02-06,80.43,80.8,79.4,79.54,80.45,-0.91,-1.1311,312565.9,2494058.799
000333.SZ,2026-02-09,79.18,79.34,78.41,79.16,79.54,-0.38,-0.4777,334669.53,2637206.616
000333.SZ,2026-02-10,79.21,80.28,78.88,80.19,79.16,1.03,1.3012,306184.08,2442130.413
000333.SZ,2026-02-11,80.0,80.21,79.6,79.69,80.19,-0.5,-0.6235,198066.4,1581382.077
000333.SZ,2026-02-12,79.46,80.06,79.3,79.8,79.69,0.11,0.138,188784.41,1505278.311
000333.SZ,2026-02-13,79.51,80.0,78.91,79.05,79.8,-0.75,-0.9398,255102.43,2024367.758
000333.SZ,2026-02-24,80.2,80.6,79.52,79.52,79.05,0.47,0.5946,252513.93,2020103.221
000333.SZ,2026-02-25,80.28,80.77,79.29,79.7,79.52,0.18,0.2264,285523.95,2280423.704
000333.SZ,2026-02-26,80.15,80.2,78.75,79.25,79.7,-0.45,-0.5646,253270.62,2011764.284
000333.SZ,2026-02-27,79.03,79.5,78.5,78.64,79.25,-0.61,-0.7697,201603.88,1590463.839
000333.SZ,2026-03-02,78.0,78.06,76.7,77.45,78.64,-1.19,-1.5132,274785.59,2126756.401
000333.SZ,2026-03-03,77.46,77.64,76.5,76.56,77.45,-0.89,-1.1491,288000.34,2219134.173
000333.SZ,2026-03-04,76.0,76.52,75.37,76.16,76.56,-0.4,-0.5225,284933.55,2165428.071
000333.SZ,2026-03-05,76.6,76.99,76.12,76.27,76.16,0.11,0.1444,196872.39,1505981.137
000333.SZ,2026-03-06,76.22,76.72,75.76,76.52,76.27,0.25,0.3278,206628.79,1576695.274
000333.SZ,2026-03-09,75.73,76.1,75.02,75.41,76.52,-1.11,-1.4506,259478.37,1958550.801
000333.SZ,2026-03-10,75.75,76.84,75.75,76.6,75.41,1.19,1.578,209085.56,1598535.44
000333.SZ,2026-03-11,76.6,77.72,76.1,77.39,76.6,0.79,1.0313,251357.64,1941618.421
000333.SZ,2026-03-12,77.3,77.75,76.93,77.4,77.39,0.01,0.0129,193304.78,1493891.519
000333.SZ,2026-03-13,76.95,77.46,76.65,76.86,77.4,-0.54,-0.6977,187292.88,1443018.566
000333.SZ,2026-03-16,76.52,76.88,75.68,76.64,76.86,-0.22,-0.2862,205600.29,1570261.577
000333.SZ,2026-03-17,76.98,77.6,76.6,76.6,76.64,-0.04,-0.0522,214074.54,1649202.285
000333.SZ,2026-03-18,76.74,77.3,76.3,77.06,76.6,0.46,0.6005,200716.38,1544837.048
000333.SZ,2026-03-19,76.43,76.98,75.93,76.0,77.06,-1.06,-1.3756,232729.07,1777663.11
000333.SZ,2026-03-20,75.92,76.15,75.12,75.12,76.0,-0.88,-1.1579,219125.95,1657477.564
000333.SZ,2026-03-23,73.95,73.97,72.35,73.37,75.12,-1.75,-2.3296,462008.0,3377621.418
000333.SZ,2026-03-24,73.73,74.42,72.8,74.23,73.37,0.86,1.1721,267147.23,1968463.615
000333.SZ,2026-03-25,74.5,74.97,73.95,74.8,74.23,0.57,0.7679,184963.62,1376467.588
000333.SZ,2026-03-26,74.89,75.54,74.18,74.32,74.8,-0.48,-0.6417,177085.33,1325335.069
000333.SZ,2026-03-27,72.9,74.95,72.8,74.78,74.32,0.46,0.6189,319125.35,2367294.087
000333.SZ,2026-03-30,73.35,74.0,71.77,72.1,74.78,-2.68,-3.5838,456227.15,3304801.59
000333.SZ,2026-03-31,75.05,77.32,74.31,76.35,72.1,4.25,5.8946,694914.61,5310077.352
000333.SZ,2026-04-01,76.5,77.4,76.34,76.84,76.35,0.49,0.6418,273615.77,2100652.578
000333.SZ,2026-04-02,76.85,77.84,76.58,77.37,76.84,0.53,0.6897,326317.97,2523387.318
000333.SZ,2026-04-03,77.3,77.35,76.2,76.35,77.37,-1.02,-1.3183,172772.6,1325461.933
000333.SZ,2026-04-07,76.35,76.7,75.62,76.12,76.35,-0.23,-0.3012,163826.05,1246113.3
000333.SZ,2026-04-08,76.95,77.25,76.35,76.73,76.12,0.61,0.8014,286804.12,2200099.879
000333.SZ,2026-04-09,76.4,77.02,75.9,76.52,76.73,-0.21,-0.2737,235023.94,1796387.351
000333.SZ,2026-04-10,76.52,76.74,76.06,76.41,76.52,-0.11,-0.1438,258372.67,1971065.632
000333.SZ,2026-04-13,76.03,76.47,75.58,75.78,76.41,-0.63,-0.8245,182375.2,1384781.818
000333.SZ,2026-04-14,76.06,76.55,75.5,76.55,75.78,0.77,1.0161,195781.58,1489302.845
000333.SZ,2026-04-15,76.55,77.88,76.2,77.49,76.55,0.94,1.228,318450.72,2461286.853
000333.SZ,2026-04-16,77.77,78.44,77.4,77.9,77.49,0.41,0.5291,238078.03,1853913.748
000333.SZ,2026-04-17,78.18,79.25,77.84,78.65,77.9,0.75,0.9628,277352.36,2181684.923
000333.SZ,2026-04-20,78.4,79.9,78.05,79.58,78.65,0.93,1.1825,276699.79,2201771.534
000333.SZ,2026-04-21,79.75,80.08,79.2,79.5,79.58,-0.08,-0.1005,238792.88,1903225.382
000333.SZ,2026-04-22,79.5,79.63,78.87,79.3,79.5,-0.2,-0.2516,202781.6,1606990.585
000333.SZ,2026-04-23,79.29,80.15,78.73,79.85,79.3,0.55,0.6936,299432.46,2388456.633
000333.SZ,2026-04-24,79.56,80.2,79.46,79.66,79.85,-0.19,-0.2379,217880.11,1740580.503
000333.SZ,2026-04-27,79.24,80.15,79.01,79.5,79.66,-0.16,-0.2009,258511.62,2060818.397
000333.SZ,2026-04-28,79.45,80.8,79.18,80.45,79.5,0.95,1.195,304729.06,2450034.708
