ts_code,date,open,high,low,close,pre_close,change,pct_chg,volume,amount
002142.SZ,2020-01-02,28.6,29.27,28.5,29.1,28.15,0.95,3.3748,298693.44,864350.753
002142.SZ,2020-01-03,29.03,29.25,28.73,29.2,29.1,0.1,0.3436,172788.99,502067.849
002142.SZ,2020-01-06,29.0,29.75,28.88,29.27,29.2,0.07,0.2397,151504.93,444011.931
002142.SZ,2020-01-07,29.36,29.76,29.2,29.41,29.27,0.14,0.4783,123586.94,364420.7
002142.SZ,2020-01-08,29.16,29.26,28.75,28.9,29.41,-0.51,-1.7341,127126.74,367269.839
002142.SZ,2020-01-09,29.05,29.57,29.05,29.5,28.9,0.6,2.0761,143673.88,422920.948
002142.SZ,2020-01-10,29.48,29.56,29.05,29.16,29.5,-0.34,-1.1525,111646.03,326359.153
002142.SZ,2020-01-13,29.14,29.25,28.42,29.0,29.16,-0.16,-0.5487,239758.08,688898.481
002142.SZ,2020-01-14,28.95,29.16,28.45,28.49,29.0,-0.51,-1.7586,221601.56,636227.978
002142.SZ,2020-01-15,28.59,28.64,28.08,28.25,28.49,-0.24,-0.8424,182981.78,516845.775
002142.SZ,2020-01-16,28.33,28.6,28.13,28.4,28.25,0.15,0.531,183361.2,519452.072
002142.SZ,2020-01-17,28.53,28.56,28.02,28.15,28.4,-0.25,-0.8803,155838.76,440070.009
002142.SZ,2020-01-20,28.23,28.35,28.03,28.24,28.15,0.09,0.3197,162389.24,457205.717
002142.SZ,2020-01-21,28.1,28.14,27.69,27.84,28.24,-0.4,-1.4164,155969.99,434597.501
002142.SZ,2020-01-22,27.66,27.98,27.31,27.74,27.84,-0.1,-0.3592,197510.62,545849.458
002142.SZ,2020-01-23,27.63,27.68,26.62,26.93,27.74,-0.81,-2.92,230612.35,623693.52
002142.SZ,2020-02-03,24.26,26.28,24.26,25.5,26.93,-1.43,-5.3101,412847.01,1043177.368
002142.SZ,2020-02-04,25.8,26.76,25.8,26.62,25.5,1.12,4.3922,302003.46,794352.795
002142.SZ,2020-02-05,26.48,26.54,25.58,25.97,26.62,-0.65,-2.4418,429946.72,1118702.434
002142.SZ,2020-02-06,25.98,25.98,25.48,25.85,25.97,-0.12,-0.4621,336125.37,863308.553
002142.SZ,2020-02-07,25.6,25.6,25.0,25.35,25.85,-0.5,-1.9342,342641.49,865577.451
002142.SZ,2020-02-10,25.27,25.61,24.92,25.52,25.35,0.17,0.6706,267596.77,674369.199
002142.SZ,2020-02-11,25.56,26.6,25.52,26.35,25.52,0.83,3.2524,434547.56,1141513.686
002142.SZ,2020-02-12,26.19,26.41,25.89,26.15,26.35,-0.2,-0.759,251970.68,656304.63
002142.SZ,2020-02-13,26.11,26.2,25.78,25.97,26.15,-0.18,-0.6883,232731.73,604031.993
002142.SZ,2020-02-14,25.91,26.49,25.76,26.45,25.97,0.48,1.8483,279303.82,733321.405
002142.SZ,2020-02-17,26.5,26.93,26.18,26.93,26.45,0.48,1.8147,253606.25,673350.035
002142.SZ,2020-02-18,26.91,26.93,26.31,26.44,26.93,-0.49,-1.8195,232379.54,616519.306
002142.SZ,2020-02-19,26.32,26.72,26.2,26.26,26.44,-0.18,-0.6808,206164.75,544023.478
002142.SZ,2020-02-20,26.2,26.81,26.11,26.72,26.26,0.46,1.7517,258847.75,684352.948
002142.SZ,2020-02-21,26.62,26.67,26.25,26.55,26.72,-0.17,-0.6362,272423.94,720207.779
002142.SZ,2020-02-24,26.3,26.54,26.05,26.21,26.55,-0.34,-1.2806,250341.97,657047.052
002142.SZ,2020-02-25,25.98,26.1,25.51,25.76,26.21,-0.45,-1.7169,311503.71,800928.352
002142.SZ,2020-02-26,25.4,26.18,25.35,25.77,25.76,0.01,0.0388,270651.25,699669.188
002142.SZ,2020-02-27,25.74,26.12,25.7,26.0,25.77,0.23,0.8925,169600.03,440236.558
002142.SZ,2020-02-28,25.62,25.85,25.01,25.16,26.0,-0.84,-3.2308,228169.77,578851.696
002142.SZ,2020-03-02,25.45,26.88,25.45,26.69,25.16,1.53,6.0811,469394.51,1238134.148
002142.SZ,2020-03-03,26.83,27.15,26.46,26.87,26.69,0.18,0.6744,275234.48,737624.384
002142.SZ,2020-03-04,26.62,27.16,26.42,26.75,26.87,-0.12,-0.4466,275697.39,737431.927
002142.SZ,2020-03-05,26.88,28.06,26.7,27.86,26.75,1.11,4.1495,449500.54,1243490.93
002142.SZ,2020-03-06,27.69,28.14,27.33,27.48,27.86,-0.38,-1.364,247599.15,684683.544
002142.SZ,2020-03-09,26.9,27.41,26.52,27.22,27.48,-0.26,-0.9461,322205.8,872184.199
002142.SZ,2020-03-10,27.02,27.69,26.62,27.24,27.22,0.02,0.0735,337620.78,918369.922
002142.SZ,2020-03-11,27.09,27.11,26.69,26.7,27.24,-0.54,-1.9824,176094.88,472287.17
002142.SZ,2020-03-12,26.68,26.78,25.95,26.19,26.7,-0.51,-1.9101,243518.53,638949.415
002142.SZ,2020-03-13,25.0,26.02,24.88,26.0,26.19,-0.19,-0.7255,281755.85,716230.875
002142.SZ,2020-03-16,25.68,25.8,24.8,24.81,26.0,-1.19,-4.5769,372383.4,934615.613
002142.SZ,2020-03-17,24.72,25.25,23.94,24.48,24.81,-0.33,-1.3301,242722.23,591586.305
002142.SZ,2020-03-18,24.69,24.84,23.22,23.27,24.48,-1.21,-4.9428,293010.88,706328.391
002142.SZ,2020-03-19,22.9,23.59,21.98,22.33,23.27,-0.94,-4.0395,406829.95,915167.687
002142.SZ,2020-03-20,22.65,23.63,22.42,23.07,22.33,0.74,3.3139,404280.4,936360.882
002142.SZ,2020-03-23,22.58,22.95,22.0,22.29,23.07,-0.78,-3.381,280017.24,627883.417
002142.SZ,2020-03-24,22.69,23.34,22.55,23.3,22.29,1.01,4.5312,275557.28,634787.163
002142.SZ,2020-03-25,23.95,24.45,23.82,24.3,23.3,1.0,4.2918,303591.87,732297.772
002142.SZ,2020-03-26,24.05,24.84,23.9,24.33,24.3,0.03,0.1235,193568.75,471072.119
002142.SZ,2020-03-27,24.39,24.65,24.04,24.13,24.33,-0.2,-0.822,163005.53,397210.529
002142.SZ,2020-03-30,23.59,23.68,23.11,23.28,24.13,-0.85,-3.5226,246538.88,574535.668
002142.SZ,2020-03-31,23.64,23.82,22.91,23.06,23.28,-0.22,-0.945,250430.75,585812.619
002142.SZ,2020-04-01,23.2,23.26,22.6,22.8,23.06,-0.26,-1.1275,285578.46,654159.998
002142.SZ,2020-04-02,22.65,22.85,22.33,22.75,22.8,-0.05,-0.2193,343280.28,773134.568
002142.SZ,2020-04-03,22.7,22.7,22.14,22.2,22.75,-0.55,-2.4176,380791.0,851343.383
002142.SZ,2020-04-07,22.8,23.58,22.75,23.45,22.2,1.25,5.6306,464040.03,1080087.7
002142.SZ,2020-04-08,23.25,23.27,22.66,22.76,23.45,-0.69,-2.9424,457025.29,1045377.521
002142.SZ,2020-04-09,22.91,23.42,22.91,23.19,22.76,0.43,1.8893,300385.44,697359.426
002142.SZ,2020-04-10,23.29,23.79,23.03,23.27,23.19,0.08,0.345,243829.7,570106.883
002142.SZ,2020-04-13,23.08,23.23,22.83,22.93,23.27,-0.34,-1.4611,172929.87,397647.934
002142.SZ,2020-04-14,23.1,23.35,22.9,23.24,22.93,0.31,1.3519,279953.96,647473.804
002142.SZ,2020-04-15,23.27,23.28,22.75,22.82,23.24,-0.42,-1.8072,288321.06,659975.497
002142.SZ,2020-04-16,22.7,22.75,22.35,22.56,22.82,-0.26,-1.1394,279407.13,628569.32
002142.SZ,2020-04-17,22.76,23.43,22.62,23.22,22.56,0.66,2.9255,497851.87,1151437.491
002142.SZ,2020-04-20,23.39,23.95,23.31,23.71,23.22,0.49,2.1102,369834.97,876152.569
002142.SZ,2020-04-21,23.8,23.91,23.25,23.44,23.71,-0.27,-1.1388,228706.62,538360.823
002142.SZ,2020-04-22,23.33,23.55,23.03,23.33,23.44,-0.11,-0.4693,180724.48,420577.302
002142.SZ,2020-04-23,23.38,23.83,23.28,23.4,23.33,0.07,0.3,236789.73,557342.04
002142.SZ,2020-04-24,23.47,23.61,23.16,23.52,23.4,0.12,0.5128,156658.71,366866.343
002142.SZ,2020-04-27,23.78,25.24,23.7,24.87,23.52,1.35,5.7398,647384.03,1598538.773
002142.SZ,2020-04-28,24.95,25.55,24.67,25.22,24.87,0.35,1.4073,329894.98,830388.863
002142.SZ,2020-04-29,25.33,26.45,25.29,26.08,25.22,0.86,3.41,438494.3,1143601.455
002142.SZ,2020-04-30,26.06,26.92,25.89,26.05,26.08,-0.03,-0.115,317171.1,838516.001
002142.SZ,2020-05-06,25.71,26.18,25.5,25.96,26.05,-0.09,-0.3455,288252.0,744006.501
002142.SZ,2020-05-07,26.11,26.11,25.54,25.78,25.96,-0.18,-0.6934,213685.82,549822.299
002142.SZ,2020-05-08,25.99,26.65,25.75,26.23,25.78,0.45,1.7455,314702.34,825036.49
002142.SZ,2020-05-11,26.1,26.52,25.74,26.0,26.23,-0.23,-0.8769,310803.37,810299.831
002142.SZ,2020-05-12,26.01,26.2,25.43,25.57,26.0,-0.43,-1.6538,249937.71,641128.447
002142.SZ,2020-05-13,25.5,25.6,25.12,25.41,25.57,-0.16,-0.6257,288707.48,731842.694
002142.SZ,2020-05-14,25.39,25.43,24.75,24.75,25.41,-0.66,-2.5974,319478.1,796770.19
002142.SZ,2020-05-15,24.99,25.23,24.65,24.73,24.75,-0.02,-0.0808,265821.93,661107.598
002142.SZ,2020-05-18,24.67,25.17,24.62,24.8,24.73,0.07,0.2831,223170.45,558042.464
002142.SZ,2020-05-19,25.27,25.65,25.15,25.21,24.8,0.41,1.6532,219064.4,555033.928
002142.SZ,2020-05-20,25.2,25.63,24.81,25.49,25.21,0.28,1.1107,333646.31,844322.136
002142.SZ,2020-05-21,25.65,26.13,25.4,25.84,25.49,0.35,1.3731,300836.1,776391.567
002142.SZ,2020-05-22,25.8,25.95,25.32,25.36,25.84,-0.48,-1.8576,180749.15,462361.719
002142.SZ,2020-05-25,25.41,25.5,24.8,24.91,25.36,-0.45,-1.7744,182762.76,456405.74
002142.SZ,2020-05-26,24.99,25.24,24.82,25.15,24.91,0.24,0.9635,134001.3,335049.954
002142.SZ,2020-05-27,25.15,25.43,24.81,24.96,25.15,-0.19,-0.7555,167506.69,420326.946
002142.SZ,2020-05-28,25.1,26.23,24.9,25.84,24.96,0.88,3.5256,332940.7,859951.481
002142.SZ,2020-05-29,25.97,26.02,25.58,25.61,25.84,-0.23,-0.8901,221291.71,570487.553
002142.SZ,2020-06-01,25.91,26.68,25.62,26.59,25.61,0.98,3.8266,342874.3,904626.537
002142.SZ,2020-06-02,26.52,26.75,26.35,26.69,26.59,0.1,0.3761,260585.5,692299.726
002142.SZ,2020-06-03,26.85,27.85,26.85,27.26,26.69,0.57,2.1356,350655.86,961533.14
002142.SZ,2020-06-04,27.33,27.54,26.98,27.27,27.26,0.01,0.0367,176425.65,480369.221
002142.SZ,2020-06-05,27.48,27.52,26.93,27.42,27.27,0.15,0.5501,144007.96,392473.927
002142.SZ,2020-06-08,27.65,28.38,27.39,27.46,27.42,0.04,0.1459,280365.81,779381.955
002142.SZ,2020-06-09,27.38,27.39,26.81,26.99,27.46,-0.47,-1.7116,261551.16,706549.346
002142.SZ,2020-06-10,27.0,27.17,26.81,26.84,26.99,-0.15,-0.5558,181067.6,488235.641
002142.SZ,2020-06-11,26.94,26.94,26.13,26.3,26.84,-0.54,-2.0119,273453.44,723526.67
002142.SZ,2020-06-12,26.02,26.29,25.78,26.29,26.3,-0.01,-0.038,278162.18,724723.06
002142.SZ,2020-06-15,26.0,26.15,25.7,25.79,26.29,-0.5,-1.9019,306754.75,793902.902
002142.SZ,2020-06-16,25.82,26.32,25.78,26.02,25.79,0.23,0.8918,231334.72,601493.586
002142.SZ,2020-06-17,25.99,25.99,25.55,25.82,26.02,-0.2,-0.7686,190555.88,489624.68
002142.SZ,2020-06-18,25.62,25.91,24.7,25.51,25.82,-0.31,-1.2006,466508.17,1178749.708
002142.SZ,2020-06-19,25.55,25.95,25.16,25.62,25.51,0.11,0.4312,439320.46,1121483.351
002142.SZ,2020-06-22,25.56,25.6,25.17,25.27,25.62,-0.35,-1.3661,375513.34,951491.808
002142.SZ,2020-06-23,25.32,25.52,25.15,25.5,25.27,0.23,0.9102,283228.97,718176.49
002142.SZ,2020-06-24,25.66,26.25,25.66,26.11,25.5,0.61,2.3922,389183.4,1014141.334
002142.SZ,2020-06-29,26.22,26.52,25.85,26.39,26.11,0.28,1.0724,307973.4,807117.825
002142.SZ,2020-06-30,26.48,26.7,26.16,26.27,26.39,-0.12,-0.4547,282245.45,743875.081
002142.SZ,2020-07-01,26.27,27.28,26.21,27.19,26.27,0.92,3.5021,418918.61,1123507.063
002142.SZ,2020-07-02,27.15,28.05,26.75,27.89,27.19,0.7,2.5745,577618.99,1578215.08
002142.SZ,2020-07-03,28.08,28.87,27.99,28.3,27.89,0.41,1.4701,651822.24,1854316.409
002142.SZ,2020-07-06,28.71,31.13,28.71,31.13,28.3,2.83,10.0,765799.59,2300943.059
002142.SZ,2020-07-07,32.0,33.13,29.85,31.56,31.13,0.43,1.3813,701881.81,2240626.47
002142.SZ,2020-07-08,31.2,32.88,30.93,31.87,31.56,0.31,0.9823,533079.26,1681816.587
002142.SZ,2020-07-09,30.93,32.08,30.43,31.8,31.37,0.43,1.3707,571755.24,1784863.765
002142.SZ,2020-07-10,31.5,31.64,30.28,30.68,31.8,-1.12,-3.522,481233.47,1490517.182
002142.SZ,2020-07-13,29.9,30.24,29.04,29.82,30.68,-0.86,-2.8031,662763.47,1971205.338
002142.SZ,2020-07-14,29.65,29.92,29.14,29.3,29.82,-0.52,-1.7438,366665.72,1083090.334
002142.SZ,2020-07-15,29.5,29.71,28.73,28.94,29.3,-0.36,-1.2287,390433.3,1137432.926
002142.SZ,2020-07-16,29.09,29.75,29.0,29.15,28.94,0.21,0.7256,562633.55,1653685.037
002142.SZ,2020-07-17,29.4,30.58,29.34,30.42,29.15,1.27,4.3568,491985.19,1477714.9
002142.SZ,2020-07-20,30.59,32.16,29.81,31.65,30.42,1.23,4.0434,664532.33,2077822.44
002142.SZ,2020-07-21,31.58,31.62,30.97,31.26,31.65,-0.39,-1.2322,323444.36,1011319.65
002142.SZ,2020-07-22,31.0,31.8,30.96,31.1,31.26,-0.16,-0.5118,290259.71,911123.097
002142.SZ,2020-07-23,31.01,31.78,30.25,31.69,31.1,0.59,1.8971,445484.16,1385202.302
002142.SZ,2020-07-24,31.26,31.36,30.01,30.08,31.69,-1.61,-5.0805,531488.58,1619617.192
002142.SZ,2020-07-27,30.09,30.32,28.4,28.75,30.08,-1.33,-4.4215,545575.27,1578009.325
002142.SZ,2020-07-28,28.8,29.18,28.68,29.08,28.75,0.33,1.1478,238906.73,691222.687
002142.SZ,2020-07-29,28.94,29.83,28.54,29.66,29.08,0.58,1.9945,292618.3,861172.286
002142.SZ,2020-07-30,29.61,29.66,28.9,29.15,29.66,-0.51,-1.7195,324714.49,947853.221
002142.SZ,2020-07-31,29.01,29.4,28.5,28.97,29.15,-0.18,-0.6175,300883.46,872861.414
002142.SZ,2020-08-03,29.08,30.14,29.08,29.45,28.97,0.48,1.6569,381851.21,1128681.74
002142.SZ,2020-08-04,29.37,30.8,29.11,30.67,29.45,1.22,4.1426,590181.8,1782959.813
002142.SZ,2020-08-05,30.21,30.64,29.86,30.46,30.67,-0.21,-0.6847,355757.98,1077251.561
002142.SZ,2020-08-06,30.3,32.1,30.25,31.59,30.46,1.13,3.7098,463244.98,1446872.674
002142.SZ,2020-08-07,31.35,32.55,31.33,31.89,31.59,0.3,0.9497,419700.29,1344850.972
002142.SZ,2020-08-10,32.18,33.85,31.4,33.54,31.89,1.65,5.174,591638.46,1961529.193
002142.SZ,2020-08-11,33.53,35.13,32.89,33.03,33.54,-0.51,-1.5206,655710.26,2238640.12
002142.SZ,2020-08-12,33.43,34.89,32.3,32.99,33.03,-0.04,-0.1211,548848.65,1823342.335
002142.SZ,2020-08-13,32.98,33.49,32.2,32.23,32.99,-0.76,-2.3037,406526.25,1327950.654
002142.SZ,2020-08-14,32.42,33.61,32.32,33.56,32.23,1.33,4.1266,401846.92,1323251.206
002142.SZ,2020-08-17,33.66,35.07,33.66,34.57,33.56,1.01,3.0095,648223.31,2240073.951
002142.SZ,2020-08-18,34.56,34.87,33.78,34.7,34.57,0.13,0.376,289235.16,992872.916
002142.SZ,2020-08-19,34.63,35.65,34.45,35.07,34.7,0.37,1.0663,341034.54,1199497.228
002142.SZ,2020-08-20,34.81,35.31,33.79,33.97,35.07,-1.1,-3.1366,335023.68,1147322.536
002142.SZ,2020-08-21,34.7,35.28,34.23,34.89,33.97,0.92,2.7083,279841.16,974591.62
002142.SZ,2020-08-24,34.88,34.91,33.05,33.37,34.89,-1.52,-4.3565,489184.59,1645815.094
002142.SZ,2020-08-25,33.6,34.89,33.6,34.45,33.37,1.08,3.2364,323283.67,1114166.679
002142.SZ,2020-08-26,34.65,35.11,34.27,34.49,34.45,0.04,0.1161,311014.9,1079895.578
002142.SZ,2020-08-27,34.97,35.0,34.0,34.56,34.49,0.07,0.203,194305.53,669516.795
002142.SZ,2020-08-28,34.52,36.5,33.95,36.33,34.56,1.77,5.1215,410380.6,1466102.897
002142.SZ,2020-08-31,36.18,37.0,35.45,35.5,36.33,-0.83,-2.2846,522920.88,1882143.82
002142.SZ,2020-09-01,35.37,35.37,34.17,34.63,35.5,-0.87,-2.4507,383220.7,1324069.726
002142.SZ,2020-09-02,34.6,34.75,33.73,34.22,34.63,-0.41,-1.1839,343191.19,1172681.978
002142.SZ,2020-09-03,34.19,34.62,33.58,33.76,34.22,-0.46,-1.3442,349745.05,1190408.019
002142.SZ,2020-09-04,33.1,33.8,33.01,33.7,33.76,-0.06,-0.1777,250066.32,835718.513
002142.SZ,2020-09-07,33.38,33.93,33.02,33.14,33.7,-0.56,-1.6617,312991.74,1045105.852
002142.SZ,2020-09-08,33.11,34.09,33.0,33.63,33.14,0.49,1.4786,359110.22,1206721.288
002142.SZ,2020-09-09,33.2,33.96,33.0,33.18,33.63,-0.45,-1.3381,306927.42,1024252.343
002142.SZ,2020-09-10,33.75,34.16,32.99,33.04,33.18,-0.14,-0.4219,376130.31,1258685.377
002142.SZ,2020-09-11,33.04,33.18,32.01,32.55,33.04,-0.49,-1.4831,300483.71,973670.126
002142.SZ,2020-09-14,32.43,33.0,32.23,32.75,32.55,0.2,0.6144,328654.44,1069852.955
002142.SZ,2020-09-15,32.69,33.23,32.46,32.86,32.75,0.11,0.3359,291430.67,957948.092
002142.SZ,2020-09-16,33.0,33.34,32.71,32.9,32.86,0.04,0.1217,240782.8,794617.145
002142.SZ,2020-09-17,33.04,33.7,32.94,33.28,32.9,0.38,1.155,248288.26,828790.925
002142.SZ,2020-09-18,33.2,34.4,32.99,34.29,33.28,1.01,3.0349,371469.01,1259998.898
002142.SZ,2020-09-21,34.54,34.67,33.81,34.2,34.29,-0.09,-0.2625,219021.78,746579.064
002142.SZ,2020-09-22,33.8,34.88,33.72,34.13,34.2,-0.07,-0.2047,267500.94,919978.136
002142.SZ,2020-09-23,34.14,34.33,33.64,33.86,34.13,-0.27,-0.7911,171432.74,581798.585
002142.SZ,2020-09-24,34.0,34.13,32.92,33.01,33.86,-0.85,-2.5103,273940.24,908816.217
002142.SZ,2020-09-25,33.2,33.4,32.59,32.75,33.01,-0.26,-0.7876,202264.2,666543.948
002142.SZ,2020-09-28,32.95,33.25,32.61,33.14,32.75,0.39,1.1908,166785.17,550422.003
002142.SZ,2020-09-29,33.34,33.46,32.07,32.41,33.14,-0.73,-2.2028,319685.83,1043966.684
002142.SZ,2020-09-30,32.3,32.56,31.16,31.48,32.41,-0.93,-2.8695,433280.08,1371004.635
002142.SZ,2020-10-09,31.84,31.91,31.3,31.48,31.48,0.0,0.0,355974.91,1120859.466
002142.SZ,2020-10-12,31.5,33.56,31.39,33.28,31.48,1.8,5.7179,541547.86,1774608.629
002142.SZ,2020-10-13,33.2,33.86,33.02,33.72,33.28,0.44,1.3221,292587.05,980714.645
002142.SZ,2020-10-14,33.7,33.89,33.22,33.64,33.72,-0.08,-0.2372,263621.5,884111.751
002142.SZ,2020-10-15,33.85,35.42,33.84,35.02,33.64,1.38,4.1023,526383.54,1839865.659
002142.SZ,2020-10-16,34.82,36.08,34.55,35.17,35.02,0.15,0.4283,459534.14,1623224.45
002142.SZ,2020-10-19,36.01,37.63,35.36,35.53,35.17,0.36,1.0236,550982.37,2006285.364
002142.SZ,2020-10-20,35.65,35.75,34.79,35.2,35.53,-0.33,-0.9288,303635.98,1067550.526
002142.SZ,2020-10-21,35.63,36.46,34.6,36.28,35.2,1.08,3.0682,404959.52,1447145.532
002142.SZ,2020-10-22,36.77,37.11,35.38,35.7,36.28,-0.58,-1.5987,290983.59,1045516.895
002142.SZ,2020-10-23,35.6,36.82,35.31,35.84,35.7,0.14,0.3922,294480.28,1063632.322
002142.SZ,2020-10-26,35.5,35.83,34.02,34.32,35.84,-1.52,-4.2411,356362.19,1227355.922
002142.SZ,2020-10-27,34.35,34.92,33.78,34.6,34.32,0.28,0.8159,261996.9,901753.427
002142.SZ,2020-10-28,34.8,34.8,33.86,34.33,34.6,-0.27,-0.7803,280344.2,959159.346
002142.SZ,2020-10-29,33.09,35.56,32.55,35.3,34.33,0.97,2.8255,499842.53,1715302.685
002142.SZ,2020-10-30,35.9,35.9,33.4,33.98,35.3,-1.32,-3.7394,392825.45,1349614.071
002142.SZ,2020-11-02,33.73,34.1,33.0,33.52,33.98,-0.46,-1.3537,390873.64,1305372.546
002142.SZ,2020-11-03,33.89,34.45,33.22,33.7,33.52,0.18,0.537,373696.9,1266159.398
002142.SZ,2020-11-04,34.2,35.71,34.2,35.5,33.7,1.8,5.3412,481108.32,1686753.921
002142.SZ,2020-11-05,35.19,35.76,34.01,34.45,35.5,-1.05,-2.9577,467836.31,1620213.11
002142.SZ,2020-11-06,34.13,34.2,33.33,33.5,34.45,-0.95,-2.7576,394405.78,1324165.655
002142.SZ,2020-11-09,33.51,34.62,33.42,34.6,33.5,1.1,3.2836,378192.15,1289657.0
002142.SZ,2020-11-10,34.98,35.69,34.15,34.58,34.6,-0.02,-0.0578,290541.79,1015360.148
002142.SZ,2020-11-11,34.58,35.34,34.25,35.1,34.58,0.52,1.5038,278839.33,969922.697
002142.SZ,2020-11-12,34.75,34.94,34.03,34.3,35.1,-0.8,-2.2792,224395.78,772799.21
002142.SZ,2020-11-13,34.27,34.27,33.01,33.3,34.3,-1.0,-2.9155,345422.13,1154170.709
002142.SZ,2020-11-16,33.3,33.74,32.61,32.93,33.3,-0.37,-1.1111,504147.26,1663521.976
002142.SZ,2020-11-17,33.0,34.8,32.9,34.58,32.93,1.65,5.0106,662771.3,2237980.257
002142.SZ,2020-11-18,34.2,35.95,34.06,35.38,34.58,0.8,2.3135,600584.73,2124097.552
002142.SZ,2020-11-19,35.88,36.46,35.2,36.15,35.38,0.77,2.1764,373111.79,1340637.706
002142.SZ,2020-11-20,36.98,36.98,34.85,35.4,36.15,-0.75,-2.0747,405684.75,1435855.638
002142.SZ,2020-11-23,35.6,37.17,35.43,37.04,35.4,1.64,4.6328,462521.94,1694653.931
002142.SZ,2020-11-24,37.04,37.04,36.26,36.7,37.04,-0.34,-0.9179,291365.13,1065542.563
002142.SZ,2020-11-25,36.7,37.94,35.6,35.81,36.7,-0.89,-2.4251,402484.8,1468841.229
002142.SZ,2020-11-26,35.69,36.88,35.46,36.55,35.81,0.74,2.0665,320170.19,1163184.124
002142.SZ,2020-11-27,36.8,37.8,36.73,37.55,36.55,1.0,2.736,341027.07,1273467.673
002142.SZ,2020-11-30,37.9,39.48,36.86,36.9,37.55,-0.65,-1.731,535365.97,2041874.001
002142.SZ,2020-12-01,36.91,38.31,36.6,37.42,36.9,0.52,1.4092,458002.87,1713092.362
002142.SZ,2020-12-02,37.8,38.42,37.19,38.0,37.42,0.58,1.55,363422.71,1377390.433
002142.SZ,2020-12-03,37.77,38.13,36.71,37.23,38.0,-0.77,-2.0263,286597.42,1067661.61
002142.SZ,2020-12-04,37.28,37.29,36.32,36.87,37.23,-0.36,-0.967,338102.0,1235867.835
002142.SZ,2020-12-07,37.01,37.1,35.31,35.51,36.87,-1.36,-3.6886,529748.18,1888067.319
002142.SZ,2020-12-08,35.55,36.09,35.51,35.74,35.51,0.23,0.6477,283340.65,1014625.448
002142.SZ,2020-12-09,35.74,36.36,35.13,35.2,35.74,-0.54,-1.5109,319308.14,1141775.436
002142.SZ,2020-12-10,35.2,35.28,34.51,35.01,35.2,-0.19,-0.5398,324342.52,1131407.505
002142.SZ,2020-12-11,35.01,35.36,34.4,35.25,35.01,0.24,0.6855,331239.74,1155394.492
002142.SZ,2020-12-14,35.15,35.62,34.55,35.08,35.25,-0.17,-0.4823,337377.82,1177523.01
002142.SZ,2020-12-15,35.08,35.3,34.21,35.0,35.08,-0.08,-0.2281,327613.48,1135198.272
002142.SZ,2020-12-16,35.15,35.73,34.84,35.24,35.0,0.24,0.6857,266014.57,939135.249
002142.SZ,2020-12-17,35.23,35.36,34.5,35.32,35.24,0.08,0.227,279964.3,982534.16
002142.SZ,2020-12-18,35.1,35.5,34.35,34.52,35.32,-0.8,-2.265,322448.9,1122274.497
002142.SZ,2020-12-21,34.52,34.79,34.0,34.14,34.52,-0.38,-1.1008,368879.3,1262657.341
002142.SZ,2020-12-22,34.01,34.34,33.6,33.7,34.14,-0.44,-1.2888,320489.73,1086532.014
002142.SZ,2020-12-23,33.72,34.29,33.4,33.73,33.7,0.03,0.089,342033.98,1157116.137
002142.SZ,2020-12-24,33.76,34.54,33.73,34.23,33.73,0.5,1.4824,287398.52,985795.925
002142.SZ,2020-12-25,34.23,34.49,33.65,34.27,34.23,0.04,0.1169,263182.94,895813.727
002142.SZ,2020-12-28,34.01,35.15,33.8,34.98,34.27,0.71,2.0718,420189.37,1459211.741
002142.SZ,2020-12-29,35.0,35.7,34.66,35.52,34.98,0.54,1.5437,377920.19,1336202.887
002142.SZ,2020-12-30,35.5,35.59,34.55,34.98,35.52,-0.54,-1.5203,554927.01,1938811.352
002142.SZ,2020-12-31,34.77,35.94,34.7,35.34,34.98,0.36,1.0292,375602.92,1331407.234
002142.SZ,2021-01-04,35.14,35.17,34.4,34.94,35.34,-0.4,-1.1319,426162.57,1483219.942
002142.SZ,2021-01-05,34.95,35.72,33.89,35.48,34.94,0.54,1.5455,538732.28,1870787.263
002142.SZ,2021-01-06,35.48,37.15,35.45,37.01,35.48,1.53,4.3123,572063.92,2094620.112
002142.SZ,2021-01-07,36.99,37.72,36.48,37.3,37.01,0.29,0.7836,490355.2,1814529.504
002142.SZ,2021-01-08,37.11,38.02,36.75,37.6,37.3,0.3,0.8043,477163.61,1792226.653
002142.SZ,2021-01-11,38.0,39.12,37.88,38.11,37.6,0.51,1.3564,589823.49,2282910.886
002142.SZ,2021-01-12,38.15,39.27,38.08,39.2,38.11,1.09,2.8601,413791.92,1602602.184
002142.SZ,2021-01-13,38.85,39.22,37.94,38.19,39.2,-1.01,-2.5765,343344.93,1320778.206
002142.SZ,2021-01-14,38.0,38.76,37.61,37.98,38.19,-0.21,-0.5499,308320.35,1177675.95
002142.SZ,2021-01-15,38.8,40.3,38.24,38.39,37.98,0.41,1.0795,601077.19,2374409.229
002142.SZ,2021-01-18,38.93,40.76,38.52,40.5,38.39,2.11,5.4962,581114.72,2332962.049
002142.SZ,2021-01-19,40.49,40.49,38.82,38.89,40.5,-1.61,-3.9753,391669.85,1537781.95
002142.SZ,2021-01-20,38.9,39.64,38.36,38.65,38.89,-0.24,-0.6171,346393.38,1344236.866
002142.SZ,2021-01-21,38.65,39.47,38.5,38.8,38.65,0.15,0.3881,245575.54,958126.778
002142.SZ,2021-01-22,38.6,38.6,37.01,37.79,38.8,-1.01,-2.6031,436729.4,1642775.385
002142.SZ,2021-01-25,36.02,37.88,34.8,37.62,37.79,-0.17,-0.4499,648766.21,2380991.998
002142.SZ,2021-01-26,37.01,38.6,36.9,37.46,37.62,-0.16,-0.4253,295015.89,1105719.556
002142.SZ,2021-01-27,37.21,39.62,37.19,39.51,37.46,2.05,5.4725,440159.62,1707517.183
002142.SZ,2021-01-28,38.9,39.08,37.9,38.45,39.51,-1.06,-2.6829,314779.87,1212095.558
002142.SZ,2021-01-29,38.45,39.15,38.2,38.48,38.45,0.03,0.078,309347.68,1196590.272
002142.SZ,2021-02-01,38.21,39.47,37.53,39.23,38.48,0.75,1.9491,365471.47,1405950.092
002142.SZ,2021-02-02,38.89,40.18,38.4,39.64,39.23,0.41,1.0451,308241.74,1223592.754
002142.SZ,2021-02-03,39.65,40.83,39.3,40.41,39.64,0.77,1.9425,363000.78,1462865.444
002142.SZ,2021-02-04,40.2,41.42,39.7,41.32,40.41,0.91,2.2519,446238.12,1826433.171
002142.SZ,2021-02-05,41.3,43.1,41.09,43.0,41.32,1.68,4.0658,360008.4,1534050.521
002142.SZ,2021-02-08,42.51,43.79,41.46,43.17,43.0,0.17,0.3953,322308.29,1379008.196
002142.SZ,2021-02-09,43.19,43.34,41.95,42.94,43.17,-0.23,-0.5328,195701.75,833429.923
002142.SZ,2021-02-10,42.85,44.58,41.51,42.53,42.94,-0.41,-0.9548,360477.96,1545274.012
002142.SZ,2021-02-18,42.71,44.1,42.71,43.16,42.53,0.63,1.4813,235614.56,1021460.531
002142.SZ,2021-02-19,42.8,44.08,42.52,43.16,43.16,0.0,0.0,250007.8,1085772.447
002142.SZ,2021-02-22,43.14,43.14,40.95,41.15,43.16,-2.01,-4.6571,393555.94,1646123.471
002142.SZ,2021-02-23,41.23,43.2,41.2,42.07,41.15,0.92,2.2357,297419.92,1255601.187
002142.SZ,2021-02-24,42.51,42.93,40.94,41.54,42.07,-0.53,-1.2598,299133.24,1252923.171
002142.SZ,2021-02-25,41.75,43.11,41.71,42.25,41.54,0.71,1.7092,347367.92,1470905.054
002142.SZ,2021-02-26,41.77,42.05,39.68,40.1,42.25,-2.15,-5.0888,361825.68,1467906.514
002142.SZ,2021-03-01,40.51,41.37,40.0,40.91,40.1,0.81,2.02,296885.42,1208755.467
002142.SZ,2021-03-02,40.91,41.51,39.7,40.08,40.91,-0.83,-2.0288,295633.22,1195481.763
002142.SZ,2021-03-03,40.09,44.09,39.96,44.09,40.08,4.01,10.005,468980.12,2011057.587
002142.SZ,2021-03-04,43.99,44.47,42.0,42.4,44.09,-1.69,-3.8331,346647.61,1496985.154
002142.SZ,2021-03-05,41.6,41.99,39.26,40.1,42.4,-2.3,-5.4245,620001.42,2492873.631
002142.SZ,2021-03-08,40.0,40.97,39.18,39.18,40.1,-0.92,-2.2943,390800.26,1556847.28
002142.SZ,2021-03-09,39.3,39.8,37.06,37.44,39.18,-1.74,-4.441,398001.21,1519998.402
002142.SZ,2021-03-10,37.75,37.95,36.65,37.22,37.44,-0.22,-0.5876,387411.12,1444806.132
002142.SZ,2021-03-11,37.5,40.12,37.5,38.8,37.22,1.58,4.245,513881.6,2003416.995
002142.SZ,2021-03-12,38.87,40.24,38.5,40.03,38.8,1.23,3.1701,356828.22,1417123.123
002142.SZ,2021-03-15,39.81,42.3,39.5,41.05,40.03,1.02,2.5481,547209.86,2254092.893
002142.SZ,2021-03-16,41.3,42.8,41.0,42.25,41.05,1.2,2.9233,310850.94,1312956.723
002142.SZ,2021-03-17,41.5,42.1,40.0,40.72,42.25,-1.53,-3.6213,309518.34,1269055.689
002142.SZ,2021-03-18,40.88,41.39,40.4,40.7,40.72,-0.02,-0.0491,208233.39,849356.705
002142.SZ,2021-03-19,40.82,40.98,38.92,39.06,40.7,-1.64,-4.0295,351192.44,1393830.507
002142.SZ,2021-03-22,39.3,40.5,39.11,40.1,39.06,1.04,2.6626,233579.61,933703.213
002142.SZ,2021-03-23,40.4,40.6,39.12,39.47,40.1,-0.63,-1.5711,197960.88,782613.392
002142.SZ,2021-03-24,39.57,39.61,38.65,39.1,39.47,-0.37,-0.9374,211760.5,825943.853
002142.SZ,2021-03-25,39.3,39.65,38.83,39.15,39.1,0.05,0.1279,138278.08,542044.287
002142.SZ,2021-03-26,39.28,39.87,38.9,39.58,39.15,0.43,1.0983,216787.65,853847.774
002142.SZ,2021-03-29,39.58,39.65,38.39,39.4,39.58,-0.18,-0.4548,285590.41,1111042.022
002142.SZ,2021-03-30,39.11,39.43,38.71,39.43,39.4,0.03,0.0761,183401.34,716052.222
002142.SZ,2021-03-31,39.43,39.57,38.65,38.88,39.43,-0.55,-1.3949,165131.69,642537.405
002142.SZ,2021-04-01,39.0,39.89,38.66,39.79,38.88,0.91,2.3405,185259.29,732320.932
002142.SZ,2021-04-02,40.0,40.0,38.8,38.95,39.79,-0.84,-2.1111,194082.58,756678.764
002142.SZ,2021-04-06,38.76,39.5,38.76,38.95,38.95,0.0,0.0,136011.44,531070.197
002142.SZ,2021-04-07,39.02,39.8,38.89,39.28,38.95,0.33,0.8472,170474.89,669590.209
002142.SZ,2021-04-08,39.25,39.48,38.9,39.0,39.28,-0.28,-0.7128,111280.22,435161.298
002142.SZ,2021-04-09,39.12,39.26,38.62,38.8,39.0,-0.2,-0.5128,127560.59,496147.896
002142.SZ,2021-04-12,38.8,38.9,37.95,38.28,38.8,-0.52,-1.3402,189056.66,722946.326
002142.SZ,2021-04-13,38.34,38.75,37.87,38.0,38.28,-0.28,-0.7315,139611.55,533610.815
002142.SZ,2021-04-14,37.86,38.26,37.65,38.11,38.0,0.11,0.2895,159476.55,604763.049
002142.SZ,2021-04-15,38.0,39.05,37.71,38.11,38.11,0.0,0.0,202715.36,774385.116
002142.SZ,2021-04-16,37.91,38.11,37.3,37.76,38.11,-0.35,-0.9184,143103.7,538213.238
002142.SZ,2021-04-19,37.9,39.13,37.55,39.08,37.76,1.32,3.4958,318456.2,1228664.926
002142.SZ,2021-04-20,38.8,39.98,38.78,39.27,39.08,0.19,0.4862,186079.19,732184.929
002142.SZ,2021-04-21,39.5,41.08,39.17,41.06,39.27,1.79,4.5582,415358.33,1666769.642
002142.SZ,2021-04-22,40.9,41.38,39.93,40.21,41.06,-0.85,-2.0701,215897.29,869416.919
002142.SZ,2021-04-23,40.35,40.79,39.8,40.71,40.21,0.5,1.2435,230500.43,929948.26
002142.SZ,2021-04-26,41.1,42.3,40.58,41.71,40.71,1.0,2.4564,491373.39,2050049.378
002142.SZ,2021-04-27,41.71,41.8,41.0,41.27,41.71,-0.44,-1.0549,159985.95,661834.838
002142.SZ,2021-04-28,41.49,42.26,41.03,42.15,41.27,0.88,2.1323,176101.58,735570.653
002142.SZ,2021-04-29,42.3,42.7,41.44,42.24,42.15,0.09,0.2135,241507.89,1016133.3
002142.SZ,2021-04-30,42.24,42.54,41.51,42.23,42.24,-0.01,-0.0237,191756.98,807176.941
002142.SZ,2021-05-06,42.1,42.75,41.8,42.43,42.23,0.2,0.4736,183954.4,779793.595
002142.SZ,2021-05-07,42.5,43.8,42.32,42.87,42.43,0.44,1.037,186270.99,804531.972
002142.SZ,2021-05-10,42.42,42.65,41.61,42.39,42.87,-0.48,-1.1197,137544.07,579053.773
002142.SZ,2021-05-11,42.04,42.52,41.72,42.28,42.39,-0.11,-0.2595,117402.17,495660.178
002142.SZ,2021-05-12,42.28,43.2,41.97,42.79,42.28,0.51,1.2062,109541.26,467057.491
002142.SZ,2021-05-13,42.46,42.94,42.34,42.72,42.79,-0.07,-0.1636,92415.3,394394.315
002142.SZ,2021-05-14,42.68,42.87,41.65,42.47,42.72,-0.25,-0.5852,220474.08,929420.302
002142.SZ,2021-05-17,42.49,43.77,42.2,43.23,42.47,0.76,1.7895,206887.83,893932.904
002142.SZ,2021-05-18,43.26,43.6,42.99,43.24,43.23,0.01,0.0231,96297.23,416226.29
002142.SZ,2021-05-19,43.32,43.4,41.95,42.05,43.24,-1.19,-2.7521,156120.91,663461.446
002142.SZ,2021-05-20,42.22,42.91,41.5,42.9,42.05,0.85,2.0214,141479.37,597629.794
002142.SZ,2021-05-21,43.19,43.48,42.11,42.3,42.9,-0.6,-1.3986,110726.22,471673.95
002142.SZ,2021-05-24,42.18,42.65,41.58,41.8,42.3,-0.5,-1.182,169988.5,711164.105
002142.SZ,2021-05-25,41.8,44.32,41.5,44.05,41.8,2.25,5.3828,346488.14,1499906.706
002142.SZ,2021-05-26,43.98,44.12,43.25,43.55,44.05,-0.5,-1.1351,195080.05,850400.347
002142.SZ,2021-05-27,43.31,43.41,42.03,43.02,43.55,-0.53,-1.217,232732.96,994418.271
002142.SZ,2021-05-28,42.79,43.07,42.35,42.65,43.02,-0.37,-0.8601,167520.7,713898.287
002142.SZ,2021-05-31,42.9,42.9,41.8,42.3,42.65,-0.35,-0.8206,223482.54,941167.318
002142.SZ,2021-06-01,42.21,42.6,41.85,42.5,42.3,0.2,0.4728,167000.02,705612.359
002142.SZ,2021-06-02,42.4,42.41,41.51,42.25,42.5,-0.25,-0.5882,206101.78,866554.429
002142.SZ,2021-06-03,42.25,42.52,41.91,41.98,42.25,-0.27,-0.6391,193799.44,819604.736
002142.SZ,2021-06-04,41.99,43.25,41.8,42.86,41.98,0.88,2.0962,175398.74,748266.046
002142.SZ,2021-06-07,42.99,43.0,41.91,42.6,42.86,-0.26,-0.6066,137944.95,585503.38
002142.SZ,2021-06-08,42.5,42.69,41.33,41.56,42.6,-1.04,-2.4413,214644.99,897320.987
002142.SZ,2021-06-09,41.35,41.85,40.94,41.56,41.56,0.0,0.0,175811.81,725603.487
002142.SZ,2021-06-10,41.44,41.81,40.95,41.11,41.56,-0.45,-1.0828,196575.8,809918.574
002142.SZ,2021-06-11,41.26,41.35,39.8,40.31,41.11,-0.8,-1.946,339980.62,1367139.002
002142.SZ,2021-06-15,40.3,40.53,39.62,40.24,40.31,-0.07,-0.1737,192908.53,773586.275
002142.SZ,2021-06-16,40.26,40.86,40.11,40.55,40.24,0.31,0.7704,169905.91,689508.911
002142.SZ,2021-06-17,40.4,41.25,39.85,40.1,40.55,-0.45,-1.1097,199136.98,804371.593
002142.SZ,2021-06-18,40.02,40.32,39.28,39.46,40.1,-0.64,-1.596,199775.36,792556.679
002142.SZ,2021-06-21,39.45,39.54,38.42,39.07,39.46,-0.39,-0.9883,278242.31,1081970.407
002142.SZ,2021-06-22,39.25,40.19,39.15,39.99,39.07,0.92,2.3547,275885.9,1101099.837
002142.SZ,2021-06-23,39.99,40.29,38.78,39.02,39.99,-0.97,-2.4256,365258.58,1437136.221
002142.SZ,2021-06-24,39.02,39.8,38.55,39.6,39.02,0.58,1.4864,195558.41,770228.36
002142.SZ,2021-06-25,39.6,40.48,39.51,40.15,39.6,0.55,1.3889,245509.51,986385.2
002142.SZ,2021-06-28,40.18,40.34,38.41,38.93,40.15,-1.22,-3.0386,444660.45,1729088.291
002142.SZ,2021-06-29,38.68,39.13,38.31,38.6,38.93,-0.33,-0.8477,280335.6,1082314.712
002142.SZ,2021-06-30,38.7,39.41,38.58,38.97,38.6,0.37,0.9585,282612.75,1104001.284
002142.SZ,2021-07-01,39.2,39.98,38.48,39.85,38.97,0.88,2.2581,277200.26,1096330.577
002142.SZ,2021-07-02,39.4,39.5,37.55,37.7,39.85,-2.15,-5.3952,417713.65,1595732.859
002142.SZ,2021-07-05,37.5,37.79,36.86,37.73,37.7,0.03,0.0796,240252.7,896624.311
002142.SZ,2021-07-06,37.73,38.3,37.34,37.98,37.73,0.25,0.6626,223785.45,845950.652
002142.SZ,2021-07-07,38.0,38.58,37.4,37.86,37.98,-0.12,-0.316,214639.6,811665.879
002142.SZ,2021-07-08,38.21,38.22,35.5,35.86,37.86,-2.0,-5.2826,551696.17,1998679.338
002142.SZ,2021-07-09,35.33,36.03,34.81,35.1,35.36,-0.26,-0.7353,405779.47,1434093.798
002142.SZ,2021-07-12,35.59,35.99,34.31,34.81,35.1,-0.29,-0.8262,513081.83,1791169.906
002142.SZ,2021-07-13,34.85,35.53,34.33,35.22,34.81,0.41,1.1778,308197.03,1085237.029
002142.SZ,2021-07-14,35.09,35.25,34.61,35.07,35.22,-0.15,-0.4259,213722.62,747605.011
002142.SZ,2021-07-15,34.9,36.8,34.9,36.73,35.07,1.66,4.7334,438796.16,1587519.209
002142.SZ,2021-07-16,36.73,37.41,36.32,37.05,36.73,0.32,0.8712,285820.65,1054478.837
002142.SZ,2021-07-19,37.05,37.56,36.2,37.47,37.05,0.42,1.1336,260854.54,965069.724
002142.SZ,2021-07-20,37.01,37.08,35.78,35.92,37.47,-1.55,-4.1366,284498.3,1029027.366
002142.SZ,2021-07-21,36.02,36.3,35.25,35.9,35.92,-0.02,-0.0557,287671.62,1023751.978
002142.SZ,2021-07-22,35.78,36.78,35.61,36.15,35.9,0.25,0.6964,254302.15,922140.171
002142.SZ,2021-07-23,36.11,36.17,35.3,35.54,36.15,-0.61,-1.6874,205868.51,735056.045
002142.SZ,2021-07-26,35.31,35.31,34.1,34.25,35.54,-1.29,-3.6297,287493.83,990744.938
002142.SZ,2021-07-27,34.2,34.59,32.16,32.5,34.25,-1.75,-5.1095,558785.06,1842397.01
002142.SZ,2021-07-28,32.79,34.08,32.6,33.85,32.5,1.35,4.1538,376603.15,1259100.722
002142.SZ,2021-07-29,34.12,34.12,33.0,33.24,33.85,-0.61,-1.8021,270435.78,901726.759
002142.SZ,2021-07-30,33.0,33.0,31.27,32.4,33.24,-0.84,-2.5271,442496.36,1413768.941
002142.SZ,2021-08-02,32.08,33.87,31.81,33.33,32.4,0.93,2.8704,355243.15,1175384.0
002142.SZ,2021-08-03,33.48,33.48,32.6,33.23,33.33,-0.1,-0.3,235674.77,778519.986
002142.SZ,2021-08-04,33.03,33.44,32.18,32.52,33.23,-0.71,-2.1366,300733.3,979108.608
002142.SZ,2021-08-05,32.33,33.14,32.01,32.55,32.52,0.03,0.0923,247309.23,807158.187
002142.SZ,2021-08-06,32.35,32.4,31.7,31.8,32.55,-0.75,-2.3041,374934.32,1196555.523
002142.SZ,2021-08-09,31.84,34.28,31.84,34.17,31.8,2.37,7.4528,565727.68,1904009.1
002142.SZ,2021-08-10,34.0,35.82,33.93,35.69,34.17,1.52,4.4483,436231.9,1528882.055
002142.SZ,2021-08-11,35.69,36.63,35.6,35.97,35.69,0.28,0.7845,392579.73,1422953.339
002142.SZ,2021-08-12,35.99,36.2,35.01,35.4,35.97,-0.57,-1.5847,275882.33,978048.545
002142.SZ,2021-08-13,35.4,35.98,34.99,35.94,35.4,0.54,1.5254,271249.63,963808.198
002142.SZ,2021-08-16,35.94,35.96,34.4,34.54,35.94,-1.4,-3.8954,501920.96,1751645.458
002142.SZ,2021-08-17,34.8,36.03,34.55,34.96,34.54,0.42,1.216,393607.29,1390015.254
002142.SZ,2021-08-18,35.19,37.77,34.51,36.51,34.96,1.55,4.4336,715291.75,2604582.614
002142.SZ,2021-08-19,36.55,36.83,34.78,35.25,36.51,-1.26,-3.4511,387185.68,1370655.976
002142.SZ,2021-08-20,35.23,35.4,34.2,35.14,35.25,-0.11,-0.3121,266765.92,928964.39
002142.SZ,2021-08-23,35.11,35.7,34.81,34.84,35.14,-0.3,-0.8537,222090.32,779751.373
002142.SZ,2021-08-24,34.9,35.26,34.05,34.35,34.84,-0.49,-1.4064,349426.45,1201994.582
002142.SZ,2021-08-25,34.17,34.4,33.68,33.89,34.35,-0.46,-1.3392,275339.9,935043.535
002142.SZ,2021-08-26,33.89,33.89,32.47,33.01,33.89,-0.88,-2.5966,386220.57,1274465.53
002142.SZ,2021-08-27,32.59,33.33,32.4,32.8,33.01,-0.21,-0.6362,287797.19,944877.844
002142.SZ,2021-08-30,32.51,32.58,31.01,31.43,32.8,-1.37,-4.1768,490382.03,1546411.37
002142.SZ,2021-08-31,31.4,32.44,31.02,32.3,31.43,0.87,2.7681,360759.77,1152032.418
002142.SZ,2021-09-01,32.19,33.6,31.7,33.35,32.3,1.05,3.2508,454351.39,1492799.92
002142.SZ,2021-09-02,33.33,34.92,33.03,34.64,33.35,1.29,3.8681,478778.31,1636485.105
002142.SZ,2021-09-03,34.94,35.15,33.91,34.68,34.64,0.04,0.1155,343438.07,1189563.074
002142.SZ,2021-09-06,34.56,35.03,34.05,34.7,34.68,0.02,0.0577,273702.03,951086.551
002142.SZ,2021-09-07,34.8,35.25,34.46,35.1,34.7,0.4,1.1527,313045.7,1090885.48
002142.SZ,2021-09-08,34.99,35.6,34.68,35.0,35.1,-0.1,-0.2849,230840.11,812927.453
002142.SZ,2021-09-09,34.91,35.66,34.6,35.46,35.0,0.46,1.3143,229584.45,809403.93
002142.SZ,2021-09-10,35.41,36.83,35.3,36.24,35.46,0.78,2.1997,321053.37,1165788.407
002142.SZ,2021-09-13,36.08,36.26,35.48,35.67,36.24,-0.57,-1.5728,144476.82,517200.901
002142.SZ,2021-09-14,35.59,36.2,34.53,34.68,35.67,-0.99,-2.7754,185901.01,652423.187
002142.SZ,2021-09-15,34.5,34.9,33.74,33.99,34.68,-0.69,-1.9896,194295.51,662888.932
002142.SZ,2021-09-16,33.9,34.49,33.51,33.6,33.99,-0.39,-1.1474,197370.39,669775.362
002142.SZ,2021-09-17,33.91,35.1,33.52,35.09,33.6,1.49,4.4345,207808.65,717327.084
002142.SZ,2021-09-22,33.8,34.98,33.38,34.55,35.09,-0.54,-1.5389,237463.85,808157.479
002142.SZ,2021-09-23,34.58,34.78,33.8,34.02,34.55,-0.53,-1.534,182098.17,622588.854
002142.SZ,2021-09-24,34.13,34.35,33.5,33.95,34.02,-0.07,-0.2058,144574.92,489401.812
002142.SZ,2021-09-27,33.7,34.08,33.15,33.36,33.95,-0.59,-1.7378,266421.49,892734.433
002142.SZ,2021-09-28,33.36,34.77,33.22,34.5,33.36,1.14,3.4173,275635.67,941338.601
002142.SZ,2021-09-29,34.38,36.74,34.2,36.39,34.5,1.89,5.4783,435506.8,1554283.577
002142.SZ,2021-09-30,35.82,35.88,35.01,35.15,36.39,-1.24,-3.4075,334408.83,1180930.528
002142.SZ,2021-10-08,35.3,36.56,34.9,36.26,35.15,1.11,3.1579,341266.33,1226541.725
002142.SZ,2021-10-11,36.7,38.45,36.7,37.6,36.26,1.34,3.6955,355385.86,1343094.172
002142.SZ,2021-10-12,37.38,38.76,37.11,38.2,37.6,0.6,1.5957,365281.32,1393303.65
002142.SZ,2021-10-13,37.85,38.86,37.74,38.35,38.2,0.15,0.3927,246162.45,941305.41
002142.SZ,2021-10-14,38.36,38.48,36.74,37.11,38.35,-1.24,-3.2334,253094.29,944277.496
002142.SZ,2021-10-15,37.37,38.24,37.0,37.6,37.11,0.49,1.3204,234585.56,882796.399
002142.SZ,2021-10-18,37.6,37.89,36.8,37.17,37.6,-0.43,-1.1436,246856.96,919070.404
002142.SZ,2021-10-19,37.15,37.88,37.01,37.49,37.17,0.32,0.8609,158605.76,594630.645
002142.SZ,2021-10-20,37.99,38.25,36.61,36.81,37.49,-0.68,-1.8138,198002.33,731467.092
002142.SZ,2021-10-21,37.2,38.26,37.2,38.03,36.81,1.22,3.3143,253761.81,960867.766
002142.SZ,2021-10-22,38.11,39.08,37.8,38.06,38.03,0.03,0.0789,217606.01,833948.164
002142.SZ,2021-10-25,37.94,38.73,37.58,38.64,38.06,0.58,1.5239,194359.7,745708.781
002142.SZ,2021-10-26,38.4,39.0,38.23,38.73,38.64,0.09,0.2329,151246.87,584742.367
002142.SZ,2021-10-27,38.58,38.87,37.97,38.45,38.73,-0.28,-0.723,149993.34,575736.876
002142.SZ,2021-10-28,38.18,38.7,37.36,37.88,38.45,-0.57,-1.4824,220415.57,834636.893
002142.SZ,2021-10-29,39.0,39.25,37.83,38.2,37.88,0.32,0.8448,294159.95,1128410.311
002142.SZ,2021-11-01,38.3,39.8,37.74,39.6,38.2,1.4,3.6649,341341.8,1342382.238
002142.SZ,2021-11-02,39.62,39.97,37.57,38.2,39.6,-1.4,-3.5354,341670.09,1312028.627
002142.SZ,2021-11-03,37.71,38.78,37.7,38.36,38.2,0.16,0.4188,166878.93,640328.214
002142.SZ,2021-11-04,38.29,38.71,37.39,37.86,38.36,-0.5,-1.3034,137335.6,520112.312
002142.SZ,2021-11-05,37.75,38.28,37.07,37.3,37.86,-0.56,-1.4791,197470.44,742852.062
002142.SZ,2021-11-08,37.28,37.38,36.23,37.24,37.3,-0.06,-0.1609,190685.67,703451.858
002142.SZ,2021-11-09,37.15,37.48,36.28,36.81,37.24,-0.43,-1.1547,147603.74,541892.103
002142.SZ,2021-11-10,36.7,37.28,36.16,37.12,36.81,0.31,0.8422,177352.43,652432.719
002142.SZ,2021-11-11,37.0,39.19,36.75,38.92,37.12,1.8,4.8491,283152.94,1092604.091
002142.SZ,2021-11-12,39.0,39.5,38.77,39.02,38.92,0.1,0.2569,163065.05,638248.535
002142.SZ,2021-11-15,39.09,39.89,38.9,39.66,39.02,0.64,1.6402,156150.5,618842.32
002142.SZ,2021-11-16,39.92,40.36,39.37,39.7,39.66,0.04,0.1009,165201.7,657200.119
002142.SZ,2021-11-17,39.5,39.93,38.58,38.69,39.7,-1.01,-2.5441,161840.58,631408.965
002142.SZ,2021-11-18,38.69,38.7,37.92,38.12,38.69,-0.57,-1.4732,123605.7,472637.471
002142.SZ,2021-11-19,37.88,39.09,37.62,38.76,38.12,0.64,1.6789,297558.33,1142958.297
002142.SZ,2021-11-22,38.66,38.7,37.11,37.62,38.76,-1.14,-2.9412,589621.86,2221955.046
002142.SZ,2021-11-23,37.69,38.99,37.52,38.88,37.62,1.26,3.3493,354924.47,1369732.566
002142.SZ,2021-12-02,37.1,37.91,35.36,36.62,37.17,-0.55,-1.4797,411119.63,1503034.787
002142.SZ,2021-12-03,36.56,39.0,36.45,38.97,36.62,2.35,6.4173,422035.07,1593787.046
002142.SZ,2021-12-06,38.6,39.38,38.45,38.52,38.97,-0.45,-1.1547,245932.69,957478.492
002142.SZ,2021-12-07,38.9,39.66,37.46,38.25,38.52,-0.27,-0.7009,284606.07,1087460.039
002142.SZ,2021-12-08,38.3,38.79,38.16,38.68,38.25,0.43,1.1242,198879.57,765141.269
002142.SZ,2021-12-09,38.52,40.28,38.51,39.71,38.68,1.03,2.6629,318593.34,1267093.746
002142.SZ,2021-12-10,39.38,40.1,39.21,39.7,39.71,-0.01,-0.0252,236299.13,935301.618
002142.SZ,2021-12-13,39.57,40.17,38.35,38.51,39.7,-1.19,-2.9975,352452.07,1373632.578
002142.SZ,2021-12-14,38.1,38.6,37.58,37.95,38.51,-0.56,-1.4542,280352.91,1063917.154
002142.SZ,2021-12-15,37.85,38.38,37.64,38.22,37.95,0.27,0.7115,177421.66,675816.208
002142.SZ,2021-12-16,38.01,39.3,38.0,38.96,38.22,0.74,1.9362,259118.83,1008429.228
002142.SZ,2021-12-17,39.0,39.22,38.6,39.17,38.96,0.21,0.539,210269.61,817958.64
002142.SZ,2021-12-20,38.8,39.75,38.64,39.36,39.17,0.19,0.4851,206340.51,808546.332
002142.SZ,2021-12-21,39.2,39.2,38.52,38.7,39.36,-0.66,-1.6768,183410.46,713123.323
002142.SZ,2021-12-22,38.76,38.81,37.9,38.0,38.7,-0.7,-1.8088,166508.83,633664.623
002142.SZ,2021-12-23,38.08,38.47,37.81,38.25,38.0,0.25,0.6579,184330.5,703957.173
002142.SZ,2021-12-24,38.3,38.45,37.95,38.39,38.25,0.14,0.366,131903.67,504750.19
002142.SZ,2021-12-27,38.53,38.53,37.17,37.57,38.39,-0.82,-2.136,234939.6,882448.835
002142.SZ,2021-12-28,37.66,38.3,37.41,37.85,37.57,0.28,0.7453,191474.56,723788.62
002142.SZ,2021-12-29,37.97,37.98,37.2,37.42,37.85,-0.43,-1.1361,175630.29,659283.671
002142.SZ,2021-12-30,37.41,38.35,37.35,38.2,37.42,0.78,2.0844,244500.94,930628.77
002142.SZ,2021-12-31,38.45,38.45,37.8,38.28,38.2,0.08,0.2094,171925.22,655262.356
002142.SZ,2022-01-04,38.1,38.19,37.4,37.7,38.28,-0.58,-1.5152,197105.0,744362.68
002142.SZ,2022-01-05,37.6,39.2,37.52,38.83,37.7,1.13,2.9973,347163.24,1341034.662
002142.SZ,2022-01-06,38.6,39.07,38.49,38.86,38.83,0.03,0.0773,216762.16,840988.634
002142.SZ,2022-01-07,38.61,39.64,38.6,39.3,38.86,0.44,1.1323,231959.66,910990.821
002142.SZ,2022-01-10,39.28,39.28,37.69,38.94,39.3,-0.36,-0.916,491352.0,1888888.893
002142.SZ,2022-01-11,38.6,38.84,37.93,38.42,38.94,-0.52,-1.3354,351555.71,1346582.578
002142.SZ,2022-01-12,38.3,39.13,38.15,38.6,38.42,0.18,0.4685,226737.12,875611.584
002142.SZ,2022-01-13,38.6,38.85,37.43,37.66,38.6,-0.94,-2.4352,265611.9,1006260.61
002142.SZ,2022-01-14,37.5,37.56,36.35,36.6,37.66,-1.06,-2.8147,276072.88,1012023.71
002142.SZ,2022-01-17,36.4,36.8,35.87,36.35,36.6,-0.25,-0.6831,298263.12,1081963.349
002142.SZ,2022-01-18,36.8,38.84,36.8,38.84,36.35,2.49,6.8501,536370.66,2034330.161
002142.SZ,2022-01-19,38.69,39.7,38.52,39.46,38.84,0.62,1.5963,411941.22,1615831.232
002142.SZ,2022-01-20,39.49,40.9,39.41,40.6,39.46,1.14,2.889,390344.25,1579539.202
002142.SZ,2022-01-21,40.44,40.51,39.66,39.97,40.6,-0.63,-1.5517,259573.51,1038976.272
002142.SZ,2022-01-24,39.97,39.97,39.03,39.73,39.97,-0.24,-0.6005,237959.68,938732.073
002142.SZ,2022-01-25,39.5,40.6,39.22,39.91,39.73,0.18,0.4531,289125.38,1157322.425
002142.SZ,2022-01-26,39.91,40.36,39.26,40.0,39.91,0.09,0.2255,286068.37,1138042.863
002142.SZ,2022-01-27,39.8,40.61,39.5,40.1,40.0,0.1,0.25,217826.95,872762.212
002142.SZ,2022-01-28,39.99,40.24,39.0,39.09,40.1,-1.01,-2.5187,206533.85,816294.475
002142.SZ,2022-02-07,39.6,41.17,39.6,40.9,39.09,1.81,4.6303,417100.71,1693858.599
002142.SZ,2022-02-08,40.65,41.7,39.84,40.5,40.9,-0.4,-0.978,328554.99,1332586.068
002142.SZ,2022-02-09,40.5,40.8,39.5,39.75,40.5,-0.75,-1.8519,307438.67,1224704.221
002142.SZ,2022-02-10,39.61,40.1,39.35,40.1,39.75,0.35,0.8805,214222.61,852905.141
002142.SZ,2022-02-11,39.99,41.14,39.9,40.92,40.1,0.82,2.0449,370764.99,1516495.105
002142.SZ,2022-02-14,40.98,41.1,39.7,39.81,40.92,-1.11,-2.7126,220945.28,887953.658
002142.SZ,2022-02-15,39.77,39.9,38.8,39.11,39.81,-0.7,-1.7584,238587.28,935594.537
002142.SZ,2022-02-16,39.18,39.79,39.1,39.45,39.11,0.34,0.8693,222239.46,877546.153
002142.SZ,2022-02-17,39.7,40.35,39.47,40.08,39.45,0.63,1.597,265847.14,1063543.069
002142.SZ,2022-02-18,39.88,40.45,39.57,40.13,40.08,0.05,0.1248,181275.77,724434.252
002142.SZ,2022-02-21,39.8,40.05,39.3,39.74,40.13,-0.39,-0.9718,155867.18,618919.321
002142.SZ,2022-02-22,39.58,39.74,39.09,39.56,39.74,-0.18,-0.4529,112791.95,444482.511
002142.SZ,2022-02-23,39.33,39.73,38.74,39.06,39.56,-0.5,-1.2639,244588.51,953980.682
002142.SZ,2022-02-24,38.79,38.88,37.95,38.26,39.06,-0.8,-2.0481,232722.87,892361.725
002142.SZ,2022-02-25,38.3,38.55,37.55,37.78,38.26,-0.48,-1.2546,299862.48,1133369.692
002142.SZ,2022-02-28,37.7,38.21,37.29,38.1,37.78,0.32,0.847,230323.49,871795.828
002142.SZ,2022-03-01,38.11,38.73,37.49,38.44,38.1,0.34,0.8924,301658.4,1151790.885
002142.SZ,2022-03-02,38.11,38.5,38.01,38.11,38.44,-0.33,-0.8585,171721.89,655773.823
002142.SZ,2022-03-03,38.43,39.6,38.27,39.4,38.11,1.29,3.3849,307040.8,1201245.757
002142.SZ,2022-03-04,39.31,39.34,38.38,38.65,39.4,-0.75,-1.9036,182370.4,705209.966
002142.SZ,2022-03-07,38.2,38.3,37.18,37.35,38.65,-1.3,-3.3635,239114.57,899683.251
002142.SZ,2022-03-08,37.11,37.54,36.24,36.47,37.35,-0.88,-2.3561,227941.47,841190.529
002142.SZ,2022-03-09,36.63,36.79,35.11,36.12,36.47,-0.35,-0.9597,268000.34,966669.92
002142.SZ,2022-03-10,36.9,37.0,36.13,36.39,36.12,0.27,0.7475,189215.42,692104.689
002142.SZ,2022-03-11,36.01,36.33,34.99,36.17,36.39,-0.22,-0.6046,258432.21,919273.599
002142.SZ,2022-03-14,35.51,35.73,34.2,34.36,36.17,-1.81,-5.0041,303609.28,1058488.624
002142.SZ,2022-03-15,34.0,34.0,31.97,32.02,34.36,-2.34,-6.8102,542771.6,1777391.376
002142.SZ,2022-03-16,32.45,34.39,31.7,33.75,32.02,1.73,5.4029,582078.92,1925434.526
002142.SZ,2022-03-17,34.11,35.25,33.95,34.8,33.75,1.05,3.1111,406703.77,1409781.738
002142.SZ,2022-03-18,34.7,35.53,33.89,34.48,34.8,-0.32,-0.9195,504288.18,1747745.57
002142.SZ,2022-03-21,34.93,35.4,34.3,34.84,34.48,0.36,1.0441,251906.2,874867.394
002142.SZ,2022-03-22,34.84,35.4,34.4,35.06,34.84,0.22,0.6315,230955.08,808082.238
002142.SZ,2022-03-23,35.14,35.88,34.88,35.69,35.06,0.63,1.7969,225838.63,802371.908
002142.SZ,2022-03-24,35.58,36.56,35.3,36.3,35.69,0.61,1.7092,232837.68,841108.755
002142.SZ,2022-03-25,36.28,36.8,35.79,36.1,36.3,-0.2,-0.551,197344.27,715992.393
002142.SZ,2022-03-28,35.7,36.5,35.05,35.89,36.1,-0.21,-0.5817,203525.61,730132.038
002142.SZ,2022-03-29,35.9,37.1,35.83,36.81,35.89,0.92,2.5634,220642.14,810135.421
002142.SZ,2022-03-30,37.1,37.28,36.45,37.09,36.81,0.28,0.7607,207227.31,763596.626
002142.SZ,2022-03-31,36.97,37.68,36.8,37.39,37.09,0.3,0.8088,168989.91,630114.161
002142.SZ,2022-04-01,37.17,38.6,37.15,38.5,37.39,1.11,2.9687,212628.71,812600.353
002142.SZ,2022-04-06,37.91,39.15,37.87,38.93,38.5,0.43,1.1169,187565.92,724574.669
002142.SZ,2022-04-07,38.93,39.21,38.47,38.75,38.93,-0.18,-0.4624,179514.02,697753.842
002142.SZ,2022-04-08,39.18,39.7,38.8,39.67,38.75,0.92,2.3742,268234.15,1054837.376
002142.SZ,2022-04-11,39.47,39.71,38.35,39.7,39.67,0.03,0.0756,282127.79,1100652.595
002142.SZ,2022-04-12,39.18,39.67,38.18,38.58,39.7,-1.12,-2.8212,287616.12,1111715.408
002142.SZ,2022-04-13,38.39,39.39,38.3,38.79,38.58,0.21,0.5443,228004.83,887188.755
002142.SZ,2022-04-14,38.9,39.27,37.3,37.57,38.79,-1.22,-3.1451,354083.17,1338867.605
002142.SZ,2022-04-15,37.5,38.58,37.12,38.31,37.57,0.74,1.9697,240489.96,914136.45
002142.SZ,2022-04-18,37.99,38.6,37.4,38.2,38.31,-0.11,-0.2871,266988.07,1015916.423
002142.SZ,2022-04-19,38.02,38.24,36.2,37.68,38.2,-0.52,-1.3613,312931.69,1167261.38
002142.SZ,2022-04-20,37.53,37.78,36.84,36.98,37.68,-0.7,-1.8577,238184.51,885860.171
002142.SZ,2022-04-21,36.8,37.67,36.59,36.84,36.98,-0.14,-0.3786,204225.77,757420.697
002142.SZ,2022-04-22,36.57,37.66,36.36,37.01,36.84,0.17,0.4615,240979.59,891693.536
002142.SZ,2022-04-25,36.4,37.01,35.0,35.05,37.01,-1.96,-5.2959,336813.01,1204589.318
002142.SZ,2022-04-26,35.05,35.65,34.5,35.15,35.05,0.1,0.2853,284421.33,1000180.025
002142.SZ,2022-04-27,34.6,36.45,34.6,35.08,35.15,-0.07,-0.1991,430355.24,1519302.687
002142.SZ,2022-04-28,34.88,36.3,34.88,36.3,35.08,1.22,3.4778,369881.97,1321722.813
002142.SZ,2022-04-29,36.0,36.41,35.1,36.31,36.3,0.01,0.0275,322323.02,1154194.365
002142.SZ,2022-05-05,36.01,36.76,35.67,36.33,36.31,0.02,0.0551,293802.28,1063564.078
002142.SZ,2022-05-06,35.88,36.53,35.65,35.8,36.33,-0.53,-1.4588,258120.26,928638.188
002142.SZ,2022-05-09,35.53,35.95,34.71,35.1,35.8,-0.7,-1.9553,160117.62,563608.446
002142.SZ,2022-05-10,34.8,34.87,33.59,34.3,35.1,-0.8,-2.2792,350723.86,1197055.759
002142.SZ,2022-05-11,34.15,34.59,33.92,34.36,34.3,0.06,0.1749,259902.74,891364.635
002142.SZ,2022-05-12,34.11,34.49,33.7,33.98,34.36,-0.38,-1.1059,206150.17,703386.679
002142.SZ,2022-05-13,34.26,34.67,33.81,34.15,33.98,0.17,0.5003,227990.66,777882.073
002142.SZ,2022-05-16,34.08,34.12,32.9,33.55,34.15,-0.6,-1.757,347114.02,1159780.214
002142.SZ,2022-05-17,33.85,34.56,33.64,34.03,33.55,0.48,1.4307,308817.51,1052957.031
002142.SZ,2022-05-18,34.15,34.28,32.8,33.23,34.03,-0.8,-2.3509,394816.74,1307284.434
002142.SZ,2022-05-19,32.7,33.09,32.52,32.55,33.23,-0.68,-2.0463,305040.22,997320.786
002142.SZ,2022-05-20,32.71,33.56,32.65,33.36,32.55,0.81,2.4885,373746.84,1242129.596
002142.SZ,2022-05-23,33.43,33.94,33.18,33.36,33.36,0.0,0.0,228944.41,767390.303
002142.SZ,2022-05-24,33.35,33.8,32.88,32.98,33.36,-0.38,-1.1391,227451.14,759279.519
002142.SZ,2022-05-25,33.2,33.33,32.8,33.22,32.98,0.24,0.7277,182501.5,604303.909
002142.SZ,2022-05-26,33.35,33.37,32.35,32.42,33.22,-0.8,-2.4082,339241.67,1105861.608
002142.SZ,2022-05-27,32.58,32.99,32.16,32.43,32.42,0.01,0.0308,224380.57,730350.313
002142.SZ,2022-05-30,32.56,32.56,31.85,32.18,32.43,-0.25,-0.7709,294694.29,945987.628
002142.SZ,2022-05-31,32.18,32.75,31.94,32.75,32.18,0.57,1.7713,300703.95,979586.439
002142.SZ,2022-06-01,32.75,32.79,32.18,32.35,32.75,-0.4,-1.2214,194715.35,630173.05
002142.SZ,2022-06-02,32.02,32.31,31.92,32.09,32.35,-0.26,-0.8037,218325.52,699473.39
002142.SZ,2022-06-06,31.96,32.06,30.99,32.03,32.09,-0.06,-0.187,559532.61,1763761.622
002142.SZ,2022-06-07,32.04,33.63,31.99,33.57,32.03,1.54,4.808,682203.87,2260986.163
002142.SZ,2022-06-08,33.5,33.82,33.08,33.71,33.57,0.14,0.417,354702.22,1185871.219
002142.SZ,2022-06-09,33.59,34.68,33.46,34.34,33.71,0.63,1.8689,414758.12,1423742.899
002142.SZ,2022-06-10,34.12,34.56,34.02,34.47,34.34,0.13,0.3786,304427.24,1044328.362
002142.SZ,2022-06-13,34.05,34.44,32.91,33.13,34.47,-1.34,-3.8874,374712.92,1248496.353
002142.SZ,2022-06-14,32.86,33.8,32.72,33.76,33.13,0.63,1.9016,243425.81,810266.514
002142.SZ,2022-06-15,33.82,35.3,33.65,34.61,33.76,0.85,2.5178,484819.01,1682840.205
002142.SZ,2022-06-16,34.61,35.07,34.26,34.47,34.61,-0.14,-0.4045,292940.37,1015404.93
002142.SZ,2022-06-17,34.2,34.48,33.7,34.08,34.47,-0.39,-1.1314,241749.77,823102.349
002142.SZ,2022-06-20,34.19,34.3,33.32,33.78,34.08,-0.3,-0.8803,293020.05,988100.018
002142.SZ,2022-06-21,33.82,34.45,33.49,33.88,33.78,0.1,0.296,278609.6,946045.389
002142.SZ,2022-06-22,33.74,33.8,33.02,33.06,33.88,-0.82,-2.4203,215773.68,718976.173
002142.SZ,2022-06-23,33.26,33.46,32.93,33.39,33.06,0.33,0.9982,204476.69,679492.863
002142.SZ,2022-06-24,33.39,33.67,32.77,33.32,33.39,-0.07,-0.2096,448889.92,1482889.957
002142.SZ,2022-06-27,33.32,34.41,33.1,34.18,33.32,0.86,2.581,415850.89,1414782.278
002142.SZ,2022-06-28,34.01,34.56,33.92,34.36,34.18,0.18,0.5266,286411.83,982050.834
002142.SZ,2022-06-29,34.25,35.68,34.25,35.23,34.36,0.87,2.532,469228.72,1651308.482
002142.SZ,2022-06-30,35.1,36.19,34.88,35.81,35.23,0.58,1.6463,317111.59,1136082.316
002142.SZ,2022-07-01,35.81,36.48,35.4,35.85,35.81,0.04,0.1117,230908.96,826576.109
002142.SZ,2022-07-04,35.66,35.89,34.95,35.15,35.85,-0.7,-1.9526,304043.36,1070153.597
002142.SZ,2022-07-05,35.15,35.6,34.88,35.15,35.15,0.0,0.0,224506.2,788633.586
002142.SZ,2022-07-06,35.15,35.21,33.96,34.2,35.15,-0.95,-2.7027,273352.97,938811.395
002142.SZ,2022-07-07,34.29,34.65,33.89,34.41,34.2,0.21,0.614,225279.86,775014.946
002142.SZ,2022-07-08,34.8,34.8,33.85,34.06,34.41,-0.35,-1.0171,188871.0,643291.365
002142.SZ,2022-07-11,33.85,33.9,33.17,33.3,34.06,-0.76,-2.2314,229647.35,767181.352
002142.SZ,2022-07-12,33.1,34.08,33.06,33.78,32.8,0.98,2.9878,293539.93,990483.471
002142.SZ,2022-07-13,33.81,33.85,32.65,32.9,33.78,-0.88,-2.6051,344323.24,1137173.495
002142.SZ,2022-07-14,32.6,32.88,31.18,32.57,32.9,-0.33,-1.003,656552.22,2097975.437
002142.SZ,2022-07-15,32.78,33.33,32.1,32.12,32.57,-0.45,-1.3816,401552.05,1311749.469
002142.SZ,2022-07-18,32.2,32.76,32.03,32.64,32.12,0.52,1.6189,257988.89,836586.765
002142.SZ,2022-07-19,32.6,32.95,32.33,32.72,32.64,0.08,0.2451,176508.93,575500.585
002142.SZ,2022-07-20,32.9,32.99,32.47,32.64,32.72,-0.08,-0.2445,208522.86,682614.56
002142.SZ,2022-07-21,32.6,32.78,31.79,31.84,32.64,-0.8,-2.451,279828.01,895567.965
002142.SZ,2022-07-22,31.84,32.1,31.43,31.66,31.84,-0.18,-0.5653,287232.19,909754.689
002142.SZ,2022-07-25,31.5,32.07,31.27,32.05,31.66,0.39,1.2318,258002.38,817525.424
002142.SZ,2022-07-26,31.94,32.8,31.85,32.55,32.05,0.5,1.5601,247978.32,804392.95
002142.SZ,2022-07-27,32.44,32.74,32.1,32.12,32.55,-0.43,-1.321,164904.69,532788.86
002142.SZ,2022-07-28,32.25,32.35,31.68,31.76,32.12,-0.36,-1.1208,188710.05,602216.93
002142.SZ,2022-07-29,31.77,31.86,31.13,31.2,31.76,-0.56,-1.7632,265742.71,834517.792
002142.SZ,2022-08-01,31.21,31.25,29.45,29.62,31.2,-1.58,-5.0641,698992.57,2096824.738
002142.SZ,2022-08-02,29.34,29.34,28.35,29.02,29.62,-0.6,-2.0257,686928.79,1979216.495
002142.SZ,2022-08-03,28.95,29.25,28.5,28.51,29.02,-0.51,-1.7574,311771.55,897137.596
002142.SZ,2022-08-04,28.62,29.1,28.47,28.97,28.51,0.46,1.6135,288566.05,832100.977
002142.SZ,2022-08-05,28.9,29.6,28.76,29.54,28.97,0.57,1.9676,254926.95,744892.903
002142.SZ,2022-08-08,29.48,30.07,29.27,29.39,29.54,-0.15,-0.5078,257662.77,761665.576
002142.SZ,2022-08-09,29.5,29.52,28.93,29.07,29.39,-0.32,-1.0888,234074.33,682697.412
002142.SZ,2022-08-10,29.04,29.32,28.4,28.56,29.07,-0.51,-1.7544,332273.65,952002.296
002142.SZ,2022-08-11,28.7,29.25,28.42,29.22,28.56,0.66,2.3109,314868.72,909343.67
002142.SZ,2022-08-12,29.08,30.15,28.9,29.84,29.22,0.62,2.1218,384630.28,1143865.999
002142.SZ,2022-08-15,29.62,29.86,28.42,28.88,29.84,-0.96,-3.2172,453321.11,1309868.104
002142.SZ,2022-08-16,28.8,29.1,28.65,28.87,28.88,-0.01,-0.0346,191493.11,553253.832
002142.SZ,2022-08-17,28.88,29.73,28.5,29.53,28.87,0.66,2.2861,346419.61,1015645.421
002142.SZ,2022-08-18,29.43,29.49,28.5,28.72,29.53,-0.81,-2.743,401615.35,1155173.761
002142.SZ,2022-08-19,28.5,29.12,28.5,28.71,28.72,-0.01,-0.0348,260077.01,749396.578
002142.SZ,2022-08-22,28.65,28.85,28.5,28.6,28.71,-0.11,-0.3831,231840.86,664192.336
002142.SZ,2022-08-23,28.53,28.58,27.61,27.7,28.6,-0.9,-3.1469,537103.94,1495069.119
002142.SZ,2022-08-24,27.71,28.15,27.56,27.71,27.7,0.01,0.0361,273635.21,763224.286
002142.SZ,2022-08-25,27.79,28.99,27.72,28.87,27.71,1.16,4.1862,445375.17,1265417.142
002142.SZ,2022-08-26,28.87,28.96,28.36,28.77,28.87,-0.1,-0.3464,244208.88,700561.726
002142.SZ,2022-08-29,28.35,28.62,28.06,28.48,28.77,-0.29,-1.008,245932.36,697236.255
002142.SZ,2022-08-30,28.46,28.9,27.8,28.27,28.48,-0.21,-0.7374,345950.24,973870.122
002142.SZ,2022-08-31,28.1,30.14,28.01,29.83,28.27,1.56,5.5182,787233.33,2326005.846
002142.SZ,2022-09-01,29.89,30.4,29.6,29.84,29.83,0.01,0.0335,423565.44,1273570.138
002142.SZ,2022-09-02,30.0,30.26,29.5,29.8,29.84,-0.04,-0.134,240351.31,715171.908
002142.SZ,2022-09-05,29.51,29.93,29.21,29.66,29.8,-0.14,-0.4698,212882.35,628635.211
002142.SZ,2022-09-06,29.7,30.15,28.9,29.0,29.66,-0.66,-2.2252,356033.17,1037693.588
002142.SZ,2022-09-07,28.72,28.96,28.31,28.58,29.0,-0.42,-1.4483,341930.28,974806.348
002142.SZ,2022-09-08,28.75,30.06,28.45,29.85,28.58,1.27,4.4437,708659.06,2100647.844
002142.SZ,2022-09-09,29.8,31.7,29.8,31.1,29.85,1.25,4.1876,699291.95,2177401.668
002142.SZ,2022-09-13,31.29,32.18,30.92,32.08,31.1,0.98,3.1511,581926.64,1853383.413
002142.SZ,2022-09-14,31.55,32.27,31.51,31.7,32.08,-0.38,-1.1845,267928.28,854374.075
002142.SZ,2022-09-15,32.34,32.78,31.75,31.96,31.7,0.26,0.8202,393273.32,1271918.998
002142.SZ,2022-09-16,31.96,32.09,31.38,31.6,31.96,-0.36,-1.1264,353699.44,1121838.652
002142.SZ,2022-09-19,31.6,32.11,31.32,31.72,31.6,0.12,0.3797,200558.73,636571.67
002142.SZ,2022-09-20,31.73,31.86,31.02,31.14,31.72,-0.58,-1.8285,247249.74,771561.568
002142.SZ,2022-09-21,31.31,32.05,31.09,31.66,31.14,0.52,1.6699,255896.53,810241.296
002142.SZ,2022-09-22,31.5,31.68,30.97,31.33,31.66,-0.33,-1.0423,205635.45,643894.024
002142.SZ,2022-09-23,31.28,31.95,31.2,31.42,31.33,0.09,0.2873,188096.45,593719.207
002142.SZ,2022-09-26,31.15,31.81,30.95,31.07,31.42,-0.35,-1.1139,210317.6,655940.903
002142.SZ,2022-09-27,30.85,31.77,30.75,31.55,31.07,0.48,1.5449,211783.76,663783.825
002142.SZ,2022-09-28,31.31,32.0,31.31,31.59,31.55,0.04,0.1268,307967.19,976182.963
002142.SZ,2022-09-29,31.95,31.99,31.2,31.29,31.59,-0.3,-0.9497,241303.67,758878.054
002142.SZ,2022-09-30,31.52,32.3,31.29,31.55,31.29,0.26,0.8309,260674.19,829600.384
002142.SZ,2022-10-10,31.55,31.61,30.4,30.82,31.55,-0.73,-2.3138,285133.12,879235.778
002142.SZ,2022-10-11,30.99,31.5,30.65,30.95,30.82,0.13,0.4218,164637.93,510354.378
002142.SZ,2022-10-12,30.66,31.64,30.66,31.07,30.95,0.12,0.3877,186319.45,579011.032
002142.SZ,2022-10-13,30.88,31.36,29.72,29.9,31.07,-1.17,-3.7657,297932.18,897926.436
002142.SZ,2022-10-14,30.07,30.65,29.8,30.01,29.9,0.11,0.3679,375535.9,1131593.791
002142.SZ,2022-10-17,29.97,29.99,29.39,29.67,30.01,-0.34,-1.133,267402.0,792996.742
002142.SZ,2022-10-18,29.89,30.09,29.24,29.79,29.67,0.12,0.4044,254317.06,752217.377
002142.SZ,2022-10-19,29.51,29.65,28.43,28.49,29.79,-1.3,-4.3639,381026.8,1097519.163
002142.SZ,2022-10-20,28.31,28.6,27.91,28.02,28.49,-0.47,-1.6497,308576.37,867792.736
002142.SZ,2022-10-21,28.03,28.36,27.66,27.85,28.02,-0.17,-0.6067,248576.58,695554.78
002142.SZ,2022-10-24,27.76,27.85,25.7,25.77,27.85,-2.08,-7.4686,721792.42,1902672.564
002142.SZ,2022-10-25,25.97,26.35,24.72,24.99,25.77,-0.78,-3.0268,719624.36,1813736.676
002142.SZ,2022-10-26,25.04,25.04,24.37,24.51,24.99,-0.48,-1.9208,604531.17,1489512.97
002142.SZ,2022-10-27,24.51,24.75,24.07,24.24,24.51,-0.27,-1.1016,429580.51,1045168.509
002142.SZ,2022-10-28,24.33,25.15,24.0,24.86,24.24,0.62,2.5578,643316.27,1595548.478
002142.SZ,2022-10-31,24.4,24.79,23.61,23.76,24.86,-1.1,-4.4248,514731.88,1237308.67
002142.SZ,2022-11-01,23.85,24.88,23.78,24.88,23.76,1.12,4.7138,506226.09,1236186.631
002142.SZ,2022-11-02,24.82,25.89,24.55,25.68,24.88,0.8,3.2154,576625.21,1465147.363
002142.SZ,2022-11-03,25.66,25.67,24.71,25.13,25.68,-0.55,-2.1417,428199.77,1073574.881
002142.SZ,2022-11-04,24.95,26.0,24.89,25.73,25.13,0.6,2.3876,376440.22,964350.565
002142.SZ,2022-11-07,25.5,26.05,25.38,25.73,25.73,0.0,0.0,395091.0,1014402.06
002142.SZ,2022-11-08,25.7,26.07,25.51,25.83,25.73,0.1,0.3887,249097.47,641736.562
002142.SZ,2022-11-09,25.83,26.78,25.57,25.79,25.83,-0.04,-0.1549,365357.64,952507.85
002142.SZ,2022-11-10,25.55,26.2,25.23,26.04,25.79,0.25,0.9694,269333.87,693572.517
002142.SZ,2022-11-11,26.5,28.64,26.5,28.35,26.04,2.31,8.871,1003315.1,2772323.031
002142.SZ,2022-11-14,28.8,30.21,28.76,29.56,28.35,1.21,4.2681,959324.82,2854672.445
002142.SZ,2022-11-15,29.3,29.85,28.71,29.11,29.56,-0.45,-1.5223,658176.4,1922946.064
002142.SZ,2022-11-16,29.05,29.13,28.5,28.59,29.11,-0.52,-1.7863,376222.3,1080267.796
002142.SZ,2022-11-17,28.62,28.82,28.28,28.43,28.59,-0.16,-0.5596,297617.46,847506.124
002142.SZ,2022-11-18,28.7,29.1,28.17,28.68,28.43,0.25,0.8794,328334.3,940119.013
002142.SZ,2022-11-21,28.5,29.35,28.06,28.81,28.68,0.13,0.4533,301247.28,866089.478
002142.SZ,2022-11-22,28.89,29.98,28.73,29.61,28.81,0.8,2.7768,495807.15,1460810.236
002142.SZ,2022-11-23,29.53,30.15,29.02,29.28,29.61,-0.33,-1.1145,359912.58,1066251.564
002142.SZ,2022-11-24,29.69,30.01,28.9,29.04,29.28,-0.24,-0.8197,167781.75,491911.467
002142.SZ,2022-11-25,28.92,30.55,28.92,30.55,29.04,1.51,5.1997,528828.0,1594151.933
002142.SZ,2022-11-28,29.8,29.8,29.08,29.63,30.55,-0.92,-3.0115,365097.03,1071963.635
002142.SZ,2022-11-29,30.13,32.59,30.13,32.59,29.63,2.96,9.9899,713079.26,2280212.469
002142.SZ,2022-11-30,32.59,33.0,31.98,32.11,32.59,-0.48,-1.4728,525474.26,1704052.729
002142.SZ,2022-12-01,32.48,32.99,31.9,31.96,32.11,-0.15,-0.4671,408757.26,1321111.528
002142.SZ,2022-12-02,31.98,31.99,30.61,31.46,31.96,-0.5,-1.5645,516307.85,1608662.225
002142.SZ,2022-12-05,31.71,33.0,31.7,32.92,31.46,1.46,4.6408,399398.8,1300382.834
002142.SZ,2022-12-06,32.63,33.06,32.01,32.5,32.92,-0.42,-1.2758,340640.13,1103750.564
002142.SZ,2022-12-07,32.48,32.61,31.4,31.5,32.5,-1.0,-3.0769,398807.0,1263779.861
002142.SZ,2022-12-08,31.41,32.28,31.21,32.03,31.5,0.53,1.6825,274761.42,877309.641
002142.SZ,2022-12-09,32.37,33.12,32.02,33.0,32.03,0.97,3.0284,321044.91,1050290.722
002142.SZ,2022-12-12,32.51,32.6,31.5,31.6,33.0,-1.4,-4.2424,324942.45,1035636.65
002142.SZ,2022-12-13,31.49,32.34,31.21,32.2,31.6,0.6,1.8987,327550.17,1044378.934
002142.SZ,2022-12-14,32.3,32.92,31.78,32.45,32.2,0.25,0.7764,262552.86,850751.01
002142.SZ,2022-12-15,32.45,32.55,31.5,31.62,32.45,-0.83,-2.5578,248875.14,787549.702
002142.SZ,2022-12-16,31.51,32.15,31.41,31.78,31.62,0.16,0.506,259321.71,822118.561
002142.SZ,2022-12-19,31.63,31.99,31.01,31.11,31.78,-0.67,-2.1082,230942.66,723942.299
002142.SZ,2022-12-20,31.18,31.38,30.11,30.68,31.11,-0.43,-1.3822,188413.32,578256.87
002142.SZ,2022-12-21,31.16,31.17,30.61,30.95,30.68,0.27,0.8801,139071.18,429333.913
002142.SZ,2022-12-22,31.1,31.42,30.68,30.89,30.95,-0.06,-0.1939,188335.41,583910.355
002142.SZ,2022-12-23,30.5,31.22,30.32,30.77,30.89,-0.12,-0.3885,187578.02,578453.337
002142.SZ,2022-12-26,30.66,31.45,30.5,30.68,30.77,-0.09,-0.2925,222976.62,689289.245
002142.SZ,2022-12-27,30.99,32.26,30.92,31.85,30.68,1.17,3.8136,291796.39,927719.242
002142.SZ,2022-12-28,31.8,32.93,31.7,32.66,31.85,0.81,2.5432,332103.49,1082364.755
002142.SZ,2022-12-29,32.3,32.7,31.89,32.19,32.66,-0.47,-1.4391,255469.11,821794.103
002142.SZ,2022-12-30,32.21,32.67,31.99,32.45,32.19,0.26,0.8077,197447.75,640448.721
002142.SZ,2023-01-03,32.18,32.4,31.5,32.21,32.45,-0.24,-0.7396,275525.12,883241.46
002142.SZ,2023-01-04,32.45,33.85,32.24,33.48,32.21,1.27,3.9429,379307.14,1265667.862
002142.SZ,2023-01-05,33.52,33.91,33.0,33.1,33.48,-0.38,-1.135,255705.77,852161.622
002142.SZ,2023-01-06,33.26,33.26,32.05,32.63,33.1,-0.47,-1.4199,397618.73,1288696.127
002142.SZ,2023-01-09,32.77,33.0,32.4,32.83,32.63,0.2,0.6129,264196.19,864267.897
002142.SZ,2023-01-10,32.83,32.87,32.25,32.51,32.83,-0.32,-0.9747,212736.1,693134.784
002142.SZ,2023-01-11,32.5,33.88,32.35,33.7,32.51,1.19,3.6604,353498.05,1182863.687
002142.SZ,2023-01-12,34.03,34.03,33.21,33.66,33.7,-0.04,-0.1187,217262.25,728189.561
002142.SZ,2023-01-13,33.7,34.31,33.25,33.97,33.66,0.31,0.921,214244.96,726016.314
002142.SZ,2023-01-16,33.96,34.86,33.8,34.2,33.97,0.23,0.6771,333783.65,1146981.872
002142.SZ,2023-01-17,34.18,34.3,33.51,33.78,34.2,-0.42,-1.2281,311318.28,1049966.566
002142.SZ,2023-01-18,33.86,34.19,33.45,33.72,33.78,-0.06,-0.1776,183870.4,620489.865
002142.SZ,2023-01-19,33.6,33.75,32.8,33.26,33.72,-0.46,-1.3642,270449.79,896902.132
002142.SZ,2023-01-20,33.31,33.41,33.02,33.21,33.26,-0.05,-0.1503,209363.98,695059.951
002142.SZ,2023-01-30,33.89,33.89,33.22,33.62,33.21,0.41,1.2346,302759.33,1019196.333
002142.SZ,2023-01-31,33.81,34.28,32.72,32.8,33.62,-0.82,-2.439,293140.24,977101.937
002142.SZ,2023-02-01,32.82,33.12,32.1,32.53,32.8,-0.27,-0.8232,247858.9,805378.514
002142.SZ,2023-02-02,32.57,32.66,31.9,32.24,32.53,-0.29,-0.8915,282990.22,908287.329
002142.SZ,2023-02-03,31.95,32.03,31.42,31.83,32.24,-0.41,-1.2717,222734.29,706052.861
002142.SZ,2023-02-06,31.55,31.61,30.63,31.11,31.83,-0.72,-2.262,356749.8,1103690.016
002142.SZ,2023-02-07,31.27,31.9,31.2,31.5,31.11,0.39,1.2536,275125.17,869536.876
002142.SZ,2023-02-08,31.68,32.25,31.46,31.6,31.5,0.1,0.3175,219222.99,697590.841
002142.SZ,2023-02-09,31.47,31.98,31.3,31.48,31.6,-0.12,-0.3797,243400.9,767142.28
002142.SZ,2023-02-10,31.45,31.46,31.05,31.41,31.48,-0.07,-0.2224,158844.25,496826.421
002142.SZ,2023-02-13,31.41,31.41,30.13,30.57,31.41,-0.84,-2.6743,652039.08,1988808.101
002142.SZ,2023-02-14,30.55,31.15,30.55,31.1,30.57,0.53,1.7337,390463.44,1203504.43
002142.SZ,2023-02-15,31.03,31.11,30.22,30.43,31.1,-0.67,-2.1543,276173.95,843043.909
002142.SZ,2023-02-16,30.43,30.8,30.31,30.51,30.43,0.08,0.2629,225198.56,688378.472
002142.SZ,2023-02-17,30.4,30.65,30.02,30.04,30.51,-0.47,-1.5405,238916.8,724296.516
002142.SZ,2023-02-20,30.02,31.59,30.02,31.49,30.04,1.45,4.8269,524472.91,1628248.846
002142.SZ,2023-02-21,31.42,31.42,30.82,31.08,31.49,-0.41,-1.302,303791.15,942890.606
002142.SZ,2023-02-22,30.82,30.95,30.45,30.59,31.08,-0.49,-1.5766,266667.29,817157.789
002142.SZ,2023-02-23,30.6,30.96,30.24,30.38,30.59,-0.21,-0.6865,278826.76,849593.19
002142.SZ,2023-02-24,30.25,30.36,29.9,29.96,30.38,-0.42,-1.3825,236508.74,710834.389
002142.SZ,2023-02-27,29.75,29.94,29.55,29.6,29.96,-0.36,-1.2016,213533.23,633861.834
002142.SZ,2023-02-28,29.85,29.85,29.24,29.54,29.6,-0.06,-0.2027,272848.82,803798.079
002142.SZ,2023-03-01,29.54,30.4,29.36,30.38,29.54,0.84,2.8436,359930.12,1083632.467
002142.SZ,2023-03-02,30.38,31.38,30.15,30.66,30.38,0.28,0.9217,375165.96,1157493.784
002142.SZ,2023-03-03,30.85,31.04,30.43,30.78,30.66,0.12,0.3914,196014.73,602164.64
002142.SZ,2023-03-06,30.59,30.93,29.45,29.58,30.78,-1.2,-3.8986,490514.14,1459140.395
002142.SZ,2023-03-07,29.56,29.91,28.8,28.91,29.58,-0.67,-2.265,518369.7,1516435.183
002142.SZ,2023-03-08,28.6,28.71,28.13,28.46,28.91,-0.45,-1.5566,471773.18,1341393.987
002142.SZ,2023-03-09,28.48,28.58,28.0,28.01,28.46,-0.45,-1.5812,378108.74,1065927.855
002142.SZ,2023-03-10,27.6,28.49,27.51,27.74,28.01,-0.27,-0.9639,315466.02,880457.511
002142.SZ,2023-03-13,27.7,28.25,27.61,27.85,27.74,0.11,0.3965,214692.73,598313.004
002142.SZ,2023-03-14,27.6,28.2,27.15,27.64,27.85,-0.21,-0.754,239503.62,665032.842
002142.SZ,2023-03-15,28.15,28.67,27.85,27.91,27.64,0.27,0.9768,352912.11,995797.832
002142.SZ,2023-03-16,27.65,28.36,27.53,27.8,27.91,-0.11,-0.3941,276866.21,775841.326
002142.SZ,2023-03-17,27.99,28.1,27.12,27.25,27.8,-0.55,-1.9784,441480.26,1215290.737
002142.SZ,2023-03-20,27.3,27.85,27.3,27.52,27.25,0.27,0.9908,352752.72,972461.197
002142.SZ,2023-03-21,27.55,27.84,27.13,27.44,27.52,-0.08,-0.2907,256738.17,701922.614
002142.SZ,2023-03-22,27.49,28.35,27.45,28.05,27.44,0.61,2.223,421736.94,1181425.296
002142.SZ,2023-03-23,27.85,28.21,27.55,27.99,28.05,-0.06,-0.2139,274026.8,763439.701
002142.SZ,2023-03-24,27.9,27.98,27.58,27.71,27.99,-0.28,-1.0004,169106.56,469097.437
002142.SZ,2023-03-27,27.58,27.66,27.01,27.37,27.71,-0.34,-1.227,213848.29,582755.322
002142.SZ,2023-03-28,27.5,27.83,27.3,27.62,27.37,0.25,0.9134,244691.89,674788.34
002142.SZ,2023-03-29,27.68,27.85,27.38,27.53,27.62,-0.09,-0.3259,159002.65,438411.986
002142.SZ,2023-03-30,27.48,27.88,27.02,27.8,27.53,0.27,0.9807,330575.22,908279.44
002142.SZ,2023-03-31,27.65,28.03,27.26,27.31,27.8,-0.49,-1.7626,311023.61,857937.388
002142.SZ,2023-04-03,27.3,27.37,27.06,27.22,27.31,-0.09,-0.3295,364561.72,990358.683
002142.SZ,2023-04-04,27.14,27.59,26.96,27.18,27.22,-0.04,-0.147,321871.8,875034.926
002142.SZ,2023-04-06,26.95,27.12,26.64,26.97,27.18,-0.21,-0.7726,351775.53,946640.522
002142.SZ,2023-04-07,27.0,27.68,26.83,27.44,26.97,0.47,1.7427,411758.89,1127112.41
002142.SZ,2023-04-10,27.5,28.0,27.32,27.87,27.44,0.43,1.5671,311347.86,864212.559
002142.SZ,2023-04-11,27.87,27.98,27.5,27.78,27.87,-0.09,-0.3229,227274.82,630284.435
002142.SZ,2023-04-12,27.88,27.95,27.4,27.54,27.78,-0.24,-0.8639,298070.89,821131.079
002142.SZ,2023-04-13,27.46,28.58,27.31,28.42,27.54,0.88,3.1954,583149.44,1642220.099
002142.SZ,2023-04-14,28.36,29.15,28.25,28.69,28.42,0.27,0.95,479717.04,1379175.262
002142.SZ,2023-04-17,28.42,28.73,28.13,28.63,28.69,-0.06,-0.2091,465710.22,1326296.881
002142.SZ,2023-04-18,28.6,29.5,28.51,28.82,28.63,0.19,0.6636,579316.99,1681990.219
002142.SZ,2023-04-19,28.7,28.75,27.85,27.93,28.82,-0.89,-3.0881,550831.58,1548004.013
002142.SZ,2023-04-20,27.93,28.19,27.62,27.8,27.93,-0.13,-0.4654,267423.91,743584.825
002142.SZ,2023-04-21,27.68,27.75,27.05,27.06,27.8,-0.74,-2.6619,340090.72,928840.107
002142.SZ,2023-04-24,27.1,27.15,25.52,25.81,27.06,-1.25,-4.6194,769681.67,2006099.562
002142.SZ,2023-04-25,25.94,26.78,25.83,26.62,25.81,0.81,3.1383,547315.06,1445593.136
002142.SZ,2023-04-26,26.35,26.36,25.5,26.26,26.62,-0.36,-1.3524,566043.77,1464343.851
002142.SZ,2023-04-27,25.88,26.26,25.55,26.18,26.26,-0.08,-0.3046,378145.08,981837.636
002142.SZ,2023-04-28,26.15,27.5,26.15,27.38,26.18,1.2,4.5837,610827.78,1659822.932
002142.SZ,2023-05-04,27.1,28.16,26.6,27.92,27.38,0.54,1.9722,613613.42,1690798.974
002142.SZ,2023-05-05,27.85,28.9,27.6,27.68,27.92,-0.24,-0.8596,579751.54,1637720.795
002142.SZ,2023-05-08,27.8,28.9,27.5,28.63,27.68,0.95,3.4321,678527.26,1933266.126
002142.SZ,2023-05-09,28.54,29.2,28.05,28.2,28.63,-0.43,-1.5019,607752.93,1736009.003
002142.SZ,2023-05-10,28.15,28.17,27.25,27.34,28.2,-0.86,-3.0496,310803.73,854984.163
002142.SZ,2023-05-11,27.44,28.25,27.27,27.59,27.34,0.25,0.9144,231130.98,642317.638
002142.SZ,2023-05-12,27.68,27.75,27.27,27.3,27.59,-0.29,-1.0511,144725.21,396613.328
002142.SZ,2023-05-15,27.22,27.69,26.93,27.52,27.3,0.22,0.8059,173661.91,473822.377
002142.SZ,2023-05-16,27.51,27.91,27.14,27.24,27.52,-0.28,-1.0174,210458.95,576142.437
002142.SZ,2023-05-17,27.25,27.33,26.59,26.75,27.24,-0.49,-1.7988,230909.26,620532.62
002142.SZ,2023-05-18,26.79,27.09,26.51,26.65,26.75,-0.1,-0.3738,187527.93,502164.109
002142.SZ,2023-05-19,26.64,26.69,26.3,26.52,26.65,-0.13,-0.4878,188081.06,498352.208
002142.SZ,2023-05-22,26.58,26.91,26.53,26.87,26.52,0.35,1.3198,149679.05,400981.395
002142.SZ,2023-05-23,26.87,26.98,26.35,26.35,26.87,-0.52,-1.9352,181617.36,482803.275
002142.SZ,2023-05-24,26.36,26.36,25.65,25.66,26.35,-0.69,-2.6186,307529.19,794531.129
002142.SZ,2023-05-25,25.6,25.93,25.51,25.65,25.66,-0.01,-0.039,185738.46,477398.828
002142.SZ,2023-05-26,25.66,25.98,25.52,25.96,25.65,0.31,1.2086,164373.23,423528.74
002142.SZ,2023-05-29,25.89,25.95,24.8,25.02,25.96,-0.94,-3.621,464742.39,1167829.094
002142.SZ,2023-05-30,25.02,25.13,24.72,25.0,25.02,-0.02,-0.0799,216165.24,538226.497
002142.SZ,2023-05-31,24.83,24.93,24.6,24.6,25.0,-0.4,-1.6,212360.87,524825.957
002142.SZ,2023-06-01,24.66,24.94,24.5,24.62,24.6,0.02,0.0813,217186.33,536317.41
002142.SZ,2023-06-02,24.72,25.9,24.72,25.82,24.62,1.2,4.8741,391467.72,997236.551
002142.SZ,2023-06-05,25.79,25.95,25.45,25.85,25.82,0.03,0.1162,232875.05,599446.081
002142.SZ,2023-06-06,25.75,26.59,25.68,26.2,25.85,0.35,1.354,361955.21,952537.533
002142.SZ,2023-06-07,26.31,26.75,26.29,26.45,26.2,0.25,0.9542,260013.22,691164.731
002142.SZ,2023-06-08,26.65,27.02,26.26,26.85,26.45,0.4,1.5123,253757.19,678602.625
002142.SZ,2023-06-09,26.99,27.05,26.5,26.76,26.85,-0.09,-0.3352,235933.02,630894.526
002142.SZ,2023-06-12,26.68,26.92,26.4,26.7,26.76,-0.06,-0.2242,146505.27,391375.85
002142.SZ,2023-06-13,26.59,27.08,26.56,26.75,26.7,0.05,0.1873,191537.66,512255.832
002142.SZ,2023-06-14,26.88,27.19,26.3,26.3,26.75,-0.45,-1.6822,283059.63,755071.633
002142.SZ,2023-06-15,26.5,26.66,26.21,26.53,26.3,0.23,0.8745,176810.67,466928.813
002142.SZ,2023-06-16,26.52,26.61,26.2,26.35,26.53,-0.18,-0.6785,162774.1,429245.87
002142.SZ,2023-06-19,26.2,26.36,25.67,25.84,26.35,-0.51,-1.9355,228440.54,590384.302
002142.SZ,2023-06-20,25.88,26.01,25.61,25.72,25.84,-0.12,-0.4644,142502.1,367119.839
002142.SZ,2023-06-21,25.6,25.97,25.4,25.44,25.72,-0.28,-1.0886,166006.65,425497.805
002142.SZ,2023-06-26,25.3,25.34,24.81,24.94,25.44,-0.5,-1.9654,245922.0,614297.431
002142.SZ,2023-06-27,25.02,25.19,24.8,25.07,24.94,0.13,0.5213,174745.39,437065.228
002142.SZ,2023-06-28,25.13,25.5,24.99,25.3,25.07,0.23,0.9174,191035.13,483031.251
002142.SZ,2023-06-29,25.22,25.45,25.05,25.1,25.3,-0.2,-0.7905,138973.48,350120.876
002142.SZ,2023-06-30,25.11,25.65,25.09,25.3,25.1,0.2,0.7968,204742.36,520562.798
002142.SZ,2023-07-03,25.41,25.68,25.2,25.58,25.3,0.28,1.1067,253381.65,644175.183
002142.SZ,2023-07-04,25.42,25.65,25.07,25.22,25.58,-0.36,-1.4073,253584.12,641305.646
002142.SZ,2023-07-05,25.22,25.22,24.86,24.97,25.22,-0.25,-0.9913,248939.0,621727.21
002142.SZ,2023-07-06,24.97,25.05,24.68,24.88,24.97,-0.09,-0.3604,208163.16,517179.608
002142.SZ,2023-07-07,24.81,24.99,24.68,24.74,24.88,-0.14,-0.5627,143664.08,356452.479
002142.SZ,2023-07-10,24.85,25.15,24.69,24.78,24.74,0.04,0.1617,162560.81,403763.408
002142.SZ,2023-07-11,24.99,25.04,24.6,24.73,24.78,-0.05,-0.2018,261208.18,645595.871
002142.SZ,2023-07-12,24.39,25.29,24.22,24.93,24.23,0.7,2.889,507028.96,1262872.447
002142.SZ,2023-07-13,25.0,25.59,24.86,25.46,24.93,0.53,2.126,301561.09,764073.446
002142.SZ,2023-07-14,25.43,25.74,25.15,25.27,25.46,-0.19,-0.7463,245780.52,622987.637
002142.SZ,2023-07-17,25.25,25.25,24.6,24.8,25.27,-0.47,-1.8599,250271.98,620036.581
002142.SZ,2023-07-18,24.92,24.94,24.5,24.55,24.8,-0.25,-1.0081,185454.33,456202.335
002142.SZ,2023-07-19,24.45,24.49,24.03,24.3,24.55,-0.25,-1.0183,317694.52,770930.271
002142.SZ,2023-07-20,24.31,25.11,24.28,24.65,24.3,0.35,1.4403,373581.78,928061.118
002142.SZ,2023-07-21,24.7,24.95,24.5,24.7,24.65,0.05,0.2028,204946.76,506931.073
002142.SZ,2023-07-24,24.51,24.66,24.39,24.47,24.7,-0.23,-0.9312,118229.16,289466.658
002142.SZ,2023-07-25,25.03,26.76,25.03,26.62,24.47,2.15,8.7863,966466.96,2524847.135
002142.SZ,2023-07-26,26.62,26.86,26.45,26.69,26.62,0.07,0.263,311930.36,832321.602
002142.SZ,2023-07-27,26.75,27.2,26.44,27.01,26.69,0.32,1.199,368439.62,993534.738
002142.SZ,2023-07-28,26.92,28.57,26.8,28.41,27.01,1.4,5.1833,755334.6,2115033.853
002142.SZ,2023-07-31,28.7,29.62,28.65,29.12,28.41,0.71,2.4991,713013.8,2078858.153
002142.SZ,2023-08-01,28.92,28.94,27.97,28.12,29.12,-1.0,-3.4341,528086.89,1497723.862
002142.SZ,2023-08-02,27.81,28.28,27.52,27.65,28.12,-0.47,-1.6714,538967.89,1496828.792
002142.SZ,2023-08-03,27.7,28.25,27.45,28.11,27.65,0.46,1.6637,414641.94,1155564.886
002142.SZ,2023-08-04,28.38,29.09,28.03,28.16,28.11,0.05,0.1779,437978.55,1250403.915
002142.SZ,2023-08-07,27.8,28.01,27.6,27.85,28.16,-0.31,-1.1009,238508.79,661502.846
002142.SZ,2023-08-08,27.61,28.4,27.47,27.9,27.85,0.05,0.1795,231613.22,646286.135
002142.SZ,2023-08-09,27.78,28.48,27.73,28.25,27.9,0.35,1.2545,252085.4,709658.44
002142.SZ,2023-08-10,28.04,28.24,27.71,28.02,28.25,-0.23,-0.8142,171047.39,477866.47
002142.SZ,2023-08-11,28.1,28.42,27.6,27.6,28.02,-0.42,-1.4989,210339.4,585852.982
002142.SZ,2023-08-14,27.19,27.58,26.91,27.35,27.6,-0.25,-0.9058,233170.87,636488.474
002142.SZ,2023-08-15,27.4,27.92,27.18,27.45,27.35,0.1,0.3656,201373.45,552888.887
002142.SZ,2023-08-16,27.33,27.48,27.1,27.17,27.45,-0.28,-1.02,154893.48,421507.968
002142.SZ,2023-08-17,27.01,27.08,26.7,26.89,27.17,-0.28,-1.0305,234694.44,629937.064
002142.SZ,2023-08-18,26.94,28.32,26.94,27.35,26.89,0.46,1.7107,402617.21,1116703.017
002142.SZ,2023-08-21,27.36,27.38,26.7,26.74,27.35,-0.61,-2.2303,203112.33,546574.233
002142.SZ,2023-08-22,26.93,27.28,26.62,27.11,26.74,0.37,1.3837,242553.12,654906.158
002142.SZ,2023-08-23,27.11,27.36,26.67,26.81,27.11,-0.3,-1.1066,180813.11,487687.934
002142.SZ,2023-08-24,26.76,27.18,26.53,27.01,26.81,0.2,0.746,265237.32,712222.561
002142.SZ,2023-08-25,26.6,27.2,25.88,26.85,27.01,-0.16,-0.5924,454507.69,1203736.78
002142.SZ,2023-08-28,28.4,28.65,27.24,27.58,26.85,0.73,2.7188,572176.38,1587931.892
002142.SZ,2023-08-29,27.47,27.48,26.67,27.09,27.58,-0.49,-1.7766,378562.12,1023929.797
002142.SZ,2023-08-30,27.09,27.09,26.28,26.28,27.09,-0.81,-2.99,532359.2,1412097.283
002142.SZ,2023-08-31,26.36,26.95,26.17,26.17,26.28,-0.11,-0.4186,319024.61,844993.652
002142.SZ,2023-09-01,26.6,27.8,26.6,27.67,26.17,1.5,5.7318,628382.77,1721490.014
002142.SZ,2023-09-04,27.79,29.08,27.6,28.91,27.67,1.24,4.4814,691461.39,1984590.524
002142.SZ,2023-09-05,28.77,28.8,28.01,28.2,28.91,-0.71,-2.4559,338213.25,954318.131
002142.SZ,2023-09-06,28.1,28.34,27.75,28.02,28.2,-0.18,-0.6383,237628.97,666002.23
002142.SZ,2023-09-07,28.0,28.07,27.72,27.8,28.02,-0.22,-0.7852,136184.01,379273.376
002142.SZ,2023-09-08,27.69,27.8,27.38,27.56,27.8,-0.24,-0.8633,123486.18,340016.437
002142.SZ,2023-09-11,27.55,27.85,27.35,27.75,27.56,0.19,0.6894,239791.84,663404.692
002142.SZ,2023-09-12,27.65,27.89,27.43,27.52,27.75,-0.23,-0.8288,171918.92,474473.019
002142.SZ,2023-09-13,27.83,27.85,27.43,27.53,27.52,0.01,0.0363,138854.99,382856.649
002142.SZ,2023-09-14,27.65,27.83,27.4,27.5,27.53,-0.03,-0.109,181521.45,500246.683
002142.SZ,2023-09-15,27.6,28.35,27.52,27.57,27.5,0.07,0.2545,288586.06,802108.462
002142.SZ,2023-09-18,27.4,27.84,27.16,27.72,27.57,0.15,0.5441,189492.99,522929.52
002142.SZ,2023-09-19,27.52,28.08,27.51,27.9,27.72,0.18,0.6494,225078.26,627198.521
002142.SZ,2023-09-20,27.9,28.39,27.75,28.29,27.9,0.39,1.3978,247538.25,698058.002
002142.SZ,2023-09-21,28.22,28.44,27.75,27.85,28.29,-0.44,-1.5553,231525.37,647362.333
002142.SZ,2023-09-22,27.74,27.97,27.6,27.91,27.85,0.06,0.2154,323438.74,897892.574
002142.SZ,2023-09-25,27.89,27.96,27.39,27.5,27.91,-0.41,-1.469,239904.57,662624.85
002142.SZ,2023-09-26,27.44,27.66,27.17,27.2,27.5,-0.3,-1.0909,200538.27,547555.352
002142.SZ,2023-09-27,27.38,27.39,26.92,27.01,27.2,-0.19,-0.6985,203051.9,549642.25
002142.SZ,2023-09-28,27.15,27.15,26.83,26.87,27.01,-0.14,-0.5183,224570.16,605032.595
002142.SZ,2023-10-09,26.75,27.24,26.51,27.13,26.87,0.26,0.9676,212862.81,573804.467
002142.SZ,2023-10-10,27.39,27.44,26.8,26.83,27.13,-0.3,-1.1058,125353.33,338615.455
002142.SZ,2023-10-11,26.98,27.09,26.45,26.59,26.83,-0.24,-0.8945,181709.6,484640.058
002142.SZ,2023-10-12,27.2,27.29,24.97,25.11,26.59,-1.48,-5.566,1190365.2,3022320.909
002142.SZ,2023-10-13,24.81,25.14,24.6,24.94,25.11,-0.17,-0.677,440160.47,1096558.478
002142.SZ,2023-10-16,24.9,25.1,24.75,24.9,24.94,-0.04,-0.1604,229329.29,572333.925
002142.SZ,2023-10-17,24.89,25.24,24.75,25.2,24.9,0.3,1.2048,221930.21,556657.516
002142.SZ,2023-10-18,25.11,25.27,24.76,24.82,25.2,-0.38,-1.5079,216018.83,538373.13
002142.SZ,2023-10-19,24.72,24.76,24.26,24.28,24.82,-0.54,-2.1757,262548.66,641488.749
002142.SZ,2023-10-20,24.22,24.38,24.06,24.12,24.28,-0.16,-0.659,183826.96,445236.414
002142.SZ,2023-10-23,24.01,24.23,23.87,24.07,24.12,-0.05,-0.2073,175820.44,422197.01
002142.SZ,2023-10-24,24.08,24.24,23.75,23.88,24.07,-0.19,-0.7894,226135.77,540263.42
002142.SZ,2023-10-25,24.15,24.52,24.02,24.4,23.88,0.52,2.1776,316060.97,767048.935
002142.SZ,2023-10-26,24.25,25.0,24.2,24.58,24.4,0.18,0.7377,278476.37,686330.664
002142.SZ,2023-10-27,24.5,24.65,24.16,24.39,24.58,-0.19,-0.773,221072.31,539400.438
002142.SZ,2023-10-30,24.26,24.32,23.96,24.22,24.39,-0.17,-0.697,302699.85,729975.555
002142.SZ,2023-10-31,24.32,25.17,24.15,24.99,24.22,0.77,3.1792,470830.3,1168425.22
002142.SZ,2023-11-01,25.0,25.1,24.61,24.91,24.99,-0.08,-0.3201,247813.79,616660.486
002142.SZ,2023-11-02,25.09,25.1,24.8,24.85,24.91,-0.06,-0.2409,167742.62,417837.439
002142.SZ,2023-11-03,24.85,25.16,24.81,25.06,24.85,0.21,0.8451,189557.62,474571.202
002142.SZ,2023-11-06,25.15,25.21,24.81,25.2,25.06,0.14,0.5587,280327.58,702512.977
002142.SZ,2023-11-07,25.08,25.18,24.96,25.16,25.2,-0.04,-0.1587,173597.99,435284.104
002142.SZ,2023-11-08,25.03,25.3,25.0,25.15,25.16,-0.01,-0.0397,177500.02,446519.531
002142.SZ,2023-11-09,25.1,25.38,25.05,25.16,25.15,0.01,0.0398,152039.35,383099.239
002142.SZ,2023-11-10,25.0,25.17,24.73,24.84,25.16,-0.32,-1.2719,249440.69,619946.048
002142.SZ,2023-11-13,24.96,24.97,24.3,24.55,24.84,-0.29,-1.1675,318965.6,780823.731
002142.SZ,2023-11-14,24.6,24.8,24.45,24.77,24.55,0.22,0.8961,211882.9,522272.749
002142.SZ,2023-11-15,24.98,25.1,24.79,24.84,24.77,0.07,0.2826,189733.96,472967.053
002142.SZ,2023-11-16,24.98,25.1,24.77,24.8,24.84,-0.04,-0.161,166511.8,414785.761
002142.SZ,2023-11-17,24.7,24.89,24.51,24.88,24.8,0.08,0.3226,194556.7,481000.019
002142.SZ,2023-11-20,24.96,24.98,24.6,24.77,24.88,-0.11,-0.4421,194428.62,481169.475
002142.SZ,2023-11-21,24.89,25.25,24.86,24.97,24.77,0.2,0.8074,198411.4,496776.928
002142.SZ,2023-11-22,24.9,24.97,24.78,24.82,24.97,-0.15,-0.6007,137954.89,342720.922
002142.SZ,2023-11-23,24.78,24.82,24.58,24.71,24.82,-0.11,-0.4432,150996.66,372767.495
002142.SZ,2023-11-24,24.66,24.8,24.54,24.65,24.71,-0.06,-0.2428,133193.83,328634.258
002142.SZ,2023-11-27,24.66,24.67,24.16,24.32,24.65,-0.33,-1.3387,253767.56,616219.026
002142.SZ,2023-11-28,24.32,24.32,23.9,24.05,24.32,-0.27,-1.1102,290546.13,699309.094
002142.SZ,2023-11-29,24.1,24.1,22.95,23.07,24.05,-0.98,-4.0748,615900.27,1428752.616
002142.SZ,2023-11-30,23.08,23.19,22.71,22.92,23.07,-0.15,-0.6502,394711.47,903159.915
002142.SZ,2023-12-01,22.9,22.9,22.47,22.62,22.92,-0.3,-1.3089,379594.16,858611.94
002142.SZ,2023-12-04,22.59,22.63,21.68,21.95,22.62,-0.67,-2.962,554757.08,1219196.631
002142.SZ,2023-12-05,21.8,21.85,21.08,21.14,21.95,-0.81,-3.6902,585921.43,1254531.532
002142.SZ,2023-12-06,21.01,21.32,20.99,21.13,21.14,-0.01,-0.0473,339818.85,718540.274
002142.SZ,2023-12-07,21.13,21.13,20.65,21.03,21.13,-0.1,-0.4733,420695.45,877762.305
002142.SZ,2023-12-08,20.91,21.15,20.78,20.82,21.03,-0.21,-0.9986,297578.94,622606.823
002142.SZ,2023-12-11,20.6,20.9,20.3,20.86,20.82,0.04,0.1921,367167.96,756887.348
002142.SZ,2023-12-12,20.86,21.34,20.75,21.28,20.86,0.42,2.0134,430463.47,910612.399
002142.SZ,2023-12-13,21.15,21.15,20.41,20.42,21.28,-0.86,-4.0414,524916.2,1083921.226
002142.SZ,2023-12-14,20.58,20.68,20.26,20.28,20.42,-0.14,-0.6856,290147.16,592208.467
002142.SZ,2023-12-15,20.41,20.95,20.28,20.39,20.28,0.11,0.5424,434351.98,893079.792
002142.SZ,2023-12-18,20.3,20.44,19.97,20.14,20.39,-0.25,-1.2261,268678.23,542733.518
002142.SZ,2023-12-19,20.15,20.18,19.77,19.91,20.14,-0.23,-1.142,305105.6,607735.053
002142.SZ,2023-12-20,19.95,19.99,19.66,19.67,19.91,-0.24,-1.2054,246997.33,489386.052
002142.SZ,2023-12-21,19.69,19.91,19.55,19.89,19.67,0.22,1.1185,328434.78,648999.842
002142.SZ,2023-12-22,19.92,19.99,19.49,19.58,19.89,-0.31,-1.5586,481446.26,945143.742
002142.SZ,2023-12-25,19.58,19.7,19.49,19.68,19.58,0.1,0.5107,189936.68,372129.401
002142.SZ,2023-12-26,19.63,19.73,19.41,19.44,19.68,-0.24,-1.2195,237705.8,464277.196
002142.SZ,2023-12-27,19.49,19.52,19.27,19.48,19.44,0.04,0.2058,261005.21,505922.202
002142.SZ,2023-12-28,19.47,20.3,19.33,20.2,19.48,0.72,3.6961,573021.41,1147868.026
002142.SZ,2023-12-29,20.14,20.32,19.97,20.11,20.2,-0.09,-0.4455,389512.31,783210.872
002142.SZ,2024-01-02,20.15,20.16,19.7,19.72,20.11,-0.39,-1.9393,395757.54,784356.323
002142.SZ,2024-01-03,19.68,19.84,19.37,19.5,19.72,-0.22,-1.1156,372354.09,726794.104
002142.SZ,2024-01-04,19.49,19.52,18.88,19.08,19.5,-0.42,-2.1538,508803.62,970943.808
002142.SZ,2024-01-05,19.0,19.82,18.8,19.5,19.08,0.42,2.2013,561300.83,1094835.114
002142.SZ,2024-01-08,19.36,19.51,18.96,19.03,19.5,-0.47,-2.4103,380231.94,727002.327
002142.SZ,2024-01-09,19.09,19.49,18.98,19.41,19.03,0.38,1.9968,422217.61,813765.774
002142.SZ,2024-01-10,19.32,19.58,19.27,19.44,19.41,0.03,0.1546,331698.81,645050.562
002142.SZ,2024-01-11,19.39,19.83,19.27,19.67,19.44,0.23,1.1831,368834.28,724413.083
002142.SZ,2024-01-12,19.6,20.0,19.53,19.67,19.67,0.0,0.0,316781.65,626290.898
002142.SZ,2024-01-15,19.6,19.92,19.54,19.79,19.67,0.12,0.6101,230056.35,454816.698
002142.SZ,2024-01-16,19.65,20.08,19.61,20.03,19.79,0.24,1.2127,407400.46,811521.941
002142.SZ,2024-01-17,19.99,20.23,19.84,19.85,20.03,-0.18,-0.8987,415384.48,833175.567
002142.SZ,2024-01-18,19.76,20.03,19.36,19.99,19.85,0.14,0.7053,413961.5,815726.738
002142.SZ,2024-01-19,19.86,19.95,19.67,19.79,19.99,-0.2,-1.0005,286064.79,566421.502
002142.SZ,2024-01-22,19.69,19.95,19.33,19.5,19.79,-0.29,-1.4654,452296.51,893133.372
002142.SZ,2024-01-23,19.29,19.6,19.22,19.42,19.5,-0.08,-0.4103,384760.81,745491.012
002142.SZ,2024-01-24,19.55,19.77,18.9,19.7,19.42,0.28,1.4418,555490.78,1072902.907
002142.SZ,2024-01-25,19.8,21.22,19.77,21.15,19.7,1.45,7.3604,1137392.25,2354440.038
002142.SZ,2024-01-26,21.38,21.92,21.13,21.62,21.15,0.47,2.2222,780679.56,1679721.179
002142.SZ,2024-01-29,21.63,22.39,21.63,21.98,21.62,0.36,1.6651,694582.91,1531283.732
002142.SZ,2024-01-30,21.75,22.15,21.28,21.67,21.98,-0.31,-1.4104,518475.75,1124913.518
002142.SZ,2024-01-31,21.6,21.85,21.42,21.51,21.67,-0.16,-0.7383,370536.95,800446.075
002142.SZ,2024-02-01,21.45,21.69,21.21,21.3,21.51,-0.21,-0.9763,398982.65,852177.515
002142.SZ,2024-02-02,21.25,21.79,20.88,21.2,21.3,-0.1,-0.4695,464394.44,995698.939
002142.SZ,2024-02-05,21.19,21.76,21.11,21.67,21.2,0.47,2.217,570819.85,1228401.022
002142.SZ,2024-02-06,21.52,21.84,21.33,21.69,21.67,0.02,0.0923,529812.52,1141816.472
002142.SZ,2024-02-07,21.66,21.75,20.89,21.45,21.69,-0.24,-1.1065,806134.23,1714302.182
002142.SZ,2024-02-08,21.0,21.1,20.3,20.79,21.45,-0.66,-3.0769,948872.22,1955728.215
002142.SZ,2024-02-19,20.89,21.28,20.62,21.28,20.79,0.49,2.3569,566211.99,1188505.766
002142.SZ,2024-02-20,21.19,21.91,20.98,21.75,21.28,0.47,2.2086,456426.69,979112.875
002142.SZ,2024-02-21,21.73,23.5,21.61,22.97,21.75,1.22,5.6092,866893.93,1982071.209
002142.SZ,2024-02-22,22.75,22.84,22.22,22.64,22.97,-0.33,-1.4367,500300.48,1127191.198
002142.SZ,2024-02-23,22.59,23.57,22.53,22.84,22.64,0.2,0.8834,569743.66,1310367.1
002142.SZ,2024-02-26,22.7,23.09,22.4,22.45,22.84,-0.39,-1.7075,347772.71,786555.762
002142.SZ,2024-02-27,22.3,22.56,22.12,22.41,22.45,-0.04,-0.1782,385167.3,858248.738
002142.SZ,2024-02-28,22.31,22.5,22.15,22.15,22.41,-0.26,-1.1602,382094.35,852597.028
002142.SZ,2024-02-29,22.06,22.29,22.02,22.28,22.15,0.13,0.5869,290529.02,642883.434
002142.SZ,2024-03-01,22.21,22.21,21.9,22.03,22.28,-0.25,-1.1221,402112.18,884184.831
002142.SZ,2024-03-04,21.9,21.94,21.42,21.53,22.03,-0.5,-2.2696,472931.53,1020483.386
002142.SZ,2024-03-05,21.4,21.79,21.3,21.79,21.53,0.26,1.2076,505549.98,1091477.446
002142.SZ,2024-03-06,21.67,21.84,21.56,21.59,21.79,-0.2,-0.9179,283786.46,614459.091
002142.SZ,2024-03-07,21.54,21.9,21.51,21.51,21.59,-0.08,-0.3705,325870.43,705489.526
002142.SZ,2024-03-08,21.51,21.66,21.25,21.38,21.51,-0.13,-0.6044,218926.91,468389.013
002142.SZ,2024-03-11,21.35,21.52,21.25,21.48,21.38,0.1,0.4677,252090.71,538913.934
002142.SZ,2024-03-12,21.57,22.04,21.45,21.95,21.48,0.47,2.1881,449237.74,978640.693
002142.SZ,2024-03-13,21.97,22.04,21.52,21.67,21.95,-0.28,-1.2756,323518.11,701222.215
002142.SZ,2024-03-14,21.58,21.7,21.02,21.14,21.67,-0.53,-2.4458,403548.38,859872.969
002142.SZ,2024-03-15,21.32,21.47,21.04,21.16,21.14,0.02,0.0946,452575.54,960372.23
002142.SZ,2024-03-18,21.14,21.34,21.02,21.24,21.16,0.08,0.3781,290173.63,614836.656
002142.SZ,2024-03-19,21.21,21.22,20.95,20.95,21.24,-0.29,-1.3653,283952.07,597982.939
002142.SZ,2024-03-20,20.9,21.07,20.74,20.95,20.95,0.0,0.0,271621.1,567964.152
002142.SZ,2024-03-21,20.92,21.25,20.87,21.18,20.95,0.23,1.0979,325538.79,687130.758
002142.SZ,2024-03-22,21.11,21.14,20.51,20.73,21.18,-0.45,-2.1246,379729.02,787572.607
002142.SZ,2024-03-25,20.66,20.78,20.41,20.56,20.73,-0.17,-0.8201,348677.63,717179.821
002142.SZ,2024-03-26,20.55,20.9,20.55,20.86,20.56,0.3,1.4591,345865.99,717307.533
002142.SZ,2024-03-27,20.86,21.25,20.8,20.94,20.86,0.08,0.3835,440856.68,928592.319
002142.SZ,2024-03-28,20.99,21.1,20.6,20.82,20.94,-0.12,-0.5731,331930.19,690871.758
002142.SZ,2024-03-29,20.74,20.92,20.55,20.63,20.82,-0.19,-0.9126,258664.94,536164.868
002142.SZ,2024-04-01,20.66,21.56,20.66,21.52,20.63,0.89,4.3141,675649.53,1436333.042
002142.SZ,2024-04-02,21.47,21.8,21.45,21.73,21.52,0.21,0.9758,418227.04,905650.809
002142.SZ,2024-04-03,21.6,21.72,21.12,21.18,21.73,-0.55,-2.5311,334750.76,712751.628
002142.SZ,2024-04-08,21.11,21.31,20.96,21.21,21.18,0.03,0.1416,250623.18,530434.179
002142.SZ,2024-04-09,21.16,21.25,21.05,21.12,21.21,-0.09,-0.4243,209260.77,441709.973
002142.SZ,2024-04-10,20.6,20.99,20.33,20.46,21.12,-0.66,-3.125,469442.49,970555.425
002142.SZ,2024-04-11,20.39,20.91,20.0,20.79,20.46,0.33,1.6129,382271.85,782431.326
002142.SZ,2024-04-12,20.66,21.38,20.64,21.16,20.79,0.37,1.7797,505446.79,1069088.191
002142.SZ,2024-04-15,21.15,21.6,20.91,21.32,21.16,0.16,0.7561,442155.35,943004.772
002142.SZ,2024-04-16,21.33,21.4,21.01,21.18,21.32,-0.14,-0.6567,325063.9,689244.245
002142.SZ,2024-04-17,21.18,22.25,21.03,22.15,21.18,0.97,4.5798,622187.57,1354490.527
002142.SZ,2024-04-18,22.03,22.6,21.95,22.33,22.15,0.18,0.8126,584209.53,1303613.371
002142.SZ,2024-04-19,22.22,22.61,22.2,22.27,22.33,-0.06,-0.2687,345262.29,773114.307
002142.SZ,2024-04-22,22.31,22.6,21.9,22.05,22.27,-0.22,-0.9879,283807.0,627898.272
002142.SZ,2024-04-23,22.01,22.35,21.8,21.93,22.05,-0.12,-0.5442,325085.02,718066.967
002142.SZ,2024-04-24,21.87,22.0,21.71,21.8,21.93,-0.13,-0.5928,182672.13,398414.713
002142.SZ,2024-04-25,21.71,22.27,21.65,22.19,21.8,0.39,1.789,315472.74,693709.51
002142.SZ,2024-04-26,22.11,22.35,21.82,21.93,22.19,-0.26,-1.1717,305017.59,669153.873
002142.SZ,2024-04-29,21.88,23.09,21.65,22.84,21.93,0.91,4.1496,670600.21,1522230.913
002142.SZ,2024-04-30,22.78,23.19,22.7,22.93,22.84,0.09,0.394,324814.83,745877.474
002142.SZ,2024-05-06,23.23,23.45,23.08,23.14,22.93,0.21,0.9158,340268.49,791654.81
002142.SZ,2024-05-07,23.15,23.15,22.8,23.0,23.14,-0.14,-0.605,250099.94,574463.961
002142.SZ,2024-05-08,22.99,23.2,22.9,22.94,23.0,-0.06,-0.2609,174818.5,402455.91
002142.SZ,2024-05-09,22.93,23.6,22.86,23.53,22.94,0.59,2.5719,416131.96,973010.647
002142.SZ,2024-05-10,23.55,24.52,23.55,24.4,23.53,0.87,3.6974,491942.29,1189656.969
002142.SZ,2024-05-13,24.3,24.54,23.96,24.48,24.4,0.08,0.3279,419331.42,1016519.56
002142.SZ,2024-05-14,24.47,24.78,24.2,24.35,24.48,-0.13,-0.531,247703.77,603790.817
002142.SZ,2024-05-15,24.38,25.19,24.22,24.85,24.35,0.5,2.0534,324121.95,804264.352
002142.SZ,2024-05-16,24.96,25.98,24.73,25.85,24.85,1.0,4.0241,555653.11,1420331.13
002142.SZ,2024-05-17,25.76,26.06,25.35,25.86,25.85,0.01,0.0387,321465.6,824964.124
002142.SZ,2024-05-20,25.78,26.03,25.31,25.49,25.86,-0.37,-1.4308,316077.83,808230.484
002142.SZ,2024-05-21,25.31,25.94,25.25,25.72,25.49,0.23,0.9023,242877.76,622930.44
002142.SZ,2024-05-22,25.6,26.07,25.56,25.63,25.72,-0.09,-0.3499,297670.57,767172.455
002142.SZ,2024-05-23,25.51,25.97,25.47,25.55,25.63,-0.08,-0.3121,251121.62,643329.577
002142.SZ,2024-05-24,25.53,25.74,25.2,25.25,25.55,-0.3,-1.1742,313227.86,797560.392
002142.SZ,2024-05-27,25.25,25.37,25.1,25.31,25.25,0.06,0.2376,302056.71,762324.166
002142.SZ,2024-05-28,25.39,25.43,24.9,25.0,25.31,-0.31,-1.2248,268735.26,674837.0
002142.SZ,2024-05-29,24.93,25.15,24.56,24.68,25.0,-0.32,-1.28,267998.94,664370.949
002142.SZ,2024-05-30,24.57,25.0,24.52,24.76,24.68,0.08,0.3241,242184.37,599548.713
002142.SZ,2024-05-31,24.77,24.88,24.42,24.77,24.76,0.01,0.0404,233237.18,573811.522
002142.SZ,2024-06-03,24.51,24.58,24.14,24.33,24.77,-0.44,-1.7763,306424.66,745244.643
002142.SZ,2024-06-04,24.3,24.39,24.04,24.21,24.33,-0.12,-0.4932,219530.21,530968.229
002142.SZ,2024-06-05,24.25,24.39,23.96,24.02,24.21,-0.19,-0.7848,167683.44,405671.599
002142.SZ,2024-06-06,24.09,24.19,23.53,23.62,24.02,-0.4,-1.6653,239670.88,568490.581
002142.SZ,2024-06-07,23.62,23.93,23.51,23.68,23.62,0.06,0.254,175472.15,415483.637
002142.SZ,2024-06-11,23.7,23.73,23.01,23.08,23.68,-0.6,-2.5338,257577.79,597407.626
002142.SZ,2024-06-12,23.08,23.1,22.62,22.85,23.08,-0.23,-0.9965,275447.94,627971.65
002142.SZ,2024-06-13,22.88,22.9,22.13,22.3,22.85,-0.55,-2.407,367847.35,821793.86
002142.SZ,2024-06-14,22.28,23.09,21.99,22.86,22.3,0.56,2.5112,531559.12,1205107.246
002142.SZ,2024-06-17,22.64,22.82,22.33,22.42,22.86,-0.44,-1.9248,260846.61,586494.691
002142.SZ,2024-06-18,22.41,22.57,22.21,22.37,22.42,-0.05,-0.223,174580.96,390583.792
002142.SZ,2024-06-19,22.35,22.7,22.28,22.44,22.37,0.07,0.3129,192661.34,433401.072
002142.SZ,2024-06-20,22.46,22.52,22.04,22.18,22.44,-0.26,-1.1586,157275.37,349374.286
002142.SZ,2024-06-21,22.09,22.24,21.88,22.14,22.18,-0.04,-0.1803,174474.7,385445.019
002142.SZ,2024-06-24,22.01,22.25,21.76,22.12,22.14,-0.02,-0.0903,251711.22,554235.206
002142.SZ,2024-06-25,22.12,22.8,22.01,22.54,22.12,0.42,1.8987,356828.35,803092.072
002142.SZ,2024-06-26,22.48,22.62,22.18,22.33,22.54,-0.21,-0.9317,228796.48,510668.866
002142.SZ,2024-06-27,22.25,22.47,22.0,22.22,22.33,-0.11,-0.4926,246452.74,546911.874
002142.SZ,2024-06-28,22.13,22.37,21.92,22.06,22.22,-0.16,-0.7201,258312.39,571496.327
002142.SZ,2024-07-01,21.96,22.96,21.94,22.95,22.06,0.89,4.0345,406607.8,918275.5
002142.SZ,2024-07-02,22.8,23.3,22.78,23.1,22.95,0.15,0.6536,276707.26,639779.657
002142.SZ,2024-07-03,23.05,23.29,22.4,22.49,23.1,-0.61,-2.6407,231338.91,523917.996
002142.SZ,2024-07-04,22.41,22.68,22.4,22.42,22.49,-0.07,-0.3112,157988.96,355930.807
002142.SZ,2024-07-05,22.39,22.49,21.63,21.87,22.42,-0.55,-2.4532,330619.3,725271.81
002142.SZ,2024-07-08,21.8,22.16,21.46,21.51,21.87,-0.36,-1.6461,270200.61,586514.522
002142.SZ,2024-07-09,21.54,21.8,21.31,21.7,21.51,0.19,0.8833,284063.73,613766.277
002142.SZ,2024-07-10,21.19,21.48,21.03,21.33,21.1,0.23,1.09,240183.65,511378.833
002142.SZ,2024-07-11,21.51,21.66,21.01,21.2,21.33,-0.13,-0.6095,306779.29,651506.907
002142.SZ,2024-07-12,21.2,21.97,21.16,21.93,21.2,0.73,3.4434,371295.22,807906.381
002142.SZ,2024-07-15,21.8,22.24,21.77,22.18,21.93,0.25,1.14,272927.2,601968.94
002142.SZ,2024-07-16,22.12,22.24,21.75,21.96,22.18,-0.22,-0.9919,231313.21,507066.402
002142.SZ,2024-07-17,21.96,22.85,21.89,22.7,21.96,0.74,3.3698,441723.12,993703.298
002142.SZ,2024-07-18,22.58,22.85,22.36,22.65,22.7,-0.05,-0.2203,212397.32,479633.319
002142.SZ,2024-07-19,22.6,22.69,22.03,22.32,22.65,-0.33,-1.457,289333.53,642651.824
002142.SZ,2024-07-22,22.28,22.3,21.71,21.8,22.32,-0.52,-2.3297,282712.17,617531.027
002142.SZ,2024-07-23,21.73,21.95,21.58,21.62,21.8,-0.18,-0.8257,241652.02,525949.907
002142.SZ,2024-07-24,21.52,21.68,21.37,21.54,21.62,-0.08,-0.37,196903.41,424262.298
002142.SZ,2024-07-25,21.47,21.69,21.34,21.53,21.54,-0.01,-0.0464,188913.53,406463.589
002142.SZ,2024-07-26,21.55,21.59,21.04,21.21,21.53,-0.32,-1.4863,228373.87,484311.53
002142.SZ,2024-07-29,21.05,21.55,21.05,21.48,21.21,0.27,1.273,165590.38,354653.95
002142.SZ,2024-07-30,21.36,21.4,21.01,21.19,21.48,-0.29,-1.3501,168324.86,355453.11
002142.SZ,2024-07-31,21.13,21.52,21.08,21.49,21.19,0.3,1.4158,280866.41,600972.117
002142.SZ,2024-08-01,21.5,21.8,21.27,21.31,21.49,-0.18,-0.8376,260014.62,559016.126
002142.SZ,2024-08-02,21.14,21.27,21.05,21.16,21.31,-0.15,-0.7039,156919.09,332222.248
002142.SZ,2024-08-05,21.1,21.61,21.05,21.27,21.16,0.11,0.5198,256314.41,548235.749
002142.SZ,2024-08-06,21.39,21.64,20.71,20.96,21.27,-0.31,-1.4575,269002.6,566079.751
002142.SZ,2024-08-07,20.9,21.02,20.7,20.77,20.96,-0.19,-0.9065,176198.58,366626.204
002142.SZ,2024-08-08,20.73,20.92,20.51,20.86,20.77,0.09,0.4333,173406.33,359244.2
002142.SZ,2024-08-09,20.88,21.07,20.66,20.7,20.86,-0.16,-0.767,171445.04,357744.444
002142.SZ,2024-08-12,20.6,20.68,20.26,20.36,20.7,-0.34,-1.6425,224078.02,456544.868
002142.SZ,2024-08-13,20.45,20.46,20.15,20.3,20.36,-0.06,-0.2947,232970.38,472090.212
002142.SZ,2024-08-14,20.31,20.36,20.03,20.07,20.3,-0.23,-1.133,170880.48,343855.558
002142.SZ,2024-08-15,20.07,20.29,19.91,20.19,20.07,0.12,0.5979,198567.57,400176.576
002142.SZ,2024-08-16,20.14,20.2,19.71,19.83,20.19,-0.36,-1.7831,506520.55,1004406.388
002142.SZ,2024-08-19,19.79,20.3,19.68,20.27,19.83,0.44,2.2189,398441.79,796548.274
002142.SZ,2024-08-20,20.27,20.98,20.27,20.85,20.27,0.58,2.8614,625246.86,1292391.019
002142.SZ,2024-08-21,20.77,20.77,20.36,20.61,20.85,-0.24,-1.1511,251707.55,518244.283
002142.SZ,2024-08-22,20.5,21.1,20.5,20.85,20.61,0.24,1.1645,401692.32,840728.484
002142.SZ,2024-08-23,20.83,21.2,20.71,21.01,20.85,0.16,0.7674,250177.78,525119.648
002142.SZ,2024-08-26,20.99,21.1,20.81,20.96,21.01,-0.05,-0.238,207576.2,433870.214
002142.SZ,2024-08-27,20.94,21.28,20.76,20.81,20.96,-0.15,-0.7156,223076.95,467538.082
002142.SZ,2024-08-28,20.8,20.88,20.37,20.5,20.81,-0.31,-1.4897,249166.74,511483.91
002142.SZ,2024-08-29,20.42,20.5,19.91,20.13,20.5,-0.37,-1.8049,359206.39,721450.864
002142.SZ,2024-08-30,20.09,20.76,19.95,20.25,20.13,0.12,0.5961,477955.59,973905.532
002142.SZ,2024-09-02,20.2,20.56,19.95,19.96,20.25,-0.29,-1.4321,334222.19,674653.918
002142.SZ,2024-09-03,19.97,20.0,19.6,19.79,19.96,-0.17,-0.8517,331802.92,655032.789
002142.SZ,2024-09-04,19.68,19.93,19.57,19.6,19.79,-0.19,-0.9601,229206.59,451163.122
002142.SZ,2024-09-05,19.55,19.7,19.35,19.65,19.6,0.05,0.2551,234231.83,457152.074
002142.SZ,2024-09-06,19.66,20.04,19.45,19.49,19.65,-0.16,-0.8142,254587.84,502323.631
002142.SZ,2024-09-09,19.4,19.4,18.97,18.99,19.49,-0.5,-2.5654,270878.45,518161.318
002142.SZ,2024-09-10,18.99,19.08,18.8,18.96,18.99,-0.03,-0.158,175588.69,332160.286
002142.SZ,2024-09-11,18.98,18.99,18.58,18.66,18.96,-0.3,-1.5823,236398.61,441920.787
002142.SZ,2024-09-12,18.65,18.82,18.61,18.66,18.66,0.0,0.0,135985.19,254576.731
002142.SZ,2024-09-13,18.66,18.79,18.43,18.43,18.66,-0.23,-1.2326,162804.04,302696.029
002142.SZ,2024-09-18,18.45,18.63,18.35,18.61,18.43,0.18,0.9767,147686.65,273420.423
002142.SZ,2024-09-19,18.7,18.92,18.4,18.82,18.61,0.21,1.1284,253412.9,473554.025
002142.SZ,2024-09-20,18.8,19.29,18.75,19.21,18.82,0.39,2.0723,294471.13,560420.244
002142.SZ,2024-09-23,19.19,20.1,19.18,19.86,19.21,0.65,3.3837,517626.49,1023322.262
002142.SZ,2024-09-24,20.01,21.1,19.93,21.04,19.86,1.18,5.9416,638695.56,1315102.435
002142.SZ,2024-09-25,21.34,21.74,21.11,21.17,21.04,0.13,0.6179,468577.58,1002724.754
002142.SZ,2024-09-26,21.18,22.65,21.07,22.6,21.17,1.43,6.7548,647369.3,1421507.755
002142.SZ,2024-09-27,23.07,23.95,22.61,23.5,22.6,0.9,3.9823,887123.05,2068758.273
002142.SZ,2024-09-30,23.95,25.75,23.95,25.7,23.5,2.2,9.3617,839998.03,2096332.229
002142.SZ,2024-10-08,28.26,28.27,26.21,27.97,25.7,2.27,8.8327,1091547.54,3005528.332
002142.SZ,2024-10-09,27.16,27.16,25.17,25.17,27.97,-2.8,-10.0107,875748.51,2254175.237
002142.SZ,2024-10-10,25.0,26.2,24.77,25.41,25.17,0.24,0.9535,590214.85,1506793.141
002142.SZ,2024-10-11,25.27,25.53,24.16,24.39,25.41,-1.02,-4.0142,478108.32,1184603.594
002142.SZ,2024-10-14,24.99,26.13,24.9,25.83,24.39,1.44,5.9041,758947.13,1945265.588
002142.SZ,2024-10-15,25.8,26.05,24.93,24.97,25.83,-0.86,-3.3295,406757.25,1036298.737
002142.SZ,2024-10-16,24.8,26.4,24.61,26.09,24.97,1.12,4.4854,621809.6,1608865.463
002142.SZ,2024-10-17,25.88,26.38,25.59,25.64,26.09,-0.45,-1.7248,452563.53,1174594.714
002142.SZ,2024-10-18,25.64,26.66,25.36,26.19,25.64,0.55,2.1451,468342.3,1215275.191
002142.SZ,2024-10-21,26.14,26.31,25.92,26.14,26.19,-0.05,-0.1909,272577.64,711749.36
002142.SZ,2024-10-22,26.21,26.7,26.02,26.14,26.14,0.0,0.0,242687.93,637526.044
002142.SZ,2024-10-23,26.14,27.32,26.02,27.05,26.14,0.91,3.4813,447980.28,1203141.921
002142.SZ,2024-10-24,26.91,26.98,26.35,26.45,27.05,-0.6,-2.2181,274913.32,731579.3
002142.SZ,2024-10-25,26.35,26.6,26.14,26.54,26.45,0.09,0.3403,234817.44,619911.811
002142.SZ,2024-10-28,26.48,26.5,25.75,25.99,26.54,-0.55,-2.0723,336119.23,874113.761
002142.SZ,2024-10-29,26.09,26.7,26.03,26.28,25.99,0.29,1.1158,301853.15,797502.687
002142.SZ,2024-10-30,26.19,26.4,25.55,25.81,26.28,-0.47,-1.7884,229908.41,595406.923
002142.SZ,2024-10-31,25.81,26.01,25.41,25.54,25.81,-0.27,-1.0461,238437.7,611110.019
002142.SZ,2024-11-01,25.44,26.03,25.44,25.5,25.54,-0.04,-0.1566,266434.03,684845.188
002142.SZ,2024-11-04,25.52,25.9,25.03,25.87,25.5,0.37,1.451,274511.1,700306.813
002142.SZ,2024-11-05,25.8,26.36,25.45,26.29,25.87,0.42,1.6235,440409.34,1146481.212
002142.SZ,2024-11-06,26.28,26.39,25.9,26.07,26.29,-0.22,-0.8368,228755.38,596875.745
002142.SZ,2024-11-07,25.95,26.77,25.91,26.76,26.07,0.69,2.6467,311348.21,825725.139
002142.SZ,2024-11-08,26.76,27.1,26.08,26.16,26.76,-0.6,-2.2422,287386.75,759112.838
002142.SZ,2024-11-11,25.9,25.99,25.35,25.85,26.16,-0.31,-1.185,291557.99,746072.534
002142.SZ,2024-11-12,25.75,26.25,25.35,25.43,25.85,-0.42,-1.6248,350252.43,899842.026
002142.SZ,2024-11-13,25.42,25.75,25.29,25.58,25.43,0.15,0.5899,261545.19,669114.316
002142.SZ,2024-11-14,25.5,26.1,25.35,25.7,25.58,0.12,0.4691,290985.28,753166.48
002142.SZ,2024-11-15,25.71,25.81,25.24,25.24,25.7,-0.46,-1.7899,210884.53,537434.118
002142.SZ,2024-11-18,25.41,25.85,24.79,24.92,25.24,-0.32,-1.2678,399355.38,1010952.628
002142.SZ,2024-11-19,24.94,25.13,24.6,24.84,24.92,-0.08,-0.321,229085.8,567655.251
002142.SZ,2024-11-20,24.8,24.98,24.68,24.82,24.84,-0.02,-0.0805,152620.95,378476.876
002142.SZ,2024-11-21,24.82,24.87,24.56,24.7,24.82,-0.12,-0.4835,168415.53,415232.423
002142.SZ,2024-11-22,24.69,24.81,23.97,23.98,24.7,-0.72,-2.915,256892.7,625281.741
002142.SZ,2024-11-25,23.99,24.14,23.77,24.14,23.98,0.16,0.6672,220784.42,529395.78
002142.SZ,2024-11-26,23.91,24.17,23.71,23.86,24.14,-0.28,-1.1599,175405.35,419156.507
002142.SZ,2024-11-27,23.79,24.46,23.63,24.43,23.86,0.57,2.3889,237598.04,573211.053
002142.SZ,2024-11-28,24.41,24.66,24.31,24.39,24.43,-0.04,-0.1637,186198.94,455623.234
002142.SZ,2024-11-29,24.4,24.82,24.36,24.67,24.39,0.28,1.148,214936.82,530362.739
002142.SZ,2024-12-02,24.68,24.74,24.42,24.51,24.67,-0.16,-0.6486,221179.88,542835.771
002142.SZ,2024-12-03,24.48,24.65,24.24,24.64,24.51,0.13,0.5304,193513.74,474458.087
002142.SZ,2024-12-04,24.58,24.69,24.3,24.54,24.64,-0.1,-0.4058,149817.01,367646.593
002142.SZ,2024-12-05,24.45,24.57,24.15,24.53,24.54,-0.01,-0.0407,156792.31,383056.267
002142.SZ,2024-12-06,24.53,25.05,24.53,24.91,24.53,0.38,1.5491,240728.12,598512.51
002142.SZ,2024-12-09,24.89,25.1,24.72,24.82,24.91,-0.09,-0.3613,166684.63,414432.611
002142.SZ,2024-12-10,25.43,26.02,25.25,25.34,24.82,0.52,2.0951,495801.8,1268660.882
002142.SZ,2024-12-11,25.34,25.42,24.54,24.6,25.34,-0.74,-2.9203,398372.92,987751.548
002142.SZ,2024-12-12,24.6,24.99,24.48,24.84,24.6,0.24,0.9756,299275.71,740197.946
002142.SZ,2024-12-13,24.67,24.72,24.31,24.33,24.84,-0.51,-2.0531,328662.12,804111.681
002142.SZ,2024-12-16,24.25,24.39,23.78,23.92,24.33,-0.41,-1.6852,368184.6,885881.947
002142.SZ,2024-12-17,23.82,24.1,23.75,23.82,23.92,-0.1,-0.4181,285179.91,681700.135
002142.SZ,2024-12-18,23.91,24.25,23.86,23.9,23.82,0.08,0.3359,258893.05,622395.12
002142.SZ,2024-12-19,23.77,23.92,23.6,23.74,23.9,-0.16,-0.6695,190773.14,453048.095
002142.SZ,2024-12-20,23.72,23.84,23.46,23.5,23.74,-0.24,-1.011,259383.67,612274.224
002142.SZ,2024-12-23,23.56,24.39,23.53,24.08,23.5,0.58,2.4681,436881.32,1052014.599
002142.SZ,2024-12-24,24.08,24.28,23.93,24.23,24.08,0.15,0.6229,253638.5,613374.23
002142.SZ,2024-12-25,24.3,24.72,24.23,24.52,24.23,0.29,1.1969,231806.59,568432.802
002142.SZ,2024-12-26,24.52,24.53,24.11,24.18,24.52,-0.34,-1.3866,234806.6,568302.116
002142.SZ,2024-12-27,24.22,24.29,23.8,24.01,24.18,-0.17,-0.7031,268483.0,644533.723
002142.SZ,2024-12-30,24.0,24.59,24.0,24.51,24.01,0.5,2.0825,368732.16,901861.491
002142.SZ,2024-12-31,24.48,24.78,24.3,24.31,24.51,-0.2,-0.816,318019.97,781403.058
002142.SZ,2025-01-02,24.44,24.49,23.62,23.71,24.31,-0.6,-2.4681,358940.86,862013.648
002142.SZ,2025-01-03,23.72,23.98,23.48,23.68,23.71,-0.03,-0.1265,329180.6,781198.639
002142.SZ,2025-01-06,23.82,24.49,23.58,24.4,23.68,0.72,3.0405,402274.01,972686.667
002142.SZ,2025-01-07,24.3,24.78,24.11,24.69,24.4,0.29,1.1885,328464.36,804601.705
002142.SZ,2025-01-08,24.6,25.65,24.6,25.5,24.69,0.81,3.2807,617343.12,1561363.782
002142.SZ,2025-01-09,25.5,25.67,25.12,25.2,25.5,-0.3,-1.1765,283773.51,719935.514
002142.SZ,2025-01-10,25.23,25.46,24.8,25.11,25.2,-0.09,-0.3571,208101.11,522654.554
002142.SZ,2025-01-13,24.94,25.16,24.51,24.63,25.11,-0.48,-1.9116,222626.16,550507.19
002142.SZ,2025-01-14,24.64,25.5,24.45,25.42,24.63,0.79,3.2075,272038.42,683923.986
002142.SZ,2025-01-15,25.38,25.88,25.36,25.6,25.42,0.18,0.7081,219324.13,562412.258
002142.SZ,2025-01-16,25.67,25.88,25.49,25.73,25.6,0.13,0.5078,199485.03,512581.177
002142.SZ,2025-01-17,25.62,25.85,25.48,25.64,25.73,-0.09,-0.3498,184908.36,474404.351
002142.SZ,2025-01-20,25.75,26.28,25.48,25.51,25.64,-0.13,-0.507,227003.96,585891.948
002142.SZ,2025-01-21,25.65,25.75,25.46,25.62,25.51,0.11,0.4312,119704.75,306883.374
002142.SZ,2025-01-22,25.56,25.69,25.31,25.49,25.62,-0.13,-0.5074,163393.87,416292.578
002142.SZ,2025-01-23,25.7,26.05,25.52,25.9,25.49,0.41,1.6085,232434.19,601524.249
002142.SZ,2025-01-24,25.8,25.91,25.44,25.88,25.9,-0.02,-0.0772,212161.7,545860.579
002142.SZ,2025-01-27,25.96,26.49,25.96,26.38,25.88,0.5,1.932,310644.18,819290.933
002142.SZ,2025-02-05,26.39,26.42,25.64,25.73,26.38,-0.65,-2.464,237832.04,614595.529
002142.SZ,2025-02-06,25.64,25.74,24.92,25.41,25.73,-0.32,-1.2437,362649.94,917235.795
002142.SZ,2025-02-07,25.39,25.44,25.08,25.24,25.41,-0.17,-0.669,353533.64,892591.836
002142.SZ,2025-02-10,25.21,25.38,25.0,25.28,25.24,0.04,0.1585,228130.79,575176.199
002142.SZ,2025-02-11,25.3,25.39,25.1,25.26,25.28,-0.02,-0.0791,202261.99,510422.129
002142.SZ,2025-02-12,25.25,25.5,25.02,25.49,25.26,0.23,0.9105,205947.48,520617.763
002142.SZ,2025-02-13,25.4,26.09,25.4,25.76,25.49,0.27,1.0592,406079.78,1049474.717
002142.SZ,2025-02-14,25.68,25.85,25.4,25.53,25.76,-0.23,-0.8929,200828.69,513416.986
002142.SZ,2025-02-17,25.53,25.63,24.78,25.01,25.53,-0.52,-2.0368,506176.23,1267058.905
002142.SZ,2025-02-18,25.01,25.52,24.92,25.22,25.01,0.21,0.8397,319469.72,807761.062
002142.SZ,2025-02-19,25.15,25.15,24.61,24.73,25.22,-0.49,-1.9429,442361.03,1097186.942
002142.SZ,2025-02-20,24.74,25.05,24.56,25.0,24.73,0.27,1.0918,267943.34,664925.897
002142.SZ,2025-02-21,24.9,25.09,24.61,24.73,25.0,-0.27,-1.08,350698.59,868525.353
002142.SZ,2025-02-24,24.7,24.7,24.3,24.4,24.73,-0.33,-1.3344,357393.4,874316.534
002142.SZ,2025-02-25,24.41,24.44,23.82,23.91,24.4,-0.49,-2.0082,375952.0,904064.409
002142.SZ,2025-02-26,23.95,24.14,23.75,24.03,23.91,0.12,0.5019,280288.43,671319.508
002142.SZ,2025-02-27,24.04,24.43,23.9,24.39,24.03,0.36,1.4981,298486.84,723107.597
002142.SZ,2025-02-28,24.31,24.54,24.28,24.28,24.39,-0.11,-0.451,296835.17,723901.675
002142.SZ,2025-03-03,24.28,24.49,24.17,24.26,24.28,-0.02,-0.0824,285492.87,692663.123
002142.SZ,2025-03-04,24.18,24.58,24.16,24.51,24.26,0.25,1.0305,273934.69,669087.775
002142.SZ,2025-03-05,24.54,24.74,24.33,24.64,24.51,0.13,0.5304,249471.71,614236.716
002142.SZ,2025-03-06,24.63,24.74,24.41,24.59,24.64,-0.05,-0.2029,261984.99,644488.912
002142.SZ,2025-03-07,24.6,24.74,24.29,24.65,24.59,0.06,0.244,418054.43,1025845.419
002142.SZ,2025-03-10,24.6,24.62,24.13,24.19,24.65,-0.46,-1.8661,269629.52,654964.442
002142.SZ,2025-03-11,24.06,24.16,23.86,24.16,24.19,-0.03,-0.124,366049.84,879281.451
002142.SZ,2025-03-12,24.22,24.52,23.85,24.36,24.16,0.2,0.8278,349010.01,847531.489
002142.SZ,2025-03-13,24.32,24.94,24.31,24.85,24.36,0.49,2.0115,473248.78,1171734.632
002142.SZ,2025-03-14,24.82,25.9,24.8,25.8,24.85,0.95,3.8229,681916.25,1746776.358
002142.SZ,2025-03-17,25.7,25.94,25.61,25.68,25.8,-0.12,-0.4651,264747.41,681974.021
002142.SZ,2025-03-18,25.69,25.75,25.45,25.48,25.68,-0.2,-0.7788,214873.14,549285.456
002142.SZ,2025-03-19,25.6,26.67,25.6,26.67,25.48,1.19,4.6703,552706.83,1452890.695
002142.SZ,2025-03-20,26.66,26.74,26.13,26.17,26.67,-0.5,-1.8748,253821.28,668717.87
002142.SZ,2025-03-21,26.25,26.55,25.88,25.99,26.17,-0.18,-0.6878,353543.33,924608.943
002142.SZ,2025-03-24,25.95,26.02,25.73,25.9,25.99,-0.09,-0.3463,234915.82,607945.622
002142.SZ,2025-03-25,26.01,26.48,26.01,26.4,25.9,0.5,1.9305,288231.47,757738.966
002142.SZ,2025-03-26,26.4,26.58,26.11,26.2,26.4,-0.2,-0.7576,243086.89,639524.881
002142.SZ,2025-03-27,26.15,26.48,26.08,26.4,26.2,0.2,0.7634,179908.43,474065.406
002142.SZ,2025-03-28,26.4,26.52,26.3,26.35,26.4,-0.05,-0.1894,130030.57,343408.239
002142.SZ,2025-03-31,26.25,26.4,25.7,25.82,26.35,-0.53,-2.0114,287239.64,745074.398
002142.SZ,2025-04-01,25.8,25.92,25.4,25.58,25.82,-0.24,-0.9295,225122.5,575426.152
002142.SZ,2025-04-02,25.65,25.95,25.59,25.81,25.58,0.23,0.8991,177398.27,457342.518
002142.SZ,2025-04-03,25.55,25.81,25.29,25.36,25.81,-0.45,-1.7435,275762.37,701492.704
002142.SZ,2025-04-07,24.4,24.4,22.82,23.26,25.36,-2.1,-8.2808,863619.07,2020245.739
002142.SZ,2025-04-08,23.18,23.65,23.1,23.57,23.26,0.31,1.3328,554665.28,1297736.124
002142.SZ,2025-04-09,23.31,23.57,23.17,23.36,23.57,-0.21,-0.891,378869.37,884973.42
002142.SZ,2025-04-10,23.7,24.3,23.68,23.9,23.36,0.54,2.3116,446898.49,1073336.503
002142.SZ,2025-04-11,23.75,23.85,23.45,23.68,23.9,-0.22,-0.9205,380647.49,900173.548
002142.SZ,2025-04-14,23.74,24.14,23.73,23.89,23.68,0.21,0.8868,306766.64,734441.947
002142.SZ,2025-04-15,23.88,24.12,23.77,24.09,23.89,0.2,0.8372,313999.1,753514.119
002142.SZ,2025-04-16,24.0,24.6,23.98,24.52,24.09,0.43,1.785,388278.0,941211.166
002142.SZ,2025-04-17,24.36,24.76,24.28,24.46,24.52,-0.06,-0.2447,250608.2,614530.492
002142.SZ,2025-04-18,24.45,24.68,24.35,24.6,24.46,0.14,0.5724,194103.85,476441.299
002142.SZ,2025-04-21,24.61,24.8,24.18,24.23,24.6,-0.37,-1.5041,296255.09,721817.585
002142.SZ,2025-04-22,24.27,24.65,24.22,24.37,24.23,0.14,0.5778,365608.42,891826.273
002142.SZ,2025-04-23,24.44,24.69,24.26,24.48,24.37,0.11,0.4514,228612.55,561058.969
002142.SZ,2025-04-24,24.46,24.96,24.46,24.83,24.48,0.35,1.4297,222252.29,551325.792
002142.SZ,2025-04-25,24.91,24.94,24.61,24.74,24.83,-0.09,-0.3625,168414.35,417091.95
002142.SZ,2025-04-28,24.66,25.09,24.64,24.96,24.74,0.22,0.8892,216373.29,538603.496
002142.SZ,2025-04-29,24.77,24.78,24.21,24.25,24.96,-0.71,-2.8446,512143.77,1247987.684
002142.SZ,2025-04-30,24.33,24.35,23.86,23.9,24.25,-0.35,-1.4433,376445.38,901945.866
002142.SZ,2025-05-06,24.0,24.06,23.77,24.03,23.9,0.13,0.5439,289451.6,692622.337
002142.SZ,2025-05-07,24.2,24.42,24.2,24.28,24.03,0.25,1.0404,304547.21,739263.819
002142.SZ,2025-05-08,24.18,25.06,24.17,24.97,24.28,0.69,2.8418,549986.29,1362567.049
002142.SZ,2025-05-09,25.06,25.55,24.95,25.26,24.97,0.29,1.1614,502165.79,1273260.456
002142.SZ,2025-05-12,25.27,25.66,25.2,25.32,25.26,0.06,0.2375,358896.0,911774.618
002142.SZ,2025-05-13,25.4,25.62,25.21,25.48,25.32,0.16,0.6319,312458.39,795463.077
002142.SZ,2025-05-14,25.47,26.35,25.45,26.32,25.48,0.84,3.2967,532879.36,1387934.065
002142.SZ,2025-05-15,26.34,26.5,26.2,26.21,26.32,-0.11,-0.4179,289046.78,761637.21
002142.SZ,2025-05-16,26.17,26.37,25.87,26.23,26.21,0.02,0.0763,323539.14,845166.375
002142.SZ,2025-05-19,26.23,26.42,25.9,25.98,26.23,-0.25,-0.9531,289631.73,757021.141
002142.SZ,2025-05-20,26.06,26.48,26.05,26.37,25.98,0.39,1.5012,264783.42,698014.975
002142.SZ,2025-05-21,26.37,27.31,26.37,27.15,26.37,0.78,2.9579,430641.47,1164381.106
002142.SZ,2025-05-22,27.15,27.35,27.0,27.11,27.15,-0.04,-0.1473,275528.79,747701.029
002142.SZ,2025-05-23,27.12,27.5,26.97,27.04,27.11,-0.07,-0.2582,274607.12,746944.776
002142.SZ,2025-05-26,27.0,27.28,26.88,27.06,27.04,0.02,0.074,228747.95,619383.099
002142.SZ,2025-05-27,27.17,27.3,26.84,26.93,27.06,-0.13,-0.4804,214257.55,579137.337
002142.SZ,2025-05-28,26.9,27.08,26.55,26.78,26.93,-0.15,-0.557,255121.06,683326.052
002142.SZ,2025-05-29,26.82,26.88,26.36,26.5,26.78,-0.28,-1.0456,314616.14,834519.253
002142.SZ,2025-05-30,26.52,26.89,26.38,26.71,26.5,0.21,0.7925,306850.14,818886.557
002142.SZ,2025-06-03,26.71,27.38,26.63,27.22,26.71,0.51,1.9094,349908.21,947419.251
002142.SZ,2025-06-04,27.31,27.43,26.81,26.81,27.22,-0.41,-1.5062,284360.61,766916.261
002142.SZ,2025-06-05,26.93,26.98,26.58,26.64,26.81,-0.17,-0.6341,161434.6,431694.75
002142.SZ,2025-06-06,26.71,26.8,26.52,26.62,26.64,-0.02,-0.0751,156766.75,417632.693
002142.SZ,2025-06-09,26.63,26.68,26.39,26.55,26.62,-0.07,-0.263,176709.73,468527.819
002142.SZ,2025-06-10,26.53,27.08,26.5,26.6,26.55,0.05,0.1883,265520.34,711524.784
002142.SZ,2025-06-11,26.59,26.93,26.5,26.86,26.6,0.26,0.9774,295916.84,791218.324
002142.SZ,2025-06-12,26.85,27.1,26.78,27.06,26.86,0.2,0.7446,189097.29,510194.119
002142.SZ,2025-06-13,27.0,27.11,26.55,26.61,27.06,-0.45,-1.663,243893.16,652009.685
002142.SZ,2025-06-16,26.6,26.74,26.39,26.74,26.61,0.13,0.4885,201536.69,535687.191
002142.SZ,2025-06-17,26.75,26.88,26.57,26.61,26.74,-0.13,-0.4862,163740.77,437260.176
002142.SZ,2025-06-18,26.65,26.77,26.47,26.73,26.61,0.12,0.451,168290.61,448549.792
002142.SZ,2025-06-19,26.68,26.87,26.47,26.54,26.73,-0.19,-0.7108,220160.55,585788.556
002142.SZ,2025-06-20,26.61,27.04,26.5,26.75,26.54,0.21,0.7913,388709.64,1040456.433
002142.SZ,2025-06-23,26.74,26.88,26.27,26.87,26.75,0.12,0.4486,341235.11,908542.021
002142.SZ,2025-06-24,26.85,27.6,26.8,27.23,26.87,0.36,1.3398,415435.33,1132446.299
002142.SZ,2025-06-25,27.24,28.17,27.24,28.05,27.23,0.82,3.0114,519634.61,1446601.765
002142.SZ,2025-06-26,28.2,28.82,28.2,28.62,28.05,0.57,2.0321,457200.09,1306337.395
002142.SZ,2025-06-27,28.62,28.74,27.7,27.83,28.62,-0.79,-2.7603,487402.26,1376933.825
002142.SZ,2025-06-30,27.77,27.82,27.2,27.36,27.83,-0.47,-1.6888,419715.62,1148921.985
002142.SZ,2025-07-01,27.36,28.09,27.32,27.83,27.36,0.47,1.7178,333035.2,925002.676
002142.SZ,2025-07-02,27.9,28.54,27.83,28.4,27.83,0.57,2.0481,310931.03,880272.594
002142.SZ,2025-07-03,28.46,28.51,28.13,28.24,28.4,-0.16,-0.5634,177062.48,501158.975
002142.SZ,2025-07-04,28.25,28.75,28.16,28.49,28.24,0.25,0.8853,241330.54,687462.675
002142.SZ,2025-07-07,28.42,28.55,28.0,28.2,28.49,-0.29,-1.0179,263442.51,742864.62
002142.SZ,2025-07-08,28.14,28.29,27.9,28.07,28.2,-0.13,-0.461,226644.0,635889.865
002142.SZ,2025-07-09,28.0,28.39,28.0,28.1,28.07,0.03,0.1069,196501.4,553119.085
002142.SZ,2025-07-10,28.1,29.0,28.06,28.82,28.1,0.72,2.5623,437010.17,1250732.254
002142.SZ,2025-07-11,28.98,29.07,28.16,28.22,28.82,-0.6,-2.0819,404570.66,1155286.969
002142.SZ,2025-07-14,28.12,28.59,28.02,28.08,28.22,-0.14,-0.4961,324395.49,916542.147
002142.SZ,2025-07-15,28.13,28.28,27.71,27.91,28.08,-0.17,-0.6054,264408.59,739938.012
002142.SZ,2025-07-16,27.09,27.15,26.57,26.77,27.01,-0.24,-0.8886,293746.4,786223.046
002142.SZ,2025-07-17,26.78,26.89,26.59,26.69,26.77,-0.08,-0.2988,185165.46,494500.784
002142.SZ,2025-07-18,26.8,27.18,26.66,26.98,26.69,0.29,1.0865,259747.68,699846.488
002142.SZ,2025-07-21,26.99,27.37,26.9,27.33,26.98,0.35,1.2973,342843.39,933399.172
002142.SZ,2025-07-22,27.35,27.54,26.87,27.49,27.33,0.16,0.5854,357282.08,973418.899
002142.SZ,2025-07-23,27.26,27.86,27.26,27.56,27.49,0.07,0.2546,287994.31,797241.745
002142.SZ,2025-07-24,27.57,27.61,27.1,27.24,27.56,-0.32,-1.1611,259558.51,708193.809
002142.SZ,2025-07-25,27.86,29.1,27.86,28.94,27.24,1.7,6.2408,833926.87,2395594.592
002142.SZ,2025-07-28,28.83,29.58,28.73,29.35,28.94,0.41,1.4167,431913.51,1263417.178
002142.SZ,2025-07-29,29.3,29.63,28.8,28.93,29.35,-0.42,-1.431,276759.29,803827.356
002142.SZ,2025-07-30,29.0,29.27,28.45,28.59,28.93,-0.34,-1.1753,379740.39,1093089.776
002142.SZ,2025-07-31,28.7,28.76,27.75,27.87,28.59,-0.72,-2.5184,522550.89,1464928.405
002142.SZ,2025-08-01,27.97,28.65,27.92,28.48,27.87,0.61,2.1887,401521.58,1138498.291
002142.SZ,2025-08-04,28.29,28.66,28.16,28.22,28.48,-0.26,-0.9129,274671.36,778117.326
002142.SZ,2025-08-05,28.24,28.5,28.23,28.49,28.22,0.27,0.9568,250525.79,711112.604
002142.SZ,2025-08-06,28.49,28.98,28.31,28.92,28.49,0.43,1.5093,297296.6,857490.334
002142.SZ,2025-08-07,28.8,29.13,28.51,28.94,28.92,0.02,0.0692,223331.3,645502.975
002142.SZ,2025-08-08,28.94,29.16,28.58,28.71,28.94,-0.23,-0.7947,184666.48,531682.292
002142.SZ,2025-08-11,28.72,28.79,28.24,28.28,28.71,-0.43,-1.4977,224340.36,635948.075
002142.SZ,2025-08-12,28.31,28.56,28.3,28.49,28.28,0.21,0.7426,176723.36,502806.01
002142.SZ,2025-08-13,28.45,28.59,28.06,28.18,28.49,-0.31,-1.0881,276156.88,780129.219
002142.SZ,2025-08-14,28.1,28.44,28.06,28.14,28.18,-0.04,-0.1419,253229.85,714639.178
002142.SZ,2025-08-15,28.15,28.22,27.61,28.1,28.14,-0.04,-0.1421,469191.93,1306141.466
002142.SZ,2025-08-18,28.0,28.18,27.67,28.0,28.1,-0.1,-0.3559,554846.05,1548555.373
002142.SZ,2025-08-19,27.96,27.98,27.67,27.76,28.0,-0.24,-0.8571,324068.73,900390.205
002142.SZ,2025-08-20,27.68,28.1,27.68,27.88,27.76,0.12,0.4323,265909.89,742305.921
002142.SZ,2025-08-21,27.9,28.21,27.82,28.16,27.88,0.28,1.0043,300010.96,842173.21
002142.SZ,2025-08-22,28.12,28.13,27.66,27.92,28.16,-0.24,-0.8523,408382.89,1135298.014
002142.SZ,2025-08-25,27.82,28.72,27.77,28.58,27.92,0.66,2.3639,555842.9,1579545.043
002142.SZ,2025-08-26,28.6,28.63,28.28,28.34,28.58,-0.24,-0.8397,248334.19,705186.707
002142.SZ,2025-08-27,28.34,28.49,27.95,27.98,28.34,-0.36,-1.2703,286101.36,807341.71
002142.SZ,2025-08-28,27.99,28.29,27.82,28.29,27.98,0.31,1.1079,272688.97,765131.119
002142.SZ,2025-08-29,28.31,28.66,27.97,28.22,28.29,-0.07,-0.2474,419363.53,1188156.514
002142.SZ,2025-09-01,28.0,28.59,27.9,28.52,28.22,0.3,1.0631,489317.71,1385702.835
002142.SZ,2025-09-02,28.3,29.02,28.3,28.98,28.52,0.46,1.6129,523542.37,1510010.896
002142.SZ,2025-09-03,28.84,28.93,28.1,28.2,28.98,-0.78,-2.6915,298123.31,849159.661
002142.SZ,2025-09-04,28.11,28.35,27.73,28.24,28.2,0.04,0.1418,327011.1,915812.558
002142.SZ,2025-09-05,28.18,28.79,27.95,28.73,28.24,0.49,1.7351,365346.05,1039529.375
002142.SZ,2025-09-08,28.7,29.1,28.53,28.68,28.73,-0.05,-0.174,379762.36,1094199.251
002142.SZ,2025-09-09,28.62,29.44,28.55,29.31,28.68,0.63,2.1967,378473.73,1103864.187
002142.SZ,2025-09-10,29.18,29.31,28.69,28.73,29.31,-0.58,-1.9788,317509.16,916804.484
002142.SZ,2025-09-11,28.56,28.84,28.35,28.7,28.73,-0.03,-0.1044,320938.91,915377.891
002142.SZ,2025-09-12,28.58,28.7,28.1,28.19,28.7,-0.51,-1.777,428754.92,1216238.596
002142.SZ,2025-09-15,27.97,28.14,27.72,27.84,28.19,-0.35,-1.2416,398751.28,1112530.922
002142.SZ,2025-09-16,27.84,27.88,27.25,27.31,27.84,-0.53,-1.9037,467750.73,1281912.012
002142.SZ,2025-09-17,27.32,27.42,27.0,27.03,27.31,-0.28,-1.0253,371289.41,1008329.175
002142.SZ,2025-09-18,27.06,27.29,26.59,26.78,27.03,-0.25,-0.9249,482679.82,1293691.076
002142.SZ,2025-09-19,26.62,26.83,26.31,26.75,26.78,-0.03,-0.112,418348.54,1113082.051
002142.SZ,2025-09-22,26.63,26.64,26.22,26.35,26.75,-0.4,-1.4953,385774.98,1017330.329
002142.SZ,2025-09-23,26.35,26.9,26.19,26.49,26.35,0.14,0.5313,504719.97,1343295.993
002142.SZ,2025-09-24,26.4,26.74,26.35,26.55,26.49,0.06,0.2265,274718.97,728552.328
002142.SZ,2025-09-25,26.51,26.62,26.26,26.37,26.55,-0.18,-0.678,294252.02,777211.874
002142.SZ,2025-09-26,26.34,26.41,25.91,26.37,26.37,0.0,0.0,486227.85,1269763.684
002142.SZ,2025-09-29,26.27,26.98,26.13,26.71,26.37,0.34,1.2893,501350.12,1334298.314
002142.SZ,2025-09-30,26.66,26.77,26.29,26.43,26.71,-0.28,-1.0483,298320.31,787961.389
002142.SZ,2025-10-09,26.3,26.33,26.02,26.18,26.43,-0.25,-0.9459,391811.35,1023579.494
002142.SZ,2025-10-10,26.15,26.56,26.11,26.39,26.18,0.21,0.8021,408550.71,1079210.865
002142.SZ,2025-10-13,26.18,26.73,26.05,26.58,26.39,0.19,0.72,445777.56,1179068.403
002142.SZ,2025-10-14,26.51,27.27,26.37,27.1,26.58,0.52,1.9564,611429.09,1648736.01
002142.SZ,2025-10-15,26.99,27.25,26.85,27.17,27.1,0.07,0.2583,348620.55,942028.348
002142.SZ,2025-10-16,27.18,27.52,27.04,27.4,27.17,0.23,0.8465,386199.82,1054180.991
002142.SZ,2025-10-17,27.28,27.85,27.25,27.45,27.4,0.05,0.1825,453323.43,1250890.114
002142.SZ,2025-10-20,27.39,27.46,26.99,27.41,27.45,-0.04,-0.1457,284467.25,775528.189
002142.SZ,2025-10-21,27.37,27.72,27.33,27.47,27.41,0.06,0.2189,354298.73,975341.898
002142.SZ,2025-10-22,27.45,27.84,27.2,27.48,27.47,0.01,0.0364,243232.94,671701.076
002142.SZ,2025-10-23,27.48,28.07,27.46,27.95,27.48,0.47,1.7103,412413.09,1146380.157
002142.SZ,2025-10-24,27.85,28.05,27.68,27.76,27.95,-0.19,-0.6798,239844.75,668056.227
002142.SZ,2025-10-27,27.72,27.85,27.42,27.76,27.76,0.0,0.0,296857.66,822457.746
002142.SZ,2025-10-28,27.85,28.0,27.53,27.75,27.76,-0.01,-0.036,286123.75,794027.594
002142.SZ,2025-10-29,27.68,27.96,27.45,27.6,27.75,-0.15,-0.5405,300804.02,831003.332
002142.SZ,2025-10-30,27.61,28.29,27.61,27.72,27.6,0.12,0.4348,536367.89,1500980.525
002142.SZ,2025-10-31,27.97,28.4,27.75,28.34,27.72,0.62,2.2367,506441.25,1427772.147
002142.SZ,2025-11-03,28.23,28.83,28.13,28.74,28.34,0.4,1.4114,366275.57,1047854.862
002142.SZ,2025-11-04,28.7,29.12,28.6,28.85,28.74,0.11,0.3827,309561.43,895353.947
002142.SZ,2025-11-05,28.9,29.34,28.6,29.09,28.85,0.24,0.8319,306819.86,894172.128
002142.SZ,2025-11-06,29.17,29.48,28.9,29.16,29.09,0.07,0.2406,343531.78,1004222.876
002142.SZ,2025-11-07,29.28,29.58,29.13,29.31,29.16,0.15,0.5144,297274.78,875349.559
002142.SZ,2025-11-10,29.3,29.64,29.09,29.38,29.31,0.07,0.2388,209863.04,618000.122
002142.SZ,2025-11-11,29.29,29.6,29.22,29.4,29.38,0.02,0.0681,214513.56,632311.7
002142.SZ,2025-11-12,29.55,29.69,29.19,29.33,29.4,-0.07,-0.2381,221359.24,651843.407
002142.SZ,2025-11-13,29.36,29.8,29.17,29.79,29.33,0.46,1.5684,268163.49,791567.174
002142.SZ,2025-11-14,29.75,30.22,29.6,29.62,29.79,-0.17,-0.5707,259326.43,776389.254
002142.SZ,2025-11-17,29.5,29.79,28.64,28.8,29.62,-0.82,-2.7684,346459.45,1007031.216
002142.SZ,2025-11-18,28.7,29.05,28.63,28.7,28.8,-0.1,-0.3472,189602.53,546341.085
002142.SZ,2025-11-19,28.72,29.09,28.72,28.95,28.7,0.25,0.8711,189267.66,547821.762
002142.SZ,2025-11-20,29.0,29.45,28.91,29.0,28.95,0.05,0.1727,217505.54,634522.382
002142.SZ,2025-11-21,28.91,29.26,28.68,28.8,29.0,-0.2,-0.6897,279506.3,808009.566
002142.SZ,2025-11-24,28.8,28.97,28.4,28.66,28.8,-0.14,-0.4861,260005.64,745046.274
002142.SZ,2025-11-25,28.47,28.85,28.4,28.79,28.66,0.13,0.4536,255893.09,732741.843
002142.SZ,2025-11-26,28.71,28.94,28.58,28.58,28.79,-0.21,-0.7294,186101.08,535647.92
002142.SZ,2025-11-27,28.67,28.68,28.16,28.53,28.58,-0.05,-0.1749,213931.91,608408.848
002142.SZ,2025-11-28,28.57,28.63,28.33,28.37,28.53,-0.16,-0.5608,195571.48,556720.653
002142.SZ,2025-12-01,28.38,28.9,28.29,28.84,28.37,0.47,1.6567,222924.47,638464.52
002142.SZ,2025-12-02,28.82,28.98,28.48,28.64,28.84,-0.2,-0.6935,141147.73,405018.653
002142.SZ,2025-12-03,28.57,28.87,28.35,28.43,28.64,-0.21,-0.7332,177037.95,506333.126
002142.SZ,2025-12-04,28.5,28.56,28.27,28.47,28.43,0.04,0.1407,120934.25,343623.73
002142.SZ,2025-12-05,28.45,28.56,28.03,28.23,28.47,-0.24,-0.843,214809.78,606306.207
002142.SZ,2025-12-08,28.23,28.46,28.05,28.18,28.23,-0.05,-0.1771,235483.52,664922.078
002142.SZ,2025-12-09,28.2,28.32,28.03,28.18,28.18,0.0,0.0,167231.88,470851.366
002142.SZ,2025-12-10,28.1,28.25,27.68,27.99,28.18,-0.19,-0.6742,292011.5,815894.665
002142.SZ,2025-12-11,27.89,28.1,27.71,27.79,27.99,-0.2,-0.7145,194065.28,542086.409
002142.SZ,2025-12-12,27.8,27.85,27.55,27.72,27.79,-0.07,-0.2519,215411.5,596364.444
002142.SZ,2025-12-15,27.61,28.58,27.56,28.25,27.72,0.53,1.912,286367.3,808364.213
002142.SZ,2025-12-16,28.29,28.52,27.97,28.25,28.25,0.0,0.0,189277.53,533254.875
002142.SZ,2025-12-17,27.94,28.2,27.7,28.02,27.95,0.07,0.2504,172194.03,481153.375
002142.SZ,2025-12-18,28.02,28.91,28.02,28.78,28.02,0.76,2.7123,253281.18,722524.498
002142.SZ,2025-12-19,28.59,29.05,28.53,28.76,28.78,-0.02,-0.0695,198091.46,571270.563
002142.SZ,2025-12-22,28.68,28.75,28.33,28.59,28.76,-0.17,-0.5911,162938.98,465751.564
002142.SZ,2025-12-23,28.62,28.88,28.42,28.61,28.59,0.02,0.07,191207.24,546814.672
002142.SZ,2025-12-24,28.61,28.82,28.21,28.37,28.61,-0.24,-0.8389,224959.27,638681.834
002142.SZ,2025-12-25,28.4,28.65,28.21,28.31,28.37,-0.06,-0.2115,188194.24,533860.29
002142.SZ,2025-12-26,28.4,28.41,27.9,28.0,28.31,-0.31,-1.095,244319.56,686565.609
002142.SZ,2025-12-29,27.99,28.09,27.72,28.06,28.0,0.06,0.2143,220144.05,615367.872
002142.SZ,2025-12-30,28.0,28.25,27.85,28.18,28.06,0.12,0.4277,182247.31,511423.314
002142.SZ,2025-12-31,28.05,28.2,27.93,28.09,28.18,-0.09,-0.3194,176244.44,494581.2
002142.SZ,2026-01-05,28.18,28.29,27.97,28.15,28.09,0.06,0.2136,271719.69,763958.428
002142.SZ,2026-01-06,28.15,28.93,27.91,28.88,28.15,0.73,2.5933,537486.47,1530907.097
002142.SZ,2026-01-07,28.88,29.43,28.7,29.12,28.88,0.24,0.831,411071.35,1196272.616
002142.SZ,2026-01-08,29.12,29.14,28.61,28.68,29.12,-0.44,-1.511,294474.56,848916.7
002142.SZ,2026-01-09,28.68,28.78,28.01,28.15,28.68,-0.53,-1.848,422295.23,1191273.574
002142.SZ,2026-01-12,28.12,28.2,27.9,28.07,28.15,-0.08,-0.2842,340297.3,954701.376
002142.SZ,2026-01-13,28.06,29.62,27.93,29.26,28.07,1.19,4.2394,655388.75,1903846.971
002142.SZ,2026-01-14,29.26,29.26,28.73,28.9,29.26,-0.36,-1.2303,394585.61,1142422.274
002142.SZ,2026-01-15,28.9,29.09,28.7,28.81,28.9,-0.09,-0.3114,285008.31,823820.851
002142.SZ,2026-01-16,28.8,29.59,28.8,29.3,28.81,0.49,1.7008,589516.68,1722617.78
002142.SZ,2026-01-19,29.11,29.11,28.26,28.41,29.3,-0.89,-3.0375,431208.44,1235589.494
002142.SZ,2026-01-20,28.41,28.71,28.27,28.55,28.41,0.14,0.4928,359505.01,1024422.638
002142.SZ,2026-01-21,28.77,29.08,28.45,28.88,28.55,0.33,1.1559,432279.19,1246183.619
002142.SZ,2026-01-22,28.96,29.95,28.69,29.5,28.88,0.62,2.1468,506605.37,1497575.947
002142.SZ,2026-01-23,29.52,29.67,28.84,28.98,29.5,-0.52,-1.7627,461437.1,1340963.798
002142.SZ,2026-01-26,28.98,30.78,28.84,30.29,28.98,1.31,4.5204,778871.88,2356425.365
002142.SZ,2026-01-27,30.22,30.75,29.86,30.55,30.29,0.26,0.8584,507229.73,1544508.07
002142.SZ,2026-01-28,30.4,30.52,29.89,30.0,30.55,-0.55,-1.8003,452922.22,1364378.906
002142.SZ,2026-01-29,30.16,31.19,29.97,31.06,30.0,1.06,3.5333,444012.36,1359467.262
002142.SZ,2026-01-30,31.13,31.33,30.64,30.95,31.06,-0.11,-0.3542,400494.95,1242302.056
002142.SZ,2026-02-02,30.8,31.39,30.46,30.53,30.95,-0.42,-1.357,443312.52,1369466.4
002142.SZ,2026-02-03,30.52,31.02,30.34,30.7,30.53,0.17,0.5568,352946.11,1079439.089
002142.SZ,2026-02-04,30.6,31.85,30.55,31.7,30.7,1.0,3.2573,365356.72,1153275.026
002142.SZ,2026-02-05,31.71,32.8,31.69,32.53,31.7,0.83,2.6183,536157.37,1737886.723
002142.SZ,2026-02-06,32.54,32.92,32.13,32.27,32.53,-0.26,-0.7993,330065.02,1069021.679
002142.SZ,2026-02-09,32.2,32.9,32.05,32.61,32.27,0.34,1.0536,307513.5,1001178.255
002142.SZ,2026-02-10,32.53,32.66,32.2,32.3,32.61,-0.31,-0.9506,207525.61,672083.638
002142.SZ,2026-02-11,32.0,32.3,31.68,31.95,32.3,-0.35,-1.0836,328192.7,1047933.74
002142.SZ,2026-02-12,31.84,31.94,31.28,31.37,31.95,-0.58,-1.8153,284105.09,895652.475
002142.SZ,2026-02-13,31.33,31.53,31.15,31.2,31.37,-0.17,-0.5419,151026.98,472340.061
002142.SZ,2026-02-24,31.44,31.47,30.96,31.19,31.2,-0.01,-0.0321,204860.25,639293.541
002142.SZ,2026-02-25,31.24,31.34,30.77,30.96,31.19,-0.23,-0.7374,175748.0,545151.018
002142.SZ,2026-02-26,31.04,31.29,30.8,30.98,30.96,0.02,0.0646,140609.52,435517.259
002142.SZ,2026-02-27,30.9,31.66,30.85,31.29,30.98,0.31,1.0006,289878.98,910675.415
002142.SZ,2026-03-02,31.26,32.58,31.1,32.3,31.29,1.01,3.2279,335509.79,1078515.194
002142.SZ,2026-03-03,32.36,32.47,31.9,32.14,32.3,-0.16,-0.4954,292743.28,941416.005
002142.SZ,2026-03-04,32.0,32.19,31.61,31.95,32.14,-0.19,-0.5912,248609.27,792918.103
002142.SZ,2026-03-05,31.97,32.05,31.51,31.7,31.95,-0.25,-0.7825,191910.03,607549.012
002142.SZ,2026-03-06,31.64,31.82,31.22,31.7,31.7,0.0,0.0,193908.37,611031.34
002142.SZ,2026-03-09,31.58,31.89,31.36,31.42,31.7,-0.28,-0.8833,202975.01,641949.713
002142.SZ,2026-03-10,31.41,31.7,31.04,31.56,31.42,0.14,0.4456,134179.91,422140.687
002142.SZ,2026-03-11,31.53,31.58,30.84,31.15,31.56,-0.41,-1.2991,202059.09,627515.517
002142.SZ,2026-03-12,31.1,31.56,31.0,31.46,31.15,0.31,0.9952,159183.31,498643.506
002142.SZ,2026-03-13,31.31,31.5,30.83,31.15,31.46,-0.31,-0.9854,213715.83,665844.105
002142.SZ,2026-03-16,31.03,31.45,30.89,31.13,31.15,-0.02,-0.0642,191904.1,597659.62
002142.SZ,2026-03-17,31.12,31.59,30.93,30.95,31.13,-0.18,-0.5782,182154.29,568975.805
002142.SZ,2026-03-18,30.91,30.95,29.82,30.35,30.95,-0.6,-1.9386,389717.1,1180311.78
002142.SZ,2026-03-19,30.28,30.59,30.11,30.2,30.35,-0.15,-0.4942,229940.94,697387.175
002142.SZ,2026-03-20,30.2,30.77,30.06,30.58,30.2,0.38,1.2583,251287.99,766534.468
002142.SZ,2026-03-23,30.27,30.34,29.3,29.49,30.58,-1.09,-3.5644,343743.42,1021455.771
002142.SZ,2026-03-24,29.68,30.22,29.53,30.03,29.49,0.54,1.8311,214269.67,642963.955
002142.SZ,2026-03-25,30.18,30.39,29.77,30.35,30.03,0.32,1.0656,120050.83,362131.666
002142.SZ,2026-03-26,30.34,30.7,30.3,30.42,30.35,0.07,0.2306,138862.25,423693.209
002142.SZ,2026-03-27,30.31,30.63,30.05,30.1,30.42,-0.32,-1.0519,136683.19,413033.258
002142.SZ,2026-03-30,29.91,30.31,29.82,30.12,30.1,0.02,0.0664,138875.25,417904.005
002142.SZ,2026-03-31,30.1,30.98,30.06,30.45,30.12,0.33,1.0956,262797.2,804284.519
002142.SZ,2026-04-01,30.6,30.94,30.41,30.63,30.45,0.18,0.5911,145028.86,445855.363
002142.SZ,2026-04-02,30.58,30.76,30.35,30.45,30.63,-0.18,-0.5877,151080.31,461169.263
002142.SZ,2026-04-03,30.46,30.5,29.84,30.05,30.45,-0.4,-1.3136,137046.01,411809.354
002142.SZ,2026-04-07,30.01,30.35,29.95,30.29,30.05,0.24,0.7987,167999.7,506837.785
002142.SZ,2026-04-08,30.48,30.68,30.15,30.6,30.29,0.31,1.0234,176236.32,536683.635
002142.SZ,2026-04-09,30.46,30.54,30.09,30.1,30.6,-0.5,-1.634,167111.31,504846.4
002142.SZ,2026-04-10,30.31,30.37,30.11,30.25,30.1,0.15,0.4983,175274.42,529936.043
002142.SZ,2026-04-13,30.15,30.51,29.96,30.51,30.25,0.26,0.8595,167755.05,507820.137
002142.SZ,2026-04-14,30.49,31.05,30.49,30.91,30.51,0.4,1.311,170526.31,526049.996
002142.SZ,2026-04-15,30.99,31.6,30.86,31.52,30.91,0.61,1.9735,247768.02,775994.776
002142.SZ,2026-04-16,31.51,31.82,31.23,31.3,31.52,-0.22,-0.698,161428.9,507672.964
002142.SZ,2026-04-17,31.31,31.45,31.0,31.14,31.3,-0.16,-0.5112,144435.56,449545.594
002142.SZ,2026-04-20,31.13,32.49,31.0,32.42,31.14,1.28,4.1105,308189.49,989932.962
002142.SZ,2026-04-21,32.4,32.89,32.17,32.41,32.42,-0.01,-0.0308,314664.35,1020346.086
002142.SZ,2026-04-22,32.38,32.68,31.76,31.97,32.41,-0.44,-1.3576,222812.35,714438.615
002142.SZ,2026-04-23,32.0,32.15,31.74,32.02,31.97,0.05,0.1564,205241.1,656099.607
002142.SZ,2026-04-24,32.07,32.32,31.77,32.3,32.02,0.28,0.8745,332184.89,1066951.497
002142.SZ,2026-04-27,33.3,33.88,32.68,32.84,32.3,0.54,1.6718,651879.71,2161985.483
002142.SZ,2026-04-28,32.84,33.51,32.6,33.25,32.84,0.41,1.2485,321393.22,1067511.399
