ts_code,date,open,high,low,close,pre_close,change,pct_chg,volume,amount
002422.SZ,2020-01-02,23.65,24.35,23.36,24.14,23.49,0.65,2.7671,147115.4,351166.7
002422.SZ,2020-01-03,24.1,24.38,23.91,24.16,24.14,0.02,0.0829,101889.05,245850.289
002422.SZ,2020-01-06,24.1,24.33,23.9,24.17,24.16,0.01,0.0414,114368.7,276180.879
002422.SZ,2020-01-07,24.17,24.35,24.0,24.2,24.17,0.03,0.1241,126981.52,306755.219
002422.SZ,2020-01-08,24.0,24.1,23.74,23.79,24.2,-0.41,-1.6942,113314.01,270549.442
002422.SZ,2020-01-09,23.99,24.18,23.8,24.0,23.79,0.21,0.8827,72673.32,174195.624
002422.SZ,2020-01-10,24.08,24.17,23.7,23.74,24.0,-0.26,-1.0833,85243.95,203215.74
002422.SZ,2020-01-13,23.8,24.3,23.39,24.23,23.74,0.49,2.064,131612.05,312886.064
002422.SZ,2020-01-14,24.2,25.21,24.12,24.8,24.23,0.57,2.3525,206745.46,513869.391
002422.SZ,2020-01-15,24.81,25.07,24.37,24.48,24.8,-0.32,-1.2903,103739.18,255655.514
002422.SZ,2020-01-16,24.7,24.85,24.22,24.73,24.48,0.25,1.0212,111309.15,274735.967
002422.SZ,2020-01-17,24.79,25.21,24.58,25.02,24.73,0.29,1.1727,151500.68,377735.393
002422.SZ,2020-01-20,25.87,26.41,25.4,25.83,25.02,0.81,3.2374,269607.2,696701.96
002422.SZ,2020-01-21,26.2,26.78,25.28,25.5,25.83,-0.33,-1.2776,368367.43,962818.012
002422.SZ,2020-01-22,25.81,25.9,24.9,25.37,25.5,-0.13,-0.5098,169248.87,427648.85
002422.SZ,2020-01-23,25.5,26.0,24.68,25.0,25.37,-0.37,-1.4584,207557.13,523392.88
002422.SZ,2020-02-03,24.04,25.06,22.71,23.79,25.0,-1.21,-4.84,257539.36,618687.771
002422.SZ,2020-02-04,24.0,24.24,23.45,24.09,23.79,0.3,1.261,245889.23,587710.231
002422.SZ,2020-02-05,25.1,25.72,24.26,25.56,24.09,1.47,6.1021,389078.56,967019.56
002422.SZ,2020-02-06,26.23,27.66,25.91,26.8,25.56,1.24,4.8513,647938.19,1743403.874
002422.SZ,2020-02-07,26.47,27.14,25.59,25.95,26.8,-0.85,-3.1716,389280.25,1019225.967
002422.SZ,2020-02-10,26.0,26.19,24.95,25.3,25.95,-0.65,-2.5048,256831.37,649782.325
002422.SZ,2020-02-11,25.23,25.23,24.5,24.79,25.3,-0.51,-2.0158,201287.59,499182.672
002422.SZ,2020-02-12,25.0,25.74,24.8,25.68,24.79,0.89,3.5902,246192.27,621471.258
002422.SZ,2020-02-13,25.4,25.98,24.72,25.66,25.68,-0.02,-0.0779,300785.01,760428.496
002422.SZ,2020-02-14,26.0,26.32,25.55,25.69,25.66,0.03,0.1169,267784.48,693627.947
002422.SZ,2020-02-17,25.71,25.92,25.21,25.71,25.69,0.02,0.0779,287605.43,735907.426
002422.SZ,2020-02-18,25.95,25.95,25.32,25.49,25.71,-0.22,-0.8557,221789.46,565803.462
002422.SZ,2020-02-19,25.38,25.38,24.62,24.7,25.49,-0.79,-3.0993,281703.06,699915.97
002422.SZ,2020-02-20,24.6,24.85,24.32,24.75,24.7,0.05,0.2024,175330.82,431148.67
002422.SZ,2020-02-21,24.7,24.7,24.34,24.39,24.75,-0.36,-1.4545,211756.14,517652.41
002422.SZ,2020-02-24,24.51,24.75,24.35,24.5,24.39,0.11,0.451,166371.26,407189.643
002422.SZ,2020-02-25,24.16,24.75,24.07,24.46,24.5,-0.04,-0.1633,221288.47,540518.722
002422.SZ,2020-02-26,24.19,24.63,24.1,24.11,24.46,-0.35,-1.4309,198809.26,482533.084
002422.SZ,2020-02-27,24.23,24.4,23.58,23.61,24.11,-0.5,-2.0738,180202.09,429186.739
002422.SZ,2020-02-28,22.97,23.8,22.62,22.95,23.61,-0.66,-2.7954,240298.54,553651.069
002422.SZ,2020-03-02,22.99,23.52,22.71,23.39,22.95,0.44,1.9172,195247.92,451533.52
002422.SZ,2020-03-03,23.48,23.83,23.18,23.46,23.39,0.07,0.2993,162638.6,382556.953
002422.SZ,2020-03-04,23.36,23.36,22.84,23.11,23.46,-0.35,-1.4919,154913.38,356766.615
002422.SZ,2020-03-05,23.28,23.92,23.1,23.84,23.11,0.73,3.1588,237593.01,561011.134
002422.SZ,2020-03-06,23.71,24.54,23.66,23.82,23.84,-0.02,-0.0839,220690.81,532415.921
002422.SZ,2020-03-09,23.83,24.39,23.61,24.08,23.82,0.26,1.0915,357300.24,860134.559
002422.SZ,2020-03-10,23.91,24.2,23.07,23.62,24.08,-0.46,-1.9103,301404.86,709859.667
002422.SZ,2020-03-11,23.8,23.86,23.09,23.12,23.62,-0.5,-2.1169,190296.09,445937.404
002422.SZ,2020-03-12,22.97,23.0,22.18,22.41,23.12,-0.71,-3.0709,179163.3,405450.759
002422.SZ,2020-03-13,21.39,21.57,20.6,21.29,22.41,-1.12,-4.9978,327297.77,695205.877
002422.SZ,2020-03-16,21.51,21.81,20.71,20.72,21.29,-0.57,-2.6773,188390.9,401192.716
002422.SZ,2020-03-17,20.73,21.0,19.88,20.45,20.72,-0.27,-1.3031,163165.3,332348.453
002422.SZ,2020-03-18,20.62,21.17,20.14,20.29,20.45,-0.16,-0.7824,176427.56,364598.566
002422.SZ,2020-03-19,20.28,20.49,19.32,20.01,20.29,-0.28,-1.38,195102.48,388429.66
002422.SZ,2020-03-20,20.33,20.8,20.22,20.76,20.01,0.75,3.7481,208655.46,428517.839
002422.SZ,2020-03-23,20.39,21.25,20.32,20.7,20.76,-0.06,-0.289,231752.74,483898.394
002422.SZ,2020-03-24,21.0,21.05,20.57,20.94,20.7,0.24,1.1594,148547.25,309358.571
002422.SZ,2020-03-25,21.39,21.5,21.07,21.29,20.94,0.35,1.6714,148580.44,315554.695
002422.SZ,2020-03-26,21.21,21.92,20.97,21.12,21.29,-0.17,-0.7985,258595.41,552965.554
002422.SZ,2020-03-27,21.32,21.7,21.2,21.35,21.12,0.23,1.089,244532.61,524729.705
002422.SZ,2020-03-30,21.38,21.64,20.88,20.89,21.35,-0.46,-2.1546,138605.97,293101.437
002422.SZ,2020-03-31,21.1,21.1,20.64,20.69,20.89,-0.2,-0.9574,112461.77,234016.631
002422.SZ,2020-04-01,20.7,20.86,20.29,20.43,20.69,-0.26,-1.2566,117198.48,240524.407
002422.SZ,2020-04-02,20.28,21.05,20.05,21.03,20.43,0.6,2.9369,121751.27,250375.914
002422.SZ,2020-04-03,21.03,21.08,20.64,20.71,21.03,-0.32,-1.5216,129246.18,269329.993
002422.SZ,2020-04-07,21.0,21.7,20.88,21.5,20.71,0.79,3.8146,177357.15,378741.442
002422.SZ,2020-04-08,21.3,22.44,21.23,22.15,21.5,0.65,3.0233,293412.99,646216.208
002422.SZ,2020-04-09,22.4,23.05,22.15,22.81,22.15,0.66,2.9797,265202.44,603152.515
002422.SZ,2020-04-10,22.82,23.54,22.63,22.74,22.81,-0.07,-0.3069,272410.98,629648.835
002422.SZ,2020-04-13,22.8,23.1,22.34,22.5,22.74,-0.24,-1.0554,198811.25,452678.059
002422.SZ,2020-04-14,22.71,23.42,22.2,23.26,22.5,0.76,3.3778,243491.32,559999.62
002422.SZ,2020-04-15,22.28,22.95,22.02,22.33,23.26,-0.93,-3.9983,346417.53,775009.273
002422.SZ,2020-04-16,22.06,22.27,21.65,22.0,22.33,-0.33,-1.4778,158655.07,348917.739
002422.SZ,2020-04-17,22.01,22.18,21.71,21.8,22.0,-0.2,-0.9091,127802.16,279860.221
002422.SZ,2020-04-20,21.65,22.02,21.6,21.83,21.8,0.03,0.1376,118006.52,257560.478
002422.SZ,2020-04-21,21.69,21.77,20.85,21.0,21.83,-0.83,-3.8021,186318.96,393951.388
002422.SZ,2020-04-22,20.85,21.44,20.41,21.4,21.0,0.4,1.9048,116158.79,245202.418
002422.SZ,2020-04-23,21.31,21.84,21.28,21.29,21.4,-0.11,-0.514,116829.2,251359.27
002422.SZ,2020-04-24,21.45,21.48,20.65,20.73,21.29,-0.56,-2.6303,133082.78,277728.862
002422.SZ,2020-04-27,20.7,20.92,20.35,20.59,20.73,-0.14,-0.6753,83809.5,173240.898
002422.SZ,2020-04-28,20.58,20.76,19.36,19.52,20.59,-1.07,-5.1967,282611.18,560162.326
002422.SZ,2020-04-29,19.55,19.6,18.89,19.11,19.52,-0.41,-2.1004,227351.23,435678.092
002422.SZ,2020-04-30,19.15,19.55,19.15,19.45,19.11,0.34,1.7792,118137.57,229273.543
002422.SZ,2020-05-06,19.3,19.8,19.12,19.72,19.45,0.27,1.3882,150344.49,293174.416
002422.SZ,2020-05-07,19.7,20.18,19.53,20.03,19.72,0.31,1.572,147221.75,292291.636
002422.SZ,2020-05-08,20.03,20.46,19.82,20.3,20.03,0.27,1.348,163936.93,331558.419
002422.SZ,2020-05-11,20.61,21.1,20.48,20.6,20.3,0.3,1.4778,157926.78,327891.621
002422.SZ,2020-05-12,20.6,20.93,20.52,20.69,20.6,0.09,0.4369,102246.44,212068.036
002422.SZ,2020-05-13,20.8,20.94,20.58,20.71,20.69,0.02,0.0967,85253.78,176703.105
002422.SZ,2020-05-14,20.49,21.08,20.4,20.74,20.71,0.03,0.1449,123690.24,257118.906
002422.SZ,2020-05-15,21.21,21.99,20.88,21.0,20.74,0.26,1.2536,251955.55,541831.907
002422.SZ,2020-05-18,20.85,20.85,20.4,20.45,21.0,-0.55,-2.619,123108.73,253136.051
002422.SZ,2020-05-19,20.65,20.68,20.33,20.36,20.45,-0.09,-0.4401,85806.66,175369.809
002422.SZ,2020-05-20,20.25,20.44,20.01,20.04,20.36,-0.32,-1.5717,84876.74,171202.167
002422.SZ,2020-05-21,20.2,20.9,20.11,20.52,20.04,0.48,2.3952,125915.33,258634.484
002422.SZ,2020-05-22,20.6,20.6,19.87,20.14,20.52,-0.38,-1.8519,104499.74,210656.048
002422.SZ,2020-05-25,20.14,20.44,19.95,20.11,20.14,-0.03,-0.149,66943.36,135172.243
002422.SZ,2020-05-26,20.12,20.83,20.12,20.73,20.11,0.62,3.083,101099.46,208277.633
002422.SZ,2020-05-27,20.73,21.07,20.54,20.99,20.73,0.26,1.2542,97712.72,203713.237
002422.SZ,2020-05-28,20.61,20.62,19.99,20.1,20.57,-0.47,-2.2849,104645.54,211205.15
002422.SZ,2020-05-29,20.1,20.56,20.08,20.5,20.1,0.4,1.99,85108.39,173727.631
002422.SZ,2020-06-01,20.59,20.95,20.47,20.7,20.5,0.2,0.9756,129430.73,267554.494
002422.SZ,2020-06-02,20.65,20.65,20.33,20.56,20.7,-0.14,-0.6763,83705.65,171242.195
002422.SZ,2020-06-03,20.55,20.77,20.4,20.5,20.56,-0.06,-0.2918,134988.83,277295.317
002422.SZ,2020-06-04,20.55,20.99,20.41,20.92,20.5,0.42,2.0488,114659.08,238169.186
002422.SZ,2020-06-05,20.91,21.15,20.77,21.07,20.92,0.15,0.717,104539.9,219345.197
002422.SZ,2020-06-08,21.11,21.35,20.76,21.01,21.07,-0.06,-0.2848,114945.41,242147.797
002422.SZ,2020-06-09,21.05,21.55,20.93,21.39,21.01,0.38,1.8087,117480.46,250684.11
002422.SZ,2020-06-10,21.47,21.64,21.18,21.49,21.39,0.1,0.4675,129707.85,278173.226
002422.SZ,2020-06-11,21.45,21.5,20.94,20.98,21.49,-0.51,-2.3732,135664.34,287140.349
002422.SZ,2020-06-12,20.55,21.48,20.51,21.31,20.98,0.33,1.5729,136182.36,287683.551
002422.SZ,2020-06-15,21.55,21.94,21.4,21.5,21.31,0.19,0.8916,146359.88,316363.065
002422.SZ,2020-06-16,21.58,21.8,21.4,21.48,21.5,-0.02,-0.093,105324.78,226908.347
002422.SZ,2020-06-17,21.48,22.11,21.45,21.93,21.48,0.45,2.095,193659.9,424733.351
002422.SZ,2020-06-18,21.82,21.85,21.23,21.29,21.93,-0.64,-2.9184,187814.44,402340.647
002422.SZ,2020-06-19,21.26,21.42,21.14,21.25,21.29,-0.04,-0.1879,121179.34,257886.743
002422.SZ,2020-06-22,21.3,21.44,21.0,21.07,21.25,-0.18,-0.8471,109351.11,231409.302
002422.SZ,2020-06-23,21.07,21.23,20.39,20.7,21.07,-0.37,-1.7561,235879.71,488506.72
002422.SZ,2020-06-24,20.8,21.25,20.64,20.74,20.7,0.04,0.1932,132084.89,275904.251
002422.SZ,2020-06-29,21.0,21.14,20.5,20.69,20.74,-0.05,-0.2411,142628.88,295086.22
002422.SZ,2020-06-30,20.58,21.21,20.56,21.0,20.69,0.31,1.4983,143551.41,300309.908
002422.SZ,2020-07-01,21.17,22.15,21.11,22.13,21.0,1.13,5.381,295894.25,641404.161
002422.SZ,2020-07-02,22.13,23.05,22.13,22.62,22.13,0.49,2.2142,289282.59,654677.675
002422.SZ,2020-07-03,22.5,22.77,21.98,22.1,22.62,-0.52,-2.2989,210009.54,466401.567
002422.SZ,2020-07-06,22.05,22.58,21.8,22.47,22.1,0.37,1.6742,211488.25,470901.397
002422.SZ,2020-07-07,22.44,22.88,22.33,22.47,22.47,0.0,0.0,189706.42,428815.144
002422.SZ,2020-07-08,22.4,22.56,22.22,22.47,22.47,0.0,0.0,210462.91,470398.969
002422.SZ,2020-07-09,22.58,23.22,22.4,23.14,22.47,0.67,2.9818,272140.84,623672.104
002422.SZ,2020-07-10,23.14,23.65,22.79,22.91,23.14,-0.23,-0.9939,239304.45,554648.222
002422.SZ,2020-07-13,22.7,23.6,22.7,23.5,22.91,0.59,2.5753,237248.59,553030.238
002422.SZ,2020-07-14,23.5,23.84,22.68,23.1,23.5,-0.4,-1.7021,277812.01,644132.8
002422.SZ,2020-07-15,23.35,24.1,23.26,23.37,23.1,0.27,1.1688,328956.49,777993.186
002422.SZ,2020-07-16,23.2,23.22,21.63,21.8,23.37,-1.57,-6.718,324496.21,726486.064
002422.SZ,2020-07-17,21.8,21.97,21.16,21.58,21.8,-0.22,-1.0092,187985.91,406127.851
002422.SZ,2020-07-20,21.68,22.02,21.43,21.94,21.58,0.36,1.6682,155221.75,337117.763
002422.SZ,2020-07-21,21.94,22.3,21.76,22.03,21.94,0.09,0.4102,122666.86,270435.598
002422.SZ,2020-07-22,22.15,22.55,21.83,22.23,22.03,0.2,0.9079,158252.22,353383.779
002422.SZ,2020-07-23,22.1,22.87,21.86,22.72,22.23,0.49,2.2042,214835.91,482111.072
002422.SZ,2020-07-24,22.67,22.8,21.15,21.35,22.72,-1.37,-6.0299,248357.15,542546.828
002422.SZ,2020-07-27,21.5,22.13,21.31,22.11,21.35,0.76,3.5597,166299.15,362223.808
002422.SZ,2020-07-28,22.15,22.56,21.8,22.01,22.11,-0.1,-0.4523,131960.86,292086.018
002422.SZ,2020-07-29,22.0,22.35,21.85,22.25,22.01,0.24,1.0904,134126.54,297501.064
002422.SZ,2020-07-30,22.28,23.12,22.22,22.71,22.25,0.46,2.0674,257729.49,586873.214
002422.SZ,2020-07-31,22.61,22.84,22.07,22.47,22.71,-0.24,-1.0568,178773.09,401384.639
002422.SZ,2020-08-03,22.51,23.43,22.4,22.86,22.47,0.39,1.7356,261447.79,600161.476
002422.SZ,2020-08-04,22.86,23.77,22.78,23.45,22.86,0.59,2.5809,349425.15,817203.023
002422.SZ,2020-08-05,23.31,23.38,22.8,23.17,23.45,-0.28,-1.194,198813.71,458086.852
002422.SZ,2020-08-06,23.17,23.58,22.85,22.99,23.17,-0.18,-0.7769,163521.85,378805.721
002422.SZ,2020-08-07,23.09,23.24,21.91,22.39,22.99,-0.6,-2.6098,204693.29,460338.923
002422.SZ,2020-08-10,22.55,24.0,22.52,23.83,22.39,1.44,6.4314,416648.94,980357.672
002422.SZ,2020-08-11,23.8,24.07,23.16,23.23,23.83,-0.6,-2.5178,294897.6,700659.052
002422.SZ,2020-08-12,23.48,23.69,22.4,22.85,23.23,-0.38,-1.6358,217235.37,496862.924
002422.SZ,2020-08-13,22.9,22.96,22.28,22.36,22.85,-0.49,-2.1444,176664.21,398236.771
002422.SZ,2020-08-14,22.38,22.4,21.98,22.39,22.36,0.03,0.1342,128350.38,284767.059
002422.SZ,2020-08-17,22.51,22.89,22.45,22.89,22.39,0.5,2.2331,148839.47,336603.47
002422.SZ,2020-08-18,22.75,23.19,22.65,22.95,22.89,0.06,0.2621,143153.67,328807.204
002422.SZ,2020-08-19,23.3,25.25,23.3,24.58,22.95,1.63,7.1024,678360.02,1659215.129
002422.SZ,2020-08-20,24.35,24.66,23.32,23.4,24.58,-1.18,-4.8007,391338.12,934356.455
002422.SZ,2020-08-21,23.68,25.56,23.67,25.07,23.4,1.67,7.1368,559439.19,1388328.337
002422.SZ,2020-08-24,25.52,25.56,24.6,24.77,25.07,-0.3,-1.1966,241415.46,600139.065
002422.SZ,2020-08-25,24.65,24.95,24.01,24.13,24.77,-0.64,-2.5838,235604.63,571213.625
002422.SZ,2020-08-26,24.13,24.7,24.03,24.17,24.13,0.04,0.1658,204911.55,499190.678
002422.SZ,2020-08-27,24.12,24.68,23.88,24.37,24.17,0.2,0.8275,144053.95,349994.294
002422.SZ,2020-08-28,24.19,24.53,24.11,24.48,24.37,0.11,0.4514,146296.29,356194.506
002422.SZ,2020-08-31,25.0,25.23,24.57,24.74,24.48,0.26,1.0621,226112.56,562527.296
002422.SZ,2020-09-01,24.75,25.96,24.54,25.76,24.74,1.02,4.1229,278931.03,708919.417
002422.SZ,2020-09-02,25.78,25.96,25.29,25.43,25.76,-0.33,-1.2811,187428.31,478834.103
002422.SZ,2020-09-03,25.75,26.22,25.48,25.75,25.43,0.32,1.2584,207062.92,536968.065
002422.SZ,2020-09-04,25.33,26.25,25.25,25.94,25.75,0.19,0.7379,191939.76,497121.773
002422.SZ,2020-09-07,25.94,26.09,25.09,25.15,25.94,-0.79,-3.0455,224177.23,572378.408
002422.SZ,2020-09-08,25.19,25.45,24.76,24.93,25.15,-0.22,-0.8748,133589.51,334657.56
002422.SZ,2020-09-09,24.81,24.88,23.48,23.59,24.93,-1.34,-5.3751,215531.54,518760.815
002422.SZ,2020-09-10,23.8,24.0,23.17,23.28,23.59,-0.31,-1.3141,123159.83,289939.195
002422.SZ,2020-09-11,23.23,23.8,23.15,23.6,23.28,0.32,1.3746,98752.12,232333.166
002422.SZ,2020-09-14,23.75,23.92,23.18,23.4,23.6,-0.2,-0.8475,114562.44,268985.955
002422.SZ,2020-09-15,23.45,24.18,23.25,24.08,23.4,0.68,2.906,142222.15,339377.864
002422.SZ,2020-09-16,23.94,24.35,23.75,24.23,24.08,0.15,0.6229,119004.41,285980.541
002422.SZ,2020-09-17,24.08,24.29,23.54,23.97,24.23,-0.26,-1.073,171022.17,408924.241
002422.SZ,2020-09-18,24.0,24.11,23.43,23.8,23.97,-0.17,-0.7092,119919.82,284132.748
002422.SZ,2020-09-21,23.77,23.99,23.5,23.58,23.8,-0.22,-0.9244,83342.49,197349.469
002422.SZ,2020-09-22,23.44,23.69,23.15,23.27,23.58,-0.31,-1.3147,99021.93,231849.179
002422.SZ,2020-09-23,23.33,23.54,23.12,23.18,23.27,-0.09,-0.3868,81471.31,189993.635
002422.SZ,2020-09-24,23.15,23.15,22.48,22.56,23.18,-0.62,-2.6747,125530.4,284964.557
002422.SZ,2020-09-25,22.65,22.81,22.47,22.7,22.56,0.14,0.6206,93969.18,213202.074
002422.SZ,2020-09-28,22.8,22.81,22.28,22.4,22.7,-0.3,-1.3216,64575.18,145024.231
002422.SZ,2020-09-29,22.42,22.65,22.26,22.46,22.4,0.06,0.2679,57849.56,130167.072
002422.SZ,2020-09-30,22.55,22.6,22.11,22.22,22.46,-0.24,-1.0686,59249.24,132541.216
002422.SZ,2020-10-09,22.44,22.85,22.35,22.76,22.22,0.54,2.4302,98425.16,222372.889
002422.SZ,2020-10-12,22.78,23.36,22.61,23.3,22.76,0.54,2.3726,135028.33,311417.475
002422.SZ,2020-10-13,23.23,23.51,22.97,23.42,23.3,0.12,0.515,74495.95,173345.099
002422.SZ,2020-10-14,23.3,23.61,23.08,23.33,23.42,-0.09,-0.3843,76689.38,179026.983
002422.SZ,2020-10-15,23.31,23.33,22.9,22.97,23.33,-0.36,-1.5431,68235.7,157511.014
002422.SZ,2020-10-16,22.96,23.39,22.9,23.0,22.97,0.03,0.1306,82078.87,189576.733
002422.SZ,2020-10-19,23.2,23.2,22.35,22.36,23.0,-0.64,-2.7826,86778.68,196710.883
002422.SZ,2020-10-20,22.3,22.64,22.2,22.61,22.36,0.25,1.1181,63182.26,142073.321
002422.SZ,2020-10-21,22.51,22.64,22.35,22.4,22.61,-0.21,-0.9288,40484.93,90930.146
002422.SZ,2020-10-22,22.4,23.14,22.22,23.02,22.4,0.62,2.7679,115850.89,262947.035
002422.SZ,2020-10-23,23.07,23.31,22.8,22.85,23.02,-0.17,-0.7385,77899.68,179701.327
002422.SZ,2020-10-26,22.81,22.82,22.5,22.6,22.85,-0.25,-1.0941,57317.37,129629.074
002422.SZ,2020-10-27,22.48,23.39,22.42,23.35,22.6,0.75,3.3186,117656.55,270477.581
002422.SZ,2020-10-28,23.13,23.99,22.95,23.77,23.35,0.42,1.7987,117706.95,276537.996
002422.SZ,2020-10-29,23.51,24.32,23.47,24.29,23.77,0.52,2.1876,196453.5,471795.115
002422.SZ,2020-10-30,24.2,24.2,23.18,23.4,24.29,-0.89,-3.6641,149994.82,354113.139
002422.SZ,2020-11-02,23.98,24.18,23.53,23.84,23.4,0.44,1.8803,108077.57,256914.299
002422.SZ,2020-11-03,23.75,23.9,23.5,23.67,23.84,-0.17,-0.7131,84809.81,200504.557
002422.SZ,2020-11-04,23.73,23.96,23.68,23.9,23.67,0.23,0.9717,74645.65,177925.039
002422.SZ,2020-11-05,23.99,24.65,23.99,24.05,23.9,0.15,0.6276,139212.73,338485.634
002422.SZ,2020-11-06,24.2,24.2,23.49,23.59,24.05,-0.46,-1.9127,91106.06,216332.376
002422.SZ,2020-11-09,23.79,23.95,23.5,23.58,23.59,-0.01,-0.0424,93182.3,221169.466
002422.SZ,2020-11-10,23.6,23.81,23.31,23.33,23.58,-0.25,-1.0602,89051.26,209054.306
002422.SZ,2020-11-11,23.33,23.45,23.03,23.19,23.33,-0.14,-0.6001,91121.47,211933.253
002422.SZ,2020-11-12,23.07,23.27,22.73,23.09,23.19,-0.1,-0.4312,119062.27,273259.999
002422.SZ,2020-11-13,23.09,23.46,22.75,23.13,23.09,0.04,0.1732,102862.06,237593.767
002422.SZ,2020-11-16,23.17,23.3,22.98,23.25,23.13,0.12,0.5188,47791.9,110686.725
002422.SZ,2020-11-17,23.2,23.26,22.74,22.98,23.25,-0.27,-1.1613,81810.69,187722.284
002422.SZ,2020-11-18,22.8,23.05,22.66,22.95,22.98,-0.03,-0.1305,80866.59,185029.455
002422.SZ,2020-11-19,22.99,23.38,22.75,23.27,22.95,0.32,1.3943,97110.3,224774.919
002422.SZ,2020-11-20,23.19,23.38,22.91,22.98,23.27,-0.29,-1.2462,84030.73,193724.931
002422.SZ,2020-11-23,22.9,22.9,22.31,22.32,22.98,-0.66,-2.8721,150111.01,337833.279
002422.SZ,2020-11-24,22.26,22.29,21.25,21.62,22.32,-0.7,-3.1362,195287.35,424166.628
002422.SZ,2020-11-25,21.75,21.77,20.8,20.82,21.62,-0.8,-3.7003,175243.49,369915.383
002422.SZ,2020-11-26,20.96,21.04,20.45,20.8,20.82,-0.02,-0.0961,111089.7,229721.847
002422.SZ,2020-11-27,20.8,20.91,20.58,20.76,20.8,-0.04,-0.1923,58552.44,121423.784
002422.SZ,2020-11-30,20.7,21.15,20.61,20.61,20.76,-0.15,-0.7225,92218.2,192633.451
002422.SZ,2020-12-01,20.51,21.19,20.51,21.08,20.61,0.47,2.2804,84581.38,177585.954
002422.SZ,2020-12-02,20.97,21.22,20.97,21.0,21.08,-0.08,-0.3795,62899.47,132396.522
002422.SZ,2020-12-03,21.01,21.31,20.96,21.24,21.0,0.24,1.1429,95678.76,202994.372
002422.SZ,2020-12-04,21.24,21.43,21.17,21.31,21.24,0.07,0.3296,56844.51,121177.55
002422.SZ,2020-12-07,21.31,21.47,21.11,21.26,21.31,-0.05,-0.2346,51770.82,110229.709
002422.SZ,2020-12-08,21.26,21.38,20.92,20.95,21.26,-0.31,-1.4581,57034.83,120095.579
002422.SZ,2020-12-09,21.01,21.09,20.55,20.63,20.95,-0.32,-1.5274,90833.02,188899.277
002422.SZ,2020-12-10,20.64,20.72,20.45,20.47,20.63,-0.16,-0.7756,57568.02,118325.903
002422.SZ,2020-12-11,20.55,20.57,19.47,19.75,20.47,-0.72,-3.5173,164134.6,326528.274
002422.SZ,2020-12-14,19.86,20.04,19.54,19.83,19.75,0.08,0.4051,88784.49,175623.309
002422.SZ,2020-12-15,19.74,20.1,19.49,20.01,19.83,0.18,0.9077,90169.77,179304.469
002422.SZ,2020-12-16,20.01,20.21,19.74,19.84,20.01,-0.17,-0.8496,69180.03,138109.882
002422.SZ,2020-12-17,19.96,20.11,19.61,19.83,19.84,-0.01,-0.0504,121989.29,241621.762
002422.SZ,2020-12-18,19.89,19.89,19.5,19.5,19.83,-0.33,-1.6641,91834.51,180332.854
002422.SZ,2020-12-21,19.54,19.68,19.32,19.6,19.5,0.1,0.5128,81936.57,159954.392
002422.SZ,2020-12-22,19.64,19.85,19.34,19.4,19.6,-0.2,-1.0204,103950.16,203757.145
002422.SZ,2020-12-23,19.51,19.51,19.06,19.18,19.4,-0.22,-1.134,116327.81,223328.619
002422.SZ,2020-12-24,19.16,19.34,18.96,18.98,19.18,-0.2,-1.0428,67465.39,129321.397
002422.SZ,2020-12-25,18.91,19.42,18.88,19.41,18.98,0.43,2.2655,61564.88,118563.101
002422.SZ,2020-12-28,19.32,19.47,19.1,19.14,19.41,-0.27,-1.391,72698.4,139720.559
002422.SZ,2020-12-29,19.24,19.38,19.05,19.1,19.14,-0.04,-0.209,66721.46,127821.355
002422.SZ,2020-12-30,19.1,19.27,19.03,19.1,19.1,0.0,0.0,65265.4,124975.053
002422.SZ,2020-12-31,19.11,19.45,19.08,19.44,19.1,0.34,1.7801,83019.15,160339.041
002422.SZ,2021-01-04,19.46,19.49,19.06,19.24,19.44,-0.2,-1.0288,105396.48,202334.657
002422.SZ,2021-01-05,19.24,19.4,19.09,19.29,19.24,0.05,0.2599,125756.39,242041.066
002422.SZ,2021-01-06,19.38,19.45,19.15,19.25,19.29,-0.04,-0.2074,81323.16,156599.124
002422.SZ,2021-01-07,19.26,19.33,17.94,18.06,19.25,-1.19,-6.1818,313358.07,576448.57
002422.SZ,2021-01-08,18.63,19.33,18.5,18.7,18.06,0.64,3.5437,369511.52,697521.254
002422.SZ,2021-01-11,18.89,19.44,18.6,18.69,18.7,-0.01,-0.0535,258451.64,491140.357
002422.SZ,2021-01-12,18.88,19.34,18.69,18.95,18.69,0.26,1.3911,183446.05,348177.932
002422.SZ,2021-01-13,18.9,18.97,18.4,18.5,18.95,-0.45,-2.3747,154597.53,288395.981
002422.SZ,2021-01-14,18.54,18.87,18.3,18.51,18.5,0.01,0.0541,130323.61,242140.509
002422.SZ,2021-01-15,18.6,18.62,18.1,18.21,18.51,-0.3,-1.6207,128368.21,234426.514
002422.SZ,2021-01-18,18.2,18.43,17.69,18.05,18.21,-0.16,-0.8786,190695.39,343673.397
002422.SZ,2021-01-19,18.38,18.5,18.0,18.18,18.05,0.13,0.7202,214300.5,391415.259
002422.SZ,2021-01-20,18.17,18.34,18.05,18.27,18.18,0.09,0.495,81526.58,148594.802
002422.SZ,2021-01-21,18.38,19.48,18.36,19.23,18.27,0.96,5.2545,306237.04,583170.06
002422.SZ,2021-01-22,19.18,19.2,18.74,19.05,19.23,-0.18,-0.936,140627.32,266938.6
002422.SZ,2021-01-25,19.0,19.19,18.69,18.72,19.05,-0.33,-1.7323,115645.87,217510.412
002422.SZ,2021-01-26,18.72,19.53,18.26,19.11,18.72,0.39,2.0833,244355.96,462530.068
002422.SZ,2021-01-27,18.9,18.96,18.31,18.31,19.11,-0.8,-4.1863,224929.82,415882.822
002422.SZ,2021-01-28,18.2,18.75,18.19,18.46,18.31,0.15,0.8192,137109.66,253891.649
002422.SZ,2021-01-29,18.49,19.27,18.42,19.05,18.46,0.59,3.1961,199190.14,376855.666
002422.SZ,2021-02-01,19.05,19.79,19.0,19.79,19.05,0.74,3.8845,235915.38,460968.217
002422.SZ,2021-02-02,19.74,19.95,19.51,19.81,19.79,0.02,0.1011,136861.8,270056.917
002422.SZ,2021-02-03,19.9,20.5,19.53,20.36,19.81,0.55,2.7764,199206.22,399988.986
002422.SZ,2021-02-04,20.32,20.35,19.42,19.85,20.36,-0.51,-2.5049,197996.15,391941.703
002422.SZ,2021-02-05,19.76,20.28,19.54,19.68,19.85,-0.17,-0.8564,134479.42,266608.784
002422.SZ,2021-02-08,19.67,19.96,19.52,19.88,19.68,0.2,1.0163,127577.45,252118.655
002422.SZ,2021-02-09,19.98,20.48,19.98,20.35,19.88,0.47,2.3642,131750.02,266605.136
002422.SZ,2021-02-10,20.4,20.53,20.11,20.17,20.35,-0.18,-0.8845,91678.01,185632.327
002422.SZ,2021-02-18,20.2,20.72,20.2,20.45,20.17,0.28,1.3882,93288.84,190830.423
002422.SZ,2021-02-19,20.31,20.94,20.28,20.8,20.45,0.35,1.7115,106626.63,220065.286
002422.SZ,2021-02-22,20.8,21.27,20.45,20.92,20.8,0.12,0.5769,180945.26,378193.901
002422.SZ,2021-02-23,20.76,21.2,20.6,21.12,20.92,0.2,0.956,133432.03,279899.822
002422.SZ,2021-02-24,21.13,21.92,20.93,21.88,21.12,0.76,3.5985,276615.75,595927.058
002422.SZ,2021-02-25,21.69,22.2,21.39,21.53,21.88,-0.35,-1.5996,156047.73,339122.639
002422.SZ,2021-02-26,21.3,22.06,21.15,21.7,21.53,0.17,0.7896,146563.84,317152.694
002422.SZ,2021-03-01,21.63,21.67,21.03,21.28,21.7,-0.42,-1.9355,162773.68,345936.711
002422.SZ,2021-03-02,21.38,21.43,20.0,20.07,21.28,-1.21,-5.6861,221590.2,454035.746
002422.SZ,2021-03-03,20.08,20.41,20.05,20.13,20.07,0.06,0.299,119213.14,240794.664
002422.SZ,2021-03-04,20.0,20.36,19.7,19.7,20.13,-0.43,-2.1361,110991.01,221369.036
002422.SZ,2021-03-05,19.62,20.04,19.57,19.96,19.7,0.26,1.3198,71913.71,142811.358
002422.SZ,2021-03-08,20.03,20.3,19.61,19.62,19.96,-0.34,-1.7034,85499.85,170253.52
002422.SZ,2021-03-09,19.64,19.81,18.91,18.98,19.62,-0.64,-3.262,128717.94,248063.02
002422.SZ,2021-03-10,19.15,19.24,18.46,18.62,18.98,-0.36,-1.8967,149012.21,279069.395
002422.SZ,2021-03-11,18.7,18.82,18.57,18.8,18.62,0.18,0.9667,91137.85,170319.054
002422.SZ,2021-03-12,18.86,19.09,18.67,19.07,18.8,0.27,1.4362,91589.29,173271.601
002422.SZ,2021-03-15,19.03,19.34,18.73,18.79,19.07,-0.28,-1.4683,102043.23,193780.085
002422.SZ,2021-03-16,18.84,19.79,18.8,19.72,18.79,0.93,4.9494,114206.85,221531.864
002422.SZ,2021-03-17,19.55,21.69,19.53,21.69,19.72,1.97,9.9899,369847.16,788291.955
002422.SZ,2021-03-18,21.88,22.65,21.62,22.56,21.69,0.87,4.0111,426194.02,947637.633
002422.SZ,2021-03-19,22.3,22.39,21.87,21.96,22.56,-0.6,-2.6596,193741.19,427738.869
002422.SZ,2021-03-22,22.02,22.5,21.89,22.1,21.96,0.14,0.6375,140552.16,311782.271
002422.SZ,2021-03-23,22.59,23.05,22.18,22.35,22.1,0.25,1.1312,192701.65,434550.913
002422.SZ,2021-03-24,22.41,22.94,22.21,22.37,22.35,0.02,0.0895,183066.84,412118.422
002422.SZ,2021-03-25,22.13,22.35,21.41,21.48,22.37,-0.89,-3.9785,185662.67,403444.894
002422.SZ,2021-03-26,21.77,22.75,21.48,22.48,21.48,1.0,4.6555,191074.42,425292.971
002422.SZ,2021-03-29,22.37,22.75,22.0,22.63,22.48,0.15,0.6673,145943.2,327878.867
002422.SZ,2021-03-30,22.55,22.68,22.12,22.29,22.63,-0.34,-1.5024,159214.83,355367.178
002422.SZ,2021-03-31,22.2,22.43,21.93,22.09,22.29,-0.2,-0.8973,108234.54,239579.879
002422.SZ,2021-04-01,22.13,22.23,21.8,22.04,22.09,-0.05,-0.2263,103667.03,228320.432
002422.SZ,2021-04-02,21.98,22.18,21.66,21.96,22.04,-0.08,-0.363,90129.48,197899.521
002422.SZ,2021-04-06,21.97,22.11,21.17,21.34,21.96,-0.62,-2.8233,166818.81,357909.069
002422.SZ,2021-04-07,21.48,21.49,21.07,21.33,21.34,-0.01,-0.0469,136525.73,290987.863
002422.SZ,2021-04-08,21.23,21.31,20.77,20.98,21.33,-0.35,-1.6409,153422.36,321896.351
002422.SZ,2021-04-09,21.06,21.46,20.82,21.13,20.98,0.15,0.715,142494.43,301743.95
002422.SZ,2021-04-12,21.15,21.24,20.72,20.77,21.13,-0.36,-1.7037,84544.34,176670.5
002422.SZ,2021-04-13,20.92,21.35,20.61,20.65,20.77,-0.12,-0.5778,116788.73,244943.915
002422.SZ,2021-04-14,20.68,20.78,20.44,20.66,20.65,0.01,0.0484,83880.23,172740.496
002422.SZ,2021-04-15,20.63,20.98,20.44,20.52,20.66,-0.14,-0.6776,115426.0,238277.449
002422.SZ,2021-04-16,20.6,20.97,20.47,20.94,20.52,0.42,2.0468,101930.96,211872.367
002422.SZ,2021-04-19,21.01,21.08,20.61,20.91,20.94,-0.03,-0.1433,136529.59,284988.642
002422.SZ,2021-04-20,20.8,21.18,20.6,20.65,20.91,-0.26,-1.2434,107529.38,224248.476
002422.SZ,2021-04-21,20.54,20.89,20.06,20.75,20.65,0.1,0.4843,134432.99,276310.817
002422.SZ,2021-04-22,20.9,20.93,20.54,20.74,20.75,-0.01,-0.0482,80673.68,167280.924
002422.SZ,2021-04-23,20.73,20.8,20.48,20.7,20.74,-0.04,-0.1929,71694.25,147994.835
002422.SZ,2021-04-26,20.95,21.3,20.6,20.6,20.7,-0.1,-0.4831,168055.46,352842.038
002422.SZ,2021-04-27,20.65,21.23,20.48,21.16,20.6,0.56,2.7184,200721.84,421773.723
002422.SZ,2021-04-28,21.36,21.67,20.86,21.49,21.16,0.33,1.5595,220115.64,471119.182
002422.SZ,2021-04-29,21.31,21.71,21.11,21.6,21.49,0.11,0.5119,164477.25,352833.754
002422.SZ,2021-04-30,21.6,21.84,21.46,21.73,21.6,0.13,0.6019,126954.1,274986.119
002422.SZ,2021-05-06,21.86,22.03,21.08,21.21,21.73,-0.52,-2.393,130426.88,278942.881
002422.SZ,2021-05-07,21.26,21.39,20.77,20.77,21.21,-0.44,-2.0745,102170.65,214938.405
002422.SZ,2021-05-10,20.81,20.9,20.53,20.6,20.77,-0.17,-0.8185,96964.21,200313.251
002422.SZ,2021-05-11,20.44,20.84,20.31,20.76,20.6,0.16,0.7767,76934.77,158533.162
002422.SZ,2021-05-12,20.7,21.07,20.32,21.0,20.76,0.24,1.1561,81109.29,168628.332
002422.SZ,2021-05-13,20.82,21.21,20.81,21.04,21.0,0.04,0.1905,74402.04,156399.1
002422.SZ,2021-05-14,21.0,21.26,20.78,20.85,21.04,-0.19,-0.903,107120.77,224130.008
002422.SZ,2021-05-17,20.86,21.6,20.81,21.49,20.85,0.64,3.0695,133161.85,284684.727
002422.SZ,2021-05-18,21.5,21.69,21.27,21.51,21.49,0.02,0.0931,66929.47,143213.264
002422.SZ,2021-05-19,21.53,22.17,21.51,21.89,21.51,0.38,1.7666,127931.92,280099.811
002422.SZ,2021-05-20,22.3,23.98,22.18,23.5,21.89,1.61,7.355,438227.41,1022204.095
002422.SZ,2021-05-21,23.86,23.89,23.21,23.74,23.5,0.24,1.0213,319765.39,756810.825
002422.SZ,2021-05-24,23.6,23.63,21.54,21.66,23.74,-2.08,-8.7616,376762.45,835201.078
002422.SZ,2021-05-25,21.84,22.05,21.24,21.5,21.66,-0.16,-0.7387,244138.31,524796.359
002422.SZ,2021-05-26,21.49,21.77,21.3,21.56,21.5,0.06,0.2791,118001.03,254445.653
002422.SZ,2021-05-27,21.55,23.0,21.53,22.85,21.56,1.29,5.9833,233380.72,522541.688
002422.SZ,2021-05-28,22.86,23.07,22.09,22.15,22.85,-0.7,-3.0635,154791.0,346686.027
002422.SZ,2021-05-31,22.08,22.62,21.94,22.23,22.15,0.08,0.3612,189229.46,422792.262
002422.SZ,2021-06-01,22.23,22.39,21.7,22.26,22.23,0.03,0.135,139107.38,306844.858
002422.SZ,2021-06-02,22.26,22.39,21.81,21.88,22.26,-0.38,-1.7071,104723.58,230765.175
002422.SZ,2021-06-03,21.9,22.0,21.25,21.28,21.88,-0.6,-2.7422,155721.0,336968.917
002422.SZ,2021-06-04,21.36,21.67,20.91,21.57,21.28,0.29,1.3628,102346.27,219362.574
002422.SZ,2021-06-07,21.72,21.88,21.2,21.25,21.57,-0.32,-1.4835,88293.55,188542.054
002422.SZ,2021-06-08,21.25,21.47,20.57,20.71,21.25,-0.54,-2.5412,161964.41,338035.273
002422.SZ,2021-06-09,20.75,20.88,20.4,20.5,20.71,-0.21,-1.014,123544.97,253807.92
002422.SZ,2021-06-10,20.52,20.61,20.26,20.31,20.5,-0.19,-0.9268,173747.37,353869.057
002422.SZ,2021-06-11,20.43,20.58,19.88,20.18,20.31,-0.13,-0.6401,303144.85,611399.748
002422.SZ,2021-06-15,20.16,20.32,19.45,19.7,20.18,-0.48,-2.3786,189023.91,373790.348
002422.SZ,2021-06-16,19.72,19.78,19.16,19.28,19.7,-0.42,-2.132,135921.81,264181.295
002422.SZ,2021-06-17,19.29,19.71,19.24,19.63,19.28,0.35,1.8154,114728.75,223911.227
002422.SZ,2021-06-18,19.96,20.12,19.45,19.54,19.63,-0.09,-0.4585,145894.63,287715.756
002422.SZ,2021-06-21,19.74,19.98,19.65,19.81,19.54,0.27,1.3818,105033.03,208139.316
002422.SZ,2021-06-22,19.99,20.39,19.7,20.3,19.81,0.49,2.4735,149067.23,299674.337
002422.SZ,2021-06-23,20.33,20.8,20.14,20.75,20.3,0.45,2.2167,151265.82,309800.146
002422.SZ,2021-06-24,21.65,21.85,20.62,20.88,20.75,0.13,0.6265,303562.63,645467.436
002422.SZ,2021-06-25,21.1,21.1,20.03,20.49,20.88,-0.39,-1.8678,229060.88,467136.739
002422.SZ,2021-06-28,20.5,20.6,20.11,20.15,20.49,-0.34,-1.6593,143109.14,289376.226
002422.SZ,2021-06-29,20.1,20.37,19.91,20.18,20.15,0.03,0.1489,93901.37,189535.621
002422.SZ,2021-06-30,20.16,20.17,19.78,19.95,20.18,-0.23,-1.1397,104003.29,207475.408
002422.SZ,2021-07-01,19.96,20.22,19.91,20.0,19.95,0.05,0.2506,80888.87,162399.757
002422.SZ,2021-07-02,19.91,20.06,19.51,19.59,20.0,-0.41,-2.05,112478.8,221878.613
002422.SZ,2021-07-05,19.72,20.14,19.4,19.94,19.59,0.35,1.7866,97595.45,193711.901
002422.SZ,2021-07-06,19.9,19.91,19.48,19.67,19.94,-0.27,-1.3541,97945.52,192683.551
002422.SZ,2021-07-07,19.58,19.7,19.51,19.64,19.67,-0.03,-0.1525,69242.44,135956.684
002422.SZ,2021-07-08,19.77,19.78,19.17,19.2,19.64,-0.44,-2.2403,113268.94,219922.235
002422.SZ,2021-07-09,19.25,19.8,19.23,19.74,19.2,0.54,2.8125,91434.42,177891.164
002422.SZ,2021-07-12,19.79,19.79,19.29,19.35,19.74,-0.39,-1.9757,178529.32,347540.02
002422.SZ,2021-07-13,19.36,19.48,18.99,19.12,19.35,-0.23,-1.1886,162963.62,311396.831
002422.SZ,2021-07-14,19.15,19.3,19.0,19.17,19.12,0.05,0.2615,155884.32,297981.851
002422.SZ,2021-07-15,18.95,18.96,18.55,18.62,18.85,-0.23,-1.2202,139468.28,260415.265
002422.SZ,2021-07-16,18.6,18.91,18.6,18.73,18.62,0.11,0.5908,116605.92,219007.613
002422.SZ,2021-07-19,18.78,18.81,18.37,18.49,18.73,-0.24,-1.2814,120451.24,222263.249
002422.SZ,2021-07-20,18.53,18.83,18.47,18.58,18.49,0.09,0.4867,108189.28,201525.169
002422.SZ,2021-07-21,18.59,18.78,18.49,18.61,18.58,0.03,0.1615,115633.26,215430.449
002422.SZ,2021-07-22,18.7,19.04,18.55,18.94,18.61,0.33,1.7732,169620.74,318144.174
002422.SZ,2021-07-23,18.84,18.89,18.44,18.6,18.94,-0.34,-1.7951,148003.71,275612.568
002422.SZ,2021-07-26,18.45,18.46,17.95,17.99,18.6,-0.61,-3.2796,202494.67,366733.765
002422.SZ,2021-07-27,17.91,18.47,17.56,18.05,17.99,0.06,0.3335,155909.63,280284.429
002422.SZ,2021-07-28,17.88,18.19,17.76,17.95,18.05,-0.1,-0.554,107117.08,192561.382
002422.SZ,2021-07-29,18.0,18.19,17.86,17.87,17.95,-0.08,-0.4457,101315.8,182364.822
002422.SZ,2021-07-30,18.05,18.5,17.9,18.34,17.87,0.47,2.6301,148543.38,270733.6
002422.SZ,2021-08-02,18.3,18.43,17.93,18.37,18.34,0.03,0.1636,149384.75,271913.582
002422.SZ,2021-08-03,18.34,18.69,18.26,18.62,18.37,0.25,1.3609,114974.76,213224.139
002422.SZ,2021-08-04,18.66,18.66,18.36,18.47,18.62,-0.15,-0.8056,94776.45,174948.237
002422.SZ,2021-08-05,18.5,18.58,18.18,18.21,18.47,-0.26,-1.4077,114378.94,210015.509
002422.SZ,2021-08-06,18.16,18.37,17.97,18.21,18.21,0.0,0.0,77751.25,141056.771
002422.SZ,2021-08-09,18.1,18.33,18.02,18.27,18.21,0.06,0.3295,66121.42,120612.987
002422.SZ,2021-08-10,18.64,18.71,18.35,18.49,18.27,0.22,1.2042,92193.63,170568.54
002422.SZ,2021-08-11,18.37,18.58,18.27,18.3,18.49,-0.19,-1.0276,69608.4,128061.373
002422.SZ,2021-08-12,18.3,18.38,18.17,18.17,18.3,-0.13,-0.7104,70644.85,128793.573
002422.SZ,2021-08-13,18.1,18.29,17.99,18.19,18.17,0.02,0.1101,79454.94,144453.728
002422.SZ,2021-08-16,18.2,18.28,18.08,18.21,18.19,0.02,0.11,71501.82,130037.774
002422.SZ,2021-08-17,18.21,18.23,17.95,18.0,18.21,-0.21,-1.1532,92005.49,166395.015
002422.SZ,2021-08-18,18.05,18.07,17.74,17.86,18.0,-0.14,-0.7778,101072.81,180326.472
002422.SZ,2021-08-19,17.87,18.03,17.78,17.82,17.86,-0.04,-0.224,67982.13,121544.299
002422.SZ,2021-08-20,17.75,17.79,17.33,17.4,17.82,-0.42,-2.3569,158241.0,276894.834
002422.SZ,2021-08-23,17.41,17.5,17.04,17.16,17.4,-0.24,-1.3793,130864.36,224364.649
002422.SZ,2021-08-24,17.34,17.64,17.31,17.59,17.16,0.43,2.5058,109389.02,191456.699
002422.SZ,2021-08-25,17.52,18.39,17.46,18.27,17.59,0.68,3.8658,169133.36,304282.951
002422.SZ,2021-08-26,18.43,18.64,18.21,18.23,18.27,-0.04,-0.2189,140746.53,258969.627
002422.SZ,2021-08-27,18.23,18.54,18.12,18.37,18.23,0.14,0.768,77347.9,141914.198
002422.SZ,2021-08-30,18.37,18.42,17.88,17.99,18.37,-0.38,-2.0686,159389.7,288498.482
002422.SZ,2021-08-31,18.01,18.28,17.75,18.2,17.99,0.21,1.1673,142904.64,256550.871
002422.SZ,2021-09-01,18.18,18.3,17.96,18.17,18.2,-0.03,-0.1648,88169.65,160059.634
002422.SZ,2021-09-02,18.1,18.25,18.05,18.1,18.17,-0.07,-0.3853,104949.55,190247.901
002422.SZ,2021-09-03,18.11,18.47,18.02,18.28,18.1,0.18,0.9945,102365.33,187174.787
002422.SZ,2021-09-06,18.3,18.53,18.18,18.45,18.28,0.17,0.93,118875.35,219134.063
002422.SZ,2021-09-07,18.47,18.62,18.39,18.42,18.45,-0.03,-0.1626,98288.91,181483.628
002422.SZ,2021-09-08,18.43,18.84,18.42,18.77,18.42,0.35,1.9001,129866.99,242039.421
002422.SZ,2021-09-09,18.77,18.79,18.5,18.69,18.77,-0.08,-0.4262,98306.17,183240.222
002422.SZ,2021-09-10,18.7,18.88,18.63,18.71,18.69,0.02,0.107,89240.74,167094.953
002422.SZ,2021-09-13,18.71,18.71,18.43,18.6,18.71,-0.11,-0.5879,72814.08,135058.774
002422.SZ,2021-09-14,18.54,18.66,18.23,18.3,18.6,-0.3,-1.6129,81199.25,149770.928
002422.SZ,2021-09-15,18.28,18.35,18.08,18.26,18.3,-0.04,-0.2186,59357.32,108089.39
002422.SZ,2021-09-16,18.27,18.42,18.16,18.16,18.26,-0.1,-0.5476,56659.45,103516.984
002422.SZ,2021-09-17,18.17,18.23,17.75,18.02,18.16,-0.14,-0.7709,104150.09,186683.736
002422.SZ,2021-09-22,17.95,18.3,17.85,18.2,18.02,0.18,0.9989,74735.6,135665.86
002422.SZ,2021-09-23,18.2,18.38,18.08,18.2,18.2,0.0,0.0,62309.88,113664.936
002422.SZ,2021-09-24,18.3,18.48,18.16,18.41,18.2,0.21,1.1538,88304.0,161926.032
002422.SZ,2021-09-27,18.4,18.59,18.13,18.23,18.41,-0.18,-0.9777,112191.66,205885.827
002422.SZ,2021-09-28,18.05,18.3,18.03,18.23,18.23,0.0,0.0,63541.57,115646.776
002422.SZ,2021-09-29,18.1,18.32,17.96,18.01,18.23,-0.22,-1.2068,85134.59,154053.64
002422.SZ,2021-09-30,18.01,18.23,17.95,17.97,18.01,-0.04,-0.2221,78005.64,140829.51
002422.SZ,2021-10-08,17.84,18.48,17.84,18.32,17.97,0.35,1.9477,134753.31,246093.871
002422.SZ,2021-10-11,18.29,18.64,18.25,18.57,18.32,0.25,1.3646,119942.63,221438.884
002422.SZ,2021-10-12,18.57,18.58,18.3,18.47,18.57,-0.1,-0.5385,77341.32,142573.217
002422.SZ,2021-10-13,18.5,18.59,18.36,18.54,18.47,0.07,0.379,61630.7,114042.464
002422.SZ,2021-10-14,18.56,18.86,18.42,18.65,18.54,0.11,0.5933,96080.25,179534.446
002422.SZ,2021-10-15,18.64,18.65,18.18,18.26,18.65,-0.39,-2.0912,104680.44,191741.694
002422.SZ,2021-10-18,18.24,18.24,18.0,18.01,18.26,-0.25,-1.3691,68715.22,124106.869
002422.SZ,2021-10-19,18.02,18.1,17.9,18.02,18.01,0.01,0.0555,53944.69,97076.462
002422.SZ,2021-10-20,18.03,18.14,17.9,18.02,18.02,0.0,0.0,63748.48,114614.56
002422.SZ,2021-10-21,18.0,18.17,17.99,18.07,18.02,0.05,0.2775,53765.39,97335.893
002422.SZ,2021-10-22,18.06,18.2,17.99,18.03,18.07,-0.04,-0.2214,50204.02,90730.98
002422.SZ,2021-10-25,17.98,18.08,17.79,17.99,18.03,-0.04,-0.2219,63917.79,114504.862
002422.SZ,2021-10-26,17.9,18.1,17.9,17.96,17.99,-0.03,-0.1668,46092.34,82809.579
002422.SZ,2021-10-27,17.96,18.0,17.23,17.3,17.96,-0.66,-3.6748,129070.5,225454.441
002422.SZ,2021-10-28,17.3,17.42,17.1,17.39,17.3,0.09,0.5202,79543.57,137097.188
002422.SZ,2021-10-29,17.39,17.73,17.37,17.67,17.39,0.28,1.6101,62991.97,110888.514
002422.SZ,2021-11-01,17.8,17.85,17.55,17.8,17.67,0.13,0.7357,93111.03,165037.923
002422.SZ,2021-11-02,17.8,18.17,17.66,18.09,17.8,0.29,1.6292,131050.72,236423.143
002422.SZ,2021-11-03,18.17,18.34,18.02,18.21,18.09,0.12,0.6633,89540.21,163077.912
002422.SZ,2021-11-04,18.38,18.38,18.1,18.28,18.21,0.07,0.3844,66103.02,120614.664
002422.SZ,2021-11-05,18.28,18.49,18.27,18.37,18.28,0.09,0.4923,87253.14,160572.357
002422.SZ,2021-11-08,18.39,18.49,18.29,18.42,18.37,0.05,0.2722,86939.92,160185.919
002422.SZ,2021-11-09,18.42,18.48,18.2,18.24,18.42,-0.18,-0.9772,96738.85,177474.452
002422.SZ,2021-11-10,18.28,18.42,17.95,18.12,18.24,-0.12,-0.6579,107621.89,195385.746
002422.SZ,2021-11-11,18.0,18.35,17.98,18.32,18.12,0.2,1.1038,109233.42,198899.441
002422.SZ,2021-11-12,18.32,18.39,18.12,18.18,18.32,-0.14,-0.7642,90422.0,165164.479
002422.SZ,2021-11-15,18.19,18.49,18.12,18.44,18.18,0.26,1.4301,100180.23,184141.327
002422.SZ,2021-11-16,18.44,18.87,18.37,18.72,18.44,0.28,1.5184,197826.0,370110.068
002422.SZ,2021-11-17,18.73,18.73,18.4,18.58,18.72,-0.14,-0.7479,103864.38,192650.785
002422.SZ,2021-11-18,18.52,18.62,18.34,18.39,18.58,-0.19,-1.0226,69742.7,128674.052
002422.SZ,2021-11-19,18.41,18.52,18.19,18.49,18.39,0.1,0.5438,85589.41,157164.269
002422.SZ,2021-11-22,18.7,18.78,18.4,18.59,18.49,0.1,0.5408,84135.12,156284.773
002422.SZ,2021-11-23,18.57,18.75,18.51,18.61,18.59,0.02,0.1076,81050.49,151002.479
002422.SZ,2021-11-24,18.63,18.63,18.37,18.54,18.61,-0.07,-0.3761,68756.84,127100.331
002422.SZ,2021-11-25,18.65,18.86,18.39,18.77,18.54,0.23,1.2406,123035.26,230510.294
002422.SZ,2021-11-26,18.78,19.04,18.59,18.65,18.77,-0.12,-0.6393,84744.01,158821.435
002422.SZ,2021-11-29,18.64,18.86,18.53,18.81,18.65,0.16,0.8579,104900.73,196188.967
002422.SZ,2021-11-30,18.85,19.03,18.58,19.0,18.81,0.19,1.0101,133466.51,251424.571
002422.SZ,2021-12-01,19.0,19.45,18.86,19.26,19.0,0.26,1.3684,156768.97,301306.758
002422.SZ,2021-12-02,19.26,19.4,19.11,19.16,19.26,-0.1,-0.5192,94222.96,181133.142
002422.SZ,2021-12-03,19.08,19.25,19.05,19.19,19.16,0.03,0.1566,69072.15,132356.574
002422.SZ,2021-12-06,19.22,19.23,18.81,18.85,19.19,-0.34,-1.7718,93216.62,176960.824
002422.SZ,2021-12-07,18.86,18.99,18.76,18.9,18.85,0.05,0.2653,61361.35,115755.57
002422.SZ,2021-12-08,18.93,19.07,18.81,18.92,18.9,0.02,0.1058,77048.5,145895.228
002422.SZ,2021-12-09,18.99,19.06,18.82,19.01,18.92,0.09,0.4757,80788.98,153413.088
002422.SZ,2021-12-10,19.0,19.12,18.77,18.85,19.01,-0.16,-0.8417,98126.33,185765.985
002422.SZ,2021-12-13,18.88,18.96,18.6,18.68,18.85,-0.17,-0.9019,131333.17,246016.259
002422.SZ,2021-12-14,18.68,18.8,18.64,18.73,18.68,0.05,0.2677,76081.27,142355.539
002422.SZ,2021-12-15,18.73,18.78,18.5,18.58,18.73,-0.15,-0.8009,87305.3,162573.493
002422.SZ,2021-12-16,18.58,18.62,18.27,18.38,18.58,-0.2,-1.0764,115663.3,212657.819
002422.SZ,2021-12-17,18.41,18.43,18.22,18.22,18.38,-0.16,-0.8705,85082.26,155691.932
002422.SZ,2021-12-20,18.21,18.33,18.05,18.11,18.22,-0.11,-0.6037,92428.41,167787.155
002422.SZ,2021-12-21,18.11,18.29,18.1,18.21,18.11,0.1,0.5522,59360.06,107958.529
002422.SZ,2021-12-22,18.25,18.55,18.22,18.46,18.21,0.25,1.3729,80744.96,148611.505
002422.SZ,2021-12-23,18.47,18.54,18.36,18.4,18.46,-0.06,-0.325,62097.79,114510.369
002422.SZ,2021-12-24,18.4,18.59,18.33,18.5,18.4,0.1,0.5435,66643.05,123182.272
002422.SZ,2021-12-27,18.46,18.7,18.44,18.6,18.5,0.1,0.5405,76298.6,142052.641
002422.SZ,2021-12-28,18.63,19.13,18.63,18.8,18.6,0.2,1.0753,133475.99,251713.407
002422.SZ,2021-12-29,18.7,19.1,18.66,18.78,18.8,-0.02,-0.1064,116691.38,220655.804
002422.SZ,2021-12-30,18.75,18.87,18.62,18.74,18.78,-0.04,-0.213,126146.0,235971.133
002422.SZ,2021-12-31,18.81,19.05,18.68,18.93,18.74,0.19,1.0139,142351.31,269500.708
002422.SZ,2022-01-04,19.06,19.45,18.96,19.3,18.93,0.37,1.9546,217006.75,416326.98
002422.SZ,2022-01-05,19.9,19.99,19.01,19.59,19.3,0.29,1.5026,342593.2,668347.269
002422.SZ,2022-01-06,19.62,19.74,19.24,19.37,19.59,-0.22,-1.123,175187.46,340057.664
002422.SZ,2022-01-07,19.47,20.4,19.2,20.18,19.37,0.81,4.1817,400457.77,800638.451
002422.SZ,2022-01-10,19.9,20.03,19.38,19.84,20.18,-0.34,-1.6848,296251.31,585035.066
002422.SZ,2022-01-11,19.77,19.9,19.54,19.74,19.84,-0.1,-0.504,177286.05,349631.868
002422.SZ,2022-01-12,19.82,20.15,19.56,19.74,19.74,0.0,0.0,169606.57,335334.297
002422.SZ,2022-01-13,19.67,19.93,19.6,19.67,19.74,-0.07,-0.3546,132287.88,260903.748
002422.SZ,2022-01-14,19.7,20.12,19.57,19.97,19.67,0.3,1.5252,196209.42,390187.912
002422.SZ,2022-01-17,19.88,20.63,19.88,20.28,19.97,0.31,1.5523,287643.19,584905.919
002422.SZ,2022-01-18,20.45,20.66,19.84,19.93,20.28,-0.35,-1.7258,264374.35,533521.844
002422.SZ,2022-01-19,20.01,20.18,19.6,19.8,19.93,-0.13,-0.6523,169720.79,335900.678
002422.SZ,2022-01-20,19.87,20.84,19.75,20.32,19.8,0.52,2.6263,313583.14,638974.615
002422.SZ,2022-01-21,21.55,22.2,19.95,20.19,20.32,-0.13,-0.6398,515535.62,1075406.647
002422.SZ,2022-01-24,19.45,19.67,19.03,19.1,20.19,-1.09,-5.3987,287506.47,553859.847
002422.SZ,2022-01-25,19.25,19.31,18.33,18.35,19.1,-0.75,-3.9267,188093.96,352952.942
002422.SZ,2022-01-26,18.45,18.51,18.08,18.12,18.35,-0.23,-1.2534,122288.29,222675.454
002422.SZ,2022-01-27,18.11,18.16,17.29,17.46,18.12,-0.66,-3.6424,247470.74,435510.619
002422.SZ,2022-01-28,17.58,17.66,17.28,17.55,17.46,0.09,0.5155,108421.55,189880.626
002422.SZ,2022-02-07,17.7,17.89,17.53,17.7,17.55,0.15,0.8547,94740.62,167737.448
002422.SZ,2022-02-08,17.71,17.9,17.59,17.87,17.7,0.17,0.9605,82460.0,146437.819
002422.SZ,2022-02-09,17.88,18.12,17.77,18.02,17.87,0.15,0.8394,76725.27,137830.499
002422.SZ,2022-02-10,18.1,18.14,17.85,17.95,18.02,-0.07,-0.3885,70202.32,126072.083
002422.SZ,2022-02-11,18.1,18.1,17.72,17.83,17.95,-0.12,-0.6685,90394.88,161438.639
002422.SZ,2022-02-14,17.8,18.28,17.73,18.04,17.83,0.21,1.1778,113324.05,204685.184
002422.SZ,2022-02-15,18.04,18.1,17.77,17.86,18.04,-0.18,-0.9978,93496.57,167361.914
002422.SZ,2022-02-16,18.0,18.0,17.75,17.8,17.86,-0.06,-0.3359,80128.37,142786.831
002422.SZ,2022-02-17,17.8,17.81,17.41,17.64,17.8,-0.16,-0.8989,124838.83,219795.727
002422.SZ,2022-02-18,17.57,17.75,17.41,17.7,17.64,0.06,0.3401,84361.94,148775.132
002422.SZ,2022-02-21,17.69,17.84,17.58,17.79,17.7,0.09,0.5085,84839.08,150446.667
002422.SZ,2022-02-22,17.67,17.74,17.58,17.68,17.79,-0.11,-0.6183,74125.69,130802.042
002422.SZ,2022-02-23,17.69,17.84,17.61,17.71,17.68,0.03,0.1697,127765.3,226162.273
002422.SZ,2022-02-24,17.61,17.75,17.36,17.46,17.71,-0.25,-1.4116,124502.52,218283.782
002422.SZ,2022-02-25,17.5,17.68,17.47,17.52,17.46,0.06,0.3436,82019.27,144103.824
002422.SZ,2022-02-28,17.43,17.59,17.21,17.37,17.52,-0.15,-0.8562,99235.32,172050.017
002422.SZ,2022-03-01,17.36,17.47,17.33,17.39,17.37,0.02,0.1151,63657.45,110758.266
002422.SZ,2022-03-02,17.39,17.57,17.29,17.56,17.39,0.17,0.9776,74039.0,129121.404
002422.SZ,2022-03-03,17.59,17.82,17.51,17.74,17.56,0.18,1.0251,117603.12,208012.154
002422.SZ,2022-03-04,17.68,18.12,17.63,17.88,17.74,0.14,0.7892,168155.14,301095.564
002422.SZ,2022-03-07,17.8,17.97,17.56,17.66,17.88,-0.22,-1.2304,138402.38,245135.615
002422.SZ,2022-03-08,17.7,17.72,16.3,16.4,17.66,-1.26,-7.1348,248726.28,420354.296
002422.SZ,2022-03-09,16.51,16.57,15.36,15.9,16.4,-0.5,-3.0488,247719.36,394370.431
002422.SZ,2022-03-10,16.15,16.7,16.15,16.6,15.9,0.7,4.4025,167947.77,276133.217
002422.SZ,2022-03-11,16.41,16.75,16.14,16.75,16.6,0.15,0.9036,121639.22,200133.098
002422.SZ,2022-03-14,16.8,17.25,16.6,16.65,16.75,-0.1,-0.597,164432.91,278811.121
002422.SZ,2022-03-15,16.4,16.4,15.5,15.61,16.65,-1.04,-6.2462,187314.72,299032.576
002422.SZ,2022-03-16,16.11,16.2,15.17,16.02,15.61,0.41,2.6265,216297.03,340487.695
002422.SZ,2022-03-17,16.51,17.62,16.4,17.61,16.02,1.59,9.9251,493159.26,854369.543
002422.SZ,2022-03-18,17.0,17.41,16.82,17.2,17.61,-0.41,-2.3282,305147.44,524467.23
002422.SZ,2022-03-21,17.1,17.43,16.81,17.23,17.2,0.03,0.1744,225147.92,384840.946
002422.SZ,2022-03-22,17.02,17.08,16.71,16.81,17.23,-0.42,-2.4376,191794.8,323672.311
002422.SZ,2022-03-23,16.78,17.08,16.73,16.93,16.81,0.12,0.7139,117073.99,197672.247
002422.SZ,2022-03-24,16.91,17.52,16.66,17.35,16.93,0.42,2.4808,213827.02,367188.264
002422.SZ,2022-03-25,17.31,17.39,16.85,16.88,17.35,-0.47,-2.7089,159402.58,272705.842
002422.SZ,2022-03-28,16.8,17.0,16.45,16.77,16.88,-0.11,-0.6517,108763.0,181900.775
002422.SZ,2022-03-29,16.8,17.15,16.7,16.97,16.77,0.2,1.1926,112983.63,192257.869
002422.SZ,2022-03-30,16.99,17.28,16.75,17.25,16.97,0.28,1.65,126005.28,215286.877
002422.SZ,2022-03-31,17.18,17.54,17.1,17.33,17.25,0.08,0.4638,151242.2,262674.798
002422.SZ,2022-04-01,17.14,17.37,17.0,17.28,17.33,-0.05,-0.2885,117524.63,202217.714
002422.SZ,2022-04-06,17.33,17.6,17.27,17.41,17.28,0.13,0.7523,120415.56,209906.912
002422.SZ,2022-04-07,17.3,17.4,16.9,16.91,17.41,-0.5,-2.8719,131830.39,225049.844
002422.SZ,2022-04-08,16.99,17.05,16.52,16.75,16.91,-0.16,-0.9462,101370.32,169783.958
002422.SZ,2022-04-11,16.81,17.08,16.33,16.4,16.75,-0.35,-2.0896,123516.78,206248.982
002422.SZ,2022-04-12,16.35,16.55,15.88,16.39,16.4,-0.01,-0.061,155325.37,252324.0
002422.SZ,2022-04-13,16.39,16.39,15.91,16.0,16.39,-0.39,-2.3795,91135.76,146916.748
002422.SZ,2022-04-14,16.13,16.36,16.0,16.26,16.0,0.26,1.625,65622.2,106366.195
002422.SZ,2022-04-15,16.26,16.26,16.05,16.15,16.26,-0.11,-0.6765,68731.31,110824.255
002422.SZ,2022-04-18,16.09,16.28,15.78,16.26,16.15,0.11,0.6811,88509.81,141806.701
002422.SZ,2022-04-19,16.44,17.39,16.34,16.93,16.26,0.67,4.1205,213466.9,360397.855
002422.SZ,2022-04-20,16.85,17.2,16.7,16.73,16.93,-0.2,-1.1813,135825.71,230723.937
002422.SZ,2022-04-21,16.69,16.89,16.11,16.18,16.73,-0.55,-3.2875,129722.04,213786.577
002422.SZ,2022-04-22,16.17,16.18,15.8,16.03,16.18,-0.15,-0.9271,130695.84,208869.564
002422.SZ,2022-04-25,15.98,16.01,14.88,15.05,16.03,-0.98,-6.1135,161828.54,251424.033
002422.SZ,2022-04-26,15.1,15.2,14.53,14.7,15.05,-0.35,-2.3256,168460.63,249227.981
002422.SZ,2022-04-27,14.88,16.16,14.8,15.99,14.7,1.29,8.7755,242520.78,377089.088
002422.SZ,2022-04-28,15.8,16.67,15.72,16.64,15.99,0.65,4.065,200437.65,326180.423
002422.SZ,2022-04-29,16.52,17.28,16.5,16.95,16.64,0.31,1.863,225301.2,382900.751
002422.SZ,2022-05-05,16.83,17.29,16.81,17.19,16.95,0.24,1.4159,143518.4,245514.443
002422.SZ,2022-05-06,16.95,17.24,16.83,16.93,17.19,-0.26,-1.5125,104397.83,177764.694
002422.SZ,2022-05-09,17.05,18.04,17.05,17.77,16.93,0.84,4.9616,226862.8,400624.585
002422.SZ,2022-05-10,17.59,17.86,17.41,17.78,17.77,0.01,0.0563,131083.49,231886.208
002422.SZ,2022-05-11,17.86,18.29,17.8,17.86,17.78,0.08,0.4499,170604.76,308778.004
002422.SZ,2022-05-12,17.79,18.12,17.71,17.94,17.86,0.08,0.4479,112923.14,202553.822
002422.SZ,2022-05-13,18.0,18.35,17.99,18.32,17.94,0.38,2.1182,137433.66,250536.973
002422.SZ,2022-05-16,18.94,19.11,17.73,17.95,17.9,0.05,0.2793,315952.59,577054.454
002422.SZ,2022-05-17,17.99,18.0,17.48,17.78,17.95,-0.17,-0.9471,174983.94,309334.205
002422.SZ,2022-05-18,17.87,18.05,17.66,17.73,17.78,-0.05,-0.2812,103683.78,184867.195
002422.SZ,2022-05-19,17.5,17.75,17.35,17.61,17.73,-0.12,-0.6768,107645.68,189009.813
002422.SZ,2022-05-20,17.66,17.91,17.46,17.59,17.61,-0.02,-0.1136,101367.84,178676.472
002422.SZ,2022-05-23,17.59,17.69,17.1,17.17,17.59,-0.42,-2.3877,147719.15,255321.027
002422.SZ,2022-05-24,17.17,17.34,16.62,16.62,17.17,-0.55,-3.2033,159216.19,268706.928
002422.SZ,2022-05-25,16.62,17.08,16.42,16.98,16.62,0.36,2.1661,132587.25,222442.82
002422.SZ,2022-05-26,16.96,17.91,16.8,17.87,16.98,0.89,5.2415,189232.55,331699.786
002422.SZ,2022-05-27,17.75,17.92,17.56,17.58,17.87,-0.29,-1.6228,110035.14,195118.96
002422.SZ,2022-05-30,17.66,17.74,17.18,17.36,17.58,-0.22,-1.2514,100320.46,173982.195
002422.SZ,2022-05-31,17.49,17.87,17.13,17.81,17.36,0.45,2.5922,116603.0,204939.526
002422.SZ,2022-06-01,17.63,17.94,17.46,17.5,17.81,-0.31,-1.7406,102803.83,181533.684
002422.SZ,2022-06-02,17.5,17.61,17.25,17.49,17.5,-0.01,-0.0571,93376.47,162634.615
002422.SZ,2022-06-06,17.52,18.38,17.41,18.23,17.49,0.74,4.231,214213.59,386882.726
002422.SZ,2022-06-07,18.23,18.46,18.0,18.44,18.23,0.21,1.1519,143559.06,262607.453
002422.SZ,2022-06-08,18.28,18.8,18.2,18.68,18.44,0.24,1.3015,162302.84,300728.276
002422.SZ,2022-06-09,18.58,18.81,18.2,18.31,18.68,-0.37,-1.9807,105421.29,194554.456
002422.SZ,2022-06-10,18.2,18.67,18.17,18.62,18.31,0.31,1.6931,113524.18,209537.983
002422.SZ,2022-06-13,18.48,18.67,18.2,18.59,18.62,-0.03,-0.1611,127045.08,233951.152
002422.SZ,2022-06-14,18.46,19.01,18.38,18.92,18.59,0.33,1.7751,118780.47,223147.32
002422.SZ,2022-06-15,18.92,19.0,18.53,18.53,18.92,-0.39,-2.0613,100674.41,189207.657
002422.SZ,2022-06-16,18.6,19.03,18.55,18.83,18.53,0.3,1.619,118222.21,223217.611
002422.SZ,2022-06-17,18.61,19.02,18.59,18.92,18.83,0.09,0.478,100098.62,188613.34
002422.SZ,2022-06-20,18.98,19.36,18.78,19.26,18.92,0.34,1.797,128219.29,245266.914
002422.SZ,2022-06-21,19.3,19.52,19.11,19.22,19.26,-0.04,-0.2077,94523.49,182174.58
002422.SZ,2022-06-22,19.2,19.52,19.1,19.16,19.22,-0.06,-0.3122,88680.56,171099.841
002422.SZ,2022-06-23,19.08,19.18,18.79,19.02,19.16,-0.14,-0.7307,109009.05,206384.674
002422.SZ,2022-06-24,18.99,19.53,18.98,19.42,19.02,0.4,2.103,107716.09,208326.629
002422.SZ,2022-06-27,19.46,19.71,18.9,19.01,19.42,-0.41,-2.1112,208197.77,400829.328
002422.SZ,2022-06-28,19.1,19.18,18.77,19.18,19.01,0.17,0.8943,151865.53,288083.185
002422.SZ,2022-06-29,19.15,19.15,18.54,18.55,19.18,-0.63,-3.2847,150269.03,281371.211
002422.SZ,2022-06-30,18.65,18.85,18.59,18.7,18.55,0.15,0.8086,107578.1,201436.804
002422.SZ,2022-07-01,18.76,18.91,18.56,18.71,18.7,0.01,0.0535,69700.25,130475.077
002422.SZ,2022-07-04,18.65,19.26,18.62,19.08,18.71,0.37,1.9776,146654.46,279288.906
002422.SZ,2022-07-05,19.14,19.4,18.95,19.34,19.08,0.26,1.3627,116728.33,224037.467
002422.SZ,2022-07-06,19.2,19.4,19.02,19.18,19.34,-0.16,-0.8273,121495.19,233397.213
002422.SZ,2022-07-07,20.11,20.4,18.62,18.77,19.18,-0.41,-2.1376,353405.14,687585.299
002422.SZ,2022-07-08,18.77,19.96,18.7,19.74,18.77,0.97,5.1678,344656.17,674946.657
002422.SZ,2022-07-11,19.64,19.83,19.3,19.43,19.74,-0.31,-1.5704,151586.61,296280.533
002422.SZ,2022-07-12,19.59,19.63,18.93,19.0,19.43,-0.43,-2.2131,115314.16,220724.665
002422.SZ,2022-07-13,19.09,19.49,18.83,19.26,19.0,0.26,1.3684,117882.33,226722.742
002422.SZ,2022-07-14,19.01,19.19,18.68,18.72,19.26,-0.54,-2.8037,129659.21,244264.58
002422.SZ,2022-07-15,18.86,19.45,18.56,19.0,18.72,0.28,1.4957,183593.69,349660.449
002422.SZ,2022-07-18,19.13,19.53,18.85,19.44,19.0,0.44,2.3158,157658.7,304316.324
002422.SZ,2022-07-19,19.44,19.47,19.19,19.4,19.44,-0.04,-0.2058,93274.58,180575.624
002422.SZ,2022-07-20,19.49,20.09,19.35,20.02,19.4,0.62,3.1959,154352.51,306514.082
002422.SZ,2022-07-21,20.02,20.52,19.89,20.21,20.02,0.19,0.9491,197697.72,401383.285
002422.SZ,2022-07-22,20.26,21.13,20.26,20.68,20.21,0.47,2.3256,270775.64,563685.161
002422.SZ,2022-07-25,20.68,21.01,20.38,20.8,20.68,0.12,0.5803,163230.88,339981.655
002422.SZ,2022-07-26,20.88,20.97,20.61,20.68,20.8,-0.12,-0.5769,107883.47,224102.773
002422.SZ,2022-07-27,21.08,22.69,21.04,22.3,20.68,1.62,7.8337,518191.42,1140394.983
002422.SZ,2022-07-28,22.31,23.04,22.25,22.62,22.3,0.32,1.435,267446.68,605866.822
002422.SZ,2022-07-29,22.8,22.8,21.87,22.01,22.62,-0.61,-2.6967,209037.3,463392.484
002422.SZ,2022-08-01,22.2,22.25,21.71,21.86,22.01,-0.15,-0.6815,143576.89,314679.394
002422.SZ,2022-08-02,21.77,21.78,20.89,21.32,21.86,-0.54,-2.4703,209621.52,446312.584
002422.SZ,2022-08-03,21.37,22.11,21.37,21.63,21.32,0.31,1.454,165114.69,359634.095
002422.SZ,2022-08-04,21.65,22.26,21.51,22.0,21.63,0.37,1.7106,136391.79,299273.35
002422.SZ,2022-08-05,22.02,22.55,21.78,22.21,22.0,0.21,0.9545,170606.81,378491.857
002422.SZ,2022-08-08,22.28,22.82,22.22,22.51,22.21,0.3,1.3507,124420.11,280720.011
002422.SZ,2022-08-09,22.51,22.88,22.23,22.7,22.51,0.19,0.8441,123656.95,280405.024
002422.SZ,2022-08-10,22.68,22.88,22.28,22.35,22.7,-0.35,-1.5419,105090.74,236419.993
002422.SZ,2022-08-11,22.5,23.08,22.45,22.84,22.35,0.49,2.1924,123306.32,281838.046
002422.SZ,2022-08-12,22.91,23.08,22.7,22.95,22.84,0.11,0.4816,107252.44,245450.361
002422.SZ,2022-08-15,22.72,22.9,21.68,21.87,22.95,-1.08,-4.7059,247929.0,546127.505
002422.SZ,2022-08-16,22.19,22.5,21.91,22.12,21.87,0.25,1.1431,121343.27,268997.602
002422.SZ,2022-08-17,22.12,22.15,21.41,22.01,22.12,-0.11,-0.4973,125002.99,271366.568
002422.SZ,2022-08-18,22.1,22.15,21.44,21.6,22.01,-0.41,-1.8628,119801.62,259327.18
002422.SZ,2022-08-19,21.74,22.05,21.48,21.9,21.6,0.3,1.3889,127033.71,276736.652
002422.SZ,2022-08-22,21.72,22.07,21.49,21.92,21.9,0.02,0.0913,95553.73,208255.208
002422.SZ,2022-08-23,21.84,21.84,21.35,21.45,21.92,-0.47,-2.1442,101162.21,217506.998
002422.SZ,2022-08-24,21.46,21.57,21.0,21.14,21.45,-0.31,-1.4452,92337.46,195932.391
002422.SZ,2022-08-25,21.17,21.6,21.17,21.54,21.14,0.4,1.8921,107276.56,229836.898
002422.SZ,2022-08-26,21.58,22.19,21.44,21.6,21.54,0.06,0.2786,100783.4,219570.353
002422.SZ,2022-08-29,21.49,22.38,21.42,22.0,21.6,0.4,1.8519,130913.91,287520.679
002422.SZ,2022-08-30,21.88,22.18,21.71,22.01,22.0,0.01,0.0455,115318.08,253241.224
002422.SZ,2022-08-31,22.4,22.4,21.46,21.47,22.01,-0.54,-2.4534,130277.17,282375.438
002422.SZ,2022-09-01,21.51,21.76,21.28,21.39,21.47,-0.08,-0.3726,100597.43,216174.179
002422.SZ,2022-09-02,21.3,22.22,21.3,21.87,21.39,0.48,2.244,151236.86,331538.59
002422.SZ,2022-09-05,21.86,21.96,21.37,21.54,21.87,-0.33,-1.5089,91426.95,197322.719
002422.SZ,2022-09-06,21.63,21.97,21.43,21.77,21.54,0.23,1.0678,78757.5,171543.316
002422.SZ,2022-09-07,21.83,22.06,21.5,21.69,21.77,-0.08,-0.3675,72580.72,157853.003
002422.SZ,2022-09-08,21.89,22.25,21.65,21.7,21.69,0.01,0.0461,95844.27,210475.476
002422.SZ,2022-09-09,21.6,21.8,21.46,21.6,21.7,-0.1,-0.4608,85462.28,185104.351
002422.SZ,2022-09-13,21.63,21.64,20.76,21.42,21.6,-0.18,-0.8333,140246.05,298315.932
002422.SZ,2022-09-14,21.25,21.61,20.87,21.51,21.42,0.09,0.4202,100524.34,214634.377
002422.SZ,2022-09-15,21.7,22.09,21.16,21.22,21.51,-0.29,-1.3482,105620.94,228282.096
002422.SZ,2022-09-16,21.76,22.05,21.23,21.25,21.22,0.03,0.1414,187518.0,405979.716
002422.SZ,2022-09-19,21.09,21.46,20.73,20.85,21.25,-0.4,-1.8824,143090.74,300428.322
002422.SZ,2022-09-20,21.0,22.19,21.0,22.0,20.85,1.15,5.5156,218729.72,476930.878
002422.SZ,2022-09-21,21.99,22.08,21.19,21.19,22.0,-0.81,-3.6818,167320.7,359670.213
002422.SZ,2022-09-22,21.11,21.13,19.45,19.99,21.19,-1.2,-5.663,301678.6,605871.036
002422.SZ,2022-09-23,19.93,20.5,19.82,20.21,19.99,0.22,1.1006,125514.62,253200.835
002422.SZ,2022-09-26,20.06,21.07,19.71,20.7,20.21,0.49,2.4245,149723.56,309298.815
002422.SZ,2022-09-27,20.89,21.45,20.58,21.4,20.7,0.7,3.3816,159785.82,336220.306
002422.SZ,2022-09-28,21.4,22.08,21.27,21.57,21.4,0.17,0.7944,160629.08,348564.138
002422.SZ,2022-09-29,21.88,22.35,21.62,22.18,21.57,0.61,2.828,152052.79,336698.302
002422.SZ,2022-09-30,22.2,22.37,21.94,22.04,22.18,-0.14,-0.6312,98607.56,218216.623
002422.SZ,2022-10-10,22.13,22.32,21.49,21.65,22.04,-0.39,-1.7695,142411.68,311119.021
002422.SZ,2022-10-11,21.68,21.76,21.26,21.56,21.65,-0.09,-0.4157,110472.63,237213.88
002422.SZ,2022-10-12,21.52,21.67,20.85,21.6,21.56,0.04,0.1855,115802.04,245682.393
002422.SZ,2022-10-13,21.63,22.65,21.56,22.6,21.6,1.0,4.6296,208846.57,467521.727
002422.SZ,2022-10-14,22.59,24.78,22.58,24.61,22.6,2.01,8.8938,485166.75,1162061.862
002422.SZ,2022-10-17,24.7,25.06,24.26,24.55,24.61,-0.06,-0.2438,242145.52,596442.868
002422.SZ,2022-10-18,24.6,26.25,24.3,25.8,24.55,1.25,5.0916,454703.77,1158407.744
002422.SZ,2022-10-19,25.57,25.88,25.26,25.51,25.8,-0.29,-1.124,236786.75,602717.103
002422.SZ,2022-10-20,25.35,25.75,25.0,25.12,25.51,-0.39,-1.5288,213015.23,540177.118
002422.SZ,2022-10-21,25.02,25.72,24.9,25.55,25.12,0.43,1.7118,202221.15,514104.661
002422.SZ,2022-10-24,25.39,25.93,24.7,24.89,25.55,-0.66,-2.5832,215322.74,540263.86
002422.SZ,2022-10-25,24.89,24.98,24.0,24.4,24.89,-0.49,-1.9687,202194.99,493097.299
002422.SZ,2022-10-26,24.44,25.4,24.41,25.16,24.4,0.76,3.1148,229263.41,574067.417
002422.SZ,2022-10-27,25.13,25.81,24.77,25.49,25.16,0.33,1.3116,192166.35,487493.95
002422.SZ,2022-10-28,25.4,25.69,24.78,25.0,25.49,-0.49,-1.9223,154161.61,387666.027
002422.SZ,2022-10-31,25.1,26.01,24.5,24.8,25.0,-0.2,-0.8,230422.78,574787.177
002422.SZ,2022-11-01,24.61,25.01,23.5,24.35,24.8,-0.45,-1.8145,320390.48,771575.013
002422.SZ,2022-11-02,24.54,25.3,24.32,24.35,24.35,0.0,0.0,238438.18,590863.279
002422.SZ,2022-11-03,24.24,24.55,23.91,24.38,24.35,0.03,0.1232,148153.86,359209.258
002422.SZ,2022-11-04,24.38,25.05,24.22,24.98,24.38,0.6,2.461,175492.76,435173.434
002422.SZ,2022-11-07,24.88,24.91,23.97,24.1,24.98,-0.88,-3.5228,152480.35,369484.261
002422.SZ,2022-11-08,24.32,24.52,23.9,24.31,24.1,0.21,0.8714,96088.75,233138.634
002422.SZ,2022-11-09,24.2,24.65,24.14,24.36,24.31,0.05,0.2057,87702.66,214163.059
002422.SZ,2022-11-10,24.2,24.5,23.88,24.12,24.36,-0.24,-0.9852,100260.56,241696.648
002422.SZ,2022-11-11,24.45,24.97,23.68,23.87,24.12,-0.25,-1.0365,216109.02,524782.544
002422.SZ,2022-11-14,23.97,25.09,23.63,24.89,23.87,1.02,4.2731,227847.52,561781.218
002422.SZ,2022-11-15,24.9,24.97,24.05,24.29,24.89,-0.6,-2.4106,208975.27,506721.113
002422.SZ,2022-11-16,24.3,25.07,23.89,24.49,24.29,0.2,0.8234,218057.45,537219.185
002422.SZ,2022-11-17,24.27,24.56,24.06,24.45,24.49,-0.04,-0.1633,108187.08,262951.027
002422.SZ,2022-11-18,24.48,25.32,24.33,24.8,24.45,0.35,1.4315,222197.03,553838.494
002422.SZ,2022-11-21,24.8,24.9,24.36,24.45,24.8,-0.35,-1.4113,141850.14,348287.075
002422.SZ,2022-11-22,24.62,24.93,23.63,23.84,24.45,-0.61,-2.4949,178357.04,428866.229
002422.SZ,2022-11-23,24.19,24.2,23.22,23.77,23.84,-0.07,-0.2936,145332.3,342776.961
002422.SZ,2022-11-24,23.71,24.02,23.53,23.88,23.77,0.11,0.4628,107511.42,255711.534
002422.SZ,2022-11-25,23.65,23.93,23.13,23.33,23.88,-0.55,-2.3032,130735.65,305177.337
002422.SZ,2022-11-28,23.0,23.45,22.98,23.38,23.33,0.05,0.2143,136812.34,317525.401
002422.SZ,2022-11-29,23.36,23.97,23.23,23.78,23.38,0.4,1.7109,109009.11,259333.718
002422.SZ,2022-11-30,23.78,24.1,23.28,23.58,23.78,-0.2,-0.841,115687.0,273660.767
002422.SZ,2022-12-01,23.71,24.06,23.43,23.7,23.58,0.12,0.5089,127476.94,301522.485
002422.SZ,2022-12-02,23.59,23.93,23.56,23.8,23.7,0.1,0.4219,61955.49,147228.896
002422.SZ,2022-12-05,23.85,23.98,23.35,23.52,23.8,-0.28,-1.1765,123366.49,291037.323
002422.SZ,2022-12-06,23.52,23.8,23.03,23.21,23.52,-0.31,-1.318,154748.86,360699.272
002422.SZ,2022-12-07,23.78,24.43,23.22,24.12,23.21,0.91,3.9207,245447.77,586959.194
002422.SZ,2022-12-08,24.35,24.36,23.22,23.61,24.12,-0.51,-2.1144,225183.98,531623.346
002422.SZ,2022-12-09,23.43,23.74,23.3,23.47,23.61,-0.14,-0.593,140317.76,329695.133
002422.SZ,2022-12-12,23.5,24.35,23.45,24.14,23.47,0.67,2.8547,195904.64,471132.717
002422.SZ,2022-12-13,24.32,24.37,23.55,23.71,24.14,-0.43,-1.7813,140576.09,333876.125
002422.SZ,2022-12-14,23.91,24.0,22.95,23.07,23.71,-0.64,-2.6993,165868.52,386520.744
002422.SZ,2022-12-15,23.09,23.24,22.72,22.76,23.07,-0.31,-1.3437,134454.02,307936.942
002422.SZ,2022-12-16,22.77,23.27,22.77,23.2,22.76,0.44,1.9332,119626.17,276090.623
002422.SZ,2022-12-19,23.12,23.28,22.41,22.48,23.2,-0.72,-3.1034,136463.96,308020.463
002422.SZ,2022-12-20,22.4,22.62,22.01,22.37,22.48,-0.11,-0.4893,101051.98,225404.7
002422.SZ,2022-12-21,22.47,22.63,21.99,22.21,22.37,-0.16,-0.7152,72366.62,160588.63
002422.SZ,2022-12-22,22.24,22.35,21.69,21.8,22.21,-0.41,-1.846,101621.45,223413.045
002422.SZ,2022-12-23,23.98,23.98,23.98,23.98,21.8,2.18,10.0,82831.22,198629.266
002422.SZ,2022-12-26,24.5,26.11,24.1,25.49,23.98,1.51,6.2969,616152.44,1558640.381
002422.SZ,2022-12-27,25.56,25.74,24.7,25.03,25.49,-0.46,-1.8046,296013.72,743644.661
002422.SZ,2022-12-28,25.42,26.16,25.08,25.55,25.03,0.52,2.0775,255740.4,655310.89
002422.SZ,2022-12-29,25.26,26.81,25.26,26.8,25.55,1.25,4.8924,345286.22,910581.399
002422.SZ,2022-12-30,26.53,26.95,26.38,26.61,26.8,-0.19,-0.709,258700.14,688475.211
002422.SZ,2023-01-03,26.61,26.77,26.3,26.39,26.61,-0.22,-0.8268,229680.95,608704.911
002422.SZ,2023-01-04,26.35,27.67,26.31,27.44,26.39,1.05,3.9788,370465.49,1009131.366
002422.SZ,2023-01-05,27.41,28.76,27.35,28.4,27.44,0.96,3.4985,313233.18,886209.202
002422.SZ,2023-01-06,28.3,28.5,27.83,28.12,28.4,-0.28,-0.9859,191418.97,538547.739
002422.SZ,2023-01-09,28.36,29.08,28.04,28.59,28.12,0.47,1.6714,206001.65,588381.82
002422.SZ,2023-01-10,28.58,28.79,27.91,28.33,28.59,-0.26,-0.9094,198137.45,559933.131
002422.SZ,2023-01-11,28.31,28.48,27.9,27.98,28.33,-0.35,-1.2354,123860.13,348435.661
002422.SZ,2023-01-12,28.0,28.34,27.77,27.96,27.98,-0.02,-0.0715,135473.81,379040.962
002422.SZ,2023-01-13,28.08,28.8,27.64,28.8,27.96,0.84,3.0043,227657.65,648135.59
002422.SZ,2023-01-16,28.06,28.39,27.33,27.5,28.8,-1.3,-4.5139,434452.83,1206205.771
002422.SZ,2023-01-17,27.8,27.8,27.01,27.4,27.5,-0.1,-0.3636,173489.91,473719.554
002422.SZ,2023-01-18,27.28,27.53,27.18,27.49,27.4,0.09,0.3285,102172.37,279747.15
002422.SZ,2023-01-19,27.48,28.38,27.31,28.11,27.49,0.62,2.2554,203072.31,568282.092
002422.SZ,2023-01-20,28.01,28.45,27.7,27.81,28.11,-0.3,-1.0672,131668.77,368584.215
002422.SZ,2023-01-30,28.09,28.2,26.95,27.19,27.81,-0.62,-2.2294,242886.17,660932.914
002422.SZ,2023-01-31,27.27,27.57,27.04,27.17,27.19,-0.02,-0.0736,153135.84,417428.603
002422.SZ,2023-02-01,27.09,27.39,26.65,27.16,27.17,-0.01,-0.0368,170003.32,460378.793
002422.SZ,2023-02-02,27.25,28.77,27.16,28.22,27.16,1.06,3.9028,269234.52,760413.564
002422.SZ,2023-02-03,28.2,29.36,28.09,29.2,28.22,0.98,3.4727,294263.76,850555.62
002422.SZ,2023-02-06,29.0,30.18,29.0,29.41,29.2,0.21,0.7192,289588.62,858931.981
002422.SZ,2023-02-07,29.11,29.63,28.86,28.91,29.41,-0.5,-1.7001,179910.53,524819.513
002422.SZ,2023-02-08,28.91,30.39,28.65,30.11,28.91,1.2,4.1508,270941.33,810862.102
002422.SZ,2023-02-09,30.19,30.61,29.96,30.19,30.11,0.08,0.2657,168526.8,510010.971
002422.SZ,2023-02-10,30.03,30.57,29.55,29.96,30.19,-0.23,-0.7618,159390.74,477294.482
002422.SZ,2023-02-13,29.82,30.99,29.65,29.71,29.96,-0.25,-0.8344,198853.4,599877.039
002422.SZ,2023-02-14,30.0,30.32,29.55,30.1,29.71,0.39,1.3127,128432.38,385226.643
002422.SZ,2023-02-15,30.43,30.43,29.0,29.2,30.1,-0.9,-2.99,192834.53,565648.076
002422.SZ,2023-02-16,29.34,29.48,28.74,28.9,29.2,-0.3,-1.0274,130748.06,380866.942
002422.SZ,2023-02-17,28.95,29.18,28.61,28.85,28.9,-0.05,-0.173,130556.69,376425.186
002422.SZ,2023-02-20,28.86,29.44,28.2,29.32,28.85,0.47,1.6291,168926.43,487679.817
002422.SZ,2023-02-21,29.33,29.34,28.91,29.3,29.32,-0.02,-0.0682,78700.32,229361.654
002422.SZ,2023-02-22,29.17,29.87,29.0,29.04,29.3,-0.26,-0.8874,120058.92,351972.957
002422.SZ,2023-02-23,28.91,29.22,28.65,28.76,29.04,-0.28,-0.9642,70538.6,203490.025
002422.SZ,2023-02-24,28.88,28.88,28.36,28.48,28.76,-0.28,-0.9736,79262.47,226324.002
002422.SZ,2023-02-27,28.5,28.89,28.36,28.55,28.48,0.07,0.2458,88329.05,252360.902
002422.SZ,2023-02-28,28.55,29.42,28.5,28.87,28.55,0.32,1.1208,125105.85,362636.593
002422.SZ,2023-03-01,28.7,29.09,28.05,28.62,28.87,-0.25,-0.866,131612.03,375109.351
002422.SZ,2023-03-02,28.53,28.53,28.02,28.25,28.62,-0.37,-1.2928,89768.57,253472.675
002422.SZ,2023-03-03,28.25,28.41,27.88,28.06,28.25,-0.19,-0.6726,78524.09,220878.164
002422.SZ,2023-03-06,28.11,28.6,27.8,28.5,28.06,0.44,1.5681,138617.53,391912.607
002422.SZ,2023-03-07,28.48,28.73,27.77,27.8,28.5,-0.7,-2.4561,130232.03,367000.144
002422.SZ,2023-03-08,27.63,28.03,27.37,27.5,27.8,-0.3,-1.0791,127454.58,352338.826
002422.SZ,2023-03-09,27.64,27.73,27.24,27.32,27.5,-0.18,-0.6545,102413.5,280551.474
002422.SZ,2023-03-10,27.32,27.59,27.11,27.22,27.32,-0.1,-0.366,121617.12,332661.731
002422.SZ,2023-03-13,27.0,27.99,26.85,27.64,27.22,0.42,1.543,146087.4,402187.623
002422.SZ,2023-03-14,27.82,28.8,27.5,27.5,27.64,-0.14,-0.5065,180633.32,509004.96
002422.SZ,2023-03-15,27.55,28.26,27.55,27.96,27.5,0.46,1.6727,113525.9,318284.009
002422.SZ,2023-03-16,27.85,28.72,27.85,28.08,27.96,0.12,0.4292,124879.07,353747.852
002422.SZ,2023-03-17,28.11,28.32,27.38,27.54,28.08,-0.54,-1.9231,138109.44,383218.647
002422.SZ,2023-03-20,27.44,27.53,26.59,26.75,27.54,-0.79,-2.8686,184134.8,494642.142
002422.SZ,2023-03-21,26.99,28.1,26.9,27.97,26.75,1.22,4.5607,167848.5,464311.251
002422.SZ,2023-03-22,27.9,28.29,27.69,27.81,27.97,-0.16,-0.572,91435.27,255771.078
002422.SZ,2023-03-23,27.76,27.8,26.78,27.08,27.81,-0.73,-2.625,164010.6,444691.746
002422.SZ,2023-03-24,27.17,27.43,26.49,26.68,27.08,-0.4,-1.4771,131109.6,350484.446
002422.SZ,2023-03-27,26.68,27.05,26.32,26.7,26.68,0.02,0.075,86165.18,230509.747
002422.SZ,2023-03-28,26.8,28.58,26.72,28.08,26.7,1.38,5.1685,238782.79,664649.198
002422.SZ,2023-03-29,28.05,28.08,27.39,27.59,28.08,-0.49,-1.745,140040.48,387882.041
002422.SZ,2023-03-30,27.8,28.07,27.54,27.88,27.59,0.29,1.0511,115851.59,321926.346
002422.SZ,2023-03-31,28.06,28.65,27.9,28.42,27.88,0.54,1.9369,146171.82,415280.323
002422.SZ,2023-04-03,28.4,28.4,26.5,26.69,28.42,-1.73,-6.0873,364438.69,981239.441
002422.SZ,2023-04-04,26.79,27.27,26.62,26.7,26.69,0.01,0.0375,170104.43,456427.347
002422.SZ,2023-04-06,26.8,27.4,26.7,26.92,26.7,0.22,0.824,107724.06,292405.733
002422.SZ,2023-04-07,27.23,29.19,27.18,28.79,26.92,1.87,6.9465,301949.02,863200.047
002422.SZ,2023-04-10,28.9,30.0,28.9,29.79,28.79,1.0,3.4734,250218.01,743270.685
002422.SZ,2023-04-11,29.4,29.59,28.98,29.43,29.79,-0.36,-1.2085,180981.78,530491.021
002422.SZ,2023-04-12,29.36,30.03,29.3,29.53,29.43,0.1,0.3398,139444.92,414359.019
002422.SZ,2023-04-13,29.41,30.06,29.28,29.87,29.53,0.34,1.1514,156168.95,466402.828
002422.SZ,2023-04-14,31.57,32.02,30.2,30.52,29.87,0.65,2.1761,382243.37,1183454.325
002422.SZ,2023-04-17,30.57,31.55,29.86,30.78,30.52,0.26,0.8519,286229.76,881732.389
002422.SZ,2023-04-18,30.6,30.8,30.2,30.53,30.78,-0.25,-0.8122,160820.81,490732.25
002422.SZ,2023-04-19,30.57,30.62,29.86,29.98,30.53,-0.55,-1.8015,138471.36,417051.198
002422.SZ,2023-04-20,30.16,30.53,29.78,29.98,29.98,0.0,0.0,128336.65,385967.713
002422.SZ,2023-04-21,29.91,30.31,29.54,29.69,29.98,-0.29,-0.9673,114098.03,341175.554
002422.SZ,2023-04-24,29.99,30.55,29.86,30.0,29.69,0.31,1.0441,172416.68,520527.309
002422.SZ,2023-04-25,29.98,30.09,29.32,29.72,30.0,-0.28,-0.9333,163049.37,484483.15
002422.SZ,2023-04-26,30.2,31.3,29.81,30.66,29.72,0.94,3.1629,242103.51,737864.841
002422.SZ,2023-04-27,30.67,31.57,30.48,31.15,30.66,0.49,1.5982,160176.43,498479.881
002422.SZ,2023-04-28,31.11,31.95,30.92,31.8,31.15,0.65,2.0867,163077.63,513691.866
002422.SZ,2023-05-04,31.97,32.78,31.71,31.94,31.8,0.14,0.4403,138308.83,445012.019
002422.SZ,2023-05-05,31.94,31.94,31.1,31.49,31.94,-0.45,-1.4089,90470.58,284297.42
002422.SZ,2023-05-08,31.5,32.35,31.19,31.69,31.49,0.2,0.6351,106450.95,338061.244
002422.SZ,2023-05-09,31.78,31.97,31.17,31.5,31.69,-0.19,-0.5996,119114.4,374254.072
002422.SZ,2023-05-10,31.5,31.55,30.73,30.9,31.5,-0.6,-1.9048,83876.85,260310.433
002422.SZ,2023-05-11,31.0,32.17,30.6,30.8,30.9,-0.1,-0.3236,153719.07,480348.981
002422.SZ,2023-05-12,30.7,31.29,30.42,30.59,30.8,-0.21,-0.6818,110434.78,339743.744
002422.SZ,2023-05-15,30.0,30.73,29.88,30.66,29.98,0.68,2.2682,127659.29,386943.742
002422.SZ,2023-05-16,30.67,32.16,30.66,31.67,30.66,1.01,3.2942,233755.92,740059.08
002422.SZ,2023-05-17,31.81,31.81,31.15,31.58,31.67,-0.09,-0.2842,86031.42,270660.395
002422.SZ,2023-05-18,31.89,32.34,31.48,31.98,31.58,0.4,1.2666,113071.61,361434.516
002422.SZ,2023-05-19,31.74,32.1,31.43,31.94,31.98,-0.04,-0.1251,122504.86,389677.59
002422.SZ,2023-05-22,31.94,32.56,31.23,31.79,31.94,-0.15,-0.4696,142104.97,450505.244
002422.SZ,2023-05-23,31.99,32.95,31.9,32.07,31.79,0.28,0.8808,179230.14,581188.505
002422.SZ,2023-05-24,32.08,32.1,31.25,31.63,32.07,-0.44,-1.372,101413.45,319970.82
002422.SZ,2023-05-25,31.63,31.75,30.81,31.25,31.63,-0.38,-1.2014,121152.73,377187.418
002422.SZ,2023-05-26,31.25,33.25,31.25,33.02,31.25,1.77,5.664,273184.64,894175.322
002422.SZ,2023-05-29,32.9,33.28,32.5,32.75,33.02,-0.27,-0.8177,153240.61,501561.224
002422.SZ,2023-05-30,32.75,32.75,30.2,31.04,32.75,-1.71,-5.2214,398723.1,1244666.469
002422.SZ,2023-05-31,31.04,31.76,30.66,30.97,31.04,-0.07,-0.2255,181816.77,565124.253
002422.SZ,2023-06-01,31.0,31.15,30.35,30.82,30.97,-0.15,-0.4843,111715.74,343820.157
002422.SZ,2023-06-02,31.04,31.5,30.68,30.82,30.82,0.0,0.0,118747.36,368458.711
002422.SZ,2023-06-05,30.91,31.05,30.51,30.92,30.82,0.1,0.3245,96302.65,297043.2
002422.SZ,2023-06-06,30.99,30.99,29.98,30.17,30.92,-0.75,-2.4256,160159.39,484944.409
002422.SZ,2023-06-07,30.17,30.65,29.7,29.86,30.17,-0.31,-1.0275,125325.4,376103.364
002422.SZ,2023-06-08,29.78,29.97,29.0,29.4,29.86,-0.46,-1.5405,184738.67,540884.872
002422.SZ,2023-06-09,29.5,30.29,29.28,30.1,29.4,0.7,2.381,137771.96,412580.88
002422.SZ,2023-06-12,30.01,30.22,29.26,29.45,30.1,-0.65,-2.1595,155485.47,460045.209
002422.SZ,2023-06-13,29.38,29.98,29.36,29.62,29.45,0.17,0.5772,102756.59,304438.083
002422.SZ,2023-06-14,29.38,29.79,29.06,29.25,29.62,-0.37,-1.2492,157796.38,462670.594
002422.SZ,2023-06-15,29.26,29.8,29.15,29.57,29.25,0.32,1.094,97840.77,288755.659
002422.SZ,2023-06-16,29.66,30.72,29.6,30.14,29.57,0.57,1.9276,180158.36,545205.853
002422.SZ,2023-06-19,30.11,30.83,29.85,30.0,30.14,-0.14,-0.4645,90478.66,273761.631
002422.SZ,2023-06-20,29.98,30.0,29.17,29.4,30.0,-0.6,-2.0,160482.4,472251.35
002422.SZ,2023-06-21,29.56,29.59,28.85,28.98,29.4,-0.42,-1.4286,89825.94,261200.566
002422.SZ,2023-06-26,28.83,29.54,28.71,29.1,28.98,0.12,0.4141,110247.26,321095.35
002422.SZ,2023-06-27,29.15,30.09,29.12,29.45,29.1,0.35,1.2027,130721.19,387452.406
002422.SZ,2023-06-28,29.41,29.74,29.01,29.56,29.45,0.11,0.3735,87669.34,257661.241
002422.SZ,2023-06-29,29.45,30.0,29.34,29.52,29.56,-0.04,-0.1353,74005.53,219123.344
002422.SZ,2023-06-30,29.7,30.3,29.52,29.68,29.52,0.16,0.542,141195.74,422427.529
002422.SZ,2023-07-03,29.8,29.89,28.99,29.7,29.68,0.02,0.0674,124645.99,367572.199
002422.SZ,2023-07-04,29.31,29.5,27.61,28.6,29.7,-1.1,-3.7037,457804.19,1303739.055
002422.SZ,2023-07-05,28.69,29.58,27.77,28.12,28.6,-0.48,-1.6783,425345.85,1200884.126
002422.SZ,2023-07-06,28.03,28.36,27.96,28.02,28.12,-0.1,-0.3556,172287.37,484625.232
002422.SZ,2023-07-07,27.95,28.88,27.71,28.62,28.02,0.6,2.1413,153045.97,436159.815
002422.SZ,2023-07-10,28.64,28.65,27.83,28.07,28.62,-0.55,-1.9217,114495.21,321595.906
002422.SZ,2023-07-11,28.09,28.59,27.98,28.46,28.07,0.39,1.3894,106886.33,303149.883
002422.SZ,2023-07-12,28.42,28.51,28.08,28.15,28.46,-0.31,-1.0892,88346.8,249843.657
002422.SZ,2023-07-13,28.26,28.86,28.23,28.55,28.15,0.4,1.421,103663.51,296260.829
002422.SZ,2023-07-14,28.4,28.61,28.25,28.36,28.55,-0.19,-0.6655,58432.37,165696.924
002422.SZ,2023-07-17,28.2,28.27,27.81,28.1,28.36,-0.26,-0.9168,63521.82,177937.878
002422.SZ,2023-07-18,28.11,28.24,27.5,27.78,28.1,-0.32,-1.1388,108611.41,301599.625
002422.SZ,2023-07-19,27.74,27.9,27.54,27.7,27.78,-0.08,-0.288,60993.83,168935.507
002422.SZ,2023-07-20,27.7,27.81,27.24,27.33,27.7,-0.37,-1.3357,90212.73,247278.069
002422.SZ,2023-07-21,27.2,27.98,27.2,27.86,27.33,0.53,1.9393,77786.1,215510.713
002422.SZ,2023-07-24,27.64,29.05,27.48,28.6,27.86,0.74,2.6561,206563.6,590714.021
002422.SZ,2023-07-25,28.88,29.0,28.31,28.7,28.6,0.1,0.3497,96498.09,275861.385
002422.SZ,2023-07-26,28.61,29.4,28.5,28.98,28.7,0.28,0.9756,116728.51,340051.408
002422.SZ,2023-07-27,28.88,29.28,28.53,28.74,28.98,-0.24,-0.8282,76847.47,220672.211
002422.SZ,2023-07-28,28.7,28.83,28.25,28.66,28.74,-0.08,-0.2784,84214.89,240049.089
002422.SZ,2023-07-31,28.69,28.8,27.39,27.62,28.66,-1.04,-3.6288,211509.99,588062.143
002422.SZ,2023-08-01,27.7,27.8,26.91,26.96,27.62,-0.66,-2.3896,207815.54,565509.658
002422.SZ,2023-08-02,27.17,27.2,26.27,26.49,26.96,-0.47,-1.7433,188834.04,501493.995
002422.SZ,2023-08-03,26.25,27.06,26.22,26.74,26.49,0.25,0.9438,153716.42,410785.596
002422.SZ,2023-08-04,26.74,26.89,26.2,26.27,26.74,-0.47,-1.7577,129632.27,342227.109
002422.SZ,2023-08-07,26.25,26.36,24.94,25.27,26.27,-1.0,-3.8066,375570.04,949927.443
002422.SZ,2023-08-08,25.26,26.0,25.15,25.77,25.27,0.5,1.9786,248878.08,640822.559
002422.SZ,2023-08-09,25.77,26.33,25.65,26.18,25.77,0.41,1.591,200706.43,524057.01
002422.SZ,2023-08-10,26.1,26.12,25.7,25.92,26.18,-0.26,-0.9931,105038.01,272145.123
002422.SZ,2023-08-11,25.97,26.2,25.66,25.81,25.92,-0.11,-0.4244,111933.74,290337.552
002422.SZ,2023-08-14,26.2,27.23,25.93,27.09,25.81,1.28,4.9593,257870.9,687720.54
002422.SZ,2023-08-15,27.04,27.31,26.66,27.25,27.09,0.16,0.5906,135408.57,366798.96
002422.SZ,2023-08-16,27.11,27.7,27.03,27.19,27.25,-0.06,-0.2202,122276.51,334702.28
002422.SZ,2023-08-17,27.0,27.25,26.7,27.12,27.19,-0.07,-0.2574,82223.63,221570.16
002422.SZ,2023-08-18,27.1,27.17,26.57,26.65,27.12,-0.47,-1.733,77145.53,206272.233
002422.SZ,2023-08-21,26.41,27.06,26.0,26.49,26.65,-0.16,-0.6004,93702.82,249351.93
002422.SZ,2023-08-22,26.51,26.99,26.39,26.69,26.49,0.2,0.755,118401.48,315864.599
002422.SZ,2023-08-23,26.78,27.15,26.51,26.56,26.69,-0.13,-0.4871,118042.99,316944.614
002422.SZ,2023-08-24,26.75,27.47,26.38,27.27,26.56,0.71,2.6732,156052.2,422318.185
002422.SZ,2023-08-25,27.37,27.88,27.11,27.46,27.27,0.19,0.6967,139366.5,384104.872
002422.SZ,2023-08-28,28.81,29.2,27.62,27.81,27.46,0.35,1.2746,158559.77,446165.035
002422.SZ,2023-08-29,27.61,28.17,27.27,27.92,27.81,0.11,0.3955,140662.51,390928.777
002422.SZ,2023-08-30,27.87,27.9,27.05,27.35,27.92,-0.57,-2.0415,141504.51,386770.615
002422.SZ,2023-08-31,27.36,27.49,27.09,27.1,27.35,-0.25,-0.9141,99584.84,271306.185
002422.SZ,2023-09-01,27.09,27.28,26.5,26.68,27.1,-0.42,-1.5498,108823.62,290913.918
002422.SZ,2023-09-04,26.68,26.85,26.38,26.43,26.68,-0.25,-0.937,141600.78,375748.65
002422.SZ,2023-09-05,26.5,27.05,26.41,26.47,26.43,0.04,0.1513,85510.49,227630.991
002422.SZ,2023-09-06,26.35,26.78,25.89,26.15,26.47,-0.32,-1.2089,92152.84,241007.576
002422.SZ,2023-09-07,26.16,26.24,25.88,25.91,26.15,-0.24,-0.9178,64138.8,166773.255
002422.SZ,2023-09-08,25.88,26.16,25.66,25.92,25.91,0.01,0.0386,50656.27,131011.229
002422.SZ,2023-09-11,26.19,27.96,26.12,27.76,25.92,1.84,7.0988,327853.63,901085.639
002422.SZ,2023-09-12,28.03,28.18,27.45,27.94,27.76,0.18,0.6484,149623.37,415982.77
002422.SZ,2023-09-13,27.76,27.93,27.26,27.55,27.94,-0.39,-1.3958,71706.09,197278.411
002422.SZ,2023-09-14,27.49,27.56,26.95,27.51,27.55,-0.04,-0.1452,107489.4,293396.334
002422.SZ,2023-09-15,27.78,28.7,27.32,28.4,27.51,0.89,3.2352,267529.9,757852.947
002422.SZ,2023-09-18,28.3,29.12,28.22,29.0,28.4,0.6,2.1127,208882.56,602159.874
002422.SZ,2023-09-19,29.1,29.23,28.71,28.94,29.0,-0.06,-0.2069,115724.95,334020.317
002422.SZ,2023-09-20,29.06,29.06,28.47,28.6,28.94,-0.34,-1.1748,118453.02,338785.368
002422.SZ,2023-09-21,28.47,28.67,28.18,28.32,28.6,-0.28,-0.979,116316.42,329112.9
002422.SZ,2023-09-22,28.31,28.45,27.76,28.08,28.32,-0.24,-0.8475,108823.76,305107.024
002422.SZ,2023-09-25,28.2,29.1,28.19,28.8,28.08,0.72,2.5641,154798.12,446524.732
002422.SZ,2023-09-26,28.79,29.0,28.5,28.63,28.8,-0.17,-0.5903,76697.71,220147.45
002422.SZ,2023-09-27,28.8,29.35,28.55,29.22,28.63,0.59,2.0608,149332.06,434189.584
002422.SZ,2023-09-28,29.22,29.48,29.02,29.15,29.22,-0.07,-0.2396,95962.52,280462.021
002422.SZ,2023-10-09,29.16,29.39,28.73,28.95,29.15,-0.2,-0.6861,77859.15,225259.904
002422.SZ,2023-10-10,28.94,28.98,28.71,28.79,28.95,-0.16,-0.5527,77117.66,222585.249
002422.SZ,2023-10-11,28.77,29.55,28.77,29.17,28.79,0.38,1.3199,162289.37,474119.547
002422.SZ,2023-10-12,29.3,29.49,28.77,29.08,29.17,-0.09,-0.3085,124167.1,361557.661
002422.SZ,2023-10-13,28.97,29.19,28.75,29.09,29.08,0.01,0.0344,83074.61,240731.322
002422.SZ,2023-10-16,29.15,29.23,28.4,28.55,29.09,-0.54,-1.8563,107120.87,307347.925
002422.SZ,2023-10-17,28.5,28.74,28.1,28.5,28.55,-0.05,-0.1751,90497.88,256159.137
002422.SZ,2023-10-18,28.5,28.5,27.88,28.01,28.5,-0.49,-1.7193,82384.58,231172.094
002422.SZ,2023-10-19,27.77,27.91,27.35,27.62,28.01,-0.39,-1.3924,91131.84,251320.551
002422.SZ,2023-10-20,27.46,27.83,26.9,27.01,27.62,-0.61,-2.2085,157694.82,428861.061
002422.SZ,2023-10-23,25.31,25.8,24.35,25.14,27.01,-1.87,-6.9234,463500.18,1167738.332
002422.SZ,2023-10-24,25.23,26.48,25.23,26.19,25.14,1.05,4.1766,237267.17,615980.315
002422.SZ,2023-10-25,26.21,26.38,25.7,25.89,26.19,-0.3,-1.1455,152567.32,396097.676
002422.SZ,2023-10-26,25.77,26.33,25.72,26.05,25.89,0.16,0.618,92926.34,241963.678
002422.SZ,2023-10-27,26.21,27.79,25.81,27.43,26.05,1.38,5.2975,191600.0,516170.689
002422.SZ,2023-10-30,27.3,28.15,27.15,27.79,27.43,0.36,1.3124,181135.28,501506.03
002422.SZ,2023-10-31,27.79,27.81,27.18,27.46,27.79,-0.33,-1.1875,105928.03,290510.985
002422.SZ,2023-11-01,27.45,27.67,27.02,27.52,27.46,0.06,0.2185,102555.89,280922.267
002422.SZ,2023-11-02,27.56,27.93,27.37,27.6,27.52,0.08,0.2907,94146.64,259924.307
002422.SZ,2023-11-03,27.41,27.61,26.88,26.94,27.6,-0.66,-2.3913,99721.77,271279.354
002422.SZ,2023-11-06,27.43,28.24,27.42,28.11,26.94,1.17,4.343,199937.89,559843.011
002422.SZ,2023-11-07,28.08,28.25,27.8,27.97,28.11,-0.14,-0.498,93175.38,261691.834
002422.SZ,2023-11-08,27.99,29.0,27.85,28.41,27.97,0.44,1.5731,165560.68,472844.607
002422.SZ,2023-11-09,28.43,28.73,27.69,27.85,28.41,-0.56,-1.9711,107685.93,301394.924
002422.SZ,2023-11-10,27.64,28.14,27.6,27.67,27.85,-0.18,-0.6463,74991.01,208562.551
002422.SZ,2023-11-13,27.61,27.79,26.76,27.13,27.67,-0.54,-1.9516,131229.05,355493.349
002422.SZ,2023-11-14,27.1,27.45,26.8,26.98,27.13,-0.15,-0.5529,91412.97,247141.14
002422.SZ,2023-11-15,27.34,27.62,26.81,26.98,26.98,0.0,0.0,78420.94,212333.631
002422.SZ,2023-11-16,26.98,27.28,26.77,26.85,26.98,-0.13,-0.4818,71899.9,193477.251
002422.SZ,2023-11-17,26.87,27.28,26.66,27.1,26.85,0.25,0.9311,95605.85,257657.659
002422.SZ,2023-11-20,27.27,28.1,27.1,27.75,27.1,0.65,2.3985,150328.94,416088.038
002422.SZ,2023-11-21,27.76,28.2,27.57,27.88,27.75,0.13,0.4685,86492.66,241909.921
002422.SZ,2023-11-22,27.88,28.1,27.61,27.83,27.88,-0.05,-0.1793,78872.62,220223.807
002422.SZ,2023-11-23,27.83,28.27,27.69,28.1,27.83,0.27,0.9702,75734.74,212120.529
002422.SZ,2023-11-24,28.14,28.4,27.9,28.33,28.1,0.23,0.8185,91073.96,257010.009
002422.SZ,2023-11-27,28.57,28.63,28.13,28.35,28.33,0.02,0.0706,132399.21,375981.649
002422.SZ,2023-11-28,28.3,28.96,28.0,28.77,28.35,0.42,1.4815,112980.8,323290.198
002422.SZ,2023-11-29,28.8,29.2,28.5,28.6,28.77,-0.17,-0.5909,100023.64,288091.878
002422.SZ,2023-11-30,28.63,28.81,28.41,28.68,28.6,0.08,0.2797,83924.59,240082.203
002422.SZ,2023-12-01,28.46,28.68,27.95,28.42,28.68,-0.26,-0.9066,102614.85,290018.1
002422.SZ,2023-12-04,28.3,28.44,27.9,28.0,28.42,-0.42,-1.4778,89465.25,251846.714
002422.SZ,2023-12-05,27.96,28.26,27.83,27.95,28.0,-0.05,-0.1786,86814.88,243301.395
002422.SZ,2023-12-06,27.8,28.28,27.43,28.1,27.95,0.15,0.5367,115787.12,323037.019
002422.SZ,2023-12-07,28.0,28.05,27.71,27.92,28.1,-0.18,-0.6406,70640.82,196892.016
002422.SZ,2023-12-08,27.81,28.78,27.75,28.29,27.92,0.37,1.3252,125780.61,356334.513
002422.SZ,2023-12-11,28.3,28.59,27.92,28.47,28.29,0.18,0.6363,87719.21,248498.071
002422.SZ,2023-12-12,28.79,29.38,28.7,28.93,28.47,0.46,1.6157,140294.79,407454.593
002422.SZ,2023-12-13,29.08,29.18,28.85,28.97,28.93,0.04,0.1383,100027.87,290285.131
002422.SZ,2023-12-14,28.93,29.4,28.86,28.93,28.97,-0.04,-0.1381,74692.23,217168.602
002422.SZ,2023-12-15,29.0,29.55,28.82,28.98,28.93,0.05,0.1728,146590.14,428453.469
002422.SZ,2023-12-18,28.71,29.3,28.71,29.16,28.98,0.18,0.6211,114662.73,334032.829
002422.SZ,2023-12-19,29.05,29.33,28.77,29.1,29.16,-0.06,-0.2058,111277.5,322908.34
002422.SZ,2023-12-20,29.2,29.58,29.08,29.17,29.1,0.07,0.2405,108635.14,318232.312
002422.SZ,2023-12-21,29.03,29.28,28.78,29.02,29.17,-0.15,-0.5142,98719.13,286052.731
002422.SZ,2023-12-22,29.02,29.17,28.4,28.66,29.02,-0.36,-1.2405,110330.41,317084.954
002422.SZ,2023-12-25,28.52,28.73,28.21,28.49,28.66,-0.17,-0.5932,92341.69,262579.815
002422.SZ,2023-12-26,28.53,28.53,28.04,28.36,28.49,-0.13,-0.4563,77071.99,217860.434
002422.SZ,2023-12-27,28.36,28.61,28.16,28.39,28.36,0.03,0.1058,48658.22,138133.893
002422.SZ,2023-12-28,28.45,28.5,28.01,28.43,28.39,0.04,0.1409,130613.48,369616.234
002422.SZ,2023-12-29,28.24,29.33,28.24,29.05,28.43,0.62,2.1808,119754.43,347555.002
002422.SZ,2024-01-02,29.03,29.41,28.85,29.31,29.05,0.26,0.895,91059.76,266194.592
002422.SZ,2024-01-03,29.17,29.53,28.93,29.0,29.31,-0.31,-1.0577,89893.41,262279.438
002422.SZ,2024-01-04,28.9,29.07,28.2,28.53,29.0,-0.47,-1.6207,100104.34,285446.19
002422.SZ,2024-01-05,28.42,28.42,27.5,27.6,28.53,-0.93,-3.2597,131301.91,366204.888
002422.SZ,2024-01-08,27.68,27.77,27.2,27.31,27.6,-0.29,-1.0507,104985.1,288596.075
002422.SZ,2024-01-09,27.25,27.29,26.8,26.96,27.31,-0.35,-1.2816,123570.37,334496.85
002422.SZ,2024-01-10,27.0,27.29,26.85,27.11,26.96,0.15,0.5564,85375.34,231335.338
002422.SZ,2024-01-11,27.1,27.45,26.94,27.04,27.11,-0.07,-0.2582,106997.31,291027.663
002422.SZ,2024-01-12,27.01,27.28,26.55,26.59,27.04,-0.45,-1.6642,77853.26,209131.489
002422.SZ,2024-01-15,26.58,26.94,26.48,26.6,26.59,0.01,0.0376,70770.95,188801.302
002422.SZ,2024-01-16,27.1,27.37,26.24,26.57,26.6,-0.03,-0.1128,145499.52,387033.873
002422.SZ,2024-01-17,26.54,26.7,25.52,25.52,26.57,-1.05,-3.9518,135200.61,350913.627
002422.SZ,2024-01-18,25.48,25.6,24.75,25.43,25.52,-0.09,-0.3527,144483.36,362416.765
002422.SZ,2024-01-19,25.38,25.5,25.03,25.3,25.43,-0.13,-0.5112,77048.45,194798.991
002422.SZ,2024-01-22,25.37,25.42,23.88,24.14,25.3,-1.16,-4.585,121243.71,299456.187
002422.SZ,2024-01-23,24.05,25.09,23.8,24.45,24.14,0.31,1.2842,128314.25,311814.592
002422.SZ,2024-01-24,24.46,24.65,23.95,24.54,24.45,0.09,0.3681,93620.85,227245.481
002422.SZ,2024-01-25,24.58,25.1,24.1,24.86,24.54,0.32,1.304,133829.0,330434.157
002422.SZ,2024-01-26,24.8,24.96,24.02,24.16,24.86,-0.7,-2.8158,115977.27,285105.818
002422.SZ,2024-01-29,24.44,24.63,24.06,24.08,24.16,-0.08,-0.3311,90324.11,219109.051
002422.SZ,2024-01-30,24.01,24.12,23.59,23.59,24.08,-0.49,-2.0349,81519.0,194178.063
002422.SZ,2024-01-31,23.68,23.68,22.95,23.12,23.59,-0.47,-1.9924,110179.7,256319.154
002422.SZ,2024-02-01,23.05,23.98,22.83,23.49,23.12,0.37,1.6003,105667.26,248166.779
002422.SZ,2024-02-02,23.42,23.88,22.18,22.69,23.49,-0.8,-3.4057,135452.55,308555.227
002422.SZ,2024-02-05,22.53,23.5,21.6,22.59,22.69,-0.1,-0.4407,193476.85,430502.665
002422.SZ,2024-02-06,22.45,24.85,22.25,24.84,22.59,2.25,9.9602,248939.7,598828.717
002422.SZ,2024-02-07,24.7,26.63,24.6,26.6,24.84,1.76,7.0853,320084.86,832278.188
002422.SZ,2024-02-08,26.4,27.77,25.86,26.17,26.6,-0.43,-1.6165,283984.76,767264.223
002422.SZ,2024-02-19,26.6,26.7,25.67,26.18,26.17,0.01,0.0382,166436.96,435710.023
002422.SZ,2024-02-20,26.16,26.48,25.69,26.09,26.18,-0.09,-0.3438,94573.62,247138.1
002422.SZ,2024-02-21,25.81,26.34,25.62,25.72,26.09,-0.37,-1.4182,125371.6,325844.982
002422.SZ,2024-02-22,25.73,26.01,25.51,25.72,25.72,0.0,0.0,87689.91,225424.805
002422.SZ,2024-02-23,25.7,25.85,25.0,25.52,25.72,-0.2,-0.7776,141845.73,359895.426
002422.SZ,2024-02-26,25.55,26.69,25.51,26.41,25.52,0.89,3.4875,191153.71,501169.828
002422.SZ,2024-02-27,26.41,26.8,26.22,26.75,26.41,0.34,1.2874,125249.14,331770.057
002422.SZ,2024-02-28,26.71,27.6,26.71,26.86,26.75,0.11,0.4112,213609.51,582534.896
002422.SZ,2024-02-29,26.61,27.73,26.55,27.45,26.86,0.59,2.1966,152879.86,418644.035
002422.SZ,2024-03-01,27.39,27.6,27.19,27.47,27.45,0.02,0.0729,83440.57,228725.144
002422.SZ,2024-03-04,27.46,28.78,27.3,28.45,27.47,0.98,3.5675,256620.79,728044.37
002422.SZ,2024-03-05,28.28,28.75,28.0,28.3,28.45,-0.15,-0.5272,112494.96,318154.293
002422.SZ,2024-03-06,28.3,28.3,27.65,27.89,28.3,-0.41,-1.4488,92684.08,258493.676
002422.SZ,2024-03-07,27.87,27.99,27.0,27.02,27.89,-0.87,-3.1194,132320.12,361807.842
002422.SZ,2024-03-08,27.2,27.3,26.61,27.2,27.02,0.18,0.6662,150729.36,405966.564
002422.SZ,2024-03-11,27.18,27.95,26.65,27.85,27.2,0.65,2.3897,222122.42,610480.009
002422.SZ,2024-03-12,27.82,28.35,27.52,27.79,27.85,-0.06,-0.2154,164364.05,458052.28
002422.SZ,2024-03-13,27.79,28.66,27.38,28.41,27.79,0.62,2.231,249644.18,704209.696
002422.SZ,2024-03-14,30.4,31.18,29.77,30.22,28.41,1.81,6.371,514922.48,1564706.622
002422.SZ,2024-03-15,29.98,30.66,29.41,29.98,30.22,-0.24,-0.7942,215841.38,646421.872
002422.SZ,2024-03-18,29.99,30.75,29.71,30.7,29.98,0.72,2.4016,190350.81,578777.576
002422.SZ,2024-03-19,30.5,30.9,29.97,30.02,30.7,-0.68,-2.215,152544.0,463147.979
002422.SZ,2024-03-20,29.92,30.2,29.73,30.12,30.02,0.1,0.3331,123941.6,371298.409
002422.SZ,2024-03-21,30.18,30.8,29.95,30.4,30.12,0.28,0.9296,155156.19,472450.918
002422.SZ,2024-03-22,30.38,30.65,29.98,30.22,30.4,-0.18,-0.5921,114335.21,346270.81
002422.SZ,2024-03-25,30.09,30.22,29.65,30.0,30.22,-0.22,-0.728,168672.85,503956.633
002422.SZ,2024-03-26,29.8,30.14,29.47,29.77,30.0,-0.23,-0.7667,145882.37,435243.59
002422.SZ,2024-03-27,29.8,30.3,29.71,29.9,29.77,0.13,0.4367,134691.19,405148.524
002422.SZ,2024-03-28,29.91,30.66,29.65,30.24,29.9,0.34,1.1371,164417.37,499244.182
002422.SZ,2024-03-29,30.16,30.74,30.04,30.55,30.24,0.31,1.0251,102467.61,310994.326
002422.SZ,2024-04-01,30.35,30.8,29.83,30.38,30.55,-0.17,-0.5565,100849.14,304929.683
002422.SZ,2024-04-02,30.32,30.32,29.58,29.72,30.38,-0.66,-2.1725,129988.61,387627.581
002422.SZ,2024-04-03,29.68,30.34,29.61,30.02,29.72,0.3,1.0094,130550.8,392540.013
002422.SZ,2024-04-08,29.99,30.89,29.75,29.86,30.02,-0.16,-0.533,132119.84,396847.666
002422.SZ,2024-04-09,30.03,30.03,29.01,29.62,29.86,-0.24,-0.8038,183135.37,537187.263
002422.SZ,2024-04-10,29.54,29.79,28.89,29.0,29.62,-0.62,-2.0932,122163.17,357172.81
002422.SZ,2024-04-11,29.95,30.78,29.8,29.99,29.0,0.99,3.4138,257089.14,778572.124
002422.SZ,2024-04-12,29.92,30.15,29.5,29.76,29.99,-0.23,-0.7669,114249.78,340296.198
002422.SZ,2024-04-15,29.77,30.35,29.61,30.26,29.76,0.5,1.6801,168951.24,508447.177
002422.SZ,2024-04-16,30.08,30.39,29.2,29.28,30.26,-0.98,-3.2386,136230.71,404657.217
002422.SZ,2024-04-17,29.39,29.99,29.15,29.9,29.28,0.62,2.1175,133929.53,397882.729
002422.SZ,2024-04-18,29.88,30.34,29.61,29.65,29.9,-0.25,-0.8361,114778.76,343165.385
002422.SZ,2024-04-19,29.6,30.03,29.0,29.29,29.65,-0.36,-1.2142,147147.41,432675.581
002422.SZ,2024-04-22,29.17,30.18,29.09,29.93,29.29,0.64,2.185,138259.25,413366.326
002422.SZ,2024-04-23,29.92,30.45,29.03,30.11,29.93,0.18,0.6014,188823.88,561212.273
002422.SZ,2024-04-24,29.9,30.08,29.43,30.06,30.11,-0.05,-0.1661,143094.34,426555.318
002422.SZ,2024-04-25,30.02,31.77,30.0,31.3,30.06,1.24,4.1251,289673.71,901349.498
002422.SZ,2024-04-26,31.21,32.57,31.1,32.4,31.3,1.1,3.5144,227296.82,726903.039
002422.SZ,2024-04-29,32.4,32.97,32.19,32.83,32.4,0.43,1.3272,198538.96,647773.727
002422.SZ,2024-04-30,32.75,34.64,32.58,33.95,32.83,1.12,3.4115,231050.49,784845.255
002422.SZ,2024-05-06,34.55,34.87,33.78,34.0,33.95,0.05,0.1473,315989.72,1082251.058
002422.SZ,2024-05-07,33.94,34.19,33.71,33.94,34.0,-0.06,-0.1765,145671.17,495142.283
002422.SZ,2024-05-08,34.0,34.19,33.4,33.63,33.94,-0.31,-0.9134,153449.18,516020.41
002422.SZ,2024-05-09,33.63,35.49,33.45,34.79,33.63,1.16,3.4493,239217.78,830100.215
002422.SZ,2024-05-10,34.69,35.1,34.35,34.69,34.79,-0.1,-0.2874,197585.79,687036.016
002422.SZ,2024-05-13,34.69,35.06,34.16,34.82,34.69,0.13,0.3747,152405.24,529600.338
002422.SZ,2024-05-14,34.69,35.45,34.58,35.01,34.82,0.19,0.5457,118705.17,415579.377
002422.SZ,2024-05-15,35.35,35.35,33.98,34.04,35.01,-0.97,-2.7706,128895.26,444262.16
002422.SZ,2024-05-16,33.96,34.15,33.53,33.71,34.04,-0.33,-0.9694,163804.61,553183.925
002422.SZ,2024-05-17,33.69,34.04,33.23,33.67,33.71,-0.04,-0.1187,126152.69,423542.106
002422.SZ,2024-05-20,33.56,34.44,33.53,34.17,33.67,0.5,1.485,122266.11,417111.279
002422.SZ,2024-05-21,34.01,34.35,33.83,33.96,34.17,-0.21,-0.6146,95617.4,325707.895
002422.SZ,2024-05-22,33.94,34.08,33.22,33.43,33.96,-0.53,-1.5607,102278.77,342655.948
002422.SZ,2024-05-23,33.54,33.85,33.02,33.25,33.43,-0.18,-0.5384,114480.23,382567.079
002422.SZ,2024-05-24,33.61,34.56,33.3,33.47,33.25,0.22,0.6617,221495.7,750752.742
002422.SZ,2024-05-27,33.55,33.68,33.0,33.41,33.47,-0.06,-0.1793,118930.93,395958.498
002422.SZ,2024-05-28,33.4,33.81,32.85,32.93,33.41,-0.48,-1.4367,140585.52,465706.362
002422.SZ,2024-05-29,32.2,32.69,32.01,32.26,32.14,0.12,0.3734,109623.11,354037.616
002422.SZ,2024-05-30,32.15,32.68,31.92,32.3,32.26,0.04,0.124,100355.42,325328.713
002422.SZ,2024-05-31,32.81,32.93,31.99,32.01,32.3,-0.29,-0.8978,127856.68,412229.99
002422.SZ,2024-06-03,31.61,32.4,31.46,32.04,32.01,0.03,0.0937,138724.89,443846.011
002422.SZ,2024-06-04,32.1,33.46,31.99,33.22,32.04,1.18,3.6829,183562.89,603206.191
002422.SZ,2024-06-05,33.32,33.6,32.9,33.12,33.22,-0.1,-0.301,127733.09,424602.305
002422.SZ,2024-06-06,32.8,33.58,32.54,32.68,33.12,-0.44,-1.3285,147989.55,487690.87
002422.SZ,2024-06-07,32.86,32.96,31.81,31.89,32.68,-0.79,-2.4174,133933.54,430023.258
002422.SZ,2024-06-11,31.92,32.55,31.74,32.4,31.89,0.51,1.5992,116138.65,373649.555
002422.SZ,2024-06-12,32.23,32.42,31.88,31.99,32.4,-0.41,-1.2654,102520.75,328743.01
002422.SZ,2024-06-13,32.15,32.88,31.88,32.19,31.99,0.2,0.6252,219367.03,709190.769
002422.SZ,2024-06-14,32.1,32.67,31.73,32.36,32.19,0.17,0.5281,380111.92,1229055.487
002422.SZ,2024-06-17,32.4,32.7,31.55,31.94,32.36,-0.42,-1.2979,245766.85,784215.079
002422.SZ,2024-06-18,32.09,32.28,31.81,32.12,31.94,0.18,0.5636,136938.58,439813.488
002422.SZ,2024-06-19,32.1,32.1,31.31,31.38,32.12,-0.74,-2.3039,132036.2,416167.823
002422.SZ,2024-06-20,31.31,31.73,30.6,30.8,31.38,-0.58,-1.8483,138995.34,430862.744
002422.SZ,2024-06-21,30.6,31.97,30.6,31.53,30.8,0.73,2.3701,139237.14,439099.139
002422.SZ,2024-06-24,31.4,31.47,30.61,30.68,31.53,-0.85,-2.6958,114088.32,352556.145
002422.SZ,2024-06-25,30.78,30.88,30.3,30.37,30.68,-0.31,-1.0104,78344.44,238917.687
002422.SZ,2024-06-26,30.25,31.18,30.2,31.08,30.37,0.71,2.3378,107897.36,331539.981
002422.SZ,2024-06-27,31.0,31.0,30.36,30.74,31.08,-0.34,-1.094,80870.32,248022.347
002422.SZ,2024-06-28,30.54,30.93,30.18,30.33,30.74,-0.41,-1.3338,96532.73,294049.385
002422.SZ,2024-07-01,30.3,30.57,29.95,30.45,30.33,0.12,0.3956,85323.21,258203.127
002422.SZ,2024-07-02,30.34,30.73,30.06,30.18,30.45,-0.27,-0.8867,88404.08,267861.636
002422.SZ,2024-07-03,30.18,30.34,29.57,29.73,30.18,-0.45,-1.4911,109583.6,327179.914
002422.SZ,2024-07-04,29.73,29.96,29.33,29.4,29.73,-0.33,-1.11,87238.43,258886.419
002422.SZ,2024-07-05,29.32,31.25,29.06,31.11,29.4,1.71,5.8163,154775.08,468878.208
002422.SZ,2024-07-08,31.11,31.41,30.38,30.52,31.11,-0.59,-1.8965,138087.62,426688.013
002422.SZ,2024-07-09,30.33,30.96,30.09,30.68,30.52,0.16,0.5242,111816.07,341497.33
002422.SZ,2024-07-10,30.45,31.48,30.31,30.92,30.68,0.24,0.7823,106123.24,329261.284
002422.SZ,2024-07-11,30.95,31.68,30.35,31.35,30.92,0.43,1.3907,143051.49,445924.154
002422.SZ,2024-07-12,31.35,32.6,31.26,32.25,31.35,0.9,2.8708,135050.33,434147.319
002422.SZ,2024-07-15,32.0,32.15,31.58,31.8,32.25,-0.45,-1.3953,77799.9,247421.643
002422.SZ,2024-07-16,31.65,32.05,31.42,31.71,31.8,-0.09,-0.283,60488.74,191800.558
002422.SZ,2024-07-17,31.55,31.95,31.21,31.7,31.71,-0.01,-0.0315,103794.63,328287.137
002422.SZ,2024-07-18,31.41,32.19,31.33,31.85,31.7,0.15,0.4732,105558.27,335399.779
002422.SZ,2024-07-19,31.78,32.53,31.5,32.03,31.85,0.18,0.5651,125274.72,403024.96
002422.SZ,2024-07-22,32.11,32.69,31.65,32.48,32.03,0.45,1.4049,108930.24,352198.548
002422.SZ,2024-07-23,32.49,32.49,31.03,31.03,32.48,-1.45,-4.4643,140434.42,442182.057
002422.SZ,2024-07-24,30.94,31.2,30.48,30.55,31.03,-0.48,-1.5469,93962.62,289409.688
002422.SZ,2024-07-25,30.54,30.94,30.3,30.68,30.55,0.13,0.4255,62574.4,192217.11
002422.SZ,2024-07-26,30.69,31.08,30.42,30.81,30.68,0.13,0.4237,52182.11,160607.379
002422.SZ,2024-07-29,30.89,30.89,30.15,30.3,30.81,-0.51,-1.6553,76770.98,233316.391
002422.SZ,2024-07-30,30.19,30.19,28.53,28.89,30.3,-1.41,-4.6535,165140.39,480143.527
002422.SZ,2024-07-31,28.83,30.33,28.62,30.04,28.89,1.15,3.9806,137930.3,409223.056
002422.SZ,2024-08-01,30.0,30.54,29.76,30.21,30.04,0.17,0.5659,121272.25,366129.576
002422.SZ,2024-08-02,30.09,31.65,30.0,31.05,30.21,0.84,2.7805,125779.12,392039.538
002422.SZ,2024-08-05,30.88,31.98,30.68,30.72,31.05,-0.33,-1.0628,110900.78,346628.869
002422.SZ,2024-08-06,30.85,31.2,30.5,30.92,30.72,0.2,0.651,86910.4,267947.303
002422.SZ,2024-08-07,30.92,31.45,30.65,30.73,30.92,-0.19,-0.6145,74520.92,231003.668
002422.SZ,2024-08-08,30.7,31.45,30.66,30.8,30.73,0.07,0.2278,80578.86,250015.771
002422.SZ,2024-08-09,30.86,31.31,30.56,30.58,30.8,-0.22,-0.7143,57985.13,178796.942
002422.SZ,2024-08-12,30.41,31.45,30.33,31.18,30.58,0.6,1.9621,84556.69,262690.151
002422.SZ,2024-08-13,31.39,31.7,30.89,31.21,31.18,0.03,0.0962,121560.19,380620.846
002422.SZ,2024-08-14,31.16,31.29,30.59,30.84,31.21,-0.37,-1.1855,70623.59,218246.801
002422.SZ,2024-08-15,30.7,31.14,30.5,30.71,30.84,-0.13,-0.4215,56675.31,174358.647
002422.SZ,2024-08-16,30.71,31.35,30.42,31.26,30.71,0.55,1.7909,75299.54,233436.283
002422.SZ,2024-08-19,31.2,31.76,30.9,31.47,31.26,0.21,0.6718,85164.0,266486.231
002422.SZ,2024-08-20,31.39,31.8,30.92,31.46,31.47,-0.01,-0.0318,73584.46,230652.12
002422.SZ,2024-08-21,31.3,32.2,31.21,31.94,31.46,0.48,1.5257,90804.5,289082.747
002422.SZ,2024-08-22,32.01,32.77,31.64,32.37,31.94,0.43,1.3463,117190.19,378840.827
002422.SZ,2024-08-23,32.2,32.49,31.91,32.27,32.37,-0.1,-0.3089,82585.94,265784.703
002422.SZ,2024-08-26,32.07,32.52,31.74,32.28,32.27,0.01,0.031,76983.43,247550.188
002422.SZ,2024-08-27,32.03,32.84,32.03,32.53,32.28,0.25,0.7745,68328.02,221951.277
002422.SZ,2024-08-28,32.39,32.99,32.35,32.59,32.53,0.06,0.1844,57598.16,187901.687
002422.SZ,2024-08-29,32.39,32.39,31.36,31.4,32.59,-1.19,-3.6514,140543.2,445447.828
002422.SZ,2024-08-30,31.19,31.47,30.45,30.66,31.4,-0.74,-2.3567,159052.82,490713.836
002422.SZ,2024-09-02,30.65,30.83,30.0,30.62,30.66,-0.04,-0.1305,119840.85,364804.18
002422.SZ,2024-09-03,30.35,31.38,30.32,30.94,30.62,0.32,1.0451,101634.08,315437.655
002422.SZ,2024-09-04,30.82,32.02,30.7,31.62,30.94,0.68,2.1978,96109.16,303519.616
002422.SZ,2024-09-05,31.6,31.94,31.31,31.63,31.62,0.01,0.0316,70559.04,223281.691
002422.SZ,2024-09-06,31.6,32.37,31.45,31.55,31.63,-0.08,-0.2529,58831.28,187923.893
002422.SZ,2024-09-09,31.6,32.09,31.15,31.35,31.55,-0.2,-0.6339,80785.23,255023.547
002422.SZ,2024-09-10,31.09,31.35,30.29,30.86,31.35,-0.49,-1.563,170090.17,520435.677
002422.SZ,2024-09-11,30.65,31.54,30.35,31.4,30.86,0.54,1.7498,136620.99,426411.303
002422.SZ,2024-09-12,31.25,31.98,30.28,30.31,31.4,-1.09,-3.4713,150255.96,462493.829
002422.SZ,2024-09-13,30.11,30.5,29.76,30.05,30.31,-0.26,-0.8578,103913.0,311959.967
002422.SZ,2024-09-18,30.05,30.4,29.56,29.94,30.05,-0.11,-0.3661,94570.64,282974.816
002422.SZ,2024-09-19,30.1,30.15,29.06,29.09,29.94,-0.85,-2.839,164046.73,482791.818
002422.SZ,2024-09-20,29.02,29.06,26.7,26.93,29.09,-2.16,-7.4252,458061.93,1262375.458
002422.SZ,2024-09-23,26.73,27.04,25.96,26.13,26.93,-0.8,-2.9707,228456.74,602556.385
002422.SZ,2024-09-24,26.5,26.83,25.72,26.32,26.13,0.19,0.7271,270662.52,709917.524
002422.SZ,2024-09-25,26.47,27.89,26.47,27.09,26.32,0.77,2.9255,333209.09,905777.808
002422.SZ,2024-09-26,26.89,28.26,26.44,28.17,27.09,1.08,3.9867,251928.53,688487.326
002422.SZ,2024-09-27,28.37,30.15,28.36,29.65,28.17,1.48,5.2538,248808.06,727183.172
002422.SZ,2024-09-30,30.54,32.2,29.81,32.0,29.65,2.35,7.9258,329423.88,1027227.576
002422.SZ,2024-10-08,35.18,35.19,32.33,34.97,32.0,2.97,9.2813,377944.83,1288474.095
002422.SZ,2024-10-09,34.2,34.75,32.96,33.05,34.97,-1.92,-5.4904,277942.64,940596.284
002422.SZ,2024-10-10,33.16,35.16,33.16,33.87,33.05,0.82,2.4811,281966.92,967573.652
002422.SZ,2024-10-11,33.68,33.77,31.85,32.3,33.87,-1.57,-4.6354,166812.97,545095.897
002422.SZ,2024-10-14,32.29,33.15,31.73,32.89,32.3,0.59,1.8266,162942.38,528761.361
002422.SZ,2024-10-15,32.89,33.91,32.21,32.87,32.89,-0.02,-0.0608,150568.58,500534.296
002422.SZ,2024-10-16,32.5,33.32,32.18,32.57,32.87,-0.3,-0.9127,112747.95,369973.427
002422.SZ,2024-10-17,32.73,33.8,32.65,33.26,32.57,0.69,2.1185,166001.16,553681.964
002422.SZ,2024-10-18,33.19,33.42,32.27,32.6,33.26,-0.66,-1.9844,282794.37,925795.524
002422.SZ,2024-10-21,32.6,33.95,31.9,33.36,32.6,0.76,2.3313,246377.61,808336.036
002422.SZ,2024-10-22,32.94,33.66,32.34,32.76,33.36,-0.6,-1.7986,170991.88,564515.187
002422.SZ,2024-10-23,32.64,32.67,31.65,31.91,32.5,-0.59,-1.8154,198290.02,633922.939
002422.SZ,2024-10-24,31.8,32.3,31.8,32.03,31.91,0.12,0.3761,108429.15,347089.93
002422.SZ,2024-10-25,32.01,32.97,31.5,32.65,32.03,0.62,1.9357,150548.2,486728.933
002422.SZ,2024-10-28,32.66,33.47,32.3,33.22,32.65,0.57,1.7458,129492.46,428050.229
002422.SZ,2024-10-29,33.4,33.56,32.4,32.58,33.22,-0.64,-1.9266,153347.59,502202.346
002422.SZ,2024-10-30,32.41,32.75,31.75,32.13,32.58,-0.45,-1.3812,139922.37,448906.177
002422.SZ,2024-10-31,32.14,32.5,31.94,32.06,32.13,-0.07,-0.2179,151107.33,487095.525
002422.SZ,2024-11-01,32.13,33.5,32.01,32.65,32.06,0.59,1.8403,162937.99,536665.22
002422.SZ,2024-11-04,33.2,33.8,32.59,33.01,32.65,0.36,1.1026,174883.59,577469.31
002422.SZ,2024-11-05,32.99,33.06,32.4,32.97,33.01,-0.04,-0.1212,176411.45,578985.854
002422.SZ,2024-11-06,32.88,33.65,32.66,33.1,32.97,0.13,0.3943,200514.12,664336.898
002422.SZ,2024-11-07,32.86,34.12,32.81,34.02,33.1,0.92,2.7795,215664.21,727615.201
002422.SZ,2024-11-08,34.28,34.4,33.44,33.63,34.02,-0.39,-1.1464,170406.35,574294.551
002422.SZ,2024-11-11,33.48,33.54,32.7,33.21,33.63,-0.42,-1.2489,203165.78,670144.681
002422.SZ,2024-11-12,33.16,34.4,32.97,33.22,33.21,0.01,0.0301,221081.15,744201.683
002422.SZ,2024-11-13,33.07,33.36,32.71,33.14,33.22,-0.08,-0.2408,138467.14,457222.125
002422.SZ,2024-11-14,32.9,32.9,30.07,30.6,33.14,-2.54,-7.6645,701616.09,2183287.449
002422.SZ,2024-11-15,30.65,31.56,30.36,31.14,30.6,0.54,1.7647,313362.49,972042.318
002422.SZ,2024-11-18,31.13,31.63,29.6,29.85,31.14,-1.29,-4.1426,301987.13,918121.31
002422.SZ,2024-11-19,30.0,30.27,29.67,29.94,29.85,0.09,0.3015,178127.05,532320.938
002422.SZ,2024-11-20,29.85,31.88,29.4,31.84,29.94,1.9,6.346,414607.09,1287932.359
002422.SZ,2024-11-21,31.6,32.37,31.44,31.62,31.84,-0.22,-0.691,145222.65,462312.112
002422.SZ,2024-11-22,31.5,31.8,30.38,30.49,31.62,-1.13,-3.5737,125411.59,388214.172
002422.SZ,2024-11-25,30.6,31.04,30.41,30.51,30.49,0.02,0.0656,106026.95,324452.204
002422.SZ,2024-11-26,30.71,31.57,30.57,31.05,30.51,0.54,1.7699,123444.42,385536.872
002422.SZ,2024-11-27,30.92,32.8,30.83,32.66,31.05,1.61,5.1852,237990.14,764922.996
002422.SZ,2024-11-28,32.67,33.34,32.08,32.19,32.66,-0.47,-1.4391,146360.68,477358.504
002422.SZ,2024-11-29,32.42,32.85,32.11,32.72,32.19,0.53,1.6465,167198.79,544549.864
002422.SZ,2024-12-02,33.38,34.5,33.13,34.31,32.72,1.59,4.8594,316855.27,1073187.344
002422.SZ,2024-12-03,34.31,34.5,33.94,34.49,34.31,0.18,0.5246,167619.01,574632.156
002422.SZ,2024-12-04,34.5,34.57,33.6,33.92,34.49,-0.57,-1.6527,194172.95,661421.555
002422.SZ,2024-12-05,33.9,33.9,32.9,33.61,33.92,-0.31,-0.9139,161454.11,539136.395
002422.SZ,2024-12-06,33.67,34.21,33.57,33.87,33.61,0.26,0.7736,117361.55,398349.079
002422.SZ,2024-12-09,34.27,34.46,33.65,34.28,33.87,0.41,1.2105,137268.13,468896.393
002422.SZ,2024-12-10,34.75,34.75,33.25,33.37,34.28,-0.91,-2.6546,296495.57,1001919.61
002422.SZ,2024-12-11,33.33,33.47,32.6,32.67,33.37,-0.7,-2.0977,226716.55,747197.052
002422.SZ,2024-12-12,32.58,32.8,31.57,32.31,32.67,-0.36,-1.1019,444266.99,1433067.049
002422.SZ,2024-12-13,32.16,32.72,31.56,31.7,32.31,-0.61,-1.888,979542.0,3139004.576
002422.SZ,2024-12-16,31.7,32.27,30.69,31.55,31.7,-0.15,-0.4732,392216.35,1227009.222
002422.SZ,2024-12-17,31.4,31.57,30.91,31.0,31.55,-0.55,-1.7433,194487.51,606948.26
002422.SZ,2024-12-18,31.03,31.18,30.56,30.65,31.0,-0.35,-1.129,177830.84,548111.955
002422.SZ,2024-12-19,30.48,30.56,30.27,30.51,30.65,-0.14,-0.4568,121910.59,370588.833
002422.SZ,2024-12-20,30.6,31.0,30.32,30.43,30.51,-0.08,-0.2622,143182.6,437727.827
002422.SZ,2024-12-23,30.44,30.67,30.2,30.24,30.43,-0.19,-0.6244,141124.25,429411.243
002422.SZ,2024-12-24,30.24,30.41,30.08,30.31,30.24,0.07,0.2315,103191.89,312287.078
002422.SZ,2024-12-25,30.35,31.01,30.13,30.83,30.31,0.52,1.7156,208120.34,637943.378
002422.SZ,2024-12-26,30.71,30.79,30.36,30.48,30.83,-0.35,-1.1353,105075.93,320846.237
002422.SZ,2024-12-27,30.48,30.82,30.35,30.58,30.48,0.1,0.3281,152447.44,466263.749
002422.SZ,2024-12-30,30.6,30.95,30.22,30.32,30.58,-0.26,-0.8502,122818.46,375765.227
002422.SZ,2024-12-31,30.34,30.41,29.84,29.93,30.32,-0.39,-1.2863,128833.28,386193.433
002422.SZ,2025-01-02,30.0,30.06,29.15,29.48,29.93,-0.45,-1.5035,206057.65,608372.183
002422.SZ,2025-01-03,29.48,29.75,29.11,29.21,29.48,-0.27,-0.9159,127229.25,374467.968
002422.SZ,2025-01-06,29.44,29.53,28.76,28.9,29.21,-0.31,-1.0613,144069.21,418703.961
002422.SZ,2025-01-07,28.9,28.94,27.51,27.88,28.9,-1.02,-3.5294,263416.95,738321.528
002422.SZ,2025-01-08,27.88,27.93,27.1,27.43,27.88,-0.45,-1.6141,170596.4,469168.259
002422.SZ,2025-01-09,27.35,28.19,27.24,27.63,27.43,0.2,0.7291,140756.29,390353.705
002422.SZ,2025-01-10,27.6,27.73,27.2,27.4,27.63,-0.23,-0.8324,93957.34,258579.585
002422.SZ,2025-01-13,27.4,27.87,27.25,27.86,27.4,0.46,1.6788,122248.14,337754.073
002422.SZ,2025-01-14,27.8,28.33,27.68,28.29,27.86,0.43,1.5434,159717.35,448818.944
002422.SZ,2025-01-15,28.21,28.27,27.64,27.7,28.29,-0.59,-2.0855,108251.0,301829.188
002422.SZ,2025-01-16,27.75,27.94,27.35,27.56,27.7,-0.14,-0.5054,111119.99,306845.499
002422.SZ,2025-01-17,27.4,27.82,27.26,27.47,27.56,-0.09,-0.3266,97459.0,268164.491
002422.SZ,2025-01-20,27.79,28.9,27.6,28.66,27.47,1.19,4.332,208938.05,596524.594
002422.SZ,2025-01-21,28.7,28.92,27.96,28.36,28.66,-0.3,-1.0468,142592.67,403214.361
002422.SZ,2025-01-22,28.28,28.72,28.1,28.42,28.36,0.06,0.2116,90595.08,257731.813
002422.SZ,2025-01-23,28.55,28.69,28.1,28.13,28.42,-0.29,-1.0204,88636.08,251697.745
002422.SZ,2025-01-24,28.11,28.53,27.98,28.14,28.13,0.01,0.0355,97940.76,276717.779
002422.SZ,2025-01-27,28.16,28.66,28.04,28.13,28.14,-0.01,-0.0355,118590.3,335376.247
002422.SZ,2025-02-05,28.31,28.35,27.42,27.54,28.13,-0.59,-2.0974,126960.45,350557.168
002422.SZ,2025-02-06,27.58,27.78,27.28,27.75,27.54,0.21,0.7625,106993.79,295216.208
002422.SZ,2025-02-07,27.62,28.2,27.42,27.86,27.75,0.11,0.3964,144478.57,402906.062
002422.SZ,2025-02-10,27.86,28.49,27.73,28.4,27.86,0.54,1.9383,147196.42,414809.423
002422.SZ,2025-02-11,28.4,28.5,27.58,27.75,28.4,-0.65,-2.2887,176153.06,490326.902
002422.SZ,2025-02-12,27.59,27.73,27.16,27.4,27.75,-0.35,-1.2613,157586.61,431117.693
002422.SZ,2025-02-13,27.39,27.84,27.36,27.44,27.4,0.04,0.146,126596.9,349082.127
002422.SZ,2025-02-14,27.53,27.94,27.47,27.75,27.44,0.31,1.1297,145629.54,404343.743
002422.SZ,2025-02-17,27.88,27.9,27.16,27.35,27.75,-0.4,-1.4414,201873.33,552870.86
002422.SZ,2025-02-18,27.33,27.95,27.0,27.38,27.35,0.03,0.1097,213923.34,587882.538
002422.SZ,2025-02-19,27.2,27.31,26.72,26.85,27.38,-0.53,-1.9357,256464.85,691376.453
002422.SZ,2025-02-20,26.88,27.45,26.72,27.19,26.85,0.34,1.2663,195602.23,531908.006
002422.SZ,2025-02-21,27.21,28.5,27.19,28.47,27.19,1.28,4.7076,404328.09,1132874.648
002422.SZ,2025-02-24,28.65,28.83,28.21,28.44,28.47,-0.03,-0.1054,180060.47,513778.198
002422.SZ,2025-02-25,28.3,28.42,27.91,28.1,28.44,-0.34,-1.1955,112827.27,317357.41
002422.SZ,2025-02-26,28.2,29.24,27.83,29.1,28.1,1.0,3.5587,261475.53,745144.727
002422.SZ,2025-02-27,29.02,30.54,28.9,30.49,29.1,1.39,4.7766,387755.24,1160133.479
002422.SZ,2025-02-28,30.41,30.46,29.43,29.5,30.49,-0.99,-3.247,191317.0,570734.378
002422.SZ,2025-03-03,29.65,31.31,29.54,31.06,29.5,1.56,5.2881,330717.03,1018395.467
002422.SZ,2025-03-04,31.0,31.71,30.42,31.42,31.06,0.36,1.159,191280.8,595091.622
002422.SZ,2025-03-05,31.31,31.95,30.86,31.24,31.42,-0.18,-0.5729,213266.28,669319.574
002422.SZ,2025-03-06,31.17,31.58,30.7,30.95,31.24,-0.29,-0.9283,198882.19,617336.21
002422.SZ,2025-03-07,30.85,31.45,30.56,30.99,30.95,0.04,0.1292,163750.04,508633.141
002422.SZ,2025-03-10,31.0,31.41,30.88,31.31,30.99,0.32,1.0326,125469.0,391181.936
002422.SZ,2025-03-11,31.27,32.46,31.03,32.38,31.31,1.07,3.4174,226935.32,723992.293
002422.SZ,2025-03-12,32.46,32.46,30.83,30.9,32.38,-1.48,-4.5707,198845.08,624355.635
002422.SZ,2025-03-13,30.99,31.51,30.92,31.51,30.9,0.61,1.9741,118727.57,371593.678
002422.SZ,2025-03-14,31.45,31.75,31.02,31.59,31.51,0.08,0.2539,116941.18,368344.367
002422.SZ,2025-03-17,31.52,31.66,30.92,31.1,31.59,-0.49,-1.5511,102885.16,320516.085
002422.SZ,2025-03-18,31.19,31.61,30.89,31.24,31.1,0.14,0.4502,91465.99,286759.262
002422.SZ,2025-03-19,31.24,32.4,31.13,31.65,31.24,0.41,1.3124,151452.93,481799.932
002422.SZ,2025-03-20,31.9,32.05,31.21,31.28,31.65,-0.37,-1.169,100862.72,318152.976
002422.SZ,2025-03-21,31.25,31.65,30.8,31.58,31.28,0.3,0.9591,154552.94,482345.687
002422.SZ,2025-03-24,31.49,31.85,31.13,31.29,31.58,-0.29,-0.9183,114941.71,361717.533
002422.SZ,2025-03-25,31.29,31.55,30.88,30.98,31.29,-0.31,-0.9907,100174.35,312338.775
002422.SZ,2025-03-26,30.96,31.45,30.35,30.6,30.98,-0.38,-1.2266,133193.46,408448.051
002422.SZ,2025-03-27,30.61,31.98,30.36,31.69,30.6,1.09,3.5621,195875.95,614195.94
002422.SZ,2025-03-28,31.67,33.07,31.61,32.47,31.69,0.78,2.4613,259798.21,849492.714
002422.SZ,2025-03-31,32.49,32.98,31.92,32.23,32.47,-0.24,-0.7391,147747.78,477633.134
002422.SZ,2025-04-01,32.42,35.45,32.04,35.45,32.23,3.22,9.9907,404563.71,1393974.141
002422.SZ,2025-04-02,36.0,38.08,35.51,37.0,35.45,1.55,4.3724,463639.38,1698329.422
002422.SZ,2025-04-03,36.99,37.1,36.0,36.84,37.0,-0.16,-0.4324,248614.41,907831.663
002422.SZ,2025-04-07,34.98,35.7,33.16,34.41,36.84,-2.43,-6.5961,409051.27,1411412.281
002422.SZ,2025-04-08,34.44,34.64,33.2,34.29,34.41,-0.12,-0.3487,304505.45,1037093.911
002422.SZ,2025-04-09,33.0,34.15,30.86,33.3,34.29,-0.99,-2.8871,432601.66,1393284.906
002422.SZ,2025-04-10,33.46,35.25,33.46,34.55,33.3,1.25,3.7538,255198.18,881508.433
002422.SZ,2025-04-11,33.97,35.88,33.94,35.68,34.55,1.13,3.2706,221377.58,773876.859
002422.SZ,2025-04-14,35.51,36.32,35.11,35.2,35.68,-0.48,-1.3453,215618.45,769640.598
002422.SZ,2025-04-15,35.11,35.59,34.55,34.85,35.2,-0.35,-0.9943,135490.05,471480.519
002422.SZ,2025-04-16,34.56,35.35,34.0,34.63,34.85,-0.22,-0.6313,125903.46,435785.915
002422.SZ,2025-04-17,34.35,34.63,33.97,34.18,34.63,-0.45,-1.2995,125760.71,430342.108
002422.SZ,2025-04-18,34.17,34.73,33.7,33.93,34.18,-0.25,-0.7314,84375.92,287138.407
002422.SZ,2025-04-21,33.57,35.5,33.28,35.32,33.93,1.39,4.0967,169581.4,589235.768
002422.SZ,2025-04-22,35.29,36.15,35.01,35.71,35.32,0.39,1.1042,146578.19,523769.876
002422.SZ,2025-04-23,35.51,35.85,34.71,34.82,35.71,-0.89,-2.4923,156052.2,546745.397
002422.SZ,2025-04-24,34.4,35.52,34.3,35.48,34.82,0.66,1.8955,151387.92,530463.216
002422.SZ,2025-04-25,35.43,35.55,32.81,33.14,35.48,-2.34,-6.5953,315142.77,1057957.031
002422.SZ,2025-04-28,32.93,33.4,32.65,33.12,33.14,-0.02,-0.0604,137670.94,456126.547
002422.SZ,2025-04-29,32.76,33.38,32.25,32.92,33.12,-0.2,-0.6039,128532.18,422521.92
002422.SZ,2025-04-30,31.94,36.21,31.81,36.21,32.92,3.29,9.9939,419847.99,1445712.889
002422.SZ,2025-05-06,36.29,36.46,35.45,35.75,36.21,-0.46,-1.2704,242749.86,871901.225
002422.SZ,2025-05-07,35.91,36.09,34.35,34.65,35.75,-1.1,-3.0769,173618.35,606682.021
002422.SZ,2025-05-08,34.55,34.65,33.97,34.02,34.65,-0.63,-1.8182,134770.17,460893.219
002422.SZ,2025-05-09,34.05,34.77,34.02,34.14,34.02,0.12,0.3527,118460.94,406306.006
002422.SZ,2025-05-12,34.0,34.0,32.52,33.3,34.14,-0.84,-2.4605,242061.77,796951.847
002422.SZ,2025-05-13,33.62,34.19,33.5,33.86,33.3,0.56,1.6817,161256.0,545039.509
002422.SZ,2025-05-14,33.55,34.45,33.25,33.89,33.86,0.03,0.0886,116093.38,393587.228
002422.SZ,2025-05-15,34.0,35.76,33.72,34.9,33.89,1.01,2.9802,251799.24,880652.933
002422.SZ,2025-05-16,35.0,35.07,33.1,35.02,34.9,0.12,0.3438,255647.6,875461.756
002422.SZ,2025-05-19,34.3,35.19,33.7,34.96,35.02,-0.06,-0.1713,172722.77,595591.58
002422.SZ,2025-05-20,34.96,37.1,34.96,36.9,34.96,1.94,5.5492,263165.75,964012.344
002422.SZ,2025-05-21,36.55,39.77,36.4,37.88,36.9,0.98,2.6558,292882.89,1115529.523
002422.SZ,2025-05-22,37.8,38.97,37.01,38.07,37.88,0.19,0.5016,185628.87,704924.794
002422.SZ,2025-05-23,38.0,40.8,38.0,39.35,38.07,1.28,3.3622,244083.06,968184.784
002422.SZ,2025-05-26,39.35,39.49,37.2,37.4,39.35,-1.95,-4.9555,211825.16,799158.14
002422.SZ,2025-05-27,37.4,38.06,37.01,37.23,37.4,-0.17,-0.4545,169826.25,634237.826
002422.SZ,2025-05-28,37.16,37.46,36.64,37.0,37.23,-0.23,-0.6178,113860.47,421404.314
002422.SZ,2025-05-29,37.09,38.64,36.51,37.95,37.0,0.95,2.5676,218403.0,823359.102
002422.SZ,2025-05-30,37.75,38.99,37.73,38.56,37.95,0.61,1.6074,174849.18,673652.498
002422.SZ,2025-06-03,37.79,38.78,37.38,38.2,38.56,-0.36,-0.9336,141453.24,538715.477
002422.SZ,2025-06-04,38.2,40.73,37.83,39.72,38.2,1.52,3.9791,200008.56,792665.698
002422.SZ,2025-06-05,39.54,39.61,37.57,37.75,39.72,-1.97,-4.9597,186505.02,714212.568
002422.SZ,2025-06-06,37.42,37.95,37.2,37.47,37.75,-0.28,-0.7417,125596.53,470447.478
002422.SZ,2025-06-09,37.52,40.0,37.29,38.41,37.47,0.94,2.5087,218178.1,845619.847
002422.SZ,2025-06-10,38.42,39.13,38.11,38.9,38.41,0.49,1.2757,165320.99,639519.433
002422.SZ,2025-06-11,38.8,39.26,37.78,37.99,38.9,-0.91,-2.3393,165387.82,633399.227
002422.SZ,2025-06-12,37.81,39.79,37.79,39.22,37.99,1.23,3.2377,207048.59,804143.696
002422.SZ,2025-06-13,38.7,38.76,36.68,36.78,38.72,-1.94,-5.0103,292070.89,1087569.103
002422.SZ,2025-06-16,36.6,36.75,35.84,35.98,36.78,-0.8,-2.1751,216074.65,781218.644
002422.SZ,2025-06-17,36.3,36.5,35.01,35.15,35.98,-0.83,-2.3068,178599.14,634365.074
002422.SZ,2025-06-18,34.94,35.52,34.85,35.12,35.15,-0.03,-0.0853,103777.6,364216.993
002422.SZ,2025-06-19,35.13,35.59,34.51,34.64,35.12,-0.48,-1.3667,125871.68,439522.339
002422.SZ,2025-06-20,34.64,34.8,33.88,33.99,34.64,-0.65,-1.8764,148964.43,508415.593
002422.SZ,2025-06-23,33.86,34.85,33.44,34.6,33.99,0.61,1.7946,169388.64,579666.245
002422.SZ,2025-06-24,34.6,35.45,34.35,35.05,34.6,0.45,1.3006,162593.5,568821.211
002422.SZ,2025-06-25,35.08,35.52,34.35,34.85,35.05,-0.2,-0.5706,157032.3,546135.702
002422.SZ,2025-06-26,34.64,35.16,34.18,34.98,34.85,0.13,0.373,115654.0,402167.922
002422.SZ,2025-06-27,35.0,36.08,34.9,35.82,34.98,0.84,2.4014,153608.67,548816.758
002422.SZ,2025-06-30,35.72,36.17,35.25,35.92,35.82,0.1,0.2792,80586.01,288228.404
002422.SZ,2025-07-01,35.9,36.5,35.57,36.48,35.92,0.56,1.559,95579.1,346080.81
002422.SZ,2025-07-02,36.43,36.45,35.14,35.51,36.48,-0.97,-2.659,113009.06,402546.001
002422.SZ,2025-07-03,35.45,37.45,35.2,37.16,35.51,1.65,4.6466,178255.81,645835.474
002422.SZ,2025-07-04,36.9,37.1,36.21,36.35,37.16,-0.81,-2.1798,99971.52,365853.672
002422.SZ,2025-07-07,36.22,36.48,34.39,34.48,36.35,-1.87,-5.1444,210332.82,735841.445
002422.SZ,2025-07-08,34.49,34.69,33.15,33.4,34.48,-1.08,-3.1323,304324.44,1021877.707
002422.SZ,2025-07-09,33.3,33.73,33.05,33.44,33.4,0.04,0.1198,171282.6,573202.059
002422.SZ,2025-07-10,33.41,33.48,32.9,33.22,33.44,-0.22,-0.6579,147781.53,490417.899
002422.SZ,2025-07-11,33.14,33.65,33.0,33.22,33.22,0.0,0.0,227200.68,756121.405
002422.SZ,2025-07-14,33.17,33.19,32.74,32.85,33.22,-0.37,-1.1138,187554.53,617587.606
002422.SZ,2025-07-15,32.9,33.98,32.8,33.84,32.85,0.99,3.0137,235742.57,788151.748
002422.SZ,2025-07-16,33.88,34.13,33.2,33.52,33.84,-0.32,-0.9456,146752.76,492411.438
002422.SZ,2025-07-17,33.52,35.33,33.41,34.99,33.52,1.47,4.3854,353601.35,1229302.887
002422.SZ,2025-07-18,34.88,35.62,34.55,35.47,34.99,0.48,1.3718,203799.65,715356.952
002422.SZ,2025-07-21,35.18,35.18,34.2,35.01,35.47,-0.46,-1.2969,174497.58,605299.584
002422.SZ,2025-07-22,34.89,35.95,34.4,35.35,35.01,0.34,0.9712,170940.61,605531.323
002422.SZ,2025-07-23,35.2,35.29,34.45,34.59,35.35,-0.76,-2.1499,144177.19,500801.418
002422.SZ,2025-07-24,34.58,34.98,34.03,34.86,34.59,0.27,0.7806,156748.63,540995.733
002422.SZ,2025-07-25,34.64,35.48,34.51,35.17,34.86,0.31,0.8893,160857.18,564610.914
002422.SZ,2025-07-28,35.29,35.9,34.9,35.21,35.17,0.04,0.1137,145786.76,514487.746
002422.SZ,2025-07-29,35.29,36.81,35.1,36.4,35.21,1.19,3.3797,226402.31,818512.722
002422.SZ,2025-07-30,36.3,38.88,35.33,38.2,36.4,1.8,4.9451,371823.92,1398223.239
002422.SZ,2025-07-31,38.01,38.44,37.4,37.78,38.2,-0.42,-1.0995,177123.17,670490.253
002422.SZ,2025-08-01,37.63,38.36,37.03,37.17,37.78,-0.61,-1.6146,128692.0,484235.958
002422.SZ,2025-08-04,37.02,37.13,36.01,36.55,37.17,-0.62,-1.668,122059.54,444740.864
002422.SZ,2025-08-05,36.63,37.8,36.53,37.55,36.55,1.0,2.736,118967.12,442410.159
002422.SZ,2025-08-06,37.72,38.36,37.08,37.57,37.55,0.02,0.0533,111175.49,418916.65
002422.SZ,2025-08-07,37.41,38.15,36.66,36.85,37.57,-0.72,-1.9164,131278.01,490495.032
002422.SZ,2025-08-08,36.86,37.15,36.14,36.61,36.85,-0.24,-0.6513,105629.9,384829.909
002422.SZ,2025-08-11,36.6,37.46,36.35,37.06,36.61,0.45,1.2292,95203.14,352365.928
002422.SZ,2025-08-12,37.05,37.38,36.07,36.42,37.06,-0.64,-1.7269,128947.81,469816.878
002422.SZ,2025-08-13,36.43,37.15,36.2,36.95,36.42,0.53,1.4552,161471.87,593562.576
002422.SZ,2025-08-14,37.06,37.06,36.21,36.21,36.95,-0.74,-2.0027,127387.61,465559.186
002422.SZ,2025-08-15,36.13,36.88,35.86,36.39,36.21,0.18,0.4971,111466.83,406160.389
002422.SZ,2025-08-18,36.38,37.1,36.31,37.06,36.39,0.67,1.8412,153377.14,563140.107
002422.SZ,2025-08-19,37.06,38.7,36.81,37.68,37.06,0.62,1.673,248192.14,944921.759
002422.SZ,2025-08-20,37.49,37.85,36.3,37.32,37.68,-0.36,-0.9554,170132.18,631626.937
002422.SZ,2025-08-21,37.36,38.18,37.03,37.76,37.32,0.44,1.179,139151.64,522390.197
002422.SZ,2025-08-22,37.76,37.9,37.15,37.58,37.76,-0.18,-0.4767,132839.6,497514.718
002422.SZ,2025-08-25,37.59,39.2,37.58,39.09,37.58,1.51,4.0181,220947.48,851090.519
002422.SZ,2025-08-26,38.85,39.21,38.18,38.2,39.09,-0.89,-2.2768,124883.86,481404.712
002422.SZ,2025-08-27,38.32,38.88,36.85,36.9,38.2,-1.3,-3.4031,189172.88,712019.998
002422.SZ,2025-08-28,36.86,37.05,35.76,36.49,36.9,-0.41,-1.1111,192236.86,698804.713
002422.SZ,2025-08-29,35.99,36.93,35.27,36.46,36.49,-0.03,-0.0822,280269.3,1017091.27
002422.SZ,2025-09-01,36.7,40.11,36.4,40.11,36.46,3.65,10.011,406574.0,1574327.684
002422.SZ,2025-09-02,40.11,41.72,39.71,39.94,40.11,-0.17,-0.4238,340357.75,1382154.457
002422.SZ,2025-09-03,40.19,41.49,39.81,40.7,39.94,0.76,1.9029,238859.33,973740.746
002422.SZ,2025-09-04,40.74,41.0,38.41,39.02,40.7,-1.68,-4.1278,229610.67,905893.426
002422.SZ,2025-09-05,39.0,40.45,38.1,40.35,39.02,1.33,3.4085,192197.35,758446.242
002422.SZ,2025-09-08,40.3,40.77,39.29,40.0,40.35,-0.35,-0.8674,173368.81,692169.797
002422.SZ,2025-09-09,39.9,40.69,38.88,39.15,40.0,-0.85,-2.125,136942.51,543783.927
002422.SZ,2025-09-10,39.1,39.5,37.59,37.88,39.15,-1.27,-3.2439,199674.03,761061.88
002422.SZ,2025-09-11,36.0,37.3,34.87,37.14,37.88,-0.74,-1.9535,296370.39,1075742.49
002422.SZ,2025-09-12,37.14,37.78,36.85,37.27,37.14,0.13,0.35,148402.05,552678.365
002422.SZ,2025-09-15,37.28,38.44,37.13,37.55,37.27,0.28,0.7513,152870.18,578272.87
002422.SZ,2025-09-16,37.55,37.96,36.67,36.87,37.55,-0.68,-1.8109,105297.72,388643.182
002422.SZ,2025-09-17,36.87,37.23,36.56,36.94,36.87,0.07,0.1899,89709.84,330841.57
002422.SZ,2025-09-18,37.12,38.56,36.77,37.88,36.94,0.94,2.5447,188346.53,712054.707
002422.SZ,2025-09-19,37.85,37.85,36.42,36.42,37.88,-1.46,-3.8543,145890.08,538449.433
002422.SZ,2025-09-22,36.98,38.5,36.97,37.29,36.42,0.87,2.3888,142269.71,536761.802
002422.SZ,2025-09-23,37.2,37.47,36.1,36.95,37.29,-0.34,-0.9118,116731.04,427369.727
002422.SZ,2025-09-24,36.74,38.6,36.62,38.0,36.95,1.05,2.8417,188156.28,714996.224
002422.SZ,2025-09-25,38.14,38.29,37.31,37.59,38.0,-0.41,-1.0789,103000.0,388704.749
002422.SZ,2025-09-26,37.3,37.44,36.41,36.9,37.59,-0.69,-1.8356,145116.77,534341.962
002422.SZ,2025-09-29,36.77,36.87,35.63,36.35,36.9,-0.55,-1.4905,137288.21,495938.769
002422.SZ,2025-09-30,36.35,37.4,35.82,36.73,36.35,0.38,1.0454,192660.64,703156.058
002422.SZ,2025-10-09,37.31,38.0,36.0,36.06,36.73,-0.67,-1.8241,176809.08,646009.113
002422.SZ,2025-10-10,36.0,36.34,35.22,35.4,36.06,-0.66,-1.8303,155541.37,555816.748
002422.SZ,2025-10-13,35.06,35.8,34.69,34.74,35.4,-0.66,-1.8644,137562.46,481950.047
002422.SZ,2025-10-14,35.08,35.18,33.61,34.01,34.74,-0.73,-2.1013,152737.9,521601.539
002422.SZ,2025-10-15,34.02,34.95,33.8,34.8,34.01,0.79,2.3228,120165.04,416403.358
002422.SZ,2025-10-16,34.8,35.31,34.46,34.88,34.8,0.08,0.2299,99512.46,347862.083
002422.SZ,2025-10-17,35.12,35.51,34.68,34.88,34.88,0.0,0.0,108532.95,381109.342
002422.SZ,2025-10-20,35.39,36.69,35.2,36.47,34.88,1.59,4.5585,188618.94,681439.596
002422.SZ,2025-10-21,36.5,36.56,35.67,36.05,36.34,-0.29,-0.798,108143.04,389985.544
002422.SZ,2025-10-22,36.06,36.65,35.76,35.89,36.05,-0.16,-0.4438,70495.83,255105.054
002422.SZ,2025-10-23,35.8,35.88,34.49,34.8,35.89,-1.09,-3.0371,103868.7,362022.136
002422.SZ,2025-10-24,34.82,34.94,34.5,34.64,34.8,-0.16,-0.4598,61121.46,211837.585
002422.SZ,2025-10-27,34.9,34.97,34.5,34.71,34.64,0.07,0.2021,102415.72,355137.811
002422.SZ,2025-10-28,34.51,34.98,34.33,34.85,34.71,0.14,0.4033,93246.57,322641.821
002422.SZ,2025-10-29,34.66,34.79,33.93,34.67,34.85,-0.18,-0.5165,112552.58,386725.567
002422.SZ,2025-10-30,34.55,34.67,34.01,34.25,34.67,-0.42,-1.2114,112903.73,387549.332
002422.SZ,2025-10-31,33.3,35.2,32.87,35.0,34.25,0.75,2.1898,231904.78,797752.866
002422.SZ,2025-11-03,34.88,35.1,34.21,34.8,35.0,-0.2,-0.5714,153453.11,531110.614
002422.SZ,2025-11-04,34.8,34.8,33.8,33.96,34.8,-0.84,-2.4138,90220.56,306986.141
002422.SZ,2025-11-05,33.63,34.04,33.27,33.72,33.96,-0.24,-0.7067,110634.23,371582.732
002422.SZ,2025-11-06,33.36,33.68,33.14,33.35,33.72,-0.37,-1.0973,101492.09,337756.524
002422.SZ,2025-11-07,33.28,33.46,32.31,32.38,33.35,-0.97,-2.9085,137464.39,450753.288
002422.SZ,2025-11-10,32.41,32.99,31.82,32.92,32.38,0.54,1.6677,119052.83,386982.466
002422.SZ,2025-11-11,32.95,33.01,32.11,32.33,32.92,-0.59,-1.7922,96162.54,312281.986
002422.SZ,2025-11-12,32.43,33.5,32.33,33.13,32.33,0.8,2.4745,153344.64,508791.025
002422.SZ,2025-11-13,33.28,34.98,33.14,34.59,33.13,1.46,4.4069,190216.72,651543.093
002422.SZ,2025-11-14,34.35,35.08,34.31,34.61,34.59,0.02,0.0578,113106.64,393401.556
002422.SZ,2025-11-17,34.43,34.52,33.06,33.36,34.61,-1.25,-3.6117,112608.42,377064.46
002422.SZ,2025-11-18,33.31,34.11,33.15,33.97,33.36,0.61,1.8285,82675.0,279997.947
002422.SZ,2025-11-19,33.8,33.89,33.3,33.4,33.97,-0.57,-1.678,46976.37,157347.602
002422.SZ,2025-11-20,33.51,33.58,32.79,32.86,33.4,-0.54,-1.6168,90064.07,297579.813
002422.SZ,2025-11-21,32.8,33.15,31.92,32.0,32.86,-0.86,-2.6172,80234.63,258736.008
002422.SZ,2025-11-24,32.2,33.38,32.11,33.28,32.0,1.28,4.0,118581.54,390694.484
002422.SZ,2025-11-25,33.28,33.92,33.0,33.35,33.28,0.07,0.2103,77833.12,261718.158
002422.SZ,2025-11-26,33.41,34.89,33.37,34.59,33.35,1.24,3.7181,133427.02,461574.535
002422.SZ,2025-11-27,34.6,34.7,34.1,34.46,34.59,-0.13,-0.3758,66235.83,227945.708
002422.SZ,2025-11-28,34.47,34.71,34.1,34.42,34.46,-0.04,-0.1161,51320.72,176407.838
002422.SZ,2025-12-01,34.42,34.57,33.93,34.4,34.42,-0.02,-0.0581,67670.58,232161.659
002422.SZ,2025-12-02,34.39,34.4,33.95,34.01,34.4,-0.39,-1.1337,43908.45,149531.357
002422.SZ,2025-12-03,34.09,34.52,33.9,34.0,34.01,-0.01,-0.0294,58557.0,200048.8
002422.SZ,2025-12-04,34.03,34.69,33.96,34.1,34.0,0.1,0.2941,93947.88,321807.936
002422.SZ,2025-12-05,34.29,34.35,33.24,33.73,34.1,-0.37,-1.085,80168.1,269013.796
002422.SZ,2025-12-08,33.87,33.95,32.93,33.0,33.73,-0.73,-2.1642,104608.04,347650.592
002422.SZ,2025-12-09,32.91,33.46,32.22,32.45,33.0,-0.55,-1.6667,120717.9,393726.64
002422.SZ,2025-12-10,32.39,32.71,31.61,32.51,32.45,0.06,0.1849,122635.0,394339.703
002422.SZ,2025-12-11,32.52,32.66,31.8,31.99,32.51,-0.52,-1.5995,133067.48,426668.571
002422.SZ,2025-12-12,32.0,32.1,30.99,31.15,31.99,-0.84,-2.6258,256855.1,803510.72
002422.SZ,2025-12-15,31.02,31.29,30.9,31.07,31.15,-0.08,-0.2568,88798.52,276486.946
002422.SZ,2025-12-16,31.0,31.09,30.58,30.58,31.07,-0.49,-1.5771,61292.29,188476.846
002422.SZ,2025-12-17,30.76,31.28,30.52,31.15,30.58,0.57,1.864,88686.74,274886.393
002422.SZ,2025-12-18,31.1,31.29,30.87,31.02,31.15,-0.13,-0.4173,59366.99,184565.074
002422.SZ,2025-12-19,30.99,31.9,30.93,31.69,31.02,0.67,2.1599,99035.77,312782.644
002422.SZ,2025-12-22,31.66,32.16,31.41,31.47,31.69,-0.22,-0.6942,83975.69,266818.151
002422.SZ,2025-12-23,31.44,32.0,30.94,31.0,31.47,-0.47,-1.4935,127903.06,401884.552
002422.SZ,2025-12-24,31.01,31.17,30.52,30.66,31.0,-0.34,-1.0968,94442.65,290404.479
002422.SZ,2025-12-25,30.71,30.93,30.35,30.48,30.66,-0.18,-0.5871,112362.56,342757.339
002422.SZ,2025-12-26,30.48,30.57,28.99,29.28,30.48,-1.2,-3.937,315666.06,933743.087
002422.SZ,2025-12-29,29.29,29.37,28.7,28.97,29.28,-0.31,-1.0587,227407.42,657941.374
002422.SZ,2025-12-30,28.82,28.96,28.14,28.83,28.97,-0.14,-0.4833,248105.12,709766.193
002422.SZ,2025-12-31,28.71,29.45,28.62,29.35,28.83,0.52,1.8037,166151.76,483595.423
002422.SZ,2026-01-05,29.4,30.6,29.07,30.18,29.35,0.83,2.8279,264521.52,796706.64
002422.SZ,2026-01-06,30.43,30.75,29.94,30.6,30.18,0.42,1.3917,163018.11,495741.867
002422.SZ,2026-01-07,30.65,31.68,30.61,31.5,30.6,0.9,2.9412,182347.34,571878.545
002422.SZ,2026-01-08,31.61,33.67,31.52,33.45,31.5,1.95,6.1905,315911.99,1043556.828
002422.SZ,2026-01-09,33.15,33.92,32.95,33.84,33.45,0.39,1.1659,172025.05,575127.33
002422.SZ,2026-01-12,33.84,34.06,32.79,33.95,33.84,0.11,0.3251,262659.93,875822.493
002422.SZ,2026-01-13,33.95,34.29,33.32,33.93,33.95,-0.02,-0.0589,153698.91,520940.865
002422.SZ,2026-01-14,33.91,34.11,32.97,33.19,33.93,-0.74,-2.181,180055.47,604090.008
002422.SZ,2026-01-15,33.19,33.4,32.56,32.7,33.19,-0.49,-1.4763,153911.16,506336.258
002422.SZ,2026-01-16,32.71,32.9,31.8,32.02,32.7,-0.68,-2.0795,138838.52,445742.202
002422.SZ,2026-01-19,32.05,32.83,32.0,32.52,32.02,0.5,1.5615,127591.52,414630.95
002422.SZ,2026-01-20,32.5,32.98,32.28,32.65,32.52,0.13,0.3998,104998.0,342185.928
002422.SZ,2026-01-21,32.6,32.66,32.17,32.25,32.65,-0.4,-1.2251,113504.61,367282.094
002422.SZ,2026-01-22,32.32,32.95,31.5,31.8,32.25,-0.45,-1.3953,138618.23,444224.803
002422.SZ,2026-01-23,31.8,32.67,31.55,32.19,31.8,0.39,1.2264,147762.24,476630.898
002422.SZ,2026-01-26,32.19,32.69,30.89,32.1,32.19,-0.09,-0.2796,242149.56,768239.273
002422.SZ,2026-01-27,32.12,32.15,31.26,31.41,32.1,-0.69,-2.1495,140597.39,443718.023
002422.SZ,2026-01-28,31.36,31.64,31.11,31.18,31.41,-0.23,-0.7323,122304.67,383542.428
002422.SZ,2026-01-29,31.06,31.58,30.84,31.34,31.18,0.16,0.5131,127786.22,398806.461
002422.SZ,2026-01-30,31.33,31.99,30.81,30.95,31.34,-0.39,-1.2444,99305.14,310052.134
002422.SZ,2026-02-02,30.86,31.3,30.1,30.14,30.95,-0.81,-2.6171,88117.82,269595.066
002422.SZ,2026-02-03,30.36,30.48,30.01,30.4,30.14,0.26,0.8626,77727.18,235323.103
002422.SZ,2026-02-04,30.36,31.17,30.16,31.1,30.4,0.7,2.3026,91609.99,281605.63
002422.SZ,2026-02-05,30.98,31.7,30.72,31.48,31.1,0.38,1.2219,98206.49,308054.699
002422.SZ,2026-02-06,31.41,32.98,31.38,32.2,31.48,0.72,2.2872,153242.38,495172.276
002422.SZ,2026-02-09,32.21,32.5,31.77,31.91,32.2,-0.29,-0.9006,90909.42,290635.093
002422.SZ,2026-02-10,31.91,32.85,31.67,32.04,31.91,0.13,0.4074,121975.3,394601.856
002422.SZ,2026-02-11,31.91,32.47,31.86,32.05,32.04,0.01,0.0312,64044.0,205377.545
002422.SZ,2026-02-12,32.0,32.2,31.41,31.76,32.05,-0.29,-0.9048,95241.36,301754.003
002422.SZ,2026-02-13,31.86,32.45,31.5,31.56,31.76,-0.2,-0.6297,75648.81,241594.787
002422.SZ,2026-02-24,31.75,32.0,30.86,31.0,31.56,-0.56,-1.7744,84387.1,263056.348
002422.SZ,2026-02-25,31.05,31.42,30.92,31.02,31.0,0.02,0.0645,75073.88,233467.926
002422.SZ,2026-02-26,31.19,31.33,30.04,30.48,31.02,-0.54,-1.7408,183385.87,558146.149
002422.SZ,2026-02-27,30.49,30.63,30.12,30.54,30.48,0.06,0.1969,92515.62,281079.708
002422.SZ,2026-03-02,30.21,30.45,29.51,30.2,30.54,-0.34,-1.1133,152539.69,456487.09
002422.SZ,2026-03-03,30.18,30.19,29.33,29.52,30.2,-0.68,-2.2517,133974.79,397464.397
002422.SZ,2026-03-04,29.31,29.73,29.12,29.22,29.52,-0.3,-1.0163,82815.86,243081.977
002422.SZ,2026-03-05,29.53,30.63,29.31,30.28,29.22,1.06,3.6277,104914.26,315534.616
002422.SZ,2026-03-06,30.16,32.84,30.01,32.68,30.28,2.4,7.926,243600.14,777976.927
002422.SZ,2026-03-09,32.08,32.48,31.71,31.9,32.68,-0.78,-2.3868,149463.43,479006.854
002422.SZ,2026-03-10,32.09,34.07,31.98,33.64,31.9,1.74,5.4545,244026.14,815103.151
002422.SZ,2026-03-11,33.51,33.8,33.0,33.25,33.64,-0.39,-1.1593,129732.02,432164.919
002422.SZ,2026-03-12,33.18,33.24,32.51,32.85,33.25,-0.4,-1.203,81641.18,268033.738
002422.SZ,2026-03-13,32.52,33.3,32.25,32.59,32.85,-0.26,-0.7915,70976.03,232246.594
002422.SZ,2026-03-16,32.6,33.45,32.37,32.65,32.59,0.06,0.1841,126820.41,416945.179
002422.SZ,2026-03-17,32.93,33.5,32.23,33.2,32.65,0.55,1.6845,193604.59,641222.547
002422.SZ,2026-03-18,32.96,33.62,32.57,33.34,33.2,0.14,0.4217,131105.0,435582.733
002422.SZ,2026-03-19,33.35,34.06,33.11,33.48,33.34,0.14,0.4199,147019.83,493975.563
002422.SZ,2026-03-20,33.33,34.75,33.2,34.37,33.48,0.89,2.6583,213467.87,733328.088
002422.SZ,2026-03-23,33.98,34.0,32.28,32.77,34.37,-1.6,-4.6552,180232.61,594022.707
002422.SZ,2026-03-24,33.1,33.42,32.48,32.97,32.77,0.2,0.6103,128570.13,422143.319
002422.SZ,2026-03-25,33.18,33.81,32.73,33.18,32.97,0.21,0.6369,116750.52,387850.629
002422.SZ,2026-03-26,32.99,33.54,31.99,32.11,33.18,-1.07,-3.2248,132449.04,430918.727
002422.SZ,2026-03-27,31.69,35.11,31.6,34.92,32.11,2.81,8.7512,323498.11,1105354.135
002422.SZ,2026-03-30,34.7,35.47,34.47,34.72,34.92,-0.2,-0.5727,231195.78,807380.385
002422.SZ,2026-03-31,34.9,35.37,34.45,34.69,34.72,-0.03,-0.0864,185651.09,647327.635
002422.SZ,2026-04-01,35.0,36.45,34.71,36.19,34.69,1.5,4.324,333003.67,1193311.959
002422.SZ,2026-04-02,35.86,36.9,35.6,36.35,36.19,0.16,0.4421,234374.93,849470.122
002422.SZ,2026-04-03,35.34,35.98,34.81,35.62,36.35,-0.73,-2.0083,275313.16,971982.383
002422.SZ,2026-04-07,35.63,35.79,34.03,34.34,35.62,-1.28,-3.5935,197194.54,681938.665
002422.SZ,2026-04-08,34.89,35.35,34.02,34.63,34.34,0.29,0.8445,275851.48,955024.976
002422.SZ,2026-04-09,34.45,34.85,33.65,34.13,34.63,-0.5,-1.4438,178209.85,608228.896
002422.SZ,2026-04-10,34.15,34.25,33.44,34.0,34.13,-0.13,-0.3809,254050.76,860324.719
002422.SZ,2026-04-13,33.85,35.03,33.75,34.67,34.0,0.67,1.9706,190082.07,656886.546
002422.SZ,2026-04-14,34.77,34.94,33.8,34.29,34.67,-0.38,-1.096,170098.16,581812.826
002422.SZ,2026-04-15,34.66,35.79,34.11,35.7,34.29,1.41,4.112,339413.87,1192153.995
002422.SZ,2026-04-16,35.35,36.15,34.86,35.92,35.7,0.22,0.6162,205069.4,731793.547
002422.SZ,2026-04-17,35.92,36.08,34.3,35.23,35.92,-0.69,-1.9209,238373.99,834931.402
002422.SZ,2026-04-20,35.11,35.18,33.8,33.96,35.23,-1.27,-3.6049,257184.0,877659.695
002422.SZ,2026-04-21,33.99,34.44,33.34,33.54,33.96,-0.42,-1.2367,140029.71,472104.412
002422.SZ,2026-04-22,33.56,33.96,33.15,33.86,33.54,0.32,0.9541,150265.45,504764.693
002422.SZ,2026-04-23,33.85,34.13,33.06,33.2,33.86,-0.66,-1.9492,141336.01,474461.456
002422.SZ,2026-04-24,33.15,34.15,32.8,33.93,33.2,0.73,2.1988,155315.41,523339.595
002422.SZ,2026-04-27,33.85,33.93,33.14,33.24,33.93,-0.69,-2.0336,98541.13,328260.079
002422.SZ,2026-04-28,33.23,33.95,32.54,32.6,33.24,-0.64,-1.9254,130086.18,430512.295
