ts_code,date,open,high,low,close,pre_close,change,pct_chg,volume,amount
002600.SZ,2020-01-02,10.98,11.33,10.84,11.26,10.85,0.41,3.7788,1100086.09,1229490.578
002600.SZ,2020-01-03,11.25,11.86,11.21,11.58,11.26,0.32,2.8419,1334810.59,1550484.772
002600.SZ,2020-01-06,11.41,11.94,11.29,11.72,11.58,0.14,1.209,1177260.91,1377000.339
002600.SZ,2020-01-07,11.8,11.89,11.54,11.78,11.72,0.06,0.5119,897242.97,1049582.557
002600.SZ,2020-01-08,11.57,12.35,11.5,11.92,11.78,0.14,1.1885,1470863.96,1761365.043
002600.SZ,2020-01-09,12.11,12.23,11.81,12.19,11.92,0.27,2.2651,1139132.52,1369538.901
002600.SZ,2020-01-10,12.22,12.43,11.73,11.9,12.19,-0.29,-2.379,1048289.25,1260086.628
002600.SZ,2020-01-13,11.82,12.1,11.68,12.1,11.9,0.2,1.6807,988584.08,1178624.906
002600.SZ,2020-01-14,12.0,12.17,11.8,11.82,12.1,-0.28,-2.314,885435.25,1054251.91
002600.SZ,2020-01-15,11.77,11.86,11.6,11.84,11.82,0.02,0.1692,640971.06,750487.802
002600.SZ,2020-01-16,11.92,13.02,11.92,12.73,11.84,0.89,7.5169,2239743.84,2841987.189
002600.SZ,2020-01-17,12.69,13.1,12.46,12.6,12.73,-0.13,-1.0212,1504143.17,1924769.564
002600.SZ,2020-01-20,12.85,13.46,12.6,13.22,12.6,0.62,4.9206,1910529.81,2490463.871
002600.SZ,2020-01-21,13.07,13.15,12.84,12.91,13.22,-0.31,-2.3449,1083229.36,1405993.904
002600.SZ,2020-01-22,13.0,13.41,12.35,13.2,12.91,0.29,2.2463,1543583.79,1995927.322
002600.SZ,2020-01-23,12.97,13.55,12.64,12.96,13.2,-0.24,-1.8182,1323879.34,1726346.683
002600.SZ,2020-02-03,11.66,11.66,11.66,11.66,12.96,-1.3,-10.0309,109581.0,127771.446
002600.SZ,2020-02-04,10.54,11.87,10.54,11.51,11.66,-0.15,-1.2864,1349100.21,1542846.252
002600.SZ,2020-02-05,11.5,12.02,11.43,11.63,11.51,0.12,1.0426,1138594.76,1335439.239
002600.SZ,2020-02-06,11.5,11.73,11.15,11.56,11.63,-0.07,-0.6019,1455595.16,1658701.526
002600.SZ,2020-02-07,11.35,11.5,10.97,11.21,11.56,-0.35,-3.0277,1333701.84,1496475.053
002600.SZ,2020-02-10,11.0,11.45,10.8,11.28,11.21,0.07,0.6244,1492189.91,1653395.28
002600.SZ,2020-02-11,11.39,12.4,11.19,12.04,11.28,0.76,6.7376,2606422.97,3061414.157
002600.SZ,2020-02-12,11.8,11.98,11.63,11.95,12.04,-0.09,-0.7475,1536873.1,1818754.302
002600.SZ,2020-02-13,11.87,12.03,11.6,11.78,11.95,-0.17,-1.4226,1172841.43,1382776.323
002600.SZ,2020-02-14,11.78,12.25,11.72,11.94,11.78,0.16,1.3582,1369086.74,1643916.421
002600.SZ,2020-02-17,12.44,12.65,12.21,12.41,11.94,0.47,3.9363,1574495.3,1954200.822
002600.SZ,2020-02-18,12.42,12.94,12.27,12.79,12.41,0.38,3.062,1804293.18,2280565.419
002600.SZ,2020-02-19,12.6,12.68,12.36,12.39,12.79,-0.4,-3.1274,1390462.57,1737026.172
002600.SZ,2020-02-20,12.38,13.09,12.25,12.94,12.39,0.55,4.4391,1810323.3,2298469.139
002600.SZ,2020-02-21,12.95,13.66,12.78,13.14,12.94,0.2,1.5456,2078213.78,2729451.801
002600.SZ,2020-02-24,13.13,13.78,12.9,13.73,13.14,0.59,4.4901,1981340.13,2646694.023
002600.SZ,2020-02-25,13.3,13.69,12.62,13.44,13.73,-0.29,-2.1122,1826097.91,2436345.643
002600.SZ,2020-02-26,13.1,13.26,12.41,12.51,13.44,-0.93,-6.9196,1508705.95,1940286.342
002600.SZ,2020-02-27,12.66,12.75,12.1,12.42,12.51,-0.09,-0.7194,927801.42,1155076.843
002600.SZ,2020-02-28,11.94,12.22,11.2,11.33,12.42,-1.09,-8.7762,1471054.36,1724914.683
002600.SZ,2020-03-02,11.54,11.94,11.47,11.8,11.33,0.47,4.1483,979995.05,1148664.28
002600.SZ,2020-03-03,12.06,12.51,11.9,12.11,11.8,0.31,2.6271,1302355.4,1594288.562
002600.SZ,2020-03-04,11.9,12.06,11.55,11.94,12.11,-0.17,-1.4038,943482.5,1117332.467
002600.SZ,2020-03-05,12.2,12.25,11.79,11.95,11.94,0.01,0.0838,802834.17,962154.368
002600.SZ,2020-03-06,11.79,12.07,11.69,11.85,11.95,-0.1,-0.8368,675263.3,799868.125
002600.SZ,2020-03-09,11.6,11.72,11.0,11.05,11.85,-0.8,-6.7511,1101237.95,1243620.283
002600.SZ,2020-03-10,10.75,11.44,10.54,11.34,11.05,0.29,2.6244,1554882.82,1711753.518
002600.SZ,2020-03-11,11.4,11.49,10.98,11.0,11.34,-0.34,-2.9982,937210.85,1052895.637
002600.SZ,2020-03-12,10.7,10.84,10.27,10.48,11.0,-0.52,-4.7273,1039254.71,1099412.791
002600.SZ,2020-03-13,9.8,10.62,9.64,10.3,10.48,-0.18,-1.7176,1126647.08,1136158.727
002600.SZ,2020-03-16,10.39,10.44,9.27,9.27,10.3,-1.03,-10.0,1692266.99,1648533.684
002600.SZ,2020-03-17,9.2,9.47,8.5,8.93,9.27,-0.34,-3.6677,1698154.27,1506460.758
002600.SZ,2020-03-18,9.02,9.55,8.96,9.02,8.93,0.09,1.0078,1831622.21,1697481.665
002600.SZ,2020-03-19,9.14,9.27,8.78,9.18,9.02,0.16,1.7738,1244904.67,1125918.597
002600.SZ,2020-03-20,9.28,9.34,8.91,9.1,9.18,-0.08,-0.8715,972478.09,884145.753
002600.SZ,2020-03-23,8.78,8.86,8.19,8.29,9.1,-0.81,-8.9011,1271739.56,1080579.094
002600.SZ,2020-03-24,8.5,8.55,7.83,8.34,8.29,0.05,0.6031,1301816.82,1068132.044
002600.SZ,2020-03-25,8.65,9.13,8.55,8.9,8.34,0.56,6.7146,1912010.64,1696089.827
002600.SZ,2020-03-26,8.84,8.84,8.52,8.58,8.9,-0.32,-3.5955,1135512.2,982069.605
002600.SZ,2020-03-27,8.75,8.94,8.56,8.59,8.58,0.01,0.1166,1133290.14,989593.301
002600.SZ,2020-03-30,8.3,8.38,7.96,8.26,8.59,-0.33,-3.8417,1028569.77,840197.142
002600.SZ,2020-03-31,8.4,8.46,8.12,8.22,8.26,-0.04,-0.4843,628629.15,522082.093
002600.SZ,2020-04-01,8.18,8.63,8.15,8.46,8.22,0.24,2.9197,1272636.14,1076851.336
002600.SZ,2020-04-02,8.34,8.93,8.31,8.92,8.46,0.46,5.4374,1465215.84,1274588.372
002600.SZ,2020-04-03,8.88,8.94,8.66,8.78,8.92,-0.14,-1.5695,963742.7,847809.9
002600.SZ,2020-04-07,9.1,9.15,8.86,8.98,8.78,0.2,2.2779,1017880.22,914129.345
002600.SZ,2020-04-08,8.89,9.14,8.83,8.98,8.98,0.0,0.0,835881.57,753529.588
002600.SZ,2020-04-09,9.04,9.09,8.9,8.95,8.98,-0.03,-0.3341,586919.6,525853.344
002600.SZ,2020-04-10,8.91,8.94,8.44,8.48,8.95,-0.47,-5.2514,989131.12,851785.037
002600.SZ,2020-04-13,8.34,8.38,8.07,8.11,8.48,-0.37,-4.3632,879236.76,718172.987
002600.SZ,2020-04-14,8.25,8.63,8.2,8.63,8.11,0.52,6.4118,1009902.77,851695.116
002600.SZ,2020-04-15,8.73,9.15,8.6,8.9,8.63,0.27,3.1286,1740465.32,1553757.772
002600.SZ,2020-04-16,8.83,9.17,8.76,9.05,8.9,0.15,1.6854,1213583.81,1094495.358
002600.SZ,2020-04-17,9.19,9.34,8.96,9.0,9.05,-0.05,-0.5525,1339202.57,1226291.133
002600.SZ,2020-04-20,9.02,9.09,8.82,8.96,9.0,-0.04,-0.4444,844508.46,754559.701
002600.SZ,2020-04-21,8.94,8.94,8.58,8.75,8.96,-0.21,-2.3438,923536.74,805093.58
002600.SZ,2020-04-22,8.59,8.81,8.52,8.81,8.75,0.06,0.6857,603690.36,526712.837
002600.SZ,2020-04-23,8.82,8.87,8.55,8.56,8.81,-0.25,-2.8377,714658.88,616855.693
002600.SZ,2020-04-24,8.5,8.64,8.23,8.31,8.56,-0.25,-2.9206,720411.27,601973.906
002600.SZ,2020-04-27,8.34,8.51,8.1,8.39,8.31,0.08,0.9627,615968.54,513982.84
002600.SZ,2020-04-28,8.3,8.74,8.0,8.74,8.39,0.35,4.1716,1112418.62,945345.755
002600.SZ,2020-04-29,8.63,8.77,8.55,8.59,8.74,-0.15,-1.7162,552604.08,477150.007
002600.SZ,2020-04-30,8.72,9.42,8.72,9.28,8.59,0.69,8.0326,2222037.4,2042528.559
002600.SZ,2020-05-06,9.25,9.64,9.22,9.54,9.28,0.26,2.8017,1784209.86,1692370.43
002600.SZ,2020-05-07,9.58,9.8,9.36,9.38,9.54,-0.16,-1.6771,1223251.65,1167112.625
002600.SZ,2020-05-08,9.52,9.64,9.3,9.33,9.38,-0.05,-0.533,998179.41,941863.848
002600.SZ,2020-05-11,9.44,9.49,9.09,9.19,9.33,-0.14,-1.5005,997547.78,926678.407
002600.SZ,2020-05-12,9.22,9.4,9.01,9.38,9.19,0.19,2.0675,918357.77,845857.043
002600.SZ,2020-05-13,9.24,9.41,9.16,9.31,9.38,-0.07,-0.7463,800801.44,741024.152
002600.SZ,2020-05-14,9.22,9.55,9.18,9.43,9.31,0.12,1.2889,1018737.42,960590.088
002600.SZ,2020-05-15,9.5,9.73,9.33,9.47,9.43,0.04,0.4242,1085079.3,1034186.465
002600.SZ,2020-05-18,9.49,9.49,9.08,9.15,9.47,-0.32,-3.3791,1148429.13,1060661.135
002600.SZ,2020-05-19,9.27,9.45,9.21,9.4,9.15,0.25,2.7322,821973.67,769152.228
002600.SZ,2020-05-20,9.4,9.64,9.35,9.48,9.4,0.08,0.8511,974644.31,928559.433
002600.SZ,2020-05-21,9.52,9.64,9.2,9.34,9.48,-0.14,-1.4768,874876.63,827069.337
002600.SZ,2020-05-22,9.3,9.3,9.05,9.12,9.34,-0.22,-2.3555,607232.6,555112.287
002600.SZ,2020-05-25,9.05,9.09,8.77,8.78,9.12,-0.34,-3.7281,577936.2,513533.351
002600.SZ,2020-05-26,8.86,9.03,8.85,8.96,8.78,0.18,2.0501,569440.87,507865.563
002600.SZ,2020-05-27,9.01,9.06,8.78,8.8,8.96,-0.16,-1.7857,426216.79,378190.55
002600.SZ,2020-05-28,8.83,8.91,8.61,8.77,8.8,-0.03,-0.3409,426298.27,372854.258
002600.SZ,2020-05-29,8.73,9.03,8.63,9.02,8.77,0.25,2.8506,708101.62,629069.659
002600.SZ,2020-06-01,9.5,9.92,9.5,9.92,9.02,0.9,9.9778,808132.82,794227.656
002600.SZ,2020-06-02,10.72,10.91,10.32,10.65,9.92,0.73,7.3589,3992830.71,4256401.27
002600.SZ,2020-06-03,10.71,11.43,10.52,10.91,10.65,0.26,2.4413,3609197.15,3943250.73
002600.SZ,2020-06-04,10.91,11.2,10.63,10.77,10.91,-0.14,-1.2832,2082157.67,2268089.455
002600.SZ,2020-06-05,10.79,11.3,10.75,11.0,10.77,0.23,2.1356,2019726.93,2223674.179
002600.SZ,2020-06-08,11.2,11.38,10.84,11.01,11.0,0.01,0.0909,1629136.59,1809352.911
002600.SZ,2020-06-09,11.12,11.2,10.95,11.17,11.01,0.16,1.4532,1255893.27,1392590.463
002600.SZ,2020-06-10,11.09,11.16,10.76,10.97,11.17,-0.2,-1.7905,1127807.46,1237573.902
002600.SZ,2020-06-11,10.9,11.11,10.64,10.76,10.97,-0.21,-1.9143,1122921.73,1222551.306
002600.SZ,2020-06-12,10.4,10.52,10.2,10.33,10.76,-0.43,-3.9963,1509354.5,1563480.346
002600.SZ,2020-06-15,10.28,10.36,9.97,9.99,10.33,-0.34,-3.2914,1333261.69,1353759.144
002600.SZ,2020-06-16,10.2,10.24,9.95,10.12,9.99,0.13,1.3013,1184139.72,1194206.196
002600.SZ,2020-06-17,10.12,10.15,9.8,9.95,10.12,-0.17,-1.6798,1108423.23,1099422.972
002600.SZ,2020-06-18,9.97,10.74,9.87,10.55,9.95,0.6,6.0302,2268438.88,2352278.291
002600.SZ,2020-06-19,10.48,10.94,10.39,10.78,10.55,0.23,2.1801,1700422.21,1821659.328
002600.SZ,2020-06-22,10.8,10.99,10.67,10.75,10.78,-0.03,-0.2783,1318233.1,1426943.168
002600.SZ,2020-06-23,10.87,10.87,10.57,10.73,10.75,-0.02,-0.186,859162.58,919091.715
002600.SZ,2020-06-24,10.71,11.25,10.71,10.93,10.73,0.2,1.8639,1284372.08,1415943.842
002600.SZ,2020-06-29,10.76,10.8,10.4,10.51,10.93,-0.42,-3.8426,1073076.81,1135037.124
002600.SZ,2020-06-30,10.65,10.75,10.4,10.63,10.51,0.12,1.1418,1640998.44,1731517.426
002600.SZ,2020-07-01,10.59,10.6,10.1,10.36,10.63,-0.27,-2.54,1688064.01,1741654.187
002600.SZ,2020-07-02,10.32,11.18,10.25,11.16,10.36,0.8,7.722,2795758.78,3038000.196
002600.SZ,2020-07-03,11.27,11.36,10.9,11.03,11.16,-0.13,-1.1649,1571870.69,1734163.782
002600.SZ,2020-07-06,11.25,11.6,11.08,11.49,11.03,0.46,4.1704,2229538.13,2542298.344
002600.SZ,2020-07-07,11.55,12.33,11.36,11.91,11.49,0.42,3.6554,2746965.29,3247897.197
002600.SZ,2020-07-08,11.88,13.1,11.85,13.1,11.91,1.19,9.9916,3029845.84,3854106.729
002600.SZ,2020-07-09,13.0,13.29,12.52,13.03,13.1,-0.07,-0.5344,3202480.09,4134096.493
002600.SZ,2020-07-10,12.83,12.83,12.48,12.6,13.03,-0.43,-3.3001,2014111.6,2548750.747
002600.SZ,2020-07-13,12.45,12.8,12.33,12.8,12.6,0.2,1.5873,2187265.73,2757999.361
002600.SZ,2020-07-14,12.8,12.8,12.1,12.3,12.8,-0.5,-3.9063,1844168.37,2286534.302
002600.SZ,2020-07-15,12.4,12.41,11.52,11.65,12.3,-0.65,-5.2846,1465335.85,1737949.117
002600.SZ,2020-07-16,11.65,11.84,10.6,10.92,11.65,-0.73,-6.2661,1395737.45,1582578.256
002600.SZ,2020-07-17,10.9,11.1,10.66,10.83,10.92,-0.09,-0.8242,927467.95,1007616.274
002600.SZ,2020-07-20,11.0,11.16,10.77,11.12,10.83,0.29,2.6777,1113078.09,1227325.238
002600.SZ,2020-07-21,11.1,11.23,10.91,11.18,11.12,0.06,0.5396,880399.86,975285.985
002600.SZ,2020-07-22,11.1,11.75,11.0,11.65,11.18,0.47,4.2039,1519258.04,1738672.228
002600.SZ,2020-07-23,11.45,11.5,11.05,11.32,11.65,-0.33,-2.8326,992316.56,1117523.675
002600.SZ,2020-07-24,11.14,11.26,10.41,10.51,11.32,-0.81,-7.1555,1095534.5,1183819.18
002600.SZ,2020-07-27,10.42,10.6,10.06,10.23,10.51,-0.28,-2.6641,751095.38,775745.015
002600.SZ,2020-07-28,10.41,10.68,10.37,10.54,10.23,0.31,3.0303,687695.84,725534.937
002600.SZ,2020-07-29,10.5,11.0,10.38,10.98,10.54,0.44,4.1746,879390.88,949317.587
002600.SZ,2020-07-30,10.98,11.0,10.71,10.78,10.98,-0.2,-1.8215,656610.39,711103.837
002600.SZ,2020-07-31,10.91,11.86,10.91,11.86,10.78,1.08,10.0186,2533622.79,2973601.69
002600.SZ,2020-08-03,12.0,12.85,12.0,12.69,11.86,0.83,6.9983,3120136.81,3932441.96
002600.SZ,2020-08-04,12.69,12.86,12.33,12.46,12.69,-0.23,-1.8125,1644944.69,2061934.029
002600.SZ,2020-08-05,12.58,12.63,12.0,12.17,12.46,-0.29,-2.3274,1442199.71,1755262.125
002600.SZ,2020-08-06,12.07,12.07,11.7,11.84,12.17,-0.33,-2.7116,1326031.72,1569419.387
002600.SZ,2020-08-07,11.9,11.92,11.31,11.54,11.84,-0.3,-2.5338,1243874.19,1440868.696
002600.SZ,2020-08-10,11.3,11.3,10.94,11.22,11.54,-0.32,-2.773,1392909.1,1549220.268
002600.SZ,2020-08-11,11.25,11.69,11.1,11.14,11.22,-0.08,-0.713,1172404.8,1336739.998
002600.SZ,2020-08-12,11.03,11.74,11.03,11.69,11.14,0.55,4.9372,1376062.72,1562926.543
002600.SZ,2020-08-13,11.59,11.64,11.32,11.45,11.69,-0.24,-2.053,790896.92,906452.337
002600.SZ,2020-08-14,11.47,11.66,11.24,11.54,11.45,0.09,0.786,683395.73,784955.833
002600.SZ,2020-08-17,11.56,11.8,11.44,11.72,11.54,0.18,1.5598,929791.63,1085303.127
002600.SZ,2020-08-18,11.72,11.83,11.58,11.67,11.72,-0.05,-0.4266,762423.91,890226.999
002600.SZ,2020-08-19,11.6,11.6,11.15,11.18,11.67,-0.49,-4.1988,892254.33,1007741.287
002600.SZ,2020-08-20,11.11,11.45,11.05,11.32,11.18,0.14,1.2522,591155.58,668652.004
002600.SZ,2020-08-21,11.43,11.8,11.33,11.5,11.32,0.18,1.5901,895107.31,1038998.4
002600.SZ,2020-08-24,11.65,12.45,11.6,12.17,11.5,0.67,5.8261,2051080.44,2469426.377
002600.SZ,2020-08-25,12.14,12.26,11.93,11.95,12.17,-0.22,-1.8077,1227303.56,1480096.305
002600.SZ,2020-08-26,12.03,12.25,11.55,11.64,11.95,-0.31,-2.5941,1042877.93,1239398.868
002600.SZ,2020-08-27,11.52,11.88,11.41,11.72,11.64,0.08,0.6873,635935.59,745781.039
002600.SZ,2020-08-28,11.66,12.04,11.5,11.97,11.72,0.25,2.1331,715581.86,842692.515
002600.SZ,2020-08-31,12.13,12.41,11.96,11.96,11.97,-0.01,-0.0835,1098959.76,1344005.543
002600.SZ,2020-09-01,11.8,12.27,11.58,12.2,11.96,0.24,2.0067,936837.73,1120599.845
002600.SZ,2020-09-02,12.22,12.42,12.1,12.16,12.2,-0.04,-0.3279,1038272.45,1275223.273
002600.SZ,2020-09-03,12.04,12.1,11.73,11.8,12.16,-0.36,-2.9605,712646.73,846533.404
002600.SZ,2020-09-04,11.49,11.85,11.41,11.76,11.8,-0.04,-0.339,443052.19,517410.503
002600.SZ,2020-09-07,11.68,11.84,11.36,11.4,11.76,-0.36,-3.0612,522464.05,605392.534
002600.SZ,2020-09-08,11.46,11.61,11.24,11.5,11.4,0.1,0.8772,458441.48,522886.786
002600.SZ,2020-09-09,11.26,11.38,10.86,11.01,11.5,-0.49,-4.2609,582153.83,644653.02
002600.SZ,2020-09-10,11.28,11.3,10.77,10.81,11.01,-0.2,-1.8165,450590.22,496022.251
002600.SZ,2020-09-11,10.77,11.15,10.66,11.1,10.81,0.29,2.6827,389232.63,427841.48
002600.SZ,2020-09-14,11.19,11.85,11.18,11.61,11.1,0.51,4.5946,840556.03,974250.804
002600.SZ,2020-09-15,11.59,11.65,11.31,11.54,11.61,-0.07,-0.6029,423874.28,487179.853
002600.SZ,2020-09-16,11.48,11.52,11.2,11.25,11.54,-0.29,-2.513,347465.79,392678.739
002600.SZ,2020-09-17,11.24,11.55,11.04,11.33,11.25,0.08,0.7111,458683.72,516953.432
002600.SZ,2020-09-18,11.27,11.43,11.24,11.4,11.33,0.07,0.6178,382173.01,433994.235
002600.SZ,2020-09-21,11.4,11.69,11.22,11.45,11.4,0.05,0.4386,527520.15,607900.215
002600.SZ,2020-09-22,11.35,11.55,11.3,11.43,11.45,-0.02,-0.1747,326352.73,373229.418
002600.SZ,2020-09-23,11.47,11.68,11.38,11.47,11.43,0.04,0.35,371847.15,428314.965
002600.SZ,2020-09-24,11.13,11.2,10.9,10.94,11.27,-0.33,-2.9281,376962.28,415841.88
002600.SZ,2020-09-25,11.04,11.07,10.91,10.97,10.94,0.03,0.2742,221182.81,242689.16
002600.SZ,2020-09-28,11.01,11.13,10.88,11.0,10.97,0.03,0.2735,282511.47,311309.921
002600.SZ,2020-09-29,11.09,11.3,11.06,11.15,11.0,0.15,1.3636,329379.17,368735.533
002600.SZ,2020-09-30,11.17,11.25,11.01,11.19,11.15,0.04,0.3587,303460.33,338334.235
002600.SZ,2020-10-09,11.5,12.12,11.5,11.99,11.19,0.8,7.1492,1137087.37,1355856.264
002600.SZ,2020-10-12,12.17,12.92,12.17,12.78,11.99,0.79,6.5888,1843622.57,2338237.057
002600.SZ,2020-10-13,12.6,12.74,12.35,12.51,12.78,-0.27,-2.1127,1118355.16,1397348.753
002600.SZ,2020-10-14,12.4,12.5,11.64,12.18,12.51,-0.33,-2.6379,1621060.65,1943950.876
002600.SZ,2020-10-15,12.0,12.37,11.89,12.19,12.18,0.01,0.0821,798613.29,971966.429
002600.SZ,2020-10-16,12.2,12.28,11.93,12.09,12.19,-0.1,-0.8203,531477.48,643021.587
002600.SZ,2020-10-19,12.37,12.65,12.3,12.44,12.09,0.35,2.895,1152407.73,1443120.693
002600.SZ,2020-10-20,12.38,12.99,12.2,12.87,12.44,0.43,3.4566,1273087.81,1618753.158
002600.SZ,2020-10-21,12.84,13.09,12.58,12.69,12.87,-0.18,-1.3986,768450.37,984829.812
002600.SZ,2020-10-22,12.77,13.03,12.51,12.76,12.69,0.07,0.5516,714443.46,917144.991
002600.SZ,2020-10-23,12.91,13.33,12.3,12.48,12.76,-0.28,-2.1944,936353.0,1205364.841
002600.SZ,2020-10-26,12.51,13.22,12.38,13.2,12.48,0.72,5.7692,1163461.49,1503890.425
002600.SZ,2020-10-27,13.1,13.29,12.88,13.23,13.2,0.03,0.2273,852184.67,1117301.244
002600.SZ,2020-10-28,13.41,14.55,13.41,14.25,13.23,1.02,7.7098,2091943.74,2935997.21
002600.SZ,2020-10-29,14.1,14.35,13.42,13.46,14.25,-0.79,-5.5439,1756648.27,2422017.288
002600.SZ,2020-10-30,13.36,13.55,12.87,13.03,13.46,-0.43,-3.1947,1109950.52,1462285.911
002600.SZ,2020-11-02,13.03,13.75,12.91,13.57,13.03,0.54,4.1443,1046471.43,1394359.574
002600.SZ,2020-11-03,13.48,13.64,13.23,13.34,13.57,-0.23,-1.6949,720405.25,966206.713
002600.SZ,2020-11-04,13.42,13.76,13.27,13.53,13.34,0.19,1.4243,535979.41,724136.272
002600.SZ,2020-11-05,13.7,14.15,13.45,13.71,13.53,0.18,1.3304,818938.15,1126062.474
002600.SZ,2020-11-06,13.78,13.83,13.0,13.33,13.71,-0.38,-2.7717,879525.5,1167321.186
002600.SZ,2020-11-09,13.51,14.34,13.51,14.08,13.33,0.75,5.6264,1282772.57,1798819.977
002600.SZ,2020-11-10,14.01,14.23,13.72,14.2,14.08,0.12,0.8523,693675.42,971364.531
002600.SZ,2020-11-11,13.98,14.08,13.36,13.37,14.2,-0.83,-5.8451,837940.31,1139648.313
002600.SZ,2020-11-12,13.45,13.71,13.3,13.47,13.37,0.1,0.7479,378271.87,510698.733
002600.SZ,2020-11-13,13.34,13.46,12.83,12.98,13.47,-0.49,-3.6377,692053.36,903069.794
002600.SZ,2020-11-16,13.01,13.3,12.65,13.1,12.98,0.12,0.9245,673715.52,873900.886
002600.SZ,2020-11-17,13.07,13.19,12.22,12.72,13.1,-0.38,-2.9008,904304.72,1134290.622
002600.SZ,2020-11-18,12.6,12.9,12.55,12.78,12.72,0.06,0.4717,405727.5,517955.22
002600.SZ,2020-11-19,12.78,12.96,12.64,12.89,12.78,0.11,0.8607,301115.21,386910.492
002600.SZ,2020-11-20,12.8,12.94,12.55,12.7,12.89,-0.19,-1.474,371024.33,471307.843
002600.SZ,2020-11-23,12.61,12.62,12.26,12.57,12.7,-0.13,-1.0236,676150.39,841023.933
002600.SZ,2020-11-24,12.5,12.58,12.25,12.42,12.57,-0.15,-1.1933,428255.17,530247.125
002600.SZ,2020-11-25,12.57,12.75,12.37,12.47,12.42,0.05,0.4026,567927.49,712957.099
002600.SZ,2020-11-26,12.49,12.74,12.35,12.64,12.47,0.17,1.3633,427106.27,535852.268
002600.SZ,2020-11-27,12.65,13.22,12.46,13.16,12.64,0.52,4.1139,936534.52,1214020.573
002600.SZ,2020-11-30,13.5,14.48,13.36,14.21,13.16,1.05,7.9787,2651385.2,3772242.186
002600.SZ,2020-12-01,14.18,14.32,13.86,14.25,14.21,0.04,0.2815,1292993.95,1830313.558
002600.SZ,2020-12-02,14.3,14.65,14.21,14.4,14.25,0.15,1.0526,1096924.59,1584003.747
002600.SZ,2020-12-03,14.59,14.72,14.2,14.35,14.4,-0.05,-0.3472,772547.47,1116345.159
002600.SZ,2020-12-04,14.36,14.55,14.2,14.28,14.35,-0.07,-0.4878,509187.82,729858.651
002600.SZ,2020-12-07,14.35,14.88,14.34,14.36,14.28,0.08,0.5602,744909.9,1084130.726
002600.SZ,2020-12-08,14.5,14.57,14.26,14.36,14.36,0.0,0.0,387690.11,558370.357
002600.SZ,2020-12-09,14.34,14.74,14.02,14.09,14.36,-0.27,-1.8802,729166.86,1045043.8
002600.SZ,2020-12-10,14.0,14.35,13.73,14.12,14.09,0.03,0.2129,647138.35,911366.859
002600.SZ,2020-12-11,14.26,14.47,13.78,13.78,14.12,-0.34,-2.4079,961365.06,1348338.734
002600.SZ,2020-12-14,14.02,14.16,13.6,13.85,13.78,0.07,0.508,704467.84,975519.484
002600.SZ,2020-12-15,14.03,14.2,13.9,14.04,13.85,0.19,1.3718,482538.98,677033.037
002600.SZ,2020-12-16,14.21,14.75,13.02,13.15,14.04,-0.89,-6.339,1418449.6,1915845.359
002600.SZ,2020-12-17,12.9,13.05,12.36,12.93,13.15,-0.22,-1.673,1255440.79,1588866.908
002600.SZ,2020-12-18,12.96,13.08,12.66,12.93,12.93,0.0,0.0,483754.24,624497.729
002600.SZ,2020-12-21,12.88,12.96,12.62,12.83,12.93,-0.1,-0.7734,615081.89,785847.809
002600.SZ,2020-12-22,13.18,13.87,12.93,12.93,12.83,0.1,0.7794,1141267.63,1515413.101
002600.SZ,2020-12-23,13.25,13.51,13.05,13.31,12.93,0.38,2.9389,816124.78,1082443.339
002600.SZ,2020-12-24,13.37,13.39,12.8,12.89,13.31,-0.42,-3.1555,587723.78,766794.279
002600.SZ,2020-12-25,12.8,13.14,12.45,13.1,12.89,0.21,1.6292,631935.19,810589.146
002600.SZ,2020-12-28,12.96,13.02,12.53,12.55,13.1,-0.55,-4.1985,593647.83,756515.804
002600.SZ,2020-12-29,12.63,12.96,12.5,12.53,12.55,-0.02,-0.1594,660534.54,838200.097
002600.SZ,2020-12-30,12.4,12.42,11.64,12.0,12.53,-0.53,-4.2298,1103413.2,1321823.568
002600.SZ,2020-12-31,11.95,12.07,11.73,11.99,12.0,-0.01,-0.0833,851524.9,1013995.199
002600.SZ,2021-01-04,11.97,11.97,11.49,11.77,11.99,-0.22,-1.8349,1061050.83,1240852.873
002600.SZ,2021-01-05,11.65,12.27,11.56,12.2,11.77,0.43,3.6534,1128309.53,1351577.486
002600.SZ,2021-01-06,12.2,12.25,11.72,11.8,12.2,-0.4,-3.2787,991806.57,1180522.954
002600.SZ,2021-01-07,11.93,12.3,11.49,11.85,11.8,0.05,0.4237,1000265.15,1181441.675
002600.SZ,2021-01-08,11.55,11.96,11.55,11.88,11.85,0.03,0.2532,757964.37,891789.476
002600.SZ,2021-01-11,11.9,12.17,11.82,12.14,11.88,0.26,2.1886,1192889.33,1438040.36
002600.SZ,2021-01-12,12.2,12.62,12.02,12.49,12.14,0.35,2.883,1077464.07,1328512.57
002600.SZ,2021-01-13,12.58,12.77,12.31,12.6,12.49,0.11,0.8807,926972.99,1160467.952
002600.SZ,2021-01-14,12.67,12.92,12.3,12.41,12.6,-0.19,-1.5079,885869.66,1115362.991
002600.SZ,2021-01-15,12.25,12.35,11.7,11.9,12.41,-0.51,-4.1096,856262.33,1021457.048
002600.SZ,2021-01-18,11.95,12.28,11.8,12.05,11.9,0.15,1.2605,623231.23,751944.107
002600.SZ,2021-01-19,12.05,12.05,11.68,11.81,12.05,-0.24,-1.9917,725019.54,855755.035
002600.SZ,2021-01-20,11.77,11.97,11.66,11.82,11.81,0.01,0.0847,550656.45,650550.776
002600.SZ,2021-01-21,11.83,12.14,11.5,11.88,11.82,0.06,0.5076,1177539.6,1387501.91
002600.SZ,2021-01-22,11.9,12.0,11.58,11.69,11.88,-0.19,-1.5993,1000247.45,1175177.158
002600.SZ,2021-01-25,11.5,11.5,10.88,11.18,11.69,-0.51,-4.3627,1193405.25,1342872.652
002600.SZ,2021-01-26,11.2,11.28,10.75,10.79,11.18,-0.39,-3.4884,881856.18,960793.127
002600.SZ,2021-01-27,10.71,10.89,10.46,10.63,10.79,-0.16,-1.4829,863192.34,915200.134
002600.SZ,2021-01-28,10.45,10.6,9.98,10.19,10.63,-0.44,-4.1392,1132155.5,1159555.696
002600.SZ,2021-01-29,10.55,10.66,10.17,10.31,10.19,0.12,1.1776,789906.36,819026.968
002600.SZ,2021-02-01,10.42,11.06,10.37,10.88,10.31,0.57,5.5286,960073.09,1025555.522
002600.SZ,2021-02-02,10.78,10.9,10.53,10.77,10.88,-0.11,-1.011,703233.59,750407.646
002600.SZ,2021-02-03,10.72,10.72,10.2,10.28,10.77,-0.49,-4.5497,688150.67,718966.472
002600.SZ,2021-02-04,10.13,10.34,9.89,10.17,10.28,-0.11,-1.07,547407.36,552553.148
002600.SZ,2021-02-05,10.21,10.27,9.9,9.92,10.17,-0.25,-2.4582,437608.34,439485.209
002600.SZ,2021-02-08,9.91,9.92,9.43,9.81,9.92,-0.11,-1.1089,718688.79,695368.727
002600.SZ,2021-02-09,9.82,10.37,9.74,10.26,9.81,0.45,4.5872,623823.35,634009.794
002600.SZ,2021-02-10,10.33,10.69,10.21,10.51,10.26,0.25,2.4366,599341.04,628003.621
002600.SZ,2021-02-18,10.75,10.78,10.35,10.39,10.51,-0.12,-1.1418,603848.15,634473.563
002600.SZ,2021-02-19,10.43,10.75,10.25,10.71,10.39,0.32,3.0799,615855.84,649538.534
002600.SZ,2021-02-22,10.78,10.85,10.53,10.62,10.71,-0.09,-0.8403,639782.85,686240.333
002600.SZ,2021-02-23,10.51,10.6,10.32,10.38,10.62,-0.24,-2.2599,492142.27,513870.877
002600.SZ,2021-02-24,10.37,10.7,10.31,10.56,10.38,0.18,1.7341,510486.77,537270.063
002600.SZ,2021-02-25,10.62,10.68,10.29,10.35,10.56,-0.21,-1.9886,475849.27,494860.713
002600.SZ,2021-02-26,10.23,10.34,10.08,10.17,10.35,-0.18,-1.7391,369923.1,376641.483
002600.SZ,2021-03-01,10.22,10.84,10.21,10.82,10.17,0.65,6.3913,812781.11,864241.503
002600.SZ,2021-03-02,10.87,10.88,10.58,10.65,10.82,-0.17,-1.5712,542630.23,580525.991
002600.SZ,2021-03-03,10.66,10.72,10.4,10.67,10.65,0.02,0.1878,375526.62,397806.447
002600.SZ,2021-03-04,10.59,10.64,10.32,10.34,10.67,-0.33,-3.0928,409816.23,428212.998
002600.SZ,2021-03-05,10.27,10.42,9.93,10.34,10.34,0.0,0.0,675720.02,688531.43
002600.SZ,2021-03-08,10.39,10.55,10.14,10.15,10.34,-0.19,-1.8375,565457.1,586678.782
002600.SZ,2021-03-09,10.1,10.5,9.73,10.09,10.15,-0.06,-0.5911,555112.2,559770.295
002600.SZ,2021-03-10,10.22,10.25,9.61,9.65,10.09,-0.44,-4.3608,595103.98,586253.217
002600.SZ,2021-03-11,9.6,9.9,9.25,9.89,9.65,0.24,2.487,814181.93,776717.278
002600.SZ,2021-03-12,9.74,9.76,9.48,9.69,9.89,-0.2,-2.0222,739812.13,710916.821
002600.SZ,2021-03-15,9.54,9.72,9.44,9.6,9.69,-0.09,-0.9288,482017.53,460584.53
002600.SZ,2021-03-16,9.53,9.65,9.43,9.49,9.6,-0.11,-1.1458,345702.15,329187.314
002600.SZ,2021-03-17,9.4,9.52,9.28,9.3,9.49,-0.19,-2.0021,480046.5,449106.356
002600.SZ,2021-03-18,9.27,9.3,8.9,8.97,9.3,-0.33,-3.5484,847077.1,764462.473
002600.SZ,2021-03-19,8.87,9.05,8.73,8.77,8.97,-0.2,-2.2297,519652.91,460189.973
002600.SZ,2021-03-22,8.77,8.83,8.59,8.74,8.77,-0.03,-0.3421,669294.65,582615.654
002600.SZ,2021-03-23,8.75,8.87,8.3,8.4,8.74,-0.34,-3.8902,916836.46,783750.862
002600.SZ,2021-03-24,8.3,8.42,8.1,8.19,8.4,-0.21,-2.5,699721.71,575539.828
002600.SZ,2021-03-25,8.16,8.26,8.01,8.03,8.19,-0.16,-1.9536,777219.16,629532.245
002600.SZ,2021-03-26,8.08,8.22,7.9,8.17,8.03,0.14,1.7435,900308.2,726670.435
002600.SZ,2021-03-29,8.2,8.22,8.08,8.12,8.17,-0.05,-0.612,692614.3,564425.699
002600.SZ,2021-03-30,8.18,8.44,8.14,8.36,8.12,0.24,2.9557,991713.51,824269.289
002600.SZ,2021-03-31,8.48,8.54,8.1,8.18,8.36,-0.18,-2.1531,959407.87,788474.909
002600.SZ,2021-04-01,8.2,8.43,8.11,8.34,8.18,0.16,1.956,930520.37,771351.983
002600.SZ,2021-04-02,8.41,8.54,8.31,8.42,8.34,0.08,0.9592,957121.78,805245.432
002600.SZ,2021-04-06,8.55,9.18,8.55,8.89,8.42,0.47,5.5819,1415812.07,1255720.312
002600.SZ,2021-04-07,8.89,8.9,8.58,8.67,8.89,-0.22,-2.4747,1184047.46,1023730.613
002600.SZ,2021-04-08,8.66,8.66,8.51,8.54,8.67,-0.13,-1.4994,573123.51,490646.984
002600.SZ,2021-04-09,8.52,8.63,8.41,8.45,8.54,-0.09,-1.0539,558600.0,473929.91
002600.SZ,2021-04-12,8.42,8.52,8.22,8.25,8.45,-0.2,-2.3669,653991.69,546107.683
002600.SZ,2021-04-13,8.25,8.45,8.17,8.34,8.25,0.09,1.0909,471609.48,392879.433
002600.SZ,2021-04-14,8.35,8.42,8.3,8.37,8.34,0.03,0.3597,378217.63,316237.871
002600.SZ,2021-04-15,8.33,8.33,8.18,8.24,8.37,-0.13,-1.5532,396179.77,326112.477
002600.SZ,2021-04-16,8.24,8.47,8.21,8.43,8.24,0.19,2.3058,502609.51,420782.61
002600.SZ,2021-04-19,8.55,8.92,8.5,8.77,8.43,0.34,4.0332,1245388.69,1090315.591
002600.SZ,2021-04-20,8.73,8.81,8.61,8.67,8.77,-0.1,-1.1403,704324.22,612149.097
002600.SZ,2021-04-21,8.6,8.72,8.51,8.7,8.67,0.03,0.346,505059.59,434920.343
002600.SZ,2021-04-22,8.7,8.97,8.66,8.83,8.7,0.13,1.4943,945414.12,833649.584
002600.SZ,2021-04-23,8.76,8.8,8.66,8.67,8.83,-0.16,-1.812,567478.0,493757.183
002600.SZ,2021-04-26,8.67,8.78,8.53,8.62,8.67,-0.05,-0.5767,591293.27,511355.804
002600.SZ,2021-04-27,8.57,8.61,8.32,8.6,8.62,-0.02,-0.232,627606.42,531957.639
002600.SZ,2021-04-28,8.64,8.68,8.4,8.46,8.6,-0.14,-1.6279,506251.38,428733.131
002600.SZ,2021-04-29,8.42,8.52,8.39,8.42,8.46,-0.04,-0.4728,380377.96,321689.045
002600.SZ,2021-04-30,8.42,8.47,8.17,8.24,8.42,-0.18,-2.1378,548278.21,454207.155
002600.SZ,2021-05-06,8.19,8.37,8.15,8.28,8.24,0.04,0.4854,328311.75,272180.917
002600.SZ,2021-05-07,8.24,8.31,8.13,8.14,8.28,-0.14,-1.6908,414567.83,340650.073
002600.SZ,2021-05-10,8.1,8.13,7.91,7.97,8.14,-0.17,-2.0885,510269.75,407114.894
002600.SZ,2021-05-11,7.93,7.97,7.75,7.97,7.97,0.0,0.0,491203.09,385047.654
002600.SZ,2021-05-12,7.89,8.03,7.86,7.99,7.97,0.02,0.2509,346591.01,275000.591
002600.SZ,2021-05-13,7.89,8.11,7.86,8.03,7.99,0.04,0.5006,377749.31,303084.998
002600.SZ,2021-05-14,8.04,8.12,7.92,8.11,8.03,0.08,0.9963,469176.68,377526.046
002600.SZ,2021-05-17,8.12,8.28,8.12,8.13,8.11,0.02,0.2466,510388.78,418588.114
002600.SZ,2021-05-18,8.16,8.21,8.06,8.15,8.13,0.02,0.246,318678.0,258835.008
002600.SZ,2021-05-19,8.13,8.25,8.07,8.17,8.15,0.02,0.2454,377870.34,308907.654
002600.SZ,2021-05-20,8.1,8.17,8.04,8.14,8.17,-0.03,-0.3672,305458.07,247671.08
002600.SZ,2021-05-21,8.33,8.78,8.32,8.43,8.14,0.29,3.5627,1228429.06,1043509.204
002600.SZ,2021-05-24,8.43,8.43,8.2,8.36,8.43,-0.07,-0.8304,644869.96,534710.267
002600.SZ,2021-05-25,8.3,8.54,8.23,8.51,8.36,0.15,1.7943,778042.69,655582.326
002600.SZ,2021-05-26,8.46,8.63,8.36,8.4,8.51,-0.11,-1.2926,745843.19,632305.003
002600.SZ,2021-05-27,8.34,8.75,8.32,8.68,8.4,0.28,3.3333,1106590.02,953766.479
002600.SZ,2021-05-28,8.67,8.69,8.53,8.56,8.68,-0.12,-1.3825,606968.39,520710.837
002600.SZ,2021-05-31,8.56,8.61,8.44,8.53,8.56,-0.03,-0.3505,548492.89,466440.649
002600.SZ,2021-06-01,8.48,8.8,8.41,8.76,8.53,0.23,2.6964,979812.27,847556.528
002600.SZ,2021-06-02,8.7,8.73,8.51,8.53,8.76,-0.23,-2.6256,655792.28,563433.839
002600.SZ,2021-06-03,8.49,8.65,8.41,8.44,8.53,-0.09,-1.0551,514840.67,438779.334
002600.SZ,2021-06-04,8.41,8.52,8.35,8.38,8.44,-0.06,-0.7109,480545.86,403892.145
002600.SZ,2021-06-07,8.41,8.59,8.4,8.5,8.38,0.12,1.432,564558.1,479366.077
002600.SZ,2021-06-08,8.52,8.54,8.35,8.39,8.5,-0.11,-1.2941,467770.82,393980.604
002600.SZ,2021-06-09,8.37,8.45,8.01,8.08,8.39,-0.31,-3.6949,852228.56,700455.918
002600.SZ,2021-06-10,8.07,8.12,7.9,7.92,8.08,-0.16,-1.9802,1025131.31,818564.412
002600.SZ,2021-06-11,7.93,8.0,7.78,7.94,7.92,0.02,0.2525,792661.26,623591.869
002600.SZ,2021-06-15,8.25,8.37,8.09,8.14,7.94,0.2,2.5189,1042775.88,858587.902
002600.SZ,2021-06-16,8.05,8.15,7.96,7.98,8.14,-0.16,-1.9656,542042.11,434461.826
002600.SZ,2021-06-17,7.98,8.15,7.9,8.13,7.98,0.15,1.8797,608441.81,490847.378
002600.SZ,2021-06-18,8.16,8.33,8.07,8.27,8.13,0.14,1.722,797334.77,655088.2
002600.SZ,2021-06-21,8.24,8.48,8.15,8.41,8.27,0.14,1.6929,888463.42,744162.722
002600.SZ,2021-06-22,8.45,8.48,8.23,8.28,8.41,-0.13,-1.5458,642011.01,532610.172
002600.SZ,2021-06-23,8.23,9.11,8.18,9.11,8.28,0.83,10.0242,3333447.36,2962797.292
002600.SZ,2021-06-24,9.11,9.8,9.0,9.46,9.11,0.35,3.8419,4564810.32,4297590.492
002600.SZ,2021-06-25,9.26,9.59,9.13,9.45,9.46,-0.01,-0.1057,2566778.42,2400199.551
002600.SZ,2021-06-28,9.45,9.45,9.2,9.33,9.45,-0.12,-1.2698,1366469.41,1272769.503
002600.SZ,2021-06-29,9.36,9.4,8.94,9.01,9.33,-0.32,-3.4298,1699273.91,1542193.609
002600.SZ,2021-06-30,9.05,9.4,8.96,9.19,9.01,0.18,1.9978,1467970.02,1345537.917
002600.SZ,2021-07-01,9.13,9.14,8.85,8.87,9.19,-0.32,-3.482,1275859.08,1143176.879
002600.SZ,2021-07-02,8.86,8.99,8.7,8.91,8.87,0.04,0.451,949976.65,841985.754
002600.SZ,2021-07-05,8.88,9.04,8.73,8.98,8.91,0.07,0.7856,986046.49,878033.265
002600.SZ,2021-07-06,8.98,8.98,8.71,8.81,8.98,-0.17,-1.8931,900526.38,793700.324
002600.SZ,2021-07-07,8.71,9.14,8.55,9.01,8.81,0.2,2.2701,1500506.17,1330518.782
002600.SZ,2021-07-08,8.96,9.26,8.92,9.15,9.01,0.14,1.5538,1482796.55,1352036.201
002600.SZ,2021-07-09,9.13,9.25,9.01,9.14,9.15,-0.01,-0.1093,1130880.68,1032769.083
002600.SZ,2021-07-12,8.23,8.47,8.23,8.23,9.14,-0.91,-9.9562,885506.42,731382.836
002600.SZ,2021-07-13,7.44,7.87,7.44,7.7,8.23,-0.53,-6.4399,2705134.76,2061566.366
002600.SZ,2021-07-14,7.56,7.85,7.56,7.73,7.7,0.03,0.3896,1394800.32,1074930.231
002600.SZ,2021-07-15,7.71,7.71,7.53,7.57,7.73,-0.16,-2.0699,836330.51,634998.033
002600.SZ,2021-07-16,7.57,7.63,7.45,7.46,7.57,-0.11,-1.4531,882515.04,662367.805
002600.SZ,2021-07-19,7.46,7.54,7.16,7.21,7.46,-0.25,-3.3512,1086608.33,791576.036
002600.SZ,2021-07-20,7.22,7.32,7.19,7.28,7.21,0.07,0.9709,494743.73,359203.41
002600.SZ,2021-07-21,7.32,7.33,7.19,7.2,7.28,-0.08,-1.0989,725116.07,524182.225
002600.SZ,2021-07-22,7.4,7.64,7.36,7.47,7.2,0.27,3.75,1378442.15,1033416.605
002600.SZ,2021-07-23,7.4,7.4,7.27,7.31,7.47,-0.16,-2.1419,715882.84,523153.669
002600.SZ,2021-07-26,7.36,7.36,7.08,7.17,7.31,-0.14,-1.9152,714755.84,514596.203
002600.SZ,2021-07-27,7.19,7.24,7.1,7.14,7.17,-0.03,-0.4184,583902.16,418549.678
002600.SZ,2021-07-28,7.1,7.12,6.72,6.77,7.14,-0.37,-5.1821,734504.76,502318.033
002600.SZ,2021-07-29,6.83,6.94,6.7,6.88,6.77,0.11,1.6248,699324.05,477712.368
002600.SZ,2021-07-30,6.87,6.91,6.73,6.9,6.88,0.02,0.2907,537121.83,366236.124
002600.SZ,2021-08-02,6.88,7.15,6.81,7.05,6.9,0.15,2.1739,726625.74,507616.674
002600.SZ,2021-08-03,7.06,7.19,7.0,7.02,7.05,-0.03,-0.4255,545790.98,386112.044
002600.SZ,2021-08-04,6.98,7.12,6.96,7.05,7.02,0.03,0.4274,638947.87,449328.561
002600.SZ,2021-08-05,7.01,7.03,6.86,6.88,7.05,-0.17,-2.4113,500779.56,348059.428
002600.SZ,2021-08-06,6.88,6.99,6.75,6.96,6.88,0.08,1.1628,466428.04,322190.876
002600.SZ,2021-08-09,6.97,7.01,6.87,6.99,6.96,0.03,0.431,481687.05,334769.722
002600.SZ,2021-08-10,6.96,6.98,6.86,6.9,6.99,-0.09,-1.2876,520805.69,359861.642
002600.SZ,2021-08-11,6.86,6.88,6.78,6.81,6.9,-0.09,-1.3043,510296.24,347723.357
002600.SZ,2021-08-12,6.95,7.48,6.92,7.22,6.81,0.41,6.0206,1954094.67,1407659.721
002600.SZ,2021-08-13,7.16,7.3,7.1,7.21,7.22,-0.01,-0.1385,947163.71,681093.807
002600.SZ,2021-08-16,7.15,7.2,7.1,7.14,7.21,-0.07,-0.9709,510946.58,364826.101
002600.SZ,2021-08-17,7.12,7.18,7.0,7.02,7.14,-0.12,-1.6807,521800.84,369376.823
002600.SZ,2021-08-18,7.01,7.02,6.9,6.97,7.02,-0.05,-0.7123,412452.42,286691.573
002600.SZ,2021-08-19,6.93,7.18,6.91,7.09,6.97,0.12,1.7217,541601.38,382451.35
002600.SZ,2021-08-20,7.08,7.1,6.97,7.05,7.09,-0.04,-0.5642,357854.63,251211.139
002600.SZ,2021-08-23,7.05,7.16,7.03,7.13,7.05,0.08,1.1348,471928.82,335911.707
002600.SZ,2021-08-24,7.17,7.18,7.05,7.09,7.13,-0.04,-0.561,427360.48,303481.17
002600.SZ,2021-08-25,7.09,7.09,7.01,7.04,7.09,-0.05,-0.7052,389498.79,273972.723
002600.SZ,2021-08-26,7.02,7.04,6.95,6.96,7.04,-0.08,-1.1364,355377.41,248286.894
002600.SZ,2021-08-27,6.92,6.95,6.7,6.84,6.96,-0.12,-1.7241,912497.41,620024.635
002600.SZ,2021-08-30,6.8,6.8,6.7,6.72,6.84,-0.12,-1.7544,467375.15,314807.734
002600.SZ,2021-08-31,6.72,6.74,6.52,6.69,6.72,-0.03,-0.4464,592062.73,390718.251
002600.SZ,2021-09-01,6.68,6.87,6.59,6.86,6.69,0.17,2.5411,605688.32,411610.955
002600.SZ,2021-09-02,6.86,6.91,6.79,6.81,6.86,-0.05,-0.7289,405120.65,276699.283
002600.SZ,2021-09-03,6.81,7.07,6.78,7.02,6.81,0.21,3.0837,790023.44,549570.298
002600.SZ,2021-09-06,7.04,7.21,7.0,7.08,7.02,0.06,0.8547,680899.77,483047.353
002600.SZ,2021-09-07,7.06,7.25,7.03,7.17,7.08,0.09,1.2712,723819.06,516269.274
002600.SZ,2021-09-08,7.19,7.3,7.16,7.21,7.17,0.04,0.5579,623191.02,449635.393
002600.SZ,2021-09-09,7.21,7.22,7.08,7.09,7.21,-0.12,-1.6644,490997.14,349404.746
002600.SZ,2021-09-10,7.06,7.14,7.06,7.09,7.09,0.0,0.0,390975.01,277566.1
002600.SZ,2021-09-13,7.1,7.13,7.03,7.1,7.09,0.01,0.141,378789.47,267980.411
002600.SZ,2021-09-14,7.13,7.13,7.01,7.02,7.1,-0.08,-1.1268,424432.0,300226.412
002600.SZ,2021-09-15,7.01,7.01,6.79,6.82,7.02,-0.2,-2.849,638374.4,437594.968
002600.SZ,2021-09-16,6.79,6.9,6.76,6.76,6.82,-0.06,-0.8798,388661.73,264880.659
002600.SZ,2021-09-17,6.76,6.97,6.71,6.91,6.76,0.15,2.2189,460499.37,314315.269
002600.SZ,2021-09-22,6.86,6.96,6.82,6.85,6.91,-0.06,-0.8683,292899.85,201225.984
002600.SZ,2021-09-23,6.86,7.05,6.83,6.9,6.85,0.05,0.7299,566959.78,392331.551
002600.SZ,2021-09-24,6.85,6.9,6.74,6.78,6.9,-0.12,-1.7391,401733.31,273424.894
002600.SZ,2021-09-27,6.86,6.88,6.69,6.71,6.78,-0.07,-1.0324,337543.0,227822.468
002600.SZ,2021-09-28,6.68,6.74,6.64,6.66,6.71,-0.05,-0.7452,262701.61,175288.981
002600.SZ,2021-09-29,6.62,6.64,6.44,6.44,6.66,-0.22,-3.3033,413989.98,270227.174
002600.SZ,2021-09-30,6.44,6.53,6.43,6.46,6.44,0.02,0.3106,319574.75,206419.968
002600.SZ,2021-10-08,6.5,6.62,6.48,6.58,6.46,0.12,1.8576,256140.03,168134.281
002600.SZ,2021-10-11,6.58,6.64,6.54,6.57,6.58,-0.01,-0.152,244903.79,160961.653
002600.SZ,2021-10-12,6.54,6.56,6.45,6.51,6.57,-0.06,-0.9132,240676.25,155953.811
002600.SZ,2021-10-13,6.5,6.54,6.47,6.52,6.51,0.01,0.1536,150396.66,97830.948
002600.SZ,2021-10-14,6.52,6.52,6.31,6.39,6.52,-0.13,-1.9939,427807.23,273141.384
002600.SZ,2021-10-15,6.42,6.42,6.25,6.26,6.39,-0.13,-2.0344,370889.93,232919.361
002600.SZ,2021-10-18,6.24,6.26,6.07,6.09,6.26,-0.17,-2.7157,377847.85,230294.517
002600.SZ,2021-10-19,6.08,6.14,6.03,6.14,6.09,0.05,0.821,231065.82,141287.448
002600.SZ,2021-10-20,6.15,6.16,6.06,6.06,6.14,-0.08,-1.3029,232164.01,141418.09
002600.SZ,2021-10-21,6.06,6.09,5.9,5.91,6.06,-0.15,-2.4752,385874.88,231107.616
002600.SZ,2021-10-22,5.9,5.97,5.88,5.94,5.91,0.03,0.5076,247685.37,147185.143
002600.SZ,2021-10-25,5.94,5.94,5.81,5.84,5.94,-0.1,-1.6835,300796.47,175970.786
002600.SZ,2021-10-26,5.84,6.42,5.83,6.42,5.84,0.58,9.9315,904659.33,563532.664
002600.SZ,2021-10-27,6.52,6.98,6.28,6.65,6.42,0.23,3.5826,1757032.88,1148103.394
002600.SZ,2021-10-28,6.51,6.8,6.47,6.5,6.65,-0.15,-2.2556,973827.81,644460.027
002600.SZ,2021-10-29,6.59,6.77,6.52,6.66,6.5,0.16,2.4615,829596.66,552877.492
002600.SZ,2021-11-01,6.68,6.93,6.64,6.87,6.66,0.21,3.1532,1005580.33,681486.413
002600.SZ,2021-11-02,6.78,6.8,6.54,6.58,6.87,-0.29,-4.2213,820406.05,546185.716
002600.SZ,2021-11-03,6.58,6.67,6.48,6.61,6.58,0.03,0.4559,539665.47,354618.534
002600.SZ,2021-11-04,6.6,6.75,6.55,6.64,6.61,0.03,0.4539,644095.23,428236.919
002600.SZ,2021-11-05,6.61,6.93,6.57,6.76,6.64,0.12,1.8072,1201461.9,815039.879
002600.SZ,2021-11-08,6.76,6.78,6.5,6.67,6.76,-0.09,-1.3314,809354.26,537008.477
002600.SZ,2021-11-09,6.68,6.68,6.53,6.56,6.67,-0.11,-1.6492,523712.33,344811.369
002600.SZ,2021-11-10,6.53,6.68,6.52,6.58,6.56,0.02,0.3049,498876.42,328464.156
002600.SZ,2021-11-11,6.51,6.78,6.5,6.72,6.58,0.14,2.1277,762468.7,508383.318
002600.SZ,2021-11-12,6.72,6.88,6.66,6.82,6.72,0.1,1.4881,812184.23,551899.726
002600.SZ,2021-11-15,6.95,7.2,6.89,7.0,6.82,0.18,2.6393,1316159.09,926351.064
002600.SZ,2021-11-16,6.96,7.07,6.83,6.86,7.0,-0.14,-2.0,776075.82,537815.771
002600.SZ,2021-11-17,6.84,7.02,6.75,6.97,6.86,0.11,1.6035,754457.81,520540.746
002600.SZ,2021-11-18,6.94,7.03,6.75,6.75,6.97,-0.22,-3.1564,723428.25,495632.69
002600.SZ,2021-11-19,6.72,7.03,6.69,6.86,6.75,0.11,1.6296,652320.03,449357.15
002600.SZ,2021-11-22,6.85,7.17,6.81,7.13,6.86,0.27,3.9359,1317144.43,922582.702
002600.SZ,2021-11-23,7.14,7.2,7.02,7.05,7.13,-0.08,-1.122,881987.65,625071.38
002600.SZ,2021-11-24,7.04,7.22,6.97,7.12,7.05,0.07,0.9929,1271315.7,906953.142
002600.SZ,2021-11-25,7.1,7.15,7.02,7.05,7.12,-0.07,-0.9831,661767.13,467921.532
002600.SZ,2021-11-26,7.01,7.14,6.99,7.03,7.05,-0.02,-0.2837,701803.32,495138.598
002600.SZ,2021-11-29,6.88,6.95,6.85,6.93,7.03,-0.1,-1.4225,648610.5,448027.898
002600.SZ,2021-11-30,6.93,7.0,6.73,6.78,6.93,-0.15,-2.1645,711688.86,487871.227
002600.SZ,2021-12-01,6.81,7.46,6.78,7.46,6.78,0.68,10.0295,2161397.69,1565128.428
002600.SZ,2021-12-02,8.21,8.21,7.94,8.21,7.46,0.75,10.0536,5491850.63,4480699.52
002600.SZ,2021-12-03,8.07,8.07,7.55,7.75,8.21,-0.46,-5.6029,4379457.27,3379198.646
002600.SZ,2021-12-06,7.79,7.84,7.42,7.44,7.75,-0.31,-4.0,2592647.26,1969580.5
002600.SZ,2021-12-07,7.5,7.58,7.23,7.53,7.44,0.09,1.2097,2282499.44,1694138.909
002600.SZ,2021-12-08,7.48,7.67,7.36,7.59,7.53,0.06,0.7968,1632336.81,1229416.719
002600.SZ,2021-12-09,7.6,7.74,7.5,7.54,7.59,-0.05,-0.6588,1474700.42,1119854.194
002600.SZ,2021-12-10,7.47,7.67,7.42,7.61,7.54,0.07,0.9284,1240393.2,938833.153
002600.SZ,2021-12-13,7.6,7.75,7.49,7.5,7.61,-0.11,-1.4455,1198425.6,908609.892
002600.SZ,2021-12-14,7.46,7.64,7.37,7.48,7.5,-0.02,-0.2667,975928.0,731217.79
002600.SZ,2021-12-15,7.46,7.53,7.4,7.4,7.48,-0.08,-1.0695,739578.37,552088.625
002600.SZ,2021-12-16,7.4,7.47,7.35,7.43,7.4,0.03,0.4054,712983.72,527482.506
002600.SZ,2021-12-17,7.44,7.47,7.17,7.17,7.43,-0.26,-3.4993,1034491.45,752773.614
002600.SZ,2021-12-20,7.15,7.27,7.13,7.13,7.17,-0.04,-0.5579,586201.91,421188.056
002600.SZ,2021-12-21,7.13,7.31,7.13,7.26,7.13,0.13,1.8233,567805.41,411417.989
002600.SZ,2021-12-22,7.27,7.54,7.2,7.5,7.26,0.24,3.3058,1239659.89,921338.165
002600.SZ,2021-12-23,7.5,7.6,7.36,7.38,7.5,-0.12,-1.6,856554.88,637528.474
002600.SZ,2021-12-24,7.32,8.08,7.31,7.59,7.38,0.21,2.8455,1948339.81,1496499.18
002600.SZ,2021-12-27,7.59,7.91,7.45,7.69,7.59,0.1,1.3175,1350189.61,1033487.886
002600.SZ,2021-12-28,7.63,7.66,7.45,7.52,7.69,-0.17,-2.2107,835579.76,628969.765
002600.SZ,2021-12-29,7.48,7.65,7.38,7.42,7.52,-0.1,-1.3298,794940.73,595577.335
002600.SZ,2021-12-30,7.38,7.48,7.3,7.39,7.42,-0.03,-0.4043,675639.12,500219.933
002600.SZ,2021-12-31,7.41,7.46,7.35,7.36,7.39,-0.03,-0.406,476670.96,351961.856
002600.SZ,2022-01-04,7.4,7.54,7.35,7.5,7.36,0.14,1.9022,642981.23,479463.77
002600.SZ,2022-01-05,7.47,7.52,7.18,7.23,7.5,-0.27,-3.6,893687.71,654301.782
002600.SZ,2022-01-06,7.2,7.31,7.16,7.26,7.23,0.03,0.4149,502379.06,363874.933
002600.SZ,2022-01-07,7.27,7.31,7.1,7.12,7.26,-0.14,-1.9284,568707.58,408566.221
002600.SZ,2022-01-10,7.12,7.23,7.01,7.17,7.12,0.05,0.7022,502000.27,358713.611
002600.SZ,2022-01-11,7.17,7.22,7.05,7.06,7.17,-0.11,-1.5342,441549.47,314980.172
002600.SZ,2022-01-12,7.08,7.26,7.06,7.2,7.06,0.14,1.983,492971.86,352761.928
002600.SZ,2022-01-13,7.2,7.23,7.1,7.13,7.2,-0.07,-0.9722,398006.87,284406.833
002600.SZ,2022-01-14,7.1,7.16,6.9,6.91,7.13,-0.22,-3.0856,631516.3,443861.744
002600.SZ,2022-01-17,6.86,6.97,6.83,6.91,6.91,0.0,0.0,435665.61,301065.383
002600.SZ,2022-01-18,6.91,7.1,6.87,6.97,6.91,0.06,0.8683,453736.98,317567.317
002600.SZ,2022-01-19,6.93,6.98,6.86,6.89,6.97,-0.08,-1.1478,318010.54,219612.99
002600.SZ,2022-01-20,6.89,6.92,6.61,6.64,6.89,-0.25,-3.6284,615291.46,413470.002
002600.SZ,2022-01-21,6.64,6.73,6.5,6.51,6.64,-0.13,-1.9578,460100.94,301848.317
002600.SZ,2022-01-24,6.51,6.57,6.41,6.54,6.51,0.03,0.4608,339826.67,220928.455
002600.SZ,2022-01-25,6.51,6.55,6.22,6.22,6.54,-0.32,-4.893,453195.24,286753.43
002600.SZ,2022-01-26,6.2,6.36,6.2,6.26,6.22,0.04,0.6431,286212.8,179249.927
002600.SZ,2022-01-27,6.24,6.3,6.09,6.11,6.26,-0.15,-2.3962,350293.74,216809.468
002600.SZ,2022-01-28,6.14,6.21,6.07,6.14,6.11,0.03,0.491,298980.21,183854.998
002600.SZ,2022-02-07,6.22,6.32,6.19,6.23,6.14,0.09,1.4658,349777.64,218285.638
002600.SZ,2022-02-08,6.26,6.34,6.16,6.33,6.23,0.1,1.6051,386752.38,242277.47
002600.SZ,2022-02-09,6.33,6.37,6.29,6.35,6.33,0.02,0.316,515862.54,326422.186
002600.SZ,2022-02-10,6.34,6.34,6.23,6.26,6.35,-0.09,-1.4173,387791.6,243353.881
002600.SZ,2022-02-11,6.22,6.24,6.06,6.08,6.26,-0.18,-2.8754,600857.8,368059.787
002600.SZ,2022-02-14,6.1,6.13,6.01,6.1,6.08,0.02,0.3289,366851.13,223078.017
002600.SZ,2022-02-15,6.1,6.15,6.05,6.1,6.1,0.0,0.0,351524.25,214050.681
002600.SZ,2022-02-16,6.12,6.24,6.12,6.15,6.1,0.05,0.8197,407145.94,251323.718
002600.SZ,2022-02-17,6.15,6.18,6.1,6.13,6.15,-0.02,-0.3252,336772.54,206664.246
002600.SZ,2022-02-18,6.09,6.17,6.06,6.15,6.13,0.02,0.3263,268847.36,164487.79
002600.SZ,2022-02-21,6.15,6.22,6.13,6.22,6.15,0.07,1.1382,359397.93,222152.864
002600.SZ,2022-02-22,6.18,6.19,6.06,6.09,6.22,-0.13,-2.09,409576.37,250141.424
002600.SZ,2022-02-23,6.1,6.18,6.08,6.17,6.09,0.08,1.3136,436706.13,268289.099
002600.SZ,2022-02-24,6.13,6.21,5.91,5.97,6.17,-0.2,-3.2415,665411.35,402444.826
002600.SZ,2022-02-25,6.05,6.17,6.01,6.07,5.97,0.1,1.675,432386.3,263405.852
002600.SZ,2022-02-28,6.08,6.09,5.93,5.99,6.07,-0.08,-1.318,431119.51,257811.716
002600.SZ,2022-03-01,5.99,6.01,5.95,5.99,5.99,0.0,0.0,351556.88,209973.503
002600.SZ,2022-03-02,5.96,5.98,5.93,5.96,5.99,-0.03,-0.5008,267849.7,159303.11
002600.SZ,2022-03-03,5.99,6.0,5.92,5.93,5.96,-0.03,-0.5034,276689.44,164673.153
002600.SZ,2022-03-04,5.91,5.92,5.82,5.84,5.93,-0.09,-1.5177,358717.12,209715.863
002600.SZ,2022-03-07,5.82,5.83,5.6,5.62,5.84,-0.22,-3.7671,493833.58,279447.109
002600.SZ,2022-03-08,5.62,5.65,5.37,5.5,5.62,-0.12,-2.1352,474008.73,261638.024
002600.SZ,2022-03-09,5.52,5.58,5.14,5.37,5.5,-0.13,-2.3636,497470.78,267508.217
002600.SZ,2022-03-10,5.49,5.54,5.43,5.44,5.37,0.07,1.3035,367443.48,201332.262
002600.SZ,2022-03-11,5.38,5.52,5.28,5.51,5.44,0.07,1.2868,347391.83,187913.548
002600.SZ,2022-03-14,5.44,5.52,5.37,5.38,5.51,-0.13,-2.3593,274445.77,149430.923
002600.SZ,2022-03-15,5.36,5.36,5.04,5.05,5.38,-0.33,-6.1338,493168.5,256498.673
002600.SZ,2022-03-16,5.12,5.2,4.9,5.18,5.05,0.13,2.5743,578726.55,293908.688
002600.SZ,2022-03-17,5.25,5.3,5.21,5.21,5.18,0.03,0.5792,605580.48,318184.72
002600.SZ,2022-03-18,5.17,5.31,5.17,5.27,5.21,0.06,1.1516,409516.26,215539.623
002600.SZ,2022-03-21,5.29,5.34,5.19,5.25,5.27,-0.02,-0.3795,349399.98,183719.999
002600.SZ,2022-03-22,5.26,5.29,5.19,5.26,5.25,0.01,0.1905,256590.27,134443.092
002600.SZ,2022-03-23,5.26,5.29,5.22,5.27,5.26,0.01,0.1901,269657.07,142044.45
002600.SZ,2022-03-24,5.25,5.26,5.15,5.17,5.27,-0.1,-1.8975,328326.52,170324.075
002600.SZ,2022-03-25,5.2,5.27,5.16,5.18,5.17,0.01,0.1934,292939.03,152633.205
002600.SZ,2022-03-28,5.15,5.2,5.06,5.16,5.18,-0.02,-0.3861,289697.58,148490.935
002600.SZ,2022-03-29,5.16,5.18,5.04,5.06,5.16,-0.1,-1.938,280048.41,142611.333
002600.SZ,2022-03-30,5.08,5.14,5.07,5.12,5.06,0.06,1.1858,244208.87,124720.707
002600.SZ,2022-03-31,5.12,5.16,5.08,5.08,5.12,-0.04,-0.7813,236344.17,120826.204
002600.SZ,2022-04-01,5.06,5.1,5.0,5.08,5.08,0.0,0.0,255000.99,128755.285
002600.SZ,2022-04-06,5.07,5.14,5.03,5.13,5.08,0.05,0.9843,286258.16,145840.976
002600.SZ,2022-04-07,5.12,5.12,4.98,4.99,5.13,-0.14,-2.729,349985.27,176389.683
002600.SZ,2022-04-08,5.03,5.05,4.77,4.86,4.99,-0.13,-2.6052,656541.64,318105.962
002600.SZ,2022-04-11,4.85,4.85,4.64,4.69,4.86,-0.17,-3.4979,439029.22,208153.541
002600.SZ,2022-04-12,4.64,4.75,4.6,4.74,4.69,0.05,1.0661,352630.18,165198.234
002600.SZ,2022-04-13,4.7,4.79,4.65,4.73,4.74,-0.01,-0.211,257857.96,121655.039
002600.SZ,2022-04-14,4.73,4.76,4.71,4.72,4.73,-0.01,-0.2114,206150.43,97565.372
002600.SZ,2022-04-15,4.69,4.7,4.63,4.64,4.72,-0.08,-1.6949,217042.91,101166.049
002600.SZ,2022-04-18,4.6,4.72,4.53,4.69,4.64,0.05,1.0776,275759.53,127800.402
002600.SZ,2022-04-19,4.69,4.75,4.65,4.67,4.69,-0.02,-0.4264,175566.41,82414.152
002600.SZ,2022-04-20,4.66,4.83,4.65,4.67,4.67,0.0,0.0,344304.89,162649.553
002600.SZ,2022-04-21,4.66,4.78,4.59,4.64,4.67,-0.03,-0.6424,543173.24,255302.916
002600.SZ,2022-04-22,4.6,4.62,4.36,4.38,4.64,-0.26,-5.6034,642552.3,284567.936
002600.SZ,2022-04-25,4.26,4.27,3.99,4.0,4.38,-0.38,-8.6758,588198.45,244021.966
002600.SZ,2022-04-26,4.03,4.1,3.94,3.95,4.0,-0.05,-1.25,442638.35,178320.7
002600.SZ,2022-04-27,3.91,4.06,3.83,4.04,3.95,0.09,2.2785,482001.61,190397.947
002600.SZ,2022-04-28,4.06,4.08,3.96,4.03,4.04,-0.01,-0.2475,424110.11,170617.848
002600.SZ,2022-04-29,4.06,4.32,4.06,4.28,4.03,0.25,6.2035,558640.83,234337.504
002600.SZ,2022-05-05,4.29,4.38,4.25,4.35,4.28,0.07,1.6355,376013.54,162780.058
002600.SZ,2022-05-06,4.25,4.25,4.17,4.21,4.35,-0.14,-3.2184,315680.77,133104.364
002600.SZ,2022-05-09,4.21,4.3,4.18,4.26,4.21,0.05,1.1876,236288.38,100693.995
002600.SZ,2022-05-10,4.23,4.34,4.18,4.32,4.26,0.06,1.4085,314245.23,134779.812
002600.SZ,2022-05-11,4.33,4.62,4.32,4.47,4.32,0.15,3.4722,662868.41,299033.213
002600.SZ,2022-05-12,4.42,4.52,4.41,4.48,4.47,0.01,0.2237,309743.35,138613.411
002600.SZ,2022-05-13,4.49,4.52,4.41,4.44,4.48,-0.04,-0.8929,260471.87,115865.309
002600.SZ,2022-05-16,4.47,4.5,4.37,4.4,4.44,-0.04,-0.9009,286395.6,126452.505
002600.SZ,2022-05-17,4.4,4.44,4.33,4.44,4.4,0.04,0.9091,255687.05,112224.145
002600.SZ,2022-05-18,4.88,4.88,4.88,4.88,4.44,0.44,9.9099,157083.16,76656.582
002600.SZ,2022-05-19,4.99,5.3,4.91,5.03,4.88,0.15,3.0738,1956947.7,995562.808
002600.SZ,2022-05-20,4.93,5.0,4.81,4.94,5.03,-0.09,-1.7893,1226960.97,601928.646
002600.SZ,2022-05-23,4.89,4.92,4.8,4.84,4.94,-0.1,-2.0243,666313.57,322898.834
002600.SZ,2022-05-24,4.84,4.84,4.56,4.56,4.84,-0.28,-5.7851,734927.03,345331.943
002600.SZ,2022-05-25,4.56,4.62,4.53,4.61,4.56,0.05,1.0965,324641.17,148788.761
002600.SZ,2022-05-26,4.6,4.74,4.48,4.71,4.61,0.1,2.1692,821369.1,378838.844
002600.SZ,2022-05-27,4.72,4.72,4.55,4.6,4.71,-0.11,-2.3355,415471.14,192695.346
002600.SZ,2022-05-30,4.62,4.64,4.54,4.59,4.6,-0.01,-0.2174,479736.26,220253.597
002600.SZ,2022-05-31,4.58,4.83,4.51,4.77,4.59,0.18,3.9216,947799.4,445479.587
002600.SZ,2022-06-01,4.74,4.75,4.65,4.69,4.77,-0.08,-1.6771,537688.71,252836.64
002600.SZ,2022-06-02,4.67,4.73,4.64,4.71,4.69,0.02,0.4264,338875.87,158990.734
002600.SZ,2022-06-06,4.68,4.79,4.68,4.77,4.71,0.06,1.2739,535104.33,254001.099
002600.SZ,2022-06-07,4.76,4.76,4.64,4.67,4.77,-0.1,-2.0964,451498.42,211553.42
002600.SZ,2022-06-08,4.68,4.73,4.6,4.67,4.67,0.0,0.0,369116.99,172199.593
002600.SZ,2022-06-09,4.64,4.66,4.52,4.54,4.67,-0.13,-2.7837,389697.28,177796.771
002600.SZ,2022-06-10,4.49,4.63,4.48,4.62,4.54,0.08,1.7621,409622.42,187481.558
002600.SZ,2022-06-13,4.61,4.69,4.57,4.62,4.62,0.0,0.0,412602.77,191098.075
002600.SZ,2022-06-14,4.59,4.66,4.45,4.65,4.62,0.03,0.6494,460973.7,209391.516
002600.SZ,2022-06-15,4.65,4.9,4.65,4.79,4.65,0.14,3.0108,1072015.72,515298.606
002600.SZ,2022-06-16,4.79,4.84,4.76,4.77,4.79,-0.02,-0.4175,467096.63,223957.507
002600.SZ,2022-06-17,4.72,4.79,4.68,4.79,4.77,0.02,0.4193,429378.48,204065.213
002600.SZ,2022-06-20,4.81,4.84,4.75,4.79,4.79,0.0,0.0,364317.21,174525.373
002600.SZ,2022-06-21,4.79,4.91,4.75,4.82,4.79,0.03,0.6263,636279.16,308129.035
002600.SZ,2022-06-22,4.82,4.83,4.66,4.67,4.82,-0.15,-3.112,540796.12,255012.543
002600.SZ,2022-06-23,4.67,4.75,4.65,4.74,4.67,0.07,1.4989,388595.26,182702.277
002600.SZ,2022-06-24,4.76,4.88,4.75,4.84,4.74,0.1,2.1097,533885.52,257020.516
002600.SZ,2022-06-27,4.87,4.88,4.79,4.83,4.84,-0.01,-0.2066,469876.21,227096.809
002600.SZ,2022-06-28,4.83,5.21,4.78,5.11,4.83,0.28,5.7971,1408069.57,708276.113
002600.SZ,2022-06-29,5.06,5.32,5.05,5.06,5.11,-0.05,-0.9785,1219620.73,630450.052
002600.SZ,2022-06-30,5.13,5.18,5.0,5.02,5.06,-0.04,-0.7905,697326.81,352686.127
002600.SZ,2022-07-01,5.03,5.11,4.95,4.98,5.02,-0.04,-0.7968,479913.95,240987.251
002600.SZ,2022-07-04,5.0,5.01,4.88,5.0,4.98,0.02,0.4016,414961.73,205470.777
002600.SZ,2022-07-05,5.01,5.02,4.9,4.95,5.0,-0.05,-1.0,426757.83,210845.906
002600.SZ,2022-07-06,4.94,4.94,4.86,4.89,4.95,-0.06,-1.2121,330314.86,162068.397
002600.SZ,2022-07-07,4.89,4.94,4.86,4.9,4.89,0.01,0.2045,262943.05,129089.96
002600.SZ,2022-07-08,4.89,5.11,4.89,4.99,4.9,0.09,1.8367,577686.34,290187.492
002600.SZ,2022-07-11,4.99,4.99,4.87,4.91,4.99,-0.08,-1.6032,384247.05,188165.813
002600.SZ,2022-07-12,4.91,4.94,4.86,4.86,4.91,-0.05,-1.0183,320408.62,156797.833
002600.SZ,2022-07-13,4.86,4.9,4.82,4.89,4.86,0.03,0.6173,257737.39,125358.991
002600.SZ,2022-07-14,4.87,5.05,4.85,5.02,4.89,0.13,2.6585,497554.21,247723.99
002600.SZ,2022-07-15,5.0,5.01,4.87,4.87,5.02,-0.15,-2.988,346523.23,171105.235
002600.SZ,2022-07-18,4.88,4.98,4.86,4.98,4.87,0.11,2.2587,297066.75,146619.156
002600.SZ,2022-07-19,4.98,5.02,4.94,5.01,4.98,0.03,0.6024,285490.38,142257.136
002600.SZ,2022-07-20,5.01,5.05,4.98,5.01,5.01,0.0,0.0,274105.72,137327.603
002600.SZ,2022-07-21,5.0,5.17,4.97,5.07,5.01,0.06,1.1976,634559.98,323586.196
002600.SZ,2022-07-22,5.07,5.1,4.97,5.02,5.07,-0.05,-0.9862,398155.78,200126.928
002600.SZ,2022-07-25,5.0,5.04,4.91,4.92,5.02,-0.1,-1.992,272176.83,134938.54
002600.SZ,2022-07-26,4.95,4.96,4.88,4.96,4.92,0.04,0.813,201519.51,99191.526
002600.SZ,2022-07-27,4.94,4.97,4.92,4.95,4.96,-0.01,-0.2016,177451.27,87719.818
002600.SZ,2022-07-28,4.97,5.24,4.96,5.16,4.95,0.21,4.2424,1134781.49,584320.56
002600.SZ,2022-07-29,5.17,5.21,5.09,5.14,5.16,-0.02,-0.3876,513860.65,263885.864
002600.SZ,2022-08-01,5.11,5.25,5.06,5.2,5.14,0.06,1.1673,700941.33,363393.681
002600.SZ,2022-08-02,5.14,5.14,4.94,5.01,5.2,-0.19,-3.6538,733013.39,368787.854
002600.SZ,2022-08-03,5.01,5.23,5.01,5.08,5.01,0.07,1.3972,752709.43,386782.533
002600.SZ,2022-08-04,5.12,5.19,5.08,5.14,5.08,0.06,1.1811,461262.8,236697.45
002600.SZ,2022-08-05,5.17,5.23,5.12,5.22,5.14,0.08,1.5564,634484.68,329260.82
002600.SZ,2022-08-08,5.18,5.23,5.13,5.19,5.22,-0.03,-0.5747,430243.85,222553.894
002600.SZ,2022-08-09,5.2,5.22,5.11,5.2,5.19,0.01,0.1927,448994.4,231214.077
002600.SZ,2022-08-10,5.16,5.42,5.15,5.26,5.2,0.06,1.1538,795498.37,420264.708
002600.SZ,2022-08-11,5.26,5.79,5.24,5.79,5.26,0.53,10.076,1088852.79,611895.599
002600.SZ,2022-08-12,6.27,6.28,5.79,5.81,5.79,0.02,0.3454,3873710.58,2339430.45
002600.SZ,2022-08-15,5.71,5.77,5.57,5.61,5.81,-0.2,-3.4423,1885518.17,1063513.143
002600.SZ,2022-08-16,5.58,5.6,5.5,5.53,5.61,-0.08,-1.426,1170118.0,649114.711
002600.SZ,2022-08-17,5.53,5.88,5.49,5.87,5.53,0.34,6.1483,2254638.43,1288055.682
002600.SZ,2022-08-18,5.82,6.19,5.72,5.96,5.87,0.09,1.5332,1935238.97,1143354.0
002600.SZ,2022-08-19,5.92,6.05,5.76,5.76,5.96,-0.2,-3.3557,1169737.9,684937.893
002600.SZ,2022-08-22,5.73,5.92,5.63,5.8,5.76,0.04,0.6944,908991.71,528559.194
002600.SZ,2022-08-23,5.73,5.85,5.7,5.76,5.8,-0.04,-0.6897,621957.96,357955.329
002600.SZ,2022-08-24,5.72,5.73,5.48,5.56,5.76,-0.2,-3.4722,1017508.77,566070.478
002600.SZ,2022-08-25,5.56,5.59,5.35,5.37,5.56,-0.19,-3.4173,757938.69,410400.235
002600.SZ,2022-08-26,5.45,5.68,5.45,5.52,5.37,0.15,2.7933,803878.66,448734.408
002600.SZ,2022-08-29,5.4,5.61,5.37,5.56,5.52,0.04,0.7246,504878.22,278782.78
002600.SZ,2022-08-30,5.6,5.72,5.5,5.57,5.56,0.01,0.1799,476658.83,266800.96
002600.SZ,2022-08-31,5.51,5.55,5.38,5.5,5.57,-0.07,-1.2567,483141.98,263994.378
002600.SZ,2022-09-01,5.49,5.57,5.41,5.42,5.5,-0.08,-1.4545,302659.56,165731.182
002600.SZ,2022-09-02,5.43,5.68,5.43,5.61,5.42,0.19,3.5055,634952.02,352843.915
002600.SZ,2022-09-05,5.61,5.64,5.51,5.56,5.61,-0.05,-0.8913,387974.32,215576.676
002600.SZ,2022-09-06,5.52,5.57,5.46,5.57,5.56,0.01,0.1799,402737.18,222147.375
002600.SZ,2022-09-07,5.54,5.59,5.51,5.53,5.57,-0.04,-0.7181,320182.95,177471.463
002600.SZ,2022-09-08,5.58,5.63,5.3,5.3,5.53,-0.23,-4.1591,770122.41,417862.537
002600.SZ,2022-09-09,5.3,5.31,5.2,5.26,5.3,-0.04,-0.7547,403600.63,211824.576
002600.SZ,2022-09-13,5.28,5.41,5.26,5.3,5.26,0.04,0.7605,339255.29,180528.875
002600.SZ,2022-09-14,5.2,5.2,5.08,5.11,5.3,-0.19,-3.5849,425095.65,218457.537
002600.SZ,2022-09-15,5.14,5.16,4.92,4.97,5.11,-0.14,-2.7397,562267.29,282096.109
002600.SZ,2022-09-16,4.97,5.01,4.77,4.78,4.97,-0.19,-3.8229,546817.81,266220.624
002600.SZ,2022-09-19,4.79,4.82,4.66,4.71,4.78,-0.07,-1.4644,434996.77,205551.65
002600.SZ,2022-09-20,4.75,4.8,4.7,4.75,4.71,0.04,0.8493,320470.07,151754.967
002600.SZ,2022-09-21,4.75,4.79,4.62,4.76,4.75,0.01,0.2105,343089.93,161839.12
002600.SZ,2022-09-22,4.72,4.8,4.68,4.69,4.76,-0.07,-1.4706,308008.16,145659.15
002600.SZ,2022-09-23,4.68,4.71,4.56,4.63,4.69,-0.06,-1.2793,346906.02,160787.239
002600.SZ,2022-09-26,4.6,4.63,4.51,4.53,4.63,-0.1,-2.1598,286906.13,131104.4
002600.SZ,2022-09-27,4.56,4.66,4.56,4.65,4.53,0.12,2.649,293745.54,135374.627
002600.SZ,2022-09-28,4.63,4.63,4.48,4.48,4.65,-0.17,-3.6559,256997.36,116806.216
002600.SZ,2022-09-29,4.54,4.56,4.38,4.42,4.48,-0.06,-1.3393,226856.36,101121.867
002600.SZ,2022-09-30,4.44,4.5,4.39,4.45,4.42,0.03,0.6787,240652.46,107128.724
002600.SZ,2022-10-10,4.46,4.5,4.3,4.32,4.45,-0.13,-2.9213,280816.5,122909.572
002600.SZ,2022-10-11,4.32,4.39,4.3,4.37,4.32,0.05,1.1574,181520.01,79025.169
002600.SZ,2022-10-12,4.37,4.51,4.34,4.5,4.37,0.13,2.9748,282593.87,125186.387
002600.SZ,2022-10-13,4.47,4.59,4.46,4.55,4.5,0.05,1.1111,280062.06,127239.706
002600.SZ,2022-10-14,4.57,4.65,4.54,4.63,4.55,0.08,1.7582,288078.78,132940.659
002600.SZ,2022-10-17,4.6,4.73,4.6,4.72,4.63,0.09,1.9438,284342.19,133115.372
002600.SZ,2022-10-18,4.74,4.77,4.65,4.68,4.72,-0.04,-0.8475,260717.98,122154.67
002600.SZ,2022-10-19,4.66,4.72,4.61,4.61,4.68,-0.07,-1.4957,218854.94,102004.962
002600.SZ,2022-10-20,4.6,4.72,4.57,4.66,4.61,0.05,1.0846,277274.81,129176.565
002600.SZ,2022-10-21,4.69,4.69,4.6,4.62,4.66,-0.04,-0.8584,200890.6,93326.217
002600.SZ,2022-10-24,4.65,4.72,4.5,4.55,4.62,-0.07,-1.5152,301966.67,139529.566
002600.SZ,2022-10-25,4.51,4.61,4.48,4.57,4.55,0.02,0.4396,221190.54,100668.367
002600.SZ,2022-10-26,4.59,4.68,4.58,4.66,4.57,0.09,1.9694,229470.12,106620.301
002600.SZ,2022-10-27,4.67,4.82,4.67,4.75,4.66,0.09,1.9313,417437.32,198263.709
002600.SZ,2022-10-28,4.7,4.73,4.5,4.51,4.75,-0.24,-5.0526,388324.49,179113.774
002600.SZ,2022-10-31,4.54,4.82,4.53,4.73,4.51,0.22,4.878,683066.11,324115.498
002600.SZ,2022-11-01,4.75,4.84,4.71,4.83,4.73,0.1,2.1142,481197.95,230475.434
002600.SZ,2022-11-02,4.94,5.01,4.87,4.89,4.83,0.06,1.2422,644210.63,318217.763
002600.SZ,2022-11-03,4.82,4.9,4.8,4.83,4.89,-0.06,-1.227,343938.22,166454.902
002600.SZ,2022-11-04,4.82,4.92,4.82,4.9,4.83,0.07,1.4493,333000.08,162766.753
002600.SZ,2022-11-07,4.88,4.96,4.86,4.94,4.9,0.04,0.8163,387277.17,190203.907
002600.SZ,2022-11-08,4.95,4.95,4.82,4.9,4.94,-0.04,-0.8097,296478.52,144230.187
002600.SZ,2022-11-09,4.89,4.9,4.82,4.83,4.9,-0.07,-1.4286,240721.88,116634.246
002600.SZ,2022-11-10,4.81,4.81,4.74,4.76,4.83,-0.07,-1.4493,299815.82,142910.424
002600.SZ,2022-11-11,4.84,4.88,4.78,4.79,4.76,0.03,0.6303,365314.03,176015.981
002600.SZ,2022-11-14,4.77,4.9,4.77,4.84,4.79,0.05,1.0438,400981.6,194671.073
002600.SZ,2022-11-15,4.82,5.05,4.81,5.0,4.84,0.16,3.3058,628930.52,311874.133
002600.SZ,2022-11-16,5.0,5.02,4.92,4.94,5.0,-0.06,-1.2,311556.86,154277.83
002600.SZ,2022-11-17,4.92,4.98,4.88,4.98,4.94,0.04,0.8097,262173.28,129032.36
002600.SZ,2022-11-18,4.98,5.01,4.91,4.92,4.98,-0.06,-1.2048,261813.73,129916.817
002600.SZ,2022-11-21,4.89,4.96,4.82,4.95,4.92,0.03,0.6098,385048.09,188218.368
002600.SZ,2022-11-22,4.97,5.07,4.88,4.9,4.95,-0.05,-1.0101,386337.55,192286.293
002600.SZ,2022-11-23,4.91,4.92,4.81,4.88,4.9,-0.02,-0.4082,235931.02,114641.632
002600.SZ,2022-11-24,4.88,4.92,4.85,4.86,4.88,-0.02,-0.4098,177122.32,86379.084
002600.SZ,2022-11-25,4.88,4.88,4.82,4.83,4.86,-0.03,-0.6173,163511.7,79005.336
002600.SZ,2022-11-28,4.79,4.8,4.7,4.76,4.83,-0.07,-1.4493,263460.05,124909.971
002600.SZ,2022-11-29,4.75,4.88,4.74,4.88,4.76,0.12,2.521,290044.82,140370.435
002600.SZ,2022-11-30,4.87,4.95,4.86,4.92,4.88,0.04,0.8197,242220.75,118885.329
002600.SZ,2022-12-01,4.96,4.98,4.9,4.93,4.92,0.01,0.2033,304854.28,150741.404
002600.SZ,2022-12-02,4.93,4.97,4.9,4.92,4.93,-0.01,-0.2028,255244.88,125848.594
002600.SZ,2022-12-05,4.93,4.98,4.92,4.96,4.92,0.04,0.813,293027.58,145030.974
002600.SZ,2022-12-06,4.96,5.02,4.94,4.97,4.96,0.01,0.2016,347410.57,173015.841
002600.SZ,2022-12-07,4.97,4.98,4.89,4.9,4.97,-0.07,-1.4085,302442.19,148698.886
002600.SZ,2022-12-08,4.89,4.9,4.82,4.84,4.9,-0.06,-1.2245,231221.36,112119.156
002600.SZ,2022-12-09,4.84,4.88,4.8,4.82,4.84,-0.02,-0.4132,249507.44,120429.61
002600.SZ,2022-12-12,4.83,4.95,4.78,4.88,4.82,0.06,1.2448,338863.16,164957.013
002600.SZ,2022-12-13,4.87,4.89,4.81,4.81,4.88,-0.07,-1.4344,201181.87,97316.722
002600.SZ,2022-12-14,4.82,4.86,4.77,4.78,4.81,-0.03,-0.6237,212251.57,102197.791
002600.SZ,2022-12-15,4.79,4.89,4.76,4.85,4.78,0.07,1.4644,257757.6,124981.16
002600.SZ,2022-12-16,4.83,4.84,4.76,4.81,4.85,-0.04,-0.8247,199020.53,95377.692
002600.SZ,2022-12-19,4.8,4.81,4.51,4.54,4.81,-0.27,-5.6133,497470.64,229389.883
002600.SZ,2022-12-20,4.55,4.7,4.53,4.59,4.54,0.05,1.1013,245660.15,112926.254
002600.SZ,2022-12-21,4.59,4.61,4.53,4.58,4.59,-0.01,-0.2179,157141.51,71761.592
002600.SZ,2022-12-22,4.58,4.61,4.49,4.5,4.58,-0.08,-1.7467,185451.22,84279.496
002600.SZ,2022-12-23,4.47,4.54,4.45,4.51,4.5,0.01,0.2222,129538.08,58427.474
002600.SZ,2022-12-26,4.52,4.59,4.52,4.58,4.51,0.07,1.5521,126583.45,57741.571
002600.SZ,2022-12-27,4.56,4.59,4.54,4.58,4.58,0.0,0.0,114976.07,52562.374
002600.SZ,2022-12-28,4.57,4.59,4.52,4.53,4.58,-0.05,-1.0917,110738.9,50357.861
002600.SZ,2022-12-29,4.52,4.56,4.5,4.52,4.53,-0.01,-0.2208,113695.56,51477.087
002600.SZ,2022-12-30,4.55,4.63,4.53,4.54,4.52,0.02,0.4425,149178.73,68016.318
002600.SZ,2023-01-03,4.56,4.63,4.51,4.62,4.54,0.08,1.7621,198574.45,91108.13
002600.SZ,2023-01-04,4.6,4.66,4.55,4.57,4.62,-0.05,-1.0823,221101.12,101554.661
002600.SZ,2023-01-05,4.59,4.74,4.56,4.67,4.57,0.1,2.1882,464547.03,216511.916
002600.SZ,2023-01-06,4.67,4.77,4.64,4.72,4.67,0.05,1.0707,433309.5,203789.471
002600.SZ,2023-01-09,4.71,4.84,4.68,4.8,4.72,0.08,1.6949,443614.21,211185.076
002600.SZ,2023-01-10,4.79,4.79,4.72,4.74,4.8,-0.06,-1.25,252343.13,119785.2
002600.SZ,2023-01-11,4.73,4.79,4.71,4.71,4.74,-0.03,-0.6329,200162.58,95092.685
002600.SZ,2023-01-12,4.7,4.78,4.68,4.75,4.71,0.04,0.8493,184810.82,87594.1
002600.SZ,2023-01-13,4.73,4.78,4.72,4.75,4.75,0.0,0.0,140274.63,66560.486
002600.SZ,2023-01-16,4.76,4.93,4.74,4.86,4.75,0.11,2.3158,431636.73,209356.412
002600.SZ,2023-01-17,4.86,4.9,4.85,4.88,4.86,0.02,0.4115,212228.94,103516.252
002600.SZ,2023-01-18,4.89,4.92,4.86,4.89,4.88,0.01,0.2049,189947.51,92987.358
002600.SZ,2023-01-19,4.89,5.0,4.86,4.99,4.89,0.1,2.045,388908.88,192850.396
002600.SZ,2023-01-20,4.99,5.02,4.94,4.97,4.99,-0.02,-0.4008,334532.37,166339.295
002600.SZ,2023-01-30,5.22,5.47,5.08,5.47,4.97,0.5,10.0604,1762382.58,942653.718
002600.SZ,2023-01-31,5.46,5.57,5.32,5.36,5.47,-0.11,-2.011,1212678.04,652598.36
002600.SZ,2023-02-01,5.38,5.64,5.34,5.59,5.36,0.23,4.291,1438175.57,795659.164
002600.SZ,2023-02-02,5.59,5.7,5.55,5.6,5.59,0.01,0.1789,853215.73,478731.211
002600.SZ,2023-02-03,5.6,5.73,5.53,5.67,5.6,0.07,1.25,910608.88,511714.408
002600.SZ,2023-02-06,5.58,5.63,5.53,5.59,5.67,-0.08,-1.4109,640676.79,357237.365
002600.SZ,2023-02-07,5.58,5.7,5.56,5.63,5.59,0.04,0.7156,489629.35,275718.629
002600.SZ,2023-02-08,5.66,5.72,5.63,5.65,5.63,0.02,0.3552,491470.34,278343.8
002600.SZ,2023-02-09,5.61,5.81,5.57,5.78,5.65,0.13,2.3009,786495.37,452484.068
002600.SZ,2023-02-10,5.77,5.82,5.72,5.79,5.78,0.01,0.173,497388.31,287043.941
002600.SZ,2023-02-13,5.78,5.8,5.68,5.71,5.79,-0.08,-1.3817,485692.37,277581.603
002600.SZ,2023-02-14,5.72,5.83,5.7,5.79,5.71,0.08,1.4011,530144.03,306390.795
002600.SZ,2023-02-15,5.79,5.98,5.75,5.91,5.79,0.12,2.0725,676296.18,397907.959
002600.SZ,2023-02-16,5.92,6.03,5.74,5.79,5.91,-0.12,-2.0305,823795.63,484707.694
002600.SZ,2023-02-17,5.82,5.85,5.69,5.71,5.79,-0.08,-1.3817,583925.97,335865.896
002600.SZ,2023-02-20,5.72,5.79,5.66,5.78,5.71,0.07,1.2259,388287.91,222746.514
002600.SZ,2023-02-21,5.79,5.89,5.77,5.83,5.78,0.05,0.8651,398158.81,232140.449
002600.SZ,2023-02-22,5.81,5.85,5.77,5.82,5.83,-0.01,-0.1715,245490.02,142498.269
002600.SZ,2023-02-23,5.83,5.87,5.76,5.79,5.82,-0.03,-0.5155,275375.45,159819.437
002600.SZ,2023-02-24,5.8,5.83,5.62,5.72,5.79,-0.07,-1.209,505108.64,288654.051
002600.SZ,2023-02-27,5.73,5.76,5.66,5.67,5.72,-0.05,-0.8741,367686.03,209626.014
002600.SZ,2023-02-28,5.72,5.81,5.64,5.73,5.67,0.06,1.0582,339661.14,194196.603
002600.SZ,2023-03-01,5.71,5.85,5.68,5.82,5.73,0.09,1.5707,423513.54,245306.812
002600.SZ,2023-03-02,5.83,5.88,5.76,5.78,5.82,-0.04,-0.6873,240886.69,139618.52
002600.SZ,2023-03-03,5.81,5.82,5.74,5.77,5.78,-0.01,-0.173,195980.24,113205.055
002600.SZ,2023-03-06,5.78,5.81,5.71,5.72,5.77,-0.05,-0.8666,194657.98,111804.747
002600.SZ,2023-03-07,5.73,5.76,5.57,5.6,5.72,-0.12,-2.0979,373973.8,211418.68
002600.SZ,2023-03-08,5.57,5.7,5.55,5.7,5.6,0.1,1.7857,263090.76,148736.103
002600.SZ,2023-03-09,5.7,5.83,5.67,5.73,5.7,0.03,0.5263,274245.78,157901.455
002600.SZ,2023-03-10,5.67,5.77,5.66,5.67,5.73,-0.06,-1.0471,284700.97,162859.429
002600.SZ,2023-03-13,5.58,5.71,5.57,5.71,5.67,0.04,0.7055,312686.83,176721.175
002600.SZ,2023-03-14,5.7,5.74,5.56,5.68,5.71,-0.03,-0.5254,276143.06,156111.301
002600.SZ,2023-03-15,5.71,5.89,5.7,5.74,5.68,0.06,1.0563,353312.57,204941.025
002600.SZ,2023-03-16,5.71,5.78,5.62,5.64,5.74,-0.1,-1.7422,260823.77,148482.909
002600.SZ,2023-03-17,5.7,5.86,5.69,5.73,5.64,0.09,1.5957,419107.97,241855.308
002600.SZ,2023-03-20,5.77,5.9,5.72,5.86,5.73,0.13,2.2688,640006.86,373289.434
002600.SZ,2023-03-21,5.87,6.26,5.82,6.02,5.86,0.16,2.7304,1473675.84,890941.22
002600.SZ,2023-03-22,5.9,6.05,5.83,6.04,6.02,0.02,0.3322,1121640.77,666737.821
002600.SZ,2023-03-23,6.01,6.2,5.98,6.14,6.04,0.1,1.6556,962376.26,589609.828
002600.SZ,2023-03-24,6.11,6.32,6.1,6.25,6.14,0.11,1.7915,1011077.15,629116.623
002600.SZ,2023-03-27,6.23,6.26,6.06,6.12,6.25,-0.13,-2.08,737685.64,453233.157
002600.SZ,2023-03-28,6.11,6.15,6.05,6.08,6.12,-0.04,-0.6536,452836.71,275802.639
002600.SZ,2023-03-29,6.08,6.14,6.01,6.09,6.08,0.01,0.1645,426841.02,259732.671
002600.SZ,2023-03-30,6.08,6.22,6.06,6.13,6.09,0.04,0.6568,452778.39,278019.337
002600.SZ,2023-03-31,6.11,6.19,6.03,6.18,6.13,0.05,0.8157,486552.93,297923.567
002600.SZ,2023-04-03,6.17,6.24,6.13,6.23,6.18,0.05,0.8091,463029.16,286831.317
002600.SZ,2023-04-04,6.23,6.29,6.16,6.26,6.23,0.03,0.4815,471633.29,293825.13
002600.SZ,2023-04-06,6.22,6.42,6.2,6.35,6.26,0.09,1.4377,857534.79,543761.198
002600.SZ,2023-04-07,6.38,6.38,6.15,6.2,6.35,-0.15,-2.3622,680642.21,425023.304
002600.SZ,2023-04-10,6.2,6.39,6.2,6.24,6.2,0.04,0.6452,789175.44,496610.037
002600.SZ,2023-04-11,6.2,6.24,6.12,6.17,6.24,-0.07,-1.1218,514863.99,317618.586
002600.SZ,2023-04-12,6.27,6.37,6.25,6.27,6.17,0.1,1.6207,551647.38,347569.443
002600.SZ,2023-04-13,6.22,6.24,6.07,6.07,6.27,-0.2,-3.1898,658536.61,403398.367
002600.SZ,2023-04-14,6.1,6.14,5.98,6.12,6.07,0.05,0.8237,496089.1,301052.86
002600.SZ,2023-04-17,6.11,6.13,6.02,6.08,6.12,-0.04,-0.6536,329200.01,200102.385
002600.SZ,2023-04-18,6.07,6.09,5.93,6.01,6.08,-0.07,-1.1513,525687.11,315153.583
002600.SZ,2023-04-19,5.99,6.1,5.98,6.02,6.01,0.01,0.1664,354973.2,214864.979
002600.SZ,2023-04-20,6.01,6.11,6.01,6.1,6.02,0.08,1.3289,287788.24,174895.34
002600.SZ,2023-04-21,6.08,6.1,5.76,5.77,6.1,-0.33,-5.4098,628798.52,370689.688
002600.SZ,2023-04-24,5.78,6.03,5.78,5.93,5.77,0.16,2.773,597035.75,354529.212
002600.SZ,2023-04-25,5.93,5.93,5.62,5.72,5.93,-0.21,-3.5413,465099.77,267117.477
002600.SZ,2023-04-26,5.71,5.75,5.58,5.6,5.72,-0.12,-2.0979,431666.1,243592.028
002600.SZ,2023-04-27,5.58,5.7,5.52,5.57,5.6,-0.03,-0.5357,336439.79,187956.385
002600.SZ,2023-04-28,5.63,5.94,5.6,5.93,5.57,0.36,6.4632,606303.54,353860.732
002600.SZ,2023-05-04,6.1,6.15,5.85,6.0,5.93,0.07,1.1804,681680.6,406876.78
002600.SZ,2023-05-05,6.05,6.1,5.96,6.08,6.0,0.08,1.3333,538114.68,325005.774
002600.SZ,2023-05-08,6.07,6.08,5.97,6.03,6.08,-0.05,-0.8224,351219.67,211422.845
002600.SZ,2023-05-09,6.0,6.15,5.91,6.07,6.03,0.04,0.6633,509757.48,308350.639
002600.SZ,2023-05-10,6.02,6.19,5.99,6.05,6.07,-0.02,-0.3295,441463.95,268445.328
002600.SZ,2023-05-11,6.05,6.39,6.02,6.22,6.05,0.17,2.8099,959552.51,596959.812
002600.SZ,2023-05-12,6.12,6.15,5.84,5.87,6.22,-0.35,-5.627,931524.39,555679.554
002600.SZ,2023-05-15,5.86,5.97,5.68,5.95,5.87,0.08,1.3629,459075.83,267742.235
002600.SZ,2023-05-16,5.93,6.02,5.83,5.94,5.95,-0.01,-0.1681,341330.71,202247.959
002600.SZ,2023-05-17,5.92,6.02,5.89,5.99,5.94,0.05,0.8418,270132.15,160977.384
002600.SZ,2023-05-18,6.01,6.59,6.0,6.39,5.99,0.4,6.6778,3070748.37,1973188.1
002600.SZ,2023-05-19,6.35,6.87,6.32,6.68,6.39,0.29,4.5383,3640131.45,2412345.908
002600.SZ,2023-05-22,6.81,6.84,6.33,6.34,6.68,-0.34,-5.0898,2433720.27,1577194.883
002600.SZ,2023-05-23,6.34,6.39,6.2,6.24,6.34,-0.1,-1.5773,1070501.29,672089.935
002600.SZ,2023-05-24,6.2,6.23,6.07,6.08,6.24,-0.16,-2.5641,1020096.73,624922.436
002600.SZ,2023-05-25,6.07,6.17,5.79,5.88,6.08,-0.2,-3.2895,1158812.34,688073.869
002600.SZ,2023-05-26,5.85,5.99,5.84,5.94,5.88,0.06,1.0204,619457.32,367199.756
002600.SZ,2023-05-29,5.96,6.34,5.95,6.21,5.94,0.27,4.5455,1369960.47,851036.879
002600.SZ,2023-05-30,6.15,6.25,6.07,6.24,6.21,0.03,0.4831,734044.35,451978.001
002600.SZ,2023-05-31,6.22,6.36,6.19,6.3,6.24,0.06,0.9615,909584.67,572264.74
002600.SZ,2023-06-01,6.31,6.52,6.24,6.42,6.3,0.12,1.9048,1084513.99,697604.171
002600.SZ,2023-06-02,6.47,6.53,6.37,6.44,6.42,0.02,0.3115,861820.49,557109.058
002600.SZ,2023-06-05,6.46,6.49,6.35,6.41,6.44,-0.03,-0.4658,568674.42,364434.363
002600.SZ,2023-06-06,6.37,6.4,6.12,6.15,6.41,-0.26,-4.0562,784395.4,488156.771
002600.SZ,2023-06-07,6.2,6.29,6.17,6.25,6.15,0.1,1.626,475276.87,296880.598
002600.SZ,2023-06-08,6.26,6.27,6.13,6.23,6.25,-0.02,-0.32,480743.9,298600.261
002600.SZ,2023-06-09,6.21,6.38,6.15,6.37,6.23,0.14,2.2472,970725.33,612978.053
002600.SZ,2023-06-12,6.36,6.57,6.3,6.5,6.37,0.13,2.0408,844453.78,549171.916
002600.SZ,2023-06-13,6.49,6.61,6.46,6.57,6.5,0.07,1.0769,717563.26,471673.75
002600.SZ,2023-06-14,6.62,6.67,6.53,6.63,6.57,0.06,0.9132,734720.27,485104.762
002600.SZ,2023-06-15,6.65,6.7,6.55,6.6,6.63,-0.03,-0.4525,465900.14,307220.679
002600.SZ,2023-06-16,6.59,6.77,6.48,6.72,6.6,0.12,1.8182,697605.53,465826.091
002600.SZ,2023-06-19,6.69,6.82,6.64,6.79,6.72,0.07,1.0417,542647.46,367251.486
002600.SZ,2023-06-20,6.77,6.85,6.73,6.76,6.79,-0.03,-0.4418,469414.54,318417.822
002600.SZ,2023-06-21,6.76,6.83,6.65,6.66,6.76,-0.1,-1.4793,509491.93,342772.202
002600.SZ,2023-06-26,6.61,6.69,6.51,6.53,6.66,-0.13,-1.952,522878.06,344744.803
002600.SZ,2023-06-27,6.55,6.74,6.51,6.68,6.53,0.15,2.2971,452463.71,301713.119
002600.SZ,2023-06-28,6.71,6.73,6.44,6.64,6.68,-0.04,-0.5988,440151.21,289045.447
002600.SZ,2023-06-29,6.62,7.05,6.59,6.88,6.64,0.24,3.6145,1207798.78,831641.031
002600.SZ,2023-06-30,6.95,7.15,6.85,6.91,6.88,0.03,0.436,781255.67,542577.867
002600.SZ,2023-07-03,6.93,7.08,6.78,6.84,6.91,-0.07,-1.013,737420.26,506156.054
002600.SZ,2023-07-04,6.87,7.01,6.86,6.92,6.84,0.08,1.1696,692368.6,480261.656
002600.SZ,2023-07-05,6.93,6.94,6.78,6.8,6.92,-0.12,-1.7341,440422.65,300424.835
002600.SZ,2023-07-06,6.81,6.85,6.74,6.78,6.8,-0.02,-0.2941,412983.58,280324.376
002600.SZ,2023-07-07,6.69,6.72,6.49,6.61,6.66,-0.05,-0.7508,441914.0,291548.813
002600.SZ,2023-07-10,6.61,6.65,6.55,6.58,6.61,-0.03,-0.4539,334767.96,220436.064
002600.SZ,2023-07-11,6.56,6.74,6.55,6.72,6.58,0.14,2.1277,409944.85,274009.264
002600.SZ,2023-07-12,6.7,6.79,6.58,6.61,6.72,-0.11,-1.6369,410903.03,274678.289
002600.SZ,2023-07-13,6.82,7.2,6.78,7.12,6.61,0.51,7.7156,1836225.78,1295690.788
002600.SZ,2023-07-14,7.12,7.15,7.02,7.1,7.12,-0.02,-0.2809,765928.8,542367.089
002600.SZ,2023-07-17,7.04,7.09,6.93,6.98,7.1,-0.12,-1.6901,584754.56,407608.858
002600.SZ,2023-07-18,6.98,7.05,6.91,6.94,6.98,-0.04,-0.5731,475103.0,331047.289
002600.SZ,2023-07-19,6.95,6.98,6.84,6.89,6.94,-0.05,-0.7205,337390.1,232310.771
002600.SZ,2023-07-20,6.9,6.92,6.66,6.67,6.89,-0.22,-3.193,609654.98,411284.233
002600.SZ,2023-07-21,6.7,6.77,6.6,6.63,6.67,-0.04,-0.5997,440786.15,294782.627
002600.SZ,2023-07-24,6.6,6.76,6.53,6.68,6.63,0.05,0.7541,406173.71,271304.483
002600.SZ,2023-07-25,6.73,6.9,6.63,6.75,6.68,0.07,1.0479,554610.0,373944.802
002600.SZ,2023-07-26,6.73,6.73,6.23,6.26,6.75,-0.49,-7.2593,1241711.55,788215.008
002600.SZ,2023-07-27,6.24,6.31,6.16,6.18,6.26,-0.08,-1.278,633650.08,394030.936
002600.SZ,2023-07-28,6.15,6.22,6.11,6.19,6.18,0.01,0.1618,437580.33,270725.729
002600.SZ,2023-07-31,6.18,6.26,6.12,6.15,6.19,-0.04,-0.6462,666416.0,411803.747
002600.SZ,2023-08-01,6.16,6.19,6.06,6.17,6.15,0.02,0.3252,592393.57,362715.969
002600.SZ,2023-08-02,6.17,6.17,6.09,6.11,6.17,-0.06,-0.9724,342942.96,210005.126
002600.SZ,2023-08-03,6.1,6.15,6.07,6.12,6.11,0.01,0.1637,387015.38,236279.502
002600.SZ,2023-08-04,6.13,6.24,6.11,6.22,6.12,0.1,1.634,540132.28,334800.196
002600.SZ,2023-08-07,6.2,6.25,6.16,6.21,6.22,-0.01,-0.1608,438531.68,272274.111
002600.SZ,2023-08-08,6.23,6.3,6.2,6.23,6.21,0.02,0.3221,456454.33,285083.185
002600.SZ,2023-08-09,6.23,6.26,6.12,6.15,6.23,-0.08,-1.2841,398309.32,245567.252
002600.SZ,2023-08-10,6.16,6.18,6.1,6.13,6.15,-0.02,-0.3252,272640.0,167184.592
002600.SZ,2023-08-11,6.13,6.15,5.98,5.99,6.13,-0.14,-2.2838,374126.12,226557.122
002600.SZ,2023-08-14,5.93,6.02,5.89,6.01,5.99,0.02,0.3339,357556.46,212717.167
002600.SZ,2023-08-15,6.03,6.05,5.87,5.9,6.01,-0.11,-1.8303,356699.63,211679.319
002600.SZ,2023-08-16,5.9,5.9,5.81,5.82,5.9,-0.08,-1.3559,281832.95,164698.146
002600.SZ,2023-08-17,5.78,5.9,5.71,5.88,5.82,0.06,1.0309,279486.34,162965.776
002600.SZ,2023-08-18,5.96,5.99,5.8,5.81,5.88,-0.07,-1.1905,312128.35,183554.124
002600.SZ,2023-08-21,5.81,5.89,5.78,5.79,5.81,-0.02,-0.3442,315686.28,184121.534
002600.SZ,2023-08-22,5.8,5.84,5.69,5.82,5.79,0.03,0.5181,438340.92,252903.834
002600.SZ,2023-08-23,5.81,5.82,5.63,5.64,5.82,-0.18,-3.0928,397403.69,226176.6
002600.SZ,2023-08-24,5.68,5.77,5.66,5.7,5.64,0.06,1.0638,323789.03,184884.981
002600.SZ,2023-08-25,5.67,5.72,5.53,5.57,5.7,-0.13,-2.2807,419305.45,234397.355
002600.SZ,2023-08-28,5.85,5.89,5.6,5.63,5.57,0.06,1.0772,646782.0,370234.955
002600.SZ,2023-08-29,5.63,5.89,5.62,5.88,5.63,0.25,4.4405,835401.31,482878.103
002600.SZ,2023-08-30,5.88,5.99,5.88,5.95,5.88,0.07,1.1905,589794.75,350746.007
002600.SZ,2023-08-31,5.95,6.1,5.92,6.02,5.95,0.07,1.1765,651701.65,392928.491
002600.SZ,2023-09-01,6.03,6.05,5.95,5.99,6.02,-0.03,-0.4983,359201.2,215052.993
002600.SZ,2023-09-04,6.0,6.08,6.0,6.08,5.99,0.09,1.5025,467209.6,282364.04
002600.SZ,2023-09-05,6.09,6.15,6.05,6.08,6.08,0.0,0.0,485957.93,296299.463
002600.SZ,2023-09-06,6.06,6.11,6.02,6.07,6.08,-0.01,-0.1645,453382.47,275249.537
002600.SZ,2023-09-07,6.07,6.09,5.95,5.96,6.07,-0.11,-1.8122,456720.14,273691.147
002600.SZ,2023-09-08,5.93,5.99,5.88,5.93,5.96,-0.03,-0.5034,257855.26,152949.947
002600.SZ,2023-09-11,6.0,6.06,5.9,6.03,5.93,0.1,1.6863,481482.53,289195.367
002600.SZ,2023-09-12,6.07,6.11,5.98,6.04,6.03,0.01,0.1658,571710.32,345563.559
002600.SZ,2023-09-13,6.01,6.02,5.72,5.82,6.04,-0.22,-3.6424,688956.08,402854.13
002600.SZ,2023-09-14,5.8,5.85,5.7,5.75,5.82,-0.07,-1.2027,398450.03,229195.798
002600.SZ,2023-09-15,5.77,5.83,5.71,5.73,5.75,-0.02,-0.3478,340142.45,195600.263
002600.SZ,2023-09-18,5.7,5.85,5.67,5.76,5.73,0.03,0.5236,398317.55,230026.741
002600.SZ,2023-09-19,5.73,5.76,5.54,5.58,5.76,-0.18,-3.125,480612.22,268852.579
002600.SZ,2023-09-20,5.56,5.62,5.53,5.54,5.58,-0.04,-0.7168,281702.04,156879.373
002600.SZ,2023-09-21,5.53,5.62,5.5,5.56,5.54,0.02,0.361,321061.64,178750.859
002600.SZ,2023-09-22,5.55,5.74,5.52,5.73,5.56,0.17,3.0576,528177.99,299749.953
002600.SZ,2023-09-25,5.75,5.79,5.67,5.7,5.73,-0.03,-0.5236,342706.17,195664.703
002600.SZ,2023-09-26,5.7,5.74,5.63,5.63,5.7,-0.07,-1.2281,271512.33,153632.1
002600.SZ,2023-09-27,5.63,5.67,5.59,5.61,5.63,-0.02,-0.3552,283088.92,159349.273
002600.SZ,2023-09-28,5.63,5.75,5.62,5.72,5.61,0.11,1.9608,541373.25,308146.333
002600.SZ,2023-10-09,5.7,5.93,5.68,5.88,5.72,0.16,2.7972,718863.86,419608.209
002600.SZ,2023-10-10,5.9,6.0,5.85,5.98,5.88,0.1,1.7007,608488.58,361153.366
002600.SZ,2023-10-11,5.95,6.15,5.93,6.1,5.98,0.12,2.0067,766127.17,464683.965
002600.SZ,2023-10-12,6.08,6.12,6.01,6.04,6.1,-0.06,-0.9836,483913.73,292616.077
002600.SZ,2023-10-13,6.01,6.12,5.98,6.05,6.04,0.01,0.1656,419002.17,253970.722
002600.SZ,2023-10-16,6.03,6.06,5.89,5.92,6.05,-0.13,-2.1488,411257.05,244897.785
002600.SZ,2023-10-17,5.92,5.98,5.83,5.86,5.92,-0.06,-1.0135,370196.58,217239.273
002600.SZ,2023-10-18,5.85,5.86,5.71,5.73,5.86,-0.13,-2.2184,394565.0,226946.887
002600.SZ,2023-10-19,5.69,5.81,5.68,5.71,5.7,0.01,0.1754,578330.06,332841.319
002600.SZ,2023-10-20,5.68,5.71,5.5,5.5,5.71,-0.21,-3.6778,512027.59,285900.42
002600.SZ,2023-10-23,5.48,5.5,5.28,5.37,5.5,-0.13,-2.3636,545655.19,293562.203
002600.SZ,2023-10-24,5.44,5.49,5.3,5.39,5.37,0.02,0.3724,470611.55,253290.652
002600.SZ,2023-10-25,5.42,5.6,5.39,5.57,5.39,0.18,3.3395,606763.47,334660.006
002600.SZ,2023-10-26,5.53,5.8,5.48,5.78,5.57,0.21,3.7702,750661.94,428271.713
002600.SZ,2023-10-27,5.74,6.03,5.67,6.01,5.78,0.23,3.9792,892449.58,526192.41
002600.SZ,2023-10-30,5.94,6.09,5.89,6.05,6.01,0.04,0.6656,1135507.27,684138.745
002600.SZ,2023-10-31,6.01,6.15,6.0,6.07,6.05,0.02,0.3306,650749.52,395461.124
002600.SZ,2023-11-01,6.05,6.11,5.99,6.0,6.07,-0.07,-1.1532,558101.11,336571.401
002600.SZ,2023-11-02,6.01,6.04,5.88,5.89,6.0,-0.11,-1.8333,535504.99,318110.075
002600.SZ,2023-11-03,5.93,6.1,5.9,6.08,5.89,0.19,3.2258,608731.71,366556.691
002600.SZ,2023-11-06,6.3,6.69,6.28,6.69,6.08,0.61,10.0329,1697769.73,1109030.906
002600.SZ,2023-11-07,6.76,6.82,6.57,6.74,6.69,0.05,0.7474,2870903.49,1917763.708
002600.SZ,2023-11-08,6.7,6.84,6.67,6.74,6.74,0.0,0.0,1415139.24,954762.639
002600.SZ,2023-11-09,6.74,6.79,6.62,6.64,6.74,-0.1,-1.4837,865476.08,577144.078
002600.SZ,2023-11-10,6.61,6.79,6.57,6.74,6.64,0.1,1.506,1061690.38,709098.483
002600.SZ,2023-11-13,6.97,7.09,6.78,6.82,6.74,0.08,1.1869,1488904.71,1026228.142
002600.SZ,2023-11-14,6.84,6.92,6.74,6.82,6.82,0.0,0.0,826551.3,564246.069
002600.SZ,2023-11-15,6.99,7.34,6.85,6.92,6.82,0.1,1.4663,1265179.8,885802.841
002600.SZ,2023-11-16,6.9,6.97,6.83,6.83,6.92,-0.09,-1.3006,706433.96,486072.837
002600.SZ,2023-11-17,6.83,6.88,6.72,6.78,6.83,-0.05,-0.7321,638257.0,433475.504
002600.SZ,2023-11-20,6.78,6.8,6.67,6.7,6.78,-0.08,-1.1799,735865.24,493902.737
002600.SZ,2023-11-21,6.74,6.82,6.62,6.66,6.7,-0.04,-0.597,683039.6,458791.569
002600.SZ,2023-11-22,6.62,6.68,6.53,6.53,6.66,-0.13,-1.952,521024.63,343639.407
002600.SZ,2023-11-23,6.54,6.75,6.5,6.72,6.53,0.19,2.9096,674502.62,448570.614
002600.SZ,2023-11-24,6.75,6.9,6.74,6.8,6.72,0.08,1.1905,1060611.89,722253.501
002600.SZ,2023-11-27,6.79,6.9,6.71,6.85,6.8,0.05,0.7353,777584.39,529731.418
002600.SZ,2023-11-28,7.1,7.15,6.71,6.82,6.85,-0.03,-0.438,1212407.73,828146.457
002600.SZ,2023-11-29,6.81,6.88,6.7,6.72,6.82,-0.1,-1.4663,939200.32,635393.352
002600.SZ,2023-11-30,6.71,6.75,6.63,6.69,6.72,-0.03,-0.4464,577581.5,386309.177
002600.SZ,2023-12-01,6.66,6.78,6.61,6.74,6.69,0.05,0.7474,459845.52,308092.055
002600.SZ,2023-12-04,6.71,6.85,6.65,6.7,6.74,-0.04,-0.5935,564764.25,380428.555
002600.SZ,2023-12-05,6.7,6.71,6.43,6.46,6.7,-0.24,-3.5821,844088.0,551921.143
002600.SZ,2023-12-06,6.42,6.59,6.41,6.54,6.46,0.08,1.2384,500185.31,325284.748
002600.SZ,2023-12-07,6.53,6.6,6.48,6.49,6.54,-0.05,-0.7645,407197.55,266146.55
002600.SZ,2023-12-08,6.49,6.61,6.44,6.49,6.49,0.0,0.0,544897.06,355019.959
002600.SZ,2023-12-11,6.5,6.75,6.41,6.73,6.49,0.24,3.698,773925.72,511560.151
002600.SZ,2023-12-12,6.7,6.8,6.65,6.77,6.73,0.04,0.5944,606895.65,408817.346
002600.SZ,2023-12-13,6.8,6.82,6.69,6.7,6.77,-0.07,-1.034,340758.51,229709.839
002600.SZ,2023-12-14,6.74,6.77,6.54,6.55,6.7,-0.15,-2.2388,485304.54,321780.598
002600.SZ,2023-12-15,6.58,6.68,6.49,6.52,6.55,-0.03,-0.458,403866.38,265407.507
002600.SZ,2023-12-18,6.51,6.54,6.41,6.46,6.52,-0.06,-0.9202,346649.49,224407.005
002600.SZ,2023-12-19,6.45,6.67,6.43,6.63,6.46,0.17,2.6316,544638.95,358665.77
002600.SZ,2023-12-20,6.63,6.73,6.5,6.61,6.63,-0.02,-0.3017,651555.07,432546.512
002600.SZ,2023-12-21,6.59,6.63,6.48,6.55,6.61,-0.06,-0.9077,540502.66,354364.998
002600.SZ,2023-12-22,6.58,6.62,6.42,6.45,6.55,-0.1,-1.5267,526055.89,343105.24
002600.SZ,2023-12-25,6.42,6.52,6.37,6.47,6.45,0.02,0.3101,441266.23,284158.13
002600.SZ,2023-12-26,6.48,6.48,6.25,6.32,6.47,-0.15,-2.3184,453813.09,286325.586
002600.SZ,2023-12-27,6.31,6.6,6.3,6.54,6.32,0.22,3.481,614955.52,398653.113
002600.SZ,2023-12-28,6.56,6.61,6.5,6.53,6.54,-0.01,-0.1529,496949.87,326106.395
002600.SZ,2023-12-29,6.53,6.82,6.49,6.76,6.53,0.23,3.5222,741416.26,498981.828
002600.SZ,2024-01-02,6.74,6.82,6.71,6.76,6.76,0.0,0.0,572873.2,387883.965
002600.SZ,2024-01-03,6.73,6.75,6.24,6.29,6.76,-0.47,-6.9527,1066811.79,686131.587
002600.SZ,2024-01-04,6.24,6.3,6.12,6.15,6.29,-0.14,-2.2258,607798.24,376086.023
002600.SZ,2024-01-05,6.16,6.33,6.05,6.1,6.15,-0.05,-0.813,614940.69,379413.469
002600.SZ,2024-01-08,6.05,6.09,5.83,5.85,6.1,-0.25,-4.0984,671079.74,398284.337
002600.SZ,2024-01-09,5.89,5.95,5.73,5.78,5.85,-0.07,-1.1966,688370.97,401302.717
002600.SZ,2024-01-10,5.78,5.78,5.65,5.68,5.78,-0.1,-1.7301,579534.0,329718.491
002600.SZ,2024-01-11,5.67,5.74,5.61,5.69,5.68,0.01,0.1761,643547.24,365821.042
002600.SZ,2024-01-12,5.68,5.68,5.55,5.56,5.69,-0.13,-2.2847,578227.22,322793.705
002600.SZ,2024-01-15,5.55,5.62,5.46,5.57,5.56,0.01,0.1799,468726.02,259991.58
002600.SZ,2024-01-16,5.55,5.6,5.46,5.52,5.57,-0.05,-0.8977,450374.34,248676.695
002600.SZ,2024-01-17,5.5,5.54,5.36,5.37,5.52,-0.15,-2.7174,510120.67,277835.849
002600.SZ,2024-01-18,5.36,5.41,5.22,5.38,5.37,0.01,0.1862,583981.25,309939.875
002600.SZ,2024-01-19,5.4,5.44,5.34,5.36,5.38,-0.02,-0.3717,476915.04,257104.603
002600.SZ,2024-01-22,5.4,5.44,4.96,5.01,5.36,-0.35,-6.5299,693950.34,360171.457
002600.SZ,2024-01-23,5.03,5.22,5.0,5.19,5.01,0.18,3.5928,749695.01,384279.734
002600.SZ,2024-01-24,5.21,5.28,4.98,5.17,5.19,-0.02,-0.3854,662040.23,337813.782
002600.SZ,2024-01-25,5.17,5.33,5.11,5.32,5.17,0.15,2.9014,515409.0,270924.743
002600.SZ,2024-01-26,5.34,5.34,5.16,5.18,5.32,-0.14,-2.6316,577777.5,302339.236
002600.SZ,2024-01-29,5.21,5.23,5.03,5.05,5.18,-0.13,-2.5097,458792.71,233837.496
002600.SZ,2024-01-30,5.01,5.1,4.89,4.9,5.05,-0.15,-2.9703,468675.69,234266.942
002600.SZ,2024-01-31,4.89,4.94,4.73,4.75,4.9,-0.15,-3.0612,572679.56,275621.706
002600.SZ,2024-02-01,4.73,4.89,4.68,4.77,4.75,0.02,0.4211,568533.51,272427.195
002600.SZ,2024-02-02,4.77,4.83,4.41,4.58,4.77,-0.19,-3.9832,630053.29,292988.856
002600.SZ,2024-02-05,4.58,4.61,4.26,4.41,4.58,-0.17,-3.7118,779680.69,346482.676
002600.SZ,2024-02-06,4.39,4.85,4.3,4.85,4.41,0.44,9.9773,732442.01,342859.166
002600.SZ,2024-02-07,4.87,5.32,4.84,5.26,4.85,0.41,8.4536,1454606.86,752657.772
002600.SZ,2024-02-08,5.24,5.59,5.23,5.26,5.26,0.0,0.0,1269486.86,684393.744
002600.SZ,2024-02-19,5.31,5.35,5.11,5.22,5.26,-0.04,-0.7605,930728.93,485875.294
002600.SZ,2024-02-20,5.2,5.2,5.11,5.17,5.22,-0.05,-0.9579,529083.39,272375.21
002600.SZ,2024-02-21,5.15,5.31,5.07,5.19,5.17,0.02,0.3868,704316.47,367551.893
002600.SZ,2024-02-22,5.16,5.26,5.15,5.22,5.19,0.03,0.578,565500.19,293965.949
002600.SZ,2024-02-23,5.25,5.28,5.16,5.28,5.22,0.06,1.1494,650087.71,339551.379
002600.SZ,2024-02-26,5.28,5.52,5.26,5.42,5.28,0.14,2.6515,1100443.66,593677.108
002600.SZ,2024-02-27,5.38,5.7,5.35,5.69,5.42,0.27,4.9815,1383899.54,769043.738
002600.SZ,2024-02-28,5.71,5.71,5.26,5.27,5.69,-0.42,-7.3814,1611902.28,888226.389
002600.SZ,2024-02-29,5.18,5.49,5.16,5.49,5.27,0.22,4.1746,1154424.07,621183.836
002600.SZ,2024-03-01,5.49,5.59,5.46,5.58,5.49,0.09,1.6393,1073225.78,594437.105
002600.SZ,2024-03-04,5.65,5.68,5.52,5.62,5.58,0.04,0.7168,1232796.96,691997.405
002600.SZ,2024-03-05,5.57,5.67,5.48,5.57,5.62,-0.05,-0.8897,993988.42,555087.386
002600.SZ,2024-03-06,5.57,5.65,5.45,5.6,5.57,0.03,0.5386,890918.44,496343.032
002600.SZ,2024-03-07,5.64,5.79,5.52,5.53,5.6,-0.07,-1.25,1182146.85,669003.591
002600.SZ,2024-03-08,5.49,5.65,5.47,5.64,5.53,0.11,1.9892,896089.38,499060.717
002600.SZ,2024-03-11,5.66,5.68,5.57,5.67,5.64,0.03,0.5319,764806.99,430524.327
002600.SZ,2024-03-12,5.67,5.71,5.59,5.65,5.67,-0.02,-0.3527,792827.42,447289.802
002600.SZ,2024-03-13,5.65,5.71,5.58,5.64,5.65,-0.01,-0.177,742457.0,419254.674
002600.SZ,2024-03-14,5.76,5.76,5.53,5.59,5.64,-0.05,-0.8865,872454.35,491442.228
002600.SZ,2024-03-15,5.54,5.69,5.51,5.69,5.59,0.1,1.7889,759727.49,426279.368
002600.SZ,2024-03-18,5.7,5.83,5.69,5.82,5.69,0.13,2.2847,1047382.32,602845.015
002600.SZ,2024-03-19,5.77,5.98,5.75,5.87,5.82,0.05,0.8591,1276307.65,752846.284
002600.SZ,2024-03-20,5.9,5.92,5.76,5.84,5.87,-0.03,-0.5111,980964.32,571054.386
002600.SZ,2024-03-21,5.82,5.85,5.72,5.74,5.84,-0.1,-1.7123,729229.85,420623.833
002600.SZ,2024-03-22,5.71,5.77,5.58,5.64,5.74,-0.1,-1.7422,761930.31,430591.605
002600.SZ,2024-03-25,5.6,5.7,5.5,5.51,5.64,-0.13,-2.305,719942.32,404191.178
002600.SZ,2024-03-26,5.49,5.56,5.42,5.5,5.51,-0.01,-0.1815,521113.01,286464.329
002600.SZ,2024-03-27,5.48,5.49,5.24,5.24,5.5,-0.26,-4.7273,586549.03,314575.784
002600.SZ,2024-03-28,5.23,5.54,5.21,5.45,5.24,0.21,4.0076,743619.48,402954.184
002600.SZ,2024-03-29,5.45,5.49,5.35,5.49,5.45,0.04,0.7339,423622.49,229585.633
002600.SZ,2024-04-01,5.52,5.64,5.51,5.62,5.49,0.13,2.3679,628502.47,351510.23
002600.SZ,2024-04-02,5.63,5.64,5.49,5.53,5.62,-0.09,-1.6014,547913.0,303439.811
002600.SZ,2024-04-03,5.52,5.52,5.38,5.43,5.53,-0.1,-1.8083,425989.01,231698.443
002600.SZ,2024-04-08,5.39,5.45,5.3,5.32,5.43,-0.11,-2.0258,488520.28,262534.799
002600.SZ,2024-04-09,5.32,5.36,5.26,5.35,5.32,0.03,0.5639,372393.73,198204.456
002600.SZ,2024-04-10,5.33,5.34,5.14,5.18,5.35,-0.17,-3.1776,457604.29,238362.002
002600.SZ,2024-04-11,5.15,5.26,5.13,5.17,5.18,-0.01,-0.1931,378289.7,196981.115
002600.SZ,2024-04-12,5.18,5.26,5.13,5.14,5.17,-0.03,-0.5803,432262.69,224095.082
002600.SZ,2024-04-15,5.16,5.29,5.14,5.25,5.14,0.11,2.1401,667907.19,348864.219
002600.SZ,2024-04-16,5.19,5.27,5.06,5.07,5.25,-0.18,-3.4286,619544.15,320185.908
002600.SZ,2024-04-17,5.1,5.25,5.1,5.25,5.07,0.18,3.5503,577496.12,300860.823
002600.SZ,2024-04-18,5.25,5.32,5.17,5.25,5.25,0.0,0.0,547543.35,288294.267
002600.SZ,2024-04-19,5.23,5.24,5.11,5.13,5.25,-0.12,-2.2857,522257.97,269704.793
002600.SZ,2024-04-22,5.11,5.18,5.01,5.09,5.13,-0.04,-0.7797,367913.57,187530.525
002600.SZ,2024-04-23,5.12,5.16,5.05,5.07,5.09,-0.02,-0.3929,355713.57,181107.222
002600.SZ,2024-04-24,5.08,5.24,5.05,5.24,5.07,0.17,3.3531,500362.36,258824.089
002600.SZ,2024-04-25,5.22,5.27,5.17,5.19,5.24,-0.05,-0.9542,348460.0,181416.281
002600.SZ,2024-04-26,5.2,5.32,5.18,5.32,5.19,0.13,2.5048,513583.73,271364.571
002600.SZ,2024-04-29,5.34,5.48,5.34,5.47,5.32,0.15,2.8195,726209.74,393345.116
002600.SZ,2024-04-30,5.37,5.4,5.19,5.21,5.47,-0.26,-4.7532,1048409.44,550440.79
002600.SZ,2024-05-06,5.28,5.39,5.23,5.25,5.21,0.04,0.7678,1007835.96,534129.117
002600.SZ,2024-05-07,5.25,5.26,5.12,5.15,5.25,-0.1,-1.9048,810073.71,418882.35
002600.SZ,2024-05-08,5.13,5.14,4.99,4.99,5.15,-0.16,-3.1068,933412.0,469912.557
002600.SZ,2024-05-09,4.99,5.15,4.98,5.11,4.99,0.12,2.4048,771188.11,392429.209
002600.SZ,2024-05-10,5.1,5.12,4.98,5.0,5.11,-0.11,-2.1526,774580.13,387814.749
002600.SZ,2024-05-13,4.97,4.99,4.88,4.92,5.0,-0.08,-1.6,571953.2,281828.407
002600.SZ,2024-05-14,4.95,5.04,4.9,4.93,4.92,0.01,0.2033,657027.93,324800.505
002600.SZ,2024-05-15,4.92,4.95,4.87,4.88,4.93,-0.05,-1.0142,494696.96,242194.937
002600.SZ,2024-05-16,4.88,4.92,4.81,4.82,4.88,-0.06,-1.2295,696302.6,338390.898
002600.SZ,2024-05-17,4.8,4.88,4.76,4.87,4.82,0.05,1.0373,598590.14,289400.661
002600.SZ,2024-05-20,4.89,4.95,4.84,4.93,4.87,0.06,1.232,698529.44,343206.465
002600.SZ,2024-05-21,4.93,4.94,4.85,4.87,4.93,-0.06,-1.217,450268.76,219763.008
002600.SZ,2024-05-22,4.85,4.91,4.82,4.9,4.87,0.03,0.616,528500.53,257242.217
002600.SZ,2024-05-23,4.89,4.89,4.77,4.78,4.9,-0.12,-2.449,600914.0,289216.67
002600.SZ,2024-05-24,4.78,4.82,4.69,4.69,4.78,-0.09,-1.8828,419358.15,198788.469
002600.SZ,2024-05-27,4.71,4.75,4.62,4.75,4.69,0.06,1.2793,446452.96,208811.028
002600.SZ,2024-05-28,4.74,4.78,4.68,4.69,4.75,-0.06,-1.2632,384640.24,181670.144
002600.SZ,2024-05-29,4.69,4.75,4.67,4.7,4.69,0.01,0.2132,380066.28,178974.501
002600.SZ,2024-05-30,4.68,4.82,4.62,4.79,4.67,0.12,2.5696,662084.41,315637.127
002600.SZ,2024-05-31,4.79,5.1,4.77,4.93,4.79,0.14,2.9228,1339649.05,658948.584
002600.SZ,2024-06-03,4.93,5.01,4.84,4.91,4.93,-0.02,-0.4057,895217.63,440141.262
002600.SZ,2024-06-04,4.86,4.94,4.75,4.85,4.91,-0.06,-1.222,764455.0,368442.978
002600.SZ,2024-06-05,4.82,4.9,4.79,4.84,4.85,-0.01,-0.2062,713005.72,346557.271
002600.SZ,2024-06-06,4.86,4.95,4.82,4.83,4.84,-0.01,-0.2066,877699.01,427926.762
002600.SZ,2024-06-07,4.84,4.9,4.72,4.75,4.83,-0.08,-1.6563,661025.84,317110.939
002600.SZ,2024-06-11,4.67,4.83,4.64,4.82,4.75,0.07,1.4737,667379.91,316938.124
002600.SZ,2024-06-12,4.9,5.3,4.9,5.3,4.82,0.48,9.9585,1433218.94,750664.529
002600.SZ,2024-06-13,5.36,5.43,5.17,5.2,5.3,-0.1,-1.8868,3067492.12,1619532.446
002600.SZ,2024-06-14,5.18,5.24,5.05,5.12,5.2,-0.08,-1.5385,1949488.38,998225.784
002600.SZ,2024-06-17,5.08,5.63,5.07,5.63,5.12,0.51,9.9609,3262588.65,1777446.194
002600.SZ,2024-06-18,5.61,5.78,5.52,5.67,5.63,0.04,0.7105,4332188.36,2455141.513
002600.SZ,2024-06-19,5.61,5.68,5.49,5.58,5.67,-0.09,-1.5873,2156580.17,1201666.542
002600.SZ,2024-06-20,5.82,5.99,5.65,5.65,5.58,0.07,1.2545,3533450.22,2046603.808
002600.SZ,2024-06-21,5.57,5.78,5.51,5.7,5.65,0.05,0.885,2344432.01,1330209.818
002600.SZ,2024-06-24,5.59,5.8,5.48,5.54,5.7,-0.16,-2.807,1970208.37,1113757.234
002600.SZ,2024-06-25,5.51,5.71,5.46,5.62,5.54,0.08,1.444,1861760.8,1040725.096
002600.SZ,2024-06-26,5.56,6.18,5.44,6.06,5.62,0.44,7.8292,3332307.26,1956794.987
002600.SZ,2024-06-27,5.97,6.67,5.95,6.47,6.06,0.41,6.7657,5220746.23,3383730.069
002600.SZ,2024-06-28,6.35,7.12,6.32,7.12,6.47,0.65,10.0464,5955569.51,4108493.329
002600.SZ,2024-07-01,7.0,7.09,6.73,6.81,7.12,-0.31,-4.3539,4776907.54,3265771.307
002600.SZ,2024-07-02,6.83,6.94,6.56,6.64,6.81,-0.17,-2.4963,3927213.67,2645685.144
002600.SZ,2024-07-03,6.6,6.77,6.41,6.46,6.64,-0.18,-2.7108,3512973.34,2291886.011
002600.SZ,2024-07-04,6.41,6.58,6.33,6.42,6.46,-0.04,-0.6192,2814088.57,1815945.018
002600.SZ,2024-07-05,6.44,6.68,6.27,6.58,6.42,0.16,2.4922,3151476.68,2049279.213
002600.SZ,2024-07-08,6.68,7.24,6.62,7.2,6.58,0.62,9.4225,5177772.42,3625534.786
002600.SZ,2024-07-09,7.03,7.8,6.96,7.55,7.2,0.35,4.8611,4759583.87,3498092.303
002600.SZ,2024-07-10,7.44,7.6,7.31,7.47,7.55,-0.08,-1.0596,2929826.81,2181169.547
002600.SZ,2024-07-11,7.53,7.75,7.29,7.56,7.47,0.09,1.2048,3725724.75,2801363.125
002600.SZ,2024-07-12,7.21,7.32,7.11,7.23,7.56,-0.33,-4.3651,2676070.45,1932181.088
002600.SZ,2024-07-15,7.24,7.33,6.89,7.12,7.23,-0.11,-1.5214,2272453.23,1606610.443
002600.SZ,2024-07-16,7.13,7.77,7.12,7.64,7.12,0.52,7.3034,3978968.83,2943572.883
002600.SZ,2024-07-17,7.5,7.52,7.15,7.16,7.64,-0.48,-6.2827,2723196.14,1989679.403
002600.SZ,2024-07-18,6.81,7.06,6.68,7.01,7.16,-0.15,-2.095,2530093.47,1737888.931
002600.SZ,2024-07-19,6.87,7.03,6.76,6.78,7.01,-0.23,-3.281,2055423.94,1410112.112
002600.SZ,2024-07-22,6.78,6.86,6.54,6.78,6.78,0.0,0.0,2054176.51,1373695.483
002600.SZ,2024-07-23,6.78,6.88,6.58,6.6,6.78,-0.18,-2.6549,1625696.04,1089455.039
002600.SZ,2024-07-24,6.58,6.7,6.4,6.43,6.6,-0.17,-2.5758,1592817.82,1036737.275
002600.SZ,2024-07-25,6.37,6.38,6.12,6.26,6.43,-0.17,-2.6439,1826548.7,1136743.964
002600.SZ,2024-07-26,6.25,6.75,6.22,6.59,6.26,0.33,5.2716,2108865.47,1375275.427
002600.SZ,2024-07-29,6.58,7.1,6.42,6.91,6.59,0.32,4.8558,2736489.54,1877975.183
002600.SZ,2024-07-30,6.85,6.96,6.69,6.8,6.91,-0.11,-1.5919,2072407.93,1412741.419
002600.SZ,2024-07-31,6.76,7.33,6.76,7.2,6.8,0.4,5.8824,2812340.98,1999213.375
002600.SZ,2024-08-01,7.2,7.29,7.01,7.18,7.2,-0.02,-0.2778,1946930.99,1387937.679
002600.SZ,2024-08-02,7.0,7.23,6.78,6.82,7.18,-0.36,-5.0139,2032243.69,1413646.673
002600.SZ,2024-08-05,6.58,6.66,6.24,6.25,6.82,-0.57,-8.3578,2185016.66,1400946.383
002600.SZ,2024-08-06,6.44,6.57,6.34,6.48,6.25,0.23,3.68,1475905.72,949901.875
002600.SZ,2024-08-07,6.48,6.55,6.36,6.43,6.48,-0.05,-0.7716,1032111.18,665537.517
002600.SZ,2024-08-08,6.39,6.85,6.3,6.67,6.43,0.24,3.7325,1906752.21,1263164.991
002600.SZ,2024-08-09,6.73,6.86,6.62,6.68,6.67,0.01,0.1499,1402453.7,944232.377
002600.SZ,2024-08-12,6.69,6.95,6.66,6.72,6.68,0.04,0.5988,1443573.26,980910.351
002600.SZ,2024-08-13,6.7,6.87,6.62,6.79,6.72,0.07,1.0417,1170945.96,788441.573
002600.SZ,2024-08-14,6.79,6.85,6.6,6.74,6.79,-0.05,-0.7364,1024116.57,691305.306
002600.SZ,2024-08-15,6.7,6.94,6.7,6.77,6.74,0.03,0.4451,1259735.7,858206.135
002600.SZ,2024-08-16,6.8,7.0,6.76,6.79,6.77,0.02,0.2954,1558827.48,1072671.029
002600.SZ,2024-08-19,6.7,6.89,6.62,6.64,6.79,-0.15,-2.2091,1205944.15,809064.601
002600.SZ,2024-08-20,6.64,6.7,6.48,6.51,6.64,-0.13,-1.9578,960507.14,629518.353
002600.SZ,2024-08-21,6.49,7.16,6.44,7.16,6.51,0.65,9.9846,3316535.12,2323420.889
002600.SZ,2024-08-22,7.14,7.25,6.91,7.08,7.16,-0.08,-1.1173,2911450.48,2055247.12
002600.SZ,2024-08-23,7.06,7.29,6.81,7.18,7.08,0.1,1.4124,2534963.6,1792217.323
002600.SZ,2024-08-26,7.25,7.48,7.02,7.31,7.18,0.13,1.8106,2868962.04,2081804.389
002600.SZ,2024-08-27,7.21,7.25,6.79,6.83,7.31,-0.48,-6.5663,2240128.38,1560908.894
002600.SZ,2024-08-28,6.73,7.06,6.7,6.93,6.83,0.1,1.4641,1503739.75,1040069.242
002600.SZ,2024-08-29,6.85,7.62,6.81,7.62,6.93,0.69,9.9567,3632296.43,2670458.065
002600.SZ,2024-08-30,7.76,8.38,7.68,8.38,7.62,0.76,9.9738,4557421.95,3692377.427
002600.SZ,2024-09-02,8.59,8.59,7.94,7.98,8.38,-0.4,-4.7733,5266802.09,4305173.366
002600.SZ,2024-09-03,7.8,8.04,7.66,7.94,7.98,-0.04,-0.5013,3167899.23,2497189.164
002600.SZ,2024-09-04,7.7,7.75,7.24,7.44,7.94,-0.5,-6.2972,3606941.89,2691164.646
002600.SZ,2024-09-05,7.35,7.45,7.27,7.38,7.44,-0.06,-0.8065,2255335.83,1658036.52
002600.SZ,2024-09-06,7.39,7.53,7.17,7.21,7.38,-0.17,-2.3035,2557756.94,1869510.018
002600.SZ,2024-09-09,7.08,7.24,6.93,7.1,7.21,-0.11,-1.5257,1909559.08,1346206.829
002600.SZ,2024-09-10,7.01,7.02,6.42,6.78,7.1,-0.32,-4.507,2871142.73,1918272.693
002600.SZ,2024-09-11,6.71,6.81,6.46,6.5,6.78,-0.28,-4.1298,2095240.8,1379696.073
002600.SZ,2024-09-12,6.55,6.62,6.26,6.28,6.5,-0.22,-3.3846,2195581.72,1397148.176
002600.SZ,2024-09-13,6.28,6.45,6.21,6.21,6.28,-0.07,-1.1146,1907891.92,1208348.666
002600.SZ,2024-09-18,6.13,6.2,5.96,6.04,6.21,-0.17,-2.7375,1823423.01,1102435.446
002600.SZ,2024-09-19,6.1,6.17,6.05,6.1,6.04,0.06,0.9934,1728224.17,1056965.001
002600.SZ,2024-09-20,6.18,6.47,6.15,6.32,6.1,0.22,3.6066,2682050.93,1700956.085
002600.SZ,2024-09-23,6.21,6.36,6.09,6.12,6.32,-0.2,-3.1646,1851700.93,1145066.182
002600.SZ,2024-09-24,6.12,6.56,5.98,6.51,6.12,0.39,6.3725,3157476.42,1986345.001
002600.SZ,2024-09-25,6.52,6.7,6.35,6.4,6.51,-0.11,-1.6897,3060205.05,1994440.117
002600.SZ,2024-09-26,6.31,6.51,6.24,6.49,6.4,0.09,1.4063,2327813.22,1484725.308
002600.SZ,2024-09-27,6.5,7.04,6.5,6.88,6.49,0.39,6.0092,3623434.76,2440222.501
002600.SZ,2024-09-30,7.13,7.56,7.0,7.51,6.88,0.63,9.157,4120875.39,3002367.485
002600.SZ,2024-10-08,8.26,8.26,7.41,8.11,7.51,0.6,7.9893,4944455.36,3901120.006
002600.SZ,2024-10-09,7.78,7.79,7.3,7.3,8.11,-0.81,-9.9877,3394531.68,2530268.214
002600.SZ,2024-10-10,7.2,8.03,7.16,7.96,7.3,0.66,9.0411,6085277.98,4767996.435
002600.SZ,2024-10-11,7.5,7.59,7.16,7.23,7.96,-0.73,-9.1709,3900548.26,2872712.844
002600.SZ,2024-10-14,7.05,7.95,6.97,7.95,7.23,0.72,9.9585,4575426.0,3478797.079
002600.SZ,2024-10-15,7.96,8.19,7.76,7.87,7.95,-0.08,-1.0063,4057970.83,3251313.713
002600.SZ,2024-10-16,7.66,8.12,7.55,7.68,7.87,-0.19,-2.4142,3051760.57,2374746.596
002600.SZ,2024-10-17,7.67,8.3,7.65,8.07,7.68,0.39,5.0781,4292190.52,3464596.206
002600.SZ,2024-10-18,7.91,8.88,7.84,8.44,8.07,0.37,4.5849,5569208.02,4647153.668
002600.SZ,2024-10-21,8.5,8.8,8.19,8.47,8.44,0.03,0.3555,4920749.02,4181784.298
002600.SZ,2024-10-22,8.31,9.32,8.21,9.02,8.47,0.55,6.4935,6444165.02,5776688.773
002600.SZ,2024-10-23,8.8,9.53,8.62,8.93,9.02,-0.09,-0.9978,5886841.39,5309586.892
002600.SZ,2024-10-24,8.73,8.76,8.45,8.52,8.93,-0.41,-4.5913,3348053.11,2863052.256
002600.SZ,2024-10-25,8.5,8.66,8.45,8.52,8.52,0.0,0.0,2487290.01,2119223.777
002600.SZ,2024-10-28,8.62,8.81,8.41,8.73,8.52,0.21,2.4648,2855168.18,2458566.519
002600.SZ,2024-10-29,8.73,9.26,8.64,8.76,8.73,0.03,0.3436,4147302.17,3701755.348
002600.SZ,2024-10-30,8.69,9.24,8.51,9.14,8.76,0.38,4.3379,4026983.23,3587042.888
002600.SZ,2024-10-31,9.41,9.41,8.83,9.02,9.14,-0.12,-1.3129,4241594.55,3839754.175
002600.SZ,2024-11-01,8.87,8.91,8.3,8.4,9.02,-0.62,-6.8736,3223644.38,2763843.068
002600.SZ,2024-11-04,8.3,8.62,8.28,8.5,8.4,0.1,1.1905,1574459.18,1333991.942
002600.SZ,2024-11-05,8.49,9.29,8.43,9.11,8.5,0.61,7.1765,4240333.54,3803042.09
002600.SZ,2024-11-06,9.12,9.16,8.76,8.84,9.11,-0.27,-2.9638,3522815.78,3155579.567
002600.SZ,2024-11-07,8.68,8.74,8.45,8.68,8.84,-0.16,-1.81,2808775.57,2413667.125
002600.SZ,2024-11-08,8.73,8.93,8.59,8.62,8.68,-0.06,-0.6912,2908057.28,2540194.437
002600.SZ,2024-11-11,8.54,9.1,8.45,8.96,8.62,0.34,3.9443,3735547.2,3279015.406
002600.SZ,2024-11-12,8.9,9.41,8.85,9.07,8.96,0.11,1.2277,4635090.65,4221715.582
002600.SZ,2024-11-13,8.95,9.59,8.62,9.59,9.07,0.52,5.7332,5670320.26,5187789.95
002600.SZ,2024-11-14,9.5,9.95,8.9,8.95,9.59,-0.64,-6.6736,4640481.33,4325054.529
002600.SZ,2024-11-15,8.97,9.28,8.8,8.94,8.95,-0.01,-0.1117,3118047.62,2820909.994
002600.SZ,2024-11-18,8.94,8.96,8.06,8.15,8.94,-0.79,-8.8367,2931724.1,2473747.56
002600.SZ,2024-11-19,8.01,8.33,7.98,8.3,8.15,0.15,1.8405,2058774.38,1682550.958
002600.SZ,2024-11-20,8.29,8.49,8.2,8.39,8.3,0.09,1.0843,1646474.11,1377171.598
002600.SZ,2024-11-21,8.3,8.44,8.21,8.28,8.39,-0.11,-1.3111,1413493.63,1173907.002
002600.SZ,2024-11-22,8.25,8.69,8.21,8.28,8.28,0.0,0.0,2621873.02,2228527.463
002600.SZ,2024-11-25,8.28,8.35,7.84,8.01,8.28,-0.27,-3.2609,2097448.25,1669110.991
002600.SZ,2024-11-26,7.98,8.2,7.92,7.95,8.01,-0.06,-0.7491,1142975.18,916721.206
002600.SZ,2024-11-27,7.92,8.4,7.67,8.33,7.95,0.38,4.7799,2324135.42,1890507.802
002600.SZ,2024-11-28,8.33,8.55,8.2,8.24,8.33,-0.09,-1.0804,1553889.71,1293962.131
002600.SZ,2024-11-29,8.18,8.68,8.16,8.59,8.24,0.35,4.2476,2435219.4,2065279.97
002600.SZ,2024-12-02,8.91,9.08,8.74,8.83,8.59,0.24,2.7939,3055859.49,2711314.397
002600.SZ,2024-12-03,8.76,8.85,8.58,8.67,8.83,-0.16,-1.812,1552848.61,1350679.513
002600.SZ,2024-12-04,8.68,8.99,8.51,8.8,8.67,0.13,1.4994,2146704.8,1879708.513
002600.SZ,2024-12-05,8.7,8.86,8.63,8.74,8.8,-0.06,-0.6818,1403649.3,1227959.637
002600.SZ,2024-12-06,8.75,8.99,8.75,8.92,8.74,0.18,2.0595,2258140.55,2003411.749
002600.SZ,2024-12-09,9.02,9.04,8.7,8.77,8.92,-0.15,-1.6816,1848399.86,1634658.947
002600.SZ,2024-12-10,9.01,9.45,8.87,9.05,8.77,0.28,3.1927,3490575.92,3184096.335
002600.SZ,2024-12-11,9.07,9.77,8.96,9.57,9.05,0.52,5.7459,4560332.41,4288402.724
002600.SZ,2024-12-12,9.5,9.55,9.18,9.28,9.57,-0.29,-3.0303,2940476.62,2738457.208
002600.SZ,2024-12-13,9.22,9.45,9.1,9.11,9.28,-0.17,-1.8319,2596737.63,2404921.965
002600.SZ,2024-12-16,9.01,9.02,8.72,8.79,9.11,-0.32,-3.5126,1855894.67,1635649.42
002600.SZ,2024-12-17,8.72,8.93,8.66,8.73,8.79,-0.06,-0.6826,1282999.62,1126002.061
002600.SZ,2024-12-18,8.78,8.86,8.66,8.77,8.73,0.04,0.4582,979682.42,858108.986
002600.SZ,2024-12-19,8.57,8.98,8.52,8.88,8.77,0.11,1.2543,1962918.21,1731988.094
002600.SZ,2024-12-20,8.88,9.13,8.8,8.98,8.88,0.1,1.1261,1836771.55,1650424.055
002600.SZ,2024-12-23,8.98,9.05,8.46,8.49,8.98,-0.49,-5.4566,1683698.57,1464093.527
002600.SZ,2024-12-24,8.5,8.64,8.46,8.6,8.49,0.11,1.2956,1041930.28,891783.268
002600.SZ,2024-12-25,8.59,8.61,8.25,8.3,8.6,-0.3,-3.4884,1214266.4,1018161.864
002600.SZ,2024-12-26,8.23,8.6,8.21,8.54,8.3,0.24,2.8916,1188794.27,1009910.551
002600.SZ,2024-12-27,8.53,8.74,8.49,8.54,8.54,0.0,0.0,1172224.15,1010767.805
002600.SZ,2024-12-30,8.54,8.56,8.3,8.32,8.54,-0.22,-2.5761,1136324.47,955028.849
002600.SZ,2024-12-31,8.33,8.37,7.99,8.0,8.32,-0.32,-3.8462,1282749.11,1044661.785
002600.SZ,2025-01-02,7.97,8.14,7.72,7.82,8.0,-0.18,-2.25,1146436.14,910359.204
002600.SZ,2025-01-03,7.82,7.89,7.61,7.63,7.82,-0.19,-2.4297,1169714.5,905543.647
002600.SZ,2025-01-06,7.6,7.69,7.31,7.39,7.63,-0.24,-3.1455,1094350.52,818478.946
002600.SZ,2025-01-07,7.44,7.69,7.42,7.64,7.39,0.25,3.3829,1234483.69,937145.429
002600.SZ,2025-01-08,7.58,7.58,7.23,7.49,7.64,-0.15,-1.9634,1265135.69,939464.372
002600.SZ,2025-01-09,7.45,7.68,7.41,7.6,7.49,0.11,1.4686,1075736.82,817503.891
002600.SZ,2025-01-10,7.55,7.73,7.48,7.48,7.6,-0.12,-1.5789,1459540.04,1110896.454
002600.SZ,2025-01-13,7.3,7.62,7.26,7.48,7.48,0.0,0.0,812665.34,605050.953
002600.SZ,2025-01-14,7.48,8.2,7.48,8.11,7.48,0.63,8.4225,2160683.31,1700350.692
002600.SZ,2025-01-15,8.13,8.24,7.99,8.05,8.11,-0.06,-0.7398,1734535.95,1401233.88
002600.SZ,2025-01-16,8.15,8.18,7.93,8.06,8.05,0.01,0.1242,1321247.24,1064797.227
002600.SZ,2025-01-17,7.95,8.1,7.94,8.02,8.06,-0.04,-0.4963,816751.31,655220.77
002600.SZ,2025-01-20,8.1,8.5,8.1,8.29,8.02,0.27,3.3666,1950005.6,1631517.76
002600.SZ,2025-01-21,8.35,8.54,8.22,8.5,8.29,0.21,2.5332,1714712.01,1439717.638
002600.SZ,2025-01-22,8.45,8.65,8.4,8.48,8.5,-0.02,-0.2353,1500071.12,1278376.694
002600.SZ,2025-01-23,8.6,8.63,8.3,8.32,8.48,-0.16,-1.8868,1424382.9,1204855.453
002600.SZ,2025-01-24,8.3,8.85,8.21,8.77,8.32,0.45,5.4087,2606768.31,2235936.389
002600.SZ,2025-01-27,8.77,8.77,8.48,8.51,8.77,-0.26,-2.9647,1267375.0,1085490.782
002600.SZ,2025-02-05,8.79,9.05,8.7,8.88,8.51,0.37,4.3478,2571797.55,2278337.834
002600.SZ,2025-02-06,8.95,9.77,8.91,9.77,8.88,0.89,10.0225,2813984.73,2666952.695
002600.SZ,2025-02-07,10.02,10.5,9.92,10.16,9.77,0.39,3.9918,7241520.35,7361044.716
002600.SZ,2025-02-10,10.19,10.22,9.68,9.8,10.16,-0.36,-3.5433,4848954.89,4768970.084
002600.SZ,2025-02-11,9.76,9.94,9.7,9.79,9.8,-0.01,-0.102,2885993.96,2832995.778
002600.SZ,2025-02-12,9.98,10.06,9.71,9.91,9.79,0.12,1.2257,3290051.14,3245808.038
002600.SZ,2025-02-13,9.88,9.98,9.57,9.61,9.91,-0.3,-3.0272,3139361.67,3055558.324
002600.SZ,2025-02-14,9.63,10.12,9.63,9.79,9.61,0.18,1.873,3465185.97,3431273.547
002600.SZ,2025-02-17,9.79,10.02,9.7,9.95,9.79,0.16,1.6343,3100290.18,3058484.379
002600.SZ,2025-02-18,9.89,10.1,9.4,9.48,9.95,-0.47,-4.7236,3052245.5,2968072.593
002600.SZ,2025-02-19,9.48,10.04,9.46,9.99,9.48,0.51,5.3797,3528515.53,3471138.065
002600.SZ,2025-02-20,10.06,10.93,9.93,10.6,9.99,0.61,6.1061,6000159.73,6275098.743
002600.SZ,2025-02-21,10.59,11.49,10.5,10.68,10.6,0.08,0.7547,7311627.46,7975562.202
002600.SZ,2025-02-24,10.63,10.95,10.33,10.45,10.68,-0.23,-2.1536,3487618.2,3659223.209
002600.SZ,2025-02-25,10.27,10.8,10.18,10.41,10.45,-0.04,-0.3828,3331994.26,3482420.257
002600.SZ,2025-02-26,10.42,11.19,10.3,10.78,10.41,0.37,3.5543,4313916.76,4647592.372
002600.SZ,2025-02-27,10.68,10.84,10.2,10.43,10.78,-0.35,-3.2468,3146084.6,3287041.293
002600.SZ,2025-02-28,10.35,10.39,9.67,9.72,10.43,-0.71,-6.8073,2588987.77,2580330.338
002600.SZ,2025-03-03,9.84,9.9,9.45,9.58,9.72,-0.14,-1.4403,1708491.22,1650849.772
002600.SZ,2025-03-04,9.46,9.98,9.43,9.85,9.58,0.27,2.8184,1907951.67,1871581.556
002600.SZ,2025-03-05,9.82,9.91,9.75,9.89,9.85,0.04,0.4061,1337808.21,1316231.024
002600.SZ,2025-03-06,9.96,10.28,9.91,10.1,9.89,0.21,2.1234,1885077.32,1901547.85
002600.SZ,2025-03-07,10.06,10.37,9.99,10.09,10.1,-0.01,-0.099,1874471.91,1908064.201
002600.SZ,2025-03-10,10.28,10.45,10.01,10.1,10.09,0.01,0.0991,1673761.04,1703586.746
002600.SZ,2025-03-11,9.9,10.12,9.81,9.98,10.1,-0.12,-1.1881,1324388.96,1317919.369
002600.SZ,2025-03-12,10.05,10.25,9.85,10.1,9.98,0.12,1.2024,1808573.53,1821788.487
002600.SZ,2025-03-13,10.0,10.05,9.46,9.64,10.1,-0.46,-4.5545,2332502.31,2257575.41
002600.SZ,2025-03-14,9.55,9.84,9.47,9.77,9.64,0.13,1.3485,1339067.36,1297258.843
002600.SZ,2025-03-17,9.81,9.85,9.69,9.78,9.77,0.01,0.1024,1024291.09,1002051.076
002600.SZ,2025-03-18,9.78,9.97,9.73,9.85,9.78,0.07,0.7157,1006508.23,992310.868
002600.SZ,2025-03-19,9.77,9.84,9.62,9.73,9.85,-0.12,-1.2183,978581.84,950199.94
002600.SZ,2025-03-20,9.7,9.76,9.6,9.61,9.73,-0.12,-1.2333,859489.31,831625.598
002600.SZ,2025-03-21,9.5,9.55,9.1,9.13,9.61,-0.48,-4.9948,1706057.36,1582559.141
002600.SZ,2025-03-24,9.12,9.33,8.94,9.18,9.13,0.05,0.5476,1297437.96,1183834.355
002600.SZ,2025-03-25,9.19,9.21,8.97,9.03,9.18,-0.15,-1.634,848767.11,768525.388
002600.SZ,2025-03-26,9.02,9.19,8.98,9.16,9.03,0.13,1.4396,809716.21,738709.629
002600.SZ,2025-03-27,9.08,9.26,8.98,9.15,9.16,-0.01,-0.1092,815944.3,746704.532
002600.SZ,2025-03-28,9.13,9.21,9.09,9.16,9.15,0.01,0.1093,604935.83,553387.605
002600.SZ,2025-03-31,9.08,9.1,8.91,9.05,9.16,-0.11,-1.2009,886303.18,797600.082
002600.SZ,2025-04-01,9.14,9.23,9.03,9.04,9.05,-0.01,-0.1105,754137.44,687243.544
002600.SZ,2025-04-02,9.0,9.19,8.98,9.1,9.04,0.06,0.6637,611667.85,555754.709
002600.SZ,2025-04-03,8.92,8.96,8.35,8.44,9.1,-0.66,-7.2527,2006400.04,1724375.113
002600.SZ,2025-04-07,7.6,7.64,7.6,7.6,8.44,-0.84,-9.9526,380985.0,289640.096
002600.SZ,2025-04-08,6.85,7.06,6.84,6.84,7.6,-0.76,-10.0,1992583.05,1368582.953
002600.SZ,2025-04-09,6.46,6.87,6.16,6.74,6.84,-0.1,-1.462,4141963.15,2674204.923
002600.SZ,2025-04-10,7.2,7.34,7.02,7.06,6.74,0.32,4.7478,3080859.71,2205845.166
002600.SZ,2025-04-11,6.83,7.36,6.83,7.26,7.06,0.2,2.8329,2279840.05,1633523.971
002600.SZ,2025-04-14,7.53,7.65,7.28,7.34,7.26,0.08,1.1019,2751437.35,2048414.376
002600.SZ,2025-04-15,7.37,7.37,7.12,7.21,7.34,-0.13,-1.7711,1512139.07,1092614.113
002600.SZ,2025-04-16,7.13,7.17,6.96,7.04,7.21,-0.17,-2.3578,1253191.04,883931.737
002600.SZ,2025-04-17,6.99,7.12,6.96,7.03,7.04,-0.01,-0.142,868049.76,613729.288
002600.SZ,2025-04-18,7.02,7.18,7.0,7.17,7.03,0.14,1.9915,970365.74,688948.132
002600.SZ,2025-04-21,7.27,7.79,7.17,7.57,7.17,0.4,5.5788,2128834.94,1584346.813
002600.SZ,2025-04-22,7.57,7.6,7.42,7.43,7.57,-0.14,-1.8494,1197931.46,895817.261
002600.SZ,2025-04-23,7.65,7.92,7.6,7.78,7.43,0.35,4.7106,2380296.94,1843499.623
002600.SZ,2025-04-24,7.79,7.84,7.63,7.69,7.78,-0.09,-1.1568,1175025.47,906329.283
002600.SZ,2025-04-25,7.68,7.86,7.67,7.7,7.69,0.01,0.13,1161807.26,901134.955
002600.SZ,2025-04-28,7.65,7.69,7.58,7.61,7.7,-0.09,-1.1688,712499.04,543262.561
002600.SZ,2025-04-29,7.65,7.78,7.57,7.74,7.61,0.13,1.7083,788631.24,608226.36
002600.SZ,2025-04-30,7.78,8.05,7.75,7.98,7.74,0.24,3.1008,1504540.24,1194169.177
002600.SZ,2025-05-06,8.11,8.21,8.05,8.2,7.98,0.22,2.7569,1386912.89,1129774.722
002600.SZ,2025-05-07,8.41,8.45,8.06,8.15,8.18,-0.03,-0.3667,1311726.16,1073718.034
002600.SZ,2025-05-08,8.14,8.33,8.1,8.3,8.15,0.15,1.8405,1104220.67,912277.466
002600.SZ,2025-05-09,8.3,8.3,8.06,8.13,8.3,-0.17,-2.0482,917724.35,747081.867
002600.SZ,2025-05-12,8.38,8.5,8.3,8.49,8.13,0.36,4.428,1595749.96,1342127.644
002600.SZ,2025-05-13,8.67,8.76,8.45,8.48,8.49,-0.01,-0.1178,1755090.22,1507005.349
002600.SZ,2025-05-14,8.42,8.52,8.34,8.45,8.48,-0.03,-0.3538,1013905.13,853932.414
002600.SZ,2025-05-15,8.44,8.44,8.23,8.26,8.45,-0.19,-2.2485,866270.72,719326.801
002600.SZ,2025-05-16,8.23,8.37,8.21,8.3,8.26,0.04,0.4843,665620.35,552258.994
002600.SZ,2025-05-19,8.3,8.37,8.12,8.28,8.3,-0.02,-0.241,705018.61,578713.575
002600.SZ,2025-05-20,8.27,8.35,8.18,8.35,8.28,0.07,0.8454,671300.55,556904.075
002600.SZ,2025-05-21,8.36,8.4,8.28,8.36,8.35,0.01,0.1198,833944.28,695714.758
002600.SZ,2025-05-22,8.32,8.38,8.2,8.22,8.36,-0.14,-1.6746,726551.33,601011.634
002600.SZ,2025-05-23,8.18,8.33,8.09,8.1,8.22,-0.12,-1.4599,727640.63,597310.096
002600.SZ,2025-05-26,8.0,8.13,7.92,8.11,8.1,0.01,0.1235,704529.49,566794.237
002600.SZ,2025-05-27,8.07,8.11,7.95,7.98,8.11,-0.13,-1.603,587719.64,470291.359
002600.SZ,2025-05-28,7.98,8.06,7.95,8.0,7.98,0.02,0.2506,431428.68,345022.712
002600.SZ,2025-05-29,8.1,8.26,8.1,8.23,8.0,0.23,2.875,849223.45,695515.999
002600.SZ,2025-05-30,8.11,8.14,7.99,8.06,8.23,-0.17,-2.0656,777109.09,624618.134
002600.SZ,2025-06-03,8.04,8.22,7.98,8.07,8.06,0.01,0.1241,1005337.07,818108.955
002600.SZ,2025-06-04,8.07,8.26,8.07,8.2,8.07,0.13,1.6109,871414.63,715468.86
002600.SZ,2025-06-05,8.23,8.54,8.18,8.51,8.2,0.31,3.7805,1491415.06,1253106.87
002600.SZ,2025-06-06,8.51,8.52,8.39,8.42,8.51,-0.09,-1.0576,711058.02,599314.055
002600.SZ,2025-06-09,8.43,8.5,8.42,8.48,8.42,0.06,0.7126,661367.13,559882.084
002600.SZ,2025-06-10,8.49,8.5,8.25,8.36,8.48,-0.12,-1.4151,841898.89,702963.235
002600.SZ,2025-06-11,8.36,8.55,8.36,8.41,8.36,0.05,0.5981,724828.79,613056.947
002600.SZ,2025-06-12,8.38,8.49,8.34,8.38,8.41,-0.03,-0.3567,773797.39,650997.224
002600.SZ,2025-06-13,8.32,8.37,8.11,8.19,8.38,-0.19,-2.2673,1887143.84,1548117.084
002600.SZ,2025-06-16,8.11,8.27,8.1,8.2,8.19,0.01,0.1221,726450.82,595156.321
002600.SZ,2025-06-17,8.19,8.32,8.16,8.2,8.2,0.0,0.0,689690.48,567962.658
002600.SZ,2025-06-18,8.2,8.55,8.13,8.51,8.2,0.31,3.7805,1657173.63,1391987.606
002600.SZ,2025-06-19,8.52,8.58,8.33,8.38,8.51,-0.13,-1.5276,899890.88,760241.929
002600.SZ,2025-06-20,8.36,8.42,8.2,8.2,8.38,-0.18,-2.148,725613.15,599412.833
002600.SZ,2025-06-23,8.13,8.26,8.1,8.24,8.2,0.04,0.4878,555215.5,454962.953
002600.SZ,2025-06-24,8.29,8.45,8.25,8.44,8.24,0.2,2.4272,914395.08,766831.925
002600.SZ,2025-06-25,8.42,8.54,8.4,8.53,8.44,0.09,1.0664,1049557.06,889748.807
002600.SZ,2025-06-26,8.58,8.62,8.36,8.37,8.53,-0.16,-1.8757,952038.67,805057.879
002600.SZ,2025-06-27,8.52,8.59,8.4,8.51,8.37,0.14,1.6726,1125934.49,958750.744
002600.SZ,2025-06-30,8.55,8.63,8.52,8.59,8.51,0.08,0.9401,912144.43,781924.085
002600.SZ,2025-07-01,8.59,8.96,8.45,8.87,8.59,0.28,3.2596,1930570.33,1686306.544
002600.SZ,2025-07-02,8.86,8.86,8.71,8.74,8.87,-0.13,-1.4656,1233893.03,1081975.066
002600.SZ,2025-07-03,8.75,9.49,8.74,9.33,8.74,0.59,6.7506,3047990.66,2782615.643
002600.SZ,2025-07-04,9.24,9.27,9.07,9.2,9.33,-0.13,-1.3934,1938081.22,1776806.214
002600.SZ,2025-07-07,9.1,9.13,8.86,8.9,9.2,-0.3,-3.2609,1307978.0,1168301.729
002600.SZ,2025-07-08,8.89,9.07,8.87,8.98,8.9,0.08,0.8989,1104123.47,993064.282
002600.SZ,2025-07-09,9.05,9.27,8.89,8.92,8.98,-0.06,-0.6682,1215411.68,1101406.689
002600.SZ,2025-07-10,8.89,8.94,8.77,8.85,8.92,-0.07,-0.7848,829757.15,733485.987
002600.SZ,2025-07-11,8.84,8.92,8.74,8.87,8.85,0.02,0.226,814684.28,720689.59
002600.SZ,2025-07-14,8.86,8.95,8.82,8.88,8.87,0.01,0.1127,663174.21,588985.773
002600.SZ,2025-07-15,8.85,9.08,8.83,9.05,8.88,0.17,1.9144,1315776.16,1183069.345
002600.SZ,2025-07-16,9.01,9.16,8.93,9.08,9.05,0.03,0.3315,969017.17,878041.212
002600.SZ,2025-07-17,9.05,9.39,9.0,9.35,9.08,0.27,2.9736,1825368.87,1689159.058
002600.SZ,2025-07-18,9.35,9.37,9.11,9.17,9.35,-0.18,-1.9251,1259168.9,1157733.011
002600.SZ,2025-07-21,9.16,9.22,9.1,9.19,9.17,0.02,0.2181,760085.72,696964.194
002600.SZ,2025-07-22,9.19,9.19,9.02,9.08,9.19,-0.11,-1.197,943300.0,856239.07
002600.SZ,2025-07-23,9.03,9.09,8.98,8.99,9.08,-0.09,-0.9912,740655.86,668370.744
002600.SZ,2025-07-24,9.01,9.08,9.0,9.08,8.99,0.09,1.0011,768316.83,695159.353
002600.SZ,2025-07-25,9.08,9.19,9.05,9.17,9.08,0.09,0.9912,912978.63,833911.647
002600.SZ,2025-07-28,9.22,9.25,9.11,9.17,9.17,0.0,0.0,757891.91,694265.203
002600.SZ,2025-07-29,9.11,9.17,8.98,9.17,9.17,0.0,0.0,901138.64,817439.496
002600.SZ,2025-07-30,9.12,9.13,8.93,8.98,9.17,-0.19,-2.072,853440.53,770403.842
002600.SZ,2025-07-31,8.91,9.23,8.89,9.01,8.98,0.03,0.3341,1248025.35,1133657.492
002600.SZ,2025-08-01,8.98,9.38,8.9,9.18,9.01,0.17,1.8868,1774541.86,1632054.731
002600.SZ,2025-08-04,9.18,9.2,9.02,9.15,9.18,-0.03,-0.3268,972615.63,885166.675
002600.SZ,2025-08-05,9.19,9.35,9.16,9.33,9.15,0.18,1.9672,1565707.61,1453449.689
002600.SZ,2025-08-06,9.38,9.76,9.23,9.67,9.33,0.34,3.6442,2738584.63,2621528.139
002600.SZ,2025-08-07,9.8,10.05,9.57,9.59,9.67,-0.08,-0.8273,2581478.52,2515957.686
002600.SZ,2025-08-08,9.5,9.65,9.45,9.48,9.59,-0.11,-1.147,1303425.24,1242557.203
002600.SZ,2025-08-11,9.58,9.92,9.58,9.89,9.48,0.41,4.3249,2115231.98,2073284.316
002600.SZ,2025-08-12,9.97,10.25,9.83,10.01,9.89,0.12,1.2133,2486655.04,2504849.021
002600.SZ,2025-08-13,10.01,10.08,9.86,10.03,10.01,0.02,0.1998,1801905.49,1798233.721
002600.SZ,2025-08-14,10.03,10.18,9.8,10.0,10.03,-0.03,-0.2991,2093809.01,2088818.492
002600.SZ,2025-08-15,9.97,10.24,9.91,10.12,10.0,0.12,1.2,1631295.81,1647463.431
002600.SZ,2025-08-18,10.45,11.13,10.3,11.13,10.12,1.01,9.9802,4287785.26,4670391.718
002600.SZ,2025-08-19,11.4,12.24,11.28,12.24,11.13,1.11,9.973,6234616.62,7297420.463
002600.SZ,2025-08-20,12.66,13.3,12.01,13.1,12.24,0.86,7.0261,7022881.66,8908626.756
002600.SZ,2025-08-21,13.1,13.15,12.0,12.16,13.1,-0.94,-7.1756,6458948.05,8051412.916
002600.SZ,2025-08-22,12.01,12.38,11.96,12.33,12.16,0.17,1.398,4568978.68,5561991.441
002600.SZ,2025-08-25,12.42,13.56,12.19,13.56,12.33,1.23,9.9757,6885409.52,8994489.432
002600.SZ,2025-08-26,14.01,14.92,13.88,14.92,13.56,1.36,10.0295,5751651.54,8277110.161
002600.SZ,2025-08-27,15.53,16.08,14.68,14.78,14.92,-0.14,-0.9383,9617041.17,14682535.291
002600.SZ,2025-08-28,14.45,16.26,14.44,16.26,14.78,1.48,10.0135,7875027.14,11987649.141
002600.SZ,2025-08-29,16.26,16.26,15.26,15.54,16.26,-0.72,-4.428,6420703.87,10036697.302
002600.SZ,2025-09-01,15.78,16.05,15.13,15.67,15.54,0.13,0.8366,4793258.42,7468409.445
002600.SZ,2025-09-02,15.36,15.36,14.29,14.4,15.67,-1.27,-8.1047,5278126.6,7715787.51
002600.SZ,2025-09-03,14.41,14.65,13.78,13.92,14.4,-0.48,-3.3333,4250854.08,6022673.344
002600.SZ,2025-09-04,14.1,14.4,13.2,13.61,13.92,-0.31,-2.227,4174080.17,5775247.914
002600.SZ,2025-09-05,13.6,14.08,13.27,14.0,13.61,0.39,2.8655,3358826.29,4631692.94
002600.SZ,2025-09-08,14.01,14.4,13.81,14.12,14.0,0.12,0.8571,3156300.17,4440464.312
002600.SZ,2025-09-09,14.01,14.3,13.65,13.75,14.12,-0.37,-2.6204,2751756.06,3841420.846
002600.SZ,2025-09-10,13.74,14.05,13.56,13.7,13.75,-0.05,-0.3636,2308118.44,3184312.781
002600.SZ,2025-09-11,13.57,14.88,13.38,14.54,13.7,0.84,6.1314,5086301.61,7257254.162
002600.SZ,2025-09-12,14.38,14.81,14.21,14.35,14.54,-0.19,-1.3067,3794028.8,5490008.848
002600.SZ,2025-09-15,14.4,14.88,14.15,14.67,14.35,0.32,2.23,3900423.67,5702048.637
002600.SZ,2025-09-16,14.5,15.36,14.36,15.35,14.67,0.68,4.6353,4731239.8,7092611.637
002600.SZ,2025-09-17,15.34,15.34,14.88,14.98,15.35,-0.37,-2.4104,3649813.91,5481741.076
002600.SZ,2025-09-18,14.9,15.25,14.04,14.49,14.98,-0.49,-3.271,4254332.48,6299937.431
002600.SZ,2025-09-19,14.3,14.47,13.94,14.03,14.49,-0.46,-3.1746,2823439.0,4003390.225
002600.SZ,2025-09-22,14.42,15.43,14.33,15.31,14.03,1.28,9.1233,6843560.36,10387804.102
002600.SZ,2025-09-23,15.16,15.35,14.7,15.19,15.31,-0.12,-0.7838,4897672.37,7361693.061
002600.SZ,2025-09-24,15.1,15.72,14.76,15.63,15.19,0.44,2.8966,4760456.8,7257039.129
002600.SZ,2025-09-25,15.63,16.43,15.18,15.92,15.63,0.29,1.8554,5555028.75,8768245.728
002600.SZ,2025-09-26,15.64,15.87,14.7,14.71,15.92,-1.21,-7.6005,3996266.5,6079425.214
002600.SZ,2025-09-29,15.02,16.18,15.02,16.18,14.71,1.47,9.9932,5893457.93,9340589.669
002600.SZ,2025-09-30,16.58,16.85,16.1,16.31,16.18,0.13,0.8035,6406971.71,10544707.344
002600.SZ,2025-10-09,17.0,17.45,16.73,17.18,16.31,0.87,5.3342,4878972.02,8362871.709
002600.SZ,2025-10-10,17.1,18.22,15.88,16.04,17.18,-1.14,-6.6356,6382196.54,10800674.594
002600.SZ,2025-10-13,14.8,15.5,14.6,15.3,16.04,-0.74,-4.6135,4150178.9,6231897.213
002600.SZ,2025-10-14,15.81,16.07,15.11,15.51,15.3,0.21,1.3725,3544475.71,5524433.674
002600.SZ,2025-10-15,15.4,15.9,14.8,15.66,15.51,0.15,0.9671,3055546.5,4690668.826
002600.SZ,2025-10-16,15.47,15.52,15.07,15.11,15.66,-0.55,-3.5121,1857274.33,2839393.791
002600.SZ,2025-10-17,15.02,15.08,14.1,14.13,15.11,-0.98,-6.4858,2506890.06,3632142.938
002600.SZ,2025-10-20,14.5,14.67,14.27,14.38,14.13,0.25,1.7693,1618063.99,2340941.304
002600.SZ,2025-10-21,14.67,15.05,14.61,14.99,14.38,0.61,4.242,2145764.56,3192317.93
002600.SZ,2025-10-22,14.84,15.07,14.67,14.76,14.99,-0.23,-1.5344,1335074.55,1977261.785
002600.SZ,2025-10-23,14.67,14.69,14.25,14.61,14.76,-0.15,-1.0163,1202344.84,1735633.208
002600.SZ,2025-10-24,14.8,15.36,14.75,15.29,14.61,0.68,4.6543,2572630.49,3896593.222
002600.SZ,2025-10-27,15.58,15.87,15.44,15.81,15.29,0.52,3.4009,2728555.43,4284237.937
002600.SZ,2025-10-28,15.81,16.21,15.65,15.85,15.81,0.04,0.253,2710546.91,4310554.038
002600.SZ,2025-10-29,15.98,16.28,15.84,16.19,15.85,0.34,2.1451,2290640.74,3686176.395
002600.SZ,2025-10-30,16.49,16.77,15.91,15.93,16.19,-0.26,-1.6059,2886468.6,4699104.478
002600.SZ,2025-10-31,16.14,16.22,15.55,15.63,15.93,-0.3,-1.8832,2043144.73,3219174.008
002600.SZ,2025-11-03,15.45,15.46,14.88,15.21,15.63,-0.42,-2.6871,1976836.5,2980762.124
002600.SZ,2025-11-04,15.22,15.24,14.71,14.84,15.19,-0.35,-2.3041,1546367.17,2302731.764
002600.SZ,2025-11-05,14.47,14.75,14.3,14.62,14.84,-0.22,-1.4825,1615598.91,2345337.583
002600.SZ,2025-11-06,14.62,15.06,14.54,14.98,14.62,0.36,2.4624,1708549.4,2531112.738
002600.SZ,2025-11-07,14.82,14.98,14.6,14.78,14.98,-0.2,-1.3351,1186092.92,1751876.454
002600.SZ,2025-11-10,14.79,14.87,14.34,14.44,14.78,-0.34,-2.3004,1378192.26,1993426.732
002600.SZ,2025-11-11,14.52,14.54,13.88,14.0,14.44,-0.44,-3.0471,1838667.66,2588174.713
002600.SZ,2025-11-12,13.92,14.12,13.75,14.05,14.0,0.05,0.3571,1186179.76,1662283.913
002600.SZ,2025-11-13,13.95,14.09,13.79,13.99,14.05,-0.06,-0.427,1049793.5,1464713.611
002600.SZ,2025-11-14,13.81,13.82,13.55,13.55,13.99,-0.44,-3.1451,1420284.31,1941960.38
002600.SZ,2025-11-17,13.4,13.63,13.35,13.49,13.55,-0.06,-0.4428,1049802.41,1411910.79
002600.SZ,2025-11-18,13.44,13.58,13.3,13.38,13.49,-0.11,-0.8154,863033.18,1158025.004
002600.SZ,2025-11-19,13.37,13.59,13.35,13.43,13.38,0.05,0.3737,843772.25,1137340.685
002600.SZ,2025-11-20,13.58,13.68,13.29,13.29,13.43,-0.14,-1.0424,752832.39,1013793.751
002600.SZ,2025-11-21,13.09,13.35,12.97,13.0,13.29,-0.29,-2.1821,1111902.05,1457047.269
002600.SZ,2025-11-24,13.05,13.17,12.74,13.05,13.0,0.05,0.3846,1099944.21,1423800.226
002600.SZ,2025-11-25,13.16,13.59,13.15,13.41,13.05,0.36,2.7586,1248035.66,1674482.683
002600.SZ,2025-11-26,13.35,13.71,13.26,13.52,13.41,0.11,0.8203,1236319.66,1676872.867
002600.SZ,2025-11-27,13.58,14.09,13.55,13.66,13.52,0.14,1.0355,1749469.2,2422233.319
002600.SZ,2025-11-28,13.6,13.94,13.5,13.9,13.66,0.24,1.757,1258436.46,1734306.238
002600.SZ,2025-12-01,13.93,14.8,13.86,14.48,13.9,0.58,4.1727,2298235.96,3291022.373
002600.SZ,2025-12-02,14.49,15.14,14.3,14.96,14.48,0.48,3.3149,2982434.98,4380074.457
002600.SZ,2025-12-03,14.87,15.12,14.6,14.72,14.96,-0.24,-1.6043,1944386.77,2877782.663
002600.SZ,2025-12-04,15.09,15.18,14.67,14.74,14.72,0.02,0.1359,1427057.27,2120520.202
002600.SZ,2025-12-05,14.65,14.96,14.42,14.81,14.74,0.07,0.4749,1695933.64,2493394.546
002600.SZ,2025-12-08,14.79,15.15,14.71,15.08,14.81,0.27,1.8231,2302939.36,3449779.853
002600.SZ,2025-12-09,15.02,15.68,14.93,15.33,15.08,0.25,1.6578,2735785.45,4188430.68
002600.SZ,2025-12-10,15.24,15.3,14.82,15.18,15.33,-0.15,-0.9785,1586305.62,2385443.636
002600.SZ,2025-12-11,15.3,15.75,15.14,15.36,15.18,0.18,1.1858,2799694.12,4340509.225
002600.SZ,2025-12-12,15.2,16.0,15.1,15.7,15.36,0.34,2.2135,3024046.13,4724020.502
002600.SZ,2025-12-15,15.43,15.67,15.15,15.19,15.7,-0.51,-3.2484,1709492.39,2625247.402
002600.SZ,2025-12-16,15.03,15.27,14.74,15.0,15.19,-0.19,-1.2508,1492910.92,2233546.775
002600.SZ,2025-12-17,15.16,15.79,15.12,15.72,15.0,0.72,4.8,2293295.71,3555454.2
002600.SZ,2025-12-18,15.55,15.57,14.93,14.94,15.72,-0.78,-4.9618,2145052.58,3254241.525
002600.SZ,2025-12-19,15.14,15.4,14.96,15.34,14.94,0.4,2.6774,1722230.46,2621760.305
002600.SZ,2025-12-22,15.33,16.12,15.28,15.95,15.34,0.61,3.9765,2860167.87,4506577.498
002600.SZ,2025-12-23,15.95,15.95,15.06,15.52,15.95,-0.43,-2.6959,4285952.94,6600299.608
002600.SZ,2025-12-24,15.88,16.23,15.71,16.0,15.52,0.48,3.0928,3792118.8,6052164.099
002600.SZ,2025-12-25,15.95,16.04,15.64,15.84,16.0,-0.16,-1.0,2309353.65,3653166.947
002600.SZ,2025-12-26,15.8,15.84,15.21,15.4,15.84,-0.44,-2.7778,2214660.86,3424978.992
002600.SZ,2025-12-29,15.48,15.92,15.48,15.56,15.4,0.16,1.039,2453979.05,3853912.513
002600.SZ,2025-12-30,15.33,15.95,15.11,15.83,15.56,0.27,1.7352,3250685.11,5110173.86
002600.SZ,2025-12-31,15.9,15.9,15.41,15.54,15.83,-0.29,-1.832,2167873.31,3374212.966
002600.SZ,2026-01-05,15.59,16.14,15.59,15.93,15.54,0.39,2.5097,2901024.96,4619785.619
002600.SZ,2026-01-06,16.09,16.37,15.7,16.0,15.93,0.07,0.4394,3118057.01,5000334.49
002600.SZ,2026-01-07,16.23,16.7,15.86,16.17,16.0,0.17,1.0625,4379515.86,7125174.803
002600.SZ,2026-01-08,16.17,16.79,15.96,16.43,16.17,0.26,1.6079,3998298.2,6574045.947
002600.SZ,2026-01-09,16.31,16.9,16.05,16.66,16.43,0.23,1.3999,3810319.99,6325295.474
002600.SZ,2026-01-12,16.7,18.33,16.47,18.33,16.66,1.67,10.024,5234767.92,9153412.273
002600.SZ,2026-01-13,18.7,18.83,16.82,16.9,18.33,-1.43,-7.8014,6002571.99,10557464.08
002600.SZ,2026-01-14,16.81,17.2,16.16,16.33,16.9,-0.57,-3.3728,4261862.27,7125815.482
002600.SZ,2026-01-15,16.1,16.42,16.01,16.14,16.33,-0.19,-1.1635,1941349.29,3131088.365
002600.SZ,2026-01-16,16.29,16.67,16.18,16.51,16.14,0.37,2.2924,2239082.69,3682836.808
002600.SZ,2026-01-19,16.08,16.08,15.55,15.85,16.51,-0.66,-3.9976,2460381.76,3900176.532
002600.SZ,2026-01-20,15.8,15.88,15.25,15.42,15.85,-0.43,-2.7129,2002294.19,3094041.932
002600.SZ,2026-01-21,15.25,15.57,15.23,15.4,15.42,-0.02,-0.1297,1162123.39,1797212.546
002600.SZ,2026-01-22,15.58,15.68,15.4,15.52,15.4,0.12,0.7792,1111725.02,1725831.873
002600.SZ,2026-01-23,15.52,15.97,15.42,15.89,15.52,0.37,2.384,1988948.13,3126774.464
002600.SZ,2026-01-26,15.82,16.05,15.4,15.42,15.89,-0.47,-2.9578,1588368.77,2476319.658
002600.SZ,2026-01-27,15.34,15.46,14.73,15.33,15.42,-0.09,-0.5837,1462270.29,2213367.301
002600.SZ,2026-01-28,15.4,15.6,14.94,15.38,15.33,0.05,0.3262,1708836.73,2608273.191
002600.SZ,2026-01-29,15.28,15.28,14.88,14.89,15.38,-0.49,-3.186,1366096.28,2054547.28
002600.SZ,2026-01-30,14.79,14.85,14.36,14.64,14.89,-0.25,-1.679,1294173.11,1893239.236
002600.SZ,2026-02-02,14.66,14.87,14.43,14.45,14.64,-0.19,-1.2978,902969.34,1325300.609
002600.SZ,2026-02-03,14.61,15.0,14.46,14.95,14.45,0.5,3.4602,1157442.02,1707125.083
002600.SZ,2026-02-04,14.92,15.05,14.8,15.05,14.95,0.1,0.6689,821541.04,1226786.459
002600.SZ,2026-02-05,14.9,15.03,14.73,14.75,15.05,-0.3,-1.9934,634266.63,940237.771
002600.SZ,2026-02-06,14.55,14.93,14.44,14.72,14.75,-0.03,-0.2034,630836.81,929558.959
002600.SZ,2026-02-09,14.9,15.0,14.78,14.98,14.72,0.26,1.7663,1010961.64,1503021.264
002600.SZ,2026-02-10,15.13,15.4,15.12,15.3,14.98,0.32,2.1362,1374757.47,2101083.986
002600.SZ,2026-02-11,15.29,15.34,15.08,15.1,15.3,-0.2,-1.3072,750311.17,1139782.693
002600.SZ,2026-02-12,15.1,15.36,15.04,15.32,15.1,0.22,1.457,844000.49,1287478.151
002600.SZ,2026-02-13,15.2,15.56,15.15,15.39,15.32,0.07,0.4569,1067040.75,1646790.71
002600.SZ,2026-02-24,15.68,15.76,15.37,15.42,15.39,0.03,0.1949,1000658.17,1547709.862
002600.SZ,2026-02-25,15.47,15.49,15.26,15.39,15.42,-0.03,-0.1946,905481.4,1390044.378
002600.SZ,2026-02-26,15.43,15.63,15.3,15.53,15.39,0.14,0.9097,1068500.23,1654841.988
002600.SZ,2026-02-27,15.39,15.45,15.25,15.38,15.53,-0.15,-0.9659,828643.6,1270418.817
002600.SZ,2026-03-02,14.9,15.15,14.85,15.04,15.38,-0.34,-2.2107,1236154.51,1851386.265
002600.SZ,2026-03-03,15.05,15.13,14.2,14.2,15.04,-0.84,-5.5851,1447443.01,2111433.082
002600.SZ,2026-03-04,13.91,14.35,13.91,14.08,14.2,-0.12,-0.8451,763102.98,1080144.527
002600.SZ,2026-03-05,14.37,14.49,14.24,14.34,14.08,0.26,1.8466,751077.52,1081153.589
002600.SZ,2026-03-06,14.31,14.74,14.28,14.48,14.34,0.14,0.9763,743448.3,1079658.122
002600.SZ,2026-03-09,14.24,14.24,13.88,14.16,14.48,-0.32,-2.2099,994260.05,1393787.919
002600.SZ,2026-03-10,14.3,14.7,14.3,14.62,14.16,0.46,3.2486,1000503.95,1450977.682
002600.SZ,2026-03-11,14.75,15.46,14.71,15.0,14.62,0.38,2.5992,1865709.67,2829828.204
002600.SZ,2026-03-12,14.83,15.01,14.52,14.6,15.0,-0.4,-2.6667,1127298.5,1655021.575
002600.SZ,2026-03-13,14.44,14.59,14.31,14.36,14.6,-0.24,-1.6438,640481.04,924559.969
002600.SZ,2026-03-16,14.3,14.56,14.01,14.4,14.36,0.04,0.2786,798622.23,1135566.6
002600.SZ,2026-03-17,14.64,14.68,14.08,14.13,14.4,-0.27,-1.875,718617.45,1027881.926
002600.SZ,2026-03-18,14.2,14.3,14.1,14.25,14.13,0.12,0.8493,510308.12,724723.244
002600.SZ,2026-03-19,14.0,14.06,13.81,13.85,14.25,-0.4,-2.807,677420.59,943771.193
002600.SZ,2026-03-20,13.89,13.98,13.39,13.4,13.85,-0.45,-3.2491,727533.92,994627.464
002600.SZ,2026-03-23,13.1,13.18,12.57,12.65,13.4,-0.75,-5.597,1300388.03,1676293.379
002600.SZ,2026-03-24,12.85,12.92,12.45,12.88,12.65,0.23,1.8182,846448.88,1073936.904
002600.SZ,2026-03-25,12.91,13.45,12.91,13.26,12.88,0.38,2.9503,938502.78,1240171.104
002600.SZ,2026-03-26,13.24,13.4,13.11,13.16,13.26,-0.1,-0.7541,650304.07,861006.328
002600.SZ,2026-03-27,12.95,13.29,12.91,13.17,13.16,0.01,0.076,478977.24,629598.826
002600.SZ,2026-03-30,13.0,13.07,12.71,12.94,13.17,-0.23,-1.7464,728317.26,938812.327
002600.SZ,2026-03-31,12.93,13.14,12.81,12.83,12.94,-0.11,-0.8501,616843.32,798089.098
002600.SZ,2026-04-01,13.09,13.13,12.87,12.96,12.83,0.13,1.0133,584386.09,757850.741
002600.SZ,2026-04-02,12.85,12.93,12.44,12.54,12.96,-0.42,-3.2407,741476.73,937821.872
002600.SZ,2026-04-03,12.55,12.65,12.29,12.38,12.54,-0.16,-1.2759,474376.46,588687.857
002600.SZ,2026-04-07,12.55,12.68,12.51,12.62,12.38,0.24,1.9386,612039.15,771973.54
002600.SZ,2026-04-08,12.94,13.34,12.92,13.33,12.62,0.71,5.626,1179766.17,1548861.356
002600.SZ,2026-04-09,13.15,13.43,13.08,13.29,13.33,-0.04,-0.3001,845450.44,1122260.195
002600.SZ,2026-04-10,13.43,13.74,13.43,13.61,13.29,0.32,2.4078,1035445.55,1409464.772
002600.SZ,2026-04-13,13.55,13.95,13.5,13.75,13.61,0.14,1.0287,1040613.5,1434897.066
002600.SZ,2026-04-14,13.85,14.05,13.75,13.88,13.75,0.13,0.9455,968978.3,1346107.635
002600.SZ,2026-04-15,13.94,14.02,13.53,13.58,13.88,-0.3,-2.1614,877648.0,1207354.085
002600.SZ,2026-04-16,13.72,13.8,13.46,13.74,13.58,0.16,1.1782,784739.44,1073465.011
002600.SZ,2026-04-17,13.7,13.89,13.66,13.79,13.74,0.05,0.3639,773016.1,1066337.916
002600.SZ,2026-04-20,14.29,14.85,14.03,14.64,13.79,0.85,6.1639,2439697.32,3518706.9
002600.SZ,2026-04-21,14.5,14.5,14.16,14.34,14.64,-0.3,-2.0492,1398491.17,1996668.545
002600.SZ,2026-04-22,14.25,15.08,14.21,14.95,14.34,0.61,4.2538,2107536.79,3139179.12
002600.SZ,2026-04-23,15.0,15.03,14.45,14.55,14.95,-0.4,-2.6756,1548822.84,2267847.406
002600.SZ,2026-04-24,14.41,14.44,14.08,14.16,14.55,-0.39,-2.6804,1002629.48,1423875.135
002600.SZ,2026-04-27,14.17,14.47,14.04,14.44,14.16,0.28,1.9774,1090981.51,1563004.041
002600.SZ,2026-04-28,14.3,14.3,13.9,13.96,14.44,-0.48,-3.3241,938902.6,1324109.286
