ts_code,date,open,high,low,close,pre_close,change,pct_chg,volume,amount
002648.SZ,2020-01-02,16.49,17.29,16.41,17.09,16.35,0.74,4.526,186882.37,317597.198
002648.SZ,2020-01-03,17.04,17.55,16.93,17.3,17.09,0.21,1.2288,155717.97,269223.409
002648.SZ,2020-01-06,17.52,17.7,16.98,17.2,17.3,-0.1,-0.578,193040.49,335645.34
002648.SZ,2020-01-07,17.2,17.26,17.03,17.22,17.2,0.02,0.1163,87533.95,149959.354
002648.SZ,2020-01-08,17.11,17.17,16.79,16.8,17.22,-0.42,-2.439,129137.42,218853.55
002648.SZ,2020-01-09,16.95,17.27,16.84,16.97,16.8,0.17,1.0119,93405.96,158990.951
002648.SZ,2020-01-10,17.06,17.1,16.69,16.88,16.97,-0.09,-0.5303,79383.89,133918.801
002648.SZ,2020-01-13,16.88,17.21,16.52,17.21,16.88,0.33,1.955,108534.26,183736.03
002648.SZ,2020-01-14,17.1,17.39,16.86,16.91,17.21,-0.3,-1.7432,99062.16,168603.767
002648.SZ,2020-01-15,17.0,17.04,16.68,16.95,16.91,0.04,0.2365,61834.76,104029.872
002648.SZ,2020-01-16,16.99,17.24,16.82,17.06,16.95,0.11,0.649,80262.24,136788.384
002648.SZ,2020-01-17,17.06,17.49,16.91,17.29,17.06,0.23,1.3482,108807.37,187827.355
002648.SZ,2020-01-20,17.35,17.39,16.98,17.18,17.29,-0.11,-0.6362,77441.21,132754.33
002648.SZ,2020-01-21,17.2,17.2,16.74,16.74,17.18,-0.44,-2.5611,102306.33,172517.144
002648.SZ,2020-01-22,16.76,17.73,16.6,17.63,16.74,0.89,5.3166,162785.9,279837.685
002648.SZ,2020-01-23,17.5,17.5,15.87,16.26,17.63,-1.37,-7.7708,228861.06,380107.806
002648.SZ,2020-02-03,14.63,14.63,14.63,14.63,16.26,-1.63,-10.0246,31155.0,45579.765
002648.SZ,2020-02-04,13.91,15.72,13.91,15.27,14.63,0.64,4.3746,244900.02,366184.654
002648.SZ,2020-02-05,15.22,15.64,15.02,15.29,15.27,0.02,0.131,154308.92,236475.024
002648.SZ,2020-02-06,15.39,15.88,15.1,15.83,15.29,0.54,3.5317,202779.71,314470.679
002648.SZ,2020-02-07,17.11,17.18,16.5,17.05,15.83,1.22,7.7069,340890.0,575289.751
002648.SZ,2020-02-10,17.7,18.22,16.77,17.05,17.05,0.0,0.0,361631.44,633405.019
002648.SZ,2020-02-11,16.78,16.8,16.22,16.29,17.05,-0.76,-4.4575,225087.36,370199.982
002648.SZ,2020-02-12,16.28,16.59,16.2,16.54,16.29,0.25,1.5347,136945.72,224804.95
002648.SZ,2020-02-13,16.72,17.05,16.43,16.44,16.54,-0.1,-0.6046,173210.85,289516.879
002648.SZ,2020-02-14,16.55,16.69,16.24,16.42,16.44,-0.02,-0.1217,135799.89,223837.01
002648.SZ,2020-02-17,16.55,17.06,16.55,16.88,16.42,0.46,2.8015,189113.41,317815.42
002648.SZ,2020-02-18,16.85,17.08,16.66,16.77,16.88,-0.11,-0.6517,184353.93,310002.131
002648.SZ,2020-02-19,16.76,16.92,16.39,16.4,16.77,-0.37,-2.2063,161459.76,268011.654
002648.SZ,2020-02-20,16.45,17.39,16.34,17.2,16.4,0.8,4.878,237659.89,402707.974
002648.SZ,2020-02-21,17.08,17.35,16.93,17.23,17.2,0.03,0.1744,213777.46,366156.498
002648.SZ,2020-02-24,17.18,18.12,17.0,18.07,17.23,0.84,4.8752,318058.75,558893.95
002648.SZ,2020-02-25,17.83,18.34,17.3,17.93,18.07,-0.14,-0.7748,291101.38,520609.289
002648.SZ,2020-02-26,17.7,18.16,17.29,17.31,17.93,-0.62,-3.4579,218523.89,385795.589
002648.SZ,2020-02-27,17.55,17.84,17.22,17.51,17.31,0.2,1.1554,159339.44,279989.314
002648.SZ,2020-02-28,17.1,17.1,16.14,16.19,17.51,-1.32,-7.5385,269649.58,446872.846
002648.SZ,2020-03-02,17.02,17.64,16.7,17.52,16.19,1.33,8.2149,302669.66,523189.982
002648.SZ,2020-03-03,17.67,17.8,17.26,17.31,17.52,-0.21,-1.1986,248963.59,435572.884
002648.SZ,2020-03-04,17.2,17.59,16.94,17.59,17.31,0.28,1.6176,166045.91,286485.764
002648.SZ,2020-03-05,18.6,18.6,17.75,17.93,17.59,0.34,1.9329,343519.13,619088.54
002648.SZ,2020-03-06,17.79,19.72,17.7,19.72,17.93,1.79,9.9833,546255.63,1053192.588
002648.SZ,2020-03-09,19.1,19.29,17.75,18.04,19.72,-1.68,-8.5193,970489.76,1784991.324
002648.SZ,2020-03-10,17.28,17.55,16.33,16.98,18.04,-1.06,-5.8758,610540.87,1023426.709
002648.SZ,2020-03-11,16.93,16.96,16.3,16.31,16.98,-0.67,-3.9458,326215.22,542728.484
002648.SZ,2020-03-12,15.98,15.98,15.21,15.46,16.31,-0.85,-5.2115,310301.69,483657.003
002648.SZ,2020-03-13,14.49,15.13,14.32,15.08,15.46,-0.38,-2.458,318799.21,467636.276
002648.SZ,2020-03-16,15.16,15.49,13.65,13.82,15.08,-1.26,-8.3554,416009.1,606194.842
002648.SZ,2020-03-17,13.99,14.17,13.32,13.91,13.82,0.09,0.6512,276161.16,378444.37
002648.SZ,2020-03-18,14.1,14.47,13.51,13.57,13.91,-0.34,-2.4443,246732.0,346885.832
002648.SZ,2020-03-19,13.51,14.34,13.33,14.18,13.57,0.61,4.4952,297611.03,412410.342
002648.SZ,2020-03-20,14.39,14.58,14.13,14.37,14.18,0.19,1.3399,203083.48,290836.32
002648.SZ,2020-03-23,13.9,14.13,13.47,13.58,14.37,-0.79,-5.4976,182098.9,251518.376
002648.SZ,2020-03-24,13.9,14.14,13.49,13.86,13.58,0.28,2.0619,189403.65,261499.869
002648.SZ,2020-03-25,14.19,14.28,13.92,14.07,13.86,0.21,1.5152,181943.93,255907.704
002648.SZ,2020-03-26,13.91,13.92,13.66,13.72,14.07,-0.35,-2.4876,130970.7,180345.311
002648.SZ,2020-03-27,13.88,13.88,13.54,13.56,13.72,-0.16,-1.1662,144854.84,198163.768
002648.SZ,2020-03-30,13.45,13.45,12.68,12.8,13.56,-0.76,-5.6047,237548.38,305612.48
002648.SZ,2020-03-31,12.95,13.07,12.81,13.04,12.8,0.24,1.875,145378.05,188438.791
002648.SZ,2020-04-01,12.91,13.22,12.77,13.0,13.04,-0.04,-0.3067,144334.32,188001.612
002648.SZ,2020-04-02,13.07,14.12,12.98,13.95,13.0,0.95,7.3077,286028.24,386371.16
002648.SZ,2020-04-03,13.78,13.83,13.47,13.51,13.95,-0.44,-3.1541,186705.45,254679.932
002648.SZ,2020-04-07,13.8,13.98,13.72,13.84,13.51,0.33,2.4426,185688.17,257178.435
002648.SZ,2020-04-08,13.74,14.12,13.65,13.97,13.84,0.13,0.9393,154777.05,214734.917
002648.SZ,2020-04-09,14.08,14.29,14.03,14.18,13.97,0.21,1.5032,160117.17,226975.113
002648.SZ,2020-04-10,14.05,14.05,13.54,13.76,14.18,-0.42,-2.9619,173201.47,238855.999
002648.SZ,2020-04-13,14.19,15.14,14.0,14.96,13.76,1.2,8.7209,565520.45,834440.561
002648.SZ,2020-04-14,15.06,15.2,14.8,14.89,14.96,-0.07,-0.4679,427365.3,638906.444
002648.SZ,2020-04-15,14.13,14.23,13.88,14.02,14.89,-0.87,-5.8428,476384.02,667558.163
002648.SZ,2020-04-16,13.77,13.95,13.63,13.93,14.02,-0.09,-0.6419,189878.91,262297.447
002648.SZ,2020-04-17,14.03,14.08,13.81,13.94,13.93,0.01,0.0718,158624.53,220941.518
002648.SZ,2020-04-20,13.93,15.0,13.7,14.8,13.94,0.86,6.1693,361692.66,518913.539
002648.SZ,2020-04-21,14.61,15.41,14.54,15.21,14.8,0.41,2.7703,474667.9,713996.752
002648.SZ,2020-04-22,15.0,15.13,14.53,14.7,15.21,-0.51,-3.3531,266905.51,395202.157
002648.SZ,2020-04-23,15.01,15.02,14.6,14.65,14.7,-0.05,-0.3401,203498.99,300944.528
002648.SZ,2020-04-24,14.66,14.82,14.07,14.13,14.65,-0.52,-3.5495,206264.65,294700.205
002648.SZ,2020-04-27,14.25,14.25,13.9,13.95,14.13,-0.18,-1.2739,121276.2,170823.155
002648.SZ,2020-04-28,14.0,14.02,12.91,13.39,13.95,-0.56,-4.0143,209844.8,280313.242
002648.SZ,2020-04-29,13.28,13.98,13.27,13.78,13.39,0.39,2.9126,167732.57,230015.554
002648.SZ,2020-04-30,13.9,14.04,13.7,13.83,13.78,0.05,0.3628,140388.23,194711.627
002648.SZ,2020-05-06,13.92,14.2,13.91,14.04,13.83,0.21,1.5184,126697.92,177737.384
002648.SZ,2020-05-07,13.98,14.15,13.83,13.94,14.04,-0.1,-0.7123,86056.29,120320.168
002648.SZ,2020-05-08,14.15,14.25,14.04,14.16,13.94,0.22,1.5782,114356.91,161914.346
002648.SZ,2020-05-11,14.17,14.37,13.88,13.99,14.16,-0.17,-1.2006,143568.72,202849.924
002648.SZ,2020-05-12,14.0,14.13,13.8,13.98,13.99,-0.01,-0.0715,75179.71,104743.765
002648.SZ,2020-05-13,13.87,13.98,13.73,13.94,13.98,-0.04,-0.2861,77073.47,106843.15
002648.SZ,2020-05-14,13.88,13.9,13.74,13.8,13.94,-0.14,-1.0043,67897.4,93773.994
002648.SZ,2020-05-15,13.9,13.92,13.71,13.8,13.8,0.0,0.0,74315.34,102843.731
002648.SZ,2020-05-18,13.69,13.89,13.33,13.42,13.62,-0.2,-1.4684,101898.51,138207.458
002648.SZ,2020-05-19,13.51,14.04,13.5,13.84,13.42,0.42,3.1297,162630.11,225451.485
002648.SZ,2020-05-20,13.77,13.95,13.59,13.63,13.84,-0.21,-1.5173,90864.04,124755.484
002648.SZ,2020-05-21,13.68,13.75,13.36,13.4,13.63,-0.23,-1.6875,83411.62,112454.769
002648.SZ,2020-05-22,13.4,13.48,13.02,13.15,13.4,-0.25,-1.8657,70001.31,92725.186
002648.SZ,2020-05-25,13.19,13.22,12.82,12.93,13.15,-0.22,-1.673,74493.0,96753.065
002648.SZ,2020-05-26,12.98,13.25,12.98,13.16,12.93,0.23,1.7788,94262.79,123989.282
002648.SZ,2020-05-27,13.2,13.29,12.95,13.01,13.16,-0.15,-1.1398,86947.0,113564.175
002648.SZ,2020-05-28,13.13,13.13,12.73,12.95,13.01,-0.06,-0.4612,58686.52,75855.497
002648.SZ,2020-05-29,12.81,13.09,12.81,12.98,12.95,0.03,0.2317,52742.14,68540.218
002648.SZ,2020-06-01,13.15,13.5,13.05,13.4,12.98,0.42,3.2357,120818.74,161339.554
002648.SZ,2020-06-02,13.48,13.97,13.41,13.84,13.4,0.44,3.2836,158331.17,218115.792
002648.SZ,2020-06-03,14.0,14.75,13.93,14.43,13.84,0.59,4.263,310770.53,450520.836
002648.SZ,2020-06-04,14.39,14.68,14.39,14.56,14.43,0.13,0.9009,195764.79,285228.163
002648.SZ,2020-06-05,14.58,14.67,14.41,14.56,14.56,0.0,0.0,100487.28,146086.874
002648.SZ,2020-06-08,14.8,15.48,14.72,15.26,14.56,0.7,4.8077,259306.92,395080.796
002648.SZ,2020-06-09,15.23,15.59,15.1,15.4,15.26,0.14,0.9174,162715.8,250492.893
002648.SZ,2020-06-10,15.5,15.68,15.36,15.59,15.4,0.19,1.2338,127005.53,197296.757
002648.SZ,2020-06-11,15.7,15.97,15.25,15.33,15.59,-0.26,-1.6677,167009.66,259670.416
002648.SZ,2020-06-12,14.8,15.56,14.49,15.2,15.33,-0.13,-0.848,229046.86,348081.424
002648.SZ,2020-06-15,15.46,15.73,15.05,15.06,15.2,-0.14,-0.9211,165016.64,253765.108
002648.SZ,2020-06-16,15.4,15.68,15.25,15.6,15.06,0.54,3.5857,117465.09,182169.184
002648.SZ,2020-06-17,15.75,15.75,15.38,15.59,15.6,-0.01,-0.0641,86943.57,135139.362
002648.SZ,2020-06-18,15.51,15.63,15.27,15.4,15.59,-0.19,-1.2187,76157.08,117461.61
002648.SZ,2020-06-19,15.43,15.55,15.24,15.43,15.4,0.03,0.1948,91434.54,140642.564
002648.SZ,2020-06-22,15.38,15.5,15.09,15.2,15.43,-0.23,-1.4906,84861.38,129928.773
002648.SZ,2020-06-23,15.19,15.35,15.04,15.2,15.2,0.0,0.0,61852.96,94014.199
002648.SZ,2020-06-24,15.22,16.1,15.13,15.92,15.2,0.72,4.7368,136426.91,214628.83
002648.SZ,2020-06-29,15.86,15.99,15.53,15.74,15.92,-0.18,-1.1307,76829.46,120797.98
002648.SZ,2020-06-30,15.67,16.47,15.67,16.27,15.74,0.53,3.3672,141652.63,230564.203
002648.SZ,2020-07-01,16.25,16.46,16.13,16.33,16.27,0.06,0.3688,116686.46,190379.008
002648.SZ,2020-07-02,16.29,16.46,16.09,16.33,16.33,0.0,0.0,103081.74,167986.993
002648.SZ,2020-07-03,16.49,16.85,16.37,16.51,16.33,0.18,1.1023,118076.39,196302.89
002648.SZ,2020-07-06,16.6,17.68,16.6,17.17,16.51,0.66,3.9976,213335.36,367528.693
002648.SZ,2020-07-07,17.31,17.35,16.81,16.9,17.17,-0.27,-1.5725,189966.59,325718.943
002648.SZ,2020-07-08,16.85,17.23,16.51,17.08,16.9,0.18,1.0651,152820.32,257428.247
002648.SZ,2020-07-09,16.96,17.37,16.95,17.3,17.08,0.22,1.2881,135714.12,233163.544
002648.SZ,2020-07-10,17.28,17.3,16.79,16.91,17.3,-0.39,-2.2543,103983.59,176943.794
002648.SZ,2020-07-13,16.98,17.77,16.98,17.71,16.91,0.8,4.7309,184389.05,321972.888
002648.SZ,2020-07-14,17.83,17.95,16.85,17.28,17.71,-0.43,-2.428,171014.09,295176.864
002648.SZ,2020-07-15,17.33,17.88,17.2,17.42,17.28,0.14,0.8102,147331.92,257970.391
002648.SZ,2020-07-16,17.62,18.78,17.0,17.01,17.42,-0.41,-2.3536,233027.84,418288.592
002648.SZ,2020-07-17,17.1,18.5,17.1,17.93,17.01,0.92,5.4086,252216.64,449782.803
002648.SZ,2020-07-20,18.2,19.72,18.2,19.23,17.93,1.3,7.2504,418099.58,813948.596
002648.SZ,2020-07-21,19.23,19.38,18.48,19.0,19.23,-0.23,-1.196,247629.62,469040.473
002648.SZ,2020-07-22,19.15,19.57,18.72,19.04,19.0,0.04,0.2105,156671.91,299641.225
002648.SZ,2020-07-23,18.89,19.15,18.22,18.58,19.04,-0.46,-2.416,161570.22,300020.292
002648.SZ,2020-07-24,18.58,18.8,17.4,17.64,18.58,-0.94,-5.0592,169965.73,307379.226
002648.SZ,2020-07-27,17.78,17.95,17.09,17.27,17.64,-0.37,-2.0975,132827.31,232702.161
002648.SZ,2020-07-28,17.65,18.04,16.56,17.1,17.27,-0.17,-0.9844,203620.67,350815.885
002648.SZ,2020-07-29,17.23,17.78,16.9,17.76,17.1,0.66,3.8596,133896.87,232897.455
002648.SZ,2020-07-30,18.16,18.64,17.79,18.35,17.76,0.59,3.3221,215596.52,393421.348
002648.SZ,2020-07-31,18.39,18.58,17.83,18.3,18.35,-0.05,-0.2725,193190.16,352963.399
002648.SZ,2020-08-03,18.51,18.87,18.35,18.57,18.3,0.27,1.4754,176309.27,328089.086
002648.SZ,2020-08-04,18.74,19.42,18.5,19.17,18.57,0.6,3.231,242817.45,461141.267
002648.SZ,2020-08-05,18.96,19.7,18.61,19.35,19.17,0.18,0.939,169411.69,325013.516
002648.SZ,2020-08-06,19.49,19.65,18.82,19.06,19.35,-0.29,-1.4987,131737.68,252035.11
002648.SZ,2020-08-07,18.95,19.18,18.4,19.05,19.06,-0.01,-0.0525,144307.6,272075.517
002648.SZ,2020-08-10,18.92,19.3,18.55,19.04,19.05,-0.01,-0.0525,115304.32,218024.408
002648.SZ,2020-08-11,19.13,19.57,18.76,18.78,19.04,-0.26,-1.3655,131962.35,253586.231
002648.SZ,2020-08-12,18.56,18.79,17.92,18.43,18.78,-0.35,-1.8637,141252.9,258529.277
002648.SZ,2020-08-13,18.52,18.84,18.3,18.49,18.43,0.06,0.3256,87738.28,162814.062
002648.SZ,2020-08-14,18.43,18.71,18.2,18.6,18.49,0.11,0.5949,64517.71,119035.333
002648.SZ,2020-08-17,18.73,19.95,18.46,19.87,18.6,1.27,6.828,235771.82,459644.306
002648.SZ,2020-08-18,19.6,20.1,19.51,20.05,19.87,0.18,0.9059,139480.25,277724.335
002648.SZ,2020-08-19,20.05,20.79,19.93,20.0,20.05,-0.05,-0.2494,163358.46,330142.074
002648.SZ,2020-08-20,19.82,20.43,19.7,19.9,20.0,-0.1,-0.5,111839.16,223577.679
002648.SZ,2020-08-21,20.07,20.15,19.43,19.66,19.9,-0.24,-1.206,84312.0,166148.002
002648.SZ,2020-08-24,19.84,19.92,19.39,19.57,19.66,-0.09,-0.4578,83051.55,163269.652
002648.SZ,2020-08-25,19.75,20.37,19.62,20.06,19.57,0.49,2.5038,109357.04,219717.095
002648.SZ,2020-08-26,19.95,20.1,19.2,19.39,20.06,-0.67,-3.34,82772.21,161822.379
002648.SZ,2020-08-27,19.39,19.54,19.26,19.45,19.39,0.06,0.3094,53008.97,102854.177
002648.SZ,2020-08-28,19.42,20.03,19.06,19.95,19.45,0.5,2.5707,85406.4,168006.722
002648.SZ,2020-08-31,20.08,20.17,19.62,19.64,19.95,-0.31,-1.5539,76439.39,151770.037
002648.SZ,2020-09-01,19.45,19.6,19.06,19.34,19.64,-0.3,-1.5275,75999.91,146641.977
002648.SZ,2020-09-02,19.33,19.64,19.05,19.49,19.34,0.15,0.7756,76077.39,147276.496
002648.SZ,2020-09-03,19.47,19.66,19.24,19.52,19.49,0.03,0.1539,78812.71,153468.148
002648.SZ,2020-09-04,19.16,19.24,18.5,19.16,19.52,-0.36,-1.8443,113696.57,215451.239
002648.SZ,2020-09-07,19.24,19.3,18.4,18.5,19.16,-0.66,-3.4447,98974.23,186757.689
002648.SZ,2020-09-08,18.5,18.62,18.06,18.32,18.5,-0.18,-0.973,63011.04,115476.063
002648.SZ,2020-09-09,18.05,18.05,17.12,17.25,18.32,-1.07,-5.8406,128971.92,226330.681
002648.SZ,2020-09-10,17.38,17.83,17.15,17.32,17.25,0.07,0.4058,85504.79,149631.947
002648.SZ,2020-09-11,17.2,17.9,17.04,17.88,17.32,0.56,3.2333,75373.19,132145.83
002648.SZ,2020-09-14,17.81,18.18,17.57,17.91,17.88,0.03,0.1678,89145.79,159060.385
002648.SZ,2020-09-15,17.94,18.88,17.8,18.84,17.91,0.93,5.1926,79191.4,146504.688
002648.SZ,2020-09-16,18.89,19.29,18.79,19.03,18.84,0.19,1.0085,81499.97,154942.16
002648.SZ,2020-09-17,19.05,19.55,18.95,19.4,19.03,0.37,1.9443,92048.51,178532.08
002648.SZ,2020-09-18,19.4,19.87,19.3,19.81,19.4,0.41,2.1134,80124.55,157832.349
002648.SZ,2020-09-21,19.91,20.87,19.86,20.59,19.81,0.78,3.9374,153658.57,314629.829
002648.SZ,2020-09-22,20.47,20.55,19.92,20.28,20.59,-0.31,-1.5056,108055.76,218504.849
002648.SZ,2020-09-23,20.4,20.46,20.08,20.35,20.28,0.07,0.3452,97202.95,197344.966
002648.SZ,2020-09-24,20.35,20.35,19.72,20.15,20.35,-0.2,-0.9828,109418.51,219029.305
002648.SZ,2020-09-25,20.15,20.66,20.05,20.26,20.15,0.11,0.5459,74327.17,150969.133
002648.SZ,2020-09-28,20.31,20.75,20.31,20.44,20.26,0.18,0.8885,76702.46,157284.432
002648.SZ,2020-09-29,20.56,20.95,20.3,20.45,20.44,0.01,0.0489,91890.53,188700.431
002648.SZ,2020-09-30,20.42,20.69,20.18,20.27,20.45,-0.18,-0.8802,67619.13,138212.58
002648.SZ,2020-10-09,20.84,20.91,20.05,20.44,20.27,0.17,0.8387,106447.59,217769.56
002648.SZ,2020-10-12,20.7,21.26,20.11,20.3,20.44,-0.14,-0.6849,190662.97,389975.793
002648.SZ,2020-10-13,20.3,20.66,20.14,20.56,20.3,0.26,1.2808,104132.93,212245.607
002648.SZ,2020-10-14,20.85,21.86,20.7,21.48,20.56,0.92,4.4747,187108.26,398423.818
002648.SZ,2020-10-15,21.61,22.24,21.61,22.13,21.48,0.65,3.0261,166705.27,366335.223
002648.SZ,2020-10-16,22.1,22.11,21.0,21.11,22.13,-1.02,-4.6091,167261.03,357448.52
002648.SZ,2020-10-19,21.25,21.48,20.6,20.9,21.11,-0.21,-0.9948,104870.77,220221.102
002648.SZ,2020-10-20,20.81,21.3,20.65,21.18,20.9,0.28,1.3397,86229.77,181508.558
002648.SZ,2020-10-21,21.2,21.38,20.66,20.8,21.18,-0.38,-1.7941,69115.5,144275.142
002648.SZ,2020-10-22,20.86,20.94,20.55,20.65,20.8,-0.15,-0.7212,62084.88,128411.28
002648.SZ,2020-10-23,20.72,21.15,20.65,20.79,20.65,0.14,0.678,57551.08,120329.138
002648.SZ,2020-10-26,20.5,21.35,20.34,21.15,20.79,0.36,1.7316,81064.66,170034.421
002648.SZ,2020-10-27,21.06,21.35,20.63,21.23,21.15,0.08,0.3783,72781.87,152611.478
002648.SZ,2020-10-28,21.3,21.83,21.16,21.68,21.23,0.45,2.1196,79362.34,171183.189
002648.SZ,2020-10-29,21.3,21.92,21.23,21.65,21.68,-0.03,-0.1384,75565.15,163217.97
002648.SZ,2020-10-30,21.66,22.65,21.5,22.15,21.65,0.5,2.3095,144207.86,320239.814
002648.SZ,2020-11-02,22.57,22.9,22.21,22.43,22.15,0.28,1.2641,121665.03,274230.332
002648.SZ,2020-11-03,22.5,22.65,21.85,22.2,22.43,-0.23,-1.0254,93038.46,206239.135
002648.SZ,2020-11-04,22.12,24.15,22.09,23.81,22.2,1.61,7.2523,191009.68,446312.102
002648.SZ,2020-11-05,23.96,24.39,23.53,24.09,23.81,0.28,1.176,169519.15,406913.023
002648.SZ,2020-11-06,24.38,25.06,24.05,24.9,24.09,0.81,3.3624,151763.74,373999.511
002648.SZ,2020-11-09,25.6,25.85,24.51,25.49,24.9,0.59,2.3695,223911.98,562905.081
002648.SZ,2020-11-10,25.55,26.63,25.2,26.3,25.49,0.81,3.1777,221366.52,579216.76
002648.SZ,2020-11-11,26.3,26.77,25.91,25.97,26.3,-0.33,-1.2548,133336.78,350429.093
002648.SZ,2020-11-12,25.85,26.36,25.85,26.33,25.97,0.36,1.3862,101589.24,266013.843
002648.SZ,2020-11-13,26.14,26.93,26.11,26.55,26.33,0.22,0.8355,99794.81,264619.258
002648.SZ,2020-11-16,26.56,28.22,26.49,28.03,26.55,1.48,5.5744,167051.48,459687.586
002648.SZ,2020-11-17,28.0,28.8,27.6,28.15,28.03,0.12,0.4281,139909.43,393554.67
002648.SZ,2020-11-18,27.78,28.3,26.18,27.18,28.15,-0.97,-3.4458,257841.69,698856.055
002648.SZ,2020-11-19,26.77,26.83,24.55,25.4,27.18,-1.78,-6.5489,339274.03,857885.274
002648.SZ,2020-11-20,25.45,26.14,25.28,26.03,25.4,0.63,2.4803,129661.66,333887.926
002648.SZ,2020-11-23,26.27,27.77,26.03,27.12,26.03,1.09,4.1875,146350.15,395085.227
002648.SZ,2020-11-24,27.15,27.53,26.6,27.48,27.12,0.36,1.3274,79870.72,217617.389
002648.SZ,2020-11-25,27.99,28.1,26.05,26.13,27.48,-1.35,-4.9127,193465.14,518062.227
002648.SZ,2020-11-26,26.37,26.39,25.36,26.03,26.13,-0.1,-0.3827,100030.77,258592.964
002648.SZ,2020-11-27,26.02,26.62,25.8,26.6,26.03,0.57,2.1898,91515.98,240347.836
002648.SZ,2020-11-30,26.33,26.9,25.67,25.87,26.6,-0.73,-2.7444,152512.38,399605.985
002648.SZ,2020-12-01,26.0,26.83,25.63,26.72,25.87,0.85,3.2857,120589.58,318946.126
002648.SZ,2020-12-02,26.88,26.95,25.52,25.84,26.72,-0.88,-3.2934,180707.89,468263.353
002648.SZ,2020-12-03,25.98,25.98,25.11,25.52,25.84,-0.32,-1.2384,138293.89,352201.524
002648.SZ,2020-12-04,25.5,25.76,25.22,25.7,25.52,0.18,0.7053,107956.55,274946.267
002648.SZ,2020-12-07,25.81,25.91,24.86,25.47,25.7,-0.23,-0.8949,125828.1,320228.046
002648.SZ,2020-12-08,25.48,25.8,25.11,25.3,25.47,-0.17,-0.6675,99815.13,254183.992
002648.SZ,2020-12-09,25.5,25.9,25.03,25.14,25.3,-0.16,-0.6324,115453.57,294103.812
002648.SZ,2020-12-10,25.26,26.66,25.2,25.86,25.14,0.72,2.864,201579.21,523021.906
002648.SZ,2020-12-11,26.28,26.54,24.85,25.33,25.86,-0.53,-2.0495,162626.93,415803.606
002648.SZ,2020-12-14,25.24,25.82,24.87,25.1,25.33,-0.23,-0.908,78088.71,196626.651
002648.SZ,2020-12-15,25.05,25.82,24.75,25.76,25.1,0.66,2.6295,77624.38,196340.761
002648.SZ,2020-12-16,25.66,26.1,25.54,25.62,25.76,-0.14,-0.5435,55022.21,141673.484
002648.SZ,2020-12-17,25.74,26.36,25.5,26.03,25.62,0.41,1.6003,81555.84,212053.75
002648.SZ,2020-12-18,26.06,26.54,25.73,26.19,26.03,0.16,0.6147,94225.73,246562.582
002648.SZ,2020-12-21,26.19,26.68,25.96,26.55,26.19,0.36,1.3746,111741.05,295461.698
002648.SZ,2020-12-22,26.38,26.38,24.63,25.67,26.55,-0.88,-3.3145,187952.21,481079.149
002648.SZ,2020-12-23,25.8,26.5,25.74,26.22,25.67,0.55,2.1426,86663.38,226778.007
002648.SZ,2020-12-24,26.04,26.39,25.65,25.65,26.22,-0.57,-2.1739,56024.7,145635.47
002648.SZ,2020-12-25,25.76,26.95,25.48,26.81,25.65,1.16,4.5224,93714.21,246253.257
002648.SZ,2020-12-28,26.84,27.83,26.38,27.38,26.81,0.57,2.1261,154862.42,421885.122
002648.SZ,2020-12-29,27.4,27.66,25.92,26.6,27.38,-0.78,-2.8488,132296.18,351342.857
002648.SZ,2020-12-30,26.3,26.63,26.12,26.25,26.6,-0.35,-1.3158,57142.53,150694.203
002648.SZ,2020-12-31,26.43,26.53,25.6,26.12,26.25,-0.13,-0.4952,77368.18,201332.813
002648.SZ,2021-01-04,26.3,26.58,25.74,26.0,26.12,-0.12,-0.4594,97249.15,253276.919
002648.SZ,2021-01-05,25.85,27.7,25.37,27.5,26.0,1.5,5.7692,137849.51,368305.75
002648.SZ,2021-01-06,27.63,29.21,27.63,28.67,27.5,1.17,4.2545,163360.2,466778.086
002648.SZ,2021-01-07,28.78,30.1,28.78,29.84,28.67,1.17,4.0809,148039.74,437529.593
002648.SZ,2021-01-08,30.51,30.7,29.2,30.1,29.84,0.26,0.8713,130975.0,391231.303
002648.SZ,2021-01-11,30.1,31.33,29.7,30.26,30.1,0.16,0.5316,154382.54,471394.129
002648.SZ,2021-01-12,30.2,31.72,29.91,31.4,30.26,1.14,3.7673,100295.11,311496.895
002648.SZ,2021-01-13,31.53,31.9,30.36,30.67,31.4,-0.73,-2.3248,116312.46,360788.137
002648.SZ,2021-01-14,30.39,30.95,29.35,29.44,30.67,-1.23,-4.0104,112146.33,336193.873
002648.SZ,2021-01-15,29.55,29.65,27.93,28.79,29.44,-0.65,-2.2079,166413.6,474321.891
002648.SZ,2021-01-18,28.73,30.28,28.37,29.95,28.79,1.16,4.0292,115963.62,344771.231
002648.SZ,2021-01-19,30.12,31.0,29.74,30.02,29.95,0.07,0.2337,95484.38,290456.58
002648.SZ,2021-01-20,30.07,31.16,30.01,30.85,30.02,0.83,2.7648,76587.55,235406.831
002648.SZ,2021-01-21,30.88,31.87,30.87,31.5,30.85,0.65,2.107,94613.35,297247.34
002648.SZ,2021-01-22,31.39,32.15,31.32,31.88,31.5,0.38,1.2063,72658.15,230788.204
002648.SZ,2021-01-25,31.9,34.11,31.9,33.88,31.88,2.0,6.2735,125328.22,415833.434
002648.SZ,2021-01-26,33.77,34.33,32.69,33.17,33.88,-0.71,-2.0956,118485.75,397975.45
002648.SZ,2021-01-27,33.51,34.17,32.67,33.73,33.17,0.56,1.6883,98473.34,329835.751
002648.SZ,2021-01-28,33.29,33.78,31.8,31.98,33.73,-1.75,-5.1883,124305.38,405901.828
002648.SZ,2021-01-29,33.95,35.18,33.8,35.18,31.98,3.2,10.0063,245130.11,855938.318
002648.SZ,2021-02-01,35.71,38.7,35.35,38.7,35.18,3.52,10.0057,233244.55,872604.573
002648.SZ,2021-02-02,39.47,42.49,39.47,41.78,38.7,3.08,7.9587,227821.02,933826.434
002648.SZ,2021-02-03,40.5,41.63,39.99,41.19,41.78,-0.59,-1.4122,206429.63,844602.859
002648.SZ,2021-02-04,41.0,43.21,40.3,40.47,41.19,-0.72,-1.748,204545.01,849213.746
002648.SZ,2021-02-05,41.29,42.68,39.66,39.68,40.47,-0.79,-1.9521,184974.04,758338.02
002648.SZ,2021-02-08,40.15,43.65,39.65,43.65,39.68,3.97,10.005,157143.34,658040.656
002648.SZ,2021-02-09,45.0,46.18,43.61,45.01,43.65,1.36,3.1157,233585.11,1044511.842
002648.SZ,2021-02-10,44.74,46.1,43.17,45.86,45.01,0.85,1.8885,171144.9,770512.662
002648.SZ,2021-02-18,48.16,48.99,46.2,48.46,45.86,2.6,5.6694,186447.52,891738.537
002648.SZ,2021-02-19,47.26,48.3,43.61,46.0,48.46,-2.46,-5.0764,254166.75,1152217.815
002648.SZ,2021-02-22,45.0,47.68,44.91,47.03,46.0,1.03,2.2391,187581.21,872881.496
002648.SZ,2021-02-23,46.99,47.47,43.9,47.35,47.03,0.32,0.6804,212254.34,970487.62
002648.SZ,2021-02-24,47.39,47.62,42.62,42.62,47.35,-4.73,-9.9894,197914.44,881583.273
002648.SZ,2021-02-25,43.5,46.0,43.37,43.86,42.62,1.24,2.9094,198449.95,882666.856
002648.SZ,2021-02-26,42.6,44.08,41.18,43.61,43.86,-0.25,-0.57,155459.78,669785.72
002648.SZ,2021-03-01,44.5,45.28,42.08,44.67,43.61,1.06,2.4306,132370.8,584709.728
002648.SZ,2021-03-02,45.15,45.22,42.6,43.71,44.67,-0.96,-2.1491,117599.84,510888.368
002648.SZ,2021-03-03,43.05,43.94,42.9,43.29,43.71,-0.42,-0.9609,92146.66,399877.633
002648.SZ,2021-03-04,42.9,43.39,40.79,41.5,43.29,-1.79,-4.1349,132239.34,551047.082
002648.SZ,2021-03-05,41.1,42.44,41.05,41.48,41.5,-0.02,-0.0482,99273.59,413007.898
002648.SZ,2021-03-08,42.19,43.15,40.79,40.79,41.48,-0.69,-1.6635,115934.23,487011.778
002648.SZ,2021-03-09,40.86,41.55,36.81,37.07,40.79,-3.72,-9.1199,252830.36,975943.432
002648.SZ,2021-03-10,38.0,38.7,37.01,37.07,37.07,0.0,0.0,130310.29,490152.157
002648.SZ,2021-03-11,37.67,37.74,36.5,37.27,37.07,0.2,0.5395,107277.19,398765.965
002648.SZ,2021-03-12,37.8,39.99,37.7,39.8,37.27,2.53,6.7883,131712.55,511843.898
002648.SZ,2021-03-15,39.95,40.15,38.38,38.97,39.8,-0.83,-2.0854,79032.54,310009.33
002648.SZ,2021-03-16,39.26,39.38,37.91,38.86,38.97,-0.11,-0.2823,58300.67,225629.133
002648.SZ,2021-03-17,38.51,39.19,37.91,38.8,38.86,-0.06,-0.1544,59477.91,229760.177
002648.SZ,2021-03-18,38.88,41.07,38.61,40.79,38.8,1.99,5.1289,112231.66,452640.79
002648.SZ,2021-03-19,39.7,40.1,37.6,37.85,40.79,-2.94,-7.2076,118715.64,458814.612
002648.SZ,2021-03-22,38.3,40.53,38.16,38.43,37.85,0.58,1.5324,88915.71,347878.459
002648.SZ,2021-03-23,38.89,39.0,35.17,35.89,38.43,-2.54,-6.6094,173041.38,630543.976
002648.SZ,2021-03-24,35.71,35.71,33.1,33.65,35.89,-2.24,-6.2413,185687.24,629589.94
002648.SZ,2021-03-25,33.8,36.59,33.13,36.25,33.65,2.6,7.7266,168803.2,600880.872
002648.SZ,2021-03-26,36.23,36.42,34.95,35.69,36.25,-0.56,-1.5448,129718.25,463069.309
002648.SZ,2021-03-29,35.88,37.44,35.67,36.92,35.69,1.23,3.4463,93718.74,344532.082
002648.SZ,2021-03-30,36.86,38.0,36.72,37.32,36.92,0.4,1.0834,91552.63,340743.567
002648.SZ,2021-03-31,37.32,37.77,36.5,37.67,37.32,0.35,0.9378,70224.68,261741.361
002648.SZ,2021-04-01,37.66,38.25,37.32,38.19,37.67,0.52,1.3804,63267.27,239034.134
002648.SZ,2021-04-02,38.3,39.09,37.21,38.15,38.19,-0.04,-0.1047,80172.89,304788.821
002648.SZ,2021-04-06,38.27,38.9,37.15,37.75,38.15,-0.4,-1.0485,79395.49,300084.202
002648.SZ,2021-04-07,37.81,38.24,36.81,37.83,37.75,0.08,0.2119,61144.27,229231.514
002648.SZ,2021-04-08,37.4,38.24,37.18,37.43,37.83,-0.4,-1.0574,62091.7,233508.433
002648.SZ,2021-04-09,37.48,37.98,36.9,37.65,37.43,0.22,0.5878,74793.2,280379.942
002648.SZ,2021-04-12,37.85,38.46,35.45,36.1,37.65,-1.55,-4.1169,110794.56,405498.058
002648.SZ,2021-04-13,35.53,36.59,35.16,36.2,36.1,0.1,0.277,96174.75,346178.455
002648.SZ,2021-04-14,36.66,37.89,36.35,37.45,36.2,1.25,3.453,96958.91,360863.396
002648.SZ,2021-04-15,37.67,37.99,35.64,36.5,37.45,-0.95,-2.5367,104104.26,378690.675
002648.SZ,2021-04-16,36.57,37.2,36.01,37.09,36.5,0.59,1.6164,66530.84,244525.764
002648.SZ,2021-04-19,37.19,37.74,36.41,36.98,37.09,-0.11,-0.2966,66791.58,248214.819
002648.SZ,2021-04-20,36.68,37.26,36.26,36.79,36.98,-0.19,-0.5138,78994.39,290678.23
002648.SZ,2021-04-21,36.79,37.07,35.82,36.89,36.79,0.1,0.2718,61211.64,223596.372
002648.SZ,2021-04-22,37.23,37.65,36.5,37.4,36.89,0.51,1.3825,75404.09,280190.182
002648.SZ,2021-04-23,37.5,38.18,37.11,38.04,37.4,0.64,1.7112,78820.04,297722.636
002648.SZ,2021-04-26,38.04,41.84,37.96,39.87,38.04,1.83,4.8107,212565.81,861446.646
002648.SZ,2021-04-27,39.79,39.87,38.67,38.99,39.87,-0.88,-2.2072,95157.77,371900.796
002648.SZ,2021-04-28,39.16,40.66,38.31,40.44,38.99,1.45,3.7189,102214.52,405535.964
002648.SZ,2021-04-29,40.8,41.3,39.81,40.55,40.44,0.11,0.272,78170.32,315620.896
002648.SZ,2021-04-30,40.57,40.91,39.64,40.86,40.55,0.31,0.7645,94101.38,380062.368
002648.SZ,2021-05-06,41.35,42.3,40.46,41.41,40.86,0.55,1.3461,120793.76,500816.423
002648.SZ,2021-05-07,41.41,42.19,40.6,41.41,41.41,0.0,0.0,101543.47,422252.984
002648.SZ,2021-05-10,41.36,42.86,41.0,41.93,41.41,0.52,1.2557,117075.96,492426.674
002648.SZ,2021-05-11,41.38,41.5,38.51,39.78,41.93,-2.15,-5.1276,112112.36,444548.447
002648.SZ,2021-05-12,39.76,40.45,39.25,40.05,39.78,0.27,0.6787,64128.98,256188.385
002648.SZ,2021-05-13,39.85,40.33,39.3,39.66,40.05,-0.39,-0.9738,69384.61,275745.425
002648.SZ,2021-05-14,40.15,40.29,39.25,39.6,39.66,-0.06,-0.1513,69881.93,276082.095
002648.SZ,2021-05-17,39.43,40.5,39.38,39.99,39.6,0.39,0.9848,125202.69,498726.849
002648.SZ,2021-05-18,39.99,41.9,39.91,40.89,39.99,0.9,2.2506,104865.69,429783.307
002648.SZ,2021-05-19,40.78,41.3,39.73,39.78,40.89,-1.11,-2.7146,77000.45,311511.259
002648.SZ,2021-05-20,40.35,40.78,38.0,40.44,39.78,0.66,1.6591,154315.38,609339.63
002648.SZ,2021-05-21,41.03,42.19,40.27,40.61,40.44,0.17,0.4204,80818.38,330793.181
002648.SZ,2021-05-24,40.71,40.88,39.55,40.11,40.61,-0.5,-1.2312,96939.71,387190.941
002648.SZ,2021-05-25,40.3,44.0,40.12,43.86,40.11,3.75,9.3493,182373.51,773871.673
002648.SZ,2021-05-26,43.64,44.35,43.4,43.81,43.86,-0.05,-0.114,90307.87,395610.175
002648.SZ,2021-05-27,43.81,44.55,43.47,44.55,43.81,0.74,1.6891,123259.12,543214.892
002648.SZ,2021-05-28,44.56,44.59,43.29,43.91,44.55,-0.64,-1.4366,91534.62,401078.745
002648.SZ,2021-05-31,43.86,44.34,42.86,44.01,43.91,0.1,0.2277,60146.67,263229.012
002648.SZ,2021-06-01,44.55,46.13,43.81,45.95,44.01,1.94,4.4081,129822.76,584972.877
002648.SZ,2021-06-02,46.0,46.7,45.41,46.11,45.95,0.16,0.3482,92414.98,424632.887
002648.SZ,2021-06-03,32.85,34.58,32.85,33.68,32.81,0.87,2.6516,161581.07,547061.518
002648.SZ,2021-06-04,33.33,33.69,32.72,33.38,33.68,-0.3,-0.8907,127474.75,423709.128
002648.SZ,2021-06-07,33.21,36.05,33.21,35.68,33.38,2.3,6.8904,221708.4,783182.35
002648.SZ,2021-06-08,35.96,36.36,34.18,35.2,35.68,-0.48,-1.3453,194473.76,681252.213
002648.SZ,2021-06-09,35.59,35.75,34.63,35.18,35.2,-0.02,-0.0568,111955.62,392442.747
002648.SZ,2021-06-10,35.2,35.95,35.08,35.47,35.18,0.29,0.8243,110779.82,392518.602
002648.SZ,2021-06-11,35.41,36.19,35.21,35.39,35.47,-0.08,-0.2255,135656.51,483510.679
002648.SZ,2021-06-15,35.29,35.8,34.8,35.57,35.39,0.18,0.5086,140259.19,496678.079
002648.SZ,2021-06-16,35.69,35.75,33.79,33.87,35.57,-1.7,-4.7793,199322.71,687590.867
002648.SZ,2021-06-17,33.97,35.69,33.77,35.4,33.87,1.53,4.5173,155944.23,546265.737
002648.SZ,2021-06-18,35.19,35.4,34.62,35.21,35.4,-0.19,-0.5367,163547.31,572031.081
002648.SZ,2021-06-21,34.9,35.46,34.12,35.15,35.21,-0.06,-0.1704,129044.19,451667.067
002648.SZ,2021-06-22,35.5,35.87,35.0,35.38,35.15,0.23,0.6543,99900.42,353678.139
002648.SZ,2021-06-23,35.88,35.88,34.9,35.4,35.38,0.02,0.0565,80038.34,281983.229
002648.SZ,2021-06-24,35.49,35.58,35.0,35.45,35.4,0.05,0.1412,80916.62,286270.617
002648.SZ,2021-06-25,35.58,38.2,35.45,37.79,35.45,2.34,6.6008,220097.91,821050.064
002648.SZ,2021-06-28,37.96,38.6,36.72,37.44,37.79,-0.35,-0.9262,164376.96,615072.458
002648.SZ,2021-06-29,37.42,39.09,37.13,37.96,37.44,0.52,1.3889,167459.03,640871.375
002648.SZ,2021-06-30,38.06,39.32,37.85,39.19,37.96,1.23,3.2403,127656.24,494181.097
002648.SZ,2021-07-01,41.0,41.8,37.0,37.6,39.19,-1.59,-4.0572,291711.17,1131520.096
002648.SZ,2021-07-02,37.91,38.57,36.53,38.4,37.6,0.8,2.1277,209729.11,787706.386
002648.SZ,2021-07-05,38.18,38.29,36.2,37.06,38.4,-1.34,-3.4896,198789.65,734791.45
002648.SZ,2021-07-06,37.17,38.06,35.99,36.47,37.06,-0.59,-1.592,167998.07,617741.736
002648.SZ,2021-07-07,36.01,37.22,35.6,36.58,36.47,0.11,0.3016,181207.24,662604.122
002648.SZ,2021-07-08,36.58,37.13,35.54,36.15,36.58,-0.43,-1.1755,135938.85,492502.914
002648.SZ,2021-07-09,35.97,36.74,33.8,36.71,36.15,0.56,1.5491,233001.67,823157.578
002648.SZ,2021-07-12,36.91,38.8,36.71,38.58,36.71,1.87,5.094,183700.92,700057.563
002648.SZ,2021-07-13,38.41,39.49,38.15,38.88,38.58,0.3,0.7776,112450.44,436719.46
002648.SZ,2021-07-14,39.0,39.49,38.5,38.7,38.88,-0.18,-0.463,102422.53,399195.811
002648.SZ,2021-07-15,38.7,39.95,38.65,38.95,38.7,0.25,0.646,114851.2,449196.759
002648.SZ,2021-07-16,39.1,39.48,38.3,38.45,38.95,-0.5,-1.2837,87034.35,337786.581
002648.SZ,2021-07-19,38.6,39.23,38.08,38.22,38.45,-0.23,-0.5982,103266.02,397750.179
002648.SZ,2021-07-20,37.8,38.0,36.36,37.07,38.22,-1.15,-3.0089,153276.91,568238.669
002648.SZ,2021-07-21,37.45,38.5,37.3,38.24,37.07,1.17,3.1562,140326.27,532750.131
002648.SZ,2021-07-22,38.23,39.55,38.08,39.39,38.24,1.15,3.0073,216449.3,846147.691
002648.SZ,2021-07-23,39.26,40.11,37.92,38.1,39.39,-1.29,-3.2749,147729.97,575765.778
002648.SZ,2021-07-26,37.81,38.49,36.89,38.01,38.1,-0.09,-0.2362,158331.36,598346.053
002648.SZ,2021-07-27,38.54,40.58,38.54,38.65,38.01,0.64,1.6838,317607.45,1263677.394
002648.SZ,2021-07-28,39.01,40.19,35.86,36.08,38.65,-2.57,-6.6494,444611.27,1677903.933
002648.SZ,2021-07-29,37.11,38.8,37.11,38.5,36.08,2.42,6.7073,228206.32,865587.419
002648.SZ,2021-07-30,38.5,38.76,36.1,36.37,38.5,-2.13,-5.5325,254023.98,935530.635
002648.SZ,2021-08-02,36.4,39.33,35.93,39.33,36.37,2.96,8.1386,327928.5,1248239.392
002648.SZ,2021-08-03,39.33,40.55,38.33,39.95,39.33,0.62,1.5764,228639.22,908876.075
002648.SZ,2021-08-04,40.7,41.63,39.0,41.38,39.95,1.43,3.5795,296883.92,1201273.764
002648.SZ,2021-08-05,41.19,44.14,40.81,42.17,41.38,0.79,1.9091,325585.66,1393169.975
002648.SZ,2021-08-06,41.85,42.35,41.22,41.54,42.17,-0.63,-1.494,178893.9,746115.579
002648.SZ,2021-08-09,41.46,43.67,40.35,42.83,41.54,1.29,3.1054,249213.01,1053801.431
002648.SZ,2021-08-10,42.58,43.14,42.06,42.68,42.83,-0.15,-0.3502,169788.71,722561.639
002648.SZ,2021-08-11,43.12,45.35,42.86,44.63,42.68,1.95,4.5689,223336.8,988246.197
002648.SZ,2021-08-12,44.7,44.7,43.56,43.67,44.63,-0.96,-2.151,170933.42,752294.607
002648.SZ,2021-08-13,43.9,46.05,43.3,45.96,43.67,2.29,5.2439,217841.71,985879.34
002648.SZ,2021-08-16,45.5,48.26,45.31,45.77,45.96,-0.19,-0.4134,220550.39,1029209.805
002648.SZ,2021-08-17,45.93,47.48,43.44,43.77,45.77,-2.0,-4.3697,304990.9,1372619.312
002648.SZ,2021-08-18,44.3,44.48,42.1,42.42,43.77,-1.35,-3.0843,192902.07,825814.841
002648.SZ,2021-08-19,42.94,42.94,41.02,41.86,42.42,-0.56,-1.3201,178892.45,748479.744
002648.SZ,2021-08-20,41.6,42.75,40.41,41.3,41.86,-0.56,-1.3378,202767.74,838528.124
002648.SZ,2021-08-23,41.5,42.8,41.33,41.78,41.3,0.48,1.1622,164425.9,691314.028
002648.SZ,2021-08-24,42.2,42.41,41.48,41.75,41.78,-0.03,-0.0718,136447.4,570217.359
002648.SZ,2021-08-25,41.78,42.45,40.81,42.4,41.75,0.65,1.5569,150734.81,629355.715
002648.SZ,2021-08-26,42.52,42.6,40.2,41.25,42.4,-1.15,-2.7123,220367.52,904240.569
002648.SZ,2021-08-27,41.18,41.58,40.44,41.46,41.25,0.21,0.5091,140183.51,576926.095
002648.SZ,2021-08-30,41.52,44.38,41.52,42.68,41.46,1.22,2.9426,243284.88,1046762.421
002648.SZ,2021-08-31,42.88,43.24,40.93,41.91,42.68,-0.77,-1.8041,192608.52,805668.706
002648.SZ,2021-09-01,41.9,42.65,40.11,40.26,41.91,-1.65,-3.937,214037.4,878205.994
002648.SZ,2021-09-02,40.46,41.98,39.31,41.87,40.26,1.61,3.999,212826.67,868722.503
002648.SZ,2021-09-03,41.57,41.9,39.02,39.6,41.87,-2.27,-5.4215,236520.4,947748.119
002648.SZ,2021-09-06,39.22,40.0,38.38,39.78,39.6,0.18,0.4545,189840.46,744386.32
002648.SZ,2021-09-07,39.84,40.1,39.28,39.92,39.78,0.14,0.3519,152785.14,608295.61
002648.SZ,2021-09-08,39.98,40.96,39.7,40.12,39.92,0.2,0.501,113721.24,458391.263
002648.SZ,2021-09-09,40.16,41.52,40.07,41.38,40.12,1.26,3.1406,183614.85,752438.783
002648.SZ,2021-09-10,41.5,43.64,41.06,43.0,41.38,1.62,3.9149,247353.27,1058068.952
002648.SZ,2021-09-13,43.7,44.95,42.28,44.82,43.0,1.82,4.2326,304124.12,1341503.566
002648.SZ,2021-09-14,44.82,48.11,43.88,45.92,44.82,1.1,2.4543,401590.87,1858666.566
002648.SZ,2021-09-15,45.7,46.61,44.87,45.34,45.92,-0.58,-1.2631,215493.02,981490.637
002648.SZ,2021-09-16,45.89,48.68,45.88,46.72,45.34,1.38,3.0437,291430.91,1381783.839
002648.SZ,2021-09-17,45.18,46.3,43.29,44.48,46.72,-2.24,-4.7945,315323.29,1409795.117
002648.SZ,2021-09-22,44.42,46.18,44.2,45.53,44.48,1.05,2.3606,177865.44,804414.976
002648.SZ,2021-09-23,46.75,47.5,43.2,43.73,45.53,-1.8,-3.9534,239810.6,1072635.563
002648.SZ,2021-09-24,43.75,43.85,42.13,42.5,43.73,-1.23,-2.8127,179633.08,769921.617
002648.SZ,2021-09-27,42.7,43.09,40.5,40.8,42.5,-1.7,-4.0,204762.71,845835.307
002648.SZ,2021-09-28,40.8,41.28,39.66,40.13,40.8,-0.67,-1.6422,179260.03,723383.982
002648.SZ,2021-09-29,39.88,39.88,36.6,36.7,40.13,-3.43,-8.5472,297353.01,1119511.689
002648.SZ,2021-09-30,38.25,39.5,37.88,39.03,36.7,2.33,6.3488,214246.56,828772.098
002648.SZ,2021-10-08,40.3,40.5,37.8,38.29,39.03,-0.74,-1.896,177728.88,689081.089
002648.SZ,2021-10-11,38.57,40.49,38.44,40.11,38.29,1.82,4.7532,185006.66,735664.766
002648.SZ,2021-10-12,40.8,40.86,38.45,39.39,40.11,-0.72,-1.7951,203913.35,805182.338
002648.SZ,2021-10-13,39.77,39.77,36.8,38.21,39.39,-1.18,-2.9957,225238.77,854506.944
002648.SZ,2021-10-14,38.53,38.83,37.33,38.67,38.21,0.46,1.2039,105181.41,402499.381
002648.SZ,2021-10-15,38.63,39.48,38.15,39.28,38.67,0.61,1.5775,141509.88,550050.346
002648.SZ,2021-10-18,39.1,39.85,38.62,39.38,39.28,0.1,0.2546,93586.17,366606.01
002648.SZ,2021-10-19,39.38,40.58,38.96,40.38,39.38,1.0,2.5394,108538.62,433400.717
002648.SZ,2021-10-20,40.09,40.95,39.21,40.51,40.38,0.13,0.3219,99674.48,402294.563
002648.SZ,2021-10-21,40.8,41.8,40.45,41.55,40.51,1.04,2.5673,125544.95,518420.641
002648.SZ,2021-10-22,41.38,42.55,41.2,41.6,41.55,0.05,0.1203,124031.14,518513.654
002648.SZ,2021-10-25,41.44,43.49,41.21,42.5,41.6,0.9,2.1635,242859.8,1038871.747
002648.SZ,2021-10-26,42.82,43.99,41.83,42.31,42.5,-0.19,-0.4471,197721.56,844853.407
002648.SZ,2021-10-27,42.31,43.14,41.41,41.73,42.31,-0.58,-1.3708,188120.57,790254.352
002648.SZ,2021-10-28,41.55,41.77,39.11,39.38,41.73,-2.35,-5.6314,177029.14,709844.48
002648.SZ,2021-10-29,39.49,39.88,38.35,38.95,39.38,-0.43,-1.0919,140898.28,547649.964
002648.SZ,2021-11-01,39.03,39.83,38.02,39.47,38.95,0.52,1.335,143423.04,559721.729
002648.SZ,2021-11-02,39.48,39.69,37.35,37.82,39.47,-1.65,-4.1804,191516.33,730580.919
002648.SZ,2021-11-03,37.99,38.18,37.23,38.03,37.82,0.21,0.5553,100114.78,378473.342
002648.SZ,2021-11-04,38.01,38.16,35.73,35.99,38.03,-2.04,-5.3642,266699.32,972394.607
002648.SZ,2021-11-05,35.82,36.2,34.79,34.91,35.99,-1.08,-3.0008,182861.18,643580.152
002648.SZ,2021-11-08,35.12,37.22,35.08,36.71,34.91,1.8,5.1561,177025.51,645469.923
002648.SZ,2021-11-09,37.19,40.38,36.37,40.38,36.71,3.67,9.9973,322946.42,1267473.3
002648.SZ,2021-11-10,40.38,41.22,39.18,39.59,40.38,-0.79,-1.9564,240536.99,958534.54
002648.SZ,2021-11-11,39.6,39.79,38.35,39.09,39.59,-0.5,-1.2629,138848.69,539522.388
002648.SZ,2021-11-12,38.98,39.29,38.62,39.03,39.09,-0.06,-0.1535,89740.26,350404.267
002648.SZ,2021-11-15,39.0,39.0,38.2,38.42,39.03,-0.61,-1.5629,102766.58,395166.639
002648.SZ,2021-11-16,38.59,38.96,38.18,38.4,38.42,-0.02,-0.0521,104426.54,402547.214
002648.SZ,2021-11-17,38.23,38.47,37.52,37.9,38.4,-0.5,-1.3021,118881.08,451231.798
002648.SZ,2021-11-18,38.18,39.67,37.67,39.0,37.9,1.1,2.9024,139961.67,544333.812
002648.SZ,2021-11-19,39.0,39.0,38.33,38.87,39.0,-0.13,-0.3333,80143.83,309909.321
002648.SZ,2021-11-22,38.7,39.39,38.31,38.77,38.87,-0.1,-0.2573,168007.51,650360.002
002648.SZ,2021-11-23,38.58,40.09,38.58,39.17,38.77,0.4,1.0317,119600.85,470461.409
002648.SZ,2021-11-24,39.8,40.24,38.79,39.43,39.17,0.26,0.6638,128795.65,509016.593
002648.SZ,2021-11-25,39.2,40.43,39.08,39.15,39.43,-0.28,-0.7101,136981.96,543206.13
002648.SZ,2021-11-26,38.98,40.3,38.94,39.69,39.15,0.54,1.3793,145779.34,579848.107
002648.SZ,2021-11-29,39.0,39.13,38.11,38.55,39.69,-1.14,-2.8723,171819.14,661354.067
002648.SZ,2021-11-30,38.52,39.59,38.52,39.5,38.55,0.95,2.4643,153126.62,601622.959
002648.SZ,2021-12-01,39.25,39.6,38.55,39.09,39.5,-0.41,-1.038,139849.15,544314.708
002648.SZ,2021-12-02,39.09,40.27,38.93,39.79,39.09,0.7,1.7907,157629.71,624357.734
002648.SZ,2021-12-03,39.95,40.01,38.81,38.99,39.79,-0.8,-2.0106,132592.28,518134.049
002648.SZ,2021-12-06,38.99,39.74,38.62,38.8,38.99,-0.19,-0.4873,100870.65,395411.201
002648.SZ,2021-12-07,38.94,39.4,37.6,37.79,38.8,-1.01,-2.6031,127739.67,487259.108
002648.SZ,2021-12-08,37.9,38.01,37.21,37.73,37.79,-0.06,-0.1588,117781.54,442881.054
002648.SZ,2021-12-09,37.52,37.97,37.25,37.7,37.73,-0.03,-0.0795,110611.67,415334.453
002648.SZ,2021-12-10,37.97,40.2,37.65,40.19,37.7,2.49,6.6048,348036.63,1375063.01
002648.SZ,2021-12-13,41.21,43.99,40.8,40.99,40.19,0.8,1.9905,399765.43,1682441.458
002648.SZ,2021-12-14,41.2,41.5,38.41,38.5,40.99,-2.49,-6.0747,332512.34,1300060.153
002648.SZ,2021-12-15,38.48,38.71,37.9,38.52,38.5,0.02,0.0519,154661.8,592601.692
002648.SZ,2021-12-16,38.4,38.83,38.13,38.76,38.52,0.24,0.6231,93557.47,360514.503
002648.SZ,2021-12-17,38.71,38.89,38.01,38.01,38.76,-0.75,-1.935,76762.55,294209.844
002648.SZ,2021-12-20,37.91,38.16,36.51,36.94,38.01,-1.07,-2.815,109349.88,408020.379
002648.SZ,2021-12-21,37.26,37.49,36.78,37.18,36.94,0.24,0.6497,60296.74,223841.435
002648.SZ,2021-12-22,37.2,39.64,37.2,39.36,37.18,2.18,5.8634,195001.46,758039.715
002648.SZ,2021-12-23,39.42,39.51,38.55,39.1,39.36,-0.26,-0.6606,101832.98,398070.058
002648.SZ,2021-12-24,38.72,39.48,38.57,39.18,39.1,0.08,0.2046,66359.56,259443.459
002648.SZ,2021-12-27,39.0,39.9,38.81,39.4,39.18,0.22,0.5615,88741.76,350334.318
002648.SZ,2021-12-28,39.4,39.4,38.5,39.03,39.4,-0.37,-0.9391,82571.29,320771.079
002648.SZ,2021-12-29,38.89,39.9,38.73,39.6,39.03,0.57,1.4604,149987.22,593948.409
002648.SZ,2021-12-30,40.32,42.28,40.2,41.7,39.6,2.1,5.303,294991.15,1222916.945
002648.SZ,2021-12-31,42.0,42.0,39.9,40.03,41.7,-1.67,-4.0048,200606.0,809874.685
002648.SZ,2022-01-04,40.13,41.64,39.38,39.62,40.03,-0.41,-1.0242,152926.28,612277.563
002648.SZ,2022-01-05,39.58,42.58,39.32,41.65,39.62,2.03,5.1237,250868.34,1039269.552
002648.SZ,2022-01-06,41.38,43.1,40.65,42.38,41.65,0.73,1.7527,189286.96,800422.984
002648.SZ,2022-01-07,42.37,43.18,42.13,42.68,42.38,0.3,0.7079,103619.38,442216.501
002648.SZ,2022-01-10,43.0,44.3,42.17,43.6,42.68,0.92,2.1556,169153.06,733231.671
002648.SZ,2022-01-11,43.84,44.68,43.27,43.92,43.6,0.32,0.7339,149082.07,657538.698
002648.SZ,2022-01-12,43.71,45.58,43.52,45.0,43.92,1.08,2.459,121173.75,544527.651
002648.SZ,2022-01-13,45.0,45.16,44.01,44.08,45.0,-0.92,-2.0444,89048.42,395144.702
002648.SZ,2022-01-14,43.92,44.15,41.78,42.26,44.08,-1.82,-4.1289,199985.86,848835.698
002648.SZ,2022-01-17,42.69,42.69,41.0,42.0,42.26,-0.26,-0.6152,150484.69,626257.647
002648.SZ,2022-01-18,41.88,43.19,41.7,43.05,42.0,1.05,2.5,88426.26,375546.611
002648.SZ,2022-01-19,42.88,43.6,42.27,42.79,43.05,-0.26,-0.6039,95110.54,407800.779
002648.SZ,2022-01-20,42.93,44.68,42.61,43.82,42.79,1.03,2.4071,119446.38,525947.998
002648.SZ,2022-01-21,43.82,43.83,42.77,43.23,43.82,-0.59,-1.3464,70235.67,303866.513
002648.SZ,2022-01-24,43.12,44.6,42.85,44.0,43.23,0.77,1.7812,85531.8,377039.502
002648.SZ,2022-01-25,44.15,44.98,43.4,43.56,44.0,-0.44,-1.0,102618.14,455012.44
002648.SZ,2022-01-26,43.61,44.59,42.85,43.5,43.56,-0.06,-0.1377,98148.04,427047.723
002648.SZ,2022-01-27,43.65,44.18,42.44,42.51,43.5,-0.99,-2.2759,89497.23,386145.243
002648.SZ,2022-01-28,42.8,43.0,41.5,42.0,42.51,-0.51,-1.1997,91844.83,386963.955
002648.SZ,2022-02-07,42.66,43.5,41.7,42.88,42.0,0.88,2.0952,101893.69,432562.049
002648.SZ,2022-02-08,43.22,44.51,42.02,44.38,42.88,1.5,3.4981,125955.12,546002.033
002648.SZ,2022-02-09,44.17,44.85,43.64,44.07,44.38,-0.31,-0.6985,89346.19,394168.757
002648.SZ,2022-02-10,43.8,46.17,43.73,45.6,44.07,1.53,3.4717,163350.65,740172.769
002648.SZ,2022-02-11,45.6,46.84,45.0,46.2,45.6,0.6,1.3158,142892.21,657901.818
002648.SZ,2022-02-14,46.22,47.39,45.06,46.26,46.2,0.06,0.1299,156904.95,728431.26
002648.SZ,2022-02-15,46.3,46.78,45.43,45.97,46.26,-0.29,-0.6269,91680.06,421190.265
002648.SZ,2022-02-16,46.6,46.6,44.66,45.1,45.97,-0.87,-1.8925,81871.3,370780.089
002648.SZ,2022-02-17,45.3,46.45,44.83,46.3,45.1,1.2,2.6608,90163.88,412980.934
002648.SZ,2022-02-18,46.28,46.48,45.73,46.35,46.3,0.05,0.108,56648.5,261398.972
002648.SZ,2022-02-21,46.35,46.36,44.65,44.95,46.35,-1.4,-3.0205,84684.83,382804.394
002648.SZ,2022-02-22,44.51,45.0,43.6,44.58,44.95,-0.37,-0.8231,70539.2,312370.394
002648.SZ,2022-02-23,44.98,45.79,44.19,45.53,44.58,0.95,2.131,82271.64,370263.139
002648.SZ,2022-02-24,45.38,45.47,43.2,44.0,45.53,-1.53,-3.3604,83185.81,368504.137
002648.SZ,2022-02-25,44.3,45.34,44.3,45.3,44.0,1.3,2.9545,84760.33,381615.596
002648.SZ,2022-02-28,45.26,45.44,44.1,45.08,45.3,-0.22,-0.4857,86154.59,386298.002
002648.SZ,2022-03-01,44.91,44.91,41.5,43.17,45.08,-1.91,-4.2369,255994.98,1097022.929
002648.SZ,2022-03-02,43.14,43.81,42.8,43.28,43.17,0.11,0.2548,114367.85,495843.736
002648.SZ,2022-03-03,42.86,43.58,40.61,40.8,43.28,-2.48,-5.7301,238091.36,984293.509
002648.SZ,2022-03-04,41.0,42.7,40.62,42.67,40.8,1.87,4.5833,163183.92,688848.437
002648.SZ,2022-03-07,42.45,42.78,41.31,41.71,42.67,-0.96,-2.2498,107096.24,450247.129
002648.SZ,2022-03-08,42.66,42.79,41.55,41.81,41.71,0.1,0.2398,132247.01,557751.956
002648.SZ,2022-03-09,41.83,44.2,41.29,42.9,41.81,1.09,2.607,173158.75,740785.856
002648.SZ,2022-03-10,43.58,43.93,42.23,42.5,42.9,-0.4,-0.9324,97425.19,415794.311
002648.SZ,2022-03-11,42.0,42.78,40.6,42.72,42.5,0.22,0.5176,83372.99,351022.223
002648.SZ,2022-03-14,42.12,42.62,41.5,41.88,42.72,-0.84,-1.9663,63259.7,266082.79
002648.SZ,2022-03-15,41.88,41.88,39.78,40.17,41.88,-1.71,-4.0831,127972.45,519194.762
002648.SZ,2022-03-16,40.97,41.28,38.4,40.14,40.17,-0.03,-0.0747,138917.98,553144.161
002648.SZ,2022-03-17,40.39,41.44,40.04,40.76,40.14,0.62,1.5446,102121.81,414835.368
002648.SZ,2022-03-18,40.41,41.72,40.24,41.53,40.76,0.77,1.8891,79738.44,328181.604
002648.SZ,2022-03-21,41.68,43.22,41.2,42.63,41.53,1.1,2.6487,83538.14,354305.895
002648.SZ,2022-03-22,43.2,43.38,42.12,43.08,42.63,0.45,1.0556,87048.79,374140.01
002648.SZ,2022-03-23,43.52,43.89,42.66,43.0,43.08,-0.08,-0.1857,61074.19,263283.06
002648.SZ,2022-03-24,42.99,43.76,42.7,43.28,43.0,0.28,0.6512,75397.32,326446.894
002648.SZ,2022-03-25,43.17,43.47,41.6,41.79,43.28,-1.49,-3.4427,75561.93,320838.405
002648.SZ,2022-03-28,41.51,41.51,39.6,40.0,41.79,-1.79,-4.2833,124561.34,499891.419
002648.SZ,2022-03-29,39.99,40.6,39.68,39.94,40.0,-0.06,-0.15,59483.57,238335.474
002648.SZ,2022-03-30,39.98,40.55,39.91,40.25,39.94,0.31,0.7762,56966.77,229199.335
002648.SZ,2022-03-31,39.98,40.34,39.25,39.4,40.25,-0.85,-2.1118,71484.07,284082.628
002648.SZ,2022-04-01,39.4,40.75,38.8,40.4,39.4,1.0,2.5381,79978.27,321842.988
002648.SZ,2022-04-06,40.34,40.99,39.53,39.67,40.4,-0.73,-1.8069,57855.16,230696.63
002648.SZ,2022-04-07,39.5,39.79,38.6,38.6,39.67,-1.07,-2.6973,71186.67,278448.808
002648.SZ,2022-04-08,38.63,40.6,38.3,40.39,38.6,1.79,4.6373,101295.88,403681.381
002648.SZ,2022-04-11,40.65,42.08,40.19,41.25,40.39,0.86,2.1292,149460.54,618411.151
002648.SZ,2022-04-12,41.1,41.4,40.1,40.32,41.25,-0.93,-2.2545,84872.56,345202.522
002648.SZ,2022-04-13,40.31,41.77,39.83,40.8,40.32,0.48,1.1905,82561.72,338962.873
002648.SZ,2022-04-14,40.96,41.04,40.25,40.81,40.8,0.01,0.0245,37480.9,152232.522
002648.SZ,2022-04-15,40.4,40.44,39.5,39.86,40.81,-0.95,-2.3279,33058.38,132049.208
002648.SZ,2022-04-18,39.94,40.8,39.39,39.94,39.86,0.08,0.2007,30147.06,120740.633
002648.SZ,2022-04-19,39.51,40.3,39.51,40.17,39.94,0.23,0.5759,42007.6,168287.74
002648.SZ,2022-04-20,40.01,40.26,39.22,39.37,40.17,-0.8,-1.9915,43435.27,172347.191
002648.SZ,2022-04-21,39.01,39.17,36.51,36.95,39.37,-2.42,-6.1468,92827.96,350187.391
002648.SZ,2022-04-22,36.0,37.31,35.75,36.0,36.95,-0.95,-2.571,125299.63,453646.956
002648.SZ,2022-04-25,35.3,35.62,33.62,33.64,36.0,-2.36,-6.5556,101226.02,351302.059
002648.SZ,2022-04-26,33.49,34.5,32.75,32.97,33.64,-0.67,-1.9917,103854.34,348464.876
002648.SZ,2022-04-27,32.97,34.68,32.1,34.35,32.97,1.38,4.1856,124219.86,414596.399
002648.SZ,2022-04-28,34.44,34.96,33.68,34.36,34.35,0.01,0.0291,89978.23,308227.334
002648.SZ,2022-04-29,34.8,36.22,34.11,36.04,34.36,1.68,4.8894,84808.67,299590.161
002648.SZ,2022-05-05,36.01,37.2,35.55,36.37,36.04,0.33,0.9156,103932.86,377679.996
002648.SZ,2022-05-06,35.5,36.33,35.22,35.4,36.37,-0.97,-2.667,73162.97,260445.382
002648.SZ,2022-05-09,35.31,35.39,33.8,34.14,35.4,-1.26,-3.5593,90698.85,311607.9
002648.SZ,2022-05-10,33.65,33.94,33.1,33.25,34.14,-0.89,-2.6069,123829.22,413617.838
002648.SZ,2022-05-11,33.33,35.38,33.33,34.93,33.25,1.68,5.0526,111159.23,385501.148
002648.SZ,2022-05-12,35.02,35.49,34.4,34.99,34.93,0.06,0.1718,53146.49,186277.002
002648.SZ,2022-05-13,35.02,35.95,35.0,35.81,34.99,0.82,2.3435,69972.3,248919.312
002648.SZ,2022-05-16,35.9,36.86,35.81,36.0,35.81,0.19,0.5306,59101.91,213886.529
002648.SZ,2022-05-17,35.92,36.85,35.61,36.66,36.0,0.66,1.8333,60497.97,220764.695
002648.SZ,2022-05-18,36.68,37.86,36.53,37.4,36.66,0.74,2.0185,77018.03,287431.506
002648.SZ,2022-05-19,36.5,37.3,36.43,37.14,37.4,-0.26,-0.6952,88379.09,326601.728
002648.SZ,2022-05-20,36.95,37.67,36.91,37.57,37.14,0.43,1.1578,61194.8,229070.904
002648.SZ,2022-05-23,37.75,38.05,37.35,37.75,37.57,0.18,0.4791,48135.07,181327.089
002648.SZ,2022-05-24,37.55,37.97,36.58,36.65,37.75,-1.1,-2.9139,60520.46,225001.502
002648.SZ,2022-05-25,36.46,36.89,36.22,36.57,36.65,-0.08,-0.2183,48181.27,175727.397
002648.SZ,2022-05-26,36.68,37.88,36.21,37.49,36.57,0.92,2.5157,59703.09,221820.595
002648.SZ,2022-05-27,38.04,38.44,37.64,38.09,37.49,0.6,1.6004,62162.79,237061.88
002648.SZ,2022-05-30,38.51,38.98,38.14,38.61,38.09,0.52,1.3652,67470.91,260408.648
002648.SZ,2022-05-31,38.33,39.47,38.31,39.36,38.61,0.75,1.9425,79878.26,311746.899
002648.SZ,2022-06-01,39.23,39.84,38.66,38.96,39.36,-0.4,-1.0163,73928.86,289505.299
002648.SZ,2022-06-02,39.02,39.08,38.42,38.64,38.96,-0.32,-0.8214,50038.26,193305.058
002648.SZ,2022-06-06,27.5,27.99,26.65,27.71,27.37,0.34,1.2422,214170.8,580825.634
002648.SZ,2022-06-07,27.78,27.81,27.15,27.43,27.71,-0.28,-1.0105,124622.06,342130.344
002648.SZ,2022-06-08,27.45,27.89,27.16,27.83,27.43,0.4,1.4583,95485.09,263862.671
002648.SZ,2022-06-09,27.85,28.2,27.66,28.07,27.83,0.24,0.8624,138254.59,387140.152
002648.SZ,2022-06-10,27.75,27.97,27.32,27.32,28.07,-0.75,-2.6719,268709.18,738779.149
002648.SZ,2022-06-13,27.25,27.54,26.81,27.3,27.32,-0.02,-0.0732,153104.27,416109.218
002648.SZ,2022-06-14,27.0,28.5,26.88,28.37,27.3,1.07,3.9194,208342.44,583406.177
002648.SZ,2022-06-15,29.75,29.88,27.84,27.93,28.37,-0.44,-1.5509,243173.57,700947.788
002648.SZ,2022-06-16,27.79,28.1,26.86,26.94,27.93,-0.99,-3.5446,218328.43,596087.22
002648.SZ,2022-06-17,26.8,28.06,26.75,27.52,26.94,0.58,2.1529,234930.12,647142.45
002648.SZ,2022-06-20,28.09,28.09,26.58,26.74,27.52,-0.78,-2.8343,202050.36,542707.318
002648.SZ,2022-06-21,26.67,26.83,25.77,25.98,26.74,-0.76,-2.8422,178940.25,466067.272
002648.SZ,2022-06-22,25.9,26.18,25.48,25.62,25.98,-0.36,-1.3857,122155.07,315677.172
002648.SZ,2022-06-23,25.5,25.9,25.17,25.78,25.62,0.16,0.6245,135458.64,345276.406
002648.SZ,2022-06-24,25.85,26.05,25.62,25.96,25.78,0.18,0.6982,105043.79,272134.337
002648.SZ,2022-06-27,25.95,26.29,25.84,26.0,25.96,0.04,0.1541,132040.57,343957.997
002648.SZ,2022-06-28,25.99,26.1,25.68,25.95,26.0,-0.05,-0.1923,89958.85,232486.244
002648.SZ,2022-06-29,25.85,25.93,25.4,25.46,25.95,-0.49,-1.8882,103411.12,265054.918
002648.SZ,2022-06-30,25.61,25.98,25.51,25.85,25.46,0.39,1.5318,95340.93,246119.896
002648.SZ,2022-07-01,25.85,26.09,25.41,26.0,25.85,0.15,0.5803,112773.15,290963.562
002648.SZ,2022-07-04,25.85,26.1,25.65,26.0,26.0,0.0,0.0,93383.21,242153.295
002648.SZ,2022-07-05,26.07,26.56,25.86,26.14,26.0,0.14,0.5385,140394.07,367988.285
002648.SZ,2022-07-06,25.86,26.15,24.88,25.15,26.14,-0.99,-3.7873,153156.88,387202.099
002648.SZ,2022-07-07,25.15,25.27,24.49,24.9,25.15,-0.25,-0.994,98841.56,246611.186
002648.SZ,2022-07-08,25.0,25.28,24.83,25.06,24.9,0.16,0.6426,98881.49,247430.524
002648.SZ,2022-07-11,25.0,25.0,23.8,24.0,25.06,-1.06,-4.2298,118364.81,286038.516
002648.SZ,2022-07-12,24.17,24.86,23.95,24.7,24.0,0.7,2.9167,138375.39,339568.414
002648.SZ,2022-07-13,24.51,24.64,24.19,24.31,24.7,-0.39,-1.5789,65635.01,160065.775
002648.SZ,2022-07-14,24.31,24.58,24.06,24.58,24.31,0.27,1.1107,73829.11,179678.367
002648.SZ,2022-07-15,24.4,24.49,23.85,23.91,24.58,-0.67,-2.7258,162745.9,392155.193
002648.SZ,2022-07-18,23.75,24.29,23.3,24.08,23.91,0.17,0.711,126802.77,301998.824
002648.SZ,2022-07-19,24.06,24.45,23.96,24.29,24.08,0.21,0.8721,108460.95,263060.622
002648.SZ,2022-07-20,24.26,25.21,24.26,25.01,24.29,0.72,2.9642,135836.66,338630.241
002648.SZ,2022-07-21,24.88,25.05,24.54,24.57,25.01,-0.44,-1.7593,63979.5,158154.316
002648.SZ,2022-07-22,24.55,24.67,23.63,23.9,24.57,-0.67,-2.7269,97771.08,234924.521
002648.SZ,2022-07-25,23.78,23.95,22.99,23.1,23.9,-0.8,-3.3473,98720.86,230378.446
002648.SZ,2022-07-26,23.2,23.87,23.09,23.66,23.1,0.56,2.4242,96066.02,226190.367
002648.SZ,2022-07-27,23.67,23.77,23.11,23.25,23.66,-0.41,-1.7329,93584.69,217614.133
002648.SZ,2022-07-28,23.25,23.46,23.01,23.08,23.25,-0.17,-0.7312,109780.97,254473.746
002648.SZ,2022-07-29,23.14,23.31,22.5,22.67,23.08,-0.41,-1.7764,118354.97,270065.428
002648.SZ,2022-08-01,22.55,22.6,21.97,22.15,22.67,-0.52,-2.2938,186125.38,412180.83
002648.SZ,2022-08-02,21.93,21.99,20.82,21.4,22.15,-0.75,-3.386,201705.22,427982.686
002648.SZ,2022-08-03,21.5,21.98,21.1,21.14,21.4,-0.26,-1.215,120180.89,257297.547
002648.SZ,2022-08-04,21.27,21.57,21.01,21.27,21.14,0.13,0.6149,101454.17,215334.804
002648.SZ,2022-08-05,21.36,21.85,21.12,21.84,21.27,0.57,2.6798,144495.8,311138.068
002648.SZ,2022-08-08,21.74,22.27,21.71,22.18,21.84,0.34,1.5568,117272.35,258726.865
002648.SZ,2022-08-09,22.32,22.58,22.18,22.38,22.18,0.2,0.9017,100574.4,224851.199
002648.SZ,2022-08-10,22.15,22.9,22.05,22.85,22.38,0.47,2.1001,136782.19,310133.742
002648.SZ,2022-08-11,23.17,23.63,22.83,23.37,22.85,0.52,2.2757,169700.58,395367.461
002648.SZ,2022-08-12,23.63,25.71,23.5,25.71,23.37,2.34,10.0128,446592.64,1128709.755
002648.SZ,2022-08-15,26.4,27.5,25.97,27.01,25.71,1.3,5.0564,1065034.8,2857055.688
002648.SZ,2022-08-16,27.72,28.75,27.33,28.3,27.01,1.29,4.776,914649.82,2562628.09
002648.SZ,2022-08-17,27.75,28.01,26.3,26.56,28.3,-1.74,-6.1484,747968.89,2026470.465
002648.SZ,2022-08-18,26.0,26.37,24.8,25.27,26.56,-1.29,-4.8569,671556.9,1710523.814
002648.SZ,2022-08-19,25.08,25.43,24.46,24.85,25.27,-0.42,-1.662,544574.62,1360827.042
002648.SZ,2022-08-22,24.89,25.93,24.85,25.63,24.85,0.78,3.1388,405102.82,1038848.261
002648.SZ,2022-08-23,25.55,25.55,24.8,25.2,25.63,-0.43,-1.6777,295770.83,743373.247
002648.SZ,2022-08-24,25.3,25.52,23.68,23.78,25.2,-1.42,-5.6349,409350.93,990549.227
002648.SZ,2022-08-25,23.98,24.55,23.75,24.3,23.78,0.52,2.1867,187040.02,449892.283
002648.SZ,2022-08-26,24.19,24.42,23.95,24.15,24.3,-0.15,-0.6173,150196.02,362811.552
002648.SZ,2022-08-29,23.8,24.09,23.43,23.68,24.15,-0.47,-1.9462,185291.59,437937.35
002648.SZ,2022-08-30,24.1,24.17,22.37,22.61,23.68,-1.07,-4.5186,342820.91,782199.088
002648.SZ,2022-08-31,22.31,22.69,21.79,21.93,22.61,-0.68,-3.0075,212897.58,471159.564
002648.SZ,2022-09-01,21.97,22.3,21.61,21.89,21.93,-0.04,-0.1824,172183.61,378968.139
002648.SZ,2022-09-02,21.91,22.06,21.63,21.78,21.89,-0.11,-0.5025,111811.9,243740.711
002648.SZ,2022-09-05,21.7,21.79,21.2,21.3,21.78,-0.48,-2.2039,168398.69,361100.769
002648.SZ,2022-09-06,21.45,22.3,21.28,22.25,21.3,0.95,4.4601,234671.55,515537.424
002648.SZ,2022-09-07,22.26,22.53,21.77,21.9,22.25,-0.35,-1.573,250309.74,553129.423
002648.SZ,2022-09-08,22.0,22.05,20.94,21.1,21.9,-0.8,-3.653,341422.02,724531.892
002648.SZ,2022-09-09,21.01,21.26,20.88,21.22,21.1,0.12,0.5687,183217.56,386713.198
002648.SZ,2022-09-13,21.3,21.4,20.8,20.98,21.22,-0.24,-1.131,175721.94,369872.427
002648.SZ,2022-09-14,20.51,20.7,20.15,20.19,20.98,-0.79,-3.7655,257185.07,524048.591
002648.SZ,2022-09-15,20.27,20.3,19.23,19.59,20.19,-0.6,-2.9718,296248.68,582068.018
002648.SZ,2022-09-16,19.65,19.65,18.85,18.93,19.59,-0.66,-3.3691,215606.6,413741.105
002648.SZ,2022-09-19,18.76,19.19,18.67,18.88,18.93,-0.05,-0.2641,160284.3,303834.527
002648.SZ,2022-09-20,19.1,20.55,19.05,20.03,18.88,1.15,6.0911,381822.86,762309.583
002648.SZ,2022-09-21,19.9,20.87,19.78,20.48,20.03,0.45,2.2466,348509.95,713585.096
002648.SZ,2022-09-22,20.41,20.72,20.16,20.44,20.48,-0.04,-0.1953,188723.27,385781.841
002648.SZ,2022-09-23,20.43,21.56,20.32,21.46,20.44,1.02,4.9902,384970.09,818466.44
002648.SZ,2022-09-26,21.27,21.78,20.89,21.48,21.46,0.02,0.0932,227309.56,489731.395
002648.SZ,2022-09-27,21.49,21.96,21.1,21.96,21.48,0.48,2.2346,320761.43,695378.592
002648.SZ,2022-09-28,21.95,22.11,21.1,21.35,21.96,-0.61,-2.7778,201423.57,432821.522
002648.SZ,2022-09-29,21.45,21.62,20.99,21.23,21.35,-0.12,-0.5621,155315.64,330458.06
002648.SZ,2022-09-30,21.52,21.96,21.15,21.27,21.23,0.04,0.1884,147605.91,317678.692
002648.SZ,2022-10-10,21.4,21.52,20.56,20.68,21.27,-0.59,-2.7739,125728.4,263604.126
002648.SZ,2022-10-11,20.91,20.91,20.3,20.8,20.68,0.12,0.5803,105108.67,216484.92
002648.SZ,2022-10-12,20.66,20.66,19.61,20.11,20.8,-0.69,-3.3173,273020.73,544236.467
002648.SZ,2022-10-13,13.97,13.97,13.06,13.35,14.08,-0.73,-5.1847,445611.22,593708.155
002648.SZ,2022-10-14,13.37,13.52,13.09,13.36,13.35,0.01,0.0749,388079.97,518379.31
002648.SZ,2022-10-17,13.3,13.98,12.98,13.85,13.36,0.49,3.6677,464044.15,628112.19
002648.SZ,2022-10-18,13.82,14.68,13.8,14.46,13.85,0.61,4.4043,479839.76,689367.228
002648.SZ,2022-10-19,14.42,14.46,13.9,13.92,14.46,-0.54,-3.7344,350763.29,493260.757
002648.SZ,2022-10-20,13.73,13.9,13.4,13.51,13.92,-0.41,-2.9454,250474.5,340805.738
002648.SZ,2022-10-21,13.49,13.51,13.07,13.24,13.51,-0.27,-1.9985,200278.86,266426.698
002648.SZ,2022-10-24,13.16,13.48,12.8,12.84,13.24,-0.4,-3.0211,253254.67,330967.258
002648.SZ,2022-10-25,12.2,12.63,11.83,12.57,12.84,-0.27,-2.1028,358931.92,440180.817
002648.SZ,2022-10-26,12.65,13.74,12.61,13.34,12.57,0.77,6.1257,434892.28,578988.511
002648.SZ,2022-10-27,13.45,13.7,13.11,13.25,13.34,-0.09,-0.6747,176016.57,234861.5
002648.SZ,2022-10-28,13.25,13.31,12.7,12.73,13.25,-0.52,-3.9245,179966.2,232829.112
002648.SZ,2022-10-31,12.6,12.78,12.35,12.4,12.73,-0.33,-2.5923,161863.2,202588.09
002648.SZ,2022-11-01,12.57,13.13,12.44,13.11,12.4,0.71,5.7258,192092.45,246018.574
002648.SZ,2022-11-02,13.06,13.36,12.75,13.12,13.11,0.01,0.0763,227246.02,297078.407
002648.SZ,2022-11-03,12.93,13.55,12.9,13.47,13.12,0.35,2.6677,241943.57,324803.819
002648.SZ,2022-11-04,13.47,13.73,13.36,13.56,13.47,0.09,0.6682,271042.55,368416.698
002648.SZ,2022-11-07,13.53,14.39,13.48,14.29,13.56,0.73,5.3835,353738.75,497262.071
002648.SZ,2022-11-08,14.28,14.73,14.17,14.49,14.29,0.2,1.3996,322595.51,466532.519
002648.SZ,2022-11-09,14.46,14.67,14.13,14.14,14.49,-0.35,-2.4155,190596.42,273892.671
002648.SZ,2022-11-10,14.14,14.23,13.74,13.93,14.14,-0.21,-1.4851,172586.57,239828.098
002648.SZ,2022-11-11,14.4,14.53,13.93,14.4,13.93,0.47,3.374,307199.86,437615.675
002648.SZ,2022-11-14,14.35,14.81,14.15,14.29,14.4,-0.11,-0.7639,257329.38,374136.441
002648.SZ,2022-11-15,14.27,14.56,14.03,14.51,14.29,0.22,1.5395,242142.85,347413.806
002648.SZ,2022-11-16,14.51,15.12,14.51,14.72,14.51,0.21,1.4473,291614.29,433008.389
002648.SZ,2022-11-17,14.54,14.65,14.07,14.17,14.72,-0.55,-3.7364,200897.26,286486.347
002648.SZ,2022-11-18,14.1,14.22,13.95,14.01,14.17,-0.16,-1.1291,142698.96,200722.01
002648.SZ,2022-11-21,13.92,14.16,13.7,14.03,14.01,0.02,0.1428,131263.36,183231.403
002648.SZ,2022-11-22,14.03,14.05,13.72,13.88,14.03,-0.15,-1.0691,149506.76,207488.339
002648.SZ,2022-11-23,13.88,14.33,13.82,14.05,13.88,0.17,1.2248,151030.03,212123.534
002648.SZ,2022-11-24,14.0,14.18,13.97,14.07,14.05,0.02,0.1423,75378.68,106138.661
002648.SZ,2022-11-25,14.09,14.4,13.83,14.19,14.07,0.12,0.8529,139293.12,197344.412
002648.SZ,2022-11-28,14.0,14.14,13.65,13.74,14.19,-0.45,-3.1712,142614.35,197078.69
002648.SZ,2022-11-29,13.7,14.24,13.66,14.2,13.74,0.46,3.3479,212049.24,297288.133
002648.SZ,2022-11-30,14.21,14.8,14.18,14.55,14.2,0.35,2.4648,257397.46,375522.846
002648.SZ,2022-12-01,14.71,15.18,14.71,15.15,14.55,0.6,4.1237,323220.32,483752.909
002648.SZ,2022-12-02,15.09,15.25,14.83,15.02,15.15,-0.13,-0.8581,236712.15,355303.207
002648.SZ,2022-12-05,15.02,15.83,14.98,15.83,15.02,0.81,5.3928,357489.46,553818.766
002648.SZ,2022-12-06,15.68,16.04,15.3,15.8,15.83,-0.03,-0.1895,290353.74,458024.069
002648.SZ,2022-12-07,15.79,15.88,15.31,15.37,15.8,-0.43,-2.7215,239193.34,370945.742
002648.SZ,2022-12-08,15.35,15.62,15.23,15.3,15.37,-0.07,-0.4554,178275.49,273989.656
002648.SZ,2022-12-09,15.4,15.82,15.21,15.7,15.3,0.4,2.6144,190727.87,296221.427
002648.SZ,2022-12-12,15.68,15.81,15.2,15.27,15.7,-0.43,-2.7389,179475.06,277113.103
002648.SZ,2022-12-13,15.32,15.71,15.11,15.26,15.27,-0.01,-0.0655,164813.83,253823.404
002648.SZ,2022-12-14,15.2,15.33,14.98,15.22,15.26,-0.04,-0.2621,105767.83,160202.157
002648.SZ,2022-12-15,15.3,15.35,14.78,15.02,15.22,-0.2,-1.3141,170783.01,255572.135
002648.SZ,2022-12-16,15.05,15.65,14.92,15.44,15.02,0.42,2.7963,257414.16,395320.57
002648.SZ,2022-12-19,15.4,15.63,14.88,15.03,15.44,-0.41,-2.6554,157221.85,237394.728
002648.SZ,2022-12-20,15.04,15.28,14.61,14.86,15.03,-0.17,-1.1311,124319.27,185369.975
002648.SZ,2022-12-21,14.8,15.09,14.64,14.9,14.86,0.04,0.2692,131705.36,195855.5
002648.SZ,2022-12-22,14.9,15.16,14.83,14.99,14.9,0.09,0.604,144161.97,215771.571
002648.SZ,2022-12-23,14.81,14.87,14.25,14.28,14.99,-0.71,-4.7365,184890.04,267300.628
002648.SZ,2022-12-26,14.26,14.65,14.16,14.59,14.28,0.31,2.1709,149685.32,217086.186
002648.SZ,2022-12-27,14.6,15.36,14.59,15.18,14.59,0.59,4.0439,189447.28,286701.711
002648.SZ,2022-12-28,15.2,15.29,14.8,15.12,15.18,-0.06,-0.3953,202110.56,305062.226
002648.SZ,2022-12-29,15.02,15.45,14.84,15.34,15.12,0.22,1.455,190484.53,291119.849
002648.SZ,2022-12-30,15.41,15.69,15.29,15.5,15.34,0.16,1.043,218828.3,339630.675
002648.SZ,2023-01-03,15.3,15.64,14.88,15.3,15.5,-0.2,-1.2903,245145.38,371590.393
002648.SZ,2023-01-04,15.35,15.73,15.2,15.47,15.3,0.17,1.1111,206052.67,318932.473
002648.SZ,2023-01-05,15.45,15.85,15.35,15.61,15.47,0.14,0.905,151290.13,237250.751
002648.SZ,2023-01-06,15.72,16.62,15.69,16.41,15.61,0.8,5.1249,400504.85,653040.0
002648.SZ,2023-01-09,16.45,16.77,16.13,16.62,16.41,0.21,1.2797,284525.88,469609.598
002648.SZ,2023-01-10,16.57,16.6,16.07,16.09,16.62,-0.53,-3.1889,208933.73,338201.824
002648.SZ,2023-01-11,16.04,16.19,15.83,15.95,16.09,-0.14,-0.8701,182834.34,292311.257
002648.SZ,2023-01-12,15.91,16.07,15.85,16.0,15.95,0.05,0.3135,163926.73,261981.931
002648.SZ,2023-01-13,16.04,16.09,15.7,15.84,16.0,-0.16,-1.0,207355.82,328328.736
002648.SZ,2023-01-16,15.87,16.39,15.76,16.15,15.84,0.31,1.9571,220550.78,355788.521
002648.SZ,2023-01-17,16.25,16.58,16.1,16.57,16.15,0.42,2.6006,194833.65,320397.987
002648.SZ,2023-01-18,16.56,16.76,16.4,16.55,16.57,-0.02,-0.1207,148309.68,245433.494
002648.SZ,2023-01-19,16.5,17.69,16.45,17.59,16.55,1.04,6.284,410397.46,712252.207
002648.SZ,2023-01-20,17.54,17.82,17.46,17.79,17.59,0.2,1.137,217968.76,384888.765
002648.SZ,2023-01-30,18.02,18.08,17.64,17.83,17.79,0.04,0.2248,201569.23,359244.809
002648.SZ,2023-01-31,17.8,18.25,17.69,17.71,17.83,-0.12,-0.673,197953.72,354696.469
002648.SZ,2023-02-01,17.7,18.23,17.62,18.18,17.71,0.47,2.6539,244452.2,440197.749
002648.SZ,2023-02-02,18.22,18.83,18.08,18.6,18.18,0.42,2.3102,277637.63,514265.872
002648.SZ,2023-02-03,18.63,18.75,17.78,18.09,18.6,-0.51,-2.7419,333530.04,602803.514
002648.SZ,2023-02-06,17.92,18.15,17.46,17.64,18.09,-0.45,-2.4876,291748.46,517726.693
002648.SZ,2023-02-07,17.72,18.0,17.49,17.58,17.64,-0.06,-0.3401,149546.2,264865.92
002648.SZ,2023-02-08,17.68,17.9,17.58,17.64,17.58,0.06,0.3413,140222.79,248656.928
002648.SZ,2023-02-09,17.55,18.07,17.53,17.79,17.64,0.15,0.8503,181765.17,323042.522
002648.SZ,2023-02-10,17.66,17.87,17.53,17.73,17.79,-0.06,-0.3373,132815.14,234663.68
002648.SZ,2023-02-13,17.71,17.99,17.6,17.9,17.73,0.17,0.9588,169706.18,302432.295
002648.SZ,2023-02-14,17.86,18.35,17.7,17.99,17.9,0.09,0.5028,227475.98,409316.745
002648.SZ,2023-02-15,18.02,18.13,17.65,17.85,17.99,-0.14,-0.7782,171894.52,305919.419
002648.SZ,2023-02-16,17.77,17.91,17.28,17.38,17.85,-0.47,-2.6331,202017.02,355290.412
002648.SZ,2023-02-17,17.38,17.83,17.36,17.56,17.38,0.18,1.0357,209797.97,370643.403
002648.SZ,2023-02-20,17.69,18.04,17.3,17.92,17.56,0.36,2.0501,241978.81,428661.417
002648.SZ,2023-02-21,18.09,18.81,17.92,18.55,17.92,0.63,3.5156,339067.53,627833.133
002648.SZ,2023-02-22,18.37,18.97,18.31,18.73,18.55,0.18,0.9704,251984.98,472231.69
002648.SZ,2023-02-23,18.6,18.85,17.94,18.0,18.73,-0.73,-3.8975,226350.54,412445.506
002648.SZ,2023-02-24,18.05,18.14,17.6,17.8,18.0,-0.2,-1.1111,180271.95,320768.189
002648.SZ,2023-02-27,17.69,17.99,17.45,17.53,17.8,-0.27,-1.5169,176515.42,312097.533
002648.SZ,2023-02-28,17.78,17.79,17.16,17.41,17.53,-0.12,-0.6845,191744.39,333010.949
002648.SZ,2023-03-01,17.39,17.64,17.26,17.62,17.41,0.21,1.2062,133103.14,232863.946
002648.SZ,2023-03-02,17.58,17.67,17.2,17.32,17.62,-0.3,-1.7026,171610.93,297906.195
002648.SZ,2023-03-03,17.32,17.43,17.15,17.22,17.32,-0.1,-0.5774,92129.35,158943.756
002648.SZ,2023-03-06,17.16,17.25,16.6,16.9,17.22,-0.32,-1.8583,233706.4,391988.271
002648.SZ,2023-03-07,17.01,17.1,16.4,16.44,16.9,-0.46,-2.7219,226078.05,376908.938
002648.SZ,2023-03-08,16.37,16.37,15.88,16.26,16.44,-0.18,-1.0949,276489.66,445588.316
002648.SZ,2023-03-09,16.36,16.66,16.08,16.54,16.26,0.28,1.722,163398.29,268820.079
002648.SZ,2023-03-10,16.42,16.42,15.96,16.06,16.54,-0.48,-2.9021,182355.89,293689.176
002648.SZ,2023-03-13,16.02,16.39,15.99,16.17,16.06,0.11,0.6849,127870.19,207145.825
002648.SZ,2023-03-14,16.16,16.2,15.67,15.78,16.17,-0.39,-2.4119,134000.94,212563.418
002648.SZ,2023-03-15,15.78,16.29,15.78,16.19,15.78,0.41,2.5982,154330.82,249022.292
002648.SZ,2023-03-16,16.01,16.19,15.69,15.8,16.19,-0.39,-2.4089,115590.7,183993.638
002648.SZ,2023-03-17,15.89,15.98,15.43,15.56,15.8,-0.24,-1.519,186950.74,292465.532
002648.SZ,2023-03-20,15.54,15.64,15.32,15.54,15.56,-0.02,-0.1285,98135.38,152264.075
002648.SZ,2023-03-21,15.45,15.94,15.45,15.91,15.54,0.37,2.381,106658.65,168053.45
002648.SZ,2023-03-22,15.95,16.29,15.58,15.65,15.91,-0.26,-1.6342,168444.56,266871.962
002648.SZ,2023-03-23,15.72,15.98,15.48,15.75,15.65,0.1,0.639,149151.57,235328.532
002648.SZ,2023-03-24,15.71,16.05,15.58,15.87,15.75,0.12,0.7619,131813.56,208901.849
002648.SZ,2023-03-27,15.8,15.92,15.44,15.66,15.87,-0.21,-1.3233,180494.36,282281.936
002648.SZ,2023-03-28,16.3,16.49,15.78,15.86,15.66,0.2,1.2771,261112.28,419141.949
002648.SZ,2023-03-29,15.92,16.07,15.45,15.51,15.86,-0.35,-2.2068,166569.69,260753.845
002648.SZ,2023-03-30,15.51,15.56,15.11,15.49,15.51,-0.02,-0.1289,206137.17,315366.462
002648.SZ,2023-03-31,15.52,16.36,15.52,16.0,15.49,0.51,3.2924,271857.69,436913.939
002648.SZ,2023-04-03,16.0,16.22,15.81,15.92,16.0,-0.08,-0.5,174292.06,278722.165
002648.SZ,2023-04-04,15.92,16.0,15.4,15.59,15.92,-0.33,-2.0729,166280.25,258784.783
002648.SZ,2023-04-06,15.5,15.98,15.41,15.89,15.59,0.3,1.9243,118453.37,186742.187
002648.SZ,2023-04-07,15.91,16.16,15.81,16.07,15.89,0.18,1.1328,99852.2,160081.852
002648.SZ,2023-04-10,16.1,16.23,15.68,15.89,16.07,-0.18,-1.1201,152179.59,241324.304
002648.SZ,2023-04-11,15.86,16.2,15.83,16.14,15.89,0.25,1.5733,133614.87,214524.373
002648.SZ,2023-04-12,16.13,16.18,15.66,15.7,16.14,-0.44,-2.7261,160623.04,253755.073
002648.SZ,2023-04-13,15.7,15.85,15.56,15.68,15.7,-0.02,-0.1274,121480.43,190587.558
002648.SZ,2023-04-14,15.73,16.05,15.67,15.73,15.68,0.05,0.3189,194114.02,306848.456
002648.SZ,2023-04-17,15.65,16.44,15.65,16.37,15.73,0.64,4.0687,317009.8,512557.873
002648.SZ,2023-04-18,16.4,16.59,16.2,16.34,16.37,-0.03,-0.1833,153076.12,251087.72
002648.SZ,2023-04-19,16.31,16.31,15.73,15.79,16.34,-0.55,-3.366,187741.79,297752.749
002648.SZ,2023-04-20,15.72,15.77,14.63,14.84,15.79,-0.95,-6.0165,346180.68,518748.665
002648.SZ,2023-04-21,14.92,14.95,14.55,14.58,14.84,-0.26,-1.752,166958.48,245133.88
002648.SZ,2023-04-24,14.58,14.6,13.63,14.01,14.58,-0.57,-3.9095,424536.68,589655.846
002648.SZ,2023-04-25,14.22,14.37,13.88,13.98,14.01,-0.03,-0.2141,148206.37,208646.365
002648.SZ,2023-04-26,14.0,14.24,13.82,13.96,13.98,-0.02,-0.1431,126895.4,177819.574
002648.SZ,2023-04-27,13.86,14.08,13.72,13.9,13.96,-0.06,-0.4298,114719.28,159148.914
002648.SZ,2023-04-28,13.9,14.21,13.83,14.19,13.9,0.29,2.0863,122573.38,172425.204
002648.SZ,2023-05-04,14.17,14.55,13.91,14.41,14.19,0.22,1.5504,160344.75,230266.382
002648.SZ,2023-05-05,14.36,14.61,14.25,14.53,14.41,0.12,0.8328,129443.77,186906.19
002648.SZ,2023-05-08,14.66,14.81,14.15,14.23,14.53,-0.3,-2.0647,148746.15,214568.075
002648.SZ,2023-05-09,14.24,14.3,13.91,14.03,14.23,-0.2,-1.4055,139744.69,196800.039
002648.SZ,2023-05-10,13.97,14.18,13.84,13.96,14.03,-0.07,-0.4989,101541.51,141919.751
002648.SZ,2023-05-11,14.01,14.07,13.75,13.97,13.96,0.01,0.0716,96765.3,134861.701
002648.SZ,2023-05-12,14.02,14.02,13.46,13.51,13.97,-0.46,-3.2928,149691.85,203907.661
002648.SZ,2023-05-15,13.51,13.75,13.39,13.61,13.51,0.1,0.7402,134472.5,181989.357
002648.SZ,2023-05-16,13.62,13.79,13.57,13.62,13.61,0.01,0.0735,106893.07,146124.446
002648.SZ,2023-05-17,13.58,13.63,13.37,13.52,13.62,-0.1,-0.7342,101815.08,137328.784
002648.SZ,2023-05-18,13.59,13.71,13.15,13.2,13.52,-0.32,-2.3669,147922.58,197150.641
002648.SZ,2023-05-19,13.2,13.25,12.99,13.13,13.2,-0.07,-0.5303,153192.66,200618.076
002648.SZ,2023-05-22,13.13,13.42,13.03,13.38,13.13,0.25,1.904,117211.14,155807.68
002648.SZ,2023-05-23,13.39,13.48,13.17,13.19,13.38,-0.19,-1.42,100651.35,133456.083
002648.SZ,2023-05-24,13.19,13.35,13.02,13.09,13.19,-0.1,-0.7582,97178.91,127932.31
002648.SZ,2023-05-25,13.06,13.13,12.75,12.87,13.09,-0.22,-1.6807,133613.38,172384.379
002648.SZ,2023-05-26,12.87,12.99,12.61,12.66,12.87,-0.21,-1.6317,146811.02,186589.128
002648.SZ,2023-05-29,12.68,12.79,12.42,12.63,12.66,-0.03,-0.237,146154.02,183852.45
002648.SZ,2023-05-30,12.58,12.78,12.43,12.56,12.63,-0.07,-0.5542,109376.57,137318.138
002648.SZ,2023-05-31,12.5,12.77,12.49,12.67,12.56,0.11,0.8758,163117.04,206448.578
002648.SZ,2023-06-01,12.64,13.41,12.6,13.05,12.67,0.38,2.9992,286617.65,377627.51
002648.SZ,2023-06-02,13.06,14.09,13.06,14.04,13.05,0.99,7.5862,348383.79,478267.129
002648.SZ,2023-06-05,14.01,14.29,13.73,14.12,14.04,0.08,0.5698,248123.1,347726.69
002648.SZ,2023-06-06,14.12,14.55,14.11,14.18,14.12,0.06,0.4249,239065.98,342751.03
002648.SZ,2023-06-07,14.29,14.33,13.9,14.1,14.18,-0.08,-0.5642,137532.15,193725.378
002648.SZ,2023-06-08,14.25,14.57,14.11,14.5,14.1,0.4,2.8369,201568.15,290015.66
002648.SZ,2023-06-09,14.5,14.6,14.3,14.34,14.5,-0.16,-1.1034,170278.73,245981.609
002648.SZ,2023-06-12,14.4,14.64,14.2,14.36,14.34,0.02,0.1395,163496.3,236426.445
002648.SZ,2023-06-13,14.29,14.41,14.0,14.19,14.36,-0.17,-1.1838,169768.77,240133.704
002648.SZ,2023-06-14,14.2,14.8,14.11,14.54,14.19,0.35,2.4665,166260.67,242413.237
002648.SZ,2023-06-15,14.55,15.18,14.55,15.05,14.54,0.51,3.5076,348070.63,519828.603
002648.SZ,2023-06-16,15.06,15.5,14.46,14.79,15.05,-0.26,-1.7276,274831.8,406914.643
002648.SZ,2023-06-19,15.19,15.35,14.67,14.79,14.79,0.0,0.0,328908.14,491983.095
002648.SZ,2023-06-20,14.81,14.81,14.43,14.5,14.79,-0.29,-1.9608,183864.01,267462.53
002648.SZ,2023-06-21,14.48,15.02,14.43,14.56,14.5,0.06,0.4138,197377.73,291359.565
002648.SZ,2023-06-26,14.58,14.81,14.49,14.57,14.56,0.01,0.0687,140617.73,205896.01
002648.SZ,2023-06-27,14.6,15.24,14.59,14.92,14.57,0.35,2.4022,246735.75,369609.055
002648.SZ,2023-06-28,14.85,15.18,14.77,15.15,14.92,0.23,1.5416,188976.3,284440.376
002648.SZ,2023-06-29,15.07,15.2,14.56,14.6,15.15,-0.55,-3.6304,207487.78,306616.819
002648.SZ,2023-06-30,14.62,15.04,14.6,14.96,14.6,0.36,2.4658,167544.81,250220.258
002648.SZ,2023-07-03,15.28,15.38,14.95,14.99,14.96,0.03,0.2005,168587.15,254323.507
002648.SZ,2023-07-04,15.03,15.15,14.82,15.1,14.99,0.11,0.7338,120852.76,181832.051
002648.SZ,2023-07-05,15.02,15.14,14.92,15.08,15.1,-0.02,-0.1325,69233.36,104065.937
002648.SZ,2023-07-06,15.05,15.06,14.75,14.88,15.08,-0.2,-1.3263,130378.98,194135.85
002648.SZ,2023-07-07,14.88,15.14,14.81,15.01,14.88,0.13,0.8737,102523.53,154002.527
002648.SZ,2023-07-10,15.0,15.28,14.79,14.87,15.01,-0.14,-0.9327,108592.01,162221.819
002648.SZ,2023-07-11,14.86,15.15,14.8,15.11,14.87,0.24,1.614,145258.76,218725.822
002648.SZ,2023-07-12,15.03,15.85,15.02,15.75,15.11,0.64,4.2356,256370.52,398383.963
002648.SZ,2023-07-13,15.68,16.05,15.6,15.87,15.75,0.12,0.7619,252796.36,401173.139
002648.SZ,2023-07-14,15.93,16.36,15.69,16.23,15.87,0.36,2.2684,226607.83,366453.619
002648.SZ,2023-07-17,16.1,16.1,15.66,15.9,16.23,-0.33,-2.0333,151068.86,239265.767
002648.SZ,2023-07-18,15.98,16.16,15.67,15.9,15.9,0.0,0.0,209187.78,331425.853
002648.SZ,2023-07-19,15.85,16.04,15.7,15.75,15.9,-0.15,-0.9434,108086.77,170937.505
002648.SZ,2023-07-20,15.75,16.0,15.71,15.75,15.75,0.0,0.0,99446.47,157588.972
002648.SZ,2023-07-21,15.7,16.06,15.58,15.8,15.75,0.05,0.3175,123241.58,195132.523
002648.SZ,2023-07-24,15.78,15.78,15.2,15.28,15.8,-0.52,-3.2911,252376.63,386917.897
002648.SZ,2023-07-25,15.63,16.01,15.5,15.96,15.28,0.68,4.4503,314072.94,497083.657
002648.SZ,2023-07-26,15.95,16.07,15.81,15.97,15.96,0.01,0.0627,124327.39,198130.215
002648.SZ,2023-07-27,15.95,16.39,15.85,16.1,15.97,0.13,0.814,178518.55,289390.42
002648.SZ,2023-07-28,16.16,16.26,15.97,16.16,16.1,0.06,0.3727,133190.91,215009.081
002648.SZ,2023-07-31,16.25,16.6,15.95,16.11,16.16,-0.05,-0.3094,163321.9,264970.86
002648.SZ,2023-08-01,16.17,16.37,16.02,16.25,16.11,0.14,0.869,151891.15,246804.027
002648.SZ,2023-08-02,16.22,16.33,16.0,16.06,16.25,-0.19,-1.1692,94876.0,152719.511
002648.SZ,2023-08-03,16.0,16.1,15.86,15.99,16.06,-0.07,-0.4359,88980.4,142015.032
002648.SZ,2023-08-04,16.08,16.29,15.99,16.05,15.99,0.06,0.3752,116699.11,187900.904
002648.SZ,2023-08-07,15.98,16.19,15.78,15.92,16.05,-0.13,-0.81,93547.4,148844.705
002648.SZ,2023-08-08,15.85,16.06,15.78,15.98,15.92,0.06,0.3769,87518.92,139246.508
002648.SZ,2023-08-09,15.91,15.99,15.64,15.79,15.98,-0.19,-1.189,96793.51,152453.028
002648.SZ,2023-08-10,15.75,15.85,15.5,15.75,15.79,-0.04,-0.2533,140027.22,218957.459
002648.SZ,2023-08-11,15.75,15.75,15.14,15.14,15.75,-0.61,-3.873,191735.18,293113.866
002648.SZ,2023-08-14,14.96,14.96,14.61,14.94,15.14,-0.2,-1.321,208802.08,309179.081
002648.SZ,2023-08-15,14.97,14.97,14.68,14.94,14.94,0.0,0.0,123409.59,183110.551
002648.SZ,2023-08-16,14.96,15.1,14.81,14.92,14.94,-0.02,-0.1339,112472.91,168424.683
002648.SZ,2023-08-17,14.81,14.91,14.65,14.89,14.92,-0.03,-0.2011,129133.9,190873.963
002648.SZ,2023-08-18,14.82,14.93,14.54,14.55,14.89,-0.34,-2.2834,82959.15,122003.118
002648.SZ,2023-08-21,14.55,14.69,14.38,14.4,14.55,-0.15,-1.0309,91415.31,132765.726
002648.SZ,2023-08-22,14.44,14.87,14.44,14.76,14.4,0.36,2.5,159460.61,234498.46
002648.SZ,2023-08-23,14.71,14.8,14.35,14.37,14.76,-0.39,-2.6423,85053.94,123462.549
002648.SZ,2023-08-24,14.43,15.12,14.38,15.01,14.37,0.64,4.4537,211810.84,314815.497
002648.SZ,2023-08-25,15.1,15.1,14.66,14.73,15.01,-0.28,-1.8654,103401.66,153035.339
002648.SZ,2023-08-28,15.51,15.53,14.84,14.89,14.73,0.16,1.0862,133854.28,201647.992
002648.SZ,2023-08-29,14.94,15.2,14.73,15.05,14.89,0.16,1.0745,178278.8,267003.796
002648.SZ,2023-08-30,15.07,15.48,15.06,15.32,15.05,0.27,1.794,130564.66,200059.163
002648.SZ,2023-08-31,15.3,15.49,15.2,15.3,15.32,-0.02,-0.1305,81262.32,124788.183
002648.SZ,2023-09-01,15.38,15.85,15.3,15.73,15.3,0.43,2.8105,141526.41,221903.337
002648.SZ,2023-09-04,15.78,16.2,15.78,15.98,15.73,0.25,1.5893,164127.97,262322.074
002648.SZ,2023-09-05,16.0,16.01,15.73,15.85,15.98,-0.13,-0.8135,100098.49,158427.253
002648.SZ,2023-09-06,15.87,15.93,15.63,15.81,15.85,-0.04,-0.2524,88846.18,140144.658
002648.SZ,2023-09-07,15.82,15.88,15.58,15.67,15.81,-0.14,-0.8855,101135.89,158629.229
002648.SZ,2023-09-08,15.71,15.73,15.45,15.56,15.67,-0.11,-0.702,88034.59,137161.466
002648.SZ,2023-09-11,15.64,15.93,15.6,15.77,15.56,0.21,1.3496,100843.41,159284.959
002648.SZ,2023-09-12,15.71,15.79,15.53,15.65,15.77,-0.12,-0.7609,74276.15,116102.356
002648.SZ,2023-09-13,15.66,15.87,15.5,15.6,15.65,-0.05,-0.3195,94029.51,147323.821
002648.SZ,2023-09-14,15.56,15.68,15.5,15.61,15.6,0.01,0.0641,70001.37,109011.253
002648.SZ,2023-09-15,15.65,15.78,15.53,15.58,15.61,-0.03,-0.1922,106364.32,166382.191
002648.SZ,2023-09-18,15.56,15.61,15.36,15.51,15.58,-0.07,-0.4493,112626.1,174423.195
002648.SZ,2023-09-19,15.52,15.8,15.41,15.73,15.51,0.22,1.4184,137017.69,214477.654
002648.SZ,2023-09-20,15.72,15.92,15.63,15.86,15.73,0.13,0.8264,130237.19,206029.019
002648.SZ,2023-09-21,15.8,15.88,15.51,15.53,15.86,-0.33,-2.0807,108661.4,169762.261
002648.SZ,2023-09-22,15.45,15.68,15.45,15.63,15.53,0.1,0.6439,121625.55,189517.654
002648.SZ,2023-09-25,15.63,15.75,15.5,15.6,15.63,-0.03,-0.1919,121976.08,190256.999
002648.SZ,2023-09-26,15.61,15.64,15.36,15.4,15.6,-0.2,-1.2821,109552.18,169260.811
002648.SZ,2023-09-27,15.44,15.78,15.37,15.59,15.4,0.19,1.2338,133297.21,208595.464
002648.SZ,2023-09-28,15.58,15.76,15.31,15.33,15.59,-0.26,-1.6677,118215.12,183043.925
002648.SZ,2023-10-09,15.33,15.4,15.15,15.29,15.33,-0.04,-0.2609,118700.18,181071.617
002648.SZ,2023-10-10,15.31,15.71,15.31,15.39,15.29,0.1,0.654,145230.33,225593.519
002648.SZ,2023-10-11,15.5,16.23,15.5,15.99,15.39,0.6,3.8986,284304.37,454883.0
002648.SZ,2023-10-12,16.07,16.23,15.9,16.03,15.99,0.04,0.2502,127723.7,204494.116
002648.SZ,2023-10-13,16.07,16.07,15.45,15.73,16.03,-0.3,-1.8715,152031.63,238557.373
002648.SZ,2023-10-16,15.82,15.93,15.66,15.83,15.73,0.1,0.6357,130314.38,206117.119
002648.SZ,2023-10-17,16.47,16.53,15.75,16.23,15.83,0.4,2.5268,321141.99,519541.599
002648.SZ,2023-10-18,16.2,16.33,15.9,15.95,16.23,-0.28,-1.7252,158642.68,255485.349
002648.SZ,2023-10-19,15.95,15.96,15.47,15.47,15.95,-0.48,-3.0094,149514.75,233770.762
002648.SZ,2023-10-20,15.54,15.7,15.4,15.46,15.47,-0.01,-0.0646,119713.57,186203.942
002648.SZ,2023-10-23,15.38,15.39,14.95,15.05,15.46,-0.41,-2.652,96155.83,145427.082
002648.SZ,2023-10-24,15.18,15.46,14.96,15.32,15.05,0.27,1.794,132239.06,201460.689
002648.SZ,2023-10-25,15.75,16.25,15.67,16.18,15.32,0.86,5.6136,327153.11,525884.655
002648.SZ,2023-10-26,16.09,16.16,15.64,15.9,16.18,-0.28,-1.7305,229674.01,364143.771
002648.SZ,2023-10-27,15.84,16.3,15.66,16.17,15.9,0.27,1.6981,158387.36,254879.11
002648.SZ,2023-10-30,16.23,16.41,16.17,16.34,16.17,0.17,1.0513,166375.66,271452.453
002648.SZ,2023-10-31,16.32,16.5,16.16,16.27,16.34,-0.07,-0.4284,112398.56,183141.872
002648.SZ,2023-11-01,16.35,16.44,16.16,16.32,16.27,0.05,0.3073,151726.22,247589.112
002648.SZ,2023-11-02,16.28,16.5,16.12,16.15,16.32,-0.17,-1.0417,140927.66,229629.001
002648.SZ,2023-11-03,16.19,16.38,16.11,16.2,16.15,0.05,0.3096,125057.13,203232.692
002648.SZ,2023-11-06,16.34,16.4,16.05,16.15,16.2,-0.05,-0.3086,191374.23,309735.774
002648.SZ,2023-11-07,16.15,16.17,15.55,15.81,16.15,-0.34,-2.1053,255783.31,403418.187
002648.SZ,2023-11-08,15.81,15.89,15.64,15.75,15.81,-0.06,-0.3795,174316.15,274872.645
002648.SZ,2023-11-09,15.78,15.98,15.65,15.68,15.75,-0.07,-0.4444,146849.77,231605.199
002648.SZ,2023-11-10,15.64,15.73,15.5,15.56,15.68,-0.12,-0.7653,93727.5,145875.339
002648.SZ,2023-11-13,15.6,16.18,15.45,16.05,15.56,0.49,3.1491,281275.16,445765.933
002648.SZ,2023-11-14,16.05,16.43,15.94,16.05,16.05,0.0,0.0,206263.1,333744.722
002648.SZ,2023-11-15,16.15,16.31,16.0,16.08,16.05,0.03,0.1869,102886.25,165758.078
002648.SZ,2023-11-16,16.07,16.13,15.9,16.0,16.08,-0.08,-0.4975,117827.14,188752.638
002648.SZ,2023-11-17,15.97,16.02,15.79,15.84,16.0,-0.16,-1.0,106303.04,168752.932
002648.SZ,2023-11-20,15.9,15.96,15.71,15.88,15.84,0.04,0.2525,128931.09,204092.758
002648.SZ,2023-11-21,15.88,16.23,15.88,16.1,15.88,0.22,1.3854,176697.27,284807.057
002648.SZ,2023-11-22,16.05,16.17,15.85,15.85,16.1,-0.25,-1.5528,103644.25,165477.329
002648.SZ,2023-11-23,15.85,15.97,15.65,15.95,15.85,0.1,0.6309,96756.35,152982.003
002648.SZ,2023-11-24,15.94,15.98,15.75,15.81,15.95,-0.14,-0.8777,72663.47,114922.839
002648.SZ,2023-11-27,15.8,15.85,15.55,15.73,15.81,-0.08,-0.506,89670.8,140650.417
002648.SZ,2023-11-28,15.7,15.73,15.54,15.61,15.73,-0.12,-0.7629,123436.59,192875.047
002648.SZ,2023-11-29,15.65,15.85,15.51,15.79,15.61,0.18,1.1531,151113.74,237258.463
002648.SZ,2023-11-30,15.79,16.22,15.79,15.96,15.79,0.17,1.0766,257734.08,413374.061
002648.SZ,2023-12-01,16.0,16.04,15.56,15.67,15.96,-0.29,-1.817,197787.34,311088.68
002648.SZ,2023-12-04,15.67,15.74,15.41,15.63,15.67,-0.04,-0.2553,170013.5,264723.903
002648.SZ,2023-12-05,15.55,15.64,15.31,15.33,15.63,-0.3,-1.9194,118949.18,184399.562
002648.SZ,2023-12-06,15.33,15.49,15.32,15.39,15.33,0.06,0.3914,83047.06,127916.552
002648.SZ,2023-12-07,15.38,15.47,15.15,15.29,15.39,-0.1,-0.6498,105133.08,160308.808
002648.SZ,2023-12-08,15.29,15.51,15.13,15.48,15.29,0.19,1.2426,142291.68,219566.767
002648.SZ,2023-12-11,15.47,15.61,15.25,15.55,15.48,0.07,0.4522,114567.1,176492.396
002648.SZ,2023-12-12,15.55,15.81,15.5,15.8,15.55,0.25,1.6077,138861.95,217535.99
002648.SZ,2023-12-13,15.89,15.89,15.58,15.59,15.8,-0.21,-1.3291,121595.18,191146.428
002648.SZ,2023-12-14,15.63,15.69,14.42,14.62,15.59,-0.97,-6.2219,439601.27,655684.906
002648.SZ,2023-12-15,14.66,14.96,14.61,14.85,14.62,0.23,1.5732,252648.98,374575.273
002648.SZ,2023-12-18,14.73,14.77,14.22,14.52,14.85,-0.33,-2.2222,370486.38,533393.177
002648.SZ,2023-12-19,14.49,14.95,14.41,14.79,14.52,0.27,1.8595,218789.33,322565.242
002648.SZ,2023-12-20,14.84,14.91,14.63,14.67,14.79,-0.12,-0.8114,155167.44,228704.056
002648.SZ,2023-12-21,14.57,14.88,14.51,14.78,14.67,0.11,0.7498,137477.53,202823.843
002648.SZ,2023-12-22,14.79,15.09,14.7,14.99,14.78,0.21,1.4208,128750.28,191991.95
002648.SZ,2023-12-25,15.0,15.1,14.93,15.04,14.99,0.05,0.3336,87171.28,130944.109
002648.SZ,2023-12-26,15.02,15.05,14.74,14.83,15.04,-0.21,-1.3963,141465.58,210545.179
002648.SZ,2023-12-27,14.85,14.91,14.61,14.74,14.83,-0.09,-0.6069,158110.69,232652.342
002648.SZ,2023-12-28,14.7,14.87,14.6,14.71,14.74,-0.03,-0.2035,297846.0,438749.117
002648.SZ,2023-12-29,14.7,14.82,14.32,14.75,14.71,0.04,0.2719,366375.03,533354.776
002648.SZ,2024-01-02,14.76,15.08,14.67,14.98,14.75,0.23,1.5593,262859.61,391724.321
002648.SZ,2024-01-03,14.92,15.35,14.86,15.24,14.98,0.26,1.7356,218798.98,332987.036
002648.SZ,2024-01-04,15.2,15.23,14.85,15.1,15.24,-0.14,-0.9186,208499.81,313475.148
002648.SZ,2024-01-05,15.05,15.42,14.92,15.19,15.1,0.09,0.596,199956.35,305193.684
002648.SZ,2024-01-08,15.08,15.14,14.81,14.85,15.19,-0.34,-2.2383,124011.48,185027.531
002648.SZ,2024-01-09,14.85,14.9,14.61,14.67,14.85,-0.18,-1.2121,122098.89,179827.48
002648.SZ,2024-01-10,14.61,14.75,14.4,14.43,14.67,-0.24,-1.636,94550.65,137621.375
002648.SZ,2024-01-11,14.4,14.51,14.14,14.44,14.43,0.01,0.0693,146023.92,209724.525
002648.SZ,2024-01-12,14.4,14.6,14.23,14.49,14.44,0.05,0.3463,125941.83,182274.399
002648.SZ,2024-01-15,14.38,14.6,14.23,14.37,14.49,-0.12,-0.8282,96735.01,139385.381
002648.SZ,2024-01-16,14.36,14.42,14.0,14.24,14.37,-0.13,-0.9047,118160.07,167721.205
002648.SZ,2024-01-17,14.22,14.31,13.92,13.92,14.24,-0.32,-2.2472,114990.38,162699.146
002648.SZ,2024-01-18,13.85,14.0,13.47,13.99,13.92,0.07,0.5029,160577.72,219926.042
002648.SZ,2024-01-19,13.93,14.07,13.76,13.83,13.99,-0.16,-1.1437,127581.07,177017.575
002648.SZ,2024-01-22,13.81,13.81,13.17,13.22,13.83,-0.61,-4.4107,158963.83,214788.488
002648.SZ,2024-01-23,13.8,14.39,13.61,14.27,13.22,1.05,7.9425,369549.07,518155.919
002648.SZ,2024-01-24,14.23,14.43,13.85,14.14,14.27,-0.13,-0.911,232877.81,329976.302
002648.SZ,2024-01-25,14.15,14.55,14.11,14.48,14.14,0.34,2.4045,197234.67,283488.348
002648.SZ,2024-01-26,14.45,14.7,14.41,14.48,14.48,0.0,0.0,185742.34,270092.968
002648.SZ,2024-01-29,14.52,14.6,14.16,14.18,14.48,-0.3,-2.0718,152937.54,219412.095
002648.SZ,2024-01-30,14.05,14.22,13.83,13.85,14.18,-0.33,-2.3272,149144.32,208984.969
002648.SZ,2024-01-31,13.8,13.93,13.56,13.65,13.85,-0.2,-1.444,177166.56,242979.497
002648.SZ,2024-02-01,13.84,14.07,13.55,13.77,13.65,0.12,0.8791,166394.38,230091.416
002648.SZ,2024-02-02,13.77,13.94,13.02,13.52,13.77,-0.25,-1.8155,251547.22,340580.968
002648.SZ,2024-02-05,13.4,13.88,12.74,13.49,13.52,-0.03,-0.2219,292361.65,388473.957
002648.SZ,2024-02-06,13.3,14.56,13.25,14.5,13.49,1.01,7.487,291674.09,410999.761
002648.SZ,2024-02-07,14.5,14.92,14.41,14.87,14.5,0.37,2.5517,311843.33,460233.159
002648.SZ,2024-02-08,14.89,15.1,14.73,14.95,14.87,0.08,0.538,232386.51,347144.796
002648.SZ,2024-02-19,15.09,15.94,15.08,15.91,14.95,0.96,6.4214,456693.95,716242.562
002648.SZ,2024-02-20,15.95,15.96,15.67,15.85,15.91,-0.06,-0.3771,191496.76,303224.955
002648.SZ,2024-02-21,15.75,16.07,15.56,15.81,15.85,-0.04,-0.2524,214982.09,341162.015
002648.SZ,2024-02-22,15.76,16.36,15.75,16.16,15.81,0.35,2.2138,230196.81,372487.377
002648.SZ,2024-02-23,16.35,16.35,16.06,16.15,16.16,-0.01,-0.0619,116487.28,188586.695
002648.SZ,2024-02-26,16.15,16.46,16.07,16.22,16.15,0.07,0.4334,174628.59,284349.65
002648.SZ,2024-02-27,16.11,16.4,16.05,16.38,16.22,0.16,0.9864,181945.35,296321.729
002648.SZ,2024-02-28,16.28,16.45,16.01,16.01,16.38,-0.37,-2.2589,183849.54,298405.906
002648.SZ,2024-02-29,16.01,16.6,15.98,16.59,16.01,0.58,3.6227,268634.42,442266.223
002648.SZ,2024-03-01,16.62,17.02,16.52,16.61,16.59,0.02,0.1206,213638.99,357332.522
002648.SZ,2024-03-04,16.68,17.12,16.66,16.95,16.61,0.34,2.047,205836.5,348636.246
002648.SZ,2024-03-05,16.9,17.09,16.66,16.8,16.95,-0.15,-0.885,154016.27,259110.981
002648.SZ,2024-03-06,16.78,17.05,16.73,16.86,16.8,0.06,0.3571,135715.46,229599.655
002648.SZ,2024-03-07,16.87,17.0,16.65,16.74,16.86,-0.12,-0.7117,172523.14,289985.375
002648.SZ,2024-03-08,16.81,17.15,16.75,16.98,16.74,0.24,1.4337,148478.89,252493.721
002648.SZ,2024-03-11,17.0,17.06,16.67,16.99,16.98,0.01,0.0589,140278.56,236589.126
002648.SZ,2024-03-12,17.2,17.29,16.83,16.99,16.99,0.0,0.0,186226.21,317402.009
002648.SZ,2024-03-13,16.94,17.24,16.85,17.13,16.99,0.14,0.824,164124.96,280838.439
002648.SZ,2024-03-14,17.15,17.29,16.88,16.97,17.13,-0.16,-0.934,151639.67,258557.523
002648.SZ,2024-03-15,17.0,17.24,16.8,17.18,16.97,0.21,1.2375,159975.69,272096.515
002648.SZ,2024-03-18,17.18,17.55,17.15,17.3,17.18,0.12,0.6985,173915.94,301515.698
002648.SZ,2024-03-19,17.26,17.39,17.08,17.08,17.3,-0.22,-1.2717,172658.99,297168.318
002648.SZ,2024-03-20,17.08,17.36,17.02,17.27,17.08,0.19,1.1124,151539.09,261259.76
002648.SZ,2024-03-21,17.26,17.37,17.16,17.28,17.27,0.01,0.0579,95572.1,165090.922
002648.SZ,2024-03-22,17.29,17.3,16.97,17.1,17.28,-0.18,-1.0417,114086.29,195136.038
002648.SZ,2024-03-25,17.08,17.44,16.96,17.04,17.1,-0.06,-0.3509,147134.38,252922.931
002648.SZ,2024-03-26,16.95,16.99,16.42,16.69,17.04,-0.35,-2.054,301620.79,500797.639
002648.SZ,2024-03-27,16.7,16.98,16.55,16.68,16.69,-0.01,-0.0599,178548.46,299453.927
002648.SZ,2024-03-28,16.65,17.18,16.6,17.05,16.68,0.37,2.2182,201032.61,341239.169
002648.SZ,2024-03-29,17.05,18.52,17.03,18.5,17.05,1.45,8.5044,454241.29,821172.941
002648.SZ,2024-04-01,18.48,18.66,18.05,18.52,18.5,0.02,0.1081,327204.04,601787.529
002648.SZ,2024-04-02,18.5,19.0,18.48,19.0,18.52,0.48,2.5918,315725.67,594871.089
002648.SZ,2024-04-03,18.94,19.71,18.81,19.01,19.0,0.01,0.0526,366083.05,704798.777
002648.SZ,2024-04-08,19.0,19.37,18.89,19.0,19.01,-0.01,-0.0526,219321.33,419381.716
002648.SZ,2024-04-09,19.0,19.32,18.72,18.96,19.0,-0.04,-0.2105,243976.29,464125.646
002648.SZ,2024-04-10,18.96,19.15,18.74,19.09,18.96,0.13,0.6857,183806.59,348838.594
002648.SZ,2024-04-11,19.01,19.37,18.78,19.06,19.09,-0.03,-0.1572,169702.83,323846.382
002648.SZ,2024-04-12,19.07,19.35,18.85,19.13,19.06,0.07,0.3673,176162.07,336460.875
002648.SZ,2024-04-15,19.16,19.82,19.03,19.5,19.13,0.37,1.9341,310108.68,604221.138
002648.SZ,2024-04-16,19.4,20.01,18.9,18.94,19.5,-0.56,-2.8718,305112.17,592514.353
002648.SZ,2024-04-17,19.0,19.45,18.93,19.37,18.94,0.43,2.2703,244135.49,469484.955
002648.SZ,2024-04-18,19.32,19.51,18.93,19.27,19.37,-0.1,-0.5163,221073.81,425896.231
002648.SZ,2024-04-19,19.27,19.68,19.08,19.6,19.27,0.33,1.7125,218212.14,425777.376
002648.SZ,2024-04-22,19.6,19.82,19.25,19.37,19.6,-0.23,-1.1735,221194.22,430714.053
002648.SZ,2024-04-23,18.78,18.85,17.88,18.25,19.37,-1.12,-5.7821,621866.9,1133417.962
002648.SZ,2024-04-24,18.24,18.32,17.86,18.24,18.25,-0.01,-0.0548,324481.0,586736.616
002648.SZ,2024-04-25,18.21,18.64,18.18,18.36,18.24,0.12,0.6579,239223.1,440887.009
002648.SZ,2024-04-26,18.37,18.63,18.1,18.34,18.36,-0.02,-0.1089,209798.16,384423.361
002648.SZ,2024-04-29,18.41,19.34,18.14,19.12,18.34,0.78,4.253,330102.39,621439.125
002648.SZ,2024-04-30,19.06,19.42,18.73,19.28,19.12,0.16,0.8368,236354.91,452786.749
002648.SZ,2024-05-06,19.37,19.89,18.9,19.8,19.28,0.52,2.6971,382156.37,741318.137
002648.SZ,2024-05-07,19.7,19.85,19.49,19.68,19.8,-0.12,-0.6061,228501.34,449627.978
002648.SZ,2024-05-08,19.7,19.99,19.61,19.74,19.68,0.06,0.3049,165844.47,327930.351
002648.SZ,2024-05-09,19.79,20.09,19.65,20.01,19.74,0.27,1.3678,166107.87,330243.579
002648.SZ,2024-05-10,20.02,20.13,19.6,19.9,20.01,-0.11,-0.5497,188661.49,373520.932
002648.SZ,2024-05-13,19.83,19.87,19.46,19.59,19.9,-0.31,-1.5578,175878.81,344468.844
002648.SZ,2024-05-14,19.33,19.48,19.12,19.37,19.19,0.18,0.938,138650.09,268003.094
002648.SZ,2024-05-15,19.31,19.33,18.9,18.98,19.37,-0.39,-2.0134,162199.16,309035.817
002648.SZ,2024-05-16,18.96,19.22,18.69,18.77,18.98,-0.21,-1.1064,195650.68,369226.792
002648.SZ,2024-05-17,18.75,18.92,18.23,18.91,18.77,0.14,0.7459,276150.21,512283.82
002648.SZ,2024-05-20,18.81,19.52,18.8,19.36,18.91,0.45,2.3797,254560.05,491347.423
002648.SZ,2024-05-21,19.34,19.35,18.5,18.65,19.36,-0.71,-3.6674,256797.63,482909.11
002648.SZ,2024-05-22,18.7,19.03,18.55,18.91,18.65,0.26,1.3941,240874.62,453162.945
002648.SZ,2024-05-23,18.76,18.89,18.38,18.55,18.91,-0.36,-1.9038,140265.94,260059.729
002648.SZ,2024-05-24,18.54,18.7,18.41,18.44,18.55,-0.11,-0.593,84891.61,157441.322
002648.SZ,2024-05-27,18.45,18.63,18.22,18.59,18.44,0.15,0.8134,175588.14,322891.49
002648.SZ,2024-05-28,18.6,18.95,18.56,18.59,18.59,0.0,0.0,115396.8,216204.155
002648.SZ,2024-05-29,18.59,18.67,18.4,18.46,18.59,-0.13,-0.6993,69496.24,128653.261
002648.SZ,2024-05-30,18.46,18.72,18.21,18.31,18.46,-0.15,-0.8126,130154.41,240018.754
002648.SZ,2024-05-31,18.21,18.38,18.13,18.24,18.31,-0.07,-0.3823,110404.64,201460.883
002648.SZ,2024-06-03,18.11,18.23,17.81,17.92,18.24,-0.32,-1.7544,195111.88,349797.636
002648.SZ,2024-06-04,17.86,18.14,17.51,18.06,17.92,0.14,0.7813,173820.82,309838.06
002648.SZ,2024-06-05,17.99,18.49,17.98,18.19,18.06,0.13,0.7198,163672.94,299291.575
002648.SZ,2024-06-06,18.25,18.75,18.2,18.38,18.19,0.19,1.0445,176507.96,326557.889
002648.SZ,2024-06-07,18.39,18.49,17.99,18.05,18.38,-0.33,-1.7954,139619.52,253248.342
002648.SZ,2024-06-11,17.87,18.33,17.83,18.22,18.05,0.17,0.9418,108361.89,195865.019
002648.SZ,2024-06-12,18.06,18.38,18.05,18.28,18.22,0.06,0.3293,88133.91,160681.509
002648.SZ,2024-06-13,18.3,18.4,17.9,17.99,18.28,-0.29,-1.5864,122952.41,222143.271
002648.SZ,2024-06-14,17.92,18.1,17.82,17.97,17.99,-0.02,-0.1112,124148.4,222588.233
002648.SZ,2024-06-17,17.81,18.17,17.68,17.89,17.97,-0.08,-0.4452,124474.42,222771.84
002648.SZ,2024-06-18,17.89,18.26,17.73,18.12,17.89,0.23,1.2856,93370.48,168400.187
002648.SZ,2024-06-19,18.1,18.49,17.83,18.43,18.12,0.31,1.7108,206196.02,376692.848
002648.SZ,2024-06-20,18.42,18.69,17.92,17.96,18.43,-0.47,-2.5502,165344.59,301827.331
002648.SZ,2024-06-21,17.84,18.24,17.83,18.14,17.96,0.18,1.0022,116626.54,211033.449
002648.SZ,2024-06-24,17.98,18.25,17.94,18.12,18.14,-0.02,-0.1103,124948.31,226503.546
002648.SZ,2024-06-25,18.1,18.65,18.08,18.49,18.12,0.37,2.0419,213027.45,392870.21
002648.SZ,2024-06-26,18.45,18.49,17.86,18.2,18.49,-0.29,-1.5684,196620.69,355071.153
002648.SZ,2024-06-27,18.1,18.39,17.62,17.63,18.2,-0.57,-3.1319,184595.11,329884.748
002648.SZ,2024-06-28,17.63,18.17,17.62,17.98,17.63,0.35,1.9853,189808.02,340736.676
002648.SZ,2024-07-01,18.02,18.97,17.88,18.83,17.98,0.85,4.7275,260457.8,483635.606
002648.SZ,2024-07-02,18.82,18.85,18.01,18.24,18.83,-0.59,-3.1333,203885.86,373960.475
002648.SZ,2024-07-03,18.35,18.36,18.03,18.1,18.24,-0.14,-0.7675,93017.57,168958.635
002648.SZ,2024-07-04,18.16,18.64,18.14,18.39,18.1,0.29,1.6022,172173.29,317523.074
002648.SZ,2024-07-05,18.25,18.41,17.84,18.16,18.39,-0.23,-1.2507,184172.67,332538.145
002648.SZ,2024-07-08,18.1,18.33,17.87,17.91,18.16,-0.25,-1.3767,139965.09,252703.223
002648.SZ,2024-07-09,17.83,18.18,17.68,18.16,17.91,0.25,1.3959,145703.03,261627.48
002648.SZ,2024-07-10,18.06,18.43,17.6,17.71,18.16,-0.45,-2.478,197925.26,355536.669
002648.SZ,2024-07-11,17.9,18.14,17.47,17.94,17.71,0.23,1.2987,201846.99,360233.047
002648.SZ,2024-07-12,17.88,18.09,17.76,17.88,17.94,-0.06,-0.3344,74685.24,133446.897
002648.SZ,2024-07-15,17.81,18.4,17.72,18.16,17.88,0.28,1.566,181202.38,329528.537
002648.SZ,2024-07-16,18.16,18.34,17.97,18.2,18.16,0.04,0.2203,125774.39,227856.679
002648.SZ,2024-07-17,18.18,18.22,17.8,17.91,18.2,-0.29,-1.5934,140549.63,252030.761
002648.SZ,2024-07-18,17.61,18.17,17.25,18.17,17.91,0.26,1.4517,363581.24,644023.198
002648.SZ,2024-07-19,18.02,18.08,17.61,17.97,18.17,-0.2,-1.1007,195106.56,349109.877
002648.SZ,2024-07-22,18.05,18.1,17.5,17.64,17.97,-0.33,-1.8364,239027.15,421049.626
002648.SZ,2024-07-23,17.52,17.55,16.95,16.95,17.64,-0.69,-3.9116,268574.12,461704.258
002648.SZ,2024-07-24,16.92,17.22,16.68,16.73,16.95,-0.22,-1.2979,145739.86,245932.094
002648.SZ,2024-07-25,16.64,16.95,16.45,16.6,16.73,-0.13,-0.777,152711.75,254384.156
002648.SZ,2024-07-26,16.66,16.79,16.51,16.75,16.6,0.15,0.9036,128351.96,213700.267
002648.SZ,2024-07-29,16.8,17.11,16.52,16.96,16.75,0.21,1.2537,152017.74,256886.013
002648.SZ,2024-07-30,16.96,16.99,16.62,16.73,16.96,-0.23,-1.3561,132721.77,221748.72
002648.SZ,2024-07-31,16.75,17.53,16.66,17.45,16.73,0.72,4.3036,211675.59,366026.057
002648.SZ,2024-08-01,17.48,17.52,16.83,16.92,17.45,-0.53,-3.0372,187772.02,320442.858
002648.SZ,2024-08-02,16.76,16.95,16.56,16.78,16.92,-0.14,-0.8274,129492.11,217039.706
002648.SZ,2024-08-05,16.58,16.94,16.13,16.19,16.78,-0.59,-3.5161,165887.04,272419.382
002648.SZ,2024-08-06,16.46,16.58,16.22,16.3,16.19,0.11,0.6794,122621.44,200256.21
002648.SZ,2024-08-07,16.27,16.75,16.21,16.63,16.3,0.33,2.0245,116562.39,193199.009
002648.SZ,2024-08-08,16.59,16.76,16.32,16.66,16.63,0.03,0.1804,82481.04,136814.38
002648.SZ,2024-08-09,16.72,17.1,16.26,16.35,16.66,-0.31,-1.8607,111641.35,184994.306
002648.SZ,2024-08-12,16.36,16.48,16.22,16.35,16.35,0.0,0.0,56296.48,92156.592
002648.SZ,2024-08-13,16.38,16.44,16.11,16.29,16.35,-0.06,-0.367,74077.22,120216.052
002648.SZ,2024-08-14,16.28,16.29,15.75,15.85,16.29,-0.44,-2.701,119954.26,190999.508
002648.SZ,2024-08-15,15.87,16.28,15.81,15.96,15.85,0.11,0.694,131938.25,211178.924
002648.SZ,2024-08-16,16.01,16.2,15.89,16.08,15.96,0.12,0.7519,88356.0,141692.232
002648.SZ,2024-08-19,15.99,16.46,15.99,16.18,16.08,0.1,0.6219,97752.14,158527.334
002648.SZ,2024-08-20,16.14,16.26,15.72,15.85,16.18,-0.33,-2.0396,127430.3,203044.929
002648.SZ,2024-08-21,15.85,15.89,15.6,15.76,15.85,-0.09,-0.5678,126425.8,198689.737
002648.SZ,2024-08-22,15.75,15.81,15.43,15.55,15.76,-0.21,-1.3325,171955.79,267855.025
002648.SZ,2024-08-23,15.52,15.78,15.44,15.66,15.55,0.11,0.7074,134804.51,211027.181
002648.SZ,2024-08-26,15.73,15.81,15.59,15.81,15.66,0.15,0.9579,83005.39,130596.95
002648.SZ,2024-08-27,15.75,15.87,15.54,15.63,15.81,-0.18,-1.1385,80132.21,125512.143
002648.SZ,2024-08-28,15.5,15.84,15.5,15.64,15.63,0.01,0.064,98553.1,154625.762
002648.SZ,2024-08-29,15.56,16.1,15.48,15.98,15.64,0.34,2.1739,127549.82,202685.829
002648.SZ,2024-08-30,15.99,16.58,15.67,16.37,15.98,0.39,2.4406,190752.45,309992.399
002648.SZ,2024-09-02,16.25,16.45,16.0,16.03,16.37,-0.34,-2.077,147636.93,238666.861
002648.SZ,2024-09-03,15.97,16.32,15.93,16.23,16.03,0.2,1.2477,88036.69,142588.503
002648.SZ,2024-09-04,16.12,16.22,15.79,15.81,16.23,-0.42,-2.5878,107472.17,170722.953
002648.SZ,2024-09-05,15.9,15.96,15.15,15.21,15.81,-0.6,-3.7951,244639.79,376574.932
002648.SZ,2024-09-06,15.25,15.25,14.87,14.9,15.21,-0.31,-2.0381,115297.62,173266.157
002648.SZ,2024-09-09,14.91,15.15,14.65,15.1,14.9,0.2,1.3423,143836.97,214358.92
002648.SZ,2024-09-10,15.1,15.3,14.9,15.2,15.1,0.1,0.6623,109999.61,166220.619
002648.SZ,2024-09-11,15.08,15.21,14.86,15.06,15.2,-0.14,-0.9211,133008.44,199738.705
002648.SZ,2024-09-12,15.08,15.2,14.93,15.08,15.06,0.02,0.1328,90932.75,137243.417
002648.SZ,2024-09-13,15.06,15.13,14.72,14.75,15.08,-0.33,-2.1883,128790.34,191429.573
002648.SZ,2024-09-18,14.87,15.09,14.71,15.06,14.75,0.31,2.1017,107644.93,160361.458
002648.SZ,2024-09-19,15.19,15.47,14.9,15.19,15.06,0.13,0.8632,177776.13,269528.193
002648.SZ,2024-09-20,15.1,15.15,14.76,14.92,15.19,-0.27,-1.7775,155040.68,231436.056
002648.SZ,2024-09-23,14.87,15.16,14.83,14.93,14.92,0.01,0.067,106147.72,159598.341
002648.SZ,2024-09-24,15.02,16.15,15.01,16.08,14.93,1.15,7.7026,320859.2,503217.513
002648.SZ,2024-09-25,16.15,16.73,16.15,16.19,16.08,0.11,0.6841,247937.67,408194.991
002648.SZ,2024-09-26,16.23,17.02,16.15,17.0,16.19,0.81,5.0031,203261.4,337485.027
002648.SZ,2024-09-27,17.35,17.85,17.13,17.51,17.0,0.51,3.0,328865.83,572068.231
002648.SZ,2024-09-30,17.86,18.81,17.75,18.67,17.51,1.16,6.6248,584798.41,1071984.594
002648.SZ,2024-10-08,20.54,20.54,18.81,19.26,18.67,0.59,3.1601,628006.69,1226266.137
002648.SZ,2024-10-09,19.02,19.16,17.86,18.04,19.26,-1.22,-6.3344,463584.34,859187.669
002648.SZ,2024-10-10,18.1,18.79,17.76,18.32,18.04,0.28,1.5521,339359.04,623616.132
002648.SZ,2024-10-11,18.25,18.42,17.84,17.98,18.32,-0.34,-1.8559,157622.35,284838.929
002648.SZ,2024-10-14,18.18,19.22,17.95,19.07,17.98,1.09,6.0623,429111.82,804409.495
002648.SZ,2024-10-15,19.07,19.07,18.3,18.3,19.07,-0.77,-4.0378,247268.47,457596.342
002648.SZ,2024-10-16,18.05,18.28,17.9,18.12,18.3,-0.18,-0.9836,162441.26,293831.331
002648.SZ,2024-10-17,18.29,18.43,17.78,17.79,18.12,-0.33,-1.8212,155897.02,281932.491
002648.SZ,2024-10-18,17.84,18.41,17.72,18.15,17.79,0.36,2.0236,215242.63,388340.098
002648.SZ,2024-10-21,18.43,18.49,17.94,18.29,18.15,0.14,0.7713,215577.77,392206.002
002648.SZ,2024-10-22,18.47,19.2,18.3,18.93,18.29,0.64,3.4992,350080.96,661651.711
002648.SZ,2024-10-23,18.99,19.1,18.6,18.74,18.93,-0.19,-1.0037,228329.47,429949.753
002648.SZ,2024-10-24,18.6,19.34,18.6,18.88,18.74,0.14,0.7471,248252.95,471940.592
002648.SZ,2024-10-25,18.82,19.24,18.8,19.1,18.88,0.22,1.1653,169351.13,323165.487
002648.SZ,2024-10-28,19.15,19.28,18.71,19.0,19.1,-0.1,-0.5236,189380.98,360664.093
002648.SZ,2024-10-29,19.12,19.15,18.66,18.8,19.0,-0.2,-1.0526,181390.85,341567.842
002648.SZ,2024-10-30,18.85,18.98,18.75,18.93,18.8,0.13,0.6915,150454.61,283767.503
002648.SZ,2024-10-31,18.93,19.25,18.85,18.91,18.93,-0.02,-0.1057,217462.13,413849.882
002648.SZ,2024-11-01,18.97,19.88,18.92,19.45,18.91,0.54,2.8556,406619.49,797572.17
002648.SZ,2024-11-04,19.51,19.64,19.25,19.63,19.45,0.18,0.9254,184784.94,359911.14
002648.SZ,2024-11-05,19.63,19.75,19.27,19.63,19.63,0.0,0.0,316238.88,617187.197
002648.SZ,2024-11-06,19.63,19.8,19.41,19.51,19.63,-0.12,-0.6113,232292.33,454277.785
002648.SZ,2024-11-07,19.34,19.68,18.92,19.26,19.51,-0.25,-1.2814,512972.05,985733.021
002648.SZ,2024-11-08,19.33,19.39,18.4,18.74,19.26,-0.52,-2.6999,662562.13,1245335.526
002648.SZ,2024-11-11,18.7,18.86,18.4,18.85,18.74,0.11,0.587,267444.38,498190.801
002648.SZ,2024-11-12,18.81,19.23,18.44,18.55,18.85,-0.3,-1.5915,284308.17,533918.105
002648.SZ,2024-11-13,18.47,18.65,18.32,18.57,18.55,0.02,0.1078,171322.83,316849.919
002648.SZ,2024-11-14,18.58,19.4,18.5,18.94,18.57,0.37,1.9925,543757.32,1039744.168
002648.SZ,2024-11-15,18.84,19.03,18.63,18.67,18.94,-0.27,-1.4256,192954.9,363121.521
002648.SZ,2024-11-18,18.68,18.85,18.18,18.23,18.67,-0.44,-2.3567,231713.89,428501.198
002648.SZ,2024-11-19,18.17,18.52,18.09,18.47,18.23,0.24,1.3165,157447.48,287853.338
002648.SZ,2024-11-20,18.44,18.74,18.31,18.35,18.47,-0.12,-0.6497,143477.39,264278.221
002648.SZ,2024-11-21,18.36,18.47,18.13,18.19,18.35,-0.16,-0.8719,168678.08,307434.898
002648.SZ,2024-11-22,18.22,18.32,17.85,17.85,18.19,-0.34,-1.8692,214845.47,387441.367
002648.SZ,2024-11-25,17.76,18.03,17.36,17.51,17.85,-0.34,-1.9048,171966.01,303880.823
002648.SZ,2024-11-26,17.42,17.81,17.38,17.74,17.51,0.23,1.3135,123269.04,217911.402
002648.SZ,2024-11-27,17.67,17.92,17.54,17.89,17.74,0.15,0.8455,126301.31,224340.89
002648.SZ,2024-11-28,17.98,17.99,17.67,17.73,17.89,-0.16,-0.8944,81049.39,144515.928
002648.SZ,2024-11-29,17.67,18.15,17.65,17.95,17.73,0.22,1.2408,135951.83,243944.333
002648.SZ,2024-12-02,18.0,18.09,17.76,18.0,17.95,0.05,0.2786,159229.45,285730.109
002648.SZ,2024-12-03,18.02,18.1,17.8,17.93,18.0,-0.07,-0.3889,138121.57,247863.281
002648.SZ,2024-12-04,17.93,18.04,17.8,17.95,17.93,0.02,0.1115,131645.12,235857.849
002648.SZ,2024-12-05,17.85,17.91,17.62,17.7,17.95,-0.25,-1.3928,103077.06,182640.742
002648.SZ,2024-12-06,17.67,17.81,17.63,17.75,17.7,0.05,0.2825,116182.21,205923.684
002648.SZ,2024-12-09,17.73,18.08,17.68,17.85,17.75,0.1,0.5634,142875.91,255618.033
002648.SZ,2024-12-10,18.4,18.51,17.76,17.81,17.85,-0.04,-0.2241,269167.77,484224.415
002648.SZ,2024-12-11,17.81,17.98,17.74,17.92,17.81,0.11,0.6176,147839.43,264031.057
002648.SZ,2024-12-12,17.92,18.14,17.83,18.06,17.92,0.14,0.7813,139778.64,252067.734
002648.SZ,2024-12-13,18.0,18.05,17.57,17.58,18.06,-0.48,-2.6578,216139.33,383376.972
002648.SZ,2024-12-16,17.66,17.75,17.27,17.38,17.58,-0.2,-1.1377,127679.28,222579.151
002648.SZ,2024-12-17,17.41,17.97,17.41,17.78,17.38,0.4,2.3015,213905.65,380584.04
002648.SZ,2024-12-18,17.81,17.85,17.58,17.63,17.78,-0.15,-0.8436,104606.48,184991.611
002648.SZ,2024-12-19,17.46,17.58,17.25,17.55,17.63,-0.08,-0.4538,100112.25,174987.944
002648.SZ,2024-12-20,17.55,17.6,17.38,17.38,17.55,-0.17,-0.9687,102676.9,179362.735
002648.SZ,2024-12-23,17.42,18.18,17.42,17.76,17.38,0.38,2.1864,290670.42,520346.986
002648.SZ,2024-12-24,17.89,18.42,17.81,18.38,17.76,0.62,3.491,278996.24,509478.259
002648.SZ,2024-12-25,18.47,18.76,18.08,18.39,18.38,0.01,0.0544,343988.86,634753.298
002648.SZ,2024-12-26,18.43,18.43,18.06,18.23,18.39,-0.16,-0.87,242251.97,441470.965
002648.SZ,2024-12-27,18.24,18.6,17.98,18.22,18.23,-0.01,-0.0549,268020.12,487793.281
002648.SZ,2024-12-30,18.49,19.22,18.48,18.97,18.22,0.75,4.1164,628883.46,1195825.322
002648.SZ,2024-12-31,19.02,19.28,18.68,18.79,18.97,-0.18,-0.9489,377069.62,715126.86
002648.SZ,2025-01-02,18.79,19.14,18.48,18.63,18.79,-0.16,-0.8515,394781.31,739022.694
002648.SZ,2025-01-03,18.71,19.2,18.59,18.66,18.63,0.03,0.161,496377.52,935200.981
002648.SZ,2025-01-06,18.68,18.84,18.36,18.57,18.66,-0.09,-0.4823,335306.53,623253.475
002648.SZ,2025-01-07,18.55,19.0,18.26,19.0,18.57,0.43,2.3156,281439.37,528285.533
002648.SZ,2025-01-08,18.9,19.14,18.57,18.98,19.0,-0.02,-0.1053,272588.62,512780.825
002648.SZ,2025-01-09,18.97,19.25,18.88,19.1,18.98,0.12,0.6322,229068.95,438042.678
002648.SZ,2025-01-10,19.1,19.34,18.81,18.86,19.1,-0.24,-1.2565,235655.94,447093.379
002648.SZ,2025-01-13,18.8,19.25,18.66,19.1,18.86,0.24,1.2725,251102.6,479387.87
002648.SZ,2025-01-14,19.15,20.01,18.96,19.92,19.1,0.82,4.2932,391138.03,768539.921
002648.SZ,2025-01-15,19.89,20.38,19.81,20.15,19.92,0.23,1.1546,295441.14,595509.517
002648.SZ,2025-01-16,20.23,20.39,19.98,20.19,20.15,0.04,0.1985,205707.35,415362.877
002648.SZ,2025-01-17,20.18,20.47,20.11,20.3,20.19,0.11,0.5448,168228.4,341511.06
002648.SZ,2025-01-20,20.45,20.49,19.8,19.88,20.3,-0.42,-2.069,363736.1,729816.083
002648.SZ,2025-01-21,19.98,19.99,19.66,19.82,19.88,-0.06,-0.3018,253129.01,500357.527
002648.SZ,2025-01-22,19.76,19.87,19.27,19.36,19.82,-0.46,-2.3209,240315.67,467198.442
002648.SZ,2025-01-23,19.48,19.6,19.23,19.5,19.36,0.14,0.7231,251770.35,489053.597
002648.SZ,2025-01-24,19.42,19.64,19.28,19.47,19.5,-0.03,-0.1538,153834.39,299489.798
002648.SZ,2025-01-27,19.5,20.18,19.44,20.03,19.47,0.56,2.8762,264264.95,527870.64
002648.SZ,2025-02-05,20.08,20.28,19.81,19.89,20.03,-0.14,-0.699,215196.63,429335.801
002648.SZ,2025-02-06,19.83,20.05,19.58,19.92,19.89,0.03,0.1508,233475.6,461643.425
002648.SZ,2025-02-07,19.89,20.29,19.8,20.14,19.92,0.22,1.1044,214906.08,432020.688
002648.SZ,2025-02-10,20.15,20.25,19.75,20.09,20.14,-0.05,-0.2483,190224.01,379917.216
002648.SZ,2025-02-11,20.2,21.2,20.18,21.04,20.09,0.95,4.7287,373335.41,781506.158
002648.SZ,2025-02-12,21.0,21.09,20.76,21.07,21.04,0.03,0.1426,176452.7,369648.26
002648.SZ,2025-02-13,21.04,21.29,20.84,20.88,21.07,-0.19,-0.9018,163025.51,342526.063
002648.SZ,2025-02-14,20.88,20.97,20.7,20.88,20.88,0.0,0.0,113613.23,236554.43
002648.SZ,2025-02-17,20.98,21.42,20.46,21.4,20.88,0.52,2.4904,264871.03,556000.822
002648.SZ,2025-02-18,21.22,22.02,21.2,21.55,21.4,0.15,0.7009,292922.88,634775.178
002648.SZ,2025-02-19,21.49,21.61,21.25,21.4,21.55,-0.15,-0.6961,168712.6,360847.926
002648.SZ,2025-02-20,21.4,21.68,21.25,21.58,21.4,0.18,0.8411,141019.4,302712.079
002648.SZ,2025-02-21,21.63,21.7,21.22,21.44,21.58,-0.14,-0.6487,213338.74,456594.338
002648.SZ,2025-02-24,21.44,21.63,21.1,21.13,21.44,-0.31,-1.4459,217110.52,462832.597
002648.SZ,2025-02-25,21.06,21.08,20.52,20.63,21.13,-0.5,-2.3663,272727.89,565508.713
002648.SZ,2025-02-26,21.27,21.6,20.62,20.75,20.63,0.12,0.5817,431559.23,906327.618
002648.SZ,2025-02-27,20.76,21.29,20.62,21.14,20.75,0.39,1.8795,309153.36,649585.597
002648.SZ,2025-02-28,21.16,21.77,21.08,21.23,21.14,0.09,0.4257,259581.62,555221.546
002648.SZ,2025-03-03,21.28,21.6,21.19,21.27,21.23,0.04,0.1884,240069.3,511626.82
002648.SZ,2025-03-04,21.21,21.65,21.16,21.52,21.27,0.25,1.1754,224367.41,482550.111
002648.SZ,2025-03-05,21.59,21.73,21.1,21.25,21.52,-0.27,-1.2546,255871.16,545767.422
002648.SZ,2025-03-06,21.16,21.48,20.98,21.37,21.25,0.12,0.5647,240273.93,510304.882
002648.SZ,2025-03-07,21.35,22.1,21.22,21.88,21.37,0.51,2.3865,225483.65,491061.797
002648.SZ,2025-03-10,21.9,22.33,21.69,22.06,21.88,0.18,0.8227,220908.52,486703.988
002648.SZ,2025-03-11,21.9,22.11,21.8,22.11,22.06,0.05,0.2267,211177.62,463100.936
002648.SZ,2025-03-12,22.11,22.16,21.65,21.87,22.11,-0.24,-1.0855,205175.47,447641.906
002648.SZ,2025-03-13,21.87,21.87,21.13,21.19,21.87,-0.68,-3.1093,391530.89,837890.382
002648.SZ,2025-03-14,21.24,21.5,21.11,21.27,21.19,0.08,0.3775,216928.32,462505.051
002648.SZ,2025-03-17,21.38,21.79,21.27,21.31,21.27,0.04,0.1881,222589.35,478301.289
002648.SZ,2025-03-18,21.32,21.65,21.26,21.53,21.31,0.22,1.0324,140660.89,301932.05
002648.SZ,2025-03-19,21.53,21.66,21.38,21.53,21.53,0.0,0.0,111888.14,240584.583
002648.SZ,2025-03-20,21.53,21.62,21.28,21.35,21.53,-0.18,-0.836,111557.8,238921.315
002648.SZ,2025-03-21,21.25,21.57,20.95,21.05,21.35,-0.3,-1.4052,189358.15,400362.817
002648.SZ,2025-03-24,21.06,21.28,20.89,21.25,21.05,0.2,0.9501,195237.71,411915.85
002648.SZ,2025-03-25,21.32,21.82,20.88,21.66,21.25,0.41,1.9294,327460.59,699798.62
002648.SZ,2025-03-26,21.6,21.97,21.57,21.62,21.66,-0.04,-0.1847,199437.14,433177.638
002648.SZ,2025-03-27,21.63,22.36,21.63,22.21,21.62,0.59,2.729,299601.06,660202.561
002648.SZ,2025-03-28,22.21,22.88,21.96,22.57,22.21,0.36,1.6209,339542.49,765832.171
002648.SZ,2025-03-31,22.51,23.19,22.51,22.99,22.57,0.42,1.8609,345362.94,790662.663
002648.SZ,2025-04-01,23.03,23.11,22.45,22.63,22.99,-0.36,-1.5659,392165.44,892911.075
002648.SZ,2025-04-02,22.53,22.75,22.36,22.5,22.63,-0.13,-0.5745,184188.53,414550.679
002648.SZ,2025-04-03,22.32,22.32,21.16,21.78,22.5,-0.72,-3.2,440651.86,953405.792
002648.SZ,2025-04-07,19.6,19.6,19.6,19.6,21.78,-2.18,-10.0092,133455.0,261571.8
002648.SZ,2025-04-08,17.7,18.12,17.64,17.64,19.6,-1.96,-10.0,708925.94,1253646.224
002648.SZ,2025-04-09,16.88,17.0,15.9,16.42,17.64,-1.22,-6.9161,1964908.61,3188035.261
002648.SZ,2025-04-10,17.01,17.33,16.36,16.66,16.42,0.24,1.4616,1834045.45,3083017.732
002648.SZ,2025-04-11,16.53,18.0,16.44,17.57,16.66,0.91,5.4622,1441656.38,2465670.109
002648.SZ,2025-04-14,17.85,17.98,17.06,17.11,17.57,-0.46,-2.6181,1377713.22,2400445.751
002648.SZ,2025-04-15,17.1,17.18,16.56,16.71,17.11,-0.4,-2.3378,805849.99,1352387.222
002648.SZ,2025-04-16,16.58,16.68,15.8,16.0,16.71,-0.71,-4.249,1112972.98,1791045.092
002648.SZ,2025-04-17,15.8,15.98,15.57,15.6,16.0,-0.4,-2.5,1119128.81,1761828.421
002648.SZ,2025-04-18,15.58,15.97,15.54,15.77,15.6,0.17,1.0897,742535.02,1171856.42
002648.SZ,2025-04-21,15.82,16.49,15.58,16.4,15.77,0.63,3.9949,1107111.1,1785620.131
002648.SZ,2025-04-22,16.16,16.25,15.83,15.84,16.4,-0.56,-3.4146,1166693.78,1861466.774
002648.SZ,2025-04-23,16.85,17.42,16.7,17.42,15.84,1.58,9.9747,1220879.12,2106413.875
002648.SZ,2025-04-24,17.65,17.65,17.03,17.41,17.42,-0.01,-0.0574,2049620.53,3555182.457
002648.SZ,2025-04-25,18.96,19.15,18.39,19.15,17.41,1.74,9.9943,3034823.65,5727177.604
002648.SZ,2025-04-28,18.87,19.01,18.41,18.41,19.15,-0.74,-3.8642,1356092.75,2520585.514
002648.SZ,2025-04-29,18.3,18.39,17.81,17.99,18.41,-0.42,-2.2814,839842.96,1510477.169
002648.SZ,2025-04-30,18.33,18.6,18.09,18.11,17.99,0.12,0.667,830814.04,1520501.602
002648.SZ,2025-05-06,18.3,18.4,18.11,18.4,18.11,0.29,1.6013,831986.53,1521616.859
002648.SZ,2025-05-07,18.81,19.11,18.2,18.32,18.4,-0.08,-0.4348,861151.69,1602305.351
002648.SZ,2025-05-08,18.31,18.48,18.21,18.36,18.32,0.04,0.2183,510180.6,936245.553
002648.SZ,2025-05-09,18.33,18.33,17.74,17.98,18.36,-0.38,-2.0697,609577.28,1093731.31
002648.SZ,2025-05-12,18.6,18.79,18.37,18.75,17.98,0.77,4.2825,979156.25,1823459.305
002648.SZ,2025-05-13,19.3,19.3,18.54,18.67,18.75,-0.08,-0.4267,810914.87,1524129.735
002648.SZ,2025-05-14,18.6,18.77,18.4,18.61,18.67,-0.06,-0.3214,516631.13,959128.708
002648.SZ,2025-05-15,18.57,18.6,18.18,18.2,18.61,-0.41,-2.2031,400375.13,733210.66
002648.SZ,2025-05-16,18.14,18.23,18.08,18.2,18.2,0.0,0.0,264375.73,480625.149
002648.SZ,2025-05-19,18.1,18.18,17.96,18.11,18.2,-0.09,-0.4945,302871.99,547271.104
002648.SZ,2025-05-20,18.11,18.16,17.9,18.06,18.11,-0.05,-0.2761,390632.99,703391.46
002648.SZ,2025-05-21,18.06,18.14,17.93,17.97,18.06,-0.09,-0.4983,348612.17,628152.886
002648.SZ,2025-05-22,17.98,18.18,17.89,17.96,17.97,-0.01,-0.0556,319533.9,576368.407
002648.SZ,2025-05-23,17.94,18.03,17.66,17.69,17.96,-0.27,-1.5033,365916.8,652395.696
002648.SZ,2025-05-26,17.73,17.77,17.41,17.54,17.69,-0.15,-0.8479,320009.14,560777.759
002648.SZ,2025-05-27,17.53,17.54,17.1,17.2,17.54,-0.34,-1.9384,448663.36,773505.155
002648.SZ,2025-05-28,17.2,17.32,17.06,17.1,17.2,-0.1,-0.5814,269418.8,462904.496
002648.SZ,2025-05-29,17.23,17.58,17.23,17.44,17.1,0.34,1.9883,444962.49,776045.881
002648.SZ,2025-05-30,17.26,17.26,16.69,16.73,17.44,-0.71,-4.0711,711043.4,1199187.432
002648.SZ,2025-06-03,16.7,17.06,16.65,16.98,16.73,0.25,1.4943,414570.42,702278.345
002648.SZ,2025-06-04,17.02,17.11,16.96,17.09,16.98,0.11,0.6478,258218.54,440220.365
002648.SZ,2025-06-05,16.98,17.15,16.52,17.1,17.09,0.01,0.0585,433279.46,734396.578
002648.SZ,2025-06-06,17.1,17.4,16.92,17.04,17.1,-0.06,-0.3509,580950.9,995318.217
002648.SZ,2025-06-09,16.71,17.24,16.64,17.11,16.54,0.57,3.4462,859680.54,1450225.967
002648.SZ,2025-06-10,17.15,17.56,16.53,16.73,17.11,-0.38,-2.2209,941556.52,1595137.703
002648.SZ,2025-06-11,16.96,17.06,16.74,16.9,16.73,0.17,1.0161,633838.83,1069357.624
002648.SZ,2025-06-12,17.0,17.19,16.75,16.79,16.9,-0.11,-0.6509,565844.32,955463.387
002648.SZ,2025-06-13,16.68,16.81,16.53,16.76,16.79,-0.03,-0.1787,494874.22,825151.523
002648.SZ,2025-06-16,16.65,16.66,16.35,16.39,16.76,-0.37,-2.2076,591891.62,974722.561
002648.SZ,2025-06-17,16.39,16.45,16.26,16.4,16.39,0.01,0.061,383987.26,627288.176
002648.SZ,2025-06-18,16.4,16.49,16.27,16.32,16.4,-0.08,-0.4878,258623.38,422830.634
002648.SZ,2025-06-19,16.28,16.3,15.95,16.02,16.32,-0.3,-1.8382,405876.94,654225.518
002648.SZ,2025-06-20,15.97,16.1,15.97,15.98,16.02,-0.04,-0.2497,322111.48,516300.312
002648.SZ,2025-06-23,15.9,16.17,15.76,16.05,15.98,0.07,0.438,363112.1,581554.638
002648.SZ,2025-06-24,16.1,16.33,16.07,16.27,16.05,0.22,1.3707,391921.21,636718.113
002648.SZ,2025-06-25,16.28,16.4,16.19,16.4,16.27,0.13,0.799,459381.99,748226.339
002648.SZ,2025-06-26,16.41,17.28,16.41,16.77,16.4,0.37,2.2561,1096541.44,1857537.073
002648.SZ,2025-06-27,17.03,17.25,16.85,17.13,16.77,0.36,2.1467,896848.55,1533230.125
002648.SZ,2025-06-30,17.37,17.54,17.21,17.33,17.13,0.2,1.1675,634250.29,1102346.993
002648.SZ,2025-07-01,17.2,17.33,17.02,17.22,17.33,-0.11,-0.6347,458393.19,786280.201
002648.SZ,2025-07-02,17.24,17.51,17.14,17.31,17.22,0.09,0.5226,485124.53,841369.128
002648.SZ,2025-07-03,17.76,18.27,17.63,18.1,17.31,0.79,4.5638,1277450.87,2296659.852
002648.SZ,2025-07-04,18.17,18.25,17.8,17.82,18.1,-0.28,-1.547,612148.11,1094484.89
002648.SZ,2025-07-07,17.87,17.87,17.54,17.6,17.82,-0.22,-1.2346,364391.48,642022.107
002648.SZ,2025-07-08,17.56,17.66,17.44,17.63,17.6,0.03,0.1705,448155.04,787314.15
002648.SZ,2025-07-09,17.67,17.68,17.31,17.35,17.63,-0.28,-1.5882,463340.84,810422.796
002648.SZ,2025-07-10,17.33,17.64,17.31,17.57,17.35,0.22,1.268,379103.18,663537.398
002648.SZ,2025-07-11,17.5,17.63,17.4,17.5,17.57,-0.07,-0.3984,394396.13,690767.256
002648.SZ,2025-07-14,17.5,17.53,17.37,17.47,17.5,-0.03,-0.1714,293010.37,511222.415
002648.SZ,2025-07-15,17.39,17.4,17.1,17.2,17.47,-0.27,-1.5455,481428.01,829502.864
002648.SZ,2025-07-16,17.62,17.68,17.35,17.39,17.2,0.19,1.1047,549140.55,957568.941
002648.SZ,2025-07-17,17.31,17.45,17.25,17.45,17.39,0.06,0.345,408574.94,709036.379
002648.SZ,2025-07-18,17.45,17.85,17.45,17.62,17.45,0.17,0.9742,667011.05,1179374.005
002648.SZ,2025-07-21,17.78,18.32,17.66,18.29,17.62,0.67,3.8025,995785.79,1800917.897
002648.SZ,2025-07-22,18.25,18.47,17.96,18.4,18.29,0.11,0.6014,759664.45,1381828.012
002648.SZ,2025-07-23,18.39,18.57,18.25,18.29,18.4,-0.11,-0.5978,583364.42,1072878.033
002648.SZ,2025-07-24,18.28,18.68,18.2,18.64,18.29,0.35,1.9136,576343.16,1064627.268
002648.SZ,2025-07-25,18.73,18.94,18.57,18.6,18.64,-0.04,-0.2146,522125.93,975649.391
002648.SZ,2025-07-28,18.56,18.56,18.14,18.38,18.6,-0.22,-1.1828,616884.44,1128041.5
002648.SZ,2025-07-29,18.27,18.45,18.14,18.45,18.38,0.07,0.3808,327449.11,599020.785
002648.SZ,2025-07-30,18.44,20.04,18.38,19.78,18.45,1.33,7.2087,1495811.14,2919329.856
002648.SZ,2025-07-31,19.48,19.75,19.41,19.52,19.78,-0.26,-1.3145,695574.55,1360511.321
002648.SZ,2025-08-01,19.54,19.82,19.11,19.22,19.52,-0.3,-1.5369,643059.51,1251125.299
002648.SZ,2025-08-04,19.0,19.14,18.57,18.93,19.22,-0.29,-1.5088,466016.13,877323.206
002648.SZ,2025-08-05,19.08,19.19,18.9,18.95,18.93,0.02,0.1057,370005.31,703178.719
002648.SZ,2025-08-06,18.94,19.07,18.88,19.03,18.95,0.08,0.4222,310641.59,589749.497
002648.SZ,2025-08-07,19.03,19.1,18.71,18.85,19.03,-0.18,-0.9459,313083.02,591018.297
002648.SZ,2025-08-08,18.85,19.3,18.81,19.02,18.85,0.17,0.9019,343509.89,654065.357
002648.SZ,2025-08-11,19.28,19.36,19.07,19.22,19.02,0.2,1.0515,432419.34,829710.761
002648.SZ,2025-08-12,18.99,19.2,18.35,19.08,19.22,-0.14,-0.7284,711236.55,1341749.674
002648.SZ,2025-08-13,19.08,19.12,18.78,18.85,19.08,-0.23,-1.2055,550676.85,1039512.78
002648.SZ,2025-08-14,18.89,18.98,18.5,18.63,18.85,-0.22,-1.1671,439435.73,824101.126
002648.SZ,2025-08-15,18.64,19.01,18.63,18.95,18.63,0.32,1.7177,426913.63,806271.269
002648.SZ,2025-08-18,18.99,19.08,18.81,18.9,18.95,-0.05,-0.2639,639520.34,1209128.874
002648.SZ,2025-08-19,18.89,19.18,18.83,18.86,18.9,-0.04,-0.2116,459691.14,871602.906
002648.SZ,2025-08-20,18.89,19.21,18.8,19.21,18.86,0.35,1.8558,577065.43,1098714.812
002648.SZ,2025-08-21,19.51,20.45,19.47,19.98,19.21,0.77,4.0083,1373661.7,2748597.654
002648.SZ,2025-08-22,19.92,20.13,19.76,19.89,19.98,-0.09,-0.4505,581998.27,1156901.729
002648.SZ,2025-08-25,20.39,20.44,19.96,20.18,19.89,0.29,1.458,794588.64,1605528.414
002648.SZ,2025-08-26,20.22,21.02,20.05,20.57,20.18,0.39,1.9326,773122.58,1595276.458
002648.SZ,2025-08-27,20.5,20.55,19.87,19.88,20.57,-0.69,-3.3544,721983.92,1461435.833
002648.SZ,2025-08-28,19.87,20.11,19.52,20.07,19.88,0.19,0.9557,593926.91,1180660.328
002648.SZ,2025-08-29,20.15,20.39,19.92,20.09,20.07,0.02,0.0997,501930.6,1011954.296
002648.SZ,2025-09-01,20.08,20.09,19.84,20.0,20.09,-0.09,-0.448,401106.24,799939.759
002648.SZ,2025-09-02,20.0,20.24,19.42,19.65,20.0,-0.35,-1.75,516351.93,1016303.693
002648.SZ,2025-09-03,19.71,19.9,19.44,19.57,19.65,-0.08,-0.4071,380118.75,746707.221
002648.SZ,2025-09-04,19.58,19.65,19.18,19.42,19.57,-0.15,-0.7665,451986.79,876896.108
002648.SZ,2025-09-05,19.42,19.82,19.34,19.81,19.42,0.39,2.0082,426769.24,837037.578
002648.SZ,2025-09-08,19.8,20.56,19.66,20.5,19.81,0.69,3.4831,673120.93,1362033.928
002648.SZ,2025-09-09,20.5,20.52,19.95,20.07,20.5,-0.43,-2.0976,456527.36,922104.053
002648.SZ,2025-09-10,20.0,20.05,19.61,19.86,20.07,-0.21,-1.0463,378590.88,749354.115
002648.SZ,2025-09-11,19.79,20.04,19.57,20.04,19.86,0.18,0.9063,446195.79,883937.692
002648.SZ,2025-09-12,20.1,20.1,19.81,19.92,20.04,-0.12,-0.5988,360276.69,717498.854
002648.SZ,2025-09-15,19.91,20.24,19.63,19.67,19.92,-0.25,-1.255,321028.37,636135.213
002648.SZ,2025-09-16,19.73,19.84,19.12,19.41,19.67,-0.26,-1.3218,469116.49,907534.262
002648.SZ,2025-09-17,19.31,19.43,19.22,19.35,19.41,-0.06,-0.3091,305346.63,589918.004
002648.SZ,2025-09-18,19.4,19.42,18.78,18.91,19.35,-0.44,-2.2739,454744.45,868813.502
002648.SZ,2025-09-19,18.82,19.18,18.82,19.11,18.91,0.2,1.0576,284437.42,542314.97
002648.SZ,2025-09-22,19.0,19.09,18.81,18.97,19.11,-0.14,-0.7326,246963.54,467329.855
002648.SZ,2025-09-23,18.92,18.94,18.36,18.56,18.97,-0.41,-2.1613,396565.34,736145.217
002648.SZ,2025-09-24,18.47,18.74,18.39,18.7,18.56,0.14,0.7543,258601.76,480140.713
002648.SZ,2025-09-25,18.68,19.1,18.66,19.04,18.7,0.34,1.8182,405505.67,768373.216
002648.SZ,2025-09-26,19.08,19.78,18.97,19.44,19.04,0.4,2.1008,641237.4,1248502.531
002648.SZ,2025-09-29,19.48,19.58,19.05,19.3,19.44,-0.14,-0.7202,372648.02,715424.239
002648.SZ,2025-09-30,19.27,19.37,19.06,19.34,19.3,0.04,0.2073,401262.35,771106.009
002648.SZ,2025-10-09,19.35,19.76,18.72,19.75,19.34,0.41,2.12,538101.86,1039834.33
002648.SZ,2025-10-10,19.57,20.0,19.44,19.75,19.75,0.0,0.0,519350.86,1026378.412
002648.SZ,2025-10-13,18.33,18.9,18.33,18.84,19.75,-0.91,-4.6076,672870.76,1257180.745
002648.SZ,2025-10-14,18.88,19.23,18.4,18.54,18.84,-0.3,-1.5924,504979.33,946870.044
002648.SZ,2025-10-15,18.56,18.76,18.41,18.58,18.54,0.04,0.2157,307430.26,570166.889
002648.SZ,2025-10-16,18.58,18.59,18.15,18.22,18.58,-0.36,-1.9376,349928.0,641445.325
002648.SZ,2025-10-17,18.13,18.25,17.7,17.74,18.22,-0.48,-2.6345,402683.68,722390.636
002648.SZ,2025-10-20,17.88,18.09,17.78,18.0,17.74,0.26,1.4656,290746.98,521883.696
002648.SZ,2025-10-21,18.0,18.26,17.86,18.17,18.0,0.17,0.9444,217654.38,394885.542
002648.SZ,2025-10-22,18.06,18.15,17.98,18.02,18.17,-0.15,-0.8255,172486.3,311263.923
002648.SZ,2025-10-23,17.98,18.25,17.9,18.19,18.02,0.17,0.9434,231789.38,419353.402
002648.SZ,2025-10-24,18.23,18.44,18.07,18.24,18.19,0.05,0.2749,322203.6,587181.124
002648.SZ,2025-10-27,18.23,18.25,17.91,17.99,18.24,-0.25,-1.3706,576774.36,1040874.276
002648.SZ,2025-10-28,17.93,17.94,17.71,17.73,17.99,-0.26,-1.4452,411868.45,733339.867
002648.SZ,2025-10-29,17.75,17.95,17.56,17.9,17.73,0.17,0.9588,448127.5,795844.696
002648.SZ,2025-10-30,17.92,17.99,17.63,17.63,17.9,-0.27,-1.5084,396909.24,705749.867
002648.SZ,2025-10-31,17.87,18.27,17.85,17.91,17.63,0.28,1.5882,607738.78,1098454.372
002648.SZ,2025-11-03,18.0,18.04,17.55,17.75,17.91,-0.16,-0.8934,442019.47,781356.429
002648.SZ,2025-11-04,17.7,17.76,17.34,17.39,17.75,-0.36,-2.0282,406412.24,710956.716
002648.SZ,2025-11-05,17.21,17.44,17.17,17.36,17.39,-0.03,-0.1725,283906.01,491351.094
002648.SZ,2025-11-06,17.36,17.58,17.33,17.55,17.36,0.19,1.0945,371092.22,649739.085
002648.SZ,2025-11-07,17.53,18.33,17.43,18.0,17.55,0.45,2.5641,868355.32,1566823.409
002648.SZ,2025-11-10,18.15,18.53,18.11,18.32,18.0,0.32,1.7778,695405.7,1279198.154
002648.SZ,2025-11-11,18.2,18.32,18.06,18.18,18.32,-0.14,-0.7642,314956.6,573535.806
002648.SZ,2025-11-12,18.2,18.43,18.04,18.26,18.18,0.08,0.44,343334.68,626073.257
002648.SZ,2025-11-13,18.17,18.42,18.07,18.28,18.26,0.02,0.1095,431732.03,788767.059
002648.SZ,2025-11-14,18.11,18.27,17.81,17.81,18.28,-0.47,-2.5711,448568.1,808285.175
002648.SZ,2025-11-17,17.71,17.8,17.46,17.5,17.81,-0.31,-1.7406,533730.66,937694.051
002648.SZ,2025-11-18,17.45,17.56,17.26,17.36,17.5,-0.14,-0.8,329664.34,571888.753
002648.SZ,2025-11-19,17.34,17.69,17.3,17.49,17.36,0.13,0.7488,337371.03,591087.85
002648.SZ,2025-11-20,17.55,17.68,17.3,17.31,17.49,-0.18,-1.0292,302169.17,527888.746
002648.SZ,2025-11-21,17.2,17.21,16.71,16.71,17.31,-0.6,-3.4662,446679.99,754300.732
002648.SZ,2025-11-24,16.8,16.93,16.6,16.78,16.71,0.07,0.4189,318127.33,534187.819
002648.SZ,2025-11-25,16.86,16.98,16.72,16.78,16.78,0.0,0.0,307639.68,517872.216
002648.SZ,2025-11-26,16.76,16.81,16.71,16.73,16.78,-0.05,-0.298,194292.13,325594.722
002648.SZ,2025-11-27,16.74,16.98,16.72,16.84,16.73,0.11,0.6575,294590.99,496356.33
002648.SZ,2025-11-28,16.85,16.98,16.76,16.86,16.84,0.02,0.1188,228832.38,385208.634
002648.SZ,2025-12-01,16.89,17.05,16.89,16.97,16.86,0.11,0.6524,290544.34,492995.801
002648.SZ,2025-12-02,16.97,16.99,16.63,16.66,16.97,-0.31,-1.8268,334041.98,559413.428
002648.SZ,2025-12-03,16.7,16.86,16.57,16.65,16.66,-0.01,-0.06,329605.6,550218.058
002648.SZ,2025-12-04,16.65,16.7,16.47,16.52,16.65,-0.13,-0.7808,252275.14,417516.742
002648.SZ,2025-12-05,16.47,16.85,16.44,16.79,16.52,0.27,1.6344,397090.35,662947.714
002648.SZ,2025-12-08,16.85,16.88,16.69,16.74,16.79,-0.05,-0.2978,278669.88,466875.455
002648.SZ,2025-12-09,16.72,17.08,16.45,16.5,16.74,-0.24,-1.4337,548050.0,915481.128
002648.SZ,2025-12-10,16.45,16.64,16.33,16.6,16.5,0.1,0.6061,306801.36,507248.717
002648.SZ,2025-12-11,16.58,16.65,16.32,16.33,16.6,-0.27,-1.6265,293612.27,482958.006
002648.SZ,2025-12-12,16.33,16.47,16.23,16.43,16.33,0.1,0.6124,275576.56,451529.11
002648.SZ,2025-12-15,16.36,16.68,16.26,16.51,16.43,0.08,0.4869,296121.5,490715.504
002648.SZ,2025-12-16,16.46,16.5,16.2,16.27,16.51,-0.24,-1.4537,305021.41,496954.2
002648.SZ,2025-12-17,16.27,16.66,16.27,16.65,16.27,0.38,2.3356,404519.2,667742.015
002648.SZ,2025-12-18,16.54,17.03,16.5,16.83,16.65,0.18,1.0811,546852.29,923874.192
002648.SZ,2025-12-19,16.82,16.97,16.78,16.94,16.83,0.11,0.6536,284333.89,480143.653
002648.SZ,2025-12-22,16.94,17.06,16.85,16.95,16.94,0.01,0.059,310516.39,526617.563
002648.SZ,2025-12-23,17.0,17.0,16.8,16.89,16.95,-0.06,-0.354,236020.79,398771.348
002648.SZ,2025-12-24,16.9,17.03,16.77,16.99,16.89,0.1,0.5921,324084.7,548609.393
002648.SZ,2025-12-25,16.99,17.59,16.94,17.43,16.99,0.44,2.5898,640312.3,1109079.473
002648.SZ,2025-12-26,17.48,17.67,17.25,17.39,17.43,-0.04,-0.2295,366780.13,639203.756
002648.SZ,2025-12-29,17.4,17.48,17.2,17.29,17.39,-0.1,-0.575,286804.36,497293.025
002648.SZ,2025-12-30,17.26,17.88,17.15,17.68,17.29,0.39,2.2556,573951.14,1010114.422
002648.SZ,2025-12-31,17.63,17.8,17.49,17.68,17.68,0.0,0.0,357319.11,630463.774
002648.SZ,2026-01-05,17.68,17.88,17.52,17.76,17.68,0.08,0.4525,463691.59,819452.799
002648.SZ,2026-01-06,17.77,18.6,17.76,18.52,17.76,0.76,4.2793,926442.11,1692611.964
002648.SZ,2026-01-07,18.52,18.9,18.51,18.65,18.52,0.13,0.7019,677056.35,1265982.184
002648.SZ,2026-01-08,18.69,19.1,18.48,18.82,18.65,0.17,0.9115,605868.26,1135951.286
002648.SZ,2026-01-09,18.7,18.77,18.45,18.52,18.82,-0.3,-1.594,514348.49,956000.728
002648.SZ,2026-01-12,18.48,18.49,18.14,18.22,18.52,-0.3,-1.6199,634006.74,1157270.066
002648.SZ,2026-01-13,18.24,18.56,18.15,18.2,18.22,-0.02,-0.1098,462809.26,846824.434
002648.SZ,2026-01-14,18.29,19.08,18.26,18.98,18.2,0.78,4.2857,1071078.51,2015238.663
002648.SZ,2026-01-15,18.9,19.41,18.8,18.98,18.98,0.0,0.0,581276.43,1110427.061
002648.SZ,2026-01-16,19.0,19.11,18.65,18.7,18.98,-0.28,-1.4752,447946.7,842333.956
002648.SZ,2026-01-19,18.67,19.64,18.47,19.49,18.7,0.79,4.2246,786169.91,1513390.226
002648.SZ,2026-01-20,19.88,20.8,19.77,20.79,19.49,1.3,6.6701,1382830.38,2832919.708
002648.SZ,2026-01-21,20.81,21.0,20.42,20.7,20.79,-0.09,-0.4329,830627.94,1722961.492
002648.SZ,2026-01-22,20.81,21.88,20.66,21.28,20.7,0.58,2.8019,834828.32,1769825.424
002648.SZ,2026-01-23,21.28,22.59,21.18,22.18,21.28,0.9,4.2293,999024.76,2193582.255
002648.SZ,2026-01-26,22.5,23.17,22.03,22.71,22.18,0.53,2.3895,924104.81,2094270.208
002648.SZ,2026-01-27,22.58,23.06,22.06,22.24,22.71,-0.47,-2.0696,861612.55,1936239.73
002648.SZ,2026-01-28,22.24,24.46,22.24,24.21,22.24,1.97,8.8579,1302987.0,3096353.26
002648.SZ,2026-01-29,24.5,25.05,23.67,24.25,24.21,0.04,0.1652,1273761.24,3086860.918
002648.SZ,2026-01-30,23.89,24.69,23.4,24.36,24.25,0.11,0.4536,991459.82,2388865.117
002648.SZ,2026-02-02,23.62,23.7,21.92,21.92,24.36,-2.44,-10.0164,1395513.94,3147011.347
002648.SZ,2026-02-03,22.5,22.7,21.92,22.57,21.92,0.65,2.9653,898252.07,2005076.014
002648.SZ,2026-02-04,22.72,22.82,22.16,22.67,22.57,0.1,0.4431,462457.01,1042565.039
002648.SZ,2026-02-05,22.67,23.27,21.92,22.2,22.67,-0.47,-2.0732,575124.53,1288833.088
002648.SZ,2026-02-06,21.79,23.22,21.61,22.74,22.2,0.54,2.4324,647290.27,1468054.975
002648.SZ,2026-02-09,23.01,23.04,22.32,22.5,22.74,-0.24,-1.0554,554756.01,1247701.245
002648.SZ,2026-02-10,22.5,22.57,22.1,22.41,22.5,-0.09,-0.4,371528.19,829747.907
002648.SZ,2026-02-11,22.4,23.59,22.3,22.84,22.41,0.43,1.9188,680600.18,1566426.729
002648.SZ,2026-02-12,22.82,23.33,22.7,22.93,22.84,0.09,0.394,484292.13,1112501.11
002648.SZ,2026-02-13,22.51,22.68,22.18,22.24,22.93,-0.69,-3.0092,452841.38,1014669.746
002648.SZ,2026-02-24,22.59,23.48,22.34,23.13,22.24,0.89,4.0018,601275.36,1379034.693
002648.SZ,2026-02-25,23.06,24.05,22.81,23.43,23.13,0.3,1.297,822118.34,1930907.003
002648.SZ,2026-02-26,23.4,23.7,23.04,23.17,23.43,-0.26,-1.1097,472948.84,1101904.838
002648.SZ,2026-02-27,23.09,23.67,23.0,23.38,23.17,0.21,0.9063,442870.52,1030759.357
002648.SZ,2026-03-02,23.98,24.7,23.28,24.7,23.38,1.32,5.6459,983336.4,2364798.328
002648.SZ,2026-03-03,24.78,25.27,23.77,23.8,24.7,-0.9,-3.6437,882149.31,2147077.733
002648.SZ,2026-03-04,23.51,24.27,23.25,23.66,23.8,-0.14,-0.5882,655794.85,1549968.712
002648.SZ,2026-03-05,23.97,24.59,23.18,24.46,23.66,0.8,3.3812,781548.84,1869798.686
002648.SZ,2026-03-06,24.4,26.91,24.3,26.91,24.46,2.45,10.0164,1044805.73,2718043.746
002648.SZ,2026-03-09,29.3,29.6,27.57,27.7,26.91,0.79,2.9357,1991259.2,5713661.192
002648.SZ,2026-03-10,25.63,26.92,25.56,25.97,27.7,-1.73,-6.2455,1483619.98,3875976.742
002648.SZ,2026-03-11,25.71,28.45,25.42,27.93,25.97,1.96,7.5472,1373422.67,3703135.138
002648.SZ,2026-03-12,28.4,30.0,27.64,29.1,27.93,1.17,4.189,1298839.13,3758711.712
002648.SZ,2026-03-13,29.68,29.92,28.02,28.25,29.1,-0.85,-2.921,1197941.93,3449361.947
002648.SZ,2026-03-16,28.66,29.07,26.88,27.01,28.25,-1.24,-4.3894,882798.78,2434707.126
002648.SZ,2026-03-17,26.96,27.44,25.76,25.99,27.01,-1.02,-3.7764,974788.79,2568184.951
002648.SZ,2026-03-18,25.89,26.08,25.48,26.06,25.99,0.07,0.2693,548760.29,1416700.445
002648.SZ,2026-03-19,26.76,26.76,25.9,26.45,26.06,0.39,1.4965,770212.18,2028705.68
002648.SZ,2026-03-20,25.6,26.3,25.45,25.65,26.45,-0.8,-3.0246,645271.06,1662186.924
002648.SZ,2026-03-23,25.87,26.56,25.32,25.67,25.65,0.02,0.078,763507.82,1972815.073
002648.SZ,2026-03-24,25.52,26.06,24.48,26.02,25.67,0.35,1.3635,732867.64,1850528.691
002648.SZ,2026-03-25,25.51,25.77,24.91,25.74,26.02,-0.28,-1.0761,764678.99,1937681.782
002648.SZ,2026-03-26,25.82,26.94,25.75,26.62,25.74,0.88,3.4188,735279.86,1951685.198
002648.SZ,2026-03-27,26.46,27.92,26.32,27.78,26.62,1.16,4.3576,731688.62,2001671.094
002648.SZ,2026-03-30,28.9,29.28,28.42,28.56,27.78,0.78,2.8078,787444.57,2264027.078
002648.SZ,2026-03-31,28.81,28.94,27.43,27.62,28.56,-0.94,-3.2913,620254.45,1737477.383
002648.SZ,2026-04-01,27.5,27.59,26.52,27.01,27.62,-0.61,-2.2085,599582.03,1623534.548
002648.SZ,2026-04-02,27.48,27.74,26.89,27.11,27.01,0.1,0.3702,393049.84,1071094.573
002648.SZ,2026-04-03,27.18,27.2,26.09,26.67,27.11,-0.44,-1.623,404984.42,1072655.611
002648.SZ,2026-04-07,26.98,28.79,26.72,28.6,26.67,1.93,7.2366,624889.61,1765628.39
002648.SZ,2026-04-08,26.7,27.89,26.03,27.86,28.6,-0.74,-2.5874,772216.77,2104464.777
002648.SZ,2026-04-09,28.23,29.1,28.1,28.84,27.86,0.98,3.5176,531363.14,1521214.851
002648.SZ,2026-04-10,28.65,29.28,28.35,28.83,28.84,-0.01,-0.0347,398720.19,1151775.773
002648.SZ,2026-04-13,29.15,30.36,28.58,30.29,28.83,1.46,5.0642,654134.57,1931969.582
002648.SZ,2026-04-14,29.01,30.15,28.63,29.98,30.29,-0.31,-1.0234,718117.8,2110644.341
002648.SZ,2026-04-15,29.52,29.73,27.7,27.92,29.98,-2.06,-6.8712,821245.46,2320580.011
002648.SZ,2026-04-16,27.74,28.33,27.56,28.2,27.92,0.28,1.0029,423048.85,1183777.573
002648.SZ,2026-04-17,28.22,28.28,27.23,27.39,28.2,-0.81,-2.8723,499415.12,1378686.437
002648.SZ,2026-04-20,27.3,27.46,26.03,26.26,27.39,-1.13,-4.1256,877710.81,2319279.415
002648.SZ,2026-04-21,26.39,26.92,25.78,26.69,26.26,0.43,1.6375,537415.64,1420445.052
002648.SZ,2026-04-22,26.89,27.05,26.33,26.46,26.69,-0.23,-0.8617,363714.73,966741.143
002648.SZ,2026-04-23,26.5,27.65,26.16,27.38,26.46,0.92,3.4769,603421.98,1632226.359
002648.SZ,2026-04-24,27.4,28.2,26.95,27.73,27.38,0.35,1.2783,595406.85,1647168.454
002648.SZ,2026-04-27,27.88,28.29,27.46,27.95,27.73,0.22,0.7934,425517.99,1189598.598
002648.SZ,2026-04-28,27.68,29.35,27.65,29.0,27.95,1.05,3.7567,578495.76,1661983.406
