ts_code,date,open,high,low,close,pre_close,change,pct_chg,volume,amount
002920.SZ,2020-01-02,30.7,30.99,30.22,30.77,30.33,0.44,1.4507,27953.81,85890.086
002920.SZ,2020-01-03,30.75,31.34,30.37,31.29,30.77,0.52,1.69,30060.09,92500.697
002920.SZ,2020-01-06,31.0,33.27,30.9,31.96,31.29,0.67,2.1413,57880.38,186984.73
002920.SZ,2020-01-07,31.82,33.66,31.31,33.1,31.96,1.14,3.567,62478.93,204415.697
002920.SZ,2020-01-08,32.48,34.18,32.48,33.85,33.1,0.75,2.2659,62866.2,209906.77
002920.SZ,2020-01-09,34.04,36.2,34.0,34.76,33.85,0.91,2.6883,70119.64,246662.646
002920.SZ,2020-01-10,34.38,36.25,34.38,34.75,34.76,-0.01,-0.0288,53204.06,187743.998
002920.SZ,2020-01-13,35.33,36.15,34.43,35.78,34.75,1.03,2.964,40193.16,141988.718
002920.SZ,2020-01-14,35.92,37.4,35.5,35.5,35.78,-0.28,-0.7826,64118.33,232384.912
002920.SZ,2020-01-15,35.37,35.96,35.15,35.7,35.5,0.2,0.5634,37262.0,132603.28
002920.SZ,2020-01-16,36.15,36.2,35.05,35.7,35.7,0.0,0.0,33239.7,118560.577
002920.SZ,2020-01-17,35.99,36.11,34.8,35.2,35.7,-0.5,-1.4006,44093.85,156068.495
002920.SZ,2020-01-20,35.52,36.4,35.0,36.15,35.2,0.95,2.6989,38247.11,136966.851
002920.SZ,2020-01-21,36.15,36.85,35.09,36.5,36.15,0.35,0.9682,39604.03,142305.02
002920.SZ,2020-01-22,36.5,36.5,33.01,35.7,36.5,-0.8,-2.1918,91618.54,317295.033
002920.SZ,2020-01-23,34.63,36.17,33.71,34.4,35.7,-1.3,-3.6415,46985.08,164027.398
002920.SZ,2020-02-03,30.99,31.8,30.96,30.96,34.4,-3.44,-10.0,40158.57,124949.887
002920.SZ,2020-02-04,31.25,33.9,31.25,33.5,30.96,2.54,8.2041,54224.07,179193.917
002920.SZ,2020-02-05,33.85,34.95,33.17,33.5,33.5,0.0,0.0,49609.58,169157.737
002920.SZ,2020-02-06,32.96,33.99,32.8,33.5,33.5,0.0,0.0,41366.82,138276.812
002920.SZ,2020-02-07,33.48,33.94,32.3,33.67,33.5,0.17,0.5075,40761.91,135465.73
002920.SZ,2020-02-10,33.9,35.8,33.4,35.67,33.67,2.0,5.94,53184.34,184151.942
002920.SZ,2020-02-11,35.43,35.5,34.16,34.51,35.67,-1.16,-3.252,44137.45,153133.019
002920.SZ,2020-02-12,34.17,34.78,33.74,34.63,34.51,0.12,0.3477,39735.6,136191.647
002920.SZ,2020-02-13,34.98,36.2,34.24,35.38,34.63,0.75,2.1658,58942.4,209221.567
002920.SZ,2020-02-14,35.4,36.66,34.9,35.69,35.38,0.31,0.8762,40075.51,143613.014
002920.SZ,2020-02-17,36.27,37.4,35.9,36.65,35.69,0.96,2.6898,52497.3,193201.174
002920.SZ,2020-02-18,36.6,37.26,35.71,36.37,36.65,-0.28,-0.764,52180.6,189262.537
002920.SZ,2020-02-19,36.35,37.78,35.96,37.07,36.37,0.7,1.9247,57712.14,212784.067
002920.SZ,2020-02-20,37.0,37.29,36.12,37.0,37.07,-0.07,-0.1888,38221.45,140215.681
002920.SZ,2020-02-21,37.2,38.88,36.63,38.23,37.0,1.23,3.3243,61080.53,232613.56
002920.SZ,2020-02-24,39.61,42.05,39.6,42.05,38.23,3.82,9.9922,66736.37,278484.404
002920.SZ,2020-02-25,41.38,46.26,41.01,45.8,42.05,3.75,8.918,124513.94,546588.758
002920.SZ,2020-02-26,45.0,47.5,42.66,43.8,45.8,-2.0,-4.3668,119832.14,539836.809
002920.SZ,2020-02-27,44.5,45.88,42.7,43.5,43.8,-0.3,-0.6849,59149.68,258946.674
002920.SZ,2020-02-28,41.5,47.8,41.5,43.07,43.5,-0.43,-0.9885,124086.29,557468.924
002920.SZ,2020-03-02,45.13,47.38,44.11,46.3,43.07,3.23,7.4994,111491.13,513485.378
002920.SZ,2020-03-03,47.17,50.5,47.17,48.25,46.3,1.95,4.2117,106415.37,515153.073
002920.SZ,2020-03-04,48.27,48.58,43.44,45.5,48.25,-2.75,-5.6995,97565.15,449794.799
002920.SZ,2020-03-05,45.61,45.98,41.76,42.88,45.5,-2.62,-5.7582,103775.83,450390.348
002920.SZ,2020-03-06,43.13,43.69,42.0,42.88,42.88,0.0,0.0,58547.66,251514.005
002920.SZ,2020-03-09,41.3,42.68,39.5,40.0,42.88,-2.88,-6.7164,67416.05,276404.462
002920.SZ,2020-03-10,39.9,42.2,38.9,41.72,40.0,1.72,4.3,73721.65,300108.733
002920.SZ,2020-03-11,42.03,43.46,40.5,40.5,41.72,-1.22,-2.9243,69662.23,293382.743
002920.SZ,2020-03-12,39.92,41.5,38.94,39.71,40.5,-0.79,-1.9506,60760.95,242493.47
002920.SZ,2020-03-13,36.8,40.5,36.4,38.99,39.71,-0.72,-1.8131,71541.65,274838.864
002920.SZ,2020-03-16,39.52,39.57,35.36,36.0,38.99,-2.99,-7.6686,62480.67,232583.399
002920.SZ,2020-03-17,36.95,37.5,34.93,35.65,36.0,-0.35,-0.9722,63331.8,228191.363
002920.SZ,2020-03-18,36.1,36.98,34.3,34.35,35.65,-1.3,-3.6466,53722.47,191587.621
002920.SZ,2020-03-19,34.72,35.18,33.41,34.83,34.35,0.48,1.3974,51111.9,175722.499
002920.SZ,2020-03-20,35.42,35.58,32.88,33.89,34.83,-0.94,-2.6988,83311.26,281029.121
002920.SZ,2020-03-23,32.91,33.37,30.59,30.8,33.89,-3.09,-9.1177,74339.52,235800.228
002920.SZ,2020-03-24,31.72,32.5,29.31,31.42,30.8,0.62,2.013,108379.68,335700.345
002920.SZ,2020-03-25,32.4,34.37,32.25,32.83,31.42,1.41,4.4876,108995.67,360772.313
002920.SZ,2020-03-26,32.71,33.67,32.18,32.3,32.83,-0.53,-1.6144,62895.9,206893.541
002920.SZ,2020-03-27,32.98,33.16,31.5,31.57,32.3,-0.73,-2.2601,42557.68,136665.291
002920.SZ,2020-03-30,30.87,31.68,29.5,31.12,31.57,-0.45,-1.4254,69467.63,211863.372
002920.SZ,2020-03-31,31.6,32.2,30.35,30.49,31.12,-0.63,-2.0244,43496.69,134558.064
002920.SZ,2020-04-01,30.71,31.88,30.48,30.87,30.49,0.38,1.2463,50737.4,158190.345
002920.SZ,2020-04-02,30.81,32.35,30.5,32.14,30.87,1.27,4.114,57112.44,179608.032
002920.SZ,2020-04-03,32.49,32.49,31.4,31.84,32.14,-0.3,-0.9334,51770.61,164893.124
002920.SZ,2020-04-07,32.4,33.78,32.21,32.9,31.84,1.06,3.3291,51381.3,169983.362
002920.SZ,2020-04-08,33.0,33.13,32.25,32.47,32.9,-0.43,-1.307,34003.74,110938.114
002920.SZ,2020-04-09,32.8,33.45,32.3,33.23,32.47,0.76,2.3406,36975.43,121526.262
002920.SZ,2020-04-10,33.23,33.23,31.61,32.0,33.23,-1.23,-3.7015,46566.11,149688.937
002920.SZ,2020-04-13,31.29,31.91,30.38,31.6,32.0,-0.4,-1.25,33782.52,105529.111
002920.SZ,2020-04-14,31.93,32.9,31.7,32.8,31.6,1.2,3.7975,35119.19,113654.979
002920.SZ,2020-04-15,32.82,34.25,32.6,33.6,32.8,0.8,2.439,51570.8,172921.86
002920.SZ,2020-04-16,33.5,33.94,32.61,33.7,33.6,0.1,0.2976,26644.14,89000.517
002920.SZ,2020-04-17,34.85,35.19,33.59,33.96,33.7,0.26,0.7715,36548.75,124711.905
002920.SZ,2020-04-20,33.97,34.97,33.6,34.73,33.96,0.77,2.2674,31992.07,110294.317
002920.SZ,2020-04-21,34.21,34.86,33.75,34.68,34.73,-0.05,-0.144,37111.92,127610.175
002920.SZ,2020-04-22,34.03,36.49,34.03,36.24,34.68,1.56,4.4983,47236.09,167768.966
002920.SZ,2020-04-23,36.4,36.88,35.79,36.11,36.24,-0.13,-0.3587,35909.38,130365.582
002920.SZ,2020-04-24,36.49,36.68,35.46,35.64,36.11,-0.47,-1.3016,26771.15,96291.246
002920.SZ,2020-04-27,35.37,37.0,34.8,36.4,35.64,0.76,2.1324,34658.2,124631.389
002920.SZ,2020-04-28,36.32,36.66,34.8,36.05,36.4,-0.35,-0.9615,31205.52,111767.278
002920.SZ,2020-04-29,36.07,37.49,36.0,37.3,36.05,1.25,3.4674,32663.69,120708.308
002920.SZ,2020-04-30,40.03,41.03,39.52,41.03,37.3,3.73,10.0,51929.59,211936.888
002920.SZ,2020-05-06,42.0,44.85,41.2,43.73,41.03,2.7,6.5806,93399.41,401535.969
002920.SZ,2020-05-07,43.41,44.39,42.93,43.8,43.73,0.07,0.1601,56014.52,244654.325
002920.SZ,2020-05-08,43.75,45.66,43.5,44.33,43.8,0.53,1.21,59510.82,265538.322
002920.SZ,2020-05-11,45.01,47.76,45.01,45.89,44.33,1.56,3.5191,67014.26,309638.995
002920.SZ,2020-05-12,45.54,47.55,45.1,47.45,45.89,1.56,3.3994,46615.45,217721.267
002920.SZ,2020-05-13,46.74,49.2,46.41,48.3,47.45,0.85,1.7914,49184.36,234237.754
002920.SZ,2020-05-14,48.37,48.79,46.6,47.25,48.3,-1.05,-2.1739,44054.78,209588.17
002920.SZ,2020-05-15,47.45,48.0,46.46,46.61,47.25,-0.64,-1.3545,50374.57,236934.678
002920.SZ,2020-05-18,46.71,47.95,45.8,46.65,46.61,0.04,0.0858,47712.43,224254.407
002920.SZ,2020-05-19,47.0,49.43,46.82,48.62,46.65,1.97,4.2229,37883.03,182620.479
002920.SZ,2020-05-20,48.4,49.88,47.5,48.33,48.62,-0.29,-0.5965,42693.89,207411.163
002920.SZ,2020-05-21,49.1,49.43,47.0,48.56,48.33,0.23,0.4759,37183.73,181029.945
002920.SZ,2020-05-22,48.65,50.47,48.25,49.01,48.56,0.45,0.9267,38486.66,189112.8
002920.SZ,2020-05-25,48.6,49.21,46.51,48.2,49.01,-0.81,-1.6527,45525.91,218956.301
002920.SZ,2020-05-26,49.55,51.15,48.5,50.76,48.2,2.56,5.3112,48186.46,240974.607
002920.SZ,2020-05-27,50.78,51.65,49.5,50.37,50.76,-0.39,-0.7683,37646.52,189542.552
002920.SZ,2020-05-28,50.01,51.1,49.09,50.35,50.37,-0.02,-0.0397,33999.54,170017.685
002920.SZ,2020-05-29,50.3,53.25,49.21,52.22,50.15,2.07,4.1276,38805.79,198875.838
002920.SZ,2020-06-01,52.58,57.44,52.12,57.44,52.22,5.22,9.9962,60967.3,333179.266
002920.SZ,2020-06-02,57.33,57.9,51.7,51.7,57.44,-5.74,-9.993,83097.19,446330.791
002920.SZ,2020-06-03,52.0,53.95,51.18,53.89,51.7,2.19,4.236,49433.95,260680.245
002920.SZ,2020-06-04,53.67,53.67,49.85,51.65,53.89,-2.24,-4.1566,55384.07,285387.377
002920.SZ,2020-06-05,51.09,51.8,50.0,50.88,51.65,-0.77,-1.4908,40794.99,207584.189
002920.SZ,2020-06-08,50.88,51.91,50.5,50.89,50.88,0.01,0.0197,33496.55,171335.887
002920.SZ,2020-06-09,51.55,53.36,50.28,51.39,50.89,0.5,0.9825,47601.76,246146.322
002920.SZ,2020-06-10,51.39,51.99,50.77,51.5,51.39,0.11,0.214,25776.35,132310.19
002920.SZ,2020-06-11,51.75,54.2,51.52,52.89,51.5,1.39,2.699,55756.06,294021.764
002920.SZ,2020-06-12,51.5,55.06,50.72,54.45,52.89,1.56,2.9495,64687.11,349604.16
002920.SZ,2020-06-15,54.0,55.5,51.97,54.6,54.45,0.15,0.2755,55698.77,299876.798
002920.SZ,2020-06-16,55.51,57.69,54.72,57.3,54.6,2.7,4.9451,54337.0,307164.022
002920.SZ,2020-06-17,57.28,57.28,52.3,53.5,57.3,-3.8,-6.6318,63148.4,339065.112
002920.SZ,2020-06-18,53.78,53.79,51.06,52.11,53.5,-1.39,-2.5981,44182.01,230676.393
002920.SZ,2020-06-19,52.55,53.36,51.56,52.8,52.11,0.69,1.3241,39214.89,205908.389
002920.SZ,2020-06-22,52.65,53.44,52.18,52.48,52.8,-0.32,-0.6061,20197.4,106317.723
002920.SZ,2020-06-23,53.0,56.49,52.0,56.16,52.48,3.68,7.0122,49688.35,272597.568
002920.SZ,2020-06-24,56.18,57.15,55.2,55.21,56.16,-0.95,-1.6916,34633.23,193159.161
002920.SZ,2020-06-29,56.88,58.26,55.06,55.75,55.21,0.54,0.9781,45446.27,256055.955
002920.SZ,2020-06-30,55.5,61.33,55.42,61.33,55.75,5.58,10.009,54973.3,331065.886
002920.SZ,2020-07-01,62.45,64.77,61.34,63.65,61.33,2.32,3.7828,62542.98,392344.56
002920.SZ,2020-07-02,63.65,63.65,61.0,61.73,63.65,-1.92,-3.0165,49956.07,310117.785
002920.SZ,2020-07-03,61.6,62.97,60.94,61.8,61.73,0.07,0.1134,45468.65,280412.436
002920.SZ,2020-07-06,63.5,67.48,62.69,64.99,61.8,3.19,5.1618,84249.98,548531.74
002920.SZ,2020-07-07,66.72,69.18,64.81,66.14,64.99,1.15,1.7695,80175.19,537423.928
002920.SZ,2020-07-08,66.0,67.25,65.0,65.92,66.14,-0.22,-0.3326,62117.5,408763.871
002920.SZ,2020-07-09,65.03,68.32,64.41,67.34,65.92,1.42,2.1541,66986.72,444486.367
002920.SZ,2020-07-10,67.75,74.07,67.75,74.07,67.34,6.73,9.9941,77603.61,558404.109
002920.SZ,2020-07-13,77.85,78.45,74.27,76.82,74.07,2.75,3.7127,113117.5,862132.341
002920.SZ,2020-07-14,76.0,76.27,71.71,73.01,76.82,-3.81,-4.9596,77657.49,572838.087
002920.SZ,2020-07-15,73.09,75.61,69.0,69.52,73.01,-3.49,-4.7802,73531.07,532498.838
002920.SZ,2020-07-16,69.01,71.99,63.33,64.36,69.52,-5.16,-7.4223,81684.08,553052.849
002920.SZ,2020-07-17,65.5,70.8,64.67,70.8,64.36,6.44,10.0062,96012.31,664593.2
002920.SZ,2020-07-20,73.93,74.93,68.9,71.05,70.8,0.25,0.3531,84896.66,603696.833
002920.SZ,2020-07-21,72.88,77.78,70.89,77.16,71.05,6.11,8.5996,82356.27,612358.84
002920.SZ,2020-07-22,75.0,77.5,73.4,76.05,77.16,-1.11,-1.4386,84515.63,639144.253
002920.SZ,2020-07-23,74.0,75.89,73.65,75.36,76.05,-0.69,-0.9073,58401.13,436114.89
002920.SZ,2020-07-24,75.3,76.0,69.5,69.5,75.36,-5.86,-7.776,64395.03,466413.109
002920.SZ,2020-07-27,70.0,72.81,69.3,70.12,69.5,0.62,0.8921,42991.21,305054.279
002920.SZ,2020-07-28,70.77,74.5,69.47,71.55,70.12,1.43,2.0394,42263.5,302570.698
002920.SZ,2020-07-29,70.26,73.86,70.26,73.48,71.55,1.93,2.6974,47690.08,345048.007
002920.SZ,2020-07-30,74.5,74.5,69.37,70.66,73.48,-2.82,-3.8378,64641.24,457325.794
002920.SZ,2020-07-31,69.9,72.1,69.85,70.89,70.66,0.23,0.3255,39173.73,278099.681
002920.SZ,2020-08-03,71.61,72.8,70.51,71.93,70.89,1.04,1.4671,41073.76,295243.923
002920.SZ,2020-08-04,72.03,72.79,68.8,69.0,71.93,-2.93,-4.0734,57536.32,400098.607
002920.SZ,2020-08-05,69.01,70.9,68.14,70.19,69.0,1.19,1.7246,41680.99,290934.423
002920.SZ,2020-08-06,70.39,71.59,69.5,70.4,70.19,0.21,0.2992,39219.82,276930.146
002920.SZ,2020-08-07,70.25,71.59,67.38,69.59,70.4,-0.81,-1.1506,45745.74,316247.548
002920.SZ,2020-08-10,68.82,70.16,67.65,69.7,69.59,0.11,0.1581,34417.77,236694.581
002920.SZ,2020-08-11,69.8,73.93,69.52,70.08,69.7,0.38,0.5452,55340.67,398236.192
002920.SZ,2020-08-12,69.0,69.65,64.2,66.17,70.08,-3.91,-5.5793,68915.28,457551.319
002920.SZ,2020-08-13,66.84,67.0,64.5,66.87,66.17,0.7,1.0579,35413.34,233598.5
002920.SZ,2020-08-14,67.82,69.98,67.08,68.81,66.87,1.94,2.9012,46908.12,322611.302
002920.SZ,2020-08-17,69.45,75.66,68.87,74.85,68.81,6.04,8.7778,81556.16,597207.817
002920.SZ,2020-08-18,75.69,77.48,74.69,75.0,74.85,0.15,0.2004,60026.57,454953.876
002920.SZ,2020-08-19,76.13,76.9,73.75,74.85,75.0,-0.15,-0.2,36128.61,271595.454
002920.SZ,2020-08-20,72.79,75.3,72.6,73.1,74.85,-1.75,-2.338,36282.52,267137.151
002920.SZ,2020-08-21,72.87,75.28,70.98,71.48,73.1,-1.62,-2.2161,35291.1,255888.881
002920.SZ,2020-08-24,73.25,74.3,71.33,73.02,71.48,1.54,2.1544,34538.16,252269.597
002920.SZ,2020-08-25,73.33,75.26,72.0,72.39,73.02,-0.63,-0.8628,30279.87,222254.828
002920.SZ,2020-08-26,71.9,73.64,69.0,69.0,72.39,-3.39,-4.683,34153.22,241889.957
002920.SZ,2020-08-27,70.0,71.65,69.17,70.9,69.0,1.9,2.7536,27430.46,193094.185
002920.SZ,2020-08-28,70.0,71.33,68.17,70.9,70.9,0.0,0.0,35393.65,246785.701
002920.SZ,2020-08-31,70.3,71.68,69.66,69.66,70.9,-1.24,-1.7489,28995.07,203896.504
002920.SZ,2020-09-01,68.55,70.66,68.0,69.8,69.66,0.14,0.201,25583.41,177940.905
002920.SZ,2020-09-02,70.5,71.33,68.31,70.09,69.8,0.29,0.4155,30676.39,213487.119
002920.SZ,2020-09-03,69.34,70.15,68.51,68.79,70.09,-1.3,-1.8548,22031.97,152342.329
002920.SZ,2020-09-04,67.51,68.48,67.2,67.6,68.79,-1.19,-1.7299,22092.84,149563.556
002920.SZ,2020-09-07,67.24,67.43,64.31,64.4,67.6,-3.2,-4.7337,35292.15,231946.432
002920.SZ,2020-09-08,64.56,65.3,62.81,63.67,64.4,-0.73,-1.1335,36912.7,234391.146
002920.SZ,2020-09-09,62.94,63.5,59.5,60.48,63.67,-3.19,-5.0102,45378.46,277863.294
002920.SZ,2020-09-10,60.97,64.37,60.8,62.31,60.48,1.83,3.0258,41136.26,258359.568
002920.SZ,2020-09-11,61.98,65.1,61.53,64.96,62.31,2.65,4.2529,32644.76,209277.014
002920.SZ,2020-09-14,65.61,67.8,64.0,65.77,64.96,0.81,1.2469,44783.23,293936.791
002920.SZ,2020-09-15,64.92,67.34,64.51,67.26,65.77,1.49,2.2655,27392.77,182276.144
002920.SZ,2020-09-16,66.8,68.4,66.52,67.4,67.26,0.14,0.2081,34496.43,232044.722
002920.SZ,2020-09-17,67.28,69.32,66.66,68.46,67.4,1.06,1.5727,26798.33,182073.653
002920.SZ,2020-09-18,68.39,69.66,67.23,69.21,68.46,0.75,1.0955,31252.79,215236.29
002920.SZ,2020-09-21,69.28,71.32,68.69,69.94,69.21,0.73,1.0548,28328.38,198095.405
002920.SZ,2020-09-22,68.91,70.09,68.52,68.85,69.94,-1.09,-1.5585,21021.49,145900.199
002920.SZ,2020-09-23,70.0,71.35,68.8,70.25,68.85,1.4,2.0334,19932.62,139798.994
002920.SZ,2020-09-24,69.78,70.99,69.13,70.15,70.25,-0.1,-0.1423,23755.88,166556.381
002920.SZ,2020-09-25,69.42,71.8,69.42,70.65,70.15,0.5,0.7128,26475.5,187111.815
002920.SZ,2020-09-28,70.66,71.95,70.0,71.57,70.65,0.92,1.3022,32705.75,232728.609
002920.SZ,2020-09-29,72.0,72.0,66.68,70.7,71.57,-0.87,-1.2156,51348.55,358985.362
002920.SZ,2020-09-30,70.49,72.45,70.21,71.05,70.7,0.35,0.495,33969.23,243231.305
002920.SZ,2020-10-09,72.77,73.48,71.0,72.17,71.05,1.12,1.5764,38887.24,280754.563
002920.SZ,2020-10-12,73.0,75.8,71.07,72.51,72.17,0.34,0.4711,44755.78,326079.864
002920.SZ,2020-10-13,72.72,74.5,72.13,73.21,72.51,0.7,0.9654,31206.57,228353.835
002920.SZ,2020-10-14,72.0,74.8,71.2,74.7,73.21,1.49,2.0352,35325.42,259425.162
002920.SZ,2020-10-15,74.55,74.9,70.9,71.0,74.7,-3.7,-4.9531,42892.27,310921.196
002920.SZ,2020-10-16,70.45,71.99,69.9,71.83,71.0,0.83,1.169,38371.72,272561.234
002920.SZ,2020-10-19,71.61,72.13,68.2,68.2,71.83,-3.63,-5.0536,41168.54,286972.968
002920.SZ,2020-10-20,68.7,68.7,66.6,68.15,68.2,-0.05,-0.0733,24627.1,166063.457
002920.SZ,2020-10-21,68.79,69.36,66.4,66.93,68.15,-1.22,-1.7902,25194.1,169884.149
002920.SZ,2020-10-22,66.99,67.29,64.1,66.15,66.93,-0.78,-1.1654,23719.46,155382.685
002920.SZ,2020-10-23,66.12,66.69,63.28,63.31,66.15,-2.84,-4.2933,27565.3,177929.316
002920.SZ,2020-10-26,63.3,64.63,61.1,64.54,63.31,1.23,1.9428,21544.04,136126.158
002920.SZ,2020-10-27,63.86,67.04,63.86,66.91,64.54,2.37,3.6721,38854.72,256316.174
002920.SZ,2020-10-28,67.12,68.63,66.59,67.78,66.91,0.87,1.3003,31003.46,210026.386
002920.SZ,2020-10-29,66.8,68.89,66.8,68.34,67.78,0.56,0.8262,22327.93,152354.526
002920.SZ,2020-10-30,67.87,69.38,67.87,68.0,68.34,-0.34,-0.4975,22289.87,152931.76
002920.SZ,2020-11-02,68.0,72.48,67.38,71.47,68.0,3.47,5.1029,39563.94,278514.195
002920.SZ,2020-11-03,72.15,72.95,70.43,70.99,71.47,-0.48,-0.6716,43283.37,309860.655
002920.SZ,2020-11-04,70.86,73.86,70.54,73.34,70.99,2.35,3.3103,40531.81,294110.656
002920.SZ,2020-11-05,74.2,75.91,73.36,75.2,73.34,1.86,2.5361,45434.84,338087.067
002920.SZ,2020-11-06,75.19,75.31,69.9,71.92,75.2,-3.28,-4.3617,40890.82,293531.599
002920.SZ,2020-11-09,72.17,74.24,71.05,72.33,71.92,0.41,0.5701,34026.83,247208.931
002920.SZ,2020-11-10,72.69,74.1,69.83,73.34,72.33,1.01,1.3964,34249.44,247440.641
002920.SZ,2020-11-11,73.3,73.38,70.8,71.0,73.34,-2.34,-3.1906,28480.24,204890.92
002920.SZ,2020-11-12,72.39,72.39,70.03,70.81,71.0,-0.19,-0.2676,21739.36,154420.614
002920.SZ,2020-11-13,71.73,77.89,71.0,77.89,70.81,7.08,9.9986,89450.85,684795.847
002920.SZ,2020-11-16,76.0,85.68,76.0,84.5,77.89,6.61,8.4863,133092.67,1082907.199
002920.SZ,2020-11-17,85.3,86.97,82.81,82.86,84.5,-1.64,-1.9408,84349.28,713413.431
002920.SZ,2020-11-18,84.11,86.56,83.0,84.0,82.86,1.14,1.3758,79679.7,676301.27
002920.SZ,2020-11-19,84.89,86.0,83.11,84.0,84.0,0.0,0.0,58828.39,496487.463
002920.SZ,2020-11-20,83.0,84.26,81.19,83.03,84.0,-0.97,-1.1548,74381.62,617305.479
002920.SZ,2020-11-23,86.0,86.48,83.16,85.61,83.03,2.58,3.1073,57949.11,492737.642
002920.SZ,2020-11-24,89.0,91.0,83.11,85.77,85.61,0.16,0.1869,78255.6,676363.245
002920.SZ,2020-11-25,85.54,85.99,77.19,77.19,85.77,-8.58,-10.0035,98557.11,782247.837
002920.SZ,2020-11-26,74.58,75.89,71.38,74.0,77.19,-3.19,-4.1327,87334.98,637704.259
002920.SZ,2020-11-27,72.9,76.82,72.1,76.58,74.0,2.58,3.4865,60193.62,450471.247
002920.SZ,2020-11-30,75.43,75.6,70.56,73.89,76.58,-2.69,-3.5127,58007.55,421680.895
002920.SZ,2020-12-01,72.98,73.53,71.0,73.03,73.89,-0.86,-1.1639,35044.17,254676.138
002920.SZ,2020-12-02,72.72,73.65,71.26,72.9,73.03,-0.13,-0.178,28197.21,204229.403
002920.SZ,2020-12-03,71.99,73.59,70.08,73.12,72.9,0.22,0.3018,42456.71,305382.177
002920.SZ,2020-12-04,72.46,74.5,71.88,73.48,73.12,0.36,0.4923,23561.85,173307.578
002920.SZ,2020-12-07,72.9,75.45,72.38,74.22,73.48,0.74,1.0071,35137.59,260781.34
002920.SZ,2020-12-08,74.23,76.33,73.0,75.05,74.22,0.83,1.1183,31633.91,237502.421
002920.SZ,2020-12-09,74.9,75.9,71.0,71.1,75.05,-3.95,-5.2632,32164.38,235751.169
002920.SZ,2020-12-10,70.0,73.0,69.9,72.37,71.1,1.27,1.7862,28401.21,203434.531
002920.SZ,2020-12-11,71.99,73.37,71.3,71.64,72.37,-0.73,-1.0087,31008.21,223523.798
002920.SZ,2020-12-14,70.5,73.83,70.5,73.81,71.64,2.17,3.029,27438.92,199249.241
002920.SZ,2020-12-15,74.0,74.75,72.79,73.62,73.81,-0.19,-0.2574,16510.38,121177.04
002920.SZ,2020-12-16,73.53,74.21,72.68,73.81,73.62,0.19,0.2581,15802.11,116396.966
002920.SZ,2020-12-17,73.87,75.3,72.68,72.9,73.81,-0.91,-1.2329,28939.34,213578.168
002920.SZ,2020-12-18,73.15,73.75,72.19,72.85,72.9,-0.05,-0.0686,20754.65,151452.191
002920.SZ,2020-12-21,72.85,78.73,72.23,78.16,72.85,5.31,7.2889,45150.22,344116.444
002920.SZ,2020-12-22,78.14,79.95,76.5,76.7,78.16,-1.46,-1.868,37868.45,296072.717
002920.SZ,2020-12-23,77.6,77.6,71.6,74.0,76.7,-2.7,-3.5202,41911.84,310336.44
002920.SZ,2020-12-24,74.0,75.38,73.28,74.7,74.0,0.7,0.9459,21217.48,157744.33
002920.SZ,2020-12-25,74.04,75.23,70.63,71.4,74.7,-3.3,-4.4177,35729.59,258615.118
002920.SZ,2020-12-28,70.71,76.88,70.2,76.87,71.4,5.47,7.6611,50481.22,375983.011
002920.SZ,2020-12-29,74.65,78.57,74.4,76.76,76.87,-0.11,-0.1431,36037.14,276992.128
002920.SZ,2020-12-30,77.17,84.44,76.5,84.1,76.76,7.34,9.5623,43875.29,362408.456
002920.SZ,2020-12-31,84.17,86.0,82.22,84.14,84.1,0.04,0.0476,36565.25,306794.251
002920.SZ,2021-01-04,84.0,88.78,83.11,85.5,84.14,1.36,1.6164,45644.84,393810.211
002920.SZ,2021-01-05,86.46,89.0,85.08,88.3,85.5,2.8,3.2749,38070.53,332259.771
002920.SZ,2021-01-06,88.57,91.0,85.91,86.3,88.3,-2.0,-2.265,30841.32,268819.646
002920.SZ,2021-01-07,86.39,89.5,85.8,87.57,86.3,1.27,1.4716,31551.19,275712.413
002920.SZ,2021-01-08,87.89,90.5,86.68,88.03,87.57,0.46,0.5253,32132.23,284290.114
002920.SZ,2021-01-11,91.0,96.83,88.63,96.83,88.03,8.8,9.9966,50579.82,476203.853
002920.SZ,2021-01-12,97.6,100.75,92.0,100.66,96.83,3.83,3.9554,62931.16,608111.162
002920.SZ,2021-01-13,99.51,101.34,94.5,96.52,100.66,-4.14,-4.1129,44337.6,432564.163
002920.SZ,2021-01-14,95.71,103.14,94.52,98.09,96.52,1.57,1.6266,52541.16,522054.011
002920.SZ,2021-01-15,99.0,104.5,96.76,103.38,98.09,5.29,5.393,58891.83,591787.544
002920.SZ,2021-01-18,102.69,113.72,98.12,113.72,103.38,10.34,10.0019,63161.56,682329.01
002920.SZ,2021-01-19,114.41,123.5,110.99,121.0,113.72,7.28,6.4017,68148.51,797148.823
002920.SZ,2021-01-20,122.0,128.39,116.7,125.7,121.0,4.7,3.8843,65409.34,803334.962
002920.SZ,2021-01-21,122.41,124.89,120.14,122.9,125.7,-2.8,-2.2275,48949.28,598654.204
002920.SZ,2021-01-22,123.0,124.95,121.05,122.99,122.9,0.09,0.0732,38546.55,472872.786
002920.SZ,2021-01-25,122.2,124.0,117.17,118.7,122.99,-4.29,-3.4881,70564.73,844995.363
002920.SZ,2021-01-26,118.32,121.5,117.51,119.27,118.7,0.57,0.4802,47819.7,570650.588
002920.SZ,2021-01-27,118.28,120.33,113.0,119.86,119.27,0.59,0.4947,46524.53,546732.576
002920.SZ,2021-01-28,116.41,118.79,111.6,113.62,119.86,-6.24,-5.2061,48737.47,556486.395
002920.SZ,2021-01-29,115.39,117.3,109.67,112.15,113.62,-1.47,-1.2938,50123.23,573467.126
002920.SZ,2021-02-01,113.01,114.6,109.96,113.56,112.15,1.41,1.2572,40884.07,463153.948
002920.SZ,2021-02-02,113.56,115.99,109.6,115.47,113.56,1.91,1.6819,54452.4,622250.994
002920.SZ,2021-02-03,113.99,118.1,112.12,114.8,115.47,-0.67,-0.5802,40662.75,468119.619
002920.SZ,2021-02-04,112.51,113.74,107.0,109.74,114.8,-5.06,-4.4077,52104.25,571070.889
002920.SZ,2021-02-05,109.51,112.0,108.8,109.2,109.74,-0.54,-0.4921,25046.87,276358.973
002920.SZ,2021-02-08,109.99,112.98,107.6,111.92,109.2,2.72,2.4908,30630.12,341045.996
002920.SZ,2021-02-09,112.33,116.3,108.0,109.7,111.92,-2.22,-1.9836,58023.35,649299.622
002920.SZ,2021-02-10,108.59,114.1,106.51,111.55,109.7,1.85,1.6864,40579.15,450648.488
002920.SZ,2021-02-18,113.09,117.8,110.0,113.49,111.55,1.94,1.7391,50147.0,574043.319
002920.SZ,2021-02-19,113.0,113.0,102.14,102.14,113.49,-11.35,-10.0009,52887.81,551686.413
002920.SZ,2021-02-22,103.5,103.82,96.0,98.73,102.14,-3.41,-3.3386,73660.62,733556.039
002920.SZ,2021-02-23,96.6,100.1,96.54,97.1,98.73,-1.63,-1.651,33765.5,331655.454
002920.SZ,2021-02-24,98.0,99.19,92.21,93.47,97.1,-3.63,-3.7384,44484.13,423865.835
002920.SZ,2021-02-25,95.65,96.3,92.28,93.0,93.47,-0.47,-0.5028,30719.61,289006.415
002920.SZ,2021-02-26,90.5,93.39,89.05,90.0,93.0,-3.0,-3.2258,36857.89,332832.513
002920.SZ,2021-03-01,90.53,92.29,88.92,90.43,90.0,0.43,0.4778,35645.1,321854.142
002920.SZ,2021-03-02,90.45,91.38,88.13,89.48,90.43,-0.95,-1.0505,37874.32,339467.456
002920.SZ,2021-03-03,89.49,92.48,88.85,92.0,89.48,2.52,2.8163,44810.01,410129.354
002920.SZ,2021-03-04,91.08,91.08,84.47,85.1,92.0,-6.9,-7.5,42916.19,370936.555
002920.SZ,2021-03-05,84.8,88.12,82.0,87.12,85.1,2.02,2.3737,50240.72,430536.364
002920.SZ,2021-03-08,86.96,87.43,82.0,82.36,87.12,-4.76,-5.4637,37045.51,313028.803
002920.SZ,2021-03-09,82.17,82.8,78.0,79.02,82.36,-3.34,-4.0554,28906.08,233532.185
002920.SZ,2021-03-10,83.01,83.44,79.68,80.37,79.02,1.35,1.7084,28647.01,232063.566
002920.SZ,2021-03-11,80.3,83.05,80.01,81.96,80.37,1.59,1.9784,24174.03,197594.843
002920.SZ,2021-03-12,83.38,84.29,80.18,81.92,81.96,-0.04,-0.0488,30989.94,254508.362
002920.SZ,2021-03-15,81.0,82.26,77.37,78.55,81.92,-3.37,-4.1138,34419.96,273964.526
002920.SZ,2021-03-16,81.0,81.96,78.0,79.39,78.55,0.84,1.0694,22971.42,182262.858
002920.SZ,2021-03-17,80.49,82.16,77.66,82.06,79.39,2.67,3.3631,21567.89,173810.166
002920.SZ,2021-03-18,82.76,82.76,79.72,81.41,82.06,-0.65,-0.7921,23497.09,190174.108
002920.SZ,2021-03-19,80.39,80.88,78.7,80.11,81.41,-1.3,-1.5969,20516.82,163674.457
002920.SZ,2021-03-22,80.09,85.4,79.04,83.55,80.11,3.44,4.2941,40886.45,340377.727
002920.SZ,2021-03-23,82.93,83.33,80.87,81.4,83.55,-2.15,-2.5733,24849.76,203611.346
002920.SZ,2021-03-24,80.2,82.4,79.95,80.41,81.4,-0.99,-1.2162,20348.75,164725.918
002920.SZ,2021-03-25,78.98,81.68,78.9,80.27,80.41,-0.14,-0.1741,12684.73,102017.127
002920.SZ,2021-03-26,80.65,82.78,80.06,82.26,80.27,1.99,2.4791,18423.66,150681.709
002920.SZ,2021-03-29,82.6,84.29,81.36,82.29,82.26,0.03,0.0365,23945.02,198149.151
002920.SZ,2021-03-30,81.97,86.5,81.22,84.05,82.29,1.76,2.1388,29936.17,253524.937
002920.SZ,2021-03-31,85.37,86.5,82.7,85.76,84.05,1.71,2.0345,25620.2,217410.711
002920.SZ,2021-04-01,86.3,89.26,83.9,88.8,85.76,3.04,3.5448,27017.21,236116.303
002920.SZ,2021-04-02,89.0,92.23,87.5,92.16,88.8,3.36,3.7838,31273.29,283486.239
002920.SZ,2021-04-06,92.16,95.33,90.01,94.14,92.16,1.98,2.1484,29139.52,270903.469
002920.SZ,2021-04-07,93.2,93.79,86.0,88.26,94.14,-5.88,-6.246,39011.98,346241.865
002920.SZ,2021-04-08,87.91,92.2,87.33,91.56,88.26,3.3,3.739,33280.98,301160.885
002920.SZ,2021-04-09,90.76,91.43,87.55,89.06,91.56,-2.5,-2.7304,22632.09,200448.605
002920.SZ,2021-04-12,89.37,91.77,83.4,84.49,89.06,-4.57,-5.1314,35123.95,304664.153
002920.SZ,2021-04-13,85.99,88.39,84.1,87.4,84.49,2.91,3.4442,23310.43,201753.84
002920.SZ,2021-04-14,87.78,92.87,87.74,91.8,87.4,4.4,5.0343,30371.7,276893.651
002920.SZ,2021-04-15,98.49,98.49,91.23,93.05,91.8,1.25,1.3617,110212.6,1035250.747
002920.SZ,2021-04-16,94.03,95.95,88.58,92.28,93.05,-0.77,-0.8275,81921.87,754318.316
002920.SZ,2021-04-19,94.01,101.48,90.51,98.32,92.28,6.04,6.5453,167384.75,1610205.73
002920.SZ,2021-04-20,97.0,102.5,96.01,98.59,98.32,0.27,0.2746,91033.24,910077.367
002920.SZ,2021-04-21,98.01,98.93,93.53,98.61,98.59,0.02,0.0203,59126.43,572294.337
002920.SZ,2021-04-22,99.54,103.3,97.7,102.99,98.61,4.38,4.4417,69495.85,704423.202
002920.SZ,2021-04-23,101.0,104.76,101.0,102.05,102.99,-0.94,-0.9127,47118.29,483544.334
002920.SZ,2021-04-26,102.05,106.51,98.76,99.7,102.05,-2.35,-2.3028,66514.93,682353.973
002920.SZ,2021-04-27,99.5,102.48,98.11,101.72,99.7,2.02,2.0261,44921.0,452940.109
002920.SZ,2021-04-28,102.34,106.29,101.01,105.27,101.72,3.55,3.49,50834.55,533239.827
002920.SZ,2021-04-29,105.4,109.05,104.88,105.62,105.27,0.35,0.3325,47490.38,507194.807
002920.SZ,2021-04-30,105.63,107.12,104.0,105.02,105.62,-0.6,-0.5681,41048.07,432119.429
002920.SZ,2021-05-06,104.3,109.03,102.29,105.0,105.02,-0.02,-0.019,60654.27,639518.852
002920.SZ,2021-05-07,105.0,106.72,99.67,100.06,105.0,-4.94,-4.7048,49451.27,505619.65
002920.SZ,2021-05-10,99.9,103.69,98.99,100.6,100.06,0.54,0.5397,47846.96,484630.528
002920.SZ,2021-05-11,100.81,101.79,94.7,97.02,100.6,-3.58,-3.5586,53147.33,514800.976
002920.SZ,2021-05-12,97.54,99.18,95.3,98.61,97.02,1.59,1.6388,44292.02,431574.951
002920.SZ,2021-05-13,97.01,98.39,94.81,97.21,98.61,-1.4,-1.4197,34730.38,336055.688
002920.SZ,2021-05-14,98.5,98.8,94.58,97.99,97.21,0.78,0.8024,40783.19,395135.191
002920.SZ,2021-05-17,98.8,104.36,98.17,102.0,97.99,4.01,4.0923,58166.58,593335.131
002920.SZ,2021-05-18,101.13,107.42,100.66,106.74,102.0,4.74,4.6471,48318.93,510605.993
002920.SZ,2021-05-19,106.74,106.8,102.63,105.3,106.74,-1.44,-1.3491,27465.1,288357.458
002920.SZ,2021-05-20,105.69,110.43,103.89,109.23,105.3,3.93,3.7322,47259.02,512263.398
002920.SZ,2021-05-21,108.8,110.58,105.6,109.57,108.93,0.64,0.5875,36673.25,397955.755
002920.SZ,2021-05-24,108.72,112.48,108.12,110.4,109.57,0.83,0.7575,36227.01,399510.497
002920.SZ,2021-05-25,110.4,111.47,108.31,110.6,110.4,0.2,0.1812,36200.41,397861.341
002920.SZ,2021-05-26,112.9,112.9,105.6,106.8,110.6,-3.8,-3.4358,42064.35,451867.21
002920.SZ,2021-05-27,105.47,108.77,105.47,108.77,106.8,1.97,1.8446,49978.12,537267.383
002920.SZ,2021-05-28,107.52,111.73,107.01,108.55,108.77,-0.22,-0.2023,36539.43,400621.14
002920.SZ,2021-05-31,108.19,112.4,106.97,111.07,108.55,2.52,2.3215,41809.26,462414.299
002920.SZ,2021-06-01,110.66,111.07,106.0,107.43,111.07,-3.64,-3.2772,42583.32,457946.066
002920.SZ,2021-06-02,106.3,108.79,104.0,105.77,107.43,-1.66,-1.5452,32229.15,342794.871
002920.SZ,2021-06-03,106.51,108.99,103.24,103.45,105.77,-2.32,-2.1934,37937.38,402553.56
002920.SZ,2021-06-04,105.88,106.5,101.45,105.4,103.45,1.95,1.885,27289.55,285833.405
002920.SZ,2021-06-07,106.27,107.39,103.68,106.8,105.4,1.4,1.3283,27091.07,285958.029
002920.SZ,2021-06-08,105.43,107.3,100.68,103.74,106.8,-3.06,-2.8652,47988.64,498429.088
002920.SZ,2021-06-09,104.31,105.4,102.46,104.32,103.74,0.58,0.5591,23790.57,247047.525
002920.SZ,2021-06-10,103.04,107.36,102.55,106.77,104.32,2.45,2.3485,41205.96,437078.24
002920.SZ,2021-06-11,107.0,110.51,106.82,108.25,106.77,1.48,1.3862,54752.26,596635.083
002920.SZ,2021-06-15,108.56,110.5,101.6,102.8,108.25,-5.45,-5.0346,51561.8,544367.713
002920.SZ,2021-06-16,102.1,103.03,97.24,97.24,102.8,-5.56,-5.4086,53888.58,538064.931
002920.SZ,2021-06-17,97.66,102.6,97.65,100.25,97.24,3.01,3.0954,40805.15,410949.626
002920.SZ,2021-06-18,100.21,104.45,99.5,103.25,100.25,3.0,2.9925,42094.48,432880.694
002920.SZ,2021-06-21,102.94,106.5,101.21,105.72,103.25,2.47,2.3923,46384.88,482763.687
002920.SZ,2021-06-22,106.99,107.66,103.8,105.1,105.72,-0.62,-0.5865,26970.02,283234.726
002920.SZ,2021-06-23,105.36,108.22,104.2,107.0,105.1,1.9,1.8078,36819.43,393009.76
002920.SZ,2021-06-24,108.49,111.4,104.0,107.8,107.0,0.8,0.7477,50877.03,545913.019
002920.SZ,2021-06-25,106.59,108.5,103.8,103.99,107.8,-3.81,-3.5343,53646.65,563588.431
002920.SZ,2021-06-28,104.0,105.8,103.14,105.68,103.99,1.69,1.6252,34998.43,366268.332
002920.SZ,2021-06-29,104.88,106.49,104.15,104.99,105.68,-0.69,-0.6529,44032.84,464587.007
002920.SZ,2021-06-30,104.09,110.85,103.9,110.08,104.99,5.09,4.8481,63927.35,692362.709
002920.SZ,2021-07-01,109.6,117.0,106.96,113.5,110.08,3.42,3.1068,61898.72,703425.241
002920.SZ,2021-07-02,112.0,114.0,109.0,109.98,113.5,-3.52,-3.1013,49476.54,549280.261
002920.SZ,2021-07-05,110.0,111.87,106.58,111.11,109.98,1.13,1.0275,47134.23,516718.719
002920.SZ,2021-07-06,110.87,116.1,109.23,115.25,111.11,4.14,3.726,61500.88,700924.807
002920.SZ,2021-07-07,112.0,117.0,110.38,115.89,115.25,0.64,0.5553,59976.74,685796.887
002920.SZ,2021-07-08,116.01,124.46,116.01,120.14,115.89,4.25,3.6673,60200.02,724811.024
002920.SZ,2021-07-09,119.72,120.08,113.38,119.17,120.14,-0.97,-0.8074,46565.85,545138.821
002920.SZ,2021-07-12,119.77,122.0,115.15,117.5,119.17,-1.67,-1.4014,70541.94,829728.893
002920.SZ,2021-07-13,117.09,121.58,115.77,121.03,117.5,3.53,3.0043,55021.99,653464.114
002920.SZ,2021-07-14,110.0,111.7,108.93,108.93,121.03,-12.1,-9.9975,56842.44,620020.683
002920.SZ,2021-07-15,107.93,108.89,99.5,104.86,108.93,-4.07,-3.7363,114374.39,1179132.635
002920.SZ,2021-07-16,102.58,105.5,102.1,103.29,104.86,-1.57,-1.4972,54399.82,568516.727
002920.SZ,2021-07-19,100.2,112.18,100.2,110.61,103.29,7.32,7.0868,73445.53,793175.331
002920.SZ,2021-07-20,110.44,111.5,107.66,110.56,110.61,-0.05,-0.0452,28507.62,313658.111
002920.SZ,2021-07-21,111.0,115.99,108.39,115.0,110.56,4.44,4.0159,52632.8,591103.306
002920.SZ,2021-07-22,114.59,118.0,110.11,115.14,115.0,0.14,0.1217,45079.7,511001.598
002920.SZ,2021-07-23,115.12,117.38,112.0,112.87,115.14,-2.27,-1.9715,33067.76,376843.571
002920.SZ,2021-07-26,112.85,114.37,107.65,110.9,112.87,-1.97,-1.7454,38561.6,427691.069
002920.SZ,2021-07-27,110.99,113.2,105.53,105.6,110.9,-5.3,-4.7791,31447.6,343238.087
002920.SZ,2021-07-28,105.13,106.7,99.02,105.65,105.6,0.05,0.0473,52347.45,542195.601
002920.SZ,2021-07-29,107.5,108.56,102.8,103.71,105.65,-1.94,-1.8363,48558.42,504384.486
002920.SZ,2021-07-30,103.11,106.8,101.11,102.59,103.71,-1.12,-1.0799,51827.35,536123.434
002920.SZ,2021-08-02,103.02,109.5,102.32,107.8,102.59,5.21,5.0785,50361.69,536714.285
002920.SZ,2021-08-03,109.0,114.37,106.71,112.3,107.8,4.5,4.1744,48777.74,543164.432
002920.SZ,2021-08-04,111.55,111.55,107.5,109.9,112.3,-2.4,-2.1371,41006.38,448865.998
002920.SZ,2021-08-05,112.01,113.0,108.02,109.19,109.9,-0.71,-0.646,24662.51,269960.457
002920.SZ,2021-08-06,110.0,110.86,104.51,105.5,109.19,-3.69,-3.3794,41453.28,438283.583
002920.SZ,2021-08-09,104.94,106.49,102.8,103.58,105.5,-1.92,-1.8199,32134.36,334526.491
002920.SZ,2021-08-10,104.51,104.55,101.82,104.2,103.58,0.62,0.5986,29869.74,308384.391
002920.SZ,2021-08-11,104.52,105.0,99.8,100.87,104.2,-3.33,-3.1958,43155.96,437495.966
002920.SZ,2021-08-12,100.87,105.36,100.5,103.8,100.87,2.93,2.9047,36321.58,376455.29
002920.SZ,2021-08-13,103.64,103.66,99.87,100.12,103.8,-3.68,-3.5453,28256.46,285299.318
002920.SZ,2021-08-16,98.45,98.45,91.58,92.4,100.12,-7.72,-7.7107,70354.04,655980.827
002920.SZ,2021-08-17,91.27,93.27,90.75,90.88,92.4,-1.52,-1.645,33761.7,309389.231
002920.SZ,2021-08-18,90.0,90.85,85.88,87.69,90.88,-3.19,-3.5101,63923.25,558701.266
002920.SZ,2021-08-19,88.32,93.55,88.07,92.38,87.69,4.69,5.3484,47189.46,431215.422
002920.SZ,2021-08-20,92.69,94.11,89.32,91.05,92.38,-1.33,-1.4397,31271.77,285677.991
002920.SZ,2021-08-23,91.12,93.85,89.49,92.88,91.05,1.83,2.0099,30827.74,284091.194
002920.SZ,2021-08-24,94.59,98.49,92.43,93.02,92.88,0.14,0.1507,59033.5,561757.005
002920.SZ,2021-08-25,93.1,95.48,90.86,93.3,93.02,0.28,0.301,31778.81,294365.504
002920.SZ,2021-08-26,92.5,93.5,89.8,90.07,93.3,-3.23,-3.462,27789.81,253223.255
002920.SZ,2021-08-27,90.0,92.75,89.0,91.14,90.07,1.07,1.188,23422.9,212829.879
002920.SZ,2021-08-30,91.5,91.73,86.54,89.27,91.14,-1.87,-2.0518,41577.49,367886.312
002920.SZ,2021-08-31,89.99,92.39,86.8,88.13,89.27,-1.14,-1.277,40856.87,363989.742
002920.SZ,2021-09-01,88.2,89.48,86.43,88.2,88.13,0.07,0.0794,29678.22,260750.497
002920.SZ,2021-09-02,87.74,88.44,84.41,85.35,88.2,-2.85,-3.2313,30322.52,260795.128
002920.SZ,2021-09-03,85.43,86.4,82.88,83.03,85.35,-2.32,-2.7182,32666.51,274443.97
002920.SZ,2021-09-06,81.86,87.53,80.9,87.0,83.03,3.97,4.7814,42228.22,359600.696
002920.SZ,2021-09-07,86.32,86.9,84.5,84.59,87.0,-2.41,-2.7701,29957.3,255182.348
002920.SZ,2021-09-08,85.13,85.13,82.1,82.38,84.59,-2.21,-2.6126,32324.99,267765.662
002920.SZ,2021-09-09,82.0,83.4,81.09,81.75,82.38,-0.63,-0.7647,29759.8,243548.931
002920.SZ,2021-09-10,81.4,83.85,80.36,82.59,81.75,0.84,1.0275,26685.16,218762.086
002920.SZ,2021-09-13,83.0,84.2,80.8,81.43,82.59,-1.16,-1.4045,30321.69,247423.337
002920.SZ,2021-09-14,81.27,87.49,80.66,83.45,81.43,2.02,2.4807,42900.43,364968.233
002920.SZ,2021-09-15,83.38,83.54,80.66,81.08,83.45,-2.37,-2.84,29490.62,239786.84
002920.SZ,2021-09-16,80.45,80.72,76.77,76.9,81.08,-4.18,-5.1554,38067.69,297326.752
002920.SZ,2021-09-17,77.2,79.0,71.96,78.36,76.9,1.46,1.8986,55448.6,416084.272
002920.SZ,2021-09-22,76.41,79.98,74.88,79.09,78.36,0.73,0.9316,30145.03,234145.172
002920.SZ,2021-09-23,79.01,83.2,78.31,80.05,79.09,0.96,1.2138,28248.31,228235.715
002920.SZ,2021-09-24,80.05,80.2,78.37,78.7,80.05,-1.35,-1.6864,17514.71,138573.701
002920.SZ,2021-09-27,80.22,80.22,76.85,78.9,78.7,0.2,0.2541,21147.79,165772.539
002920.SZ,2021-09-28,77.13,80.33,76.42,80.05,78.9,1.15,1.4575,29073.33,230496.731
002920.SZ,2021-09-29,81.5,81.64,77.88,80.65,80.05,0.6,0.7495,37215.68,298399.42
002920.SZ,2021-09-30,80.01,85.4,79.8,84.08,80.65,3.43,4.2529,42100.06,348047.194
002920.SZ,2021-10-08,85.16,86.91,83.0,85.57,84.08,1.49,1.7721,30340.72,258607.133
002920.SZ,2021-10-11,85.99,91.0,84.55,90.0,85.57,4.43,5.177,38462.62,342833.354
002920.SZ,2021-10-12,90.44,90.99,86.73,88.08,90.0,-1.92,-2.1333,25145.02,224028.428
002920.SZ,2021-10-13,87.99,90.1,87.0,88.62,88.08,0.54,0.6131,26088.28,231612.806
002920.SZ,2021-10-14,91.45,91.9,88.62,90.45,88.62,1.83,2.065,35698.83,323893.05
002920.SZ,2021-10-15,89.55,99.5,89.55,94.44,90.45,3.99,4.4113,57864.92,550748.992
002920.SZ,2021-10-18,94.54,95.47,89.53,90.3,94.44,-4.14,-4.3837,41248.1,376764.535
002920.SZ,2021-10-19,91.21,95.85,89.97,94.88,90.3,4.58,5.072,33568.37,315939.913
002920.SZ,2021-10-20,94.86,96.0,93.8,94.85,94.88,-0.03,-0.0316,20831.46,198152.616
002920.SZ,2021-10-21,96.0,98.97,95.02,96.88,94.85,2.03,2.1402,25713.28,249599.514
002920.SZ,2021-10-22,96.88,98.5,95.0,96.93,96.88,0.05,0.0516,16317.21,158382.513
002920.SZ,2021-10-25,96.93,98.49,96.1,97.85,96.93,0.92,0.9491,14205.88,138372.426
002920.SZ,2021-10-26,99.0,100.62,96.8,99.37,97.85,1.52,1.5534,23497.96,232012.554
002920.SZ,2021-10-27,99.9,102.48,98.0,102.13,99.37,2.76,2.7775,30202.93,303817.512
002920.SZ,2021-10-28,101.01,108.88,100.6,106.0,102.13,3.87,3.7893,38292.62,404312.354
002920.SZ,2021-10-29,104.98,110.5,103.15,107.35,106.0,1.35,1.2736,30980.63,332862.15
002920.SZ,2021-11-01,106.53,112.95,105.88,111.04,107.35,3.69,3.4374,36941.77,409073.396
002920.SZ,2021-11-02,111.04,114.1,109.02,110.05,111.04,-0.99,-0.8916,32330.8,359890.384
002920.SZ,2021-11-03,110.5,112.0,106.9,109.69,110.05,-0.36,-0.3271,33119.99,361398.989
002920.SZ,2021-11-04,109.85,113.42,108.5,112.37,109.69,2.68,2.4432,36737.92,408180.405
002920.SZ,2021-11-05,112.37,116.38,110.84,111.9,112.37,-0.47,-0.4183,22572.79,256516.675
002920.SZ,2021-11-08,111.89,115.28,109.45,113.1,111.9,1.2,1.0724,28932.77,324510.601
002920.SZ,2021-11-09,112.44,115.22,112.4,114.69,113.1,1.59,1.4058,15605.28,178519.076
002920.SZ,2021-11-10,114.68,115.41,110.81,112.6,114.69,-2.09,-1.8223,25982.86,292629.387
002920.SZ,2021-11-11,113.18,113.51,110.0,111.0,112.6,-1.6,-1.421,22326.0,248853.627
002920.SZ,2021-11-12,110.96,114.43,108.37,110.79,111.0,-0.21,-0.1892,35201.27,387911.186
002920.SZ,2021-11-15,112.97,113.5,109.01,109.52,110.79,-1.27,-1.1463,23349.92,259569.514
002920.SZ,2021-11-16,110.6,111.52,107.81,108.26,109.52,-1.26,-1.1505,21076.85,229742.289
002920.SZ,2021-11-17,109.73,112.57,108.26,112.0,108.26,3.74,3.4546,30637.39,340489.304
002920.SZ,2021-11-18,112.49,115.34,108.0,113.81,112.0,1.81,1.6161,35522.63,397199.23
002920.SZ,2021-11-19,114.5,125.19,114.49,125.19,113.81,11.38,9.9991,50242.09,613044.019
002920.SZ,2021-11-22,126.72,137.71,126.72,137.71,125.19,12.52,10.0008,70370.28,936694.039
002920.SZ,2021-11-23,135.9,139.4,132.59,134.84,137.71,-2.87,-2.0841,67356.05,909942.086
002920.SZ,2021-11-24,135.48,136.0,130.41,132.7,134.84,-2.14,-1.5871,55315.24,733478.267
002920.SZ,2021-11-25,132.7,138.5,132.03,133.64,132.7,0.94,0.7084,51991.67,702539.942
002920.SZ,2021-11-26,133.64,135.58,128.2,129.15,133.64,-4.49,-3.3598,56165.26,733686.817
002920.SZ,2021-11-29,128.52,142.07,127.75,142.07,129.15,12.92,10.0039,100337.91,1389608.117
002920.SZ,2021-11-30,142.0,145.63,137.69,139.03,142.07,-3.04,-2.1398,80930.21,1133617.772
002920.SZ,2021-12-01,139.03,139.87,131.25,133.06,139.03,-5.97,-4.294,48872.08,654282.773
002920.SZ,2021-12-02,133.24,145.0,132.0,142.8,133.06,9.74,7.32,79695.02,1120150.009
002920.SZ,2021-12-03,141.09,145.39,139.77,141.13,142.8,-1.67,-1.1695,59475.27,841336.445
002920.SZ,2021-12-06,140.92,147.64,138.68,142.6,141.13,1.47,1.0416,50979.87,734039.344
002920.SZ,2021-12-07,144.04,145.0,128.34,131.74,142.6,-10.86,-7.6157,110899.62,1470996.977
002920.SZ,2021-12-08,134.28,136.88,131.5,133.8,131.74,2.06,1.5637,77337.8,1038596.748
002920.SZ,2021-12-09,134.33,135.8,131.5,132.74,133.8,-1.06,-0.7922,40305.24,536258.013
002920.SZ,2021-12-10,132.69,138.0,128.69,134.36,132.74,1.62,1.2204,50532.5,677691.967
002920.SZ,2021-12-13,133.0,142.67,132.22,136.57,134.36,2.21,1.6448,48008.01,662558.611
002920.SZ,2021-12-14,135.27,141.75,134.5,139.67,136.57,3.1,2.2699,44531.82,620625.65
002920.SZ,2021-12-15,138.87,141.2,137.04,138.88,139.67,-0.79,-0.5656,25073.92,348089.561
002920.SZ,2021-12-16,138.45,144.3,137.42,142.01,138.88,3.13,2.2537,34890.48,491525.656
002920.SZ,2021-12-17,140.75,141.8,135.45,137.74,142.01,-4.27,-3.0068,22521.4,310478.173
002920.SZ,2021-12-20,136.92,145.29,135.95,138.53,137.74,0.79,0.5735,44290.58,623668.221
002920.SZ,2021-12-21,140.42,152.38,139.5,152.38,138.53,13.85,9.9978,39840.9,594241.788
002920.SZ,2021-12-22,154.75,160.85,152.6,157.28,152.38,4.9,3.2156,55385.37,867809.766
002920.SZ,2021-12-23,157.27,165.5,155.95,161.58,157.28,4.3,2.734,38848.89,628241.731
002920.SZ,2021-12-24,161.58,162.76,156.5,158.0,161.58,-3.58,-2.2156,32976.8,524868.272
002920.SZ,2021-12-27,156.0,157.44,144.44,146.33,158.0,-11.67,-7.3861,62491.69,934448.596
002920.SZ,2021-12-28,147.5,149.3,145.52,146.52,146.33,0.19,0.1298,40835.95,600638.306
002920.SZ,2021-12-29,147.01,148.0,137.27,142.0,146.52,-4.52,-3.0849,58761.58,833113.004
002920.SZ,2021-12-30,143.1,145.39,141.13,142.01,142.0,0.01,0.007,49082.23,700846.739
002920.SZ,2021-12-31,142.74,144.94,134.2,141.51,142.01,-0.5,-0.3521,48444.94,673338.656
002920.SZ,2022-01-04,141.0,142.21,132.66,132.9,141.51,-8.61,-6.0844,53607.42,723336.058
002920.SZ,2022-01-05,132.58,136.5,126.38,130.38,132.9,-2.52,-1.8962,53773.42,700445.38
002920.SZ,2022-01-06,125.71,139.88,125.71,137.9,130.38,7.52,5.7678,103991.18,1413324.722
002920.SZ,2022-01-07,141.71,141.99,130.1,133.45,137.9,-4.45,-3.227,59079.79,790690.574
002920.SZ,2022-01-10,131.56,143.27,131.31,139.7,133.45,6.25,4.6834,49597.5,690161.382
002920.SZ,2022-01-11,146.45,147.68,134.85,137.0,139.7,-2.7,-1.9327,75511.26,1057272.431
002920.SZ,2022-01-12,140.0,143.4,138.99,142.13,137.0,5.13,3.7445,55005.44,780010.51
002920.SZ,2022-01-13,144.0,148.5,137.51,145.82,142.13,3.69,2.5962,62145.34,902061.211
002920.SZ,2022-01-14,145.01,150.39,142.2,149.02,145.82,3.2,2.1945,61422.31,914247.188
002920.SZ,2022-01-17,149.02,158.99,146.56,151.22,149.02,2.2,1.4763,70097.03,1078444.841
002920.SZ,2022-01-18,151.26,155.26,149.0,152.18,151.22,0.96,0.6348,32208.75,490207.044
002920.SZ,2022-01-19,151.0,152.07,145.9,149.49,152.18,-2.69,-1.7676,44562.04,662053.731
002920.SZ,2022-01-20,149.15,152.33,145.91,146.19,149.49,-3.3,-2.2075,32792.15,486126.02
002920.SZ,2022-01-21,144.25,149.0,142.05,145.81,146.19,-0.38,-0.2599,39094.38,568464.496
002920.SZ,2022-01-24,143.68,150.26,143.67,148.32,145.81,2.51,1.7214,34941.39,515240.696
002920.SZ,2022-01-25,147.0,147.8,139.9,141.0,148.32,-7.32,-4.9353,36400.94,522657.907
002920.SZ,2022-01-26,141.63,147.5,141.5,144.88,141.0,3.88,2.7518,29851.94,432725.78
002920.SZ,2022-01-27,144.89,146.45,140.0,140.8,144.88,-4.08,-2.8161,35185.45,503434.748
002920.SZ,2022-01-28,142.0,142.61,136.0,137.0,140.8,-3.8,-2.6989,35658.16,496206.194
002920.SZ,2022-02-07,140.41,144.5,136.22,137.74,137.0,0.74,0.5401,32665.21,457006.744
002920.SZ,2022-02-08,133.88,136.14,123.97,123.97,137.74,-13.77,-9.9971,51020.43,648896.555
002920.SZ,2022-02-09,120.33,121.88,116.01,121.0,123.97,-2.97,-2.3957,86668.72,1035067.734
002920.SZ,2022-02-10,121.0,122.41,117.5,118.72,121.0,-2.28,-1.8843,44377.02,530219.665
002920.SZ,2022-02-11,117.0,120.58,114.3,115.1,118.72,-3.62,-3.0492,51867.87,604870.91
002920.SZ,2022-02-14,113.5,119.5,110.98,117.7,115.1,2.6,2.2589,44542.53,519242.105
002920.SZ,2022-02-15,117.16,125.48,116.01,124.93,117.7,7.23,6.1427,50428.71,617236.31
002920.SZ,2022-02-16,125.1,126.0,122.39,123.35,124.93,-1.58,-1.2647,29959.06,370745.952
002920.SZ,2022-02-17,122.99,128.7,121.36,126.82,123.35,3.47,2.8131,31655.2,398985.901
002920.SZ,2022-02-18,125.81,127.0,123.02,124.88,126.82,-1.94,-1.5297,22951.49,286065.165
002920.SZ,2022-02-21,123.99,126.52,122.07,123.72,124.88,-1.16,-0.9289,18636.77,229951.555
002920.SZ,2022-02-22,121.9,124.5,120.56,123.95,123.72,0.23,0.1859,24355.98,298514.877
002920.SZ,2022-02-23,124.1,134.8,123.95,132.6,123.95,8.65,6.9786,40415.81,529121.16
002920.SZ,2022-02-24,132.35,134.59,130.5,132.86,132.6,0.26,0.1961,31886.93,421969.322
002920.SZ,2022-02-25,136.0,137.3,131.0,131.76,132.86,-1.1,-0.8279,28466.56,378526.704
002920.SZ,2022-02-28,131.76,132.88,128.7,132.12,131.76,0.36,0.2732,27727.29,362901.131
002920.SZ,2022-03-01,133.12,134.0,128.7,130.11,132.12,-2.01,-1.5213,34641.6,449576.231
002920.SZ,2022-03-02,129.39,129.9,125.7,127.14,130.11,-2.97,-2.2827,31157.1,396453.826
002920.SZ,2022-03-03,127.01,127.93,119.8,121.02,127.14,-6.12,-4.8136,61174.39,743129.24
002920.SZ,2022-03-04,117.24,121.3,116.38,117.61,121.02,-3.41,-2.8177,48679.71,575434.922
002920.SZ,2022-03-07,116.67,118.5,111.0,112.34,117.61,-5.27,-4.4809,46964.93,532786.686
002920.SZ,2022-03-08,115.0,115.0,108.68,111.56,112.34,-0.78,-0.6943,38653.98,432236.871
002920.SZ,2022-03-09,112.5,118.7,110.1,118.0,111.56,6.44,5.7727,48988.0,568355.515
002920.SZ,2022-03-10,123.01,125.8,120.01,122.0,118.0,4.0,3.3898,52841.48,648878.465
002920.SZ,2022-03-11,119.87,122.88,117.0,120.2,122.0,-1.8,-1.4754,41025.25,490703.963
002920.SZ,2022-03-14,118.77,123.0,118.5,120.67,120.2,0.47,0.391,26012.66,315289.557
002920.SZ,2022-03-15,118.74,125.7,117.0,120.2,120.67,-0.47,-0.3895,34519.47,422154.054
002920.SZ,2022-03-16,122.39,129.38,118.5,128.0,120.2,7.8,6.4892,48989.04,609011.545
002920.SZ,2022-03-17,128.21,133.31,126.0,127.14,128.0,-0.86,-0.6719,58956.99,765469.661
002920.SZ,2022-03-18,126.51,130.21,125.61,127.57,127.14,0.43,0.3382,19983.85,254610.53
002920.SZ,2022-03-21,126.81,130.9,125.03,128.01,127.57,0.44,0.3449,29786.82,383295.993
002920.SZ,2022-03-22,127.02,131.18,125.5,129.15,128.01,1.14,0.8906,16438.97,211517.136
002920.SZ,2022-03-23,128.8,130.4,126.08,126.98,129.15,-2.17,-1.6802,23866.8,304415.533
002920.SZ,2022-03-24,126.06,127.0,121.31,122.9,126.98,-4.08,-3.2131,41220.15,507623.154
002920.SZ,2022-03-25,122.54,123.41,120.2,120.2,122.9,-2.7,-2.1969,29158.99,354531.833
002920.SZ,2022-03-28,118.91,121.5,116.39,117.5,120.2,-2.7,-2.2463,25756.16,303626.291
002920.SZ,2022-03-29,118.35,120.9,117.5,119.2,117.5,1.7,1.4468,19030.89,226773.247
002920.SZ,2022-03-30,120.0,126.45,120.0,125.1,119.2,5.9,4.9497,24928.59,309834.127
002920.SZ,2022-03-31,124.34,128.12,123.11,126.62,125.1,1.52,1.215,27447.04,347425.448
002920.SZ,2022-04-01,126.3,127.42,122.35,122.89,126.62,-3.73,-2.9458,24745.32,308781.936
002920.SZ,2022-04-06,122.4,122.41,113.0,114.2,122.89,-8.69,-7.0714,38263.63,441035.299
002920.SZ,2022-04-07,115.04,116.44,111.21,112.05,114.2,-2.15,-1.8827,32674.08,370171.857
002920.SZ,2022-04-08,112.37,113.6,107.61,110.22,112.05,-1.83,-1.6332,34173.18,377614.066
002920.SZ,2022-04-11,106.94,107.74,100.0,101.15,110.22,-9.07,-8.229,65627.32,673148.593
002920.SZ,2022-04-12,99.28,104.29,97.0,98.69,101.15,-2.46,-2.432,61851.45,611675.059
002920.SZ,2022-04-13,98.0,98.96,95.5,96.8,98.69,-1.89,-1.9151,30606.9,297115.555
002920.SZ,2022-04-14,96.59,101.5,96.59,100.4,96.8,3.6,3.719,42231.0,422036.733
002920.SZ,2022-04-15,99.02,108.69,98.8,107.28,100.4,6.88,6.8526,55207.29,574385.102
002920.SZ,2022-04-18,109.8,115.75,107.28,114.86,107.28,7.58,7.0656,76795.85,865459.724
002920.SZ,2022-04-19,116.45,117.16,113.3,114.15,114.86,-0.71,-0.6181,46454.79,533538.781
002920.SZ,2022-04-20,112.99,115.56,112.6,113.44,114.15,-0.71,-0.622,29332.57,335032.919
002920.SZ,2022-04-21,111.12,118.2,111.12,113.47,113.44,0.03,0.0264,33941.26,390192.596
002920.SZ,2022-04-22,113.6,114.97,110.8,111.12,113.47,-2.35,-2.071,28324.8,317159.477
002920.SZ,2022-04-25,110.22,110.82,104.25,104.66,111.12,-6.46,-5.8135,44249.67,475959.75
002920.SZ,2022-04-26,106.75,107.58,100.0,102.14,104.66,-2.52,-2.4078,43459.91,447602.135
002920.SZ,2022-04-27,100.1,112.35,99.67,110.41,102.14,8.27,8.0967,48802.68,519435.515
002920.SZ,2022-04-28,108.96,114.0,106.76,112.37,110.41,1.96,1.7752,38733.89,430570.998
002920.SZ,2022-04-29,111.0,121.2,109.43,119.53,112.37,7.16,6.3718,69252.39,806760.958
002920.SZ,2022-05-05,118.49,125.51,117.88,125.39,119.53,5.86,4.9025,54566.76,665673.485
002920.SZ,2022-05-06,119.08,122.99,115.88,121.0,125.39,-4.39,-3.5011,29734.12,353971.834
002920.SZ,2022-05-09,118.3,118.4,110.26,112.5,121.0,-8.5,-7.0248,39224.11,443741.496
002920.SZ,2022-05-10,110.0,120.0,108.22,118.67,112.5,6.17,5.4844,38994.1,452166.038
002920.SZ,2022-05-11,118.72,127.66,117.4,126.22,118.67,7.55,6.3622,47409.98,591921.417
002920.SZ,2022-05-12,125.0,129.0,122.3,127.7,126.22,1.48,1.1726,37560.93,474552.192
002920.SZ,2022-05-13,128.99,129.99,126.0,128.98,127.7,1.28,1.0023,25283.7,323962.375
002920.SZ,2022-05-16,129.5,129.9,126.5,128.05,128.98,-0.93,-0.721,22938.28,294782.533
002920.SZ,2022-05-17,128.48,131.62,126.5,130.0,128.05,1.95,1.5228,23843.86,309418.332
002920.SZ,2022-05-18,130.0,130.0,120.99,124.46,130.0,-5.54,-4.2615,65173.84,816212.87
002920.SZ,2022-05-19,121.0,129.28,120.49,129.0,124.46,4.54,3.6478,33966.75,426244.659
002920.SZ,2022-05-20,129.04,131.64,123.0,124.86,128.55,-3.69,-2.8705,31166.85,392210.68
002920.SZ,2022-05-23,126.03,131.8,123.8,131.0,124.86,6.14,4.9175,37918.45,486847.814
002920.SZ,2022-05-24,131.0,134.88,124.0,124.57,131.0,-6.43,-4.9084,45827.77,592477.209
002920.SZ,2022-05-25,124.88,126.7,120.61,121.97,124.57,-2.6,-2.0872,39021.67,477464.773
002920.SZ,2022-05-26,122.95,124.23,119.0,122.68,121.97,0.71,0.5821,27643.39,336987.467
002920.SZ,2022-05-27,123.01,125.5,121.35,121.88,122.68,-0.8,-0.6521,27900.76,345076.487
002920.SZ,2022-05-30,122.0,128.6,121.12,127.39,121.88,5.51,4.5208,33725.03,426858.4
002920.SZ,2022-05-31,126.35,128.8,124.03,126.85,127.39,-0.54,-0.4239,30336.67,384133.905
002920.SZ,2022-06-01,127.23,135.85,125.14,132.7,126.85,5.85,4.6117,56938.98,751925.634
002920.SZ,2022-06-02,132.3,139.0,131.0,138.0,132.7,5.3,3.994,41819.95,568849.064
002920.SZ,2022-06-06,141.75,148.58,139.52,147.0,138.0,9.0,6.5217,57703.26,835725.503
002920.SZ,2022-06-07,146.2,147.97,143.0,146.0,147.0,-1.0,-0.6803,31137.81,453077.728
002920.SZ,2022-06-08,146.5,149.44,142.64,147.22,146.0,1.22,0.8356,32374.93,472092.797
002920.SZ,2022-06-09,147.22,147.22,139.96,141.6,147.22,-5.62,-3.8174,48091.17,682802.889
002920.SZ,2022-06-10,141.6,145.5,140.0,144.62,141.6,3.02,2.1328,67888.38,976553.083
002920.SZ,2022-06-13,144.0,147.79,141.0,146.5,144.62,1.88,1.3,35578.91,520294.199
002920.SZ,2022-06-14,143.12,150.1,140.25,149.0,146.5,2.5,1.7065,56242.2,817309.056
002920.SZ,2022-06-15,149.0,153.5,143.5,143.86,149.0,-5.14,-3.4497,42548.1,629122.414
002920.SZ,2022-06-16,143.0,147.98,143.0,145.86,143.86,2.0,1.3902,23468.33,342396.145
002920.SZ,2022-06-17,144.09,151.58,144.09,148.39,145.86,2.53,1.7345,29579.38,440310.617
002920.SZ,2022-06-20,148.88,152.45,147.8,149.37,148.39,0.98,0.6604,32598.78,489559.037
002920.SZ,2022-06-21,148.17,148.55,143.89,146.44,149.37,-2.93,-1.9616,24268.21,353975.854
002920.SZ,2022-06-22,155.2,157.88,148.16,149.81,146.44,3.37,2.3013,59671.19,900522.991
002920.SZ,2022-06-23,150.0,154.89,149.81,153.96,149.81,4.15,2.7702,78458.1,1204787.688
002920.SZ,2022-06-24,155.03,159.55,151.56,158.56,153.96,4.6,2.9878,56873.98,892823.698
002920.SZ,2022-06-27,158.57,163.32,155.52,162.0,158.56,3.44,2.1695,59064.79,952997.443
002920.SZ,2022-06-28,160.1,163.5,153.0,161.53,162.0,-0.47,-0.2901,46695.16,740507.878
002920.SZ,2022-06-29,158.33,160.59,150.88,151.37,161.53,-10.16,-6.2899,47114.68,724441.319
002920.SZ,2022-06-30,150.0,153.8,146.66,148.0,151.37,-3.37,-2.2263,51751.42,774726.991
002920.SZ,2022-07-01,147.77,151.18,143.98,149.79,148.0,1.79,1.2095,38857.38,575609.634
002920.SZ,2022-07-04,146.05,154.8,146.05,152.85,149.79,3.06,2.0429,48781.5,744276.81
002920.SZ,2022-07-05,155.0,155.28,144.48,147.11,152.85,-5.74,-3.7553,44813.96,662073.41
002920.SZ,2022-07-06,147.11,153.23,145.19,149.0,147.11,1.89,1.2848,38989.48,580904.497
002920.SZ,2022-07-07,149.54,163.0,149.54,160.99,149.0,11.99,8.047,56950.61,898163.273
002920.SZ,2022-07-08,161.34,162.24,153.0,154.28,160.99,-6.71,-4.168,42001.37,656852.897
002920.SZ,2022-07-11,156.0,165.33,153.28,164.54,154.28,10.26,6.6502,58806.11,942986.899
002920.SZ,2022-07-12,161.94,168.09,157.98,159.03,164.54,-5.51,-3.3487,55841.72,909147.648
002920.SZ,2022-07-13,158.25,160.1,153.0,157.1,159.03,-1.93,-1.2136,38257.61,600617.166
002920.SZ,2022-07-14,156.09,170.0,155.01,168.5,157.1,11.4,7.2565,35198.24,584627.829
002920.SZ,2022-07-15,168.5,169.49,162.5,164.19,168.5,-4.31,-2.5579,57895.96,958579.426
002920.SZ,2022-07-18,162.62,179.56,158.62,176.4,164.19,12.21,7.4365,65303.31,1110461.267
002920.SZ,2022-07-19,176.4,189.95,171.8,179.2,176.4,2.8,1.5873,64852.68,1170233.444
002920.SZ,2022-07-20,176.92,177.64,168.94,176.0,179.2,-3.2,-1.7857,54985.9,952927.823
002920.SZ,2022-07-21,176.09,188.49,172.5,178.8,176.0,2.8,1.5909,50437.68,916840.192
002920.SZ,2022-07-22,179.17,180.82,174.0,179.72,178.8,0.92,0.5145,30540.3,541713.331
002920.SZ,2022-07-25,179.7,179.7,169.3,173.88,179.72,-5.84,-3.2495,37140.86,641765.859
002920.SZ,2022-07-26,174.08,178.49,173.0,176.84,173.88,2.96,1.7023,28150.31,496690.182
002920.SZ,2022-07-27,176.84,185.6,175.09,183.02,176.84,6.18,3.4947,27631.72,502104.961
002920.SZ,2022-07-28,184.0,189.68,180.18,186.17,183.02,3.15,1.7211,27824.68,517725.873
002920.SZ,2022-07-29,186.0,203.99,184.01,195.0,186.17,8.83,4.743,39873.96,776912.387
002920.SZ,2022-08-01,193.0,197.5,189.0,196.9,195.0,1.9,0.9744,37507.27,724683.586
002920.SZ,2022-08-02,190.0,201.88,189.01,197.31,196.9,0.41,0.2082,32180.8,633543.843
002920.SZ,2022-08-03,197.5,202.84,189.68,190.6,197.31,-6.71,-3.4007,34788.21,681973.862
002920.SZ,2022-08-04,193.01,193.99,184.06,187.0,190.6,-3.6,-1.8888,47102.33,881164.055
002920.SZ,2022-08-05,187.67,196.0,185.0,185.3,187.0,-1.7,-0.9091,35888.0,677692.966
002920.SZ,2022-08-08,186.05,188.86,177.49,188.18,185.3,2.88,1.5542,43871.36,809101.001
002920.SZ,2022-08-09,189.01,190.5,183.64,185.0,188.18,-3.18,-1.6899,30880.65,576934.809
002920.SZ,2022-08-10,184.0,185.15,166.8,167.23,185.0,-17.77,-9.6054,119008.83,2055861.697
002920.SZ,2022-08-11,168.0,168.88,160.07,162.25,167.23,-4.98,-2.9779,122489.96,1993111.186
002920.SZ,2022-08-12,162.51,165.85,159.33,162.95,162.25,0.7,0.4314,89974.73,1463539.438
002920.SZ,2022-08-15,160.18,163.96,158.8,159.98,162.95,-2.97,-1.8226,78434.94,1258306.703
002920.SZ,2022-08-16,160.0,169.65,158.8,165.0,159.98,5.02,3.1379,88762.4,1473687.603
002920.SZ,2022-08-17,164.95,166.4,162.0,165.0,165.0,0.0,0.0,42730.6,701322.489
002920.SZ,2022-08-18,164.82,171.99,163.48,169.0,165.0,4.0,2.4242,59376.76,1003217.229
002920.SZ,2022-08-19,171.98,173.8,158.15,158.4,169.0,-10.6,-6.2722,101449.66,1651135.473
002920.SZ,2022-08-22,154.9,165.0,154.0,163.42,158.4,5.02,3.1692,63832.17,1028061.978
002920.SZ,2022-08-23,163.0,166.66,161.17,164.39,163.42,0.97,0.5936,35094.35,576314.863
002920.SZ,2022-08-24,164.83,165.5,158.65,159.0,164.39,-5.39,-3.2788,41501.5,667315.47
002920.SZ,2022-08-25,160.02,160.99,154.0,156.49,159.0,-2.51,-1.5786,31244.77,488306.16
002920.SZ,2022-08-26,157.35,163.7,157.09,159.86,156.49,3.37,2.1535,38064.31,611783.761
002920.SZ,2022-08-29,158.38,164.5,157.0,162.45,159.86,2.59,1.6202,38053.04,615315.228
002920.SZ,2022-08-30,161.86,164.8,158.5,159.25,162.45,-3.2,-1.9698,27005.52,433922.346
002920.SZ,2022-08-31,158.34,160.98,150.18,153.0,159.25,-6.25,-3.9246,44771.77,690069.782
002920.SZ,2022-09-01,144.8,149.6,143.03,146.2,153.0,-6.8,-4.4444,128106.14,1865513.479
002920.SZ,2022-09-02,148.47,150.07,140.27,142.2,146.2,-4.0,-2.736,95804.56,1377268.532
002920.SZ,2022-09-05,143.42,147.77,141.2,145.82,142.2,3.62,2.5457,60367.63,878567.383
002920.SZ,2022-09-06,150.0,155.53,145.82,154.01,145.82,8.19,5.6165,72395.37,1099281.382
002920.SZ,2022-09-07,152.0,161.9,152.0,160.06,154.01,6.05,3.9283,54137.07,859506.219
002920.SZ,2022-09-08,160.38,160.94,155.86,159.1,160.06,-0.96,-0.5998,45478.51,720401.186
002920.SZ,2022-09-09,159.5,160.08,154.8,157.22,159.1,-1.88,-1.1816,26607.67,416445.34
002920.SZ,2022-09-13,159.0,161.19,154.01,155.0,157.22,-2.22,-1.412,37564.85,584351.359
002920.SZ,2022-09-14,153.32,156.5,150.0,151.0,155.0,-4.0,-2.5806,44330.81,672702.083
002920.SZ,2022-09-15,149.99,150.0,135.9,135.9,151.0,-15.1,-10.0,76256.59,1063654.042
002920.SZ,2022-09-16,134.0,136.97,133.0,133.3,135.9,-2.6,-1.9132,64569.84,868623.571
002920.SZ,2022-09-19,133.69,140.47,133.04,138.0,133.3,4.7,3.5259,48441.28,667524.528
002920.SZ,2022-09-20,139.6,144.38,138.36,141.55,138.0,3.55,2.5725,46502.24,659727.525
002920.SZ,2022-09-21,141.5,146.6,140.05,142.72,141.55,1.17,0.8266,35280.54,507359.834
002920.SZ,2022-09-22,141.12,145.5,139.27,142.3,142.72,-0.42,-0.2943,28598.06,407728.886
002920.SZ,2022-09-23,142.33,143.8,138.21,140.01,142.3,-2.29,-1.6093,32394.14,455195.031
002920.SZ,2022-09-26,141.2,150.82,138.0,147.78,140.01,7.77,5.5496,53025.22,778966.971
002920.SZ,2022-09-27,148.68,151.96,145.2,147.38,147.78,-0.4,-0.2707,30048.86,442757.97
002920.SZ,2022-09-28,146.98,148.82,142.86,143.8,147.38,-3.58,-2.4291,23532.05,340134.329
002920.SZ,2022-09-29,144.15,149.82,141.5,146.29,143.8,2.49,1.7316,32274.22,471012.471
002920.SZ,2022-09-30,146.29,146.73,137.95,137.95,146.29,-8.34,-5.701,34988.19,490508.865
002920.SZ,2022-10-10,135.81,137.7,125.07,127.33,137.95,-10.62,-7.6984,117490.18,1530893.369
002920.SZ,2022-10-11,130.62,134.28,128.76,133.38,127.33,6.05,4.7514,60104.84,796811.548
002920.SZ,2022-10-12,134.58,137.34,127.88,136.75,133.38,3.37,2.5266,57901.38,767130.993
002920.SZ,2022-10-13,136.0,142.2,134.64,137.67,136.75,0.92,0.6728,53683.59,746879.263
002920.SZ,2022-10-14,139.0,140.5,135.0,136.7,137.67,-0.97,-0.7046,69005.91,946675.42
002920.SZ,2022-10-17,136.0,138.15,127.17,128.5,136.7,-8.2,-5.9985,81601.93,1058853.7
002920.SZ,2022-10-18,131.0,132.52,128.8,131.03,128.5,2.53,1.9689,56506.57,736968.53
002920.SZ,2022-10-19,129.66,134.98,129.33,131.68,131.03,0.65,0.4961,46440.08,615147.142
002920.SZ,2022-10-20,129.5,131.32,124.0,124.7,131.68,-6.98,-5.3007,82328.27,1037530.028
002920.SZ,2022-10-21,124.2,126.93,122.12,123.6,124.7,-1.1,-0.8821,51745.18,644688.333
002920.SZ,2022-10-24,123.12,126.33,121.96,122.81,123.6,-0.79,-0.6392,48858.4,603244.275
002920.SZ,2022-10-25,122.01,125.6,120.8,122.78,122.81,-0.03,-0.0244,45953.51,564819.455
002920.SZ,2022-10-26,114.22,115.8,110.5,110.5,122.78,-12.28,-10.0016,112606.49,1247701.607
002920.SZ,2022-10-27,110.01,112.85,106.0,108.32,110.5,-2.18,-1.9729,145797.4,1582327.027
002920.SZ,2022-10-28,107.22,108.83,103.49,103.69,108.32,-4.63,-4.2744,80777.97,851182.548
002920.SZ,2022-10-31,103.02,106.86,101.0,103.6,103.69,-0.09,-0.0868,58547.34,611581.277
002920.SZ,2022-11-01,103.69,107.78,101.75,107.59,103.6,3.99,3.8514,73566.04,778713.695
002920.SZ,2022-11-02,106.55,118.35,105.65,118.35,107.59,10.76,10.0009,135301.2,1527949.44
002920.SZ,2022-11-03,117.17,123.5,115.22,120.2,118.35,1.85,1.5632,140492.73,1690697.191
002920.SZ,2022-11-04,122.0,127.58,120.15,125.32,120.2,5.12,4.2596,100852.43,1258778.476
002920.SZ,2022-11-07,125.31,126.73,122.18,124.35,125.32,-0.97,-0.774,64258.74,799904.805
002920.SZ,2022-11-08,125.04,127.79,123.2,124.35,124.35,0.0,0.0,71059.48,891451.537
002920.SZ,2022-11-09,125.19,125.53,120.66,121.1,124.35,-3.25,-2.6136,60872.04,741632.96
002920.SZ,2022-11-10,120.45,121.01,116.99,117.65,121.1,-3.45,-2.8489,41636.67,492313.088
002920.SZ,2022-11-11,122.3,123.45,115.19,116.84,117.65,-0.81,-0.6885,60383.04,716028.06
002920.SZ,2022-11-14,115.48,118.74,114.0,115.16,116.84,-1.68,-1.4379,42597.84,493566.885
002920.SZ,2022-11-15,115.63,119.87,112.67,119.5,115.16,4.34,3.7687,64262.69,748818.336
002920.SZ,2022-11-16,119.1,121.55,113.5,113.84,119.5,-5.66,-4.7364,65300.48,757775.338
002920.SZ,2022-11-17,112.99,114.47,109.7,112.4,113.84,-1.44,-1.2649,51233.63,570167.77
002920.SZ,2022-11-18,112.3,114.23,110.0,111.2,112.4,-1.2,-1.0676,35179.79,395580.341
002920.SZ,2022-11-21,110.11,114.2,108.81,113.73,111.2,2.53,2.2752,36752.84,411791.573
002920.SZ,2022-11-22,113.75,114.0,110.02,111.0,113.73,-2.73,-2.4004,37734.32,419861.518
002920.SZ,2022-11-23,111.91,111.91,109.2,109.83,111.0,-1.17,-1.0541,29960.51,329911.678
002920.SZ,2022-11-24,110.01,111.9,108.81,109.13,109.83,-0.7,-0.6373,29728.55,327199.553
002920.SZ,2022-11-25,109.4,109.4,106.15,107.25,109.13,-1.88,-1.7227,33682.67,361323.832
002920.SZ,2022-11-28,105.11,107.89,104.8,106.46,107.25,-0.79,-0.7366,27324.6,290245.691
002920.SZ,2022-11-29,107.29,107.29,105.0,105.86,106.46,-0.6,-0.5636,38782.77,410092.106
002920.SZ,2022-11-30,105.86,111.82,103.38,109.99,105.86,4.13,3.9014,74739.81,809632.864
002920.SZ,2022-12-01,113.0,118.78,113.0,113.6,109.99,3.61,3.2821,87737.18,1014041.697
002920.SZ,2022-12-02,113.07,115.5,112.03,114.62,113.6,1.02,0.8979,55430.93,632400.809
002920.SZ,2022-12-05,114.97,115.36,112.4,114.46,114.62,-0.16,-0.1396,44820.02,509942.189
002920.SZ,2022-12-06,113.37,118.1,110.0,117.06,114.46,2.6,2.2715,61823.11,710762.506
002920.SZ,2022-12-07,116.98,119.99,114.79,117.26,117.06,0.2,0.1709,59929.89,708295.51
002920.SZ,2022-12-08,117.25,120.22,116.25,117.95,117.26,0.69,0.5884,30144.73,356374.54
002920.SZ,2022-12-09,117.01,118.88,114.16,114.88,117.95,-3.07,-2.6028,42685.46,493169.36
002920.SZ,2022-12-12,113.22,116.5,113.07,115.69,114.88,0.81,0.7051,26253.55,301953.705
002920.SZ,2022-12-13,113.87,114.68,109.5,109.5,115.69,-6.19,-5.3505,41863.5,466609.926
002920.SZ,2022-12-14,110.0,112.88,110.0,110.38,109.5,0.88,0.8037,32385.37,360433.838
002920.SZ,2022-12-15,110.43,120.38,109.7,119.57,110.38,9.19,8.3258,67749.45,786587.639
002920.SZ,2022-12-16,118.3,119.33,116.31,117.7,119.57,-1.87,-1.5639,37683.86,443189.136
002920.SZ,2022-12-19,119.18,121.52,114.7,115.41,117.7,-2.29,-1.9456,38115.22,447899.233
002920.SZ,2022-12-20,115.35,117.35,113.25,115.91,115.41,0.5,0.4332,42444.9,489627.189
002920.SZ,2022-12-21,115.96,116.0,112.0,112.66,115.91,-3.25,-2.8039,36538.29,414426.428
002920.SZ,2022-12-22,113.5,113.99,109.81,110.65,112.66,-2.01,-1.7841,30740.9,342033.771
002920.SZ,2022-12-23,109.97,110.6,107.0,107.79,110.65,-2.86,-2.5847,23703.81,256493.084
002920.SZ,2022-12-26,107.62,113.72,107.39,113.69,107.79,5.9,5.4736,39523.67,441785.467
002920.SZ,2022-12-27,113.7,114.8,112.01,114.58,113.69,0.89,0.7828,26259.12,297455.374
002920.SZ,2022-12-28,113.49,113.79,107.5,108.0,114.58,-6.58,-5.7427,46391.67,505991.576
002920.SZ,2022-12-29,109.54,109.54,106.11,107.72,108.0,-0.28,-0.2593,36964.82,398503.326
002920.SZ,2022-12-30,109.11,109.99,104.7,105.34,107.72,-2.38,-2.2094,61062.97,649418.526
002920.SZ,2023-01-03,105.0,112.8,103.66,111.76,105.34,6.42,6.0946,64230.0,700977.801
002920.SZ,2023-01-04,111.01,112.5,108.23,108.81,111.76,-2.95,-2.6396,35775.88,392890.906
002920.SZ,2023-01-05,109.99,119.69,109.65,119.69,108.81,10.88,9.9991,67296.23,782064.005
002920.SZ,2023-01-06,121.52,125.83,119.01,123.26,119.69,3.57,2.9827,105069.07,1295905.619
002920.SZ,2023-01-09,123.8,125.41,121.34,122.0,123.26,-1.26,-1.0222,44923.64,550910.453
002920.SZ,2023-01-10,122.6,123.0,119.72,121.9,122.0,-0.1,-0.082,43652.94,529532.72
002920.SZ,2023-01-11,121.29,123.7,118.26,119.28,121.9,-2.62,-2.1493,43186.18,523398.077
002920.SZ,2023-01-12,119.51,124.99,119.28,121.49,119.28,2.21,1.8528,38472.76,470184.282
002920.SZ,2023-01-13,122.8,123.3,120.01,121.02,121.49,-0.47,-0.3869,21129.73,255766.655
002920.SZ,2023-01-16,120.1,123.9,118.91,122.36,121.02,1.34,1.1073,38149.62,465921.409
002920.SZ,2023-01-17,123.0,126.99,121.57,122.61,122.36,0.25,0.2043,37379.4,462627.209
002920.SZ,2023-01-18,122.05,124.51,121.33,123.0,122.61,0.39,0.3181,28182.21,347136.031
002920.SZ,2023-01-19,123.89,124.29,121.55,122.56,123.0,-0.44,-0.3577,24416.35,298793.439
002920.SZ,2023-01-20,122.56,124.43,121.7,123.91,122.56,1.35,1.1015,23677.94,291252.949
002920.SZ,2023-01-30,128.5,135.0,128.03,132.27,123.91,8.36,6.7468,70103.62,918616.462
002920.SZ,2023-01-31,130.95,132.27,128.01,131.18,132.27,-1.09,-0.8241,34055.12,444545.426
002920.SZ,2023-02-01,132.46,135.0,130.26,134.0,131.18,2.82,2.1497,38896.38,517100.393
002920.SZ,2023-02-02,133.9,140.57,133.9,138.65,134.0,4.65,3.4701,51431.55,709709.501
002920.SZ,2023-02-03,138.49,140.5,134.5,136.68,138.65,-1.97,-1.4208,28188.64,387152.923
002920.SZ,2023-02-06,136.71,136.71,128.72,129.11,136.68,-7.57,-5.5385,46549.41,610180.801
002920.SZ,2023-02-07,130.16,130.33,126.88,128.81,129.11,-0.3,-0.2324,30752.69,396704.919
002920.SZ,2023-02-08,127.58,129.98,127.5,128.09,128.81,-0.72,-0.559,17146.82,220437.732
002920.SZ,2023-02-09,127.5,129.8,126.7,128.33,128.09,0.24,0.1874,30143.22,385697.516
002920.SZ,2023-02-10,128.0,128.03,121.8,123.52,128.33,-4.81,-3.7481,53143.19,657049.044
002920.SZ,2023-02-13,122.37,126.2,121.34,125.46,123.52,1.94,1.5706,38719.29,480267.017
002920.SZ,2023-02-14,124.8,125.58,122.62,125.15,125.46,-0.31,-0.2471,22204.81,275948.299
002920.SZ,2023-02-15,125.21,126.5,122.6,123.16,125.15,-1.99,-1.5901,21817.12,270385.707
002920.SZ,2023-02-16,122.84,123.16,117.36,118.46,123.16,-4.7,-3.8162,56776.82,684692.236
002920.SZ,2023-02-17,118.46,119.5,115.85,116.05,118.46,-2.41,-2.0344,29491.02,345152.728
002920.SZ,2023-02-20,116.06,117.35,113.05,117.3,116.05,1.25,1.0771,37614.93,435149.175
002920.SZ,2023-02-21,117.28,120.3,116.69,119.45,117.3,2.15,1.8329,38738.15,459984.626
002920.SZ,2023-02-22,121.48,123.5,120.6,120.83,119.45,1.38,1.1553,42440.18,516540.366
002920.SZ,2023-02-23,119.92,123.28,119.5,120.46,120.83,-0.37,-0.3062,25360.28,307501.244
002920.SZ,2023-02-24,119.95,120.8,115.6,115.7,120.46,-4.76,-3.9515,41655.59,487511.918
002920.SZ,2023-02-27,115.0,116.2,113.9,114.83,115.7,-0.87,-0.7519,27875.18,320134.565
002920.SZ,2023-02-28,115.6,115.91,112.23,114.07,114.83,-0.76,-0.6618,38364.89,434276.657
002920.SZ,2023-03-01,113.5,113.5,111.67,113.2,114.07,-0.87,-0.7627,34216.17,384839.075
002920.SZ,2023-03-02,113.69,115.49,112.72,114.05,113.2,0.85,0.7509,40280.04,459908.745
002920.SZ,2023-03-03,113.0,115.09,111.95,112.15,114.05,-1.9,-1.6659,30524.3,345682.309
002920.SZ,2023-03-06,112.8,114.49,110.0,114.21,112.15,2.06,1.8368,37101.6,417502.364
002920.SZ,2023-03-07,114.21,114.22,110.68,110.86,114.21,-3.35,-2.9332,29802.3,334306.049
002920.SZ,2023-03-08,110.81,111.0,108.15,109.58,110.86,-1.28,-1.1546,27714.75,303108.751
002920.SZ,2023-03-09,109.6,111.39,108.8,109.0,109.58,-0.58,-0.5293,20737.7,227582.935
002920.SZ,2023-03-10,106.88,108.46,105.0,105.01,109.0,-3.99,-3.6606,46178.02,488195.561
002920.SZ,2023-03-13,104.36,105.9,102.29,103.78,105.01,-1.23,-1.1713,52805.58,546524.979
002920.SZ,2023-03-14,103.5,104.38,99.02,100.95,103.78,-2.83,-2.7269,65465.57,660774.605
002920.SZ,2023-03-15,101.33,103.8,99.66,99.9,100.95,-1.05,-1.0401,39726.86,401124.867
002920.SZ,2023-03-16,99.25,100.13,97.44,97.45,99.9,-2.45,-2.4525,34313.85,338287.797
002920.SZ,2023-03-17,98.5,98.75,95.15,95.8,97.45,-1.65,-1.6932,56938.1,549723.99
002920.SZ,2023-03-20,96.01,96.96,93.09,96.28,95.8,0.48,0.501,58311.99,556291.687
002920.SZ,2023-03-21,95.0,99.2,93.39,98.86,96.28,2.58,2.6797,73854.66,715907.364
002920.SZ,2023-03-22,99.22,103.16,99.22,100.99,98.86,2.13,2.1546,59908.67,608820.982
002920.SZ,2023-03-23,100.61,102.82,99.71,102.25,100.99,1.26,1.2476,43535.01,441007.733
002920.SZ,2023-03-24,102.08,112.48,102.0,111.95,102.25,9.7,9.4866,113836.23,1229588.164
002920.SZ,2023-03-27,111.95,114.47,109.51,111.1,111.95,-0.85,-0.7593,90194.37,1014229.363
002920.SZ,2023-03-28,111.1,111.1,107.0,107.67,111.1,-3.43,-3.0873,42361.23,460946.712
002920.SZ,2023-03-29,107.6,111.0,107.09,109.39,107.67,1.72,1.5975,40869.12,446950.296
002920.SZ,2023-03-30,111.5,114.31,109.78,110.64,109.39,1.25,1.1427,52599.25,589378.896
002920.SZ,2023-03-31,111.31,113.95,109.76,110.95,110.64,0.31,0.2802,40788.25,455058.362
002920.SZ,2023-04-03,110.93,112.67,108.3,110.76,110.95,-0.19,-0.1712,52007.71,570949.104
002920.SZ,2023-04-04,110.22,113.86,107.56,113.35,110.76,2.59,2.3384,66365.9,734719.696
002920.SZ,2023-04-06,112.3,113.56,108.55,112.21,113.35,-1.14,-1.0057,57840.88,641274.173
002920.SZ,2023-04-07,112.2,118.88,112.01,117.21,112.21,5.0,4.4559,73216.66,854203.962
002920.SZ,2023-04-10,120.99,127.3,114.0,115.01,117.21,-2.2,-1.877,75453.6,906963.901
002920.SZ,2023-04-11,114.96,114.96,111.33,112.99,115.01,-2.02,-1.7564,45072.53,509197.03
002920.SZ,2023-04-12,112.99,113.6,109.39,113.05,112.99,0.06,0.0531,40650.76,453895.801
002920.SZ,2023-04-13,112.02,113.2,108.88,108.91,113.05,-4.14,-3.6621,33970.79,374939.956
002920.SZ,2023-04-14,108.9,112.5,108.08,110.0,108.91,1.09,1.0008,30559.31,337725.777
002920.SZ,2023-04-17,110.6,117.8,109.7,116.2,110.0,6.2,5.6364,61979.88,712675.134
002920.SZ,2023-04-18,115.5,118.27,113.88,115.94,116.2,-0.26,-0.2238,36007.8,417145.592
002920.SZ,2023-04-19,115.85,116.95,114.17,114.75,115.94,-1.19,-1.0264,30221.7,348214.999
002920.SZ,2023-04-20,113.99,113.99,110.71,111.43,114.75,-3.32,-2.8932,26590.06,297629.405
002920.SZ,2023-04-21,111.41,112.68,105.46,105.46,111.43,-5.97,-5.3576,53759.53,580585.261
002920.SZ,2023-04-24,105.51,110.1,102.64,107.2,105.46,1.74,1.6499,51690.42,553295.185
002920.SZ,2023-04-25,107.0,107.22,99.97,100.92,107.2,-6.28,-5.8582,50346.94,514563.284
002920.SZ,2023-04-26,100.99,104.8,99.12,101.64,100.92,0.72,0.7134,50691.69,515230.371
002920.SZ,2023-04-27,99.0,108.31,98.6,107.58,101.64,5.94,5.8442,61343.8,645588.201
002920.SZ,2023-04-28,108.3,108.94,103.0,103.38,107.58,-4.2,-3.9041,40645.88,425503.081
002920.SZ,2023-05-04,102.8,105.36,101.2,101.53,103.38,-1.85,-1.7895,22821.72,234364.992
002920.SZ,2023-05-05,101.97,102.89,99.41,99.84,101.53,-1.69,-1.6645,21311.32,213993.97
002920.SZ,2023-05-08,100.84,101.12,96.66,99.38,99.84,-0.46,-0.4607,35660.09,351053.081
002920.SZ,2023-05-09,98.95,99.85,97.2,97.32,99.38,-2.06,-2.0729,23101.3,227210.896
002920.SZ,2023-05-10,97.0,106.07,96.51,105.52,96.77,8.75,9.0421,62122.87,636368.414
002920.SZ,2023-05-11,105.5,110.18,104.27,107.02,105.52,1.5,1.4215,43360.19,465763.01
002920.SZ,2023-05-12,107.01,108.3,104.5,105.98,107.02,-1.04,-0.9718,25444.56,270518.377
002920.SZ,2023-05-15,105.98,109.5,105.66,107.42,105.98,1.44,1.3587,26270.29,283358.869
002920.SZ,2023-05-16,108.0,108.0,105.35,106.41,107.42,-1.01,-0.9402,16921.48,179709.435
002920.SZ,2023-05-17,105.85,106.79,103.3,104.13,106.41,-2.28,-2.1427,23065.02,240983.506
002920.SZ,2023-05-18,104.13,106.31,103.56,105.01,104.13,0.88,0.8451,18575.02,195138.408
002920.SZ,2023-05-19,105.0,109.29,104.1,108.17,105.01,3.16,3.0092,27629.56,296718.268
002920.SZ,2023-05-22,108.99,110.88,107.1,110.1,108.17,1.93,1.7842,29224.59,320959.836
002920.SZ,2023-05-23,110.23,112.0,108.41,108.42,110.1,-1.68,-1.5259,19329.14,212523.077
002920.SZ,2023-05-24,108.37,109.6,106.6,106.84,108.42,-1.58,-1.4573,16000.3,172437.97
002920.SZ,2023-05-25,106.2,107.38,105.01,106.73,106.84,-0.11,-0.103,15193.11,161584.072
002920.SZ,2023-05-26,106.73,108.6,104.0,107.47,106.73,0.74,0.6933,19421.7,206879.578
002920.SZ,2023-05-29,107.47,110.99,104.0,106.09,107.47,-1.38,-1.2841,24818.19,261507.173
002920.SZ,2023-05-30,104.1,111.44,104.1,108.98,106.09,2.89,2.7241,36423.9,397202.006
002920.SZ,2023-05-31,108.18,114.66,108.0,113.47,108.98,4.49,4.12,54900.99,618819.948
002920.SZ,2023-06-01,112.64,117.99,112.3,113.55,113.47,0.08,0.0705,33051.03,379233.022
002920.SZ,2023-06-02,113.8,119.66,113.0,118.02,113.55,4.47,3.9366,46753.54,548902.469
002920.SZ,2023-06-05,119.31,121.8,114.96,117.34,118.02,-0.68,-0.5762,34206.46,403596.778
002920.SZ,2023-06-06,116.56,116.84,113.5,114.41,117.34,-2.93,-2.497,24229.05,278838.883
002920.SZ,2023-06-07,114.51,115.28,112.5,113.49,114.41,-0.92,-0.8041,13820.43,156877.752
002920.SZ,2023-06-08,113.4,114.95,112.15,112.99,113.49,-0.5,-0.4406,21028.18,238152.912
002920.SZ,2023-06-09,113.77,115.77,111.5,114.2,112.99,1.21,1.0709,29408.73,334883.663
002920.SZ,2023-06-12,119.5,125.62,117.19,125.62,114.2,11.42,10.0,57221.3,703626.998
002920.SZ,2023-06-13,132.01,137.99,129.63,135.53,125.62,9.91,7.8889,124785.51,1670182.614
002920.SZ,2023-06-14,135.53,138.33,132.26,136.32,135.53,0.79,0.5829,126205.27,1705765.414
002920.SZ,2023-06-15,135.0,147.0,133.01,143.1,136.32,6.78,4.9736,139295.86,1979958.71
002920.SZ,2023-06-16,143.1,146.55,140.8,144.11,143.1,1.01,0.7058,68071.73,980623.191
002920.SZ,2023-06-19,149.01,156.66,148.6,152.09,144.11,7.98,5.5374,119464.56,1824025.046
002920.SZ,2023-06-20,152.09,161.0,150.57,159.69,152.09,7.6,4.997,96222.5,1505646.135
002920.SZ,2023-06-21,158.0,166.66,155.01,158.88,159.69,-0.81,-0.5072,95431.1,1525535.539
002920.SZ,2023-06-26,156.99,161.9,148.8,149.74,158.88,-9.14,-5.7528,123153.0,1889525.773
002920.SZ,2023-06-27,148.56,151.99,148.08,149.99,149.74,0.25,0.167,72699.08,1090873.263
002920.SZ,2023-06-28,147.01,148.94,141.24,146.9,149.99,-3.09,-2.0601,95905.54,1390000.113
002920.SZ,2023-06-29,149.3,153.68,146.71,152.5,146.9,5.6,3.8121,89343.27,1352951.688
002920.SZ,2023-06-30,151.14,158.74,150.78,155.81,152.5,3.31,2.1705,50090.09,775184.615
002920.SZ,2023-07-03,158.0,169.13,153.76,156.82,155.81,1.01,0.6482,86187.39,1387725.891
002920.SZ,2023-07-04,157.81,172.5,156.53,172.5,156.82,15.68,9.9987,107947.58,1813709.094
002920.SZ,2023-07-05,174.75,176.1,157.93,159.96,172.5,-12.54,-7.2696,144818.91,2403760.567
002920.SZ,2023-07-06,154.33,167.55,149.77,165.45,159.96,5.49,3.4321,164295.56,2635276.425
002920.SZ,2023-07-07,166.65,167.9,159.0,159.86,165.45,-5.59,-3.3787,94510.5,1529665.71
002920.SZ,2023-07-10,163.0,167.0,157.55,163.82,159.86,3.96,2.4772,75141.1,1217696.903
002920.SZ,2023-07-11,162.0,179.5,161.03,172.41,163.82,8.59,5.2436,99812.57,1702614.281
002920.SZ,2023-07-12,172.0,172.1,161.0,162.7,172.41,-9.71,-5.6319,88311.24,1468068.041
002920.SZ,2023-07-13,163.0,168.39,161.0,165.37,162.7,2.67,1.6411,61515.56,1013302.185
002920.SZ,2023-07-14,163.95,167.5,159.0,160.0,165.37,-5.37,-3.2473,101639.81,1638906.801
002920.SZ,2023-07-17,159.52,159.71,152.8,153.0,160.0,-7.0,-4.375,109243.84,1695441.347
002920.SZ,2023-07-18,152.6,160.41,152.51,157.64,153.0,4.64,3.0327,99961.6,1569828.841
002920.SZ,2023-07-19,157.68,161.54,156.0,157.89,157.64,0.25,0.1586,56813.14,901447.387
002920.SZ,2023-07-20,157.88,159.37,150.1,151.1,157.89,-6.79,-4.3005,67704.83,1037132.828
002920.SZ,2023-07-21,151.11,153.69,147.47,150.24,151.1,-0.86,-0.5692,39871.6,599728.484
002920.SZ,2023-07-24,151.09,152.67,148.08,151.5,150.24,1.26,0.8387,37555.15,566987.047
002920.SZ,2023-07-25,156.0,158.36,145.84,152.16,151.5,0.66,0.4356,72963.49,1112839.665
002920.SZ,2023-07-26,151.02,151.02,148.21,150.0,152.16,-2.16,-1.4196,35001.26,522601.882
002920.SZ,2023-07-27,162.0,164.65,156.2,156.6,150.0,6.6,4.4,117174.9,1869168.718
002920.SZ,2023-07-28,157.64,160.8,151.5,157.81,156.6,1.21,0.7727,67874.86,1061833.327
002920.SZ,2023-07-31,158.85,164.5,154.98,155.55,157.81,-2.26,-1.4321,56835.76,898042.933
002920.SZ,2023-08-01,155.5,157.66,152.9,155.7,155.55,0.15,0.0964,32933.12,512625.79
002920.SZ,2023-08-02,153.8,158.89,153.3,155.66,155.7,-0.04,-0.0257,30431.61,475483.18
002920.SZ,2023-08-03,155.0,157.41,152.72,153.75,155.66,-1.91,-1.227,29324.31,453501.579
002920.SZ,2023-08-04,155.0,162.9,153.88,160.06,153.75,6.31,4.1041,56197.69,894743.737
002920.SZ,2023-08-07,160.0,168.27,158.06,162.94,160.06,2.88,1.7993,52873.53,867428.267
002920.SZ,2023-08-08,162.68,164.87,156.49,157.41,162.94,-5.53,-3.3939,40453.57,644053.31
002920.SZ,2023-08-09,156.63,156.63,152.3,153.53,157.41,-3.88,-2.4649,33719.35,518512.205
002920.SZ,2023-08-10,153.49,153.98,150.28,152.59,153.53,-0.94,-0.6123,27624.72,419299.435
002920.SZ,2023-08-11,153.5,155.87,150.5,150.9,152.59,-1.69,-1.1075,27583.94,422324.69
002920.SZ,2023-08-14,149.0,149.71,144.71,148.65,150.9,-2.25,-1.4911,38845.31,570235.75
002920.SZ,2023-08-15,148.75,152.37,147.5,149.2,148.65,0.55,0.37,29643.15,443570.788
002920.SZ,2023-08-16,148.99,150.3,146.5,147.66,149.2,-1.54,-1.0322,25815.77,381463.573
002920.SZ,2023-08-17,141.0,142.46,133.33,141.96,147.66,-5.7,-3.8602,110413.45,1529832.157
002920.SZ,2023-08-18,141.64,144.33,139.0,139.57,141.96,-2.39,-1.6836,42298.76,595712.703
002920.SZ,2023-08-21,139.03,143.5,138.0,139.6,139.57,0.03,0.0215,36290.25,510465.35
002920.SZ,2023-08-22,141.22,146.7,139.71,145.46,139.6,5.86,4.1977,53384.41,765566.086
002920.SZ,2023-08-23,145.5,146.61,139.86,140.51,145.46,-4.95,-3.403,31351.16,445350.813
002920.SZ,2023-08-24,141.0,144.06,137.79,141.11,140.51,0.6,0.427,27307.39,385489.339
002920.SZ,2023-08-25,139.48,139.9,135.19,138.7,141.11,-2.41,-1.7079,27429.59,378490.678
002920.SZ,2023-08-28,146.98,147.2,135.79,137.66,138.7,-1.04,-0.7498,51949.83,721414.67
002920.SZ,2023-08-29,136.02,148.95,136.02,144.78,137.66,7.12,5.1722,63563.79,915759.109
002920.SZ,2023-08-30,144.95,149.99,144.59,145.48,144.78,0.7,0.4835,42229.99,617524.148
002920.SZ,2023-08-31,146.48,149.2,143.44,145.51,145.48,0.03,0.0206,37828.09,554818.015
002920.SZ,2023-09-01,145.51,146.31,141.8,142.98,145.51,-2.53,-1.7387,22612.96,324172.589
002920.SZ,2023-09-04,143.55,144.4,140.31,143.01,142.98,0.03,0.021,30944.78,439461.462
002920.SZ,2023-09-05,143.01,147.22,140.3,141.46,143.01,-1.55,-1.0838,25826.62,367721.124
002920.SZ,2023-09-06,141.0,141.31,139.56,140.15,141.46,-1.31,-0.9261,15918.91,223228.612
002920.SZ,2023-09-07,139.01,140.28,136.7,137.0,140.15,-3.15,-2.2476,23684.25,326089.417
002920.SZ,2023-09-08,136.58,142.2,135.6,140.56,137.0,3.56,2.5985,31844.33,443690.697
002920.SZ,2023-09-11,140.56,147.5,138.02,145.93,140.56,5.37,3.8204,43265.97,624014.479
002920.SZ,2023-09-12,151.44,154.0,146.28,150.5,145.93,4.57,3.1316,63493.5,955561.796
002920.SZ,2023-09-13,149.0,150.02,140.68,142.25,150.5,-8.25,-5.4817,38914.55,559842.065
002920.SZ,2023-09-14,141.3,143.59,137.0,138.04,142.25,-4.21,-2.9596,27345.74,381051.46
002920.SZ,2023-09-15,138.05,138.5,133.38,134.42,138.04,-3.62,-2.6224,34981.52,471419.744
002920.SZ,2023-09-18,133.0,142.5,132.52,139.89,134.42,5.47,4.0693,47144.41,657475.804
002920.SZ,2023-09-19,138.88,139.5,136.66,137.92,139.89,-1.97,-1.4082,23365.91,321833.514
002920.SZ,2023-09-20,137.2,138.66,136.41,137.92,137.92,0.0,0.0,17688.08,243690.945
002920.SZ,2023-09-21,137.11,137.77,135.01,136.67,137.92,-1.25,-0.9063,16647.34,226960.524
002920.SZ,2023-09-22,136.97,143.13,135.57,142.7,136.67,6.03,4.4121,27614.82,388364.363
002920.SZ,2023-09-25,144.25,145.32,142.38,143.4,142.7,0.7,0.4905,25973.47,373271.84
002920.SZ,2023-09-26,142.97,145.18,141.76,142.49,143.4,-0.91,-0.6346,15700.02,224285.097
002920.SZ,2023-09-27,141.97,144.96,140.0,140.5,142.49,-1.99,-1.3966,18185.17,257907.301
002920.SZ,2023-09-28,140.58,145.98,140.58,143.64,140.5,3.14,2.2349,28908.45,416412.961
002920.SZ,2023-10-09,146.01,150.61,145.21,146.9,143.64,3.26,2.2696,32119.83,474275.479
002920.SZ,2023-10-10,145.93,145.93,132.21,132.21,146.9,-14.69,-10.0,73721.12,1007217.366
002920.SZ,2023-10-11,128.0,132.7,127.0,130.54,132.21,-1.67,-1.2631,69336.7,903374.934
002920.SZ,2023-10-12,130.66,133.0,127.92,128.59,130.54,-1.95,-1.4938,43326.22,561784.795
002920.SZ,2023-10-13,128.69,128.98,126.19,126.62,128.59,-1.97,-1.532,30101.94,382925.474
002920.SZ,2023-10-16,126.99,127.0,124.0,125.45,126.62,-1.17,-0.924,31371.91,393280.787
002920.SZ,2023-10-17,125.4,125.4,122.55,123.96,125.45,-1.49,-1.1877,27029.11,334742.83
002920.SZ,2023-10-18,122.5,125.8,121.66,123.05,123.96,-0.91,-0.7341,34957.36,431074.156
002920.SZ,2023-10-19,123.3,123.9,118.7,119.16,123.05,-3.89,-3.1613,43301.8,518497.772
002920.SZ,2023-10-20,118.79,120.16,116.0,116.69,119.16,-2.47,-2.0728,41857.88,491376.263
002920.SZ,2023-10-23,117.05,118.31,115.14,116.67,116.69,-0.02,-0.0171,38209.04,445947.667
002920.SZ,2023-10-24,117.02,120.77,116.12,119.34,116.67,2.67,2.2885,39939.01,475527.023
002920.SZ,2023-10-25,125.83,127.17,122.36,122.55,119.34,3.21,2.6898,70128.48,874547.955
002920.SZ,2023-10-26,121.54,124.21,120.14,123.79,122.55,1.24,1.0118,34830.88,426737.62
002920.SZ,2023-10-27,124.0,126.28,122.03,124.49,123.79,0.7,0.5655,35904.53,446046.189
002920.SZ,2023-10-30,123.5,128.5,121.7,128.01,124.49,3.52,2.8275,48679.54,613786.928
002920.SZ,2023-10-31,127.12,127.12,124.0,125.6,128.01,-2.41,-1.8827,35957.0,449659.008
002920.SZ,2023-11-01,124.88,129.14,124.01,126.95,125.6,1.35,1.0748,29678.22,377268.573
002920.SZ,2023-11-02,126.5,127.76,125.0,125.43,126.95,-1.52,-1.1973,24093.26,303216.064
002920.SZ,2023-11-03,125.43,128.94,124.11,125.0,125.43,-0.43,-0.3428,33897.59,426312.095
002920.SZ,2023-11-06,125.88,126.5,119.0,121.43,125.0,-3.57,-2.856,73405.77,895064.459
002920.SZ,2023-11-07,120.63,123.28,119.5,121.31,121.43,-0.12,-0.0988,47032.45,569570.589
002920.SZ,2023-11-08,121.28,122.5,119.77,122.0,121.31,0.69,0.5688,36058.8,437610.713
002920.SZ,2023-11-09,121.69,121.69,119.31,119.99,122.0,-2.01,-1.6475,34495.19,413988.005
002920.SZ,2023-11-10,119.99,120.0,117.11,117.88,119.99,-2.11,-1.7585,27762.37,327837.051
002920.SZ,2023-11-13,118.5,120.12,116.14,116.98,117.88,-0.9,-0.7635,31978.38,376480.216
002920.SZ,2023-11-14,118.55,123.87,118.36,123.82,116.98,6.84,5.8472,74427.38,907506.339
002920.SZ,2023-11-15,130.0,136.2,130.0,136.2,123.82,12.38,9.9984,125504.76,1681782.807
002920.SZ,2023-11-16,135.66,140.57,135.2,136.2,136.2,0.0,0.0,99693.78,1369324.41
002920.SZ,2023-11-17,135.52,139.64,133.3,138.2,136.2,2.0,1.4684,64349.51,884880.671
002920.SZ,2023-11-20,139.72,140.14,134.92,135.59,138.2,-2.61,-1.8886,59993.1,820111.392
002920.SZ,2023-11-21,134.88,136.8,132.1,133.0,135.59,-2.59,-1.9102,40637.59,542750.913
002920.SZ,2023-11-22,133.83,135.88,131.6,131.61,133.0,-1.39,-1.0451,29052.55,387612.432
002920.SZ,2023-11-23,131.4,140.15,129.7,137.4,131.61,5.79,4.3994,69625.96,945304.937
002920.SZ,2023-11-24,137.4,138.26,133.62,134.54,137.4,-2.86,-2.0815,33351.17,451479.328
002920.SZ,2023-11-27,134.14,134.62,127.28,131.48,134.54,-3.06,-2.2744,76641.58,999056.218
002920.SZ,2023-11-28,131.3,133.85,130.0,131.2,131.48,-0.28,-0.213,42850.01,564626.66
002920.SZ,2023-11-29,133.0,136.0,131.05,133.1,131.2,1.9,1.4482,43566.46,583345.086
002920.SZ,2023-11-30,132.3,133.01,128.11,129.83,133.1,-3.27,-2.4568,35209.3,456631.003
002920.SZ,2023-12-01,129.4,129.99,126.71,128.84,129.83,-0.99,-0.7625,38003.55,487968.935
002920.SZ,2023-12-04,129.0,129.08,125.42,127.0,128.84,-1.84,-1.4281,27589.78,349740.304
002920.SZ,2023-12-05,126.42,128.02,124.81,124.89,127.0,-2.11,-1.6614,26877.97,339711.174
002920.SZ,2023-12-06,124.66,126.66,123.4,123.88,124.89,-1.01,-0.8087,26599.53,330971.907
002920.SZ,2023-12-07,123.87,123.87,121.0,122.7,123.88,-1.18,-0.9525,25017.12,306287.243
002920.SZ,2023-12-08,122.7,124.88,121.35,123.72,122.7,1.02,0.8313,34338.79,422786.293
002920.SZ,2023-12-11,123.5,133.15,121.8,132.98,123.72,9.26,7.4846,74316.44,963825.273
002920.SZ,2023-12-12,131.59,133.53,130.19,131.96,132.98,-1.02,-0.767,35002.22,461914.43
002920.SZ,2023-12-13,131.58,133.05,130.2,130.74,131.96,-1.22,-0.9245,21835.53,287072.626
002920.SZ,2023-12-14,130.81,132.69,129.7,130.31,130.74,-0.43,-0.3289,19969.7,261549.056
002920.SZ,2023-12-15,130.5,131.0,128.08,128.96,130.31,-1.35,-1.036,15513.61,200366.794
002920.SZ,2023-12-18,128.05,131.77,127.36,127.67,128.96,-1.29,-1.0003,22148.99,285936.103
002920.SZ,2023-12-19,127.67,128.23,124.73,125.59,127.67,-2.08,-1.6292,22978.8,288629.008
002920.SZ,2023-12-20,125.59,126.18,122.7,122.89,125.59,-2.7,-2.1499,17994.83,223032.566
002920.SZ,2023-12-21,122.89,124.66,121.3,123.38,122.89,0.49,0.3987,21767.92,267553.233
002920.SZ,2023-12-22,123.0,123.84,119.7,121.78,123.38,-1.6,-1.2968,24365.76,295736.033
002920.SZ,2023-12-25,121.18,127.51,120.07,126.84,121.78,5.06,4.155,30954.29,387294.323
002920.SZ,2023-12-26,126.83,126.83,121.05,123.29,126.84,-3.55,-2.7988,26886.25,331098.913
002920.SZ,2023-12-27,123.27,126.3,121.64,123.85,123.29,0.56,0.4542,29379.38,365613.532
002920.SZ,2023-12-28,123.73,127.86,121.67,127.11,123.85,3.26,2.6322,36413.45,459475.914
002920.SZ,2023-12-29,126.1,130.26,125.4,129.51,127.11,2.4,1.8881,35777.94,460160.55
002920.SZ,2024-01-02,129.51,129.99,123.17,123.2,129.51,-6.31,-4.8722,29968.92,374720.063
002920.SZ,2024-01-03,123.2,123.35,117.08,118.24,123.2,-4.96,-4.026,53332.51,632843.039
002920.SZ,2024-01-04,117.69,117.8,113.97,115.1,118.24,-3.14,-2.6556,46331.07,535235.98
002920.SZ,2024-01-05,115.1,117.55,113.35,114.19,115.1,-0.91,-0.7906,33259.77,383639.682
002920.SZ,2024-01-08,113.0,115.16,110.8,111.86,114.19,-2.33,-2.0405,29295.5,327817.366
002920.SZ,2024-01-09,111.83,114.88,111.24,113.74,111.86,1.88,1.6807,36902.74,419835.033
002920.SZ,2024-01-10,113.74,117.8,111.5,116.48,113.74,2.74,2.409,39077.86,451242.268
002920.SZ,2024-01-11,116.48,117.13,114.96,116.6,116.48,0.12,0.103,30386.96,352743.47
002920.SZ,2024-01-12,116.6,116.6,112.5,113.95,116.6,-2.65,-2.2727,35247.82,402005.647
002920.SZ,2024-01-15,113.56,113.57,109.22,109.72,113.95,-4.23,-3.7122,46085.93,509021.139
002920.SZ,2024-01-16,109.68,109.71,106.8,108.8,109.72,-0.92,-0.8385,45868.37,495792.818
002920.SZ,2024-01-17,107.79,109.11,102.0,102.01,108.8,-6.79,-6.2408,73270.12,762837.618
002920.SZ,2024-01-18,101.11,102.92,98.8,102.8,102.01,0.79,0.7744,72335.57,730573.937
002920.SZ,2024-01-19,102.0,104.8,101.55,101.7,102.8,-1.1,-1.07,36499.28,374947.099
002920.SZ,2024-01-22,101.25,101.99,97.02,98.0,101.7,-3.7,-3.6382,45554.68,456138.303
002920.SZ,2024-01-23,98.6,99.06,96.1,97.77,98.0,-0.23,-0.2347,39403.7,385109.637
002920.SZ,2024-01-24,98.64,99.86,94.5,97.9,97.77,0.13,0.133,40865.92,395320.44
002920.SZ,2024-01-25,97.0,98.48,95.31,97.3,97.9,-0.6,-0.6129,49380.93,479806.943
002920.SZ,2024-01-26,96.0,96.16,92.53,92.88,97.3,-4.42,-4.5427,52149.04,488706.788
002920.SZ,2024-01-29,93.98,94.74,90.52,90.53,92.88,-2.35,-2.5301,44118.61,406835.728
002920.SZ,2024-01-30,90.43,92.4,89.5,89.57,90.53,-0.96,-1.0604,37468.45,340780.365
002920.SZ,2024-01-31,89.21,89.56,84.57,85.06,89.57,-4.51,-5.0352,51432.27,444555.574
002920.SZ,2024-02-01,85.09,88.18,84.19,85.76,85.06,0.7,0.8229,48379.41,417402.682
002920.SZ,2024-02-02,86.04,86.34,80.06,82.95,85.76,-2.81,-3.2766,42491.96,354362.751
002920.SZ,2024-02-05,81.86,83.3,76.44,80.54,82.95,-2.41,-2.9054,68240.43,546136.03
002920.SZ,2024-02-06,80.69,87.96,78.7,87.02,80.54,6.48,8.0457,57331.3,485580.539
002920.SZ,2024-02-07,88.23,92.31,85.9,87.1,87.02,0.08,0.0919,91772.79,813433.627
002920.SZ,2024-02-08,87.1,91.2,85.1,90.64,87.1,3.54,4.0643,92611.25,821685.876
002920.SZ,2024-02-19,91.8,92.18,87.18,89.15,90.64,-1.49,-1.6439,88206.57,781987.939
002920.SZ,2024-02-20,87.51,88.06,83.88,85.67,89.15,-3.48,-3.9035,79785.23,680451.572
002920.SZ,2024-02-21,83.99,92.32,83.83,89.43,85.67,3.76,4.3889,93186.69,829547.466
002920.SZ,2024-02-22,88.47,93.48,88.03,92.4,89.43,2.97,3.321,70554.24,645184.561
002920.SZ,2024-02-23,93.07,99.99,93.07,99.3,92.4,6.9,7.4675,100529.47,979923.805
002920.SZ,2024-02-26,99.99,106.48,99.3,102.73,99.3,3.43,3.4542,88889.31,915066.019
002920.SZ,2024-02-27,102.82,108.53,102.68,107.87,102.73,5.14,5.0034,73530.86,774704.925
002920.SZ,2024-02-28,107.87,108.76,100.62,100.62,107.87,-7.25,-6.7211,74225.01,774006.071
002920.SZ,2024-02-29,99.01,103.37,98.0,102.6,100.62,1.98,1.9678,55485.6,564918.623
002920.SZ,2024-03-01,103.0,103.5,100.08,102.9,102.6,0.3,0.2924,50229.04,512102.843
002920.SZ,2024-03-04,105.01,105.58,101.01,102.58,102.9,-0.32,-0.311,44900.03,460880.104
002920.SZ,2024-03-05,100.71,106.88,100.1,103.82,102.58,1.24,1.2088,57919.38,596191.358
002920.SZ,2024-03-06,102.6,107.2,102.6,104.88,103.82,1.06,1.021,48525.37,508864.756
002920.SZ,2024-03-07,106.88,110.1,103.41,104.15,104.88,-0.73,-0.696,62069.77,665407.237
002920.SZ,2024-03-08,103.01,104.7,101.0,102.3,104.15,-1.85,-1.7763,44310.07,452469.413
002920.SZ,2024-03-11,102.0,103.0,100.3,102.99,102.3,0.69,0.6745,50019.47,507434.61
002920.SZ,2024-03-12,104.09,113.29,103.74,113.29,102.99,10.3,10.001,86155.96,945433.111
002920.SZ,2024-03-13,115.55,117.31,112.29,114.46,113.29,1.17,1.0327,99158.55,1140526.772
002920.SZ,2024-03-14,113.0,113.98,109.12,111.01,114.46,-3.45,-3.0142,54096.22,601497.402
002920.SZ,2024-03-15,111.0,122.11,109.0,122.11,111.01,11.1,9.9991,93411.34,1077977.59
002920.SZ,2024-03-18,125.55,126.92,120.34,123.66,122.11,1.55,1.2693,124293.66,1530835.048
002920.SZ,2024-03-19,122.79,135.0,122.79,128.03,123.66,4.37,3.5339,122351.49,1570098.083
002920.SZ,2024-03-20,124.88,126.09,122.1,123.7,128.03,-4.33,-3.382,81978.55,1013175.012
002920.SZ,2024-03-21,123.7,124.6,120.1,120.72,123.7,-2.98,-2.4091,67302.88,822469.72
002920.SZ,2024-03-22,115.97,115.97,108.65,111.57,120.72,-9.15,-7.5795,155044.71,1733438.472
002920.SZ,2024-03-25,109.85,115.37,109.01,113.51,111.57,1.94,1.7388,90125.4,1026976.195
002920.SZ,2024-03-26,112.1,124.86,112.09,122.59,113.51,9.08,7.9993,121201.54,1461164.374
002920.SZ,2024-03-27,121.7,122.12,118.08,120.0,122.59,-2.59,-2.1127,66767.1,800454.843
002920.SZ,2024-03-28,118.09,128.0,118.07,126.0,120.0,6.0,5.0,85467.13,1063196.335
002920.SZ,2024-03-29,131.0,132.0,121.58,124.51,126.0,-1.49,-1.1825,68652.05,856353.218
002920.SZ,2024-04-01,123.0,130.88,121.3,125.4,124.51,0.89,0.7148,55137.09,695995.587
002920.SZ,2024-04-02,125.5,127.38,124.1,125.62,125.4,0.22,0.1754,34665.44,436152.57
002920.SZ,2024-04-03,125.0,129.0,122.61,127.95,125.62,2.33,1.8548,50525.56,635368.987
002920.SZ,2024-04-08,128.03,138.0,128.03,134.48,127.95,6.53,5.1036,73959.14,992100.142
002920.SZ,2024-04-09,133.0,134.5,129.9,132.0,134.48,-2.48,-1.8441,41141.56,542065.808
002920.SZ,2024-04-10,129.32,130.8,126.66,128.55,132.0,-3.45,-2.6136,38038.42,487383.688
002920.SZ,2024-04-11,127.5,130.38,124.61,129.0,128.55,0.45,0.3501,47464.98,605917.144
002920.SZ,2024-04-12,128.36,135.0,128.1,131.92,129.0,2.92,2.2636,49986.53,660668.73
002920.SZ,2024-04-15,131.0,132.3,127.76,130.57,131.92,-1.35,-1.0233,33823.82,439419.595
002920.SZ,2024-04-16,130.64,130.7,125.41,125.55,130.57,-5.02,-3.8447,29220.53,372693.296
002920.SZ,2024-04-17,127.22,131.81,124.76,131.6,125.55,6.05,4.8188,33818.4,436254.801
002920.SZ,2024-04-18,130.91,135.77,128.0,131.12,131.6,-0.48,-0.3647,37148.39,492673.148
002920.SZ,2024-04-19,123.93,123.93,118.01,118.01,131.12,-13.11,-9.9985,73437.5,877229.711
002920.SZ,2024-04-22,116.2,121.44,113.5,117.43,118.01,-0.58,-0.4915,66144.44,782839.301
002920.SZ,2024-04-23,116.47,118.23,110.88,117.4,117.43,-0.03,-0.0255,61916.26,707828.946
002920.SZ,2024-04-24,117.0,119.1,115.27,115.71,117.4,-1.69,-1.4395,39924.36,465508.349
002920.SZ,2024-04-25,114.7,117.27,113.6,114.82,115.71,-0.89,-0.7692,26997.26,311848.095
002920.SZ,2024-04-26,114.05,120.48,113.88,118.03,114.82,3.21,2.7957,39866.91,471109.947
002920.SZ,2024-04-29,122.14,128.3,120.72,123.06,117.19,5.87,5.009,73262.14,908015.884
002920.SZ,2024-04-30,125.55,129.22,124.91,125.87,123.06,2.81,2.2834,50414.77,639002.924
002920.SZ,2024-05-06,127.59,129.34,121.0,123.66,125.87,-2.21,-1.7558,74286.57,924023.938
002920.SZ,2024-05-07,121.5,121.53,117.4,117.79,123.66,-5.87,-4.7469,73911.44,875940.022
002920.SZ,2024-05-08,116.97,117.79,113.31,115.98,117.79,-1.81,-1.5366,70301.42,808184.099
002920.SZ,2024-05-09,115.37,115.37,109.53,111.55,115.98,-4.43,-3.8196,108995.46,1218678.123
002920.SZ,2024-05-10,110.26,110.79,107.05,108.9,111.55,-2.65,-2.3756,66465.59,721696.27
002920.SZ,2024-05-13,107.71,111.6,106.1,108.9,108.9,0.0,0.0,55918.06,611987.135
002920.SZ,2024-05-14,108.37,109.8,107.25,107.33,108.9,-1.57,-1.4417,36021.03,389335.119
002920.SZ,2024-05-15,107.0,108.4,105.5,106.54,107.33,-0.79,-0.736,24011.86,256680.615
002920.SZ,2024-05-16,107.01,107.74,104.73,106.45,106.54,-0.09,-0.0845,33102.08,351631.267
002920.SZ,2024-05-17,106.2,107.85,105.5,107.61,106.45,1.16,1.0897,31714.3,338658.431
002920.SZ,2024-05-20,108.0,109.49,107.01,108.04,107.61,0.43,0.3996,35543.3,384432.55
002920.SZ,2024-05-21,106.99,107.01,102.0,102.9,108.04,-5.14,-4.7575,88620.99,917667.252
002920.SZ,2024-05-22,102.79,104.35,102.5,104.03,102.9,1.13,1.0982,35479.16,368125.564
002920.SZ,2024-05-23,104.01,104.38,102.35,102.54,104.03,-1.49,-1.4323,26113.52,269470.612
002920.SZ,2024-05-24,102.54,102.8,99.46,99.58,102.54,-2.96,-2.8867,39902.68,400791.072
002920.SZ,2024-05-27,99.98,100.14,96.85,99.0,99.58,-0.58,-0.5824,47905.03,469451.697
002920.SZ,2024-05-28,98.98,100.69,97.87,99.3,99.0,0.3,0.303,34220.24,340496.929
002920.SZ,2024-05-29,98.93,99.85,96.24,98.5,99.3,-0.8,-0.8056,53403.73,522390.606
002920.SZ,2024-05-30,98.29,98.41,97.3,97.75,98.5,-0.75,-0.7614,24498.55,239833.881
002920.SZ,2024-05-31,97.88,102.91,97.88,100.43,97.75,2.68,2.7417,54501.7,550497.082
002920.SZ,2024-06-03,102.0,103.5,99.85,102.39,100.43,1.96,1.9516,53844.01,549984.0
002920.SZ,2024-06-04,102.38,104.44,101.15,102.79,102.39,0.4,0.3907,44628.62,457860.857
002920.SZ,2024-06-05,103.99,107.3,103.11,103.21,102.79,0.42,0.4086,69478.23,730250.32
002920.SZ,2024-06-06,102.33,103.95,101.73,102.0,103.21,-1.21,-1.1724,44777.94,459328.752
002920.SZ,2024-06-07,101.97,102.35,98.1,99.39,102.0,-2.61,-2.5588,42873.26,426635.481
002920.SZ,2024-06-11,98.39,100.34,97.3,99.01,99.39,-0.38,-0.3823,46969.97,463518.056
002920.SZ,2024-06-12,101.19,105.77,101.19,105.61,99.01,6.6,6.666,96181.42,994809.254
002920.SZ,2024-06-13,104.0,104.28,101.18,102.5,105.61,-3.11,-2.9448,60881.39,624854.069
002920.SZ,2024-06-14,101.72,101.89,99.0,101.25,102.5,-1.25,-1.2195,45574.33,456304.228
002920.SZ,2024-06-17,100.22,102.8,99.01,99.15,101.25,-2.1,-2.0741,60063.2,603641.039
002920.SZ,2024-06-18,99.7,102.98,99.25,100.16,99.15,1.01,1.0187,85936.1,870526.322
002920.SZ,2024-06-19,100.24,101.38,94.54,96.2,100.16,-3.96,-3.9537,105874.93,1026223.925
002920.SZ,2024-06-20,95.44,96.22,93.99,93.99,96.2,-2.21,-2.2973,54742.02,519200.127
002920.SZ,2024-06-21,93.99,95.66,92.01,94.25,93.99,0.26,0.2766,56523.03,530940.302
002920.SZ,2024-06-24,93.35,93.73,90.57,90.7,94.25,-3.55,-3.7666,50952.51,469023.696
002920.SZ,2024-06-25,91.0,93.46,89.36,90.25,90.7,-0.45,-0.4961,55838.87,510406.86
002920.SZ,2024-06-26,90.0,91.49,88.77,91.12,90.25,0.87,0.964,42496.81,382940.782
002920.SZ,2024-06-27,90.83,90.83,87.88,87.93,91.12,-3.19,-3.5009,42669.04,379084.613
002920.SZ,2024-06-28,87.53,89.25,86.68,87.09,87.93,-0.84,-0.9553,46971.48,412728.26
002920.SZ,2024-07-01,87.3,87.48,84.1,85.7,87.09,-1.39,-1.5961,52893.38,450772.893
002920.SZ,2024-07-02,86.91,89.5,85.91,86.14,85.7,0.44,0.5134,73786.06,645971.408
002920.SZ,2024-07-03,85.93,88.72,85.02,85.6,86.14,-0.54,-0.6269,50379.52,436253.28
002920.SZ,2024-07-04,86.02,87.36,84.21,84.66,85.6,-0.94,-1.0981,46010.22,394126.994
002920.SZ,2024-07-05,84.12,85.81,82.87,85.05,84.66,0.39,0.4607,52268.0,440871.874
002920.SZ,2024-07-08,85.06,85.39,83.66,83.73,85.05,-1.32,-1.552,37174.14,313447.656
002920.SZ,2024-07-09,84.7,92.1,84.0,92.1,83.73,8.37,9.9964,115280.69,1026473.1
002920.SZ,2024-07-10,96.7,101.31,96.43,101.31,92.1,9.21,10.0,218628.71,2177148.773
002920.SZ,2024-07-11,102.96,103.0,97.53,101.48,101.31,0.17,0.1678,187762.67,1881553.902
002920.SZ,2024-07-12,100.57,109.32,97.88,106.55,101.48,5.07,4.9961,210285.74,2152435.596
002920.SZ,2024-07-15,106.0,111.69,104.61,107.51,106.55,0.96,0.901,177572.15,1923623.858
002920.SZ,2024-07-16,105.9,109.71,105.25,108.16,107.51,0.65,0.6046,141909.87,1534449.094
002920.SZ,2024-07-17,106.86,107.68,102.68,103.0,108.16,-5.16,-4.7707,155105.41,1621329.197
002920.SZ,2024-07-18,101.34,103.0,99.13,101.98,103.0,-1.02,-0.9903,120492.94,1217733.82
002920.SZ,2024-07-19,101.3,103.98,99.19,99.79,101.98,-2.19,-2.1475,135537.32,1378498.541
002920.SZ,2024-07-22,98.03,100.79,96.75,97.98,99.79,-1.81,-1.8138,119252.79,1170316.43
002920.SZ,2024-07-23,98.65,99.24,93.3,93.39,97.98,-4.59,-4.6846,100244.14,961034.04
002920.SZ,2024-07-24,91.95,94.2,90.1,90.43,93.39,-2.96,-3.1695,105895.26,970055.358
002920.SZ,2024-07-25,89.0,90.95,88.8,89.13,90.43,-1.3,-1.4376,72236.84,647744.498
002920.SZ,2024-07-26,89.18,94.18,88.58,91.0,89.13,1.87,2.0981,107085.4,977038.577
002920.SZ,2024-07-29,91.15,93.59,89.4,91.49,91.0,0.49,0.5385,98626.84,899641.832
002920.SZ,2024-07-30,90.3,91.96,88.1,91.11,91.49,-0.38,-0.4153,83513.42,751761.596
002920.SZ,2024-07-31,90.0,95.88,90.0,95.31,91.11,4.2,4.6098,108440.61,1011991.24
002920.SZ,2024-08-01,95.29,95.29,92.0,93.15,95.31,-2.16,-2.2663,98967.01,924034.567
002920.SZ,2024-08-02,91.79,92.93,89.3,89.98,93.15,-3.17,-3.4031,70150.34,638731.28
002920.SZ,2024-08-05,88.97,92.28,88.59,88.61,89.98,-1.37,-1.5226,75339.23,679086.351
002920.SZ,2024-08-06,89.75,90.18,86.01,87.86,88.61,-0.75,-0.8464,79391.43,696239.265
002920.SZ,2024-08-07,87.3,88.37,86.51,86.85,87.86,-1.01,-1.1496,42696.03,372606.022
002920.SZ,2024-08-08,86.2,89.3,84.57,88.58,86.85,1.73,1.9919,66394.52,579228.311
002920.SZ,2024-08-09,88.96,89.4,87.0,87.0,88.58,-1.58,-1.7837,38276.88,337780.507
002920.SZ,2024-08-12,86.4,87.6,84.89,85.12,87.0,-1.88,-2.1609,47450.22,406011.282
002920.SZ,2024-08-13,85.14,86.25,84.5,86.23,85.12,1.11,1.304,29661.93,253086.297
002920.SZ,2024-08-14,86.16,86.19,84.6,84.6,86.23,-1.63,-1.8903,32774.01,279156.769
002920.SZ,2024-08-15,84.15,88.68,83.81,87.99,84.6,3.39,4.0071,79163.36,689632.184
002920.SZ,2024-08-16,87.85,91.47,87.61,90.52,87.99,2.53,2.8753,78551.32,708072.226
002920.SZ,2024-08-19,90.4,91.17,89.08,89.6,90.52,-0.92,-1.0163,41936.81,377549.617
002920.SZ,2024-08-20,89.99,90.4,88.01,88.46,89.6,-1.14,-1.2723,35887.88,319062.095
002920.SZ,2024-08-21,92.0,96.99,91.41,94.3,88.46,5.84,6.6019,146932.19,1383731.807
002920.SZ,2024-08-22,94.5,94.97,90.21,90.41,94.3,-3.89,-4.1251,81632.51,748894.184
002920.SZ,2024-08-23,90.0,91.2,89.01,89.07,90.41,-1.34,-1.4821,42074.41,378493.916
002920.SZ,2024-08-26,89.02,90.72,87.75,89.76,89.07,0.69,0.7747,47094.79,420142.118
002920.SZ,2024-08-27,89.02,89.65,86.59,87.0,89.76,-2.76,-3.0749,40800.39,359038.346
002920.SZ,2024-08-28,87.01,87.67,84.7,85.3,87.0,-1.7,-1.954,48289.55,413617.829
002920.SZ,2024-08-29,84.78,91.5,83.78,90.93,85.3,5.63,6.6002,87037.0,769682.602
002920.SZ,2024-08-30,90.71,92.98,89.69,91.19,90.93,0.26,0.2859,82928.28,761281.321
002920.SZ,2024-09-02,90.01,91.64,88.58,88.71,91.19,-2.48,-2.7196,50651.06,455835.38
002920.SZ,2024-09-03,88.52,95.23,87.88,93.95,88.71,5.24,5.9069,97483.35,904335.467
002920.SZ,2024-09-04,93.5,97.38,92.84,95.25,93.95,1.3,1.3837,76452.78,727346.535
002920.SZ,2024-09-05,95.13,98.9,95.13,97.38,95.25,2.13,2.2362,70422.08,687856.008
002920.SZ,2024-09-06,97.38,101.53,97.0,97.26,97.38,-0.12,-0.1232,81209.11,804417.478
002920.SZ,2024-09-09,87.99,92.88,87.99,89.26,97.26,-8.0,-8.2254,111680.51,1003915.369
002920.SZ,2024-09-10,89.31,93.04,89.31,91.51,89.26,2.25,2.5207,64966.27,592499.393
002920.SZ,2024-09-11,91.51,95.5,90.51,92.72,91.51,1.21,1.3223,51215.34,478611.615
002920.SZ,2024-09-12,93.23,93.43,89.89,90.13,92.72,-2.59,-2.7934,43467.97,395804.356
002920.SZ,2024-09-13,90.5,91.22,89.02,89.84,90.13,-0.29,-0.3218,38862.95,350309.017
002920.SZ,2024-09-18,90.2,94.6,89.3,93.8,89.84,3.96,4.4078,61108.79,567406.002
002920.SZ,2024-09-19,94.48,94.92,92.51,93.3,93.8,-0.5,-0.533,43248.4,404588.376
002920.SZ,2024-09-20,93.75,95.96,92.01,94.19,93.3,0.89,0.9539,48240.6,451881.536
002920.SZ,2024-09-23,93.65,96.57,93.11,95.1,94.19,0.91,0.9661,49297.81,468041.179
002920.SZ,2024-09-24,95.15,98.65,94.0,98.17,95.1,3.07,3.2282,66993.99,645561.425
002920.SZ,2024-09-25,98.0,100.28,97.8,98.8,98.17,0.63,0.6417,72328.28,718485.388
002920.SZ,2024-09-26,98.11,100.88,97.62,100.75,98.8,1.95,1.9737,68308.23,678759.459
002920.SZ,2024-09-27,101.81,110.5,101.8,108.9,100.75,8.15,8.0893,85751.86,913291.04
002920.SZ,2024-09-30,114.4,119.79,113.12,119.79,108.9,10.89,10.0,85999.29,1010825.342
002920.SZ,2024-10-08,131.77,131.77,121.0,131.77,119.79,11.98,10.0008,117836.15,1530391.943
002920.SZ,2024-10-09,129.14,140.0,123.7,131.3,131.77,-0.47,-0.3567,138843.16,1831832.348
002920.SZ,2024-10-10,129.31,133.07,121.8,125.2,131.3,-6.1,-4.6458,111063.17,1407211.375
002920.SZ,2024-10-11,125.12,125.12,113.76,115.74,125.2,-9.46,-7.5559,92556.59,1093063.651
002920.SZ,2024-10-14,115.0,117.5,111.68,117.5,115.74,1.76,1.5206,94459.45,1086906.184
002920.SZ,2024-10-15,116.0,117.9,112.99,113.3,117.5,-4.2,-3.5745,66329.97,763823.302
002920.SZ,2024-10-16,111.0,113.8,109.11,112.33,113.3,-0.97,-0.8561,61943.96,689860.084
002920.SZ,2024-10-17,113.01,114.76,110.88,111.33,112.33,-1.0,-0.8902,48541.55,547109.043
002920.SZ,2024-10-18,109.99,121.84,109.81,118.63,111.33,7.3,6.5571,93746.88,1089385.849
002920.SZ,2024-10-21,120.0,120.9,116.28,118.15,118.63,-0.48,-0.4046,88693.22,1050082.482
002920.SZ,2024-10-22,116.96,124.04,116.66,124.02,118.15,5.87,4.9683,87284.84,1058645.158
002920.SZ,2024-10-23,123.39,127.2,120.68,123.8,124.02,-0.22,-0.1774,69962.81,868249.333
002920.SZ,2024-10-24,123.78,126.58,121.0,121.53,123.8,-2.27,-1.8336,53088.59,654960.314
002920.SZ,2024-10-25,121.0,123.35,119.76,121.25,121.53,-0.28,-0.2304,37596.51,456679.968
002920.SZ,2024-10-28,119.48,121.83,118.88,121.0,121.25,-0.25,-0.2062,30501.84,367296.828
002920.SZ,2024-10-29,121.38,125.1,120.17,123.86,121.0,2.86,2.3636,56855.24,700364.912
002920.SZ,2024-10-30,123.0,126.02,120.98,122.46,123.86,-1.4,-1.1303,43579.73,537366.967
002920.SZ,2024-10-31,128.0,131.31,120.86,121.87,122.46,-0.59,-0.4818,89671.28,1129890.03
002920.SZ,2024-11-01,120.35,121.99,115.8,118.63,121.87,-3.24,-2.6586,67981.77,805257.941
002920.SZ,2024-11-04,117.99,125.98,117.99,125.46,118.63,6.83,5.7574,67722.0,834183.71
002920.SZ,2024-11-05,125.0,132.5,122.5,131.05,125.46,5.59,4.4556,71945.94,925278.574
002920.SZ,2024-11-06,132.35,133.38,127.05,127.93,131.05,-3.12,-2.3808,63270.87,823316.293
002920.SZ,2024-11-07,126.42,133.0,126.4,133.0,127.93,5.07,3.9631,64326.61,841229.332
002920.SZ,2024-11-08,135.15,139.49,132.6,134.98,133.0,1.98,1.4887,70681.06,962379.197
002920.SZ,2024-11-11,134.2,142.88,133.01,140.19,134.98,5.21,3.8598,71374.92,994797.541
002920.SZ,2024-11-12,140.72,144.5,135.33,136.45,140.19,-3.74,-2.6678,59620.47,824884.181
002920.SZ,2024-11-13,136.46,137.36,132.5,134.78,136.45,-1.67,-1.2239,43786.92,589252.937
002920.SZ,2024-11-14,134.95,136.13,129.73,130.58,134.78,-4.2,-3.1162,46649.86,617934.21
002920.SZ,2024-11-15,129.99,130.99,124.81,124.95,130.58,-5.63,-4.3115,55282.66,701967.828
002920.SZ,2024-11-18,124.97,129.69,123.0,126.5,124.95,1.55,1.2405,53830.41,683295.909
002920.SZ,2024-11-19,127.13,134.22,127.13,132.0,126.5,5.5,4.3478,72667.08,958465.939
002920.SZ,2024-11-20,131.36,134.91,130.2,134.29,132.0,2.29,1.7348,50216.21,668587.842
002920.SZ,2024-11-21,133.78,135.3,130.51,132.9,134.29,-1.39,-1.0351,44460.87,588199.596
002920.SZ,2024-11-22,132.91,136.66,129.8,129.8,132.9,-3.1,-2.3326,50654.83,677622.198
002920.SZ,2024-11-25,129.64,133.71,124.8,127.8,129.8,-2.0,-1.5408,48210.69,617317.649
002920.SZ,2024-11-26,127.09,127.47,120.81,121.2,127.8,-6.6,-5.1643,60397.55,744490.416
002920.SZ,2024-11-27,120.0,125.76,118.88,125.63,121.2,4.43,3.6551,53130.24,648909.841
002920.SZ,2024-11-28,125.63,125.9,121.5,122.15,125.63,-3.48,-2.77,29903.15,368013.276
002920.SZ,2024-11-29,122.47,128.99,122.0,124.87,122.15,2.72,2.2268,54289.69,683425.937
002920.SZ,2024-12-02,120.0,124.39,118.08,123.52,124.87,-1.35,-1.0811,85381.55,1039765.553
002920.SZ,2024-12-03,122.79,123.41,119.86,121.49,123.52,-2.03,-1.6435,45770.8,555820.231
002920.SZ,2024-12-04,121.45,122.58,118.81,119.63,121.49,-1.86,-1.531,44042.44,529904.37
002920.SZ,2024-12-05,118.84,120.38,116.08,117.19,119.63,-2.44,-2.0396,59444.85,698819.703
002920.SZ,2024-12-06,117.2,119.16,116.63,118.9,117.19,1.71,1.4592,42726.31,505064.506
002920.SZ,2024-12-09,118.9,122.86,117.96,121.38,118.9,2.48,2.0858,66601.49,804557.876
002920.SZ,2024-12-10,126.34,126.5,123.0,123.61,121.38,2.23,1.8372,62978.49,784539.146
002920.SZ,2024-12-11,122.72,123.2,120.4,121.39,123.61,-2.22,-1.796,39486.68,478747.266
002920.SZ,2024-12-12,121.0,124.09,120.66,122.59,121.39,1.2,0.9885,37511.87,459760.296
002920.SZ,2024-12-13,121.65,121.9,116.0,116.4,122.59,-6.19,-5.0494,67027.29,791306.11
002920.SZ,2024-12-16,116.4,116.75,113.6,115.0,116.4,-1.4,-1.2027,36457.47,418032.334
002920.SZ,2024-12-17,114.91,117.8,114.66,115.22,115.0,0.22,0.1913,32868.9,381954.811
002920.SZ,2024-12-18,117.58,117.59,114.3,115.48,115.22,0.26,0.2257,30750.09,355837.885
002920.SZ,2024-12-19,114.37,115.44,113.18,113.88,115.48,-1.6,-1.3855,44752.58,509618.466
002920.SZ,2024-12-20,113.62,114.25,110.61,112.75,113.88,-1.13,-0.9923,58962.93,662838.365
002920.SZ,2024-12-23,112.75,114.2,110.1,110.3,112.75,-2.45,-2.1729,48189.57,536904.889
002920.SZ,2024-12-24,111.5,114.36,110.65,114.3,110.3,4.0,3.6265,59787.49,674885.406
002920.SZ,2024-12-25,114.3,115.36,113.05,113.98,114.3,-0.32,-0.28,35136.13,400713.487
002920.SZ,2024-12-26,113.51,119.1,110.88,118.6,113.98,4.62,4.0533,67675.72,784759.026
002920.SZ,2024-12-27,117.5,117.52,113.13,113.5,118.6,-5.1,-4.3002,85671.8,979322.071
002920.SZ,2024-12-30,112.77,115.88,111.51,112.48,113.5,-1.02,-0.8987,66335.75,752257.863
002920.SZ,2024-12-31,112.46,112.85,109.51,110.11,112.48,-2.37,-2.107,50973.88,565353.992
002920.SZ,2025-01-02,109.24,109.99,104.7,105.68,110.11,-4.43,-4.0232,60899.12,651989.698
002920.SZ,2025-01-03,105.68,106.43,101.48,101.98,105.68,-3.7,-3.5011,60659.19,630321.517
002920.SZ,2025-01-06,101.98,103.11,99.99,101.02,101.98,-0.96,-0.9414,50419.62,510092.441
002920.SZ,2025-01-07,100.78,102.12,99.63,102.0,101.02,0.98,0.9701,39878.01,404098.266
002920.SZ,2025-01-08,100.5,104.49,99.3,103.67,102.0,1.67,1.6373,52057.02,531421.766
002920.SZ,2025-01-09,102.5,104.8,102.0,103.7,103.67,0.03,0.0289,43581.09,451054.803
002920.SZ,2025-01-10,103.74,106.74,102.15,102.15,103.7,-1.55,-1.4947,53091.99,554030.094
002920.SZ,2025-01-13,101.5,106.9,101.44,103.67,102.15,1.52,1.488,61704.34,645404.31
002920.SZ,2025-01-14,104.0,109.0,102.59,108.0,103.67,4.33,4.1767,72069.92,770028.249
002920.SZ,2025-01-15,108.0,108.0,104.1,104.4,108.0,-3.6,-3.3333,62169.33,658132.549
002920.SZ,2025-01-16,105.45,107.9,103.51,105.25,104.4,0.85,0.8142,55304.06,584260.498
002920.SZ,2025-01-17,104.99,106.08,103.4,104.71,105.25,-0.54,-0.5131,40982.38,428687.028
002920.SZ,2025-01-20,105.66,108.62,105.05,107.61,104.71,2.9,2.7696,56030.56,601119.091
002920.SZ,2025-01-21,108.1,111.32,106.0,110.62,107.61,3.01,2.7971,66189.31,721650.131
002920.SZ,2025-01-22,109.77,110.32,108.2,109.71,110.62,-0.91,-0.8226,42489.36,464594.475
002920.SZ,2025-01-23,111.15,111.6,108.14,108.54,109.71,-1.17,-1.0664,51047.74,558375.014
002920.SZ,2025-01-24,107.8,113.48,107.51,110.8,108.54,2.26,2.0822,72251.49,803932.68
002920.SZ,2025-01-27,110.8,110.93,108.25,108.51,110.8,-2.29,-2.0668,35153.87,383995.586
002920.SZ,2025-02-05,110.49,115.79,109.14,113.88,108.51,5.37,4.9489,87614.31,995368.949
002920.SZ,2025-02-06,113.0,125.27,113.0,125.27,113.88,11.39,10.0018,136098.26,1624016.408
002920.SZ,2025-02-07,130.28,134.98,127.61,133.58,125.27,8.31,6.6337,230470.67,3012134.635
002920.SZ,2025-02-10,133.58,133.68,127.28,130.0,133.58,-3.58,-2.68,169805.56,2198784.102
002920.SZ,2025-02-11,129.96,131.99,124.36,126.58,130.0,-3.42,-2.6308,146416.94,1862950.299
002920.SZ,2025-02-12,126.04,132.32,124.88,130.3,126.58,3.72,2.9389,130726.76,1695447.885
002920.SZ,2025-02-13,129.91,131.2,127.33,127.35,130.3,-2.95,-2.264,82772.65,1070021.124
002920.SZ,2025-02-14,126.7,132.55,126.51,130.4,127.35,3.05,2.395,94688.54,1231062.529
002920.SZ,2025-02-17,131.0,135.49,130.58,134.31,130.4,3.91,2.9985,119129.89,1587456.648
002920.SZ,2025-02-18,132.11,133.01,129.0,129.15,134.31,-5.16,-3.8419,82885.53,1083871.274
002920.SZ,2025-02-19,129.04,135.22,129.04,134.0,129.15,4.85,3.7553,81610.44,1085415.925
002920.SZ,2025-02-20,133.4,134.26,131.32,132.6,134.0,-1.4,-1.0448,62000.15,821624.53
002920.SZ,2025-02-21,133.0,136.8,130.03,134.33,132.6,1.73,1.3047,89142.73,1194939.005
002920.SZ,2025-02-24,134.34,135.0,129.54,132.3,134.33,-2.03,-1.5112,82144.36,1087956.887
002920.SZ,2025-02-25,130.89,137.56,129.66,133.85,132.3,1.55,1.1716,97210.43,1303398.622
002920.SZ,2025-02-26,135.0,135.48,131.42,132.67,133.85,-1.18,-0.8816,83582.66,1108893.125
002920.SZ,2025-02-27,133.5,133.5,128.29,130.7,132.67,-1.97,-1.4849,73466.7,958042.315
002920.SZ,2025-02-28,129.83,133.45,123.2,123.69,130.7,-7.01,-5.3634,94934.19,1206333.211
002920.SZ,2025-03-03,124.02,126.91,122.0,123.16,123.69,-0.53,-0.4285,62406.86,775916.066
002920.SZ,2025-03-04,122.0,124.33,121.15,123.15,123.16,-0.01,-0.0081,36893.25,454287.027
002920.SZ,2025-03-05,123.15,124.5,121.4,122.9,123.15,-0.25,-0.203,34842.72,427223.793
002920.SZ,2025-03-06,123.92,127.1,123.39,124.8,122.9,1.9,1.546,64604.21,807830.533
002920.SZ,2025-03-07,123.99,125.26,121.53,122.5,124.8,-2.3,-1.8429,61094.69,753249.166
002920.SZ,2025-03-10,122.71,125.09,122.12,124.44,122.5,1.94,1.5837,50226.99,620230.188
002920.SZ,2025-03-11,122.86,125.16,120.65,122.22,124.44,-2.22,-1.784,58413.34,714363.375
002920.SZ,2025-03-12,124.2,127.9,123.18,124.06,122.22,1.84,1.5055,70310.78,881011.875
002920.SZ,2025-03-13,123.51,124.0,119.7,120.1,124.06,-3.96,-3.192,53001.47,643663.115
002920.SZ,2025-03-14,120.12,125.22,119.47,124.0,120.1,3.9,3.2473,63191.67,778708.554
002920.SZ,2025-03-17,121.53,121.79,118.33,121.49,124.0,-2.51,-2.0242,82896.11,997055.749
002920.SZ,2025-03-18,121.5,122.1,118.36,120.0,121.49,-1.49,-1.2264,85691.18,1025243.845
002920.SZ,2025-03-19,119.9,121.67,116.51,119.1,120.0,-0.9,-0.75,60581.97,720628.069
002920.SZ,2025-03-20,118.2,119.7,117.6,118.25,119.1,-0.85,-0.7137,36872.86,436902.007
002920.SZ,2025-03-21,118.03,119.11,115.0,115.4,118.25,-2.85,-2.4101,50067.52,583537.762
002920.SZ,2025-03-24,115.01,116.86,114.54,116.75,115.4,1.35,1.1698,46411.16,537037.527
002920.SZ,2025-03-25,116.7,118.37,114.71,115.0,116.75,-1.75,-1.4989,35374.97,408913.091
002920.SZ,2025-03-26,114.34,115.39,113.5,114.12,115.0,-0.88,-0.7652,36110.86,412300.92
002920.SZ,2025-03-27,113.44,115.62,113.3,114.4,114.12,0.28,0.2454,33510.9,384165.432
002920.SZ,2025-03-28,113.9,115.59,113.01,113.08,114.4,-1.32,-1.1538,31479.61,358511.023
002920.SZ,2025-03-31,111.98,113.99,110.92,112.91,113.08,-0.17,-0.1503,37129.63,416409.802
002920.SZ,2025-04-01,112.9,113.2,111.5,111.6,112.91,-1.31,-1.1602,28590.86,320869.191
002920.SZ,2025-04-02,110.88,111.72,109.5,110.4,111.6,-1.2,-1.0753,39823.77,439517.583
002920.SZ,2025-04-03,108.83,110.4,105.5,106.33,110.4,-4.07,-3.6866,69628.98,747644.177
002920.SZ,2025-04-07,95.72,100.0,95.7,95.7,106.33,-10.63,-9.9972,65076.24,630146.784
002920.SZ,2025-04-08,95.0,96.25,91.0,94.94,95.7,-0.76,-0.7941,99335.3,932199.033
002920.SZ,2025-04-09,93.5,97.9,93.0,96.99,94.94,2.05,2.1593,74538.05,717201.581
002920.SZ,2025-04-10,100.0,102.48,99.58,100.17,96.99,3.18,3.2787,60956.11,615131.153
002920.SZ,2025-04-11,99.04,101.93,98.89,100.88,100.17,0.71,0.7088,45791.33,459613.278
002920.SZ,2025-04-14,102.68,103.76,101.65,102.02,100.88,1.14,1.1301,38361.09,392768.601
002920.SZ,2025-04-15,101.8,102.52,99.91,100.27,102.02,-1.75,-1.7153,31804.5,320212.983
002920.SZ,2025-04-16,99.88,100.23,97.5,99.29,100.27,-0.98,-0.9774,35753.49,352799.047
002920.SZ,2025-04-17,98.09,99.08,97.65,98.37,98.09,0.28,0.2855,35988.41,354224.814
002920.SZ,2025-04-18,99.0,100.6,97.55,100.4,98.37,2.03,2.0636,47899.2,475062.001
002920.SZ,2025-04-21,100.47,102.16,99.5,101.7,100.4,1.3,1.2948,49811.83,503736.525
002920.SZ,2025-04-22,101.7,102.0,97.98,99.49,101.7,-2.21,-2.1731,97050.44,964499.154
002920.SZ,2025-04-23,100.7,102.38,99.11,101.09,99.49,1.6,1.6082,76714.3,775865.055
002920.SZ,2025-04-24,103.78,105.4,102.71,103.16,101.09,2.07,2.0477,88912.32,923389.202
002920.SZ,2025-04-25,103.9,107.65,103.5,105.45,103.16,2.29,2.2199,66932.07,707065.306
002920.SZ,2025-04-28,105.46,105.97,103.2,103.4,105.45,-2.05,-1.944,40651.2,423051.727
002920.SZ,2025-04-29,102.8,104.7,102.51,103.05,103.4,-0.35,-0.3385,36855.67,380383.032
002920.SZ,2025-04-30,103.23,104.88,102.55,104.26,103.05,1.21,1.1742,41459.0,430519.634
002920.SZ,2025-05-06,106.0,107.34,104.85,107.13,104.26,2.87,2.7527,55223.85,586894.544
002920.SZ,2025-05-07,108.81,108.98,105.02,106.41,107.13,-0.72,-0.6721,52605.53,562084.714
002920.SZ,2025-05-08,105.36,107.21,105.36,106.77,106.41,0.36,0.3383,32232.03,343894.057
002920.SZ,2025-05-09,106.36,106.97,104.81,105.33,106.77,-1.44,-1.3487,26849.97,283382.595
002920.SZ,2025-05-12,106.29,107.98,106.19,107.75,105.33,2.42,2.2975,35759.02,382999.208
002920.SZ,2025-05-13,108.49,108.98,107.02,107.22,107.75,-0.53,-0.4919,38019.9,410867.078
002920.SZ,2025-05-14,106.92,107.55,105.55,106.96,107.22,-0.26,-0.2425,34180.12,363795.372
002920.SZ,2025-05-15,106.98,107.2,104.34,104.4,106.96,-2.56,-2.3934,38162.6,400877.221
002920.SZ,2025-05-16,104.42,109.99,104.22,107.85,104.4,3.45,3.3046,76532.3,822732.835
002920.SZ,2025-05-19,109.01,109.07,105.87,106.95,107.85,-0.9,-0.8345,45062.0,482059.801
002920.SZ,2025-05-20,106.94,106.98,105.15,105.7,106.95,-1.25,-1.1688,41413.54,437998.085
002920.SZ,2025-05-21,105.73,109.79,105.31,108.0,105.7,2.3,2.176,63100.21,679118.841
002920.SZ,2025-05-22,107.06,110.88,106.9,107.54,108.0,-0.46,-0.4259,52535.59,572801.29
002920.SZ,2025-05-23,107.0,109.8,105.6,105.6,107.54,-1.94,-1.804,60478.67,650761.32
002920.SZ,2025-05-26,105.46,106.0,102.53,103.24,105.6,-2.36,-2.2348,50447.52,522589.643
002920.SZ,2025-05-27,102.7,104.16,101.0,103.5,103.24,0.26,0.2518,56248.84,576796.236
002920.SZ,2025-05-28,103.26,107.62,103.25,105.1,103.5,1.6,1.5459,65501.12,693412.974
002920.SZ,2025-05-29,104.86,115.61,104.86,115.61,105.1,10.51,10.0,128488.23,1430462.912
002920.SZ,2025-05-30,115.0,115.0,110.01,110.56,115.61,-5.05,-4.3681,99466.14,1110481.135
002920.SZ,2025-06-03,109.5,110.4,106.5,106.63,110.56,-3.93,-3.5546,87016.51,934625.792
002920.SZ,2025-06-04,107.12,108.3,106.27,107.35,106.63,0.72,0.6752,57768.94,620248.447
002920.SZ,2025-06-05,107.4,107.73,105.88,106.0,107.35,-1.35,-1.2576,64951.56,690636.615
002920.SZ,2025-06-06,106.14,106.36,103.5,103.8,106.0,-2.2,-2.0755,65266.03,680739.802
002920.SZ,2025-06-09,99.74,102.5,97.33,100.12,103.8,-3.68,-3.5453,120992.21,1212112.65
002920.SZ,2025-06-10,100.2,101.15,98.5,99.62,100.12,-0.5,-0.4994,55994.46,559081.768
002920.SZ,2025-06-11,100.8,102.68,100.03,100.32,99.62,0.7,0.7027,67957.78,687252.611
002920.SZ,2025-06-12,99.61,100.0,98.88,99.19,100.32,-1.13,-1.1264,53826.03,534400.304
002920.SZ,2025-06-13,98.5,99.0,97.3,98.05,99.19,-1.14,-1.1493,57970.09,567811.941
002920.SZ,2025-06-16,98.0,98.31,96.21,96.7,98.05,-1.35,-1.3768,60528.31,585901.186
002920.SZ,2025-06-17,96.68,97.5,95.6,96.92,96.7,0.22,0.2275,45344.42,438019.45
002920.SZ,2025-06-18,96.94,98.64,96.51,98.38,96.92,1.46,1.5064,43552.62,425646.605
002920.SZ,2025-06-19,98.38,99.83,97.82,98.38,98.38,0.0,0.0,44165.45,436435.824
002920.SZ,2025-06-20,98.38,98.89,97.6,98.57,98.38,0.19,0.1931,30592.96,301082.026
002920.SZ,2025-06-23,97.95,97.95,96.76,97.45,98.57,-1.12,-1.1362,36547.9,355728.424
002920.SZ,2025-06-24,99.89,103.33,99.5,101.92,97.45,4.47,4.587,93798.98,949387.973
002920.SZ,2025-06-25,102.03,103.48,100.59,102.86,101.92,0.94,0.9223,63398.08,645446.766
002920.SZ,2025-06-26,102.87,104.06,101.9,101.92,102.86,-0.94,-0.9139,51911.69,533538.451
002920.SZ,2025-06-27,106.11,107.0,102.02,102.13,101.92,0.21,0.206,82818.73,865628.371
002920.SZ,2025-06-30,102.12,103.0,101.68,102.13,102.13,0.0,0.0,46939.08,478891.307
002920.SZ,2025-07-01,101.8,102.77,101.26,102.12,102.13,-0.01,-0.0098,33628.42,342991.639
002920.SZ,2025-07-02,101.8,101.8,100.05,100.4,102.12,-1.72,-1.6843,34509.88,348050.878
002920.SZ,2025-07-03,100.9,102.0,100.2,101.62,100.4,1.22,1.2151,32142.13,325962.083
002920.SZ,2025-07-04,101.63,102.59,100.68,101.62,101.62,0.0,0.0,28213.21,286529.187
002920.SZ,2025-07-07,101.02,101.6,99.81,100.25,101.62,-1.37,-1.3482,24351.47,244293.794
002920.SZ,2025-07-08,100.18,102.63,100.01,101.54,100.25,1.29,1.2868,37218.05,377939.248
002920.SZ,2025-07-09,101.55,103.58,101.55,102.48,101.54,0.94,0.9257,54555.21,560122.243
002920.SZ,2025-07-10,102.45,102.47,100.87,101.96,102.48,-0.52,-0.5074,30630.01,311184.687
002920.SZ,2025-07-11,101.91,102.79,101.5,101.96,101.96,0.0,0.0,33933.47,346500.883
002920.SZ,2025-07-14,101.97,102.43,101.35,101.62,101.96,-0.34,-0.3335,29821.85,303708.046
002920.SZ,2025-07-15,101.42,102.48,100.92,101.86,101.62,0.24,0.2362,31210.03,317182.874
002920.SZ,2025-07-16,102.2,104.89,101.9,103.82,101.86,1.96,1.9242,68436.24,710224.051
002920.SZ,2025-07-17,103.83,104.21,102.85,103.85,103.82,0.03,0.0289,39567.36,409043.8
002920.SZ,2025-07-18,104.06,105.49,103.01,103.4,103.85,-0.45,-0.4333,40230.63,418163.596
002920.SZ,2025-07-21,103.45,104.9,103.0,103.4,103.4,0.0,0.0,43707.0,452759.11
002920.SZ,2025-07-22,103.4,103.78,102.25,103.6,103.4,0.2,0.1934,43233.6,445215.536
002920.SZ,2025-07-23,103.54,105.13,103.18,103.31,103.6,-0.29,-0.2799,55702.37,579818.924
002920.SZ,2025-07-24,103.57,104.58,103.19,104.58,103.31,1.27,1.2293,49053.31,509566.168
002920.SZ,2025-07-25,105.3,105.58,104.0,104.45,104.58,-0.13,-0.1243,49207.71,515452.885
002920.SZ,2025-07-28,105.6,108.44,104.88,105.5,104.45,1.05,1.0053,85459.78,908740.83
002920.SZ,2025-07-29,105.07,107.2,103.9,106.91,105.5,1.41,1.3365,66266.41,701278.851
002920.SZ,2025-07-30,106.48,106.56,103.76,104.4,106.91,-2.51,-2.3478,59934.31,629480.245
002920.SZ,2025-07-31,104.0,104.69,101.29,101.59,104.4,-2.81,-2.6916,64853.43,667367.935
002920.SZ,2025-08-01,101.6,104.59,101.53,102.92,101.59,1.33,1.3092,56141.17,577461.462
002920.SZ,2025-08-04,102.0,102.71,101.5,102.63,102.92,-0.29,-0.2818,33312.42,340050.011
002920.SZ,2025-08-05,102.74,104.2,102.2,103.31,102.63,0.68,0.6626,49160.01,507071.322
002920.SZ,2025-08-06,103.49,107.23,103.01,105.95,103.31,2.64,2.5554,87510.13,922062.026
002920.SZ,2025-08-07,106.0,106.17,104.42,104.65,105.95,-1.3,-1.227,41026.58,430818.19
002920.SZ,2025-08-08,104.54,104.54,103.11,103.3,104.65,-1.35,-1.29,42522.34,440848.477
002920.SZ,2025-08-11,102.8,106.7,102.8,106.02,103.3,2.72,2.6331,75087.79,790419.145
002920.SZ,2025-08-12,110.29,116.0,110.29,113.91,106.02,7.89,7.442,261197.35,2968748.709
002920.SZ,2025-08-13,112.98,114.11,112.04,112.7,113.91,-1.21,-1.0622,98248.19,1107910.731
002920.SZ,2025-08-14,113.25,113.66,108.78,109.19,112.7,-3.51,-3.1145,94560.86,1047354.225
002920.SZ,2025-08-15,108.74,110.44,108.33,108.96,109.19,-0.23,-0.2106,81852.95,895258.536
002920.SZ,2025-08-18,110.79,113.92,110.11,112.01,108.96,3.05,2.7992,120709.53,1354212.721
002920.SZ,2025-08-19,112.2,117.0,111.61,113.95,112.01,1.94,1.732,117099.63,1335622.789
002920.SZ,2025-08-20,113.88,119.65,112.97,119.16,113.95,5.21,4.5722,141068.53,1650306.96
002920.SZ,2025-08-21,119.8,119.98,117.79,118.7,119.16,-0.46,-0.386,96418.25,1145691.999
002920.SZ,2025-08-22,118.0,119.66,117.03,119.18,118.7,0.48,0.4044,94795.51,1122417.884
002920.SZ,2025-08-25,121.49,122.22,118.58,119.98,119.18,0.8,0.6713,107575.36,1293912.241
002920.SZ,2025-08-26,120.16,126.66,119.11,124.9,119.98,4.92,4.1007,126308.51,1570027.347
002920.SZ,2025-08-27,126.06,133.1,126.06,126.48,124.9,1.58,1.265,166113.7,2158125.959
002920.SZ,2025-08-28,126.23,130.0,125.0,128.75,126.48,2.27,1.7948,116729.04,1491564.345
002920.SZ,2025-08-29,133.0,133.0,126.31,127.13,128.75,-1.62,-1.2583,110911.81,1424788.324
002920.SZ,2025-09-01,127.8,128.6,123.45,126.37,127.13,-0.76,-0.5978,129114.66,1617299.975
002920.SZ,2025-09-02,125.55,126.0,120.74,121.31,126.37,-5.06,-4.0041,120875.82,1481616.781
002920.SZ,2025-09-03,122.21,124.68,121.0,122.0,121.31,0.69,0.5688,80273.0,986189.129
002920.SZ,2025-09-04,122.2,125.86,118.01,119.91,122.0,-2.09,-1.7131,108131.01,1309563.427
002920.SZ,2025-09-05,120.13,123.24,119.18,123.1,119.91,3.19,2.6603,83101.86,1010916.787
002920.SZ,2025-09-08,123.45,126.48,122.44,123.95,123.1,0.85,0.6905,93283.05,1159666.129
002920.SZ,2025-09-09,123.09,123.62,120.51,121.0,123.95,-2.95,-2.38,66281.45,807803.27
002920.SZ,2025-09-10,120.99,123.0,118.0,118.75,121.0,-2.25,-1.8595,73313.61,876323.532
002920.SZ,2025-09-11,118.38,121.78,116.66,120.42,118.75,1.67,1.4063,85791.14,1023095.445
002920.SZ,2025-09-12,121.0,122.68,119.38,119.64,120.42,-0.78,-0.6477,75312.24,909339.542
002920.SZ,2025-09-15,123.0,131.6,122.01,127.64,119.64,8.0,6.6867,204664.91,2620640.816
002920.SZ,2025-09-16,126.45,132.3,126.26,130.35,127.64,2.71,2.1232,150415.04,1950662.758
002920.SZ,2025-09-17,131.88,141.06,131.5,137.57,130.35,7.22,5.5389,170410.87,2331612.927
002920.SZ,2025-09-18,142.0,143.54,135.01,137.6,137.57,0.03,0.0218,198595.47,2770884.22
002920.SZ,2025-09-19,136.82,138.0,133.68,134.28,137.6,-3.32,-2.4128,104869.35,1414946.758
002920.SZ,2025-09-22,135.75,136.14,132.63,133.43,134.28,-0.85,-0.633,75308.36,1008614.849
002920.SZ,2025-09-23,134.01,142.98,134.0,139.03,133.43,5.6,4.197,164930.03,2293804.985
002920.SZ,2025-09-24,138.38,147.0,136.84,142.87,139.03,3.84,2.762,143999.63,2039817.428
002920.SZ,2025-09-25,146.01,154.17,146.01,147.14,142.87,4.27,2.9887,148107.68,2218676.029
002920.SZ,2025-09-26,146.3,148.33,142.88,143.48,147.14,-3.66,-2.4874,98909.91,1438294.843
002920.SZ,2025-09-29,146.86,150.3,146.06,149.3,143.48,5.82,4.0563,111556.81,1655076.854
002920.SZ,2025-09-30,149.98,153.8,147.0,151.23,149.3,1.93,1.2927,115667.25,1748333.757
002920.SZ,2025-10-09,151.88,152.55,146.31,148.96,151.23,-2.27,-1.501,105827.32,1570636.447
002920.SZ,2025-10-10,148.88,148.88,138.8,139.87,148.96,-9.09,-6.1023,116777.13,1662451.241
002920.SZ,2025-10-13,133.0,136.86,132.23,135.76,139.87,-4.11,-2.9384,134381.67,1804526.998
002920.SZ,2025-10-14,136.82,139.61,132.78,133.94,135.76,-1.82,-1.3406,112440.9,1536827.476
002920.SZ,2025-10-15,133.78,137.55,131.5,137.55,133.94,3.61,2.6952,86600.34,1171029.807
002920.SZ,2025-10-16,137.0,142.62,134.58,138.73,137.55,1.18,0.8579,103099.07,1441316.792
002920.SZ,2025-10-17,137.0,137.97,124.86,124.92,138.73,-13.81,-9.9546,192978.11,2468647.317
002920.SZ,2025-10-20,126.31,126.99,123.31,124.37,124.92,-0.55,-0.4403,103958.96,1296393.67
002920.SZ,2025-10-21,125.6,126.58,123.31,125.65,124.37,1.28,1.0292,82875.22,1038375.729
002920.SZ,2025-10-22,124.52,126.6,124.01,124.91,125.65,-0.74,-0.5889,52306.71,655051.911
002920.SZ,2025-10-23,124.3,125.0,121.43,124.46,124.91,-0.45,-0.3603,69642.27,855358.983
002920.SZ,2025-10-24,125.98,128.68,125.9,128.15,124.46,3.69,2.9648,94805.43,1209389.916
002920.SZ,2025-10-27,131.0,131.7,127.7,129.13,128.15,0.98,0.7647,119831.92,1550849.774
002920.SZ,2025-10-28,123.0,123.47,119.7,120.0,129.13,-9.13,-7.0704,260537.05,3150295.153
002920.SZ,2025-10-29,119.8,120.3,118.6,120.3,120.0,0.3,0.25,110971.63,1326280.767
002920.SZ,2025-10-30,120.24,120.25,117.48,118.28,120.3,-2.02,-1.6791,103407.03,1227465.5
002920.SZ,2025-10-31,118.4,120.39,118.21,118.48,118.28,0.2,0.1691,76563.55,912988.503
002920.SZ,2025-11-03,118.02,118.7,115.1,116.8,118.48,-1.68,-1.418,87443.07,1016210.051
002920.SZ,2025-11-04,116.63,116.7,112.75,113.7,116.8,-3.1,-2.6541,90585.86,1036106.153
002920.SZ,2025-11-05,112.0,114.38,111.7,113.38,113.7,-0.32,-0.2814,59928.58,679495.246
002920.SZ,2025-11-06,114.0,116.76,113.79,116.48,113.38,3.1,2.7342,77371.07,895192.508
002920.SZ,2025-11-07,115.56,116.47,114.63,115.2,116.48,-1.28,-1.0989,52678.41,608379.924
002920.SZ,2025-11-10,115.5,118.42,114.13,117.67,115.2,2.47,2.1441,87783.69,1023114.019
002920.SZ,2025-11-11,117.81,118.4,115.82,116.0,117.67,-1.67,-1.4192,55505.78,647324.683
002920.SZ,2025-11-12,115.57,116.84,114.49,116.21,116.0,0.21,0.181,43401.37,503031.867
002920.SZ,2025-11-13,115.9,116.39,114.61,115.74,116.21,-0.47,-0.4044,47153.73,545142.695
002920.SZ,2025-11-14,114.69,115.49,113.13,113.14,115.74,-2.6,-2.2464,54928.37,625282.02
002920.SZ,2025-11-17,112.11,112.65,109.8,110.79,113.14,-2.35,-2.0771,76443.05,846988.77
002920.SZ,2025-11-18,110.3,110.65,109.2,109.4,110.79,-1.39,-1.2546,44349.37,487417.971
002920.SZ,2025-11-19,109.2,110.07,107.8,108.2,109.4,-1.2,-1.0969,45564.3,496042.747
002920.SZ,2025-11-20,110.5,110.64,108.23,109.02,108.2,0.82,0.7579,46577.91,508211.086
002920.SZ,2025-11-21,108.0,109.19,106.81,107.43,109.02,-1.59,-1.4584,51316.11,553246.382
002920.SZ,2025-11-24,107.33,108.4,106.0,108.15,107.43,0.72,0.6702,50175.22,539514.218
002920.SZ,2025-11-25,108.73,110.64,108.73,109.41,108.15,1.26,1.165,59980.86,658707.904
002920.SZ,2025-11-26,108.82,109.96,108.37,108.63,109.41,-0.78,-0.7129,39868.39,435019.332
002920.SZ,2025-11-27,108.89,110.22,107.9,108.09,108.63,-0.54,-0.4971,47347.96,517309.715
002920.SZ,2025-11-28,108.11,110.13,107.6,109.99,108.09,1.9,1.7578,50174.67,548939.08
002920.SZ,2025-12-01,110.02,111.37,109.11,111.3,109.99,1.31,1.191,54017.49,596295.369
002920.SZ,2025-12-02,111.3,111.44,109.0,109.4,111.3,-1.9,-1.7071,43531.17,477945.869
002920.SZ,2025-12-03,109.0,109.49,108.03,108.5,109.4,-0.9,-0.8227,28681.51,311398.526
002920.SZ,2025-12-04,109.0,109.58,107.81,108.64,108.5,0.14,0.129,32417.41,352477.218
002920.SZ,2025-12-05,109.54,110.82,108.72,110.57,108.64,1.93,1.7765,47007.57,517304.7
002920.SZ,2025-12-08,111.15,111.59,110.61,111.06,110.57,0.49,0.4432,48306.92,536693.356
002920.SZ,2025-12-09,111.0,111.0,108.9,109.04,111.06,-2.02,-1.8188,48452.5,531580.399
002920.SZ,2025-12-10,108.3,109.85,107.8,109.8,109.04,0.76,0.697,45077.34,489804.051
002920.SZ,2025-12-11,109.8,111.12,108.3,108.31,109.8,-1.49,-1.357,40787.9,446717.127
002920.SZ,2025-12-12,108.31,114.0,107.68,113.51,108.31,5.2,4.801,126019.96,1412154.841
002920.SZ,2025-12-15,112.49,113.38,111.03,111.19,113.51,-2.32,-2.0439,61637.82,690738.302
002920.SZ,2025-12-16,117.09,118.98,114.01,114.79,111.19,3.6,3.2377,186598.76,2168858.538
002920.SZ,2025-12-17,114.92,120.71,114.92,119.3,114.79,4.51,3.9289,184950.54,2195928.86
002920.SZ,2025-12-18,117.0,120.22,116.46,116.88,119.3,-2.42,-2.0285,106558.04,1257303.69
002920.SZ,2025-12-19,117.06,127.7,117.01,125.0,116.88,8.12,6.9473,201632.05,2490882.537
002920.SZ,2025-12-22,128.0,131.88,125.41,126.5,125.0,1.5,1.2,235868.66,3038679.827
002920.SZ,2025-12-23,125.31,127.68,124.02,124.69,126.5,-1.81,-1.4308,136247.41,1709272.544
002920.SZ,2025-12-24,124.9,128.53,124.9,127.32,124.69,2.63,2.1092,137857.74,1756357.029
002920.SZ,2025-12-25,126.05,126.19,124.02,124.68,127.32,-2.64,-2.0735,119663.61,1493018.894
002920.SZ,2025-12-26,124.14,125.49,122.1,122.7,124.68,-1.98,-1.5881,123345.33,1521492.936
002920.SZ,2025-12-29,122.2,122.69,120.22,121.35,122.7,-1.35,-1.1002,112876.45,1368520.517
002920.SZ,2025-12-30,120.01,122.85,119.45,122.14,121.35,0.79,0.651,115275.98,1396833.227
002920.SZ,2025-12-31,122.16,122.38,119.66,120.3,122.14,-1.84,-1.5065,75995.35,915417.931
002920.SZ,2026-01-05,121.08,125.67,120.97,124.9,120.3,4.6,3.8238,122821.95,1520190.974
002920.SZ,2026-01-06,126.9,137.39,126.58,137.39,124.9,12.49,10.0,229683.55,3033411.079
002920.SZ,2026-01-07,139.99,142.79,136.88,137.57,137.39,0.18,0.131,305834.7,4269245.257
002920.SZ,2026-01-08,133.44,135.69,131.62,132.81,137.57,-4.76,-3.4601,232850.23,3098638.422
002920.SZ,2026-01-09,132.0,137.28,131.5,134.65,132.81,1.84,1.3854,184538.55,2483700.657
002920.SZ,2026-01-12,134.65,139.5,133.5,138.82,134.65,4.17,3.0969,189085.48,2591673.593
002920.SZ,2026-01-13,137.0,140.21,134.0,138.02,138.82,-0.8,-0.5763,175155.07,2393582.647
002920.SZ,2026-01-14,135.82,139.38,132.68,134.15,138.02,-3.87,-2.8039,186474.26,2537995.448
002920.SZ,2026-01-15,136.0,138.35,134.2,134.53,134.15,0.38,0.2833,134351.88,1831274.187
002920.SZ,2026-01-16,134.0,137.8,132.98,135.87,134.53,1.34,0.9961,126852.45,1720565.005
002920.SZ,2026-01-19,134.88,136.54,132.0,134.35,135.87,-1.52,-1.1187,112220.5,1502720.348
002920.SZ,2026-01-20,134.67,137.23,132.16,133.0,134.35,-1.35,-1.0048,104590.71,1405004.664
002920.SZ,2026-01-21,131.7,133.48,128.85,132.01,133.0,-0.99,-0.7444,99878.44,1313444.035
002920.SZ,2026-01-22,133.17,134.25,127.8,128.43,132.01,-3.58,-2.7119,133022.28,1725955.766
002920.SZ,2026-01-23,129.13,134.94,128.56,134.83,128.43,6.4,4.9833,174822.63,2307128.59
002920.SZ,2026-01-26,134.2,134.2,128.91,129.41,134.83,-5.42,-4.0199,134759.9,1755768.84
002920.SZ,2026-01-27,128.0,129.22,124.89,128.22,129.41,-1.19,-0.9196,108766.91,1377260.597
002920.SZ,2026-01-28,127.33,127.68,124.26,125.79,128.22,-2.43,-1.8952,101930.36,1279406.656
002920.SZ,2026-01-29,124.2,126.59,122.73,123.09,125.79,-2.7,-2.1464,87255.44,1082728.555
002920.SZ,2026-01-30,122.15,124.12,119.62,122.3,123.09,-0.79,-0.6418,86838.53,1056783.77
002920.SZ,2026-02-02,122.0,124.25,120.0,120.62,122.3,-1.68,-1.3737,72593.78,889536.237
002920.SZ,2026-02-03,121.69,123.11,120.44,123.03,120.62,2.41,1.998,66627.4,811813.289
002920.SZ,2026-02-04,122.32,123.88,121.21,122.6,123.03,-0.43,-0.3495,53435.57,652740.52
002920.SZ,2026-02-05,122.59,123.66,121.81,122.34,122.6,-0.26,-0.2121,62349.71,765579.559
002920.SZ,2026-02-06,121.47,121.5,118.36,118.47,122.34,-3.87,-3.1633,104484.53,1248041.16
002920.SZ,2026-02-09,119.95,120.61,117.47,120.35,118.47,1.88,1.5869,103913.34,1240155.168
002920.SZ,2026-02-10,120.0,120.59,118.83,119.83,120.35,-0.52,-0.4321,61199.97,733532.346
002920.SZ,2026-02-11,119.93,120.71,119.11,119.15,119.83,-0.68,-0.5675,47942.33,574320.666
002920.SZ,2026-02-12,118.5,121.21,118.18,120.75,119.15,1.6,1.3428,72544.14,871297.268
002920.SZ,2026-02-13,120.2,124.55,120.1,122.63,120.75,1.88,1.5569,98527.11,1213536.519
002920.SZ,2026-02-24,126.8,126.81,124.07,124.48,122.63,1.85,1.5086,83023.31,1037416.275
002920.SZ,2026-02-25,123.62,125.8,123.16,124.95,124.48,0.47,0.3776,65323.45,814445.611
002920.SZ,2026-02-26,124.49,125.88,123.83,125.08,124.95,0.13,0.104,60892.95,761547.398
002920.SZ,2026-02-27,124.59,126.92,123.61,124.04,125.08,-1.04,-0.8315,73496.14,918548.144
002920.SZ,2026-03-02,120.11,122.0,119.3,120.57,124.04,-3.47,-2.7975,82967.77,1000227.016
002920.SZ,2026-03-03,121.29,125.58,118.73,118.9,120.57,-1.67,-1.3851,118001.18,1444004.083
002920.SZ,2026-03-04,116.51,118.81,116.03,117.39,118.9,-1.51,-1.27,69260.85,811821.627
002920.SZ,2026-03-05,119.36,119.54,113.63,114.61,117.39,-2.78,-2.3682,125261.29,1454430.529
002920.SZ,2026-03-06,115.94,116.88,113.6,116.31,114.61,1.7,1.4833,82059.41,948875.729
002920.SZ,2026-03-09,113.6,114.44,110.61,113.92,116.31,-2.39,-2.0549,93243.09,1046406.87
002920.SZ,2026-03-10,115.52,116.15,114.73,115.91,113.92,1.99,1.7468,56287.18,650205.705
002920.SZ,2026-03-11,116.7,119.59,116.68,117.05,115.91,1.14,0.9835,84605.98,997267.798
002920.SZ,2026-03-12,116.01,119.69,115.32,118.88,117.05,1.83,1.5634,88972.94,1047151.583
002920.SZ,2026-03-13,117.2,119.14,116.5,117.24,118.88,-1.64,-1.3795,60325.02,710244.72
002920.SZ,2026-03-16,117.24,117.99,114.7,117.98,117.24,0.74,0.6312,60707.67,707254.424
002920.SZ,2026-03-17,119.5,119.68,115.83,116.08,117.98,-1.9,-1.6104,73509.16,867149.505
002920.SZ,2026-03-18,116.05,116.05,114.19,115.45,116.08,-0.63,-0.5427,53233.65,612553.464
002920.SZ,2026-03-19,113.6,116.0,113.2,113.75,115.45,-1.7,-1.4725,46805.99,534688.959
002920.SZ,2026-03-20,114.3,115.28,110.8,110.8,113.75,-2.95,-2.5934,61453.59,692690.42
002920.SZ,2026-03-23,107.79,110.5,106.41,106.61,110.8,-4.19,-3.7816,72060.3,780185.224
002920.SZ,2026-03-24,108.6,108.97,105.35,107.2,106.61,0.59,0.5534,53569.84,572520.404
002920.SZ,2026-03-25,107.95,108.7,107.01,108.07,107.2,0.87,0.8116,53633.4,580101.925
002920.SZ,2026-03-26,107.87,107.93,105.03,105.22,108.07,-2.85,-2.6372,47839.27,508857.317
002920.SZ,2026-03-27,104.0,106.44,103.2,106.04,105.22,0.82,0.7793,52455.9,551496.813
002920.SZ,2026-03-30,104.45,105.6,103.25,105.0,106.04,-1.04,-0.9808,46306.82,483194.156
002920.SZ,2026-03-31,105.02,106.15,103.84,103.88,105.0,-1.12,-1.0667,45044.84,472469.922
002920.SZ,2026-04-01,105.88,107.88,105.88,107.25,103.88,3.37,3.2441,70557.47,754306.863
002920.SZ,2026-04-02,107.17,107.48,103.8,104.9,107.25,-2.35,-2.1911,58990.75,622261.624
002920.SZ,2026-04-03,105.44,105.55,104.06,104.89,104.9,-0.01,-0.0095,32268.29,338253.539
002920.SZ,2026-04-07,104.1,104.18,101.03,101.79,103.65,-1.86,-1.7945,49191.5,504064.85
002920.SZ,2026-04-08,104.33,106.97,104.16,106.97,101.79,5.18,5.0889,75197.95,794248.651
002920.SZ,2026-04-09,105.41,106.81,104.4,105.74,106.97,-1.23,-1.1499,51306.63,541922.44
002920.SZ,2026-04-10,106.76,107.68,106.3,106.62,105.74,0.88,0.8322,54211.25,579967.285
002920.SZ,2026-04-13,105.26,106.33,104.88,105.75,106.62,-0.87,-0.816,53265.73,562940.23
002920.SZ,2026-04-14,106.98,107.1,105.03,106.2,105.75,0.45,0.4255,66275.38,701581.486
002920.SZ,2026-04-15,107.0,107.23,104.23,104.45,106.2,-1.75,-1.6478,76728.58,810563.227
002920.SZ,2026-04-16,105.97,108.48,105.81,108.39,104.45,3.94,3.7721,107212.92,1153203.937
002920.SZ,2026-04-17,107.5,108.15,106.51,107.81,108.39,-0.58,-0.5351,62754.45,673341.616
002920.SZ,2026-04-20,107.39,107.46,106.58,106.92,107.81,-0.89,-0.8255,62857.31,672253.337
002920.SZ,2026-04-21,107.12,107.16,104.72,105.5,106.92,-1.42,-1.3281,85996.49,905121.997
002920.SZ,2026-04-22,105.2,108.19,103.79,106.65,105.5,1.15,1.09,96995.57,1026553.962
002920.SZ,2026-04-23,107.8,112.0,107.01,109.25,106.65,2.6,2.4379,124357.05,1360475.497
002920.SZ,2026-04-24,108.5,113.0,107.73,112.16,109.25,2.91,2.6636,141314.79,1576085.124
002920.SZ,2026-04-27,110.9,112.0,109.31,111.3,112.16,-0.86,-0.7668,96386.28,1066172.662
002920.SZ,2026-04-28,105.72,106.28,103.3,103.39,111.3,-7.91,-7.1069,166785.55,1744204.763
