ts_code,date,open,high,low,close,pre_close,change,pct_chg,volume,amount
300144.SZ,2020-01-02,30.99,32.54,30.91,32.21,30.91,1.3,4.2058,63919.04,204245.114
300144.SZ,2020-01-03,32.2,32.3,31.6,31.71,32.21,-0.5,-1.5523,56824.24,181614.092
300144.SZ,2020-01-06,31.52,33.47,31.51,32.7,31.71,0.99,3.122,91105.77,299582.95
300144.SZ,2020-01-07,32.7,33.23,32.21,32.7,32.7,0.0,0.0,55231.57,179773.341
300144.SZ,2020-01-08,32.54,32.9,31.9,32.08,32.7,-0.62,-1.896,52609.81,169975.509
300144.SZ,2020-01-09,32.37,33.02,32.11,32.88,32.08,0.8,2.4938,57950.58,189313.127
300144.SZ,2020-01-10,32.9,33.17,32.4,32.84,32.88,-0.04,-0.1217,46939.83,153866.711
300144.SZ,2020-01-13,33.08,33.08,31.59,32.5,32.84,-0.34,-1.0353,74538.82,239559.763
300144.SZ,2020-01-14,32.37,32.98,32.22,32.83,32.5,0.33,1.0154,77281.94,252498.854
300144.SZ,2020-01-15,32.76,32.76,31.5,31.73,32.83,-1.1,-3.3506,99644.31,317490.887
300144.SZ,2020-01-16,31.66,32.1,31.09,31.45,31.73,-0.28,-0.8824,84805.66,267119.339
300144.SZ,2020-01-17,31.54,31.72,31.2,31.4,31.45,-0.05,-0.159,56498.68,177879.831
300144.SZ,2020-01-20,30.4,30.68,28.36,28.72,31.4,-2.68,-8.535,401933.82,1160680.678
300144.SZ,2020-01-21,28.09,28.63,27.8,28.05,28.72,-0.67,-2.3329,282483.13,796293.509
300144.SZ,2020-01-22,28.05,28.53,27.1,28.05,28.05,0.0,0.0,328436.01,911176.32
300144.SZ,2020-01-23,27.41,27.69,26.4,26.94,28.05,-1.11,-3.9572,268359.51,724603.37
300144.SZ,2020-02-03,24.25,26.85,24.25,25.7,26.94,-1.24,-4.6028,398207.5,999389.428
300144.SZ,2020-02-04,25.45,26.83,25.43,26.17,25.7,0.47,1.8288,166673.19,436546.371
300144.SZ,2020-02-05,26.23,27.61,26.23,26.93,26.17,0.76,2.9041,203395.03,550434.935
300144.SZ,2020-02-06,26.89,27.4,26.44,26.96,26.93,0.03,0.1114,192878.46,519460.145
300144.SZ,2020-02-07,26.68,27.56,26.17,27.53,26.96,0.57,2.1142,184729.88,495946.841
300144.SZ,2020-02-10,26.95,28.23,26.8,27.9,27.53,0.37,1.344,124141.47,343771.207
300144.SZ,2020-02-11,27.87,28.79,27.63,28.36,27.9,0.46,1.6487,112401.41,317746.268
300144.SZ,2020-02-12,28.34,28.88,27.8,28.13,28.36,-0.23,-0.811,130198.36,365756.12
300144.SZ,2020-02-13,27.9,28.19,27.35,27.45,28.13,-0.68,-2.4173,127829.63,353844.695
300144.SZ,2020-02-14,27.48,27.53,26.91,27.29,27.45,-0.16,-0.5829,119349.05,325042.416
300144.SZ,2020-02-17,27.27,28.13,27.09,28.01,27.29,0.72,2.6383,111351.92,308703.156
300144.SZ,2020-02-18,27.94,28.27,27.65,27.77,28.01,-0.24,-0.8568,71137.07,197963.872
300144.SZ,2020-02-19,27.71,28.21,27.42,28.16,27.77,0.39,1.4044,103477.2,289242.878
300144.SZ,2020-02-20,28.27,30.5,28.27,30.0,28.16,1.84,6.5341,207270.89,614086.847
300144.SZ,2020-02-21,29.52,29.86,28.98,29.31,30.0,-0.69,-2.3,141082.95,413651.534
300144.SZ,2020-02-24,28.91,29.33,28.28,28.59,29.31,-0.72,-2.4565,126145.46,360850.354
300144.SZ,2020-02-25,28.0,28.43,27.65,28.29,28.59,-0.3,-1.0493,100751.49,283372.066
300144.SZ,2020-02-26,28.0,28.87,27.77,28.18,28.29,-0.11,-0.3888,109072.96,308204.045
300144.SZ,2020-02-27,28.25,28.68,27.53,28.0,28.18,-0.18,-0.6388,138778.51,389630.89
300144.SZ,2020-02-28,27.36,27.58,26.5,27.58,28.0,-0.42,-1.5,153209.15,413028.151
300144.SZ,2020-03-02,27.54,28.0,27.11,27.91,27.58,0.33,1.1965,129868.2,358799.26
300144.SZ,2020-03-03,28.17,28.2,27.38,27.44,27.91,-0.47,-1.684,123015.81,342000.427
300144.SZ,2020-03-04,27.46,27.69,26.8,27.27,27.44,-0.17,-0.6195,92869.74,251269.363
300144.SZ,2020-03-05,27.45,28.72,27.3,28.56,27.27,1.29,4.7305,185269.75,521720.192
300144.SZ,2020-03-06,28.15,28.96,28.0,28.54,28.56,-0.02,-0.07,116911.38,331771.723
300144.SZ,2020-03-09,28.14,28.14,26.76,26.84,28.54,-1.7,-5.9566,125121.35,342263.178
300144.SZ,2020-03-10,26.8,28.95,26.75,28.6,26.84,1.76,6.5574,220745.78,622412.888
300144.SZ,2020-03-11,28.7,30.16,28.44,29.71,28.6,1.11,3.8811,211764.64,625573.882
300144.SZ,2020-03-12,29.48,29.71,28.93,29.25,29.71,-0.46,-1.5483,146990.74,429558.49
300144.SZ,2020-03-13,28.25,30.1,27.8,29.47,29.25,0.22,0.7521,203469.34,589339.742
300144.SZ,2020-03-16,29.38,30.1,28.06,28.25,29.47,-1.22,-4.1398,185630.49,536657.907
300144.SZ,2020-03-17,28.41,28.65,26.83,27.9,28.25,-0.35,-1.2389,113520.77,313962.643
300144.SZ,2020-03-18,27.9,28.1,26.61,26.69,27.9,-1.21,-4.3369,135109.63,369321.116
300144.SZ,2020-03-19,26.69,27.1,25.7,26.37,26.69,-0.32,-1.199,159923.85,420023.221
300144.SZ,2020-03-20,26.5,27.68,26.21,27.55,26.37,1.18,4.4748,120665.86,323998.921
300144.SZ,2020-03-23,26.77,27.1,26.05,26.16,27.55,-1.39,-5.0454,107152.44,284266.311
300144.SZ,2020-03-24,26.5,27.6,26.5,27.51,26.16,1.35,5.1606,115604.73,311941.958
300144.SZ,2020-03-25,27.95,28.31,27.13,27.55,27.51,0.04,0.1454,110235.73,303968.044
300144.SZ,2020-03-26,27.4,27.4,26.56,26.74,27.55,-0.81,-2.9401,75242.46,201798.825
300144.SZ,2020-03-27,27.2,27.39,26.69,26.73,26.74,-0.01,-0.0374,133697.62,361826.487
300144.SZ,2020-03-30,25.81,25.9,24.39,25.03,26.73,-1.7,-6.3599,193492.2,481002.436
300144.SZ,2020-03-31,25.22,25.24,24.31,24.98,25.03,-0.05,-0.1998,108001.23,266429.186
300144.SZ,2020-04-01,24.5,25.7,24.39,24.5,24.98,-0.48,-1.9215,127027.18,316393.505
300144.SZ,2020-04-02,24.25,24.7,24.0,24.67,24.5,0.17,0.6939,99923.91,243163.541
300144.SZ,2020-04-03,24.58,24.96,24.3,24.42,24.67,-0.25,-1.0134,82875.94,203360.469
300144.SZ,2020-04-07,25.2,25.6,24.8,25.55,24.42,1.13,4.6274,117919.52,298063.707
300144.SZ,2020-04-08,25.4,26.45,25.31,26.15,25.55,0.6,2.3483,113275.8,295248.381
300144.SZ,2020-04-09,26.25,26.58,25.7,26.49,26.15,0.34,1.3002,81498.19,212732.309
300144.SZ,2020-04-10,26.45,27.39,26.26,26.56,26.49,0.07,0.2643,108891.49,293370.37
300144.SZ,2020-04-13,26.57,26.8,25.6,26.16,26.56,-0.4,-1.506,75435.6,196908.515
300144.SZ,2020-04-14,26.16,26.48,25.62,26.47,26.16,0.31,1.185,78355.28,205239.851
300144.SZ,2020-04-15,26.2,26.69,26.0,26.3,26.47,-0.17,-0.6422,66705.57,175690.197
300144.SZ,2020-04-16,26.2,26.3,25.42,26.04,26.3,-0.26,-0.9886,104414.45,269167.947
300144.SZ,2020-04-17,26.3,27.33,26.2,27.1,26.04,1.06,4.0707,117920.97,318669.949
300144.SZ,2020-04-20,26.99,27.32,26.8,26.97,27.1,-0.13,-0.4797,88955.12,240079.348
300144.SZ,2020-04-21,27.02,27.04,26.28,26.65,26.97,-0.32,-1.1865,64145.15,170484.596
300144.SZ,2020-04-22,26.66,26.91,26.29,26.67,26.65,0.02,0.075,68506.53,182054.089
300144.SZ,2020-04-23,26.65,27.45,26.6,27.08,26.67,0.41,1.5373,91678.55,248438.999
300144.SZ,2020-04-24,26.8,26.95,26.29,26.42,27.08,-0.66,-2.4372,60547.46,160862.726
300144.SZ,2020-04-27,26.44,26.78,26.08,26.32,26.42,-0.1,-0.3785,89812.93,237335.803
300144.SZ,2020-04-28,26.49,27.65,26.38,27.52,26.32,1.2,4.5593,145140.02,393694.535
300144.SZ,2020-04-29,27.12,28.53,27.12,28.3,27.52,0.78,2.8343,118984.8,336254.2
300144.SZ,2020-04-30,29.0,30.77,29.0,29.83,28.3,1.53,5.4064,181516.13,541518.647
300144.SZ,2020-05-06,29.83,30.12,28.77,29.06,29.83,-0.77,-2.5813,136042.3,398233.646
300144.SZ,2020-05-07,29.05,29.85,28.77,29.57,29.06,0.51,1.755,98122.28,289069.752
300144.SZ,2020-05-08,29.69,30.68,29.38,30.27,29.57,0.7,2.3673,108090.44,325715.752
300144.SZ,2020-05-11,30.4,31.77,30.3,30.76,30.27,0.49,1.6188,130093.46,403937.294
300144.SZ,2020-05-12,31.15,31.15,30.17,31.12,30.76,0.36,1.1704,93834.35,287606.651
300144.SZ,2020-05-13,30.71,30.81,29.95,30.18,31.12,-0.94,-3.0206,135346.85,408288.158
300144.SZ,2020-05-14,30.1,30.24,29.65,29.9,30.18,-0.28,-0.9278,101281.35,303225.879
300144.SZ,2020-05-15,30.01,30.53,29.35,29.6,29.9,-0.3,-1.0033,72349.74,216016.012
300144.SZ,2020-05-18,29.6,30.15,29.29,29.72,29.6,0.12,0.4054,67471.72,200685.733
300144.SZ,2020-05-19,30.38,32.2,30.11,31.68,29.72,1.96,6.5949,158049.82,497735.459
300144.SZ,2020-05-20,31.73,31.95,30.78,31.6,31.68,-0.08,-0.2525,129277.59,406068.155
300144.SZ,2020-05-21,31.63,32.39,31.14,31.38,31.6,-0.22,-0.6962,111846.41,354486.6
300144.SZ,2020-05-22,32.0,32.29,30.6,31.0,31.38,-0.38,-1.211,71412.48,222750.375
300144.SZ,2020-05-25,30.89,31.6,30.47,31.32,31.0,0.32,1.0323,71386.17,222711.558
300144.SZ,2020-05-26,32.0,32.65,31.49,32.1,31.32,0.78,2.4904,86169.87,276748.368
300144.SZ,2020-05-27,32.2,33.29,32.1,32.69,32.1,0.59,1.838,116930.59,383326.862
300144.SZ,2020-05-28,32.79,33.2,32.11,32.36,32.69,-0.33,-1.0095,71752.79,233984.29
300144.SZ,2020-05-29,17.8,18.77,17.57,18.28,17.87,0.41,2.2943,264642.95,480205.863
300144.SZ,2020-06-01,18.7,19.4,18.39,18.85,18.28,0.57,3.1182,250545.48,471181.465
300144.SZ,2020-06-02,19.16,19.45,18.12,18.5,18.85,-0.35,-1.8568,262200.81,488996.946
300144.SZ,2020-06-03,18.49,19.23,18.3,19.01,18.5,0.51,2.7568,190833.87,360756.045
300144.SZ,2020-06-04,19.03,19.58,19.02,19.29,19.01,0.28,1.4729,180744.62,348918.658
300144.SZ,2020-06-05,19.13,19.67,19.03,19.56,19.29,0.27,1.3997,139641.98,271154.584
300144.SZ,2020-06-08,19.72,19.95,19.31,19.52,19.56,-0.04,-0.2045,206807.47,405379.787
300144.SZ,2020-06-09,19.52,19.76,19.22,19.66,19.52,0.14,0.7172,153892.27,300735.15
300144.SZ,2020-06-10,19.67,19.82,19.5,19.67,19.66,0.01,0.0509,86130.87,169302.462
300144.SZ,2020-06-11,19.46,19.64,18.95,19.09,19.67,-0.58,-2.9487,197561.24,379859.351
300144.SZ,2020-06-12,18.75,19.48,18.65,19.32,19.09,0.23,1.2048,165951.1,318384.877
300144.SZ,2020-06-15,19.0,19.08,18.2,18.5,19.32,-0.82,-4.2443,301402.71,561015.747
300144.SZ,2020-06-16,18.74,19.36,18.7,19.19,18.5,0.69,3.7297,176905.14,337419.889
300144.SZ,2020-06-17,19.09,19.28,18.08,18.18,19.19,-1.01,-5.2632,298801.54,547972.644
300144.SZ,2020-06-18,18.18,18.55,17.96,18.1,18.18,-0.08,-0.44,218917.78,397573.539
300144.SZ,2020-06-19,18.31,18.8,18.17,18.43,18.1,0.33,1.8232,194339.56,358312.814
300144.SZ,2020-06-22,18.35,18.45,17.99,18.06,18.43,-0.37,-2.0076,192248.65,348013.624
300144.SZ,2020-06-23,18.2,18.29,17.94,18.16,18.06,0.1,0.5537,167336.97,303195.146
300144.SZ,2020-06-24,18.33,18.78,17.98,18.22,18.16,0.06,0.3304,283736.24,521886.842
300144.SZ,2020-06-29,18.1,18.18,17.44,17.55,18.22,-0.67,-3.6773,327188.25,577494.113
300144.SZ,2020-06-30,17.61,17.83,17.11,17.3,17.55,-0.25,-1.4245,333985.55,579091.3
300144.SZ,2020-07-01,17.37,17.97,17.28,17.64,17.3,0.34,1.9653,255524.68,451894.936
300144.SZ,2020-07-02,17.68,17.9,17.36,17.7,17.64,0.06,0.3401,239684.95,424301.76
300144.SZ,2020-07-03,17.88,19.04,17.82,18.8,17.7,1.1,6.2147,396611.63,733449.345
300144.SZ,2020-07-06,18.84,18.84,18.2,18.54,18.8,-0.26,-1.383,585328.97,1078680.388
300144.SZ,2020-07-07,18.44,19.04,18.44,18.61,18.54,0.07,0.3776,406024.77,760496.504
300144.SZ,2020-07-08,18.6,18.72,18.15,18.43,18.61,-0.18,-0.9672,363865.51,668163.556
300144.SZ,2020-07-09,18.44,19.33,18.39,18.87,18.43,0.44,2.3874,406405.49,763623.224
300144.SZ,2020-07-10,18.7,19.16,18.55,18.93,18.87,0.06,0.318,368134.47,696478.12
300144.SZ,2020-07-13,18.93,19.15,18.23,18.6,18.93,-0.33,-1.7433,473830.47,879451.617
300144.SZ,2020-07-14,18.68,19.44,18.44,19.01,18.6,0.41,2.2043,553567.07,1054152.739
300144.SZ,2020-07-15,20.0,20.9,20.0,20.3,19.01,1.29,6.7859,790541.08,1617265.469
300144.SZ,2020-07-16,19.8,20.01,18.85,18.97,20.3,-1.33,-6.5517,563391.81,1090449.872
300144.SZ,2020-07-17,18.91,20.84,18.8,20.5,18.97,1.53,8.0654,556675.76,1122941.548
300144.SZ,2020-07-20,20.8,20.99,19.76,20.56,20.5,0.06,0.2927,398525.27,802699.823
300144.SZ,2020-07-21,20.56,20.61,19.66,20.16,20.56,-0.4,-1.9455,303545.34,608139.288
300144.SZ,2020-07-22,20.06,20.95,19.87,20.24,20.16,0.08,0.3968,316278.29,647204.176
300144.SZ,2020-07-23,20.14,20.47,19.5,19.9,20.24,-0.34,-1.6798,340705.77,677560.64
300144.SZ,2020-07-24,19.71,19.87,18.15,18.4,19.9,-1.5,-7.5377,417312.45,788095.556
300144.SZ,2020-07-27,18.4,18.77,18.09,18.42,18.4,0.02,0.1087,243349.08,447432.984
300144.SZ,2020-07-28,18.44,18.87,18.36,18.49,18.42,0.07,0.38,136431.87,253506.299
300144.SZ,2020-07-29,18.5,19.12,18.48,19.0,18.49,0.51,2.7582,163536.83,309316.647
300144.SZ,2020-07-30,18.93,18.95,18.36,18.46,19.0,-0.54,-2.8421,212834.37,395382.089
300144.SZ,2020-07-31,18.28,19.14,18.23,18.67,18.46,0.21,1.1376,220689.57,413531.864
300144.SZ,2020-08-03,18.71,19.17,18.41,18.94,18.67,0.27,1.4462,234011.56,442828.854
300144.SZ,2020-08-04,18.96,19.77,18.6,19.58,18.94,0.64,3.3791,304226.03,584370.487
300144.SZ,2020-08-05,19.5,19.99,19.33,19.83,19.58,0.25,1.2768,268289.82,530215.789
300144.SZ,2020-08-06,19.98,20.47,19.62,19.78,19.83,-0.05,-0.2521,255796.71,511774.389
300144.SZ,2020-08-07,19.9,20.17,19.08,19.36,19.78,-0.42,-2.1234,207632.39,406713.384
300144.SZ,2020-08-10,19.61,19.82,18.44,18.59,19.36,-0.77,-3.9773,430323.06,806685.346
300144.SZ,2020-08-11,18.8,18.85,17.75,17.82,18.59,-0.77,-4.142,399990.93,731103.174
300144.SZ,2020-08-12,17.02,17.03,16.04,16.04,17.82,-1.78,-9.9888,813748.1,1311504.25
300144.SZ,2020-08-13,16.19,16.44,15.72,15.9,16.04,-0.14,-0.8728,562147.8,899970.786
300144.SZ,2020-08-14,15.88,16.05,15.46,16.01,15.9,0.11,0.6918,456998.47,721176.295
300144.SZ,2020-08-17,16.01,17.22,15.8,16.88,16.01,0.87,5.4341,531524.44,883727.087
300144.SZ,2020-08-18,16.88,17.05,16.71,16.78,16.88,-0.1,-0.5924,215442.89,363313.765
300144.SZ,2020-08-19,16.79,17.19,16.45,16.86,16.78,0.08,0.4768,262878.04,443628.482
300144.SZ,2020-08-20,16.97,17.53,16.83,17.35,16.86,0.49,2.9063,324754.61,560337.281
300144.SZ,2020-08-21,17.45,17.96,17.23,17.61,17.35,0.26,1.4986,210480.72,371120.486
300144.SZ,2020-08-24,17.8,18.67,17.69,18.29,17.61,0.68,3.8614,248708.99,453983.621
300144.SZ,2020-08-25,18.39,18.7,17.91,18.08,18.29,-0.21,-1.1482,192811.28,352168.528
300144.SZ,2020-08-26,18.03,18.45,17.72,18.0,18.08,-0.08,-0.4425,168259.78,304084.485
300144.SZ,2020-08-27,17.95,18.39,17.67,17.92,18.0,-0.08,-0.4444,190626.91,342356.623
300144.SZ,2020-08-28,17.92,18.26,17.75,18.18,17.92,0.26,1.4509,164674.4,295963.336
300144.SZ,2020-08-31,18.2,18.46,17.87,17.88,18.18,-0.3,-1.6502,161567.33,293827.155
300144.SZ,2020-09-01,17.88,18.95,17.76,18.88,17.88,1.0,5.5928,290008.49,534136.052
300144.SZ,2020-09-02,18.98,19.28,18.76,19.0,18.88,0.12,0.6356,222437.5,423542.338
300144.SZ,2020-09-03,19.06,19.15,17.77,18.03,19.0,-0.97,-5.1053,355793.2,651972.039
300144.SZ,2020-09-04,17.69,18.26,17.64,18.14,18.03,0.11,0.6101,205716.15,370409.829
300144.SZ,2020-09-07,18.25,18.77,18.07,18.21,18.14,0.07,0.3859,240567.09,443076.918
300144.SZ,2020-09-08,18.35,18.5,17.9,18.12,18.21,-0.09,-0.4942,139667.23,253052.924
300144.SZ,2020-09-09,18.06,18.12,17.5,17.57,18.12,-0.55,-3.0353,206622.93,367489.383
300144.SZ,2020-09-10,17.85,18.07,17.31,17.62,17.57,0.05,0.2846,183932.0,324354.383
300144.SZ,2020-09-11,17.53,17.87,17.37,17.82,17.62,0.2,1.1351,154356.63,272402.454
300144.SZ,2020-09-14,17.84,18.8,17.74,18.58,17.82,0.76,4.2649,295983.97,546213.557
300144.SZ,2020-09-15,18.4,19.16,18.28,19.05,18.58,0.47,2.5296,351861.61,664728.09
300144.SZ,2020-09-16,19.05,19.05,18.52,18.74,19.05,-0.31,-1.6273,234384.82,439384.049
300144.SZ,2020-09-17,18.84,18.99,17.97,18.25,18.74,-0.49,-2.6147,235703.9,431790.554
300144.SZ,2020-09-18,18.18,18.4,17.63,18.14,18.25,-0.11,-0.6027,284673.21,513564.334
300144.SZ,2020-09-21,18.18,18.75,18.01,18.23,18.14,0.09,0.4961,213320.13,390453.014
300144.SZ,2020-09-22,17.87,18.23,17.83,17.91,18.23,-0.32,-1.7553,193976.94,349728.62
300144.SZ,2020-09-23,17.96,18.18,17.61,17.94,17.91,0.03,0.1675,179409.91,321333.834
300144.SZ,2020-09-24,17.86,17.98,17.48,17.51,17.94,-0.43,-2.3969,136635.04,241087.013
300144.SZ,2020-09-25,17.55,17.68,17.35,17.5,17.51,-0.01,-0.0571,96449.97,168964.721
300144.SZ,2020-09-28,17.5,18.01,17.49,17.65,17.5,0.15,0.8571,115339.28,205130.981
300144.SZ,2020-09-29,17.73,18.36,17.61,18.27,17.65,0.62,3.5127,174898.15,316359.016
300144.SZ,2020-09-30,18.38,18.62,18.09,18.24,18.27,-0.03,-0.1642,168848.55,310281.057
300144.SZ,2020-10-09,18.5,18.5,16.9,17.47,18.24,-0.77,-4.2215,341224.43,593750.868
300144.SZ,2020-10-12,17.45,17.75,17.3,17.71,17.47,0.24,1.3738,240312.9,420148.525
300144.SZ,2020-10-13,17.63,17.64,16.97,17.07,17.71,-0.64,-3.6138,337520.45,577476.394
300144.SZ,2020-10-14,16.92,17.02,16.46,16.6,17.07,-0.47,-2.7534,338034.68,561606.013
300144.SZ,2020-10-15,16.61,16.81,16.47,16.64,16.6,0.04,0.241,140376.07,234070.04
300144.SZ,2020-10-16,16.65,16.78,16.5,16.75,16.64,0.11,0.6611,109092.18,181464.239
300144.SZ,2020-10-19,16.65,16.81,16.3,16.44,16.75,-0.31,-1.8507,127553.15,210173.428
300144.SZ,2020-10-20,16.44,16.48,16.21,16.47,16.44,0.03,0.1825,113605.55,185678.992
300144.SZ,2020-10-21,16.51,17.03,16.5,16.75,16.47,0.28,1.7001,243526.14,409553.023
300144.SZ,2020-10-22,16.79,16.8,15.97,16.44,16.75,-0.31,-1.8507,279739.58,455346.77
300144.SZ,2020-10-23,16.45,16.84,16.37,16.44,16.44,0.0,0.0,138981.06,230820.154
300144.SZ,2020-10-26,16.44,16.99,16.23,16.6,16.44,0.16,0.9732,143019.35,238460.6
300144.SZ,2020-10-27,16.63,16.88,16.44,16.72,16.6,0.12,0.7229,104926.92,175580.234
300144.SZ,2020-10-28,16.77,16.94,16.51,16.7,16.72,-0.02,-0.1196,95974.97,160302.475
300144.SZ,2020-10-29,16.3,16.38,15.9,16.01,16.7,-0.69,-4.1317,399742.62,641015.378
300144.SZ,2020-10-30,15.98,17.07,15.79,16.6,16.01,0.59,3.6852,361920.04,600806.214
300144.SZ,2020-11-02,16.52,16.76,15.98,16.35,16.6,-0.25,-1.506,242865.72,394972.131
300144.SZ,2020-11-03,16.49,16.7,16.31,16.41,16.35,0.06,0.367,116693.35,191992.117
300144.SZ,2020-11-04,16.5,16.95,16.35,16.79,16.41,0.38,2.3157,142216.78,238472.041
300144.SZ,2020-11-05,16.86,16.99,16.62,16.96,16.79,0.17,1.0125,126127.32,212638.207
300144.SZ,2020-11-06,16.98,17.04,16.68,16.8,16.96,-0.16,-0.9434,84233.32,141539.733
300144.SZ,2020-11-09,16.98,17.22,16.86,17.13,16.8,0.33,1.9643,154769.72,264557.542
300144.SZ,2020-11-10,18.61,19.15,17.93,18.0,17.13,0.87,5.0788,642886.32,1190251.715
300144.SZ,2020-11-11,18.0,18.0,17.47,17.56,18.0,-0.44,-2.4444,245115.24,433582.479
300144.SZ,2020-11-12,17.69,18.21,17.6,17.87,17.56,0.31,1.7654,160480.38,287961.059
300144.SZ,2020-11-13,18.07,18.13,17.76,17.91,17.87,0.04,0.2238,93483.52,167413.371
300144.SZ,2020-11-16,17.89,18.42,17.83,18.3,17.91,0.39,2.1776,179525.37,326970.263
300144.SZ,2020-11-17,18.76,19.11,18.4,18.86,18.3,0.56,3.0601,420723.67,792949.126
300144.SZ,2020-11-18,18.86,19.26,18.63,18.88,18.86,0.02,0.106,212634.03,402587.145
300144.SZ,2020-11-19,18.93,19.43,18.69,19.06,18.88,0.18,0.9534,231577.66,441882.554
300144.SZ,2020-11-20,19.0,19.35,18.88,18.92,19.06,-0.14,-0.7345,141834.19,269949.745
300144.SZ,2020-11-23,18.97,19.06,18.6,18.8,18.92,-0.12,-0.6342,154534.31,290292.119
300144.SZ,2020-11-24,18.9,19.1,18.66,18.69,18.8,-0.11,-0.5851,176465.35,332327.916
300144.SZ,2020-11-25,18.9,19.59,18.78,18.79,18.69,0.1,0.535,227363.93,436066.51
300144.SZ,2020-11-26,18.97,19.35,18.7,19.08,18.79,0.29,1.5434,196678.08,373426.658
300144.SZ,2020-11-27,19.04,20.24,18.96,19.96,19.08,0.88,4.6122,379360.37,746975.645
300144.SZ,2020-11-30,19.96,20.05,19.28,19.28,19.96,-0.68,-3.4068,259310.64,507648.829
300144.SZ,2020-12-01,19.35,19.72,19.26,19.35,19.28,0.07,0.3631,168287.08,326920.517
300144.SZ,2020-12-02,19.28,19.33,18.43,18.59,19.35,-0.76,-3.9276,281493.25,527094.389
300144.SZ,2020-12-03,18.78,19.11,18.43,18.62,18.59,0.03,0.1614,196366.91,367939.57
300144.SZ,2020-12-04,18.57,18.75,18.38,18.67,18.62,0.05,0.2685,131279.82,243245.461
300144.SZ,2020-12-07,18.67,18.72,18.34,18.52,18.67,-0.15,-0.8034,119909.24,222303.842
300144.SZ,2020-12-08,18.6,18.69,18.28,18.3,18.52,-0.22,-1.1879,135257.26,249163.604
300144.SZ,2020-12-09,18.3,18.49,18.06,18.12,18.3,-0.18,-0.9836,129704.12,237053.57
300144.SZ,2020-12-10,18.03,18.25,17.94,18.02,18.12,-0.1,-0.5519,104106.35,188298.645
300144.SZ,2020-12-11,18.01,18.09,17.75,17.99,18.02,-0.03,-0.1665,171320.4,306986.479
300144.SZ,2020-12-14,17.99,18.16,17.5,17.88,17.99,-0.11,-0.6115,170915.9,304074.412
300144.SZ,2020-12-15,17.87,18.31,17.76,17.88,17.88,0.0,0.0,150506.52,270595.98
300144.SZ,2020-12-16,17.81,18.3,17.59,18.23,17.88,0.35,1.9575,164872.87,296864.879
300144.SZ,2020-12-17,18.23,18.56,18.07,18.3,18.23,0.07,0.384,133359.39,244112.407
300144.SZ,2020-12-18,18.22,18.26,17.8,17.92,18.3,-0.38,-2.0765,121002.87,216930.558
300144.SZ,2020-12-21,17.81,17.92,17.38,17.74,17.92,-0.18,-1.0045,129365.09,229038.739
300144.SZ,2020-12-22,17.6,17.74,17.04,17.21,17.74,-0.53,-2.9876,234941.51,406551.694
300144.SZ,2020-12-23,17.27,17.36,17.1,17.25,17.21,0.04,0.2324,112592.81,194100.667
300144.SZ,2020-12-24,17.27,17.28,17.0,17.11,17.25,-0.14,-0.8116,92274.29,157902.617
300144.SZ,2020-12-25,16.99,17.08,16.68,17.03,17.11,-0.08,-0.4676,137770.35,232616.712
300144.SZ,2020-12-28,16.91,16.95,16.28,16.58,17.03,-0.45,-2.6424,167159.5,277185.267
300144.SZ,2020-12-29,16.71,17.2,16.59,16.96,16.58,0.38,2.2919,145163.7,245987.6
300144.SZ,2020-12-30,17.05,17.05,16.68,16.88,16.96,-0.08,-0.4717,115704.67,194846.139
300144.SZ,2020-12-31,17.0,17.88,16.9,17.72,16.88,0.84,4.9763,194990.69,341830.28
300144.SZ,2021-01-04,17.68,18.1,17.5,17.58,17.72,-0.14,-0.7901,222314.29,394076.43
300144.SZ,2021-01-05,17.5,17.56,17.18,17.29,17.58,-0.29,-1.6496,200336.43,346726.266
300144.SZ,2021-01-06,17.34,17.44,16.79,16.97,17.29,-0.32,-1.8508,229423.69,391393.911
300144.SZ,2021-01-07,16.97,17.28,16.4,16.59,16.97,-0.38,-2.2392,230899.08,386368.736
300144.SZ,2021-01-08,16.6,17.15,16.4,17.0,16.59,0.41,2.4714,179768.72,302883.367
300144.SZ,2021-01-11,16.85,16.86,16.42,16.47,17.0,-0.53,-3.1176,259246.06,429455.523
300144.SZ,2021-01-12,16.45,16.56,15.73,15.98,16.47,-0.49,-2.9751,404864.21,645556.68
300144.SZ,2021-01-13,16.07,16.3,15.6,16.08,15.98,0.1,0.6258,308109.2,490978.928
300144.SZ,2021-01-14,16.1,16.58,15.97,16.15,16.08,0.07,0.4353,318575.97,517038.618
300144.SZ,2021-01-15,16.18,16.25,15.8,15.97,16.15,-0.18,-1.1146,281519.35,449807.944
300144.SZ,2021-01-18,16.04,16.21,15.6,15.71,15.97,-0.26,-1.6281,333662.28,526137.673
300144.SZ,2021-01-19,15.74,16.15,15.67,15.71,15.71,0.0,0.0,358862.95,570365.408
300144.SZ,2021-01-20,15.77,16.33,15.62,15.73,15.71,0.02,0.1273,449502.05,714996.629
300144.SZ,2021-01-21,15.68,15.68,14.77,15.03,15.73,-0.7,-4.4501,900518.59,1354042.24
300144.SZ,2021-01-22,15.01,15.56,14.85,15.29,15.03,0.26,1.7299,424740.98,646224.902
300144.SZ,2021-01-25,15.36,16.08,15.35,15.73,15.29,0.44,2.8777,397472.09,624837.707
300144.SZ,2021-01-26,15.8,15.96,15.55,15.8,15.73,0.07,0.445,236868.92,374402.251
300144.SZ,2021-01-27,15.84,16.78,15.84,16.61,15.8,0.81,5.1266,386229.36,634160.957
300144.SZ,2021-01-28,16.49,16.76,15.81,15.91,16.61,-0.7,-4.2143,440465.64,712523.408
300144.SZ,2021-01-29,16.3,16.89,16.1,16.43,15.91,0.52,3.2684,321703.22,529787.686
300144.SZ,2021-02-01,16.09,17.65,16.09,17.07,16.43,0.64,3.8953,586971.25,1002779.565
300144.SZ,2021-02-02,17.0,17.12,16.64,16.95,17.07,-0.12,-0.703,294440.63,496935.14
300144.SZ,2021-02-03,17.0,17.37,16.53,17.09,16.95,0.14,0.826,330017.76,560914.931
300144.SZ,2021-02-04,16.95,17.35,16.68,17.1,17.09,0.01,0.0585,289619.52,493392.315
300144.SZ,2021-02-05,17.12,17.97,16.88,17.65,17.1,0.55,3.2164,425374.92,742062.528
300144.SZ,2021-02-08,17.79,18.81,17.58,18.02,17.65,0.37,2.0963,542233.37,986954.007
300144.SZ,2021-02-09,18.08,19.17,17.9,19.09,18.02,1.07,5.9378,430244.14,799896.835
300144.SZ,2021-02-10,19.0,19.2,18.3,18.69,19.09,-0.4,-2.0953,363202.23,679308.885
300144.SZ,2021-02-18,19.97,20.56,19.01,19.57,18.69,0.88,4.7084,720431.47,1423570.382
300144.SZ,2021-02-19,19.83,19.88,19.01,19.23,19.57,-0.34,-1.7374,406658.64,786043.949
300144.SZ,2021-02-22,19.5,19.84,18.4,19.0,19.23,-0.23,-1.196,681293.71,1298011.49
300144.SZ,2021-02-23,18.88,20.05,18.74,19.57,19.0,0.57,3.0,516870.37,1000444.836
300144.SZ,2021-02-24,19.58,19.95,19.19,19.75,19.57,0.18,0.9198,424931.53,832481.807
300144.SZ,2021-02-25,19.73,20.35,19.16,19.86,19.75,0.11,0.557,433725.36,858101.399
300144.SZ,2021-02-26,19.3,21.0,19.2,20.15,19.86,0.29,1.4602,567358.31,1156261.675
300144.SZ,2021-03-01,20.58,21.29,19.88,20.96,20.15,0.81,4.0199,443637.9,918697.059
300144.SZ,2021-03-02,20.91,23.04,20.81,22.4,20.96,1.44,6.8702,587590.2,1310453.087
300144.SZ,2021-03-03,22.3,22.36,21.52,21.84,22.4,-0.56,-2.5,397028.42,866321.541
300144.SZ,2021-03-04,21.7,21.97,21.08,21.38,21.84,-0.46,-2.1062,307482.07,661996.359
300144.SZ,2021-03-05,20.99,21.28,20.15,20.43,21.38,-0.95,-4.4434,419281.94,864371.621
300144.SZ,2021-03-08,20.72,21.57,20.2,20.33,20.43,-0.1,-0.4895,408189.93,853224.835
300144.SZ,2021-03-09,20.63,21.68,20.03,20.92,20.33,0.59,2.9021,542074.88,1133842.202
300144.SZ,2021-03-10,20.6,20.65,19.74,19.82,20.92,-1.1,-5.2581,427866.9,859359.28
300144.SZ,2021-03-11,19.84,20.3,19.72,19.93,19.82,0.11,0.555,314012.52,627154.572
300144.SZ,2021-03-12,19.94,20.59,19.93,20.06,19.93,0.13,0.6523,280857.6,567646.118
300144.SZ,2021-03-15,19.74,21.4,19.68,20.88,20.06,0.82,4.0877,508715.47,1061225.975
300144.SZ,2021-03-16,21.08,21.34,20.67,21.24,20.88,0.36,1.7241,324842.79,684268.058
300144.SZ,2021-03-17,21.0,21.19,20.13,20.41,21.24,-0.83,-3.9077,387995.13,798350.119
300144.SZ,2021-03-18,20.44,21.89,20.44,21.71,20.41,1.3,6.3694,479733.42,1024545.518
300144.SZ,2021-03-19,21.5,21.89,20.77,21.04,21.71,-0.67,-3.0861,379317.29,809247.977
300144.SZ,2021-03-22,21.08,22.08,20.93,21.4,21.04,0.36,1.711,322940.31,694344.57
300144.SZ,2021-03-23,21.32,21.54,20.56,20.95,21.4,-0.45,-2.1028,300514.07,627062.23
300144.SZ,2021-03-24,20.74,20.75,19.92,20.35,20.95,-0.6,-2.864,320919.8,649984.409
300144.SZ,2021-03-25,20.02,20.72,20.01,20.44,20.35,0.09,0.4423,200023.52,408917.702
300144.SZ,2021-03-26,20.41,20.86,20.39,20.58,20.44,0.14,0.6849,207421.79,427559.78
300144.SZ,2021-03-29,20.62,21.84,20.62,21.57,20.58,0.99,4.8105,416462.76,890968.136
300144.SZ,2021-03-30,21.69,22.05,21.43,21.61,21.57,0.04,0.1854,238329.66,517812.602
300144.SZ,2021-03-31,21.76,22.05,21.23,21.44,21.61,-0.17,-0.7867,264966.71,570986.619
300144.SZ,2021-04-01,21.37,21.55,20.85,21.48,21.44,0.04,0.1866,213456.34,453107.344
300144.SZ,2021-04-02,21.58,21.88,21.27,21.58,21.48,0.1,0.4655,217476.5,469041.987
300144.SZ,2021-04-06,21.6,21.7,21.18,21.22,21.58,-0.36,-1.6682,179136.12,383663.553
300144.SZ,2021-04-07,21.09,21.35,20.94,21.2,21.22,-0.02,-0.0943,142003.79,300304.581
300144.SZ,2021-04-08,21.0,21.64,20.98,21.49,21.2,0.29,1.3679,185420.2,396595.453
300144.SZ,2021-04-09,21.5,22.6,21.49,22.52,21.49,1.03,4.7929,356302.93,794411.713
300144.SZ,2021-04-12,22.65,22.95,21.58,21.7,22.52,-0.82,-3.6412,295433.37,653061.333
300144.SZ,2021-04-13,21.69,22.1,19.08,19.25,21.7,-2.45,-11.2903,751071.78,1511248.678
300144.SZ,2021-04-14,19.52,20.58,19.52,20.4,19.25,1.15,5.974,474022.34,957255.978
300144.SZ,2021-04-15,20.36,20.36,19.8,20.12,20.4,-0.28,-1.3725,227102.23,454484.199
300144.SZ,2021-04-16,20.1,20.36,19.9,20.08,20.12,-0.04,-0.1988,199417.34,400511.746
300144.SZ,2021-04-19,20.41,20.99,19.95,20.75,20.08,0.67,3.3367,306979.61,633842.325
300144.SZ,2021-04-20,20.59,21.15,20.33,20.86,20.75,0.11,0.5301,228258.27,474664.844
300144.SZ,2021-04-21,20.73,21.89,20.69,21.81,20.86,0.95,4.5542,331304.67,711693.843
300144.SZ,2021-04-22,21.85,22.0,21.14,21.83,21.81,0.02,0.0917,271015.24,584591.744
300144.SZ,2021-04-23,21.51,21.97,20.38,20.95,21.83,-0.88,-4.0311,412462.71,868135.401
300144.SZ,2021-04-26,20.88,22.13,20.82,21.64,20.95,0.69,3.2936,481558.58,1048154.978
300144.SZ,2021-04-27,21.74,21.85,21.05,21.48,21.64,-0.16,-0.7394,185124.69,395471.587
300144.SZ,2021-04-28,21.37,21.88,20.94,21.8,21.48,0.32,1.4898,239776.38,516532.1
300144.SZ,2021-04-29,21.83,22.25,21.45,21.99,21.8,0.19,0.8716,243139.06,532562.695
300144.SZ,2021-04-30,21.87,22.18,21.29,21.73,21.99,-0.26,-1.1824,351084.4,762956.352
300144.SZ,2021-05-06,21.6,21.63,20.12,20.56,21.73,-1.17,-5.3843,345317.61,713018.727
300144.SZ,2021-05-07,20.42,20.62,19.39,19.45,20.56,-1.11,-5.3988,330047.23,656874.751
300144.SZ,2021-05-10,19.42,20.21,19.35,19.8,19.45,0.35,1.7995,232725.98,463254.96
300144.SZ,2021-05-11,19.61,19.72,19.18,19.58,19.8,-0.22,-1.1111,139013.9,270457.266
300144.SZ,2021-05-12,19.45,19.62,18.86,18.9,19.58,-0.68,-3.4729,260948.9,498605.998
300144.SZ,2021-05-13,18.68,19.0,18.53,18.6,18.9,-0.3,-1.5873,144707.41,271213.172
300144.SZ,2021-05-14,18.61,19.04,18.57,18.89,18.6,0.29,1.5591,154117.32,290814.239
300144.SZ,2021-05-17,18.66,18.66,18.11,18.5,18.89,-0.39,-2.0646,409498.67,752295.93
300144.SZ,2021-05-18,18.62,19.22,18.32,19.17,18.5,0.67,3.6216,209305.84,394072.407
300144.SZ,2021-05-19,19.22,19.26,18.83,19.07,19.17,-0.1,-0.5216,156461.89,297586.416
300144.SZ,2021-05-20,19.0,19.13,18.17,18.37,19.07,-0.7,-3.6707,394422.86,727931.839
300144.SZ,2021-05-21,18.44,18.59,18.1,18.14,18.37,-0.23,-1.252,184860.32,337172.996
300144.SZ,2021-05-24,18.04,18.25,17.75,18.19,18.14,0.05,0.2756,197079.89,355994.323
300144.SZ,2021-05-25,18.14,18.55,18.04,18.46,18.19,0.27,1.4843,290288.45,532173.72
300144.SZ,2021-05-26,18.46,18.71,17.9,18.43,18.46,-0.03,-0.1625,286152.97,522224.639
300144.SZ,2021-05-27,18.4,18.55,18.13,18.26,18.43,-0.17,-0.9224,266083.87,487002.756
300144.SZ,2021-05-28,18.37,18.55,17.78,17.87,18.26,-0.39,-2.1358,313742.47,568015.688
300144.SZ,2021-05-31,17.7,17.84,17.19,17.72,17.87,-0.15,-0.8394,400581.9,701345.764
300144.SZ,2021-06-01,17.84,18.4,17.55,18.28,17.72,0.56,3.1603,367641.21,662848.289
300144.SZ,2021-06-02,18.13,18.15,17.7,17.77,18.23,-0.46,-2.5233,235497.1,422142.537
300144.SZ,2021-06-03,17.96,18.26,17.8,18.07,17.77,0.3,1.6882,281366.18,507750.423
300144.SZ,2021-06-04,18.14,18.2,17.86,17.99,18.07,-0.08,-0.4427,192916.93,347287.957
300144.SZ,2021-06-07,18.05,18.25,17.69,18.1,17.99,0.11,0.6115,225748.58,406264.234
300144.SZ,2021-06-08,18.11,18.35,17.95,18.16,18.1,0.06,0.3315,218444.99,397526.624
300144.SZ,2021-06-09,18.05,18.08,17.3,17.37,18.16,-0.79,-4.3502,462702.92,810116.153
300144.SZ,2021-06-10,17.37,17.48,16.99,17.05,17.37,-0.32,-1.8423,319905.35,548193.944
300144.SZ,2021-06-11,17.29,17.34,16.79,16.95,17.05,-0.1,-0.5865,248206.51,423281.479
300144.SZ,2021-06-15,17.01,17.07,16.45,16.56,16.95,-0.39,-2.3009,312283.15,520352.341
300144.SZ,2021-06-16,16.73,17.32,16.66,17.03,16.56,0.47,2.8382,302405.46,514471.657
300144.SZ,2021-06-17,17.0,17.27,16.8,16.87,17.03,-0.16,-0.9395,177277.75,300905.537
300144.SZ,2021-06-18,16.83,17.36,16.76,17.14,16.87,0.27,1.6005,203740.18,348430.556
300144.SZ,2021-06-21,17.05,17.1,16.68,16.84,17.14,-0.3,-1.7503,209185.79,351680.963
300144.SZ,2021-06-22,16.8,17.02,16.58,16.66,16.84,-0.18,-1.0689,235683.9,394357.352
300144.SZ,2021-06-23,16.75,17.39,16.7,17.25,16.66,0.59,3.5414,396207.97,677000.631
300144.SZ,2021-06-24,17.3,17.35,16.78,16.92,17.25,-0.33,-1.913,246597.11,417796.529
300144.SZ,2021-06-25,16.92,17.4,16.74,17.13,16.92,0.21,1.2411,256483.93,437588.537
300144.SZ,2021-06-28,17.12,17.23,16.53,16.7,17.13,-0.43,-2.5102,324484.01,545431.698
300144.SZ,2021-06-29,16.69,16.85,16.24,16.72,16.7,0.02,0.1198,331515.22,547943.016
300144.SZ,2021-06-30,16.71,16.88,16.51,16.8,16.72,0.08,0.4785,183001.27,306277.421
300144.SZ,2021-07-01,16.82,17.35,16.6,17.07,16.8,0.27,1.6071,324769.1,553792.008
300144.SZ,2021-07-02,17.15,17.28,16.11,16.16,17.07,-0.91,-5.331,517463.75,854502.455
300144.SZ,2021-07-05,16.05,16.16,15.55,15.78,16.16,-0.38,-2.3515,366535.31,578785.923
300144.SZ,2021-07-06,15.67,15.92,15.4,15.87,15.78,0.09,0.5703,265526.47,415606.352
300144.SZ,2021-07-07,15.65,16.32,15.62,16.04,15.87,0.17,1.0712,242908.51,388669.196
300144.SZ,2021-07-08,16.04,16.28,15.85,16.0,16.04,-0.04,-0.2494,225176.02,360188.941
300144.SZ,2021-07-09,15.96,16.07,15.75,15.9,16.0,-0.1,-0.625,184776.73,293438.95
300144.SZ,2021-07-12,16.0,16.38,15.81,16.19,15.9,0.29,1.8239,319627.15,516541.439
300144.SZ,2021-07-13,16.22,16.54,16.13,16.4,16.19,0.21,1.2971,242813.92,397573.504
300144.SZ,2021-07-14,16.55,16.61,16.12,16.17,16.4,-0.23,-1.4024,281890.0,459506.838
300144.SZ,2021-07-15,16.15,16.37,16.03,16.15,16.17,-0.02,-0.1237,234714.45,379275.398
300144.SZ,2021-07-16,16.21,16.99,16.14,16.79,16.15,0.64,3.9628,394296.09,657686.238
300144.SZ,2021-07-19,17.01,17.57,16.8,17.46,16.79,0.67,3.9905,416291.93,719133.318
300144.SZ,2021-07-20,17.28,17.43,17.07,17.21,17.46,-0.25,-1.4318,188422.33,324642.15
300144.SZ,2021-07-21,17.02,17.05,16.22,16.36,17.21,-0.85,-4.939,472735.89,783093.782
300144.SZ,2021-07-22,16.23,16.54,16.06,16.22,16.36,-0.14,-0.8557,264160.43,428919.137
300144.SZ,2021-07-23,16.2,16.2,15.6,15.77,16.22,-0.45,-2.7744,295638.42,466396.979
300144.SZ,2021-07-26,15.46,15.52,14.54,14.73,15.77,-1.04,-6.5948,482491.46,721315.837
300144.SZ,2021-07-27,14.73,14.8,13.97,14.01,14.73,-0.72,-4.888,545994.11,775085.711
300144.SZ,2021-07-28,13.8,13.96,13.06,13.23,14.01,-0.78,-5.5675,441862.89,593568.478
300144.SZ,2021-07-29,13.33,13.43,12.89,13.33,13.23,0.1,0.7559,460762.44,607960.694
300144.SZ,2021-07-30,13.0,13.13,12.67,12.67,13.33,-0.66,-4.9512,421547.58,540778.291
300144.SZ,2021-08-02,12.0,12.76,11.85,12.6,12.67,-0.07,-0.5525,491880.73,609193.127
300144.SZ,2021-08-03,12.56,13.25,12.48,13.01,12.6,0.41,3.254,401669.16,521313.371
300144.SZ,2021-08-04,12.93,13.0,12.71,12.81,13.01,-0.2,-1.5373,212837.57,272941.202
300144.SZ,2021-08-05,12.78,13.13,12.67,12.77,12.81,-0.04,-0.3123,206624.51,266121.544
300144.SZ,2021-08-06,12.67,12.88,12.38,12.6,12.77,-0.17,-1.3312,180407.62,227468.582
300144.SZ,2021-08-09,12.5,13.47,12.5,13.33,12.6,0.73,5.7937,356209.67,465577.388
300144.SZ,2021-08-10,13.3,13.51,13.15,13.4,13.33,0.07,0.5251,159768.8,212771.386
300144.SZ,2021-08-11,13.45,13.54,13.16,13.25,13.4,-0.15,-1.1194,171100.61,227780.285
300144.SZ,2021-08-12,13.25,13.38,12.96,12.99,13.25,-0.26,-1.9623,148114.39,193860.971
300144.SZ,2021-08-13,12.94,13.19,12.75,12.81,12.99,-0.18,-1.3857,183012.53,235760.104
300144.SZ,2021-08-16,12.81,13.38,12.81,13.19,12.81,0.38,2.9664,245029.2,323252.395
300144.SZ,2021-08-17,13.32,14.14,13.23,13.49,13.19,0.3,2.2745,430973.15,589309.927
300144.SZ,2021-08-18,13.51,14.03,13.41,13.76,13.49,0.27,2.0015,240157.38,329445.167
300144.SZ,2021-08-19,13.69,13.87,13.45,13.56,13.76,-0.2,-1.4535,150370.15,204800.519
300144.SZ,2021-08-20,13.6,13.76,13.36,13.61,13.56,0.05,0.3687,188422.95,254271.61
300144.SZ,2021-08-23,13.77,14.29,13.65,13.92,13.61,0.31,2.2777,285671.5,399846.748
300144.SZ,2021-08-24,13.88,14.1,13.74,13.95,13.92,0.03,0.2155,191686.38,266644.051
300144.SZ,2021-08-25,13.88,14.55,13.87,14.23,13.95,0.28,2.0072,268222.78,382476.791
300144.SZ,2021-08-26,14.26,14.85,13.96,14.7,14.23,0.47,3.3029,315111.58,455184.417
300144.SZ,2021-08-27,14.5,14.83,14.3,14.53,14.7,-0.17,-1.1565,342344.28,498507.861
300144.SZ,2021-08-30,14.49,15.58,14.49,15.25,14.53,0.72,4.9553,482021.2,730570.406
300144.SZ,2021-08-31,15.18,15.51,15.03,15.28,15.25,0.03,0.1967,270791.71,413993.875
300144.SZ,2021-09-01,15.3,15.85,15.3,15.7,15.28,0.42,2.7487,331921.27,518077.334
300144.SZ,2021-09-02,15.61,15.7,14.8,15.47,15.7,-0.23,-1.465,400449.56,610026.866
300144.SZ,2021-09-03,15.34,16.27,15.24,16.07,15.47,0.6,3.8785,430783.37,683068.27
300144.SZ,2021-09-06,16.17,16.6,15.82,16.12,16.07,0.05,0.3111,299743.9,486178.714
300144.SZ,2021-09-07,16.06,16.33,15.87,15.99,16.12,-0.13,-0.8065,224037.82,360139.64
300144.SZ,2021-09-08,16.11,16.35,15.67,16.05,15.99,0.06,0.3752,288966.73,462829.513
300144.SZ,2021-09-09,16.24,16.25,15.81,15.97,16.05,-0.08,-0.4984,155644.42,248434.233
300144.SZ,2021-09-10,16.0,16.7,16.0,16.45,15.97,0.48,3.0056,367943.75,606525.322
300144.SZ,2021-09-13,15.4,15.65,14.93,15.2,16.45,-1.25,-7.5988,521476.45,792945.478
300144.SZ,2021-09-14,14.8,15.29,14.8,14.89,15.2,-0.31,-2.0395,244905.38,368194.61
300144.SZ,2021-09-15,14.89,15.0,14.48,14.6,14.89,-0.29,-1.9476,285875.33,419841.252
300144.SZ,2021-09-16,14.75,14.92,14.6,14.72,14.6,0.12,0.8219,174418.64,257657.189
300144.SZ,2021-09-17,14.67,14.82,14.24,14.45,14.72,-0.27,-1.8342,204825.32,295750.929
300144.SZ,2021-09-22,14.33,14.43,13.9,13.96,14.45,-0.49,-3.391,203717.36,286346.982
300144.SZ,2021-09-23,14.19,14.5,14.09,14.38,13.96,0.42,3.0086,182611.33,261328.318
300144.SZ,2021-09-24,14.31,14.7,14.15,14.45,14.38,0.07,0.4868,206311.58,298212.814
300144.SZ,2021-09-27,14.57,14.9,14.23,14.25,14.45,-0.2,-1.3841,210779.49,306716.822
300144.SZ,2021-09-28,14.31,14.64,14.09,14.43,14.25,0.18,1.2632,140526.82,202392.328
300144.SZ,2021-09-29,14.4,14.4,14.07,14.08,14.43,-0.35,-2.4255,151094.71,214641.723
300144.SZ,2021-09-30,14.15,14.34,13.96,14.08,14.08,0.0,0.0,168096.91,237662.035
300144.SZ,2021-10-08,14.6,15.37,14.43,14.87,14.08,0.79,5.6108,436752.88,651207.931
300144.SZ,2021-10-11,14.9,15.04,14.43,14.65,14.87,-0.22,-1.4795,258940.59,379832.9
300144.SZ,2021-10-12,14.48,14.65,14.27,14.41,14.65,-0.24,-1.6382,146939.04,212548.417
300144.SZ,2021-10-13,14.42,15.07,14.37,14.93,14.41,0.52,3.6086,180239.2,266431.154
300144.SZ,2021-10-14,14.94,15.8,14.87,15.62,14.93,0.69,4.6216,352310.16,546823.894
300144.SZ,2021-10-15,15.49,15.73,15.35,15.47,15.62,-0.15,-0.9603,229711.9,355743.008
300144.SZ,2021-10-18,15.15,15.35,14.65,14.78,15.47,-0.69,-4.4602,301435.87,450291.634
300144.SZ,2021-10-19,14.66,14.83,14.36,14.67,14.78,-0.11,-0.7442,211981.8,309568.115
300144.SZ,2021-10-20,14.67,14.78,13.71,13.86,14.67,-0.81,-5.5215,448232.95,625802.74
300144.SZ,2021-10-21,13.85,14.46,13.79,14.15,13.86,0.29,2.0924,302243.56,427317.44
300144.SZ,2021-10-22,14.1,14.43,14.06,14.18,14.15,0.03,0.212,216740.93,308502.413
300144.SZ,2021-10-25,13.97,14.25,13.68,14.17,14.18,-0.01,-0.0705,266982.7,374498.409
300144.SZ,2021-10-26,14.23,14.23,13.89,13.93,14.17,-0.24,-1.6937,173764.54,243461.918
300144.SZ,2021-10-27,13.98,13.99,13.61,13.74,13.93,-0.19,-1.364,170247.5,234959.412
300144.SZ,2021-10-28,13.74,14.0,13.7,13.89,13.74,0.15,1.0917,214539.15,297501.48
300144.SZ,2021-10-29,13.86,14.08,13.7,14.0,13.89,0.11,0.7919,231032.37,321644.218
300144.SZ,2021-11-01,13.6,14.05,13.31,13.81,14.0,-0.19,-1.3571,301054.1,412031.472
300144.SZ,2021-11-02,13.84,13.92,13.25,13.34,13.81,-0.47,-3.4033,266755.59,360711.847
300144.SZ,2021-11-03,13.18,13.64,13.15,13.61,13.34,0.27,2.024,177164.36,239041.975
300144.SZ,2021-11-04,13.64,13.9,13.18,13.25,13.61,-0.36,-2.6451,319088.11,428888.404
300144.SZ,2021-11-05,13.35,13.64,13.25,13.47,13.25,0.22,1.6604,240247.88,323445.874
300144.SZ,2021-11-08,14.05,14.73,14.05,14.25,13.47,0.78,5.7906,704986.98,1011622.1
300144.SZ,2021-11-09,14.13,14.7,14.06,14.49,14.25,0.24,1.6842,444127.97,640685.971
300144.SZ,2021-11-10,14.27,14.48,13.99,14.3,14.49,-0.19,-1.3112,319174.0,453454.622
300144.SZ,2021-11-11,14.35,14.37,14.02,14.27,14.3,-0.03,-0.2098,292268.75,414975.122
300144.SZ,2021-11-12,14.15,14.67,14.09,14.55,14.27,0.28,1.9622,269575.32,388468.472
300144.SZ,2021-11-15,14.45,14.9,14.38,14.79,14.55,0.24,1.6495,297280.74,436247.425
300144.SZ,2021-11-16,14.77,14.93,14.53,14.56,14.79,-0.23,-1.5551,199204.23,293336.662
300144.SZ,2021-11-17,14.57,15.17,14.56,14.95,14.56,0.39,2.6786,338149.71,505418.507
300144.SZ,2021-11-18,14.86,14.98,14.42,14.47,14.95,-0.48,-3.2107,244967.65,358801.852
300144.SZ,2021-11-19,14.5,14.58,14.25,14.32,14.47,-0.15,-1.0366,191175.08,274105.078
300144.SZ,2021-11-22,14.28,14.63,14.22,14.54,14.32,0.22,1.5363,256196.14,369538.682
300144.SZ,2021-11-23,14.69,14.89,14.32,14.36,14.54,-0.18,-1.238,261296.64,379181.183
300144.SZ,2021-11-24,14.28,14.61,14.27,14.51,14.36,0.15,1.0446,194628.9,281633.136
300144.SZ,2021-11-25,14.52,14.64,14.3,14.33,14.51,-0.18,-1.2405,188237.97,272230.068
300144.SZ,2021-11-26,13.8,14.08,13.7,13.98,14.33,-0.35,-2.4424,276507.57,385029.67
300144.SZ,2021-11-29,13.45,13.57,13.13,13.15,13.98,-0.83,-5.9371,574736.23,766424.387
300144.SZ,2021-11-30,13.28,13.39,13.17,13.2,13.15,0.05,0.3802,206169.28,273254.033
300144.SZ,2021-12-01,13.23,13.37,13.06,13.33,13.2,0.13,0.9848,156148.32,206818.928
300144.SZ,2021-12-02,13.34,13.39,13.0,13.07,13.33,-0.26,-1.9505,194312.54,255883.614
300144.SZ,2021-12-03,13.11,13.33,13.03,13.32,13.07,0.25,1.9128,167063.25,220291.72
300144.SZ,2021-12-06,13.17,13.4,13.17,13.29,13.32,-0.03,-0.2252,152489.46,202486.881
300144.SZ,2021-12-07,13.48,13.77,13.34,13.61,13.29,0.32,2.4078,257020.0,349567.255
300144.SZ,2021-12-08,13.45,13.76,13.41,13.69,13.61,0.08,0.5878,141304.55,192434.587
300144.SZ,2021-12-09,13.8,14.2,13.8,14.0,13.69,0.31,2.2644,259087.48,363634.755
300144.SZ,2021-12-10,13.87,14.09,13.74,13.87,14.0,-0.13,-0.9286,181388.99,251823.143
300144.SZ,2021-12-13,13.7,13.94,13.54,13.79,13.87,-0.08,-0.5768,174448.56,240382.715
300144.SZ,2021-12-14,13.69,13.86,13.6,13.75,13.79,-0.04,-0.2901,141591.89,194205.058
300144.SZ,2021-12-15,13.7,14.05,13.63,13.82,13.75,0.07,0.5091,176755.31,244050.648
300144.SZ,2021-12-16,13.63,15.08,13.56,14.61,13.82,0.79,5.7164,728374.91,1048565.336
300144.SZ,2021-12-17,14.6,14.69,13.99,14.06,14.61,-0.55,-3.7645,403130.96,574745.451
300144.SZ,2021-12-20,13.81,14.02,13.32,13.36,14.06,-0.7,-4.9787,352899.68,479985.353
300144.SZ,2021-12-21,13.44,13.76,13.35,13.7,13.36,0.34,2.5449,237777.45,323673.882
300144.SZ,2021-12-22,13.73,14.47,13.71,13.99,13.7,0.29,2.1168,357020.55,504980.905
300144.SZ,2021-12-23,14.0,14.2,13.65,13.73,13.99,-0.26,-1.8585,195025.12,268770.016
300144.SZ,2021-12-24,13.83,14.08,13.71,13.98,13.73,0.25,1.8208,187636.14,260760.976
300144.SZ,2021-12-27,13.95,14.35,13.87,14.21,13.98,0.23,1.6452,266191.04,377065.236
300144.SZ,2021-12-28,14.27,14.33,14.13,14.18,14.21,-0.03,-0.2111,198210.45,281660.39
300144.SZ,2021-12-29,14.2,14.4,14.0,14.26,14.18,0.08,0.5642,239279.52,340622.608
300144.SZ,2021-12-30,14.24,14.68,14.12,14.33,14.26,0.07,0.4909,369186.85,529405.509
300144.SZ,2021-12-31,14.23,14.44,14.16,14.32,14.33,-0.01,-0.0698,226241.44,323151.177
300144.SZ,2022-01-04,14.3,15.33,14.23,15.2,14.32,0.88,6.1453,662900.66,987350.549
300144.SZ,2022-01-05,15.08,15.55,15.01,15.27,15.2,0.07,0.4605,525219.18,803626.708
300144.SZ,2022-01-06,15.26,15.43,14.89,15.32,15.27,0.05,0.3274,362551.75,549612.605
300144.SZ,2022-01-07,15.17,15.52,15.05,15.13,15.32,-0.19,-1.2402,356705.32,545991.077
300144.SZ,2022-01-10,14.78,15.16,14.48,15.08,15.13,-0.05,-0.3305,411221.82,612970.502
300144.SZ,2022-01-11,15.1,15.17,14.81,14.84,15.08,-0.24,-1.5915,205914.69,308220.693
300144.SZ,2022-01-12,14.93,15.53,14.81,15.39,14.84,0.55,3.7062,383357.43,588023.845
300144.SZ,2022-01-13,15.31,15.6,15.1,15.1,15.39,-0.29,-1.8843,230579.39,352678.816
300144.SZ,2022-01-14,15.02,15.28,14.6,14.74,15.1,-0.36,-2.3841,319787.68,473875.637
300144.SZ,2022-01-17,14.6,14.94,14.6,14.86,14.74,0.12,0.8141,223606.62,330988.384
300144.SZ,2022-01-18,14.81,15.12,14.53,15.07,14.86,0.21,1.4132,281712.76,417143.115
300144.SZ,2022-01-19,14.93,15.4,14.91,15.27,15.07,0.2,1.3271,289887.57,440807.402
300144.SZ,2022-01-20,15.2,15.78,15.13,15.63,15.27,0.36,2.3576,405735.18,631323.564
300144.SZ,2022-01-21,16.2,16.4,15.67,15.87,15.63,0.24,1.5355,618524.4,987937.154
300144.SZ,2022-01-24,15.55,16.2,15.53,15.7,15.87,-0.17,-1.0712,408581.92,646693.51
300144.SZ,2022-01-25,15.6,15.91,15.3,15.3,15.7,-0.4,-2.5478,328456.21,510451.82
300144.SZ,2022-01-26,15.47,15.63,14.75,15.05,15.3,-0.25,-1.634,382224.13,575508.058
300144.SZ,2022-01-27,14.89,15.1,14.42,14.48,15.05,-0.57,-3.7874,266262.55,391755.536
300144.SZ,2022-01-28,14.46,15.55,14.35,15.29,14.48,0.81,5.5939,441315.13,666708.948
300144.SZ,2022-02-07,15.31,15.33,14.65,15.07,15.29,-0.22,-1.4388,322359.8,483372.724
300144.SZ,2022-02-08,15.08,16.16,15.08,15.9,15.07,0.83,5.5076,510894.65,805969.372
300144.SZ,2022-02-09,15.7,16.35,15.69,16.27,15.9,0.37,2.327,462812.22,743762.636
300144.SZ,2022-02-10,16.21,17.36,16.06,16.98,16.27,0.71,4.3639,699420.37,1167109.952
300144.SZ,2022-02-11,16.86,18.05,16.77,17.11,16.98,0.13,0.7656,778733.14,1350425.609
300144.SZ,2022-02-14,17.32,17.79,16.33,16.51,17.11,-0.6,-3.5067,773805.18,1307997.656
300144.SZ,2022-02-15,16.19,16.41,15.83,16.24,16.51,-0.27,-1.6354,378308.66,610921.747
300144.SZ,2022-02-16,16.25,16.66,16.16,16.37,16.24,0.13,0.8005,309309.51,507882.626
300144.SZ,2022-02-17,16.3,16.3,15.64,15.76,16.37,-0.61,-3.7263,464283.19,734734.313
300144.SZ,2022-02-18,15.61,15.92,15.56,15.84,15.76,0.08,0.5076,267549.46,421577.389
300144.SZ,2022-02-21,15.7,16.15,15.63,15.9,15.84,0.06,0.3788,237181.14,377556.62
300144.SZ,2022-02-22,15.68,16.0,15.24,15.59,15.9,-0.31,-1.9497,306876.61,477363.901
300144.SZ,2022-02-23,15.64,15.73,15.37,15.44,15.59,-0.15,-0.9622,268434.77,415421.139
300144.SZ,2022-02-24,15.35,15.64,14.86,15.13,15.44,-0.31,-2.0078,348041.85,530706.949
300144.SZ,2022-02-25,15.34,15.52,15.15,15.44,15.13,0.31,2.0489,225062.13,344985.022
300144.SZ,2022-02-28,15.25,15.54,14.9,15.5,15.44,0.06,0.3886,242358.32,366849.801
300144.SZ,2022-03-01,15.38,15.74,15.38,15.66,15.5,0.16,1.0323,274427.12,427605.941
300144.SZ,2022-03-02,15.5,15.79,15.11,15.26,15.66,-0.4,-2.5543,302389.06,465531.894
300144.SZ,2022-03-03,15.36,16.15,15.36,16.0,15.26,0.74,4.8493,489895.36,775933.169
300144.SZ,2022-03-04,15.77,16.12,15.74,15.99,16.0,-0.01,-0.0625,274921.52,438129.673
300144.SZ,2022-03-07,15.65,15.66,14.48,14.5,15.99,-1.49,-9.3183,487861.31,734003.303
300144.SZ,2022-03-08,14.55,14.69,13.71,13.9,14.5,-0.6,-4.1379,589425.34,832866.134
300144.SZ,2022-03-09,13.89,14.0,12.9,13.44,13.9,-0.46,-3.3094,540601.04,727456.202
300144.SZ,2022-03-10,13.64,13.75,13.39,13.41,13.44,-0.03,-0.2232,332323.02,450539.985
300144.SZ,2022-03-11,12.9,13.75,12.81,13.63,13.41,0.22,1.6406,343928.7,454228.998
300144.SZ,2022-03-14,13.0,13.38,12.72,12.96,13.63,-0.67,-4.9156,414600.73,540278.543
300144.SZ,2022-03-15,12.81,13.12,12.25,12.25,12.96,-0.71,-5.4784,406726.58,516229.758
300144.SZ,2022-03-16,12.68,13.53,12.52,13.49,12.25,1.24,10.1224,579601.96,751380.667
300144.SZ,2022-03-17,13.58,13.94,13.32,13.43,13.49,-0.06,-0.4448,508487.84,689607.331
300144.SZ,2022-03-18,13.25,14.07,13.15,13.82,13.43,0.39,2.9039,385004.03,530567.298
300144.SZ,2022-03-21,13.67,14.17,13.61,14.04,13.82,0.22,1.5919,338769.94,470659.113
300144.SZ,2022-03-22,13.76,14.05,13.7,13.77,14.04,-0.27,-1.9231,241323.94,334296.248
300144.SZ,2022-03-23,13.82,13.86,13.54,13.69,13.77,-0.08,-0.581,245502.83,335611.213
300144.SZ,2022-03-24,13.6,13.77,13.27,13.32,13.69,-0.37,-2.7027,278801.02,374359.518
300144.SZ,2022-03-25,13.41,13.63,13.25,13.3,13.32,-0.02,-0.1502,211414.69,283052.23
300144.SZ,2022-03-28,13.08,13.52,12.75,13.24,13.3,-0.06,-0.4511,263456.3,346431.354
300144.SZ,2022-03-29,13.23,13.62,13.1,13.18,13.24,-0.06,-0.4532,218168.35,291835.486
300144.SZ,2022-03-30,13.43,13.57,13.11,13.53,13.18,0.35,2.6555,237496.53,319213.023
300144.SZ,2022-03-31,13.43,13.63,13.13,13.21,13.53,-0.32,-2.3651,217085.74,289778.402
300144.SZ,2022-04-01,13.13,13.82,13.11,13.71,13.21,0.5,3.785,348119.19,473871.742
300144.SZ,2022-04-06,13.48,14.03,13.43,13.9,13.71,0.19,1.3858,335156.01,462112.288
300144.SZ,2022-04-07,13.74,13.97,13.41,13.5,13.9,-0.4,-2.8777,288732.86,392849.32
300144.SZ,2022-04-08,13.55,13.62,13.04,13.56,13.5,0.06,0.4444,317438.69,423512.681
300144.SZ,2022-04-11,13.39,13.39,12.88,12.91,13.56,-0.65,-4.7935,341510.42,448582.834
300144.SZ,2022-04-12,13.02,14.4,13.0,14.0,12.91,1.09,8.4431,686851.96,938533.172
300144.SZ,2022-04-13,13.75,13.8,13.33,13.38,14.0,-0.62,-4.4286,463815.59,629866.97
300144.SZ,2022-04-14,13.49,14.0,13.28,13.81,13.38,0.43,3.2138,432453.23,595557.944
300144.SZ,2022-04-15,13.76,14.3,13.58,13.77,13.81,-0.04,-0.2896,391652.87,547289.665
300144.SZ,2022-04-18,13.54,14.34,13.51,14.17,13.77,0.4,2.9049,361814.11,510282.175
300144.SZ,2022-04-19,14.06,14.4,14.01,14.17,14.17,0.0,0.0,244893.38,347425.16
300144.SZ,2022-04-20,14.1,14.54,14.01,14.36,14.17,0.19,1.3409,389547.16,557433.183
300144.SZ,2022-04-21,14.37,14.45,13.75,13.87,14.36,-0.49,-3.4123,402953.05,564879.178
300144.SZ,2022-04-22,13.7,14.02,13.4,13.77,13.87,-0.1,-0.721,325540.49,447325.713
300144.SZ,2022-04-25,13.13,13.46,12.73,12.82,13.77,-0.95,-6.8991,472520.72,618438.778
300144.SZ,2022-04-26,12.97,13.08,11.9,11.95,12.82,-0.87,-6.7863,469286.86,580030.096
300144.SZ,2022-04-27,11.71,12.25,11.28,12.18,11.95,0.23,1.9247,455932.35,535383.556
300144.SZ,2022-04-28,12.03,12.46,11.81,12.0,12.18,-0.18,-1.4778,319816.81,385888.257
300144.SZ,2022-04-29,12.08,12.56,11.99,12.53,12.0,0.53,4.4167,299334.9,368358.76
300144.SZ,2022-05-05,12.3,12.43,11.96,12.28,12.53,-0.25,-1.9952,252881.76,310286.503
300144.SZ,2022-05-06,11.99,11.99,11.37,11.42,12.28,-0.86,-7.0033,384013.37,445997.299
300144.SZ,2022-05-09,11.19,11.48,11.13,11.29,11.42,-0.13,-1.1384,258771.92,292282.76
300144.SZ,2022-05-10,11.11,11.41,10.9,11.38,11.29,0.09,0.7972,312666.99,350795.229
300144.SZ,2022-05-11,11.44,12.12,11.39,11.74,11.38,0.36,3.1634,462107.45,549715.579
300144.SZ,2022-05-12,11.61,11.97,11.6,11.95,11.74,0.21,1.7888,222055.95,261516.104
300144.SZ,2022-05-13,11.84,12.02,11.66,11.99,11.95,0.04,0.3347,223826.48,264906.654
300144.SZ,2022-05-16,12.1,12.34,11.93,12.07,11.99,0.08,0.6672,272301.97,328841.905
300144.SZ,2022-05-17,11.94,12.06,11.56,11.82,12.07,-0.25,-2.0713,309107.16,362861.123
300144.SZ,2022-05-18,11.83,12.02,11.68,11.75,11.82,-0.07,-0.5922,271796.66,321193.585
300144.SZ,2022-05-19,11.5,11.75,11.46,11.59,11.75,-0.16,-1.3617,217789.58,252113.871
300144.SZ,2022-05-20,11.7,12.03,11.59,11.94,11.59,0.35,3.0198,363710.2,432192.169
300144.SZ,2022-05-23,11.88,11.96,11.74,11.92,11.94,-0.02,-0.1675,208749.75,247188.964
300144.SZ,2022-05-24,11.86,11.96,11.4,11.41,11.92,-0.51,-4.2785,323716.65,378354.744
300144.SZ,2022-05-25,11.39,11.79,11.36,11.65,11.41,0.24,2.1034,276725.17,320269.58
300144.SZ,2022-05-26,11.69,12.07,11.58,11.97,11.65,0.32,2.7468,322310.48,382936.594
300144.SZ,2022-05-27,12.07,12.43,11.95,12.19,11.97,0.22,1.8379,387082.31,472576.131
300144.SZ,2022-05-30,12.36,12.8,12.23,12.61,12.19,0.42,3.4454,404180.84,507083.821
300144.SZ,2022-05-31,12.48,12.85,12.43,12.78,12.61,0.17,1.3481,347062.45,441004.03
300144.SZ,2022-06-01,12.89,13.05,12.54,12.65,12.78,-0.13,-1.0172,285770.24,365076.946
300144.SZ,2022-06-02,12.52,12.68,12.27,12.63,12.6,0.03,0.2381,242778.6,302913.362
300144.SZ,2022-06-06,12.56,12.81,12.42,12.71,12.63,0.08,0.6334,268036.33,339249.936
300144.SZ,2022-06-07,12.8,12.83,12.55,12.68,12.71,-0.03,-0.236,196086.6,248315.975
300144.SZ,2022-06-08,12.7,12.96,12.55,12.89,12.68,0.21,1.6562,270371.83,344448.512
300144.SZ,2022-06-09,12.81,12.96,12.33,12.46,12.89,-0.43,-3.3359,314283.5,394537.9
300144.SZ,2022-06-10,12.56,12.74,12.4,12.74,12.46,0.28,2.2472,428168.0,537932.291
300144.SZ,2022-06-13,12.45,12.51,12.14,12.3,12.74,-0.44,-3.4537,393358.37,483533.225
300144.SZ,2022-06-14,12.12,12.36,12.03,12.35,12.3,0.05,0.4065,257086.0,313244.694
300144.SZ,2022-06-15,12.35,12.53,12.21,12.3,12.35,-0.05,-0.4049,370048.98,458286.196
300144.SZ,2022-06-16,12.33,12.6,12.28,12.48,12.3,0.18,1.4634,275689.89,343740.76
300144.SZ,2022-06-17,12.39,12.51,12.1,12.45,12.48,-0.03,-0.2404,303569.2,374006.726
300144.SZ,2022-06-20,12.43,13.1,12.39,12.94,12.45,0.49,3.9357,502783.51,646903.371
300144.SZ,2022-06-21,12.99,13.24,12.82,13.07,12.94,0.13,1.0046,385852.24,503749.423
300144.SZ,2022-06-22,13.2,13.56,12.88,12.91,13.07,-0.16,-1.2242,389403.96,514070.33
300144.SZ,2022-06-23,13.08,13.15,12.83,13.08,12.91,0.17,1.3168,286498.02,372548.822
300144.SZ,2022-06-24,13.2,13.91,13.02,13.8,13.08,0.72,5.5046,553659.24,749160.607
300144.SZ,2022-06-27,14.2,14.4,13.9,13.98,13.8,0.18,1.3043,705717.61,996577.248
300144.SZ,2022-06-28,13.92,15.24,13.88,14.96,13.98,0.98,7.01,838484.65,1221421.498
300144.SZ,2022-06-29,15.12,15.55,14.8,14.95,14.96,-0.01,-0.0668,896754.83,1357697.139
300144.SZ,2022-06-30,15.4,15.97,15.07,15.35,14.95,0.4,2.6756,831531.4,1292288.411
300144.SZ,2022-07-01,15.06,15.15,14.47,14.51,15.35,-0.84,-5.4723,708678.26,1043746.447
300144.SZ,2022-07-04,14.28,14.47,14.1,14.32,14.51,-0.19,-1.3094,446279.55,638563.685
300144.SZ,2022-07-05,14.3,14.65,14.22,14.4,14.32,0.08,0.5587,310339.96,446221.772
300144.SZ,2022-07-06,14.11,14.17,13.39,13.62,14.4,-0.78,-5.4167,619290.73,848477.921
300144.SZ,2022-07-07,13.69,13.86,13.5,13.63,13.62,0.01,0.0734,295187.11,403737.946
300144.SZ,2022-07-08,14.05,14.15,13.63,13.68,13.63,0.05,0.3668,317219.75,439075.984
300144.SZ,2022-07-11,13.37,13.4,12.93,13.1,13.68,-0.58,-4.2398,402231.92,527641.532
300144.SZ,2022-07-12,13.16,13.25,12.94,12.99,13.1,-0.11,-0.8397,252560.5,330562.641
300144.SZ,2022-07-13,13.02,13.19,12.95,13.01,12.99,0.02,0.154,217995.8,284309.066
300144.SZ,2022-07-14,13.03,13.24,12.85,13.05,13.01,0.04,0.3075,225045.41,293659.105
300144.SZ,2022-07-15,13.05,13.53,12.95,13.21,13.05,0.16,1.2261,354839.14,470470.45
300144.SZ,2022-07-18,13.16,13.2,12.88,13.04,13.21,-0.17,-1.2869,284624.42,370240.524
300144.SZ,2022-07-19,13.35,13.36,12.85,13.0,13.04,-0.04,-0.3067,328500.7,428314.577
300144.SZ,2022-07-20,13.01,13.78,12.95,13.4,13.0,0.4,3.0769,441999.21,594614.601
300144.SZ,2022-07-21,13.3,13.76,13.25,13.28,13.4,-0.12,-0.8955,281243.15,379189.137
300144.SZ,2022-07-22,13.28,13.87,13.22,13.53,13.28,0.25,1.8825,344465.55,468257.949
300144.SZ,2022-07-25,13.55,13.63,13.28,13.51,13.53,-0.02,-0.1478,205097.87,275710.46
300144.SZ,2022-07-26,13.86,13.99,13.55,13.73,13.51,0.22,1.6284,342404.2,470507.612
300144.SZ,2022-07-27,13.6,13.69,13.31,13.38,13.73,-0.35,-2.5492,255110.22,342803.477
300144.SZ,2022-07-28,13.41,13.59,13.35,13.41,13.38,0.03,0.2242,172729.77,232689.071
300144.SZ,2022-07-29,13.33,13.57,12.7,12.8,13.41,-0.61,-4.5488,398649.86,515756.325
300144.SZ,2022-08-01,12.85,13.04,12.76,12.93,12.8,0.13,1.0156,201873.99,260442.526
300144.SZ,2022-08-02,12.8,12.81,12.32,12.69,12.93,-0.24,-1.8561,362898.29,457103.557
300144.SZ,2022-08-03,12.69,12.86,12.27,12.3,12.69,-0.39,-3.0733,315896.87,394618.009
300144.SZ,2022-08-04,12.32,12.45,12.1,12.4,12.3,0.1,0.813,212192.3,260771.126
300144.SZ,2022-08-05,12.39,12.49,12.31,12.48,12.4,0.08,0.6452,167426.44,207590.707
300144.SZ,2022-08-08,12.18,12.49,12.16,12.36,12.48,-0.12,-0.9615,238599.52,293671.319
300144.SZ,2022-08-09,12.32,12.56,12.27,12.42,12.36,0.06,0.4854,167071.73,207081.686
300144.SZ,2022-08-10,12.43,12.54,12.32,12.41,12.42,-0.01,-0.0805,166831.78,207531.666
300144.SZ,2022-08-11,12.4,12.83,12.32,12.68,12.41,0.27,2.1757,220263.23,277568.373
300144.SZ,2022-08-12,12.65,12.78,12.6,12.76,12.68,0.08,0.6309,139292.69,176734.079
300144.SZ,2022-08-15,12.69,12.76,12.55,12.65,12.76,-0.11,-0.8621,134339.32,169736.266
300144.SZ,2022-08-16,12.69,12.7,12.38,12.52,12.65,-0.13,-1.0277,235294.71,294446.919
300144.SZ,2022-08-17,12.53,12.75,12.38,12.72,12.52,0.2,1.5974,198331.99,250222.574
300144.SZ,2022-08-18,12.65,12.69,12.4,12.46,12.72,-0.26,-2.044,183532.02,229589.872
300144.SZ,2022-08-19,12.47,12.53,12.4,12.48,12.46,0.02,0.1605,124164.85,154654.089
300144.SZ,2022-08-22,12.46,12.83,12.32,12.63,12.48,0.15,1.2019,267283.76,337547.076
300144.SZ,2022-08-23,12.55,12.75,12.48,12.73,12.63,0.1,0.7918,170986.41,216078.033
300144.SZ,2022-08-24,12.78,12.93,12.43,12.51,12.73,-0.22,-1.7282,221318.47,280650.297
300144.SZ,2022-08-25,12.55,12.64,12.37,12.6,12.51,0.09,0.7194,148356.41,185814.35
300144.SZ,2022-08-26,12.62,12.94,12.6,12.72,12.6,0.12,0.9524,296083.44,377974.524
300144.SZ,2022-08-29,12.5,12.87,12.47,12.79,12.72,0.07,0.5503,217379.14,276019.422
300144.SZ,2022-08-30,12.76,12.82,12.55,12.58,12.79,-0.21,-1.6419,203375.66,257309.267
300144.SZ,2022-08-31,12.66,12.78,12.53,12.69,12.58,0.11,0.8744,219143.89,277695.318
300144.SZ,2022-09-01,12.59,12.67,12.15,12.17,12.69,-0.52,-4.0977,310739.86,384752.894
300144.SZ,2022-09-02,12.1,12.16,11.8,12.05,12.17,-0.12,-0.986,315748.93,378442.56
300144.SZ,2022-09-05,11.98,12.04,11.76,11.89,12.05,-0.16,-1.3278,147288.85,174583.034
300144.SZ,2022-09-06,11.96,12.1,11.87,12.07,11.89,0.18,1.5139,174451.54,209603.296
300144.SZ,2022-09-07,12.01,12.27,11.99,12.14,12.07,0.07,0.58,154804.83,187781.33
300144.SZ,2022-09-08,12.17,12.76,12.16,12.6,12.14,0.46,3.7891,419953.3,527160.038
300144.SZ,2022-09-09,12.54,12.7,12.35,12.66,12.6,0.06,0.4762,258852.34,325108.771
300144.SZ,2022-09-13,12.7,12.92,12.56,12.88,12.66,0.22,1.7378,243876.54,311879.557
300144.SZ,2022-09-14,12.75,12.95,12.69,12.77,12.88,-0.11,-0.854,184518.25,236286.863
300144.SZ,2022-09-15,12.86,13.0,12.56,12.74,12.77,-0.03,-0.2349,221534.27,282633.299
300144.SZ,2022-09-16,12.69,12.98,12.53,12.56,12.74,-0.18,-1.4129,258467.82,330090.438
300144.SZ,2022-09-19,12.45,12.77,12.44,12.59,12.56,0.03,0.2389,213416.78,269339.393
300144.SZ,2022-09-20,12.65,12.93,12.47,12.85,12.59,0.26,2.0651,277024.62,352656.397
300144.SZ,2022-09-21,12.74,12.82,12.36,12.58,12.85,-0.27,-2.1012,256509.18,322050.675
300144.SZ,2022-09-22,12.47,12.57,12.11,12.13,12.58,-0.45,-3.5771,188092.08,230803.117
300144.SZ,2022-09-23,12.09,12.39,11.9,12.02,12.13,-0.11,-0.9068,188371.85,228638.678
300144.SZ,2022-09-26,11.99,12.58,11.99,12.34,12.02,0.32,2.6622,298367.27,368987.699
300144.SZ,2022-09-27,12.25,13.14,12.22,13.06,12.34,0.72,5.8347,520446.51,663510.728
300144.SZ,2022-09-28,12.91,13.23,12.74,12.77,13.06,-0.29,-2.2205,378591.89,490018.529
300144.SZ,2022-09-29,12.88,12.9,12.23,12.3,12.77,-0.47,-3.6805,307306.38,383821.176
300144.SZ,2022-09-30,12.3,12.44,11.97,12.0,12.3,-0.3,-2.439,231025.72,279849.171
300144.SZ,2022-10-10,11.9,11.98,11.14,11.2,12.0,-0.8,-6.6667,340418.32,389847.301
300144.SZ,2022-10-11,11.2,11.3,10.72,10.88,11.2,-0.32,-2.8571,282993.17,308603.494
300144.SZ,2022-10-12,10.89,10.94,10.59,10.92,10.88,0.04,0.3676,277579.56,299587.886
300144.SZ,2022-10-13,10.85,11.05,10.79,10.85,10.92,-0.07,-0.641,190470.15,207946.921
300144.SZ,2022-10-14,10.88,11.11,10.87,11.08,10.85,0.23,2.1198,216431.51,238874.323
300144.SZ,2022-10-17,11.0,11.55,10.96,11.47,11.08,0.39,3.5199,262601.96,294891.378
300144.SZ,2022-10-18,11.6,11.8,11.42,11.5,11.47,0.03,0.2616,240078.08,278518.932
300144.SZ,2022-10-19,11.4,11.59,11.29,11.29,11.5,-0.21,-1.8261,151107.25,172744.63
300144.SZ,2022-10-20,11.25,11.86,11.2,11.59,11.29,0.3,2.6572,280554.02,324492.9
300144.SZ,2022-10-21,11.49,11.62,11.35,11.39,11.59,-0.2,-1.7256,147760.47,169042.263
300144.SZ,2022-10-24,11.35,11.53,11.02,11.11,11.39,-0.28,-2.4583,213152.42,238627.324
300144.SZ,2022-10-25,11.06,11.39,11.01,11.29,11.11,0.18,1.6202,159238.99,178965.602
300144.SZ,2022-10-26,11.38,11.69,11.3,11.56,11.29,0.27,2.3915,180773.01,208916.01
300144.SZ,2022-10-27,11.57,11.97,11.57,11.7,11.56,0.14,1.2111,199009.05,234572.4
300144.SZ,2022-10-28,11.96,12.14,11.49,11.61,11.7,-0.09,-0.7692,251760.07,299645.722
300144.SZ,2022-10-31,11.39,11.72,11.36,11.52,11.61,-0.09,-0.7752,227460.26,261976.482
300144.SZ,2022-11-01,11.55,12.84,11.53,12.79,11.52,1.27,11.0243,505383.1,621894.098
300144.SZ,2022-11-02,12.51,14.11,12.51,13.35,12.79,0.56,4.3784,1050152.46,1404062.995
300144.SZ,2022-11-03,13.14,13.7,13.01,13.28,13.35,-0.07,-0.5243,398928.4,533639.072
300144.SZ,2022-11-04,13.28,14.42,13.2,13.91,13.28,0.63,4.744,725292.33,1010196.76
300144.SZ,2022-11-07,13.3,13.7,13.21,13.57,13.91,-0.34,-2.4443,494474.4,669240.604
300144.SZ,2022-11-08,13.51,13.67,13.08,13.23,13.57,-0.34,-2.5055,324447.61,429718.473
300144.SZ,2022-11-09,13.25,13.56,13.03,13.29,13.23,0.06,0.4535,330169.13,440964.238
300144.SZ,2022-11-10,13.19,13.68,13.18,13.59,13.29,0.3,2.2573,370901.38,501320.383
300144.SZ,2022-11-11,14.2,14.2,13.05,13.57,13.59,-0.02,-0.1472,863153.15,1172024.762
300144.SZ,2022-11-14,13.2,13.65,13.02,13.22,13.57,-0.35,-2.5792,494774.45,657771.068
300144.SZ,2022-11-15,13.37,13.72,13.3,13.52,13.22,0.3,2.2693,363847.79,493043.692
300144.SZ,2022-11-16,14.1,14.26,13.45,13.51,13.52,-0.01,-0.074,506039.48,692499.521
300144.SZ,2022-11-17,13.49,13.87,13.44,13.74,13.51,0.23,1.7024,284486.5,389171.818
300144.SZ,2022-11-18,13.56,13.69,13.45,13.5,13.74,-0.24,-1.7467,271291.94,367330.063
300144.SZ,2022-11-21,13.12,13.3,12.83,12.97,13.5,-0.53,-3.9259,388380.77,505616.323
300144.SZ,2022-11-22,12.91,13.07,12.72,12.8,12.97,-0.17,-1.3107,265901.27,341845.175
300144.SZ,2022-11-23,12.76,12.84,12.41,12.62,12.8,-0.18,-1.4063,235554.99,295910.855
300144.SZ,2022-11-24,12.69,12.75,12.4,12.44,12.62,-0.18,-1.4263,207377.01,259098.237
300144.SZ,2022-11-25,12.68,12.68,12.35,12.57,12.44,0.13,1.045,217619.28,272454.687
300144.SZ,2022-11-28,12.27,13.26,12.2,13.19,12.57,0.62,4.9324,377773.01,487920.415
300144.SZ,2022-11-29,13.06,14.22,13.05,14.12,13.19,0.93,7.0508,690545.97,959092.041
300144.SZ,2022-11-30,14.06,14.25,13.82,14.19,14.12,0.07,0.4958,529943.57,746083.473
300144.SZ,2022-12-01,14.98,15.12,13.92,14.1,14.19,-0.09,-0.6342,619895.23,888415.559
300144.SZ,2022-12-02,14.26,14.52,14.1,14.18,14.1,0.08,0.5674,250450.05,356968.364
300144.SZ,2022-12-05,14.45,14.62,14.04,14.24,14.18,0.06,0.4231,337482.13,481357.016
300144.SZ,2022-12-06,14.45,14.95,14.3,14.69,14.24,0.45,3.1601,454903.43,667418.922
300144.SZ,2022-12-07,14.58,15.25,14.49,14.79,14.69,0.1,0.6807,461821.83,683491.995
300144.SZ,2022-12-08,14.79,14.83,14.4,14.65,14.79,-0.14,-0.9466,366161.14,534190.13
300144.SZ,2022-12-09,14.56,14.6,14.2,14.41,14.65,-0.24,-1.6382,352897.11,508031.396
300144.SZ,2022-12-12,14.43,14.58,14.27,14.38,14.41,-0.03,-0.2082,261976.18,377366.556
300144.SZ,2022-12-13,14.41,15.03,14.32,14.75,14.38,0.37,2.573,481178.02,710663.177
300144.SZ,2022-12-14,14.66,15.13,14.58,15.0,14.75,0.25,1.6949,413729.34,617955.128
300144.SZ,2022-12-15,15.0,15.16,14.75,14.84,15.0,-0.16,-1.0667,257790.12,384570.402
300144.SZ,2022-12-16,14.72,15.03,14.7,14.91,14.84,0.07,0.4717,183711.23,272974.606
300144.SZ,2022-12-19,14.84,14.94,14.5,14.65,14.91,-0.26,-1.7438,248791.92,365517.897
300144.SZ,2022-12-20,14.66,14.68,14.26,14.31,14.65,-0.34,-2.3208,213702.76,307621.578
300144.SZ,2022-12-21,14.4,14.58,14.34,14.48,14.31,0.17,1.188,177132.06,256529.621
300144.SZ,2022-12-22,14.51,14.91,14.4,14.59,14.48,0.11,0.7597,237723.83,349300.43
300144.SZ,2022-12-23,14.5,15.01,14.45,14.94,14.59,0.35,2.3989,260571.16,386989.89
300144.SZ,2022-12-26,15.02,15.8,14.97,15.16,14.94,0.22,1.4726,447848.78,689189.917
300144.SZ,2022-12-27,15.19,15.25,14.56,14.99,15.16,-0.17,-1.1214,343562.97,511999.155
300144.SZ,2022-12-28,14.97,15.35,14.85,15.02,14.99,0.03,0.2001,299735.3,451213.943
300144.SZ,2022-12-29,14.91,15.15,14.62,14.77,15.02,-0.25,-1.6644,236746.38,351369.245
300144.SZ,2022-12-30,14.7,14.96,14.55,14.6,14.77,-0.17,-1.151,276679.38,406814.141
300144.SZ,2023-01-03,14.6,14.7,14.36,14.51,14.6,-0.09,-0.6164,272307.09,394667.654
300144.SZ,2023-01-04,14.53,14.95,14.51,14.61,14.51,0.1,0.6892,250807.43,369574.074
300144.SZ,2023-01-05,14.53,14.83,14.41,14.67,14.61,0.06,0.4107,264510.91,387863.076
300144.SZ,2023-01-06,14.64,14.64,14.17,14.36,14.67,-0.31,-2.1132,309235.45,443395.921
300144.SZ,2023-01-09,14.45,14.77,14.36,14.62,14.36,0.26,1.8106,275991.38,404041.064
300144.SZ,2023-01-10,14.62,14.87,14.46,14.77,14.62,0.15,1.026,239629.45,352495.982
300144.SZ,2023-01-11,14.8,14.82,14.48,14.57,14.77,-0.2,-1.3541,158063.28,231002.871
300144.SZ,2023-01-12,14.56,14.66,14.33,14.41,14.57,-0.16,-1.0981,155347.68,224489.204
300144.SZ,2023-01-13,14.44,14.93,14.31,14.92,14.41,0.51,3.5392,265345.04,388843.624
300144.SZ,2023-01-16,14.91,15.03,14.78,14.83,14.92,-0.09,-0.6032,230651.81,343489.43
300144.SZ,2023-01-17,14.89,14.89,14.63,14.75,14.83,-0.08,-0.5394,159733.37,235073.129
300144.SZ,2023-01-18,14.75,14.84,14.64,14.71,14.75,-0.04,-0.2712,190207.31,280359.869
300144.SZ,2023-01-19,14.63,15.09,14.48,15.02,14.71,0.31,2.1074,256261.22,380565.749
300144.SZ,2023-01-20,15.1,15.28,14.94,15.13,15.02,0.11,0.7324,209769.85,316598.434
300144.SZ,2023-01-30,15.49,15.59,14.75,14.9,15.13,-0.23,-1.5202,451468.23,677008.817
300144.SZ,2023-01-31,14.79,14.94,14.44,14.5,14.9,-0.4,-2.6846,239904.8,351171.214
300144.SZ,2023-02-01,14.64,14.87,14.55,14.8,14.5,0.3,2.069,218748.46,322110.9
300144.SZ,2023-02-02,14.85,15.07,14.65,15.02,14.8,0.22,1.4865,236690.13,352258.942
300144.SZ,2023-02-03,15.0,15.23,14.78,15.15,15.02,0.13,0.8655,216374.68,324858.99
300144.SZ,2023-02-06,15.22,15.25,14.57,14.64,15.15,-0.51,-3.3663,251751.25,372859.422
300144.SZ,2023-02-07,14.69,14.75,14.39,14.5,14.64,-0.14,-0.9563,204972.2,297580.714
300144.SZ,2023-02-08,14.59,14.59,14.28,14.35,14.5,-0.15,-1.0345,165549.4,238383.015
300144.SZ,2023-02-09,14.3,15.12,14.2,15.07,14.35,0.72,5.0174,422722.23,625742.798
300144.SZ,2023-02-10,15.07,15.14,14.9,14.96,15.07,-0.11,-0.7299,203720.96,305829.034
300144.SZ,2023-02-13,14.93,16.0,14.93,15.9,14.96,0.94,6.2834,527781.39,825080.694
300144.SZ,2023-02-14,15.98,16.01,15.73,15.83,15.9,-0.07,-0.4403,213613.68,338265.172
300144.SZ,2023-02-15,15.9,15.96,15.72,15.92,15.83,0.09,0.5685,146691.41,232678.655
300144.SZ,2023-02-16,15.92,16.56,15.75,15.87,15.92,-0.05,-0.3141,354283.65,571636.864
300144.SZ,2023-02-17,15.87,16.06,15.55,15.56,15.87,-0.31,-1.9534,224081.74,352922.8
300144.SZ,2023-02-20,15.57,15.82,15.56,15.59,15.56,0.03,0.1928,172754.74,270180.145
300144.SZ,2023-02-21,15.61,16.04,15.52,15.75,15.59,0.16,1.0263,211300.0,333285.431
300144.SZ,2023-02-22,15.7,15.78,15.38,15.48,15.75,-0.27,-1.7143,148765.39,231257.851
300144.SZ,2023-02-23,15.4,15.76,15.4,15.54,15.48,0.06,0.3876,147157.84,230282.245
300144.SZ,2023-02-24,15.59,15.72,15.43,15.59,15.54,0.05,0.3218,108278.88,168905.921
300144.SZ,2023-02-27,15.62,15.86,15.52,15.58,15.59,-0.01,-0.0641,175379.39,274761.024
300144.SZ,2023-02-28,15.53,15.86,15.52,15.7,15.58,0.12,0.7702,174373.14,273620.042
300144.SZ,2023-03-01,15.71,15.9,15.6,15.79,15.7,0.09,0.5732,174703.66,275435.677
300144.SZ,2023-03-02,15.79,16.02,15.63,15.99,15.79,0.2,1.2666,248330.45,395105.163
300144.SZ,2023-03-03,16.0,16.06,15.76,15.86,15.99,-0.13,-0.813,179568.81,284824.827
300144.SZ,2023-03-06,15.9,16.61,15.85,16.56,15.86,0.7,4.4136,497428.92,815682.024
300144.SZ,2023-03-07,16.42,16.56,16.12,16.13,16.56,-0.43,-2.5966,252624.32,412410.056
300144.SZ,2023-03-08,16.28,16.32,15.96,16.2,16.13,0.07,0.434,207473.17,334754.959
300144.SZ,2023-03-09,16.2,16.23,15.87,15.91,16.2,-0.29,-1.7901,154309.39,246543.005
300144.SZ,2023-03-10,15.85,15.97,15.59,15.64,15.91,-0.27,-1.697,189057.05,297176.62
300144.SZ,2023-03-13,15.56,15.78,15.51,15.7,15.64,0.06,0.3836,237373.23,371470.901
300144.SZ,2023-03-14,15.66,15.73,15.42,15.55,15.7,-0.15,-0.9554,155957.57,242401.026
300144.SZ,2023-03-15,15.62,15.93,15.51,15.55,15.55,0.0,0.0,167271.24,262473.215
300144.SZ,2023-03-16,15.41,15.65,15.4,15.47,15.55,-0.08,-0.5145,126903.71,197179.813
300144.SZ,2023-03-17,15.56,15.75,15.45,15.53,15.47,0.06,0.3878,163398.46,254471.821
300144.SZ,2023-03-20,15.47,15.68,15.1,15.16,15.53,-0.37,-2.3825,274306.54,420462.217
300144.SZ,2023-03-21,15.2,15.75,15.18,15.61,15.16,0.45,2.9683,234026.82,363517.976
300144.SZ,2023-03-22,15.63,15.84,15.5,15.61,15.61,0.0,0.0,180979.83,282666.825
300144.SZ,2023-03-23,15.54,15.63,15.4,15.53,15.61,-0.08,-0.5125,168612.85,261024.834
300144.SZ,2023-03-24,15.52,15.93,15.49,15.68,15.53,0.15,0.9659,246119.14,387888.621
300144.SZ,2023-03-27,15.77,15.95,15.63,15.83,15.68,0.15,0.9566,235982.68,373150.226
300144.SZ,2023-03-28,15.87,16.25,15.6,15.68,15.83,-0.15,-0.9476,270592.77,429593.761
300144.SZ,2023-03-29,15.72,15.99,15.62,15.9,15.68,0.22,1.4031,209146.74,331965.311
300144.SZ,2023-03-30,15.85,16.24,15.79,16.23,15.9,0.33,2.0755,224810.59,361129.37
300144.SZ,2023-03-31,16.16,16.35,16.06,16.27,16.23,0.04,0.2465,191224.68,309971.842
300144.SZ,2023-04-03,16.27,16.86,16.15,16.75,16.27,0.48,2.9502,313516.7,522006.972
300144.SZ,2023-04-04,16.69,17.31,16.64,16.81,16.75,0.06,0.3582,333714.52,564315.945
300144.SZ,2023-04-06,16.78,16.96,16.4,16.72,16.81,-0.09,-0.5354,236444.39,394132.236
300144.SZ,2023-04-07,16.77,17.04,16.66,16.74,16.72,0.02,0.1196,256323.92,431875.882
300144.SZ,2023-04-10,16.74,16.95,16.6,16.86,16.74,0.12,0.7168,209096.62,351474.655
300144.SZ,2023-04-11,16.92,17.16,16.67,16.75,16.86,-0.11,-0.6524,262356.94,442796.993
300144.SZ,2023-04-12,16.72,16.95,16.2,16.42,16.75,-0.33,-1.9701,420185.72,691665.237
300144.SZ,2023-04-13,16.48,16.7,16.18,16.68,16.42,0.26,1.5834,334061.96,551049.86
300144.SZ,2023-04-14,16.51,16.57,16.03,16.17,16.68,-0.51,-3.0576,331012.79,535772.832
300144.SZ,2023-04-17,16.1,16.42,16.05,16.15,16.17,-0.02,-0.1237,214839.22,347998.47
300144.SZ,2023-04-18,16.16,16.2,15.85,15.97,16.15,-0.18,-1.1146,194495.46,310457.968
300144.SZ,2023-04-19,15.98,16.09,15.78,15.9,15.97,-0.07,-0.4383,247492.47,393350.655
300144.SZ,2023-04-20,15.8,15.92,15.59,15.67,15.9,-0.23,-1.4465,276348.58,434304.873
300144.SZ,2023-04-21,15.65,15.88,15.01,15.05,15.67,-0.62,-3.9566,292703.85,449744.234
300144.SZ,2023-04-24,15.0,15.04,14.38,14.5,15.05,-0.55,-3.6545,364310.76,532390.905
300144.SZ,2023-04-25,14.5,14.62,14.2,14.39,14.5,-0.11,-0.7586,218915.56,315803.753
300144.SZ,2023-04-26,14.5,14.84,14.46,14.55,14.39,0.16,1.1119,244818.28,357567.661
300144.SZ,2023-04-27,14.53,14.73,14.43,14.65,14.55,0.1,0.6873,178417.3,260820.03
300144.SZ,2023-04-28,14.66,14.87,14.13,14.59,14.65,-0.06,-0.4096,562948.64,812399.59
300144.SZ,2023-05-04,14.52,14.55,13.61,13.73,14.59,-0.86,-5.8944,732819.07,1015526.146
300144.SZ,2023-05-05,13.7,13.87,13.4,13.51,13.73,-0.22,-1.6023,541152.91,736182.037
300144.SZ,2023-05-08,13.55,13.62,13.14,13.28,13.51,-0.23,-1.7024,426440.54,566612.778
300144.SZ,2023-05-09,13.4,13.43,13.06,13.12,13.28,-0.16,-1.2048,352514.42,465370.185
300144.SZ,2023-05-10,13.09,13.22,13.01,13.1,13.12,-0.02,-0.1524,264635.17,346755.223
300144.SZ,2023-05-11,13.13,13.3,13.05,13.09,13.1,-0.01,-0.0763,290914.7,382735.235
300144.SZ,2023-05-12,13.01,13.06,12.75,12.82,13.09,-0.27,-2.0626,357750.82,460630.791
300144.SZ,2023-05-15,12.88,13.13,12.76,13.11,12.82,0.29,2.2621,298588.11,385757.799
300144.SZ,2023-05-16,13.12,13.12,12.82,12.89,13.11,-0.22,-1.6781,220354.1,284671.225
300144.SZ,2023-05-17,12.89,13.01,12.82,12.98,12.89,0.09,0.6982,165971.02,214542.832
300144.SZ,2023-05-18,12.95,13.03,12.64,12.72,12.98,-0.26,-2.0031,264882.1,339033.89
300144.SZ,2023-05-19,12.7,12.96,12.56,12.87,12.72,0.15,1.1792,221256.0,282956.412
300144.SZ,2023-05-22,12.83,13.13,12.65,12.94,12.87,0.07,0.5439,281765.59,363140.635
300144.SZ,2023-05-23,12.91,12.96,12.62,12.63,12.94,-0.31,-2.3957,204348.9,260524.446
300144.SZ,2023-05-24,12.62,12.71,12.5,12.52,12.63,-0.11,-0.8709,192225.56,242221.412
300144.SZ,2023-05-25,12.51,12.59,12.2,12.34,12.52,-0.18,-1.4377,257312.44,317499.706
300144.SZ,2023-05-26,12.43,12.6,12.3,12.55,12.34,0.21,1.7018,157427.8,196255.594
300144.SZ,2023-05-29,12.55,12.67,12.48,12.6,12.55,0.05,0.3984,141252.11,177864.079
300144.SZ,2023-05-30,12.58,12.61,12.34,12.59,12.6,-0.01,-0.0794,132188.93,165228.738
300144.SZ,2023-05-31,12.6,12.88,12.57,12.7,12.59,0.11,0.8737,329778.87,420203.51
300144.SZ,2023-06-01,12.75,13.0,12.66,12.83,12.7,0.13,1.0236,342606.96,439695.035
300144.SZ,2023-06-02,12.76,12.97,12.71,12.93,12.83,0.1,0.7794,267070.21,343346.417
300144.SZ,2023-06-05,12.93,13.23,12.88,12.99,12.93,0.06,0.464,395976.47,517617.87
300144.SZ,2023-06-06,13.0,13.09,12.65,12.71,12.99,-0.28,-2.1555,270857.5,347478.581
300144.SZ,2023-06-07,12.68,13.06,12.68,12.93,12.71,0.22,1.7309,302341.18,390794.124
300144.SZ,2023-06-08,13.0,13.02,12.7,12.89,12.93,-0.04,-0.3094,233267.32,299322.039
300144.SZ,2023-06-09,12.83,12.96,12.77,12.96,12.84,0.12,0.9346,249346.71,321004.304
300144.SZ,2023-06-12,12.9,13.11,12.82,12.99,12.96,0.03,0.2315,295842.77,383164.689
300144.SZ,2023-06-13,12.88,13.1,12.88,13.02,12.99,0.03,0.2309,212893.63,276865.327
300144.SZ,2023-06-14,13.03,13.15,12.97,12.98,13.02,-0.04,-0.3072,218154.74,284725.786
300144.SZ,2023-06-15,12.96,13.19,12.82,13.11,12.98,0.13,1.0015,319524.9,416220.877
300144.SZ,2023-06-16,13.11,13.21,12.97,13.18,13.11,0.07,0.5339,247052.51,323768.751
300144.SZ,2023-06-19,13.19,13.29,13.03,13.05,13.18,-0.13,-0.9863,258450.46,339556.441
300144.SZ,2023-06-20,13.06,13.12,12.89,12.94,13.05,-0.11,-0.8429,197451.32,256391.601
300144.SZ,2023-06-21,12.98,13.06,12.5,12.55,12.94,-0.39,-3.0139,349776.04,445412.752
300144.SZ,2023-06-26,12.45,12.65,12.26,12.27,12.55,-0.28,-2.2311,232091.97,288088.299
300144.SZ,2023-06-27,12.3,12.61,12.24,12.56,12.27,0.29,2.3635,208132.46,260465.173
300144.SZ,2023-06-28,12.52,12.65,12.3,12.44,12.56,-0.12,-0.9554,162062.85,201278.633
300144.SZ,2023-06-29,12.44,12.45,12.21,12.25,12.44,-0.19,-1.5273,198905.85,244371.207
300144.SZ,2023-06-30,12.25,12.52,12.25,12.4,12.25,0.15,1.2245,189331.06,234591.388
300144.SZ,2023-07-03,12.48,12.88,12.45,12.78,12.4,0.38,3.0645,372724.87,473746.347
300144.SZ,2023-07-04,12.75,13.17,12.73,13.03,12.78,0.25,1.9562,366893.37,476003.859
300144.SZ,2023-07-05,13.05,13.1,12.8,12.9,13.03,-0.13,-0.9977,237142.86,306912.508
300144.SZ,2023-07-06,12.93,13.05,12.64,12.68,12.9,-0.22,-1.7054,258660.22,331026.438
300144.SZ,2023-07-07,12.71,12.76,12.5,12.67,12.68,-0.01,-0.0789,189251.52,239408.978
300144.SZ,2023-07-10,12.8,13.1,12.76,12.89,12.67,0.22,1.7364,296731.98,383879.407
300144.SZ,2023-07-11,12.98,12.98,12.81,12.96,12.89,0.07,0.5431,195307.94,251931.961
300144.SZ,2023-07-12,12.97,13.03,12.85,12.88,12.96,-0.08,-0.6173,178467.95,230918.01
300144.SZ,2023-07-13,12.96,12.97,12.83,12.91,12.88,0.03,0.2329,237740.33,306696.534
300144.SZ,2023-07-14,12.9,12.93,12.76,12.78,12.91,-0.13,-1.007,175502.6,224783.599
300144.SZ,2023-07-17,12.74,12.78,12.61,12.76,12.78,-0.02,-0.1565,159728.21,202815.779
300144.SZ,2023-07-18,12.72,12.82,12.6,12.74,12.76,-0.02,-0.1567,177984.51,226425.385
300144.SZ,2023-07-19,12.71,12.86,12.63,12.7,12.74,-0.04,-0.314,152100.62,193304.582
300144.SZ,2023-07-20,12.71,12.8,12.6,12.62,12.7,-0.08,-0.6299,182874.44,232308.348
300144.SZ,2023-07-21,12.59,12.89,12.49,12.73,12.62,0.11,0.8716,260665.41,331366.822
300144.SZ,2023-07-24,12.76,12.85,12.68,12.73,12.73,0.0,0.0,176597.62,225610.365
300144.SZ,2023-07-25,12.83,12.97,12.77,12.89,12.73,0.16,1.2569,311184.26,400318.406
300144.SZ,2023-07-26,12.97,13.05,12.86,12.91,12.89,0.02,0.1552,298519.24,386309.336
300144.SZ,2023-07-27,12.91,13.18,12.89,13.02,12.91,0.11,0.8521,366094.77,477942.415
300144.SZ,2023-07-28,12.95,13.23,12.88,13.15,13.02,0.13,0.9985,340302.0,444789.644
300144.SZ,2023-07-31,13.3,13.55,13.29,13.41,13.15,0.26,1.9772,537142.7,721637.941
300144.SZ,2023-08-01,13.35,13.51,13.23,13.25,13.41,-0.16,-1.1931,287307.08,382976.99
300144.SZ,2023-08-02,13.21,13.26,13.09,13.12,13.25,-0.13,-0.9811,225576.25,297067.624
300144.SZ,2023-08-03,13.11,13.18,12.97,13.14,13.12,0.02,0.1524,194611.8,254693.135
300144.SZ,2023-08-04,13.21,13.27,13.07,13.08,13.14,-0.06,-0.4566,208241.68,274039.668
300144.SZ,2023-08-07,13.08,13.22,13.05,13.15,13.08,0.07,0.5352,198603.81,261185.842
300144.SZ,2023-08-08,13.1,13.14,12.89,13.03,13.15,-0.12,-0.9125,231358.25,300567.291
300144.SZ,2023-08-09,13.04,13.08,12.89,12.93,13.03,-0.1,-0.7675,155130.42,200959.273
300144.SZ,2023-08-10,12.93,13.14,12.91,13.1,12.93,0.17,1.3148,189782.64,247429.663
300144.SZ,2023-08-11,13.1,13.27,12.85,12.87,13.1,-0.23,-1.7557,282237.01,368229.229
300144.SZ,2023-08-14,12.77,13.03,12.71,12.97,12.87,0.1,0.777,240738.29,310644.766
300144.SZ,2023-08-15,12.87,12.95,12.52,12.65,12.97,-0.32,-2.4672,307242.26,388957.774
300144.SZ,2023-08-16,12.68,12.71,12.53,12.54,12.65,-0.11,-0.8696,139402.1,175485.317
300144.SZ,2023-08-17,12.5,12.6,12.3,12.58,12.54,0.04,0.319,180582.53,225141.096
300144.SZ,2023-08-18,12.57,12.62,12.29,12.29,12.58,-0.29,-2.3052,154637.4,191899.287
300144.SZ,2023-08-21,12.28,12.35,12.12,12.12,12.29,-0.17,-1.3832,172001.49,210310.754
300144.SZ,2023-08-22,12.15,12.24,11.89,12.17,12.12,0.05,0.4125,218235.88,262571.99
300144.SZ,2023-08-23,12.13,12.13,11.91,11.91,12.17,-0.26,-2.1364,144904.83,173973.132
300144.SZ,2023-08-24,11.92,12.23,11.92,12.11,11.91,0.2,1.6793,149205.88,180184.507
300144.SZ,2023-08-25,12.05,12.22,11.93,12.04,12.11,-0.07,-0.578,167919.63,202665.632
300144.SZ,2023-08-28,12.69,13.19,12.52,12.84,12.04,0.8,6.6445,819635.23,1053616.633
300144.SZ,2023-08-29,12.83,12.9,12.58,12.74,12.84,-0.1,-0.7788,443529.15,565657.072
300144.SZ,2023-08-30,12.71,12.76,12.56,12.64,12.74,-0.1,-0.7849,271211.29,342979.368
300144.SZ,2023-08-31,12.7,12.7,12.36,12.4,12.64,-0.24,-1.8987,299383.07,373862.588
300144.SZ,2023-09-01,12.4,12.69,12.4,12.54,12.4,0.14,1.129,272154.33,341696.401
300144.SZ,2023-09-04,12.61,12.89,12.55,12.81,12.54,0.27,2.1531,338821.31,432853.135
300144.SZ,2023-09-05,12.8,12.92,12.71,12.77,12.81,-0.04,-0.3123,235703.66,301676.364
300144.SZ,2023-09-06,12.7,12.85,12.66,12.75,12.77,-0.02,-0.1566,186488.93,237446.96
300144.SZ,2023-09-07,12.71,13.02,12.7,12.81,12.75,0.06,0.4706,391044.74,503622.008
300144.SZ,2023-09-08,12.75,12.93,12.64,12.87,12.81,0.06,0.4684,270706.2,346126.237
300144.SZ,2023-09-11,12.87,12.91,12.72,12.89,12.87,0.02,0.1554,370945.85,475370.351
300144.SZ,2023-09-12,12.83,12.99,12.77,12.81,12.89,-0.08,-0.6206,244364.11,314169.681
300144.SZ,2023-09-13,12.76,12.9,12.53,12.68,12.81,-0.13,-1.0148,246538.68,313798.226
300144.SZ,2023-09-14,12.75,12.78,12.46,12.55,12.68,-0.13,-1.0252,218206.29,274168.348
300144.SZ,2023-09-15,12.58,12.87,12.56,12.77,12.55,0.22,1.753,345342.88,440523.115
300144.SZ,2023-09-18,12.88,13.07,12.77,13.06,12.77,0.29,2.2709,459108.12,594570.415
300144.SZ,2023-09-19,12.95,12.99,12.71,12.87,13.06,-0.19,-1.4548,336867.51,432142.405
300144.SZ,2023-09-20,12.76,12.81,12.38,12.39,12.87,-0.48,-3.7296,331205.45,414381.483
300144.SZ,2023-09-21,12.4,12.46,12.23,12.25,12.39,-0.14,-1.1299,189605.55,233392.762
300144.SZ,2023-09-22,12.23,12.39,12.11,12.37,12.25,0.12,0.9796,237939.77,291838.54
300144.SZ,2023-09-25,12.39,12.39,11.91,12.04,12.37,-0.33,-2.6677,348587.68,421197.926
300144.SZ,2023-09-26,12.04,12.2,12.01,12.07,12.04,0.03,0.2492,168813.38,204547.292
300144.SZ,2023-09-27,12.06,12.17,12.04,12.15,12.07,0.08,0.6628,160562.52,194648.523
300144.SZ,2023-09-28,12.17,12.24,12.14,12.22,12.15,0.07,0.5761,191926.09,234012.098
300144.SZ,2023-10-09,12.13,12.13,11.27,11.32,12.22,-0.9,-7.365,554200.32,638082.303
300144.SZ,2023-10-10,11.37,11.45,11.26,11.28,11.32,-0.04,-0.3534,204201.67,231173.106
300144.SZ,2023-10-11,11.34,11.37,11.06,11.09,11.28,-0.19,-1.6844,368734.22,411237.55
300144.SZ,2023-10-12,11.13,11.23,11.1,11.2,11.09,0.11,0.9919,197819.63,220905.195
300144.SZ,2023-10-13,11.15,11.2,10.99,11.07,11.2,-0.13,-1.1607,192141.35,212470.78
300144.SZ,2023-10-16,11.03,11.11,10.83,10.9,11.07,-0.17,-1.5357,175411.68,191679.273
300144.SZ,2023-10-17,10.92,10.96,10.85,10.9,10.9,0.0,0.0,126165.46,137499.011
300144.SZ,2023-10-18,10.9,10.9,10.65,10.67,10.9,-0.23,-2.1101,199305.2,213995.7
300144.SZ,2023-10-19,10.62,10.77,10.59,10.61,10.67,-0.06,-0.5623,142067.95,151407.693
300144.SZ,2023-10-20,10.58,10.71,10.56,10.6,10.61,-0.01,-0.0943,125195.0,133053.779
300144.SZ,2023-10-23,10.6,10.6,10.33,10.39,10.6,-0.21,-1.9811,154517.95,161443.209
300144.SZ,2023-10-24,10.45,10.54,10.36,10.53,10.39,0.14,1.3474,171164.45,179244.422
300144.SZ,2023-10-25,10.61,10.82,10.6,10.76,10.53,0.23,2.1842,271448.89,291126.392
300144.SZ,2023-10-26,10.77,11.13,10.7,10.96,10.76,0.2,1.8587,435457.01,475397.346
300144.SZ,2023-10-27,10.85,11.27,10.84,11.19,10.96,0.23,2.0985,321393.5,357812.736
300144.SZ,2023-10-30,11.11,11.25,11.03,11.14,11.19,-0.05,-0.4468,217116.68,241603.861
300144.SZ,2023-10-31,11.11,11.14,10.9,10.99,11.14,-0.15,-1.3465,260430.34,285732.628
300144.SZ,2023-11-01,11.05,11.1,10.84,10.97,10.99,-0.02,-0.182,184042.62,201594.397
300144.SZ,2023-11-02,10.96,11.08,10.94,10.98,10.97,0.01,0.0912,139008.2,152909.362
300144.SZ,2023-11-03,10.96,11.11,10.91,11.07,10.98,0.09,0.8197,151156.65,166859.818
300144.SZ,2023-11-06,11.13,11.22,11.0,11.19,11.07,0.12,1.084,210766.04,234794.944
300144.SZ,2023-11-07,11.17,11.17,10.96,11.04,11.19,-0.15,-1.3405,203637.0,224811.47
300144.SZ,2023-11-08,11.01,11.15,11.0,11.08,11.04,0.04,0.3623,182158.81,201779.888
300144.SZ,2023-11-09,11.06,11.1,10.93,10.95,11.08,-0.13,-1.1733,172529.99,189508.778
300144.SZ,2023-11-10,10.91,10.96,10.78,10.87,10.95,-0.08,-0.7306,137592.74,149352.202
300144.SZ,2023-11-13,10.88,11.03,10.84,10.9,10.87,0.03,0.276,105984.0,115592.967
300144.SZ,2023-11-14,10.9,10.99,10.87,10.93,10.9,0.03,0.2752,105972.66,115751.114
300144.SZ,2023-11-15,10.98,11.0,10.86,10.9,10.93,-0.03,-0.2745,185621.93,202585.57
300144.SZ,2023-11-16,10.88,10.94,10.76,10.86,10.9,-0.04,-0.367,173697.96,188275.833
300144.SZ,2023-11-17,10.81,10.88,10.76,10.83,10.86,-0.03,-0.2762,130976.15,141569.328
300144.SZ,2023-11-20,10.81,10.97,10.75,10.92,10.83,0.09,0.831,187931.66,204143.085
300144.SZ,2023-11-21,10.95,11.0,10.84,10.86,10.92,-0.06,-0.5495,205144.92,224197.837
300144.SZ,2023-11-22,10.84,10.91,10.74,10.75,10.86,-0.11,-1.0129,143454.97,155324.368
300144.SZ,2023-11-23,10.71,10.77,10.6,10.75,10.75,0.0,0.0,145928.8,156090.211
300144.SZ,2023-11-24,10.73,10.78,10.54,10.6,10.75,-0.15,-1.3953,165879.67,176580.766
300144.SZ,2023-11-27,10.63,10.74,10.43,10.53,10.6,-0.07,-0.6604,189308.9,199101.85
300144.SZ,2023-11-28,10.5,10.6,10.41,10.58,10.53,0.05,0.4748,121311.26,127652.823
300144.SZ,2023-11-29,10.58,10.58,10.43,10.46,10.58,-0.12,-1.1342,108511.98,113972.594
300144.SZ,2023-11-30,10.46,10.57,10.38,10.51,10.46,0.05,0.478,155384.88,162931.501
300144.SZ,2023-12-01,10.52,10.63,10.37,10.49,10.51,-0.02,-0.1903,206143.29,216514.362
300144.SZ,2023-12-04,10.5,10.67,10.45,10.55,10.49,0.06,0.572,242709.58,257132.866
300144.SZ,2023-12-05,10.52,10.55,10.2,10.21,10.55,-0.34,-3.2227,259252.05,268394.412
300144.SZ,2023-12-06,10.2,10.34,10.04,10.3,10.21,0.09,0.8815,177742.87,181417.896
300144.SZ,2023-12-07,10.23,10.33,10.18,10.29,10.3,-0.01,-0.0971,135720.68,139213.76
300144.SZ,2023-12-08,10.26,10.35,10.21,10.27,10.29,-0.02,-0.1944,185556.0,190475.225
300144.SZ,2023-12-11,10.18,10.51,10.07,10.44,10.27,0.17,1.6553,204249.51,210133.325
300144.SZ,2023-12-12,10.41,10.5,10.34,10.45,10.44,0.01,0.0958,115790.3,120620.43
300144.SZ,2023-12-13,10.42,10.43,10.18,10.2,10.45,-0.25,-2.3923,139644.8,143704.807
300144.SZ,2023-12-14,10.23,10.38,10.2,10.23,10.2,0.03,0.2941,136948.0,140852.227
300144.SZ,2023-12-15,10.24,10.35,10.21,10.22,10.23,-0.01,-0.0978,154293.23,158463.102
300144.SZ,2023-12-18,10.21,10.21,9.95,9.95,10.22,-0.27,-2.6419,208432.71,209169.622
300144.SZ,2023-12-19,9.88,10.11,9.84,10.03,9.95,0.08,0.804,198829.58,199153.217
300144.SZ,2023-12-20,10.03,10.05,9.77,9.77,10.03,-0.26,-2.5922,182239.56,179490.067
300144.SZ,2023-12-21,9.71,9.89,9.69,9.87,9.77,0.1,1.0235,148556.7,145752.03
300144.SZ,2023-12-22,9.84,9.89,9.7,9.75,9.87,-0.12,-1.2158,157245.0,153645.476
300144.SZ,2023-12-25,9.7,9.77,9.63,9.68,9.75,-0.07,-0.7179,95484.0,92508.369
300144.SZ,2023-12-26,9.7,9.71,9.51,9.52,9.68,-0.16,-1.6529,98528.2,94371.505
300144.SZ,2023-12-27,9.56,9.61,9.39,9.43,9.52,-0.09,-0.9454,142646.96,134949.18
300144.SZ,2023-12-28,9.42,9.85,9.34,9.83,9.43,0.4,4.2418,233014.35,224998.788
300144.SZ,2023-12-29,9.81,9.92,9.76,9.87,9.83,0.04,0.4069,131211.2,129300.806
300144.SZ,2024-01-02,9.87,9.95,9.82,9.85,9.87,-0.02,-0.2026,127162.31,125645.72
300144.SZ,2024-01-03,9.79,10.07,9.77,10.01,9.85,0.16,1.6244,192640.22,192135.135
300144.SZ,2024-01-04,10.0,10.05,9.8,9.92,10.01,-0.09,-0.8991,177684.41,176079.912
300144.SZ,2024-01-05,9.88,10.01,9.77,9.82,9.92,-0.1,-1.0081,133865.63,132467.347
300144.SZ,2024-01-08,9.75,9.92,9.63,9.63,9.82,-0.19,-1.9348,141785.54,138511.861
300144.SZ,2024-01-09,9.69,10.08,9.66,9.97,9.63,0.34,3.5306,276593.56,274644.023
300144.SZ,2024-01-10,9.92,9.98,9.73,9.89,9.97,-0.08,-0.8024,179165.46,176731.724
300144.SZ,2024-01-11,9.87,10.02,9.83,9.99,9.89,0.1,1.0111,165198.27,164279.161
300144.SZ,2024-01-12,9.96,9.97,9.85,9.85,9.99,-0.14,-1.4014,119651.39,118446.746
300144.SZ,2024-01-15,9.83,10.2,9.81,10.15,9.85,0.3,3.0457,272078.13,275009.208
300144.SZ,2024-01-16,10.08,10.42,10.06,10.3,10.15,0.15,1.4778,374173.4,384617.636
300144.SZ,2024-01-17,10.24,10.25,9.9,9.9,10.3,-0.4,-3.8835,225850.51,226953.28
300144.SZ,2024-01-18,9.76,9.93,9.6,9.88,9.9,-0.02,-0.202,255229.94,248913.473
300144.SZ,2024-01-19,9.85,10.25,9.79,10.15,9.88,0.27,2.7328,303257.6,305578.737
300144.SZ,2024-01-22,10.07,10.07,9.53,9.61,10.15,-0.54,-5.3202,297078.7,291855.74
300144.SZ,2024-01-23,9.51,9.77,9.33,9.69,9.61,0.08,0.8325,191457.53,184154.545
300144.SZ,2024-01-24,9.74,9.84,9.45,9.75,9.69,0.06,0.6192,204174.53,197219.377
300144.SZ,2024-01-25,9.74,10.07,9.62,10.05,9.75,0.3,3.0769,275317.29,272247.415
300144.SZ,2024-01-26,9.9,10.17,9.9,10.0,10.05,-0.05,-0.4975,227027.43,228183.655
300144.SZ,2024-01-29,10.01,10.09,9.84,9.84,10.0,-0.16,-1.6,185685.44,184353.137
300144.SZ,2024-01-30,9.73,9.79,9.55,9.61,9.84,-0.23,-2.3374,194397.0,187930.355
300144.SZ,2024-01-31,9.24,9.24,8.65,8.89,9.61,-0.72,-7.4922,451791.18,406182.111
300144.SZ,2024-02-01,8.84,9.18,8.7,9.0,8.89,0.11,1.2373,279333.48,250637.877
300144.SZ,2024-02-02,9.01,9.29,8.65,8.8,9.0,-0.2,-2.2222,266871.41,239649.311
300144.SZ,2024-02-05,8.7,9.07,8.22,8.83,8.8,0.03,0.3409,329922.49,284709.014
300144.SZ,2024-02-06,8.7,9.61,8.59,9.56,8.83,0.73,8.2673,359936.49,330680.762
300144.SZ,2024-02-07,9.55,10.39,9.48,10.36,9.56,0.8,8.3682,565493.26,572324.92
300144.SZ,2024-02-08,10.35,10.84,10.23,10.3,10.36,-0.06,-0.5792,530296.06,561244.721
300144.SZ,2024-02-19,10.68,10.68,10.36,10.43,10.3,0.13,1.2621,439430.74,462002.555
300144.SZ,2024-02-20,10.35,10.58,10.3,10.46,10.43,0.03,0.2876,226434.3,236771.811
300144.SZ,2024-02-21,10.42,10.68,10.31,10.47,10.46,0.01,0.0956,279932.5,295014.158
300144.SZ,2024-02-22,10.23,10.6,10.2,10.38,10.47,-0.09,-0.8596,289243.73,300153.882
300144.SZ,2024-02-23,10.36,10.37,10.02,10.23,10.38,-0.15,-1.4451,302220.81,306772.996
300144.SZ,2024-02-26,10.21,10.38,10.1,10.23,10.23,0.0,0.0,244569.3,250344.069
300144.SZ,2024-02-27,10.23,10.4,10.2,10.36,10.23,0.13,1.2708,200578.34,206728.751
300144.SZ,2024-02-28,10.4,10.76,10.33,10.52,10.36,0.16,1.5444,450719.8,479832.631
300144.SZ,2024-02-29,10.5,10.85,10.46,10.8,10.52,0.28,2.6616,383034.04,411118.607
300144.SZ,2024-03-01,10.78,11.01,10.61,10.98,10.8,0.18,1.6667,295959.58,321947.252
300144.SZ,2024-03-04,10.97,11.07,10.81,10.94,10.98,-0.04,-0.3643,215105.01,235368.47
300144.SZ,2024-03-05,10.88,10.98,10.82,10.88,10.94,-0.06,-0.5484,180458.98,196194.924
300144.SZ,2024-03-06,10.83,10.94,10.7,10.73,10.88,-0.15,-1.3787,174284.2,188054.474
300144.SZ,2024-03-07,10.73,10.85,10.63,10.66,10.73,-0.07,-0.6524,180543.76,193805.692
300144.SZ,2024-03-08,10.65,10.73,10.46,10.56,10.66,-0.1,-0.9381,157945.92,166553.614
300144.SZ,2024-03-11,10.55,10.76,10.48,10.75,10.56,0.19,1.7992,189805.5,201678.58
300144.SZ,2024-03-12,10.75,11.0,10.71,10.98,10.75,0.23,2.1395,247011.38,268541.097
300144.SZ,2024-03-13,11.01,11.01,10.72,10.83,10.98,-0.15,-1.3661,169121.04,183071.838
300144.SZ,2024-03-14,10.77,10.92,10.66,10.76,10.83,-0.07,-0.6464,132550.49,143143.437
300144.SZ,2024-03-15,10.7,10.86,10.65,10.75,10.76,-0.01,-0.0929,141161.8,151443.7
300144.SZ,2024-03-18,10.7,10.82,10.7,10.82,10.75,0.07,0.6512,134012.14,144084.121
300144.SZ,2024-03-19,10.94,11.07,10.88,10.88,10.82,0.06,0.5545,234268.31,256979.834
300144.SZ,2024-03-20,10.84,11.03,10.82,10.99,10.88,0.11,1.011,185549.16,202601.964
300144.SZ,2024-03-21,10.99,11.01,10.84,10.88,10.99,-0.11,-1.0009,146487.81,159929.816
300144.SZ,2024-03-22,10.86,10.86,10.55,10.56,10.88,-0.32,-2.9412,234680.42,250555.596
300144.SZ,2024-03-25,10.48,10.6,10.31,10.35,10.56,-0.21,-1.9886,199946.66,208685.884
300144.SZ,2024-03-26,10.32,10.39,10.19,10.28,10.35,-0.07,-0.6763,169939.8,174669.236
300144.SZ,2024-03-27,10.31,10.5,10.15,10.15,10.28,-0.13,-1.2646,175408.91,180932.758
300144.SZ,2024-03-28,10.07,10.28,10.04,10.18,10.15,0.03,0.2956,163457.8,166531.323
300144.SZ,2024-03-29,10.18,10.27,10.03,10.26,10.18,0.08,0.7859,203556.01,206670.071
300144.SZ,2024-04-01,10.27,10.93,10.27,10.91,10.26,0.65,6.3353,346620.95,371767.843
300144.SZ,2024-04-02,10.94,10.95,10.76,10.81,10.91,-0.1,-0.9166,163126.03,176509.684
300144.SZ,2024-04-03,10.83,10.97,10.75,10.83,10.81,0.02,0.185,170585.21,185328.363
300144.SZ,2024-04-08,11.08,11.15,10.32,10.33,10.83,-0.5,-4.6168,368572.99,392200.431
300144.SZ,2024-04-09,10.25,10.75,10.23,10.61,10.33,0.28,2.7106,303597.32,320053.298
300144.SZ,2024-04-10,10.53,10.66,10.42,10.53,10.61,-0.08,-0.754,227521.2,239733.764
300144.SZ,2024-04-11,10.41,10.92,10.36,10.81,10.53,0.28,2.6591,341330.55,366675.257
300144.SZ,2024-04-12,10.82,10.96,10.63,10.74,10.81,-0.07,-0.6475,362685.78,391179.058
300144.SZ,2024-04-15,10.73,10.85,10.36,10.56,10.74,-0.18,-1.676,325515.86,344579.162
300144.SZ,2024-04-16,10.42,10.65,10.1,10.13,10.56,-0.43,-4.072,324724.67,334644.029
300144.SZ,2024-04-17,10.21,10.48,10.18,10.3,10.13,0.17,1.6782,254107.59,262416.918
300144.SZ,2024-04-18,10.23,10.42,10.06,10.37,10.3,0.07,0.6796,269604.02,276880.277
300144.SZ,2024-04-19,10.28,10.28,9.9,9.93,10.37,-0.44,-4.243,346949.15,348142.046
300144.SZ,2024-04-22,9.96,10.28,9.8,10.15,9.93,0.22,2.2155,324395.5,326683.61
300144.SZ,2024-04-23,10.18,10.21,10.02,10.03,10.15,-0.12,-1.1823,204208.7,206316.415
300144.SZ,2024-04-24,10.1,10.45,9.98,10.42,10.03,0.39,3.8883,268798.37,274624.039
300144.SZ,2024-04-25,10.36,10.58,10.18,10.42,10.42,0.0,0.0,244507.4,253078.33
300144.SZ,2024-04-26,10.61,10.62,10.01,10.36,10.42,-0.06,-0.5758,518363.57,531151.21
300144.SZ,2024-04-29,10.36,10.87,10.33,10.85,10.36,0.49,4.7297,504353.05,539859.893
300144.SZ,2024-04-30,10.77,10.93,10.57,10.86,10.85,0.01,0.0922,317988.36,343259.914
300144.SZ,2024-05-06,10.75,10.98,10.64,10.68,10.86,-0.18,-1.6575,404602.18,433579.535
300144.SZ,2024-05-07,10.68,10.76,10.58,10.68,10.68,0.0,0.0,232889.69,248598.208
300144.SZ,2024-05-08,10.68,10.75,10.51,10.54,10.68,-0.14,-1.3109,200380.42,212200.936
300144.SZ,2024-05-09,10.55,10.68,10.55,10.64,10.54,0.1,0.9488,177448.93,188693.669
300144.SZ,2024-05-10,10.68,10.87,10.65,10.7,10.64,0.06,0.5639,293344.57,315681.024
300144.SZ,2024-05-13,10.63,10.63,10.36,10.5,10.7,-0.2,-1.8692,259632.12,272441.589
300144.SZ,2024-05-14,10.53,10.61,10.3,10.35,10.5,-0.15,-1.4286,252785.2,262732.547
300144.SZ,2024-05-15,10.35,10.39,10.2,10.23,10.35,-0.12,-1.1594,172065.57,177082.224
300144.SZ,2024-05-16,10.25,10.44,10.25,10.27,10.23,0.04,0.391,170786.11,176533.832
300144.SZ,2024-05-17,10.21,10.48,10.2,10.47,10.27,0.2,1.9474,211158.8,218711.998
300144.SZ,2024-05-20,10.84,10.85,10.48,10.6,10.47,0.13,1.2416,457405.42,487266.18
300144.SZ,2024-05-21,10.5,10.7,10.43,10.6,10.6,0.0,0.0,225661.29,239054.934
300144.SZ,2024-05-22,10.54,10.61,10.43,10.46,10.6,-0.14,-1.3208,155305.2,163011.2
300144.SZ,2024-05-23,10.44,10.46,10.13,10.16,10.46,-0.3,-2.8681,251743.56,257894.154
300144.SZ,2024-05-24,10.16,10.22,10.05,10.06,10.16,-0.1,-0.9843,145474.94,147411.775
300144.SZ,2024-05-27,10.15,10.17,10.01,10.11,10.06,0.05,0.497,116639.21,117507.904
300144.SZ,2024-05-28,10.06,10.12,9.93,9.95,10.11,-0.16,-1.5826,153127.73,153306.107
300144.SZ,2024-05-29,9.94,10.28,9.94,10.17,9.95,0.22,2.2111,197732.66,200552.271
300144.SZ,2024-05-30,10.11,10.19,10.02,10.12,10.17,-0.05,-0.4916,108701.87,109864.822
300144.SZ,2024-05-31,10.1,10.24,10.06,10.21,10.12,0.09,0.8893,138942.88,141705.588
300144.SZ,2024-06-03,10.11,10.21,9.83,9.99,10.21,-0.22,-2.1548,246004.02,244732.817
300144.SZ,2024-06-04,9.95,10.09,9.91,10.07,9.99,0.08,0.8008,150270.26,150594.284
300144.SZ,2024-06-05,10.07,10.17,10.01,10.01,10.07,-0.06,-0.5958,126102.0,127412.448
300144.SZ,2024-06-06,10.01,10.15,9.8,9.84,10.01,-0.17,-1.6983,189100.45,187475.214
300144.SZ,2024-06-07,9.91,10.02,9.75,9.85,9.84,0.01,0.1016,131784.4,129820.146
300144.SZ,2024-06-11,9.82,9.84,9.58,9.65,9.85,-0.2,-2.0305,195198.58,188550.328
300144.SZ,2024-06-12,9.64,9.67,9.32,9.42,9.65,-0.23,-2.3834,264590.75,249603.412
300144.SZ,2024-06-13,9.44,9.45,9.11,9.14,9.42,-0.28,-2.9724,313266.85,288056.825
300144.SZ,2024-06-14,9.23,9.23,8.99,9.1,9.14,-0.04,-0.4376,388069.84,352667.517
300144.SZ,2024-06-17,9.0,9.12,8.8,9.04,9.1,-0.06,-0.6593,251421.88,226748.239
300144.SZ,2024-06-18,9.06,9.12,8.9,8.95,9.04,-0.09,-0.9956,205419.7,185110.67
300144.SZ,2024-06-19,9.0,9.0,8.78,8.8,8.95,-0.15,-1.676,182283.58,161060.483
300144.SZ,2024-06-20,8.8,8.8,8.38,8.43,8.8,-0.37,-4.2045,411178.39,349726.322
300144.SZ,2024-06-21,8.42,8.52,8.3,8.39,8.33,0.06,0.7203,238774.4,200600.987
300144.SZ,2024-06-24,8.3,8.34,8.02,8.11,8.39,-0.28,-3.3373,332937.25,270784.363
300144.SZ,2024-06-25,8.13,8.31,8.11,8.23,8.11,0.12,1.4797,240233.62,197317.116
300144.SZ,2024-06-26,8.18,8.35,8.13,8.33,8.23,0.1,1.2151,213559.86,175991.15
300144.SZ,2024-06-27,8.27,8.34,8.16,8.18,8.33,-0.15,-1.8007,167523.3,138020.662
300144.SZ,2024-06-28,8.17,8.22,8.02,8.03,8.18,-0.15,-1.8337,252265.4,204679.334
300144.SZ,2024-07-01,8.02,8.25,8.02,8.21,8.03,0.18,2.2416,222266.04,181179.592
300144.SZ,2024-07-02,8.25,8.26,8.08,8.13,8.21,-0.08,-0.9744,153398.0,125516.44
300144.SZ,2024-07-03,8.09,8.25,8.08,8.09,8.13,-0.04,-0.492,187178.48,152569.08
300144.SZ,2024-07-04,8.09,8.1,7.78,7.82,8.09,-0.27,-3.3375,302815.17,238962.172
300144.SZ,2024-07-05,7.79,7.91,7.73,7.89,7.82,0.07,0.8951,194773.21,152858.509
300144.SZ,2024-07-08,7.91,7.92,7.66,7.68,7.89,-0.21,-2.6616,183329.13,142356.886
300144.SZ,2024-07-09,7.7,7.81,7.57,7.77,7.68,0.09,1.1719,206619.73,159277.139
300144.SZ,2024-07-10,7.77,7.84,7.65,7.76,7.77,-0.01,-0.1287,143351.6,111491.991
300144.SZ,2024-07-11,7.89,8.12,7.84,8.09,7.76,0.33,4.2526,298728.34,239299.212
300144.SZ,2024-07-12,8.1,8.39,8.07,8.17,8.09,0.08,0.9889,358089.88,294699.91
300144.SZ,2024-07-15,8.12,8.14,7.91,7.92,8.17,-0.25,-3.06,231708.4,184630.895
300144.SZ,2024-07-16,7.91,7.96,7.77,7.85,7.92,-0.07,-0.8838,216573.61,169725.564
300144.SZ,2024-07-17,7.84,8.01,7.79,7.91,7.85,0.06,0.7643,209407.44,165340.73
300144.SZ,2024-07-18,7.89,8.02,7.76,8.02,7.91,0.11,1.3906,200705.18,158748.837
300144.SZ,2024-07-19,7.99,8.0,7.85,7.94,8.02,-0.08,-0.9975,217581.72,172379.124
300144.SZ,2024-07-22,7.95,7.96,7.78,7.81,7.94,-0.13,-1.6373,200078.13,156692.071
300144.SZ,2024-07-23,7.78,7.83,7.56,7.57,7.81,-0.24,-3.073,245410.0,188786.184
300144.SZ,2024-07-24,7.99,8.15,7.62,7.71,7.57,0.14,1.8494,704456.92,550870.299
300144.SZ,2024-07-25,7.55,7.87,7.45,7.72,7.71,0.01,0.1297,429000.4,329920.385
300144.SZ,2024-07-26,7.67,7.89,7.66,7.76,7.72,0.04,0.5181,245971.58,191178.291
300144.SZ,2024-07-29,7.76,7.77,7.53,7.56,7.76,-0.2,-2.5773,284880.8,216518.573
300144.SZ,2024-07-30,7.5,7.55,7.38,7.44,7.56,-0.12,-1.5873,299814.04,222717.964
300144.SZ,2024-07-31,7.44,8.2,7.43,8.17,7.44,0.73,9.8118,819684.74,650604.614
300144.SZ,2024-08-01,8.1,8.15,7.87,7.94,8.17,-0.23,-2.8152,500165.27,398882.971
300144.SZ,2024-08-02,7.85,8.04,7.8,7.84,7.94,-0.1,-1.2594,391934.39,310130.262
300144.SZ,2024-08-05,8.01,8.33,7.88,8.06,7.84,0.22,2.8061,897933.14,727177.937
300144.SZ,2024-08-06,8.07,8.53,8.07,8.36,8.06,0.3,3.7221,769912.74,640856.584
300144.SZ,2024-08-07,8.35,8.35,8.14,8.3,8.36,-0.06,-0.7177,471348.58,388157.304
300144.SZ,2024-08-08,8.18,8.41,8.16,8.25,8.3,-0.05,-0.6024,370638.13,307310.083
300144.SZ,2024-08-09,8.21,8.31,8.02,8.03,8.25,-0.22,-2.6667,374807.0,304643.018
300144.SZ,2024-08-12,8.0,8.0,7.73,7.8,8.03,-0.23,-2.8643,335904.91,262543.937
300144.SZ,2024-08-13,7.79,8.13,7.73,8.1,7.8,0.3,3.8462,440717.45,351678.326
300144.SZ,2024-08-14,8.06,8.09,7.94,7.96,8.1,-0.14,-1.7284,203394.32,162562.939
300144.SZ,2024-08-15,7.9,8.12,7.85,8.05,7.96,0.09,1.1307,290604.12,232986.797
300144.SZ,2024-08-16,8.0,8.02,7.87,7.91,8.05,-0.14,-1.7391,232935.0,184372.14
300144.SZ,2024-08-19,7.88,7.97,7.84,7.89,7.91,-0.02,-0.2528,167548.0,132293.661
300144.SZ,2024-08-20,7.86,7.91,7.67,7.7,7.89,-0.19,-2.4081,254893.78,197611.641
300144.SZ,2024-08-21,7.7,7.78,7.64,7.66,7.7,-0.04,-0.5195,170749.43,131461.123
300144.SZ,2024-08-22,7.66,7.68,7.45,7.46,7.66,-0.2,-2.611,229294.8,172588.579
300144.SZ,2024-08-23,7.47,7.6,7.43,7.53,7.46,0.07,0.9383,172336.6,129667.153
300144.SZ,2024-08-26,7.51,7.63,7.4,7.51,7.53,-0.02,-0.2656,218558.84,164005.5
300144.SZ,2024-08-27,7.51,7.64,7.4,7.57,7.51,0.06,0.7989,235796.24,177626.971
300144.SZ,2024-08-28,7.57,7.61,7.46,7.55,7.57,-0.02,-0.2642,193617.52,145810.581
300144.SZ,2024-08-29,7.56,7.58,7.11,7.52,7.55,-0.03,-0.3974,398522.16,293518.444
300144.SZ,2024-08-30,7.48,8.04,7.45,7.77,7.52,0.25,3.3245,693934.91,541763.894
300144.SZ,2024-09-02,7.78,7.87,7.56,7.57,7.77,-0.2,-2.574,378194.06,291894.33
300144.SZ,2024-09-03,7.57,7.71,7.54,7.65,7.57,0.08,1.0568,208795.86,159384.122
300144.SZ,2024-09-04,7.59,7.72,7.59,7.61,7.65,-0.04,-0.5229,207261.47,158394.99
300144.SZ,2024-09-05,7.64,7.74,7.6,7.67,7.61,0.06,0.7884,210825.38,161706.239
300144.SZ,2024-09-06,7.66,7.73,7.51,7.52,7.67,-0.15,-1.9557,245704.3,186991.876
300144.SZ,2024-09-09,7.49,7.68,7.47,7.55,7.52,0.03,0.3989,279387.17,211444.402
300144.SZ,2024-09-10,7.53,7.56,7.2,7.42,7.55,-0.13,-1.7219,372988.44,273915.962
300144.SZ,2024-09-11,7.36,7.4,7.3,7.36,7.42,-0.06,-0.8086,203465.76,149553.031
300144.SZ,2024-09-12,7.36,7.46,7.25,7.25,7.36,-0.11,-1.4946,217888.77,159944.004
300144.SZ,2024-09-13,7.27,7.31,7.13,7.13,7.25,-0.12,-1.6552,173173.7,124792.482
300144.SZ,2024-09-18,7.15,7.15,6.93,7.06,7.13,-0.07,-0.9818,257421.33,180459.208
300144.SZ,2024-09-19,7.11,7.35,7.08,7.15,7.06,0.09,1.2748,324773.04,233612.64
300144.SZ,2024-09-20,7.14,7.14,7.02,7.07,7.15,-0.08,-1.1189,227626.17,160662.063
300144.SZ,2024-09-23,7.07,7.17,7.02,7.05,7.07,-0.02,-0.2829,212015.43,150223.521
300144.SZ,2024-09-24,7.19,7.5,7.14,7.5,7.05,0.45,6.383,599318.08,439495.562
300144.SZ,2024-09-25,7.56,7.83,7.53,7.63,7.5,0.13,1.7333,565504.21,433461.261
300144.SZ,2024-09-26,7.6,8.24,7.57,8.24,7.63,0.61,7.9948,835611.28,665771.161
300144.SZ,2024-09-27,8.39,8.86,8.19,8.77,8.24,0.53,6.432,1027397.87,874501.954
300144.SZ,2024-09-30,9.35,10.52,9.09,10.52,8.77,1.75,19.9544,1857459.98,1807171.756
300144.SZ,2024-10-08,12.4,12.43,10.2,11.2,10.52,0.68,6.4639,2168593.97,2454310.538
300144.SZ,2024-10-09,10.65,10.65,9.44,9.66,11.2,-1.54,-13.75,1570728.45,1574867.247
300144.SZ,2024-10-10,9.8,10.07,9.4,9.67,9.66,0.01,0.1035,816899.09,797005.309
300144.SZ,2024-10-11,9.56,9.68,9.02,9.18,9.67,-0.49,-5.0672,623485.86,578734.129
300144.SZ,2024-10-14,9.11,9.31,8.87,9.22,9.18,0.04,0.4357,607316.75,552662.16
300144.SZ,2024-10-15,9.15,9.27,8.96,8.97,9.22,-0.25,-2.7115,435682.18,397793.653
300144.SZ,2024-10-16,8.85,9.09,8.8,8.93,8.97,-0.04,-0.4459,377539.96,337554.651
300144.SZ,2024-10-17,8.96,9.18,8.93,8.93,8.93,0.0,0.0,368146.47,333058.356
300144.SZ,2024-10-18,8.93,9.76,8.89,9.45,8.93,0.52,5.8231,750738.54,696744.868
300144.SZ,2024-10-21,9.45,10.7,9.37,10.22,9.45,0.77,8.1481,1347617.14,1362923.229
300144.SZ,2024-10-22,10.1,10.3,9.91,10.05,10.22,-0.17,-1.6634,779249.46,785165.557
300144.SZ,2024-10-23,10.08,10.24,10.01,10.06,10.05,0.01,0.0995,498560.11,503849.94
300144.SZ,2024-10-24,10.03,10.16,9.96,10.11,10.06,0.05,0.497,456683.25,459301.653
300144.SZ,2024-10-25,9.84,9.94,9.66,9.83,10.11,-0.28,-2.7695,862755.93,844190.388
300144.SZ,2024-10-28,9.77,9.96,9.6,9.93,9.83,0.1,1.0173,582655.15,571392.986
300144.SZ,2024-10-29,9.96,10.06,9.61,9.63,9.93,-0.3,-3.0211,607650.22,597733.527
300144.SZ,2024-10-30,9.59,9.82,9.52,9.67,9.63,0.04,0.4154,365959.18,354222.136
300144.SZ,2024-10-31,9.66,9.72,9.46,9.65,9.67,-0.02,-0.2068,443377.88,426168.678
300144.SZ,2024-11-01,9.6,9.67,9.35,9.43,9.65,-0.22,-2.2798,417885.74,397077.177
300144.SZ,2024-11-04,9.43,9.71,9.4,9.7,9.43,0.27,2.8632,495121.35,471879.471
300144.SZ,2024-11-05,9.63,9.86,9.55,9.82,9.7,0.12,1.2371,562444.33,548212.2
300144.SZ,2024-11-06,9.78,9.99,9.72,9.89,9.82,0.07,0.7128,622349.0,613387.919
300144.SZ,2024-11-07,9.84,10.34,9.71,10.29,9.89,0.4,4.0445,857612.96,873239.719
300144.SZ,2024-11-08,10.39,10.44,10.04,10.15,10.29,-0.14,-1.3605,691484.33,702942.25
300144.SZ,2024-11-11,9.94,10.24,9.91,10.18,10.15,0.03,0.2956,634366.48,638386.517
300144.SZ,2024-11-12,10.26,10.5,10.14,10.36,10.18,0.18,1.7682,835430.88,862554.349
300144.SZ,2024-11-13,10.48,10.53,9.77,9.95,10.36,-0.41,-3.9575,1074489.92,1071388.917
300144.SZ,2024-11-14,9.85,9.92,9.63,9.67,9.95,-0.28,-2.8141,570104.96,558240.879
300144.SZ,2024-11-15,9.67,9.82,9.55,9.56,9.67,-0.11,-1.1375,385408.57,373999.074
300144.SZ,2024-11-18,9.58,9.66,9.28,9.32,9.56,-0.24,-2.5105,382721.88,360783.307
300144.SZ,2024-11-19,9.38,9.47,9.26,9.47,9.32,0.15,1.6094,292585.01,274771.158
300144.SZ,2024-11-20,9.46,9.53,9.32,9.49,9.47,0.02,0.2112,308409.46,291314.087
300144.SZ,2024-11-21,9.44,9.47,9.34,9.42,9.49,-0.07,-0.7376,275299.7,258851.12
300144.SZ,2024-11-22,9.41,9.47,9.06,9.06,9.42,-0.36,-3.8217,386171.37,358650.251
300144.SZ,2024-11-25,9.1,9.32,9.06,9.19,9.06,0.13,1.4349,352667.58,324249.103
300144.SZ,2024-11-26,9.18,9.46,9.13,9.2,9.19,0.01,0.1088,345303.69,320666.476
300144.SZ,2024-11-27,9.14,9.39,9.06,9.38,9.2,0.18,1.9565,309505.31,285333.703
300144.SZ,2024-11-28,9.38,9.65,9.35,9.35,9.38,-0.03,-0.3198,361771.16,343256.135
300144.SZ,2024-11-29,9.32,9.52,9.3,9.44,9.35,0.09,0.9626,382928.51,361100.028
300144.SZ,2024-12-02,9.35,9.69,9.32,9.66,9.44,0.22,2.3305,476457.63,456246.963
300144.SZ,2024-12-03,9.65,9.71,9.5,9.56,9.66,-0.1,-1.0352,349531.34,335266.926
300144.SZ,2024-12-04,9.49,9.55,9.35,9.39,9.56,-0.17,-1.7782,271404.9,256466.343
300144.SZ,2024-12-05,9.36,9.52,9.36,9.47,9.39,0.08,0.852,202503.26,191415.135
300144.SZ,2024-12-06,9.45,9.61,9.39,9.58,9.47,0.11,1.1616,310921.39,296232.225
300144.SZ,2024-12-09,9.55,9.73,9.42,9.5,9.58,-0.08,-0.8351,321893.4,307368.36
300144.SZ,2024-12-10,9.91,10.13,9.69,9.71,9.5,0.21,2.2105,1070014.75,1064571.538
300144.SZ,2024-12-11,9.68,9.98,9.64,9.95,9.71,0.24,2.4717,514354.41,508352.523
300144.SZ,2024-12-12,9.9,10.31,9.87,10.29,9.95,0.34,3.4171,887027.04,900416.124
300144.SZ,2024-12-13,10.2,10.62,10.11,10.3,10.29,0.01,0.0972,1130248.06,1166007.375
300144.SZ,2024-12-16,10.65,10.8,10.21,10.35,10.3,0.05,0.4854,1225540.65,1289866.606
300144.SZ,2024-12-17,10.32,10.32,9.8,9.99,10.35,-0.36,-3.4783,763693.55,762216.593
300144.SZ,2024-12-18,10.01,10.13,9.89,9.96,9.99,-0.03,-0.3003,428717.77,428272.28
300144.SZ,2024-12-19,9.85,9.95,9.7,9.89,9.96,-0.07,-0.7028,374095.15,367362.296
300144.SZ,2024-12-20,9.88,10.06,9.75,9.78,9.89,-0.11,-1.1122,388629.8,384259.557
300144.SZ,2024-12-23,9.77,9.8,9.48,9.5,9.78,-0.28,-2.863,388402.9,373737.79
300144.SZ,2024-12-24,9.51,9.61,9.44,9.55,9.5,0.05,0.5263,242288.96,230769.682
300144.SZ,2024-12-25,9.53,9.68,9.34,9.6,9.55,0.05,0.5236,320385.88,304869.914
300144.SZ,2024-12-26,9.6,9.68,9.51,9.55,9.6,-0.05,-0.5208,236957.55,227059.417
300144.SZ,2024-12-27,9.54,9.77,9.49,9.63,9.55,0.08,0.8377,296571.88,286707.613
300144.SZ,2024-12-30,9.63,9.66,9.5,9.54,9.63,-0.09,-0.9346,238193.01,227706.632
300144.SZ,2024-12-31,9.54,9.64,9.29,9.29,9.54,-0.25,-2.6205,293628.33,277573.437
300144.SZ,2025-01-02,9.29,9.42,9.01,9.12,9.29,-0.17,-1.8299,353117.93,325949.826
300144.SZ,2025-01-03,9.13,9.2,8.8,8.83,9.12,-0.29,-3.1798,326198.42,292330.883
300144.SZ,2025-01-06,8.77,8.84,8.61,8.69,8.83,-0.14,-1.5855,252367.2,220160.624
300144.SZ,2025-01-07,8.74,8.79,8.65,8.74,8.69,0.05,0.5754,200729.68,174827.491
300144.SZ,2025-01-08,8.74,8.75,8.37,8.55,8.74,-0.19,-2.1739,322037.5,274567.7
300144.SZ,2025-01-09,8.45,8.58,8.44,8.45,8.55,-0.1,-1.1696,233180.4,198033.684
300144.SZ,2025-01-10,8.46,8.49,8.17,8.17,8.45,-0.28,-3.3136,258457.68,214796.249
300144.SZ,2025-01-13,8.12,8.35,8.08,8.32,8.17,0.15,1.836,276510.95,228420.547
300144.SZ,2025-01-14,8.55,8.61,8.41,8.54,8.32,0.22,2.6442,420647.22,357361.417
300144.SZ,2025-01-15,8.52,8.66,8.47,8.56,8.54,0.02,0.2342,336517.36,288653.96
300144.SZ,2025-01-16,8.57,8.79,8.56,8.66,8.56,0.1,1.1682,325642.71,282368.452
300144.SZ,2025-01-17,8.63,8.71,8.55,8.7,8.66,0.04,0.4619,205383.51,177929.415
300144.SZ,2025-01-20,8.76,8.89,8.69,8.82,8.7,0.12,1.3793,287687.96,253771.146
300144.SZ,2025-01-21,8.83,8.93,8.69,8.76,8.82,-0.06,-0.6803,205502.45,180041.089
300144.SZ,2025-01-22,8.7,8.74,8.59,8.65,8.76,-0.11,-1.2557,228627.07,197635.352
300144.SZ,2025-01-23,8.76,8.84,8.65,8.66,8.65,0.01,0.1156,250903.81,219457.192
300144.SZ,2025-01-24,8.64,8.84,8.61,8.82,8.66,0.16,1.8476,252474.39,220818.607
300144.SZ,2025-01-27,8.96,9.17,8.93,8.98,8.82,0.16,1.8141,439778.27,397962.208
300144.SZ,2025-02-05,9.02,9.09,8.8,8.93,8.98,-0.05,-0.5568,312248.38,279176.966
300144.SZ,2025-02-06,8.93,9.0,8.84,8.97,8.93,0.04,0.4479,327801.84,292714.782
300144.SZ,2025-02-07,8.95,9.03,8.85,8.93,8.97,-0.04,-0.4459,480489.75,430116.887
300144.SZ,2025-02-10,8.94,9.23,8.92,9.18,8.93,0.25,2.7996,513078.28,466814.64
300144.SZ,2025-02-11,9.19,9.21,8.96,9.05,9.18,-0.13,-1.4161,316790.02,286199.212
300144.SZ,2025-02-12,9.04,9.12,8.98,9.09,9.05,0.04,0.442,265350.61,240106.102
300144.SZ,2025-02-13,9.09,9.34,9.06,9.25,9.09,0.16,1.7602,498440.53,459630.768
300144.SZ,2025-02-14,9.21,9.24,9.1,9.18,9.25,-0.07,-0.7568,349660.45,320250.144
300144.SZ,2025-02-17,9.2,9.22,9.01,9.04,9.18,-0.14,-1.5251,418102.25,379499.899
300144.SZ,2025-02-18,9.01,9.03,8.69,8.71,9.04,-0.33,-3.6504,395117.9,349731.871
300144.SZ,2025-02-19,8.73,8.77,8.65,8.76,8.71,0.05,0.5741,255162.31,222328.574
300144.SZ,2025-02-20,8.75,8.88,8.72,8.75,8.76,-0.01,-0.1142,259875.15,228406.526
300144.SZ,2025-02-21,8.77,8.94,8.73,8.85,8.75,0.1,1.1429,439938.95,389005.174
300144.SZ,2025-02-24,8.81,8.95,8.77,8.83,8.85,-0.02,-0.226,308414.02,272648.176
300144.SZ,2025-02-25,8.75,8.82,8.62,8.66,8.83,-0.17,-1.9253,327367.82,285269.696
300144.SZ,2025-02-26,8.66,8.74,8.63,8.71,8.66,0.05,0.5774,262690.24,228056.185
300144.SZ,2025-02-27,8.74,8.94,8.7,8.86,8.71,0.15,1.7222,511137.42,452496.546
300144.SZ,2025-02-28,8.8,8.92,8.67,8.7,8.86,-0.16,-1.8059,401838.2,352974.042
300144.SZ,2025-03-03,8.71,8.93,8.62,8.68,8.7,-0.02,-0.2299,429603.15,377208.924
300144.SZ,2025-03-04,8.63,8.73,8.62,8.72,8.68,0.04,0.4608,213737.0,185583.729
300144.SZ,2025-03-05,8.72,8.8,8.65,8.7,8.72,-0.02,-0.2294,231188.88,201241.087
300144.SZ,2025-03-06,8.71,9.04,8.69,9.0,8.7,0.3,3.4483,594943.71,529884.499
300144.SZ,2025-03-07,8.97,9.03,8.88,8.92,9.0,-0.08,-0.8889,302275.27,270549.622
300144.SZ,2025-03-10,8.92,8.94,8.84,8.91,8.92,-0.01,-0.1121,234525.67,208280.917
300144.SZ,2025-03-11,8.84,9.04,8.78,9.04,8.91,0.13,1.459,333012.58,298334.082
300144.SZ,2025-03-12,9.05,9.12,8.96,8.97,9.04,-0.07,-0.7743,262069.15,236535.928
300144.SZ,2025-03-13,8.98,8.99,8.87,8.97,8.97,0.0,0.0,223943.81,199934.129
300144.SZ,2025-03-14,9.03,9.33,9.02,9.33,8.97,0.36,4.0134,635855.35,585464.389
300144.SZ,2025-03-17,9.39,9.55,9.34,9.36,9.33,0.03,0.3215,568738.87,536222.734
300144.SZ,2025-03-18,9.4,9.43,9.29,9.34,9.36,-0.02,-0.2137,341609.7,319137.538
300144.SZ,2025-03-19,9.31,9.4,9.27,9.35,9.34,0.01,0.1071,323571.38,302434.097
300144.SZ,2025-03-20,9.37,9.5,9.26,9.29,9.35,-0.06,-0.6417,396960.55,372456.145
300144.SZ,2025-03-21,9.21,9.38,9.18,9.3,9.29,0.01,0.1076,348831.24,323652.917
300144.SZ,2025-03-24,9.36,9.66,9.34,9.52,9.3,0.22,2.3656,859481.49,818347.208
300144.SZ,2025-03-25,9.44,9.53,9.3,9.49,9.52,-0.03,-0.3151,523360.48,492151.206
300144.SZ,2025-03-26,9.44,9.65,9.33,9.56,9.49,0.07,0.7376,583247.97,557491.167
300144.SZ,2025-03-27,9.57,9.69,9.42,9.44,9.56,-0.12,-1.2552,456630.45,434559.805
300144.SZ,2025-03-28,9.39,9.47,9.27,9.27,9.44,-0.17,-1.8008,376595.0,352313.168
300144.SZ,2025-03-31,9.25,9.35,9.13,9.21,9.27,-0.06,-0.6472,313558.09,289454.328
300144.SZ,2025-04-01,9.19,9.39,9.19,9.31,9.21,0.1,1.0858,316312.14,294674.952
300144.SZ,2025-04-02,9.28,9.44,9.23,9.37,9.31,0.06,0.6445,270081.33,253019.541
300144.SZ,2025-04-03,9.3,9.63,9.25,9.5,9.37,0.13,1.3874,505279.15,479970.884
300144.SZ,2025-04-07,9.21,9.39,8.56,8.84,9.5,-0.66,-6.9474,853491.81,768175.968
300144.SZ,2025-04-08,9.0,9.2,8.91,9.09,8.84,0.25,2.8281,591372.38,535455.318
300144.SZ,2025-04-09,8.95,9.89,8.72,9.78,9.09,0.69,7.5908,1170792.07,1104469.407
300144.SZ,2025-04-10,9.69,10.19,9.53,9.96,9.78,0.18,1.8405,1395676.55,1388023.469
300144.SZ,2025-04-11,9.85,10.0,9.75,9.79,9.96,-0.17,-1.7068,757028.58,744043.798
300144.SZ,2025-04-14,9.78,10.06,9.75,9.94,9.79,0.15,1.5322,811716.74,806508.716
300144.SZ,2025-04-15,9.97,10.09,9.8,9.87,9.94,-0.07,-0.7042,628004.42,623030.634
300144.SZ,2025-04-16,9.8,10.01,9.73,9.84,9.87,-0.03,-0.304,633318.06,625476.574
300144.SZ,2025-04-17,9.77,10.48,9.73,10.22,9.84,0.38,3.8618,1385723.68,1406726.749
300144.SZ,2025-04-18,10.1,10.19,9.81,9.9,10.22,-0.32,-3.1311,859018.45,856197.02
300144.SZ,2025-04-21,9.83,9.93,9.71,9.91,9.9,0.01,0.101,519763.32,511740.772
300144.SZ,2025-04-22,9.85,9.93,9.68,9.77,9.91,-0.14,-1.4127,576913.94,563714.45
300144.SZ,2025-04-23,9.78,9.84,9.61,9.67,9.77,-0.1,-1.0235,469704.5,455370.095
300144.SZ,2025-04-24,9.62,9.92,9.62,9.84,9.67,0.17,1.758,600893.86,587912.425
300144.SZ,2025-04-25,9.68,9.83,9.38,9.58,9.84,-0.26,-2.6423,704343.55,681355.903
300144.SZ,2025-04-28,9.58,9.64,9.23,9.42,9.58,-0.16,-1.6701,669015.34,628649.058
300144.SZ,2025-04-29,9.38,9.45,9.28,9.34,9.42,-0.08,-0.8493,331785.51,310195.621
300144.SZ,2025-04-30,9.34,9.4,9.31,9.35,9.34,0.01,0.1071,321691.05,300713.06
300144.SZ,2025-05-06,9.43,9.43,9.26,9.35,9.35,0.0,0.0,442878.61,412669.811
300144.SZ,2025-05-07,9.44,9.5,9.26,9.3,9.35,-0.05,-0.5348,408058.25,381579.557
300144.SZ,2025-05-08,9.3,9.3,9.15,9.17,9.3,-0.13,-1.3978,439939.74,405166.851
300144.SZ,2025-05-09,9.14,9.23,9.12,9.13,9.17,-0.04,-0.4362,267350.91,244670.615
300144.SZ,2025-05-12,9.17,9.24,9.1,9.24,9.13,0.11,1.2048,300548.92,276016.538
300144.SZ,2025-05-13,9.27,9.29,9.15,9.2,9.24,-0.04,-0.4329,246558.69,226807.015
300144.SZ,2025-05-14,9.19,9.23,9.08,9.18,9.2,-0.02,-0.2174,258900.74,236834.022
300144.SZ,2025-05-15,9.17,9.21,9.13,9.13,9.18,-0.05,-0.5447,177712.82,162859.319
300144.SZ,2025-05-16,9.11,9.15,9.08,9.12,9.13,-0.01,-0.1095,169015.47,153999.574
300144.SZ,2025-05-19,9.12,9.18,9.08,9.13,9.12,0.01,0.1096,165918.91,151606.57
300144.SZ,2025-05-20,9.15,9.31,9.13,9.29,9.13,0.16,1.7525,341523.18,315752.83
300144.SZ,2025-05-21,9.25,9.26,9.13,9.14,9.29,-0.15,-1.6146,265878.13,243974.696
300144.SZ,2025-05-22,9.13,9.15,8.99,8.99,9.14,-0.15,-1.6411,251000.86,227336.865
300144.SZ,2025-05-23,9.0,9.14,8.97,9.0,8.99,0.01,0.1112,229798.07,208273.212
300144.SZ,2025-05-26,9.01,9.04,8.93,9.02,9.0,0.02,0.2222,134539.79,120948.72
300144.SZ,2025-05-27,9.04,9.09,9.01,9.07,9.02,0.05,0.5543,140879.3,127562.966
300144.SZ,2025-05-28,9.05,9.08,9.0,9.03,9.07,-0.04,-0.441,114973.07,103864.528
300144.SZ,2025-05-29,9.02,9.12,8.98,9.08,9.03,0.05,0.5537,193410.07,175468.146
300144.SZ,2025-05-30,9.06,9.17,9.0,9.05,9.08,-0.03,-0.3304,241041.92,218642.807
300144.SZ,2025-06-03,9.02,9.11,9.02,9.07,9.05,0.02,0.221,171416.54,155364.836
300144.SZ,2025-06-04,9.06,9.22,9.02,9.19,9.07,0.12,1.323,311187.68,284612.547
300144.SZ,2025-06-05,9.18,9.22,9.08,9.11,9.19,-0.08,-0.8705,211493.17,193166.649
300144.SZ,2025-06-06,9.11,9.13,9.06,9.1,9.11,-0.01,-0.1098,145096.68,131862.814
300144.SZ,2025-06-09,9.1,9.17,9.08,9.16,9.1,0.06,0.6593,195847.9,178897.174
300144.SZ,2025-06-10,9.15,9.22,9.03,9.09,9.16,-0.07,-0.7642,263964.14,241154.912
300144.SZ,2025-06-11,9.09,9.21,9.09,9.12,9.09,0.03,0.33,233805.95,213750.379
300144.SZ,2025-06-12,9.1,9.17,9.06,9.1,9.12,-0.02,-0.2193,185496.17,168790.547
300144.SZ,2025-06-13,9.08,9.09,8.92,8.97,9.1,-0.13,-1.4286,307231.79,275870.036
300144.SZ,2025-06-16,8.94,8.99,8.91,8.97,8.97,0.0,0.0,157221.12,140763.451
300144.SZ,2025-06-17,8.98,9.01,8.91,8.93,8.97,-0.04,-0.4459,154142.05,137917.569
300144.SZ,2025-06-18,8.92,8.93,8.77,8.78,8.93,-0.15,-1.6797,280020.8,246971.402
300144.SZ,2025-06-19,8.7,8.83,8.6,8.63,8.78,-0.15,-1.7084,300590.82,261570.019
300144.SZ,2025-06-20,8.61,8.66,8.34,8.37,8.63,-0.26,-3.0127,534506.46,452253.759
300144.SZ,2025-06-23,8.35,8.43,8.33,8.41,8.37,0.04,0.4779,203485.87,170656.828
300144.SZ,2025-06-24,8.46,8.56,8.45,8.54,8.41,0.13,1.5458,228318.66,194740.127
300144.SZ,2025-06-25,8.63,8.69,8.54,8.67,8.54,0.13,1.5222,249900.38,215398.131
300144.SZ,2025-06-26,8.66,8.84,8.62,8.74,8.67,0.07,0.8074,363506.01,317445.692
300144.SZ,2025-06-27,8.69,8.75,8.66,8.68,8.74,-0.06,-0.6865,272437.17,237020.958
300144.SZ,2025-06-30,8.5,8.57,8.46,8.55,8.48,0.07,0.8255,201436.38,171663.662
300144.SZ,2025-07-01,8.55,8.58,8.48,8.51,8.55,-0.04,-0.4678,156501.6,133228.854
300144.SZ,2025-07-02,8.52,8.54,8.45,8.49,8.51,-0.02,-0.235,193565.72,164280.28
300144.SZ,2025-07-03,8.47,8.54,8.46,8.49,8.49,0.0,0.0,184430.46,156731.966
300144.SZ,2025-07-04,8.5,8.51,8.46,8.47,8.49,-0.02,-0.2356,165750.68,140504.399
300144.SZ,2025-07-07,8.47,8.49,8.43,8.45,8.47,-0.02,-0.2361,137878.77,116641.663
300144.SZ,2025-07-08,8.45,8.53,8.44,8.52,8.45,0.07,0.8284,220930.43,187549.775
300144.SZ,2025-07-09,8.52,8.57,8.49,8.51,8.52,-0.01,-0.1174,217257.23,185286.708
300144.SZ,2025-07-10,8.51,8.56,8.49,8.56,8.51,0.05,0.5875,201896.01,172330.863
300144.SZ,2025-07-11,8.56,8.62,8.53,8.58,8.56,0.02,0.2336,250838.24,215225.702
300144.SZ,2025-07-14,8.58,8.61,8.53,8.54,8.58,-0.04,-0.4662,190704.0,163208.581
300144.SZ,2025-07-15,8.55,8.57,8.39,8.41,8.54,-0.13,-1.5222,288442.39,243639.872
300144.SZ,2025-07-16,8.41,8.49,8.41,8.44,8.41,0.03,0.3567,185125.84,156446.203
300144.SZ,2025-07-17,8.46,8.53,8.41,8.46,8.44,0.02,0.237,273981.74,231653.216
300144.SZ,2025-07-18,8.46,8.53,8.44,8.53,8.46,0.07,0.8274,268598.33,228044.572
300144.SZ,2025-07-21,8.51,8.58,8.49,8.56,8.53,0.03,0.3517,258614.52,221180.735
300144.SZ,2025-07-22,8.6,8.7,8.53,8.7,8.56,0.14,1.6355,420585.06,362736.027
300144.SZ,2025-07-23,8.72,8.72,8.6,8.62,8.7,-0.08,-0.9195,314865.19,272755.47
300144.SZ,2025-07-24,8.63,8.86,8.62,8.82,8.62,0.2,2.3202,506433.01,444986.809
300144.SZ,2025-07-25,8.84,8.97,8.74,8.74,8.82,-0.08,-0.907,391863.94,345087.426
300144.SZ,2025-07-28,8.76,8.77,8.72,8.75,8.74,0.01,0.1144,260755.32,227998.562
300144.SZ,2025-07-29,8.77,8.78,8.62,8.73,8.75,-0.02,-0.2286,257136.13,223185.835
300144.SZ,2025-07-30,8.71,8.78,8.65,8.71,8.73,-0.02,-0.2291,291721.78,254586.942
300144.SZ,2025-07-31,8.7,8.71,8.53,8.55,8.71,-0.16,-1.837,322591.21,277516.649
300144.SZ,2025-08-01,8.55,8.59,8.45,8.52,8.55,-0.03,-0.3509,238201.26,202955.927
300144.SZ,2025-08-04,8.49,8.54,8.47,8.53,8.52,0.01,0.1174,174131.06,148115.629
300144.SZ,2025-08-05,8.54,8.59,8.53,8.56,8.53,0.03,0.3517,184307.61,157571.384
300144.SZ,2025-08-06,8.56,8.56,8.46,8.53,8.56,-0.03,-0.3505,219004.29,186491.453
300144.SZ,2025-08-07,8.53,8.62,8.51,8.54,8.53,0.01,0.1172,257051.68,219796.302
300144.SZ,2025-08-08,8.53,8.56,8.48,8.51,8.54,-0.03,-0.3513,216819.26,184659.488
300144.SZ,2025-08-11,8.5,8.57,8.49,8.54,8.51,0.03,0.3525,270787.17,230931.082
300144.SZ,2025-08-12,8.54,8.58,8.51,8.53,8.54,-0.01,-0.1171,226837.32,193807.284
300144.SZ,2025-08-13,8.6,8.64,8.52,8.54,8.53,0.01,0.1172,397106.83,339834.892
300144.SZ,2025-08-14,8.54,8.6,8.44,8.46,8.54,-0.08,-0.9368,392725.24,334737.4
300144.SZ,2025-08-15,8.45,8.59,8.41,8.58,8.46,0.12,1.4184,398763.33,339258.907
300144.SZ,2025-08-18,8.59,8.74,8.58,8.67,8.58,0.09,1.049,560084.18,485959.921
300144.SZ,2025-08-19,8.68,8.71,8.63,8.66,8.67,-0.01,-0.1153,343964.92,298118.085
300144.SZ,2025-08-20,8.63,8.81,8.62,8.8,8.66,0.14,1.6166,556965.56,487161.949
300144.SZ,2025-08-21,8.78,8.86,8.75,8.79,8.8,-0.01,-0.1136,441023.15,388067.708
300144.SZ,2025-08-22,8.78,8.86,8.72,8.86,8.79,0.07,0.7964,476034.56,418672.614
300144.SZ,2025-08-25,8.88,9.03,8.86,8.99,8.86,0.13,1.4673,676377.51,606680.455
300144.SZ,2025-08-26,8.97,9.15,8.91,9.06,8.99,0.07,0.7786,577932.45,523511.491
300144.SZ,2025-08-27,8.88,8.92,8.68,8.68,9.06,-0.38,-4.1943,1070877.94,942474.058
300144.SZ,2025-08-28,8.68,8.81,8.52,8.74,8.68,0.06,0.6912,587108.18,510271.118
300144.SZ,2025-08-29,8.72,8.83,8.71,8.75,8.74,0.01,0.1144,510743.46,447890.922
300144.SZ,2025-09-01,8.75,8.91,8.7,8.88,8.75,0.13,1.4857,636862.74,564007.646
300144.SZ,2025-09-02,8.86,8.93,8.71,8.83,8.88,-0.05,-0.5631,555201.53,489233.379
300144.SZ,2025-09-03,8.83,8.86,8.6,8.62,8.83,-0.21,-2.3783,431260.14,375441.076
300144.SZ,2025-09-04,8.65,8.91,8.6,8.9,8.62,0.28,3.2483,896129.21,788296.032
300144.SZ,2025-09-05,9.0,9.15,8.76,9.1,8.9,0.2,2.2472,1077519.7,964619.171
300144.SZ,2025-09-08,9.05,9.18,8.97,9.01,9.1,-0.09,-0.989,850129.0,770344.037
300144.SZ,2025-09-09,9.05,9.12,8.94,9.03,9.01,0.02,0.222,629636.87,567926.273
300144.SZ,2025-09-10,8.99,9.11,8.98,9.08,9.03,0.05,0.5537,740939.49,671464.327
300144.SZ,2025-09-11,9.05,9.09,8.91,9.09,9.08,0.01,0.1101,660770.73,593747.844
300144.SZ,2025-09-12,9.07,9.16,8.99,9.0,9.09,-0.09,-0.9901,577261.14,523386.889
300144.SZ,2025-09-15,8.98,9.28,8.93,9.19,9.0,0.19,2.1111,926836.47,843480.963
300144.SZ,2025-09-16,9.26,9.43,9.19,9.36,9.19,0.17,1.8498,1180692.7,1098287.786
300144.SZ,2025-09-17,9.5,9.53,9.17,9.26,9.36,-0.1,-1.0684,989128.15,916948.843
300144.SZ,2025-09-18,9.26,9.44,9.19,9.3,9.26,0.04,0.432,1134637.46,1057662.798
300144.SZ,2025-09-19,9.22,9.97,9.04,9.69,9.3,0.39,4.1935,1961629.41,1860777.756
300144.SZ,2025-09-22,9.5,9.56,9.25,9.33,9.69,-0.36,-3.7152,1106700.04,1040794.884
300144.SZ,2025-09-23,9.24,9.26,8.85,8.99,9.33,-0.34,-3.6442,955335.55,859093.33
300144.SZ,2025-09-24,8.9,9.08,8.81,9.02,8.99,0.03,0.3337,553087.69,494416.712
300144.SZ,2025-09-25,8.97,9.07,8.84,9.05,9.02,0.03,0.3326,617223.46,552632.451
300144.SZ,2025-09-26,8.96,8.98,8.86,8.86,9.05,-0.19,-2.0994,399957.64,356405.6
300144.SZ,2025-09-29,8.86,8.95,8.71,8.88,8.86,0.02,0.2257,415605.95,367390.317
300144.SZ,2025-09-30,8.89,8.92,8.75,8.76,8.88,-0.12,-1.3514,521828.13,459964.156
300144.SZ,2025-10-09,8.72,8.74,8.46,8.5,8.76,-0.26,-2.968,666934.29,567679.02
300144.SZ,2025-10-10,8.48,8.58,8.47,8.48,8.5,-0.02,-0.2353,354341.79,301307.713
300144.SZ,2025-10-13,8.29,8.38,8.23,8.33,8.48,-0.15,-1.7689,382802.85,318580.82
300144.SZ,2025-10-14,8.35,8.41,8.27,8.29,8.33,-0.04,-0.4802,359625.87,300111.876
300144.SZ,2025-10-15,8.31,8.37,8.3,8.36,8.29,0.07,0.8444,255509.53,213064.8
300144.SZ,2025-10-16,8.34,8.39,8.26,8.26,8.36,-0.1,-1.1962,318870.18,264992.78
300144.SZ,2025-10-17,8.26,8.3,8.09,8.09,8.26,-0.17,-2.0581,383600.94,314122.641
300144.SZ,2025-10-20,8.15,8.19,8.11,8.11,8.09,0.02,0.2472,207078.75,168605.524
300144.SZ,2025-10-21,8.11,8.15,8.09,8.12,8.11,0.01,0.1233,251960.08,204703.744
300144.SZ,2025-10-22,8.1,8.13,8.09,8.11,8.12,-0.01,-0.1232,202757.92,164489.64
300144.SZ,2025-10-23,8.11,8.18,8.03,8.17,8.11,0.06,0.7398,281200.55,228085.99
300144.SZ,2025-10-24,8.17,8.18,8.1,8.12,8.17,-0.05,-0.612,228019.17,185406.241
300144.SZ,2025-10-27,8.13,8.15,8.11,8.13,8.12,0.01,0.1232,219722.88,178655.701
300144.SZ,2025-10-28,8.11,8.16,8.07,8.08,8.13,-0.05,-0.615,271966.55,220522.867
300144.SZ,2025-10-29,8.07,8.08,8.03,8.07,8.08,-0.01,-0.1238,256771.25,206709.685
300144.SZ,2025-10-30,8.07,8.08,7.97,7.99,8.07,-0.08,-0.9913,352974.42,283270.195
300144.SZ,2025-10-31,7.98,8.05,7.96,8.03,7.99,0.04,0.5006,291742.83,234238.5
300144.SZ,2025-11-03,8.04,8.07,7.96,8.07,8.03,0.04,0.4981,325643.62,260822.479
300144.SZ,2025-11-04,8.05,8.09,7.99,8.01,8.07,-0.06,-0.7435,271547.8,218201.429
300144.SZ,2025-11-05,7.99,8.15,7.97,8.09,8.01,0.08,0.9988,392352.19,317532.962
300144.SZ,2025-11-06,8.07,8.1,8.02,8.07,8.09,-0.02,-0.2472,270143.93,217608.844
300144.SZ,2025-11-07,8.08,8.14,8.05,8.11,8.07,0.04,0.4957,231318.81,187414.287
300144.SZ,2025-11-10,8.11,8.3,8.1,8.28,8.11,0.17,2.0962,520180.88,428446.335
300144.SZ,2025-11-11,8.24,8.3,8.21,8.28,8.28,0.0,0.0,333540.04,275341.471
300144.SZ,2025-11-12,8.28,8.34,8.21,8.21,8.28,-0.07,-0.8454,304933.16,251826.344
300144.SZ,2025-11-13,8.21,8.31,8.18,8.29,8.21,0.08,0.9744,330654.05,272403.679
300144.SZ,2025-11-14,8.25,8.34,8.21,8.22,8.29,-0.07,-0.8444,285860.56,236307.875
300144.SZ,2025-11-17,8.22,8.23,8.11,8.15,8.22,-0.07,-0.8516,278139.2,226829.771
300144.SZ,2025-11-18,8.15,8.15,8.01,8.06,8.15,-0.09,-1.1043,344962.09,277902.788
300144.SZ,2025-11-19,8.05,8.11,8.01,8.06,8.06,0.0,0.0,222447.28,179131.014
300144.SZ,2025-11-20,8.06,8.07,7.99,7.99,8.06,-0.07,-0.8685,239898.0,192338.051
300144.SZ,2025-11-21,7.94,8.0,7.82,7.83,7.99,-0.16,-2.0025,321773.62,253784.637
300144.SZ,2025-11-24,7.84,7.99,7.84,7.93,7.83,0.1,1.2771,202768.87,160563.684
300144.SZ,2025-11-25,7.95,8.0,7.91,7.95,7.93,0.02,0.2522,230539.71,183504.771
300144.SZ,2025-11-26,8.02,8.05,7.93,7.93,7.95,-0.02,-0.2516,196257.98,156566.944
300144.SZ,2025-11-27,7.95,7.99,7.91,7.93,7.93,0.0,0.0,178801.8,142219.581
300144.SZ,2025-11-28,7.91,7.93,7.83,7.9,7.93,-0.03,-0.3783,196237.46,154528.863
300144.SZ,2025-12-01,7.91,8.12,7.91,8.1,7.9,0.2,2.5316,380660.22,306751.493
300144.SZ,2025-12-02,8.07,8.13,8.04,8.07,8.1,-0.03,-0.3704,258596.77,209057.829
300144.SZ,2025-12-03,8.09,8.1,8.01,8.05,8.07,-0.02,-0.2478,214931.51,173181.435
300144.SZ,2025-12-04,8.03,8.04,7.9,7.95,8.05,-0.1,-1.2422,227203.4,180513.98
300144.SZ,2025-12-05,7.93,7.98,7.87,7.97,7.95,0.02,0.2516,159402.58,126427.219
300144.SZ,2025-12-08,7.97,8.08,7.95,8.06,7.97,0.09,1.1292,251737.84,201623.275
300144.SZ,2025-12-09,8.05,8.06,7.95,7.95,8.06,-0.11,-1.3648,152070.8,121578.258
300144.SZ,2025-12-10,8.1,8.13,8.03,8.06,7.95,0.11,1.3836,267991.7,216129.026
300144.SZ,2025-12-11,8.12,8.12,7.97,7.97,8.06,-0.09,-1.1166,175593.88,141048.175
300144.SZ,2025-12-12,8.0,8.0,7.92,7.97,7.97,0.0,0.0,216942.58,172567.181
300144.SZ,2025-12-15,7.98,8.03,7.96,7.98,7.97,0.01,0.1255,127433.56,101873.168
300144.SZ,2025-12-16,8.0,8.11,7.98,8.08,7.98,0.1,1.2531,345440.84,278558.017
300144.SZ,2025-12-17,8.1,8.26,8.05,8.22,8.08,0.14,1.7327,553353.95,453093.006
300144.SZ,2025-12-18,8.19,8.24,8.14,8.19,8.22,-0.03,-0.365,335568.82,274795.939
300144.SZ,2025-12-19,8.19,8.35,8.17,8.33,8.19,0.14,1.7094,580517.73,481017.396
300144.SZ,2025-12-22,8.32,8.44,8.26,8.34,8.33,0.01,0.12,514262.94,429153.616
300144.SZ,2025-12-23,8.33,8.33,8.14,8.15,8.34,-0.19,-2.2782,439965.8,361440.36
300144.SZ,2025-12-24,8.16,8.24,8.09,8.21,8.15,0.06,0.7362,307673.17,251092.203
300144.SZ,2025-12-25,8.2,8.29,8.14,8.25,8.21,0.04,0.4872,265354.06,218252.778
300144.SZ,2025-12-26,8.26,8.3,8.21,8.28,8.25,0.03,0.3636,284043.99,234679.022
300144.SZ,2025-12-29,8.28,8.31,8.2,8.21,8.28,-0.07,-0.8454,237361.5,195862.912
300144.SZ,2025-12-30,8.17,8.23,8.16,8.18,8.21,-0.03,-0.3654,192875.96,157886.725
300144.SZ,2025-12-31,8.18,8.26,8.11,8.19,8.18,0.01,0.1222,233220.18,190760.365
300144.SZ,2026-01-05,8.19,8.21,8.15,8.2,8.19,0.01,0.1221,270109.99,220787.721
300144.SZ,2026-01-06,8.21,8.31,8.2,8.29,8.2,0.09,1.0976,351903.93,290619.794
300144.SZ,2026-01-07,8.3,8.36,8.25,8.28,8.29,-0.01,-0.1206,350537.58,290835.107
300144.SZ,2026-01-08,8.26,8.32,8.22,8.29,8.28,0.01,0.1208,274985.59,227428.235
300144.SZ,2026-01-09,8.29,8.34,8.26,8.32,8.29,0.03,0.3619,330144.65,274071.585
300144.SZ,2026-01-12,8.32,8.48,8.3,8.48,8.32,0.16,1.9231,579957.76,488529.696
300144.SZ,2026-01-13,8.45,8.5,8.33,8.35,8.48,-0.13,-1.533,500155.44,421233.469
300144.SZ,2026-01-14,8.36,8.6,8.35,8.53,8.35,0.18,2.1557,819852.13,697284.539
300144.SZ,2026-01-15,8.58,8.63,8.42,8.5,8.53,-0.03,-0.3517,621691.0,528788.074
300144.SZ,2026-01-16,8.45,8.51,8.29,8.31,8.5,-0.19,-2.2353,494772.53,414051.057
300144.SZ,2026-01-19,8.31,8.52,8.29,8.48,8.31,0.17,2.0457,465389.96,393527.653
300144.SZ,2026-01-20,8.47,8.62,8.45,8.57,8.48,0.09,1.0613,542689.82,463110.441
300144.SZ,2026-01-21,8.53,8.62,8.45,8.54,8.57,-0.03,-0.3501,390259.95,332087.279
300144.SZ,2026-01-22,8.52,8.58,8.47,8.53,8.54,-0.01,-0.1171,296404.84,252690.842
300144.SZ,2026-01-23,8.51,8.56,8.45,8.49,8.53,-0.04,-0.4689,402459.48,342084.335
300144.SZ,2026-01-26,8.44,8.47,8.31,8.38,8.49,-0.11,-1.2956,480883.5,402352.179
300144.SZ,2026-01-27,8.4,8.41,8.16,8.22,8.38,-0.16,-1.9093,388170.79,319689.53
300144.SZ,2026-01-28,8.21,8.27,8.15,8.17,8.22,-0.05,-0.6083,347382.57,285145.322
300144.SZ,2026-01-29,8.15,8.34,8.09,8.3,8.17,0.13,1.5912,482697.35,399013.453
300144.SZ,2026-01-30,8.5,8.9,8.46,8.53,8.3,0.23,2.7711,1205807.49,1045803.488
300144.SZ,2026-02-02,8.62,8.97,8.54,8.71,8.53,0.18,2.1102,1273225.03,1118490.753
300144.SZ,2026-02-03,8.68,8.88,8.65,8.76,8.71,0.05,0.5741,843454.65,737139.929
300144.SZ,2026-02-04,8.69,8.83,8.65,8.73,8.76,-0.03,-0.3425,568302.52,495908.665
300144.SZ,2026-02-05,8.77,9.31,8.73,9.11,8.73,0.38,4.3528,1570078.12,1426218.547
300144.SZ,2026-02-06,9.0,9.0,8.73,8.75,9.11,-0.36,-3.9517,967919.65,854050.738
300144.SZ,2026-02-09,8.8,9.2,8.7,9.01,8.75,0.26,2.9714,959892.04,859393.717
300144.SZ,2026-02-10,8.93,9.46,8.88,9.32,9.01,0.31,3.4406,1507182.75,1389855.474
300144.SZ,2026-02-11,9.23,9.28,9.02,9.04,9.32,-0.28,-3.0043,803725.86,729938.761
300144.SZ,2026-02-12,9.0,9.01,8.68,8.74,9.04,-0.3,-3.3186,868280.66,763073.53
300144.SZ,2026-02-13,8.76,8.82,8.65,8.65,8.74,-0.09,-1.0297,472038.27,412535.623
300144.SZ,2026-02-24,8.69,8.69,8.37,8.39,8.65,-0.26,-3.0058,825084.63,696318.986
300144.SZ,2026-02-25,8.39,8.45,8.35,8.37,8.39,-0.02,-0.2384,497719.27,417377.8
300144.SZ,2026-02-26,8.38,8.38,8.24,8.26,8.37,-0.11,-1.3142,472357.04,391440.214
300144.SZ,2026-02-27,8.26,8.32,8.24,8.31,8.26,0.05,0.6053,362949.0,300639.071
300144.SZ,2026-03-02,8.14,8.19,8.02,8.05,8.31,-0.26,-3.1288,535450.67,433057.043
300144.SZ,2026-03-03,8.09,8.18,8.0,8.13,8.05,0.08,0.9938,614317.66,496601.527
300144.SZ,2026-03-04,8.05,8.12,7.88,7.9,8.13,-0.23,-2.829,495644.03,395130.094
300144.SZ,2026-03-05,8.0,8.11,7.95,7.97,7.9,0.07,0.8861,412458.86,330705.079
300144.SZ,2026-03-06,7.97,8.35,7.94,8.32,7.97,0.35,4.3915,710096.37,583568.628
300144.SZ,2026-03-09,8.18,8.33,8.12,8.28,8.32,-0.04,-0.4808,444946.85,365121.016
300144.SZ,2026-03-10,8.29,8.4,8.18,8.23,8.28,-0.05,-0.6039,399575.91,330322.648
300144.SZ,2026-03-11,8.24,8.25,8.11,8.15,8.23,-0.08,-0.9721,308669.8,252154.495
300144.SZ,2026-03-12,8.14,8.18,8.1,8.14,8.15,-0.01,-0.1227,225810.03,183758.112
300144.SZ,2026-03-13,8.12,8.21,8.1,8.11,8.14,-0.03,-0.3686,270008.18,220239.588
300144.SZ,2026-03-16,8.11,8.21,8.09,8.18,8.11,0.07,0.8631,241660.81,197077.961
300144.SZ,2026-03-17,8.18,8.25,8.08,8.09,8.18,-0.09,-1.1002,311038.21,254006.47
300144.SZ,2026-03-18,8.09,8.12,7.98,8.04,8.09,-0.05,-0.618,263866.74,211877.62
300144.SZ,2026-03-19,7.98,8.02,7.93,7.95,8.04,-0.09,-1.1194,228814.0,182307.446
300144.SZ,2026-03-20,7.99,8.0,7.86,7.86,7.95,-0.09,-1.1321,329758.3,261683.718
300144.SZ,2026-03-23,7.78,7.79,7.44,7.47,7.86,-0.39,-4.9618,436798.2,331428.701
300144.SZ,2026-03-24,7.6,7.67,7.51,7.65,7.47,0.18,2.4096,251525.95,190789.847
300144.SZ,2026-03-25,7.69,7.86,7.66,7.77,7.65,0.12,1.5686,263605.33,204821.425
300144.SZ,2026-03-26,7.76,7.85,7.69,7.71,7.77,-0.06,-0.7722,196273.69,152209.101
300144.SZ,2026-03-27,7.65,7.82,7.63,7.8,7.71,0.09,1.1673,195615.9,151855.281
300144.SZ,2026-03-30,7.72,7.8,7.66,7.77,7.8,-0.03,-0.3846,159386.88,123483.143
300144.SZ,2026-03-31,7.79,7.91,7.76,7.78,7.77,0.01,0.1287,191252.0,149515.937
300144.SZ,2026-04-01,7.87,7.92,7.79,7.91,7.78,0.13,1.671,218282.85,171743.743
300144.SZ,2026-04-02,7.88,7.88,7.74,7.79,7.91,-0.12,-1.5171,199461.06,155753.243
300144.SZ,2026-04-03,7.79,7.82,7.62,7.63,7.79,-0.16,-2.0539,169018.39,129877.692
300144.SZ,2026-04-07,7.7,7.76,7.64,7.68,7.63,0.05,0.6553,144688.73,111463.734
300144.SZ,2026-04-08,7.84,7.93,7.81,7.9,7.68,0.22,2.8646,300985.85,237016.303
300144.SZ,2026-04-09,7.84,7.86,7.75,7.76,7.9,-0.14,-1.7722,241451.43,187938.452
300144.SZ,2026-04-10,7.79,7.94,7.78,7.85,7.76,0.09,1.1598,250463.66,197107.656
300144.SZ,2026-04-13,7.8,7.87,7.78,7.79,7.85,-0.06,-0.7643,192172.42,150136.53
300144.SZ,2026-04-14,7.83,7.85,7.69,7.78,7.79,-0.01,-0.1284,237955.85,184109.958
300144.SZ,2026-04-15,7.79,7.92,7.76,7.85,7.78,0.07,0.8997,301823.26,237082.727
300144.SZ,2026-04-16,7.87,7.98,7.82,7.95,7.85,0.1,1.2739,425290.6,336313.631
300144.SZ,2026-04-17,7.9,7.9,7.81,7.85,7.95,-0.1,-1.2579,267601.99,209762.557
300144.SZ,2026-04-20,7.84,7.95,7.81,7.9,7.85,0.05,0.6369,236327.96,186492.475
300144.SZ,2026-04-21,7.91,8.0,7.81,7.85,7.9,-0.05,-0.6329,274982.96,216746.534
300144.SZ,2026-04-22,7.82,7.85,7.72,7.75,7.85,-0.1,-1.2739,287315.82,223084.95
300144.SZ,2026-04-23,7.73,7.79,7.66,7.71,7.75,-0.04,-0.5161,244173.77,188308.634
300144.SZ,2026-04-24,7.67,7.85,7.58,7.84,7.71,0.13,1.6861,322326.43,248732.448
300144.SZ,2026-04-27,7.8,7.81,7.71,7.78,7.84,-0.06,-0.7653,205140.35,159079.169
300144.SZ,2026-04-28,7.75,7.78,7.64,7.69,7.78,-0.09,-1.1568,219258.05,168738.08
