ts_code,date,open,high,low,close,pre_close,change,pct_chg,volume,amount
300285.SZ,2020-01-02,23.01,24.09,23.01,23.88,22.85,1.03,4.5077,72658.06,172058.451
300285.SZ,2020-01-03,24.05,24.3,23.36,23.59,23.88,-0.29,-1.2144,56153.13,133132.889
300285.SZ,2020-01-06,23.55,23.85,23.15,23.36,23.59,-0.23,-0.975,52545.88,123726.497
300285.SZ,2020-01-07,23.55,25.6,23.55,25.53,23.36,2.17,9.2894,139714.74,347401.645
300285.SZ,2020-01-08,25.44,25.44,24.32,24.6,25.53,-0.93,-3.6428,91013.71,225701.94
300285.SZ,2020-01-09,24.82,25.19,24.34,24.9,24.6,0.3,1.2195,65260.43,160661.526
300285.SZ,2020-01-10,24.96,25.1,24.6,24.74,24.9,-0.16,-0.6426,50253.83,124576.302
300285.SZ,2020-01-13,24.76,25.09,24.3,25.0,24.74,0.26,1.0509,51791.69,128592.058
300285.SZ,2020-01-14,25.05,25.2,24.51,24.52,25.0,-0.48,-1.92,46676.62,115176.768
300285.SZ,2020-01-15,24.64,25.09,24.4,24.6,24.52,0.08,0.3263,49624.32,122321.637
300285.SZ,2020-01-16,24.68,24.78,24.2,24.58,24.6,-0.02,-0.0813,38797.98,95088.446
300285.SZ,2020-01-17,24.75,24.8,24.3,24.41,24.58,-0.17,-0.6916,27425.15,67115.368
300285.SZ,2020-01-20,24.11,25.3,24.11,25.2,24.41,0.79,3.2364,69069.51,171930.686
300285.SZ,2020-01-21,25.22,26.36,25.17,25.42,25.2,0.22,0.873,123884.42,318764.165
300285.SZ,2020-01-22,25.63,25.94,24.5,25.74,25.42,0.32,1.2589,75929.85,192030.402
300285.SZ,2020-01-23,25.74,26.2,23.98,24.55,25.74,-1.19,-4.6232,88258.11,220976.62
300285.SZ,2020-02-03,22.1,23.0,22.1,22.1,24.55,-2.45,-9.9796,93506.36,207740.004
300285.SZ,2020-02-04,22.46,23.57,22.35,23.28,22.1,1.18,5.3394,68420.25,158101.464
300285.SZ,2020-02-05,23.56,23.9,22.65,22.86,23.28,-0.42,-1.8041,81711.4,189700.458
300285.SZ,2020-02-06,22.98,23.68,22.3,23.68,22.86,0.82,3.5871,73716.04,170988.989
300285.SZ,2020-02-07,23.7,23.76,23.12,23.74,23.68,0.06,0.2534,49785.13,116668.961
300285.SZ,2020-02-10,23.59,23.95,23.35,23.67,23.74,-0.07,-0.2949,37346.13,88171.626
300285.SZ,2020-02-11,23.72,24.84,23.72,24.8,23.67,1.13,4.774,81127.95,197756.872
300285.SZ,2020-02-12,25.37,25.37,24.4,25.23,24.8,0.43,1.7339,90181.62,224066.338
300285.SZ,2020-02-13,24.85,25.45,24.53,24.61,25.23,-0.62,-2.4574,83307.44,207104.074
300285.SZ,2020-02-14,24.5,25.5,24.31,25.18,24.61,0.57,2.3161,87600.15,219175.202
300285.SZ,2020-02-17,25.1,25.92,25.02,25.58,25.18,0.4,1.5886,94525.51,241040.094
300285.SZ,2020-02-18,25.74,26.39,25.36,26.21,25.58,0.63,2.4629,114869.56,297220.852
300285.SZ,2020-02-19,26.35,26.97,25.7,26.7,26.21,0.49,1.8695,143526.86,378823.779
300285.SZ,2020-02-20,26.45,27.06,26.2,26.98,26.7,0.28,1.0487,97990.2,261080.381
300285.SZ,2020-02-21,27.25,28.41,27.22,27.96,26.98,0.98,3.6323,155337.2,432209.366
300285.SZ,2020-02-24,28.35,29.3,27.79,29.1,27.96,1.14,4.0773,158978.02,454794.459
300285.SZ,2020-02-25,28.37,29.0,27.06,28.19,29.1,-0.91,-3.1271,182239.85,513847.451
300285.SZ,2020-02-26,27.51,27.6,25.58,25.74,28.19,-2.45,-8.691,180236.04,477990.848
300285.SZ,2020-02-27,26.08,26.85,25.7,26.16,25.74,0.42,1.6317,106395.79,278642.374
300285.SZ,2020-02-28,24.82,25.35,23.88,24.03,26.16,-2.13,-8.1422,155688.05,381206.261
300285.SZ,2020-03-02,24.55,25.15,24.12,24.75,24.03,0.72,2.9963,122531.95,301928.559
300285.SZ,2020-03-03,25.05,25.9,24.81,25.12,24.75,0.37,1.4949,86299.58,219164.583
300285.SZ,2020-03-04,24.88,25.5,24.62,25.35,25.12,0.23,0.9156,84256.4,211756.418
300285.SZ,2020-03-05,25.88,25.94,25.02,25.72,25.35,0.37,1.4596,87200.03,221973.198
300285.SZ,2020-03-06,25.56,26.75,25.3,26.41,25.72,0.69,2.6827,127994.31,334177.114
300285.SZ,2020-03-09,25.86,25.88,24.2,24.57,26.41,-1.84,-6.9671,111245.78,277574.281
300285.SZ,2020-03-10,24.0,25.34,24.0,25.19,24.57,0.62,2.5234,86045.3,213874.081
300285.SZ,2020-03-11,25.37,25.37,24.06,24.3,25.19,-0.89,-3.5331,95871.2,235439.038
300285.SZ,2020-03-12,23.81,24.35,23.51,23.7,24.3,-0.6,-2.4691,66722.77,159215.561
300285.SZ,2020-03-13,22.1,23.5,22.1,22.94,23.7,-0.76,-3.2068,85178.0,194348.656
300285.SZ,2020-03-16,23.0,23.19,21.06,21.4,22.94,-1.54,-6.7132,133850.9,295861.394
300285.SZ,2020-03-17,21.75,22.88,21.51,22.5,21.4,1.1,5.1402,133575.89,296781.846
300285.SZ,2020-03-18,23.08,23.08,21.6,21.62,22.5,-0.88,-3.9111,97209.28,217183.39
300285.SZ,2020-03-19,22.18,22.18,21.1,21.34,21.62,-0.28,-1.2951,126218.67,272166.598
300285.SZ,2020-03-20,21.83,21.93,20.91,21.4,21.34,0.06,0.2812,109134.7,233197.297
300285.SZ,2020-03-23,20.65,20.95,19.88,20.01,21.4,-1.39,-6.4953,111670.58,226412.238
300285.SZ,2020-03-24,20.5,21.1,20.22,20.79,20.01,0.78,3.8981,97722.06,201994.711
300285.SZ,2020-03-25,21.25,21.74,20.79,21.19,20.79,0.4,1.924,128636.51,273145.812
300285.SZ,2020-03-26,21.15,21.5,20.75,21.0,21.19,-0.19,-0.8966,77370.6,163667.417
300285.SZ,2020-03-27,21.55,21.62,21.06,21.07,21.0,0.07,0.3333,77565.81,165329.857
300285.SZ,2020-03-30,20.68,21.14,20.25,20.82,21.07,-0.25,-1.1865,95120.95,196197.265
300285.SZ,2020-03-31,21.13,21.34,20.7,20.92,20.82,0.1,0.4803,71762.17,150961.117
300285.SZ,2020-04-01,20.88,21.58,20.63,20.8,20.92,-0.12,-0.5736,76780.58,162638.62
300285.SZ,2020-04-02,20.83,21.38,20.46,21.33,20.8,0.53,2.5481,78823.31,165010.883
300285.SZ,2020-04-03,21.22,21.38,20.68,20.82,21.33,-0.51,-2.391,70765.1,148849.569
300285.SZ,2020-04-07,21.65,21.92,21.3,21.39,20.82,0.57,2.7378,130011.55,280520.459
300285.SZ,2020-04-08,21.16,22.38,21.15,21.88,21.39,0.49,2.2908,151072.76,329682.232
300285.SZ,2020-04-09,22.0,22.3,21.67,22.23,21.88,0.35,1.5996,90600.01,198686.738
300285.SZ,2020-04-10,22.0,22.09,21.48,21.48,22.23,-0.75,-3.3738,68842.05,149702.9
300285.SZ,2020-04-13,21.48,21.58,20.49,20.65,21.48,-0.83,-3.8641,99059.86,207233.906
300285.SZ,2020-04-14,20.65,21.95,20.65,21.93,20.65,1.28,6.1985,149587.99,324006.729
300285.SZ,2020-04-15,21.87,22.36,21.66,21.77,21.93,-0.16,-0.7296,104850.76,230366.692
300285.SZ,2020-04-16,21.61,21.98,21.18,21.84,21.77,0.07,0.3215,86381.25,186957.706
300285.SZ,2020-04-17,22.09,23.22,22.08,22.62,21.84,0.78,3.5714,144947.12,330399.738
300285.SZ,2020-04-20,22.52,23.2,22.52,22.85,22.62,0.23,1.0168,82946.72,189492.176
300285.SZ,2020-04-21,22.85,23.14,22.5,23.04,22.85,0.19,0.8315,83595.64,190860.768
300285.SZ,2020-04-22,22.9,22.99,22.54,22.83,23.04,-0.21,-0.9115,75077.58,170799.1
300285.SZ,2020-04-23,22.83,23.29,22.25,22.25,22.83,-0.58,-2.5405,67205.44,151450.869
300285.SZ,2020-04-24,22.3,22.48,21.95,22.22,22.19,0.03,0.1352,57708.4,128399.842
300285.SZ,2020-04-27,22.23,22.32,21.8,21.94,22.22,-0.28,-1.2601,71557.41,157739.454
300285.SZ,2020-04-28,21.89,22.09,21.2,21.47,21.94,-0.47,-2.1422,96970.61,209565.892
300285.SZ,2020-04-29,21.5,22.29,21.5,21.71,21.47,0.24,1.1178,78980.4,173143.576
300285.SZ,2020-04-30,21.88,23.57,21.85,23.12,21.71,1.41,6.4947,136223.85,313566.625
300285.SZ,2020-05-06,22.95,23.65,22.84,23.45,23.12,0.33,1.4273,108620.27,252508.596
300285.SZ,2020-05-07,23.59,24.08,23.32,23.55,23.45,0.1,0.4264,110601.5,261797.259
300285.SZ,2020-05-08,23.77,24.73,23.65,24.25,23.55,0.7,2.9724,143369.87,348424.973
300285.SZ,2020-05-11,24.25,24.8,24.01,24.25,24.25,0.0,0.0,92026.36,224425.33
300285.SZ,2020-05-12,24.28,24.37,23.86,24.09,24.25,-0.16,-0.6598,85627.96,205856.595
300285.SZ,2020-05-13,24.2,24.2,23.65,23.89,24.09,-0.2,-0.8302,72126.34,171941.977
300285.SZ,2020-05-14,24.0,24.28,23.59,23.89,23.89,0.0,0.0,75737.69,181237.038
300285.SZ,2020-05-15,24.05,25.04,23.81,24.45,23.89,0.56,2.3441,138046.24,338106.666
300285.SZ,2020-05-18,24.5,24.86,23.75,24.3,24.45,-0.15,-0.6135,106686.52,259298.62
300285.SZ,2020-05-19,24.63,25.26,24.5,24.76,24.3,0.46,1.893,74803.43,185893.569
300285.SZ,2020-05-20,24.71,24.85,24.32,24.54,24.76,-0.22,-0.8885,70601.23,172966.511
300285.SZ,2020-05-21,24.59,24.97,24.02,24.05,24.54,-0.49,-1.9967,79211.77,192912.011
300285.SZ,2020-05-22,24.01,24.11,23.38,23.54,24.05,-0.51,-2.1206,67281.31,159285.29
300285.SZ,2020-05-25,23.3,23.73,23.15,23.52,23.54,-0.02,-0.085,61102.54,143179.826
300285.SZ,2020-05-26,23.75,23.9,23.57,23.7,23.52,0.18,0.7653,66365.98,157373.905
300285.SZ,2020-05-27,23.7,23.94,23.26,23.32,23.7,-0.38,-1.6034,62203.97,146411.866
300285.SZ,2020-05-28,23.46,23.57,22.83,22.99,23.32,-0.33,-1.4151,67029.25,155072.112
300285.SZ,2020-05-29,23.18,23.9,23.0,23.51,22.99,0.52,2.2619,66151.89,155671.113
300285.SZ,2020-06-01,23.63,24.95,23.6,24.7,23.51,1.19,5.0617,118761.47,291720.723
300285.SZ,2020-06-02,24.8,26.14,24.68,25.89,24.7,1.19,4.8178,219038.83,561371.778
300285.SZ,2020-06-03,25.85,26.68,25.5,26.16,25.89,0.27,1.0429,164076.75,428950.436
300285.SZ,2020-06-04,26.6,27.15,26.31,26.78,26.16,0.62,2.37,148525.29,396442.0
300285.SZ,2020-06-05,26.78,27.27,26.59,27.07,26.78,0.29,1.0829,132960.16,358922.314
300285.SZ,2020-06-08,26.88,27.25,26.67,27.07,27.07,0.0,0.0,103493.07,278745.033
300285.SZ,2020-06-09,27.07,27.07,26.3,26.82,27.07,-0.25,-0.9235,130784.63,349322.366
300285.SZ,2020-06-10,27.0,27.2,26.45,26.79,26.82,-0.03,-0.1119,67201.06,179780.348
300285.SZ,2020-06-11,26.7,26.87,25.78,25.95,26.79,-0.84,-3.1355,166990.89,438092.858
300285.SZ,2020-06-12,25.65,26.2,25.3,25.66,25.95,-0.29,-1.1175,120954.31,311453.092
300285.SZ,2020-06-15,25.99,27.04,25.65,25.68,25.66,0.02,0.0779,163811.2,429989.275
300285.SZ,2020-06-16,26.3,27.58,26.0,27.5,25.68,1.82,7.0872,227468.29,613440.178
300285.SZ,2020-06-17,27.1,27.69,27.08,27.61,27.5,0.11,0.4,128727.49,353145.328
300285.SZ,2020-06-18,28.74,30.37,28.74,30.27,27.61,2.66,9.6342,471130.4,1402495.802
300285.SZ,2020-06-19,30.2,30.79,29.82,30.6,30.27,0.33,1.0902,269785.15,821782.391
300285.SZ,2020-06-22,30.98,31.12,29.93,30.68,30.6,0.08,0.2614,227120.24,696219.293
300285.SZ,2020-06-23,30.84,32.95,30.59,32.58,30.68,1.9,6.193,267314.85,845426.944
300285.SZ,2020-06-24,32.54,33.28,32.12,32.67,32.58,0.09,0.2762,186234.04,606393.123
300285.SZ,2020-06-29,32.67,33.57,32.39,33.0,32.67,0.33,1.0101,178024.99,585370.697
300285.SZ,2020-06-30,33.2,34.4,32.82,33.51,33.0,0.51,1.5455,159843.98,536665.142
300285.SZ,2020-07-01,33.95,34.9,33.1,34.3,33.51,0.79,2.3575,176342.33,599527.48
300285.SZ,2020-07-02,33.91,34.16,33.0,33.73,34.3,-0.57,-1.6618,182699.86,613955.284
300285.SZ,2020-07-03,33.51,33.7,32.65,33.47,33.73,-0.26,-0.7708,188516.56,625082.006
300285.SZ,2020-07-06,33.49,34.25,33.0,33.68,33.47,0.21,0.6274,234581.08,793338.877
300285.SZ,2020-07-07,33.46,35.9,33.45,35.01,33.68,1.33,3.9489,187729.63,658096.458
300285.SZ,2020-07-08,35.0,35.9,34.73,35.18,35.01,0.17,0.4856,146450.87,513615.663
300285.SZ,2020-07-09,35.1,36.45,34.43,35.99,35.18,0.81,2.3024,189642.28,672351.323
300285.SZ,2020-07-10,35.99,37.64,35.68,37.13,35.99,1.14,3.1675,157777.19,579074.006
300285.SZ,2020-07-13,37.39,38.23,36.73,37.31,37.13,0.18,0.4848,179582.47,667200.355
300285.SZ,2020-07-14,37.02,37.3,35.66,36.25,37.31,-1.06,-2.8411,186865.81,678749.288
300285.SZ,2020-07-15,36.49,37.25,35.89,36.5,36.25,0.25,0.6897,170034.21,622315.3
300285.SZ,2020-07-16,36.95,37.18,33.8,33.98,36.5,-2.52,-6.9041,196301.66,697919.711
300285.SZ,2020-07-17,33.77,35.98,33.7,35.16,33.98,1.18,3.4726,167604.08,589154.352
300285.SZ,2020-07-20,35.71,36.1,34.52,35.3,35.16,0.14,0.3982,160542.2,564511.216
300285.SZ,2020-07-21,36.0,37.96,36.0,36.7,35.3,1.4,3.966,185954.76,684702.085
300285.SZ,2020-07-22,36.99,38.25,36.36,37.6,36.7,0.9,2.4523,207884.59,782263.622
300285.SZ,2020-07-23,36.5,37.1,35.82,36.8,37.6,-0.8,-2.1277,239073.89,873280.486
300285.SZ,2020-07-24,36.55,36.67,34.0,34.38,36.8,-2.42,-6.5761,175867.39,620987.855
300285.SZ,2020-07-27,34.59,35.07,33.5,34.44,34.38,0.06,0.1745,126798.42,437366.044
300285.SZ,2020-07-28,34.82,35.38,34.58,34.93,34.44,0.49,1.4228,91598.78,320116.716
300285.SZ,2020-07-29,34.67,36.53,34.66,36.32,34.93,1.39,3.9794,132719.11,477295.718
300285.SZ,2020-07-30,36.34,36.5,35.46,35.81,36.32,-0.51,-1.4042,107779.54,386373.125
300285.SZ,2020-07-31,35.94,36.72,35.16,35.88,35.81,0.07,0.1955,133071.4,477748.818
300285.SZ,2020-08-03,36.27,36.87,35.48,36.56,35.88,0.68,1.8952,133808.3,484936.839
300285.SZ,2020-08-04,36.71,37.2,36.18,36.53,36.56,-0.03,-0.0821,122465.99,448930.623
300285.SZ,2020-08-05,36.34,38.88,36.05,38.09,36.53,1.56,4.2705,253386.83,954173.255
300285.SZ,2020-08-06,38.18,40.88,37.76,40.5,38.09,2.41,6.3271,277931.39,1107282.19
300285.SZ,2020-08-07,40.01,40.45,37.54,38.55,40.5,-1.95,-4.8148,246508.39,960060.476
300285.SZ,2020-08-10,38.01,38.5,36.7,37.82,38.55,-0.73,-1.8936,144502.17,542407.611
300285.SZ,2020-08-11,37.8,38.79,37.2,37.3,37.82,-0.52,-1.3749,139140.72,528263.352
300285.SZ,2020-08-12,37.3,37.85,35.5,36.53,37.3,-0.77,-2.0643,161956.08,591489.091
300285.SZ,2020-08-13,36.85,37.18,35.38,35.66,36.53,-0.87,-2.3816,107758.4,389029.772
300285.SZ,2020-08-14,35.87,36.89,35.67,36.74,35.66,1.08,3.0286,102526.58,372705.141
300285.SZ,2020-08-17,36.74,37.42,36.57,37.15,36.74,0.41,1.1159,99092.2,367662.757
300285.SZ,2020-08-18,37.09,37.77,36.86,37.65,37.15,0.5,1.3459,93597.44,349815.403
300285.SZ,2020-08-19,37.42,39.13,37.1,37.9,37.65,0.25,0.664,129568.0,494727.043
300285.SZ,2020-08-20,37.49,38.38,36.8,36.83,37.9,-1.07,-2.8232,97270.19,364112.012
300285.SZ,2020-08-21,37.22,38.25,37.09,37.47,36.83,0.64,1.7377,79454.47,298056.391
300285.SZ,2020-08-24,37.5,39.65,37.22,38.96,37.47,1.49,3.9765,153201.27,595394.543
300285.SZ,2020-08-25,39.01,39.35,38.35,38.88,38.96,-0.08,-0.2053,87141.0,338132.722
300285.SZ,2020-08-26,38.9,39.82,38.15,38.7,38.88,-0.18,-0.463,110738.88,431604.959
300285.SZ,2020-08-27,38.79,40.38,38.4,40.26,38.7,1.56,4.031,175675.54,697575.978
300285.SZ,2020-08-28,40.32,42.0,39.54,41.69,40.26,1.43,3.5519,210879.02,863831.459
300285.SZ,2020-08-31,42.35,42.37,40.99,41.09,41.69,-0.6,-1.4392,150048.2,623434.027
300285.SZ,2020-09-01,41.0,42.98,40.88,42.92,41.09,1.83,4.4536,143361.88,609439.577
300285.SZ,2020-09-02,43.2,46.56,42.66,44.6,42.92,1.68,3.9143,278154.86,1235547.233
300285.SZ,2020-09-03,45.5,46.51,43.28,43.76,44.6,-0.84,-1.8834,188159.11,839528.707
300285.SZ,2020-09-04,42.57,43.3,40.51,42.01,43.76,-1.75,-3.9991,187485.27,785844.603
300285.SZ,2020-09-07,42.01,42.9,40.14,40.33,42.01,-1.68,-3.999,162929.11,676860.487
300285.SZ,2020-09-08,40.81,41.54,39.81,41.0,40.33,0.67,1.6613,122889.0,499634.925
300285.SZ,2020-09-09,40.14,40.5,37.78,38.81,41.0,-2.19,-5.3415,175499.95,683624.762
300285.SZ,2020-09-10,39.5,40.68,39.11,39.64,38.81,0.83,2.1386,112757.76,449670.62
300285.SZ,2020-09-11,39.35,40.52,38.72,39.75,39.64,0.11,0.2775,121244.95,479607.107
300285.SZ,2020-09-14,40.2,40.78,39.27,39.66,39.75,-0.09,-0.2264,99727.33,397442.814
300285.SZ,2020-09-15,39.5,40.02,38.5,39.97,39.66,0.31,0.7816,76299.22,301390.614
300285.SZ,2020-09-16,40.7,42.49,39.05,39.37,39.97,-0.6,-1.5011,174421.82,705927.885
300285.SZ,2020-09-17,38.7,39.37,37.34,38.05,39.37,-1.32,-3.3528,176715.47,673314.353
300285.SZ,2020-09-18,38.32,38.78,37.55,38.63,38.05,0.58,1.5243,88279.01,337251.365
300285.SZ,2020-09-21,38.64,38.9,37.41,37.84,38.63,-0.79,-2.045,107529.74,407463.958
300285.SZ,2020-09-22,37.25,37.98,36.8,36.95,37.84,-0.89,-2.352,84728.02,316162.043
300285.SZ,2020-09-23,37.13,37.62,36.79,37.5,36.95,0.55,1.4885,57507.25,214112.563
300285.SZ,2020-09-24,37.21,37.21,36.2,36.61,37.5,-0.89,-2.3733,83732.97,306591.858
300285.SZ,2020-09-25,36.6,36.86,36.24,36.51,36.61,-0.1,-0.2731,50142.28,182880.907
300285.SZ,2020-09-28,36.5,37.01,36.2,36.54,36.51,0.03,0.0822,40072.25,146646.355
300285.SZ,2020-09-29,36.67,37.66,36.63,37.06,36.54,0.52,1.4231,93958.18,349074.823
300285.SZ,2020-09-30,37.1,37.58,36.8,37.15,37.06,0.09,0.2428,62771.0,233250.646
300285.SZ,2020-10-09,38.0,39.32,37.65,39.2,37.15,2.05,5.5182,112368.9,435975.62
300285.SZ,2020-10-12,40.32,40.92,39.35,40.87,39.2,1.67,4.2602,110304.98,443611.358
300285.SZ,2020-10-13,41.2,41.7,39.9,41.0,40.87,0.13,0.3181,101707.27,415488.685
300285.SZ,2020-10-14,41.1,42.75,41.08,42.0,41.0,1.0,2.439,124599.44,523315.357
300285.SZ,2020-10-15,42.16,43.84,42.16,43.38,42.0,1.38,3.2857,137872.1,596467.877
300285.SZ,2020-10-16,43.0,43.55,41.96,42.29,43.38,-1.09,-2.5127,103477.11,440582.658
300285.SZ,2020-10-19,42.73,43.38,41.8,43.02,42.29,0.73,1.7262,117964.1,502561.617
300285.SZ,2020-10-20,42.83,43.46,42.7,43.28,43.02,0.26,0.6044,64370.99,277502.761
300285.SZ,2020-10-21,43.39,43.65,42.2,42.5,43.28,-0.78,-1.8022,79700.02,340584.465
300285.SZ,2020-10-22,42.31,42.82,41.33,41.71,42.5,-0.79,-1.8588,86534.43,361892.979
300285.SZ,2020-10-23,42.01,42.45,40.41,40.78,41.71,-0.93,-2.2297,75155.27,311764.792
300285.SZ,2020-10-26,40.65,41.42,39.62,41.12,40.78,0.34,0.8337,51605.78,209917.869
300285.SZ,2020-10-27,40.82,42.25,40.62,42.25,41.12,1.13,2.7481,115496.52,478346.223
300285.SZ,2020-10-28,42.02,42.3,41.5,42.0,42.25,-0.25,-0.5917,72673.19,304763.886
300285.SZ,2020-10-29,41.5,42.38,41.21,42.08,42.0,0.08,0.1905,89606.3,374549.416
300285.SZ,2020-10-30,41.82,42.37,41.0,41.0,42.08,-1.08,-2.5665,98130.86,407563.346
300285.SZ,2020-11-02,41.31,42.93,41.21,42.19,41.0,1.19,2.9024,111425.39,470127.01
300285.SZ,2020-11-03,42.7,43.0,41.49,41.99,42.19,-0.2,-0.474,82574.0,346515.413
300285.SZ,2020-11-04,42.24,42.98,42.0,42.4,41.99,0.41,0.9764,91968.32,390767.148
300285.SZ,2020-11-05,43.02,45.29,42.38,44.8,42.4,2.4,5.6604,163731.23,718252.232
300285.SZ,2020-11-06,45.51,45.66,39.96,40.16,44.8,-4.64,-10.3571,316541.33,1319188.188
300285.SZ,2020-11-09,40.7,41.47,38.66,40.28,40.16,0.12,0.2988,247278.23,987416.238
300285.SZ,2020-11-10,40.28,40.97,39.63,40.29,40.28,0.01,0.0248,119459.56,482369.014
300285.SZ,2020-11-11,40.06,40.42,37.31,37.47,40.29,-2.82,-6.9993,171407.57,661343.396
300285.SZ,2020-11-12,37.84,39.43,37.7,39.3,37.47,1.83,4.8839,146945.16,570841.514
300285.SZ,2020-11-13,39.55,40.17,39.01,39.65,39.3,0.35,0.8906,84560.45,335419.832
300285.SZ,2020-11-16,39.05,40.28,39.05,39.91,39.65,0.26,0.6557,92214.81,366250.588
300285.SZ,2020-11-17,39.99,40.29,38.62,39.4,39.91,-0.51,-1.2779,79253.06,310787.861
300285.SZ,2020-11-18,39.6,39.81,37.79,38.2,39.4,-1.2,-3.0457,96000.87,369086.791
300285.SZ,2020-11-19,38.35,38.83,37.7,38.57,38.2,0.37,0.9686,70385.57,270508.391
300285.SZ,2020-11-20,38.5,39.5,38.23,39.4,38.57,0.83,2.1519,68318.64,266663.823
300285.SZ,2020-11-23,39.5,39.7,38.91,39.17,39.4,-0.23,-0.5838,68332.5,268353.958
300285.SZ,2020-11-24,39.56,39.76,38.52,39.49,39.17,0.32,0.817,56242.7,220759.939
300285.SZ,2020-11-25,39.43,39.57,38.66,38.9,39.49,-0.59,-1.494,60183.06,234783.052
300285.SZ,2020-11-26,38.71,39.13,38.4,39.0,38.9,0.1,0.2571,47245.05,183398.953
300285.SZ,2020-11-27,38.8,39.12,37.9,38.76,39.0,-0.24,-0.6154,56097.12,216166.266
300285.SZ,2020-11-30,38.74,38.74,37.2,37.88,38.76,-0.88,-2.2704,119806.43,452715.252
300285.SZ,2020-12-01,37.51,39.1,37.39,39.08,37.88,1.2,3.1679,91478.25,353105.404
300285.SZ,2020-12-02,39.7,39.85,38.71,39.58,39.08,0.5,1.2794,93149.62,367028.529
300285.SZ,2020-12-03,39.49,39.8,38.81,39.79,39.58,0.21,0.5306,58330.08,229895.172
300285.SZ,2020-12-04,39.4,39.49,38.65,39.0,39.79,-0.79,-1.9854,62862.49,244985.237
300285.SZ,2020-12-07,39.4,40.73,38.58,40.5,39.0,1.5,3.8462,122562.91,492237.775
300285.SZ,2020-12-08,40.29,41.77,40.29,41.47,40.5,0.97,2.3951,110794.43,457185.735
300285.SZ,2020-12-09,41.46,42.19,41.18,41.46,41.47,-0.01,-0.0241,106064.52,441871.044
300285.SZ,2020-12-10,41.0,42.85,40.72,42.67,41.46,1.21,2.9185,137378.84,578329.824
300285.SZ,2020-12-11,42.7,42.9,41.2,41.85,42.67,-0.82,-1.9217,93461.47,391896.794
300285.SZ,2020-12-14,41.6,41.73,40.2,41.45,41.85,-0.4,-0.9558,68537.11,280806.923
300285.SZ,2020-12-15,41.2,42.32,41.02,42.04,41.45,0.59,1.4234,55893.29,233266.445
300285.SZ,2020-12-16,41.98,42.8,41.62,42.42,42.04,0.38,0.9039,60769.43,257302.338
300285.SZ,2020-12-17,42.5,43.29,41.96,43.07,42.42,0.65,1.5323,100842.63,432404.46
300285.SZ,2020-12-18,42.91,43.3,42.29,42.8,43.07,-0.27,-0.6269,62917.45,268563.504
300285.SZ,2020-12-21,42.99,45.65,42.8,45.65,42.8,2.85,6.6589,141455.15,630254.271
300285.SZ,2020-12-22,45.0,45.85,44.71,45.06,45.65,-0.59,-1.2924,91577.61,413804.873
300285.SZ,2020-12-23,45.4,46.0,44.62,45.11,45.06,0.05,0.111,82716.68,374722.565
300285.SZ,2020-12-24,45.0,45.0,43.49,44.25,45.11,-0.86,-1.9065,81717.72,360323.738
300285.SZ,2020-12-25,44.42,45.69,43.78,45.58,44.25,1.33,3.0056,65766.55,295529.99
300285.SZ,2020-12-28,45.8,48.07,45.58,46.5,45.58,0.92,2.0184,154235.49,721844.955
300285.SZ,2020-12-29,45.85,46.17,43.67,44.16,46.5,-2.34,-5.0323,116214.6,520437.066
300285.SZ,2020-12-30,44.0,44.78,43.18,44.55,44.16,0.39,0.8832,88748.48,392815.402
300285.SZ,2020-12-31,44.05,45.43,43.57,45.11,44.55,0.56,1.257,116775.91,520337.219
300285.SZ,2021-01-04,45.39,47.8,45.11,47.79,45.11,2.68,5.941,152637.74,711092.037
300285.SZ,2021-01-05,47.4,49.07,46.7,47.34,47.79,-0.45,-0.9416,133717.44,637416.1
300285.SZ,2021-01-06,47.47,47.87,46.12,47.1,47.34,-0.24,-0.507,98867.9,462839.968
300285.SZ,2021-01-07,47.22,49.23,46.21,49.2,47.1,2.1,4.4586,162906.7,779715.861
300285.SZ,2021-01-08,48.87,49.47,46.0,46.82,49.2,-2.38,-4.8374,167624.68,797876.97
300285.SZ,2021-01-11,46.67,47.6,45.07,45.87,46.82,-0.95,-2.029,149965.56,691738.776
300285.SZ,2021-01-12,45.51,46.51,44.7,46.2,45.87,0.33,0.7194,113581.04,521286.76
300285.SZ,2021-01-13,46.15,46.35,42.95,43.71,46.2,-2.49,-5.3896,183988.01,815590.716
300285.SZ,2021-01-14,43.79,44.56,43.01,43.94,43.71,0.23,0.5262,91025.64,400289.356
300285.SZ,2021-01-15,43.84,43.87,42.22,43.2,43.94,-0.74,-1.6841,84991.51,365966.195
300285.SZ,2021-01-18,43.2,45.13,42.37,44.87,43.2,1.67,3.8657,92684.9,410915.036
300285.SZ,2021-01-19,44.99,45.92,43.9,44.31,44.87,-0.56,-1.248,72745.71,324630.176
300285.SZ,2021-01-20,44.0,45.23,43.0,44.36,44.31,0.05,0.1128,106441.58,472741.114
300285.SZ,2021-01-21,44.11,48.48,44.11,48.23,44.36,3.87,8.7241,192015.6,904758.777
300285.SZ,2021-01-22,48.17,50.87,47.6,50.75,48.23,2.52,5.225,183377.85,911515.04
300285.SZ,2021-01-25,50.75,52.0,49.82,50.91,50.75,0.16,0.3153,196872.17,1000263.159
300285.SZ,2021-01-26,50.52,52.39,49.87,51.47,50.91,0.56,1.1,127092.18,648839.86
300285.SZ,2021-01-27,51.48,51.93,48.55,50.45,51.47,-1.02,-1.9817,142154.78,713897.114
300285.SZ,2021-01-28,49.03,50.1,48.0,48.3,50.45,-2.15,-4.2616,122805.71,602166.943
300285.SZ,2021-01-29,48.85,49.3,47.18,48.0,48.3,-0.3,-0.6211,130509.23,628699.711
300285.SZ,2021-02-01,48.1,51.43,48.0,50.71,48.0,2.71,5.6458,150527.62,756653.083
300285.SZ,2021-02-02,50.78,51.75,49.61,51.3,50.71,0.59,1.1635,136627.78,697100.227
300285.SZ,2021-02-03,51.5,52.39,50.29,50.3,51.3,-1.0,-1.9493,114143.69,586174.495
300285.SZ,2021-02-04,50.52,52.84,50.4,51.7,50.3,1.4,2.7833,155783.3,807564.602
300285.SZ,2021-02-05,51.62,53.48,49.15,49.36,51.7,-2.34,-4.5261,163207.72,832353.39
300285.SZ,2021-02-08,49.37,52.0,49.37,51.6,49.36,2.24,4.5381,111697.9,569569.221
300285.SZ,2021-02-09,49.52,51.68,48.8,51.38,51.6,-0.22,-0.4264,179478.46,910166.322
300285.SZ,2021-02-10,52.3,56.37,51.8,55.68,51.38,4.3,8.369,206215.36,1127283.378
300285.SZ,2021-02-18,57.01,58.0,54.5,56.5,55.68,0.82,1.4727,207280.27,1166613.191
300285.SZ,2021-02-19,55.6,56.45,52.29,54.0,56.5,-2.5,-4.4248,166029.86,896721.411
300285.SZ,2021-02-22,53.72,54.0,50.68,50.68,54.0,-3.32,-6.1481,144481.82,753991.157
300285.SZ,2021-02-23,49.88,51.1,49.0,49.3,50.68,-1.38,-2.723,105373.23,525449.58
300285.SZ,2021-02-24,49.6,50.65,47.01,47.53,49.3,-1.77,-3.5903,131711.28,635773.137
300285.SZ,2021-02-25,47.98,48.2,46.61,46.97,47.53,-0.56,-1.1782,82296.56,389524.64
300285.SZ,2021-02-26,41.54,45.65,41.54,45.04,46.97,-1.93,-4.109,128391.02,572032.388
300285.SZ,2021-03-01,45.29,46.68,44.5,46.24,45.04,1.2,2.6643,103047.37,469429.768
300285.SZ,2021-03-02,46.5,46.67,44.98,45.7,46.24,-0.54,-1.1678,78091.89,356838.76
300285.SZ,2021-03-03,45.51,45.8,44.0,44.95,45.7,-0.75,-1.6411,83537.33,376490.224
300285.SZ,2021-03-04,45.2,45.28,43.02,43.7,44.95,-1.25,-2.7809,133248.12,585916.023
300285.SZ,2021-03-05,43.2,44.78,42.68,44.0,43.7,0.3,0.6865,82439.9,361199.313
300285.SZ,2021-03-08,44.0,44.3,39.9,39.93,44.0,-4.07,-9.25,162371.53,677280.059
300285.SZ,2021-03-09,39.5,39.93,38.02,38.39,39.93,-1.54,-3.8567,145664.56,568351.554
300285.SZ,2021-03-10,39.4,39.66,38.25,38.65,38.39,0.26,0.6773,104554.38,406373.655
300285.SZ,2021-03-11,39.08,40.26,38.66,39.81,38.65,1.16,3.0013,149804.83,591242.053
300285.SZ,2021-03-12,40.09,40.94,38.71,40.2,39.81,0.39,0.9797,204453.11,812579.926
300285.SZ,2021-03-15,39.44,39.74,38.0,38.86,40.2,-1.34,-3.3333,90249.53,352622.969
300285.SZ,2021-03-16,39.23,39.37,38.4,38.91,38.86,0.05,0.1287,50487.29,195938.757
300285.SZ,2021-03-17,38.75,40.16,38.26,39.76,38.91,0.85,2.1845,71483.4,282541.894
300285.SZ,2021-03-18,39.76,40.68,39.65,40.19,39.76,0.43,1.0815,63271.74,254405.217
300285.SZ,2021-03-19,39.46,40.68,39.22,40.28,40.19,0.09,0.2239,87583.65,351981.247
300285.SZ,2021-03-22,40.28,41.21,39.7,41.0,40.28,0.72,1.7875,62483.29,254199.744
300285.SZ,2021-03-23,41.0,41.2,39.4,40.7,41.0,-0.3,-0.7317,97074.34,390182.735
300285.SZ,2021-03-24,40.17,40.73,39.79,40.36,40.7,-0.34,-0.8354,55631.86,223341.265
300285.SZ,2021-03-25,40.08,41.85,39.83,41.26,40.36,0.9,2.2299,59939.71,246552.321
300285.SZ,2021-03-26,41.5,42.28,40.9,41.99,41.26,0.73,1.7693,60600.32,253216.033
300285.SZ,2021-03-29,42.2,43.15,42.03,42.68,41.99,0.69,1.6432,66554.06,284063.595
300285.SZ,2021-03-30,42.77,43.05,42.35,42.7,42.68,0.02,0.0469,41659.01,177943.421
300285.SZ,2021-03-31,42.68,42.84,41.41,42.46,42.7,-0.24,-0.5621,43732.54,184146.464
300285.SZ,2021-04-01,42.6,43.62,42.26,43.56,42.46,1.1,2.5907,47078.75,203388.962
300285.SZ,2021-04-02,43.65,44.59,43.36,44.18,43.56,0.62,1.4233,42305.42,186590.56
300285.SZ,2021-04-06,44.48,44.48,41.91,42.77,44.18,-1.41,-3.1915,71835.08,307123.384
300285.SZ,2021-04-07,42.96,42.99,42.0,42.74,42.77,-0.03,-0.0701,44177.04,187683.745
300285.SZ,2021-04-08,42.63,44.18,42.21,43.7,42.74,0.96,2.2461,48539.36,210970.586
300285.SZ,2021-04-09,43.73,45.18,43.44,44.35,43.7,0.65,1.4874,62217.23,276030.193
300285.SZ,2021-04-12,44.02,44.25,42.95,43.64,44.35,-0.71,-1.6009,56257.76,245300.677
300285.SZ,2021-04-13,43.51,44.19,43.29,43.56,43.64,-0.08,-0.1833,38320.76,167743.361
300285.SZ,2021-04-14,43.3,43.74,42.5,42.87,43.56,-0.69,-1.584,39532.44,170546.293
300285.SZ,2021-04-15,42.61,44.94,42.61,44.22,42.87,1.35,3.1491,74304.52,327756.383
300285.SZ,2021-04-16,45.0,45.0,42.78,43.89,44.12,-0.23,-0.5213,70744.75,307912.427
300285.SZ,2021-04-19,43.64,47.79,43.51,47.5,43.89,3.61,8.2251,106605.48,495114.918
300285.SZ,2021-04-20,47.01,49.58,47.01,49.26,47.5,1.76,3.7053,101017.21,491501.386
300285.SZ,2021-04-21,49.0,50.12,48.51,48.9,49.26,-0.36,-0.7308,80412.61,394321.444
300285.SZ,2021-04-22,49.1,49.7,48.8,49.21,48.9,0.31,0.6339,54874.41,270332.319
300285.SZ,2021-04-23,49.6,49.99,49.01,49.98,49.21,0.77,1.5647,67649.69,335807.046
300285.SZ,2021-04-26,50.0,50.9,49.41,49.57,49.98,-0.41,-0.8203,81247.02,405906.086
300285.SZ,2021-04-27,49.35,50.2,48.8,49.5,49.57,-0.07,-0.1412,43117.58,213309.219
300285.SZ,2021-04-28,49.5,50.4,49.41,49.82,49.5,0.32,0.6465,40054.98,199551.196
300285.SZ,2021-04-29,49.32,49.6,48.35,48.8,49.82,-1.02,-2.0474,62225.34,304064.513
300285.SZ,2021-04-30,48.82,49.68,47.86,49.5,48.8,0.7,1.4344,68476.14,333821.592
300285.SZ,2021-05-06,49.48,50.34,48.11,48.93,49.5,-0.57,-1.1515,58244.62,286328.127
300285.SZ,2021-05-07,48.7,49.18,47.17,47.46,48.93,-1.47,-3.0043,58520.67,281254.342
300285.SZ,2021-05-10,47.34,48.38,46.73,47.28,47.46,-0.18,-0.3793,55839.41,265530.99
300285.SZ,2021-05-11,46.86,47.57,46.38,46.77,47.28,-0.51,-1.0787,48217.0,225785.016
300285.SZ,2021-05-12,46.66,47.35,45.85,46.87,46.77,0.1,0.2138,59510.31,277015.558
300285.SZ,2021-05-13,46.17,47.48,46.01,47.16,46.87,0.29,0.6187,39916.48,186565.834
300285.SZ,2021-05-14,47.17,48.32,46.5,47.98,47.16,0.82,1.7388,58639.5,279349.294
300285.SZ,2021-05-17,49.0,49.65,48.5,49.09,47.98,1.11,2.3135,112468.3,553090.844
300285.SZ,2021-05-18,48.57,48.99,47.08,48.35,49.09,-0.74,-1.5074,52934.23,254386.128
300285.SZ,2021-05-19,47.85,48.91,47.7,48.76,48.35,0.41,0.848,40016.62,194237.323
300285.SZ,2021-05-20,48.88,50.68,48.72,50.02,48.76,1.26,2.5841,81995.57,409674.082
300285.SZ,2021-05-21,50.5,50.5,48.64,49.2,50.02,-0.82,-1.6393,53416.25,263211.529
300285.SZ,2021-05-24,49.46,50.09,48.44,49.0,49.2,-0.2,-0.4065,41731.83,205059.718
300285.SZ,2021-05-25,49.01,49.95,48.58,49.46,49.0,0.46,0.9388,65337.49,322127.134
300285.SZ,2021-05-26,53.0,54.0,50.28,50.54,49.46,1.08,2.1836,188175.15,976550.667
300285.SZ,2021-05-27,50.54,52.3,50.4,51.76,50.54,1.22,2.4139,112574.41,580130.787
300285.SZ,2021-05-28,51.59,52.37,50.85,51.08,51.76,-0.68,-1.3138,80216.52,413416.084
300285.SZ,2021-05-31,51.7,53.36,51.2,52.1,51.08,1.02,1.9969,86835.3,453373.536
300285.SZ,2021-06-01,51.52,51.95,50.22,51.66,52.1,-0.44,-0.8445,89382.22,456848.356
300285.SZ,2021-06-02,51.6,51.6,49.92,50.29,51.66,-1.37,-2.652,67793.26,342987.156
300285.SZ,2021-06-03,49.96,51.1,49.53,49.7,50.29,-0.59,-1.1732,58612.22,293922.603
300285.SZ,2021-06-04,49.9,51.32,49.55,50.97,49.7,1.27,2.5553,66102.54,336030.316
300285.SZ,2021-06-07,50.95,51.68,49.9,51.33,50.97,0.36,0.7063,67936.9,346309.139
300285.SZ,2021-06-08,51.32,52.77,50.02,50.21,51.33,-1.12,-2.182,65260.37,333759.129
300285.SZ,2021-06-09,50.21,51.44,50.21,50.98,50.21,0.77,1.5336,47747.09,243255.454
300285.SZ,2021-06-10,50.73,52.5,50.73,52.39,50.98,1.41,2.7658,71852.87,373363.531
300285.SZ,2021-06-11,52.5,52.5,51.15,51.5,52.39,-0.89,-1.6988,60341.97,310862.853
300285.SZ,2021-06-15,51.45,51.69,49.78,50.51,51.5,-0.99,-1.9223,49027.49,247056.076
300285.SZ,2021-06-16,50.6,50.8,47.8,47.87,50.51,-2.64,-5.2267,85794.79,415988.394
300285.SZ,2021-06-17,47.87,48.64,47.76,48.17,47.87,0.3,0.6267,46294.66,223223.869
300285.SZ,2021-06-18,48.47,49.12,47.83,48.48,48.17,0.31,0.6436,64640.13,312780.628
300285.SZ,2021-06-21,48.0,48.77,46.99,47.96,48.48,-0.52,-1.0726,84751.78,407016.137
300285.SZ,2021-06-22,48.1,49.44,47.6,49.2,47.96,1.24,2.5855,66360.48,323631.255
300285.SZ,2021-06-23,49.0,49.3,48.01,48.75,49.2,-0.45,-0.9146,55370.57,268864.328
300285.SZ,2021-06-24,48.45,48.84,47.72,48.75,48.75,0.0,0.0,57670.67,277911.376
300285.SZ,2021-06-25,48.8,49.86,48.56,49.35,48.75,0.6,1.2308,56403.12,278009.836
300285.SZ,2021-06-28,49.2,50.4,48.9,50.39,49.35,1.04,2.1074,65472.66,326919.975
300285.SZ,2021-06-29,50.49,50.5,48.3,48.79,50.39,-1.6,-3.1752,66082.39,323497.102
300285.SZ,2021-06-30,48.99,49.15,47.0,48.75,48.79,-0.04,-0.082,56161.03,270680.972
300285.SZ,2021-07-01,48.51,48.99,46.6,46.88,48.75,-1.87,-3.8359,74936.2,354884.984
300285.SZ,2021-07-02,46.7,47.35,45.12,45.2,46.88,-1.68,-3.5836,60935.44,280684.556
300285.SZ,2021-07-05,45.16,45.88,44.25,45.3,45.2,0.1,0.2212,56285.24,253166.119
300285.SZ,2021-07-06,45.0,45.22,44.12,45.0,45.3,-0.3,-0.6623,61458.45,274758.479
300285.SZ,2021-07-07,44.8,47.42,44.43,47.14,45.0,2.14,4.7556,73024.24,339036.006
300285.SZ,2021-07-08,47.5,47.53,46.31,46.5,47.14,-0.64,-1.3577,63159.66,294983.43
300285.SZ,2021-07-09,46.01,46.61,44.7,45.04,46.5,-1.46,-3.1398,104619.77,474306.73
300285.SZ,2021-07-12,45.49,47.43,45.2,47.01,45.04,1.97,4.3739,85488.58,399281.95
300285.SZ,2021-07-13,47.01,47.2,46.2,46.58,47.01,-0.43,-0.9147,43690.51,203758.375
300285.SZ,2021-07-14,46.88,48.3,46.41,47.16,46.58,0.58,1.2452,92342.47,437721.874
300285.SZ,2021-07-15,47.16,47.88,46.72,47.61,47.16,0.45,0.9542,72203.35,342164.425
300285.SZ,2021-07-16,47.71,47.99,46.51,46.56,47.61,-1.05,-2.2054,64973.65,305281.864
300285.SZ,2021-07-19,46.4,48.33,46.3,47.91,46.56,1.35,2.8995,79430.84,377826.009
300285.SZ,2021-07-20,47.8,48.3,47.22,47.89,47.91,-0.02,-0.0417,60380.51,288238.9
300285.SZ,2021-07-21,48.24,49.49,48.0,49.36,47.89,1.47,3.0695,98460.33,481840.495
300285.SZ,2021-07-22,49.36,49.75,48.35,48.76,49.36,-0.6,-1.2156,65429.85,318993.678
300285.SZ,2021-07-23,48.8,48.8,46.3,47.1,48.76,-1.66,-3.4044,91593.34,431995.226
300285.SZ,2021-07-26,46.87,47.44,45.1,46.42,47.1,-0.68,-1.4437,72108.17,333671.323
300285.SZ,2021-07-27,46.39,47.18,44.27,44.63,46.42,-1.79,-3.8561,140135.08,634790.694
300285.SZ,2021-07-28,45.0,46.1,44.44,45.2,44.63,0.57,1.2772,126798.89,570959.593
300285.SZ,2021-07-29,46.05,48.84,46.01,48.73,45.2,3.53,7.8097,163235.96,779894.053
300285.SZ,2021-07-30,48.92,48.95,46.46,46.74,48.73,-1.99,-4.0837,104544.77,495887.591
300285.SZ,2021-08-02,46.77,48.39,46.77,47.86,46.74,1.12,2.3962,92465.67,440965.74
300285.SZ,2021-08-03,48.52,51.95,47.6,51.07,47.86,3.21,6.7071,208311.79,1042544.922
300285.SZ,2021-08-04,51.08,51.5,49.85,51.15,51.07,0.08,0.1566,121144.24,616452.814
300285.SZ,2021-08-05,51.49,51.66,50.52,51.15,51.15,0.0,0.0,89927.03,459913.209
300285.SZ,2021-08-06,51.11,51.11,48.6,48.88,51.15,-2.27,-4.4379,99595.41,490534.512
300285.SZ,2021-08-09,48.59,49.36,47.86,48.91,48.88,0.03,0.0614,72789.6,354023.725
300285.SZ,2021-08-10,48.83,49.3,47.89,49.29,48.91,0.38,0.7769,79806.34,389013.657
300285.SZ,2021-08-11,49.29,49.29,47.6,47.93,49.29,-1.36,-2.7592,97447.62,468369.371
300285.SZ,2021-08-12,47.63,47.63,46.3,46.77,47.93,-1.16,-2.4202,83460.93,391295.625
300285.SZ,2021-08-13,46.9,48.42,46.9,48.25,46.77,1.48,3.1644,89346.91,427830.787
300285.SZ,2021-08-16,48.45,50.1,48.19,48.82,48.25,0.57,1.1813,100061.89,491370.153
300285.SZ,2021-08-17,48.82,48.84,47.62,47.95,48.82,-0.87,-1.7821,81111.1,390631.104
300285.SZ,2021-08-18,47.3,47.91,45.74,46.29,47.95,-1.66,-3.4619,94492.15,439613.485
300285.SZ,2021-08-19,46.31,46.86,45.41,45.93,46.29,-0.36,-0.7777,52347.26,240615.679
300285.SZ,2021-08-20,45.2,45.65,44.01,44.58,45.93,-1.35,-2.9393,80536.28,359319.486
300285.SZ,2021-08-23,44.02,46.12,43.6,46.0,44.58,1.42,3.1853,73990.0,334522.001
300285.SZ,2021-08-24,45.7,45.99,44.8,44.99,46.0,-1.01,-2.1957,67160.85,303323.389
300285.SZ,2021-08-25,45.37,46.22,45.09,46.17,44.99,1.18,2.6228,74411.77,340878.663
300285.SZ,2021-08-26,45.8,46.45,45.48,46.15,46.17,-0.02,-0.0433,44563.93,204887.42
300285.SZ,2021-08-27,46.3,46.39,45.61,45.99,46.15,-0.16,-0.3467,59830.66,275025.418
300285.SZ,2021-08-30,46.48,46.73,45.05,45.37,45.99,-0.62,-1.3481,65143.43,298166.762
300285.SZ,2021-08-31,45.5,45.79,44.68,45.76,45.37,0.39,0.8596,77867.92,351907.301
300285.SZ,2021-09-01,45.55,45.98,44.12,45.94,45.76,0.18,0.3934,61687.19,278475.355
300285.SZ,2021-09-02,45.6,46.2,44.21,44.42,45.94,-1.52,-3.3087,56415.05,252064.878
300285.SZ,2021-09-03,43.5,44.1,40.89,40.99,44.42,-3.43,-7.7217,178995.37,749174.806
300285.SZ,2021-09-06,40.2,44.19,40.15,43.7,40.99,2.71,6.6114,94063.56,399323.858
300285.SZ,2021-09-07,43.17,43.7,41.61,42.0,43.7,-1.7,-3.8902,71648.05,303277.112
300285.SZ,2021-09-08,41.75,42.75,41.43,42.05,42.0,0.05,0.119,43172.38,180903.283
300285.SZ,2021-09-09,41.61,42.44,41.61,42.36,42.05,0.31,0.7372,47753.27,201057.361
300285.SZ,2021-09-10,41.99,43.94,41.99,43.7,42.36,1.34,3.1634,56089.82,243115.927
300285.SZ,2021-09-13,43.7,44.15,42.75,42.87,43.7,-0.83,-1.8993,44981.45,194671.024
300285.SZ,2021-09-14,42.88,43.29,42.02,42.14,42.87,-0.73,-1.7028,44358.37,188399.345
300285.SZ,2021-09-15,41.73,42.22,41.1,41.28,42.14,-0.86,-2.0408,28366.64,117557.282
300285.SZ,2021-09-16,41.29,41.99,40.59,40.71,41.28,-0.57,-1.3808,48591.11,199216.231
300285.SZ,2021-09-17,40.35,42.85,40.35,42.31,40.71,1.6,3.9302,61602.51,258367.177
300285.SZ,2021-09-22,42.0,42.64,40.91,41.12,42.31,-1.19,-2.8126,30054.85,124754.926
300285.SZ,2021-09-23,41.12,42.9,40.91,42.47,41.12,1.35,3.2831,49884.78,209632.828
300285.SZ,2021-09-24,42.45,42.72,41.64,42.67,42.47,0.2,0.4709,46812.87,197449.268
300285.SZ,2021-09-27,42.68,43.9,42.3,43.55,42.67,0.88,2.0623,54928.18,238008.778
300285.SZ,2021-09-28,43.64,43.64,41.51,41.57,43.55,-1.98,-4.5465,55972.99,236056.347
300285.SZ,2021-09-29,41.84,42.3,40.8,41.21,41.57,-0.36,-0.866,39081.03,161312.13
300285.SZ,2021-09-30,41.21,41.6,40.95,41.15,41.21,-0.06,-0.1456,26762.12,110262.652
300285.SZ,2021-10-08,41.88,42.4,41.11,41.83,41.15,0.68,1.6525,38934.39,162898.988
300285.SZ,2021-10-11,41.88,44.16,41.74,43.87,41.83,2.04,4.8769,58417.77,253687.269
300285.SZ,2021-10-12,43.92,44.17,42.86,43.43,43.87,-0.44,-1.003,38077.21,165772.616
300285.SZ,2021-10-13,43.09,45.33,43.01,44.85,43.43,1.42,3.2696,54873.5,245512.445
300285.SZ,2021-10-14,44.85,45.35,44.0,44.31,44.85,-0.54,-1.204,43023.54,191827.381
300285.SZ,2021-10-15,44.07,44.47,43.55,44.07,44.31,-0.24,-0.5416,34922.66,153483.339
300285.SZ,2021-10-18,44.52,44.87,43.03,43.73,44.07,-0.34,-0.7715,32053.12,139628.03
300285.SZ,2021-10-19,43.2,44.66,43.2,44.5,43.73,0.77,1.7608,32595.65,144194.506
300285.SZ,2021-10-20,44.5,45.45,44.21,44.88,44.5,0.38,0.8539,38377.17,172441.356
300285.SZ,2021-10-21,45.0,45.28,43.83,44.1,44.88,-0.78,-1.738,30384.57,135228.253
300285.SZ,2021-10-22,43.39,46.02,43.21,45.68,44.1,1.58,3.5828,72690.5,330750.512
300285.SZ,2021-10-25,45.6,45.6,44.38,44.6,45.68,-1.08,-2.3643,47812.16,213984.284
300285.SZ,2021-10-26,44.63,44.93,43.54,43.69,44.6,-0.91,-2.0404,42281.5,185150.783
300285.SZ,2021-10-27,43.6,43.68,40.95,42.3,43.69,-1.39,-3.1815,69094.16,289768.934
300285.SZ,2021-10-28,42.0,43.28,41.71,42.86,42.3,0.56,1.3239,42065.96,179555.173
300285.SZ,2021-10-29,42.71,43.3,42.54,42.78,42.86,-0.08,-0.1867,22403.17,96117.846
300285.SZ,2021-11-01,43.0,43.0,42.0,42.62,42.78,-0.16,-0.374,28182.94,119560.711
300285.SZ,2021-11-02,42.28,43.88,42.28,43.7,42.62,1.08,2.534,43562.41,189532.043
300285.SZ,2021-11-03,43.65,44.95,43.46,44.78,43.7,1.08,2.4714,45822.48,203839.644
300285.SZ,2021-11-04,44.99,45.57,44.25,44.66,44.78,-0.12,-0.268,36368.72,163500.051
300285.SZ,2021-11-05,44.4,45.3,44.4,44.7,44.66,0.04,0.0896,19967.85,89494.462
300285.SZ,2021-11-08,45.89,46.19,44.08,45.55,44.7,0.85,1.9016,57059.37,258594.696
300285.SZ,2021-11-09,46.0,46.33,45.28,45.87,45.55,0.32,0.7025,42524.04,195261.457
300285.SZ,2021-11-10,45.93,46.05,44.9,45.11,45.87,-0.76,-1.6569,27979.33,126730.619
300285.SZ,2021-11-11,44.81,45.1,43.5,44.37,45.11,-0.74,-1.6404,53027.75,233435.643
300285.SZ,2021-11-12,44.01,45.25,44.01,45.0,44.37,0.63,1.4199,32289.48,144983.469
300285.SZ,2021-11-15,44.93,45.26,43.33,44.41,45.0,-0.59,-1.3111,42543.5,187801.51
300285.SZ,2021-11-16,43.91,45.41,43.82,45.13,44.41,0.72,1.6213,49734.86,222329.986
300285.SZ,2021-11-17,45.42,45.98,44.77,45.52,45.13,0.39,0.8642,37067.93,168444.676
300285.SZ,2021-11-18,45.51,45.98,44.35,44.41,45.52,-1.11,-2.4385,24906.98,111839.493
300285.SZ,2021-11-19,44.41,45.03,43.5,44.41,44.41,0.0,0.0,38686.35,171856.232
300285.SZ,2021-11-22,44.43,44.76,43.23,43.25,44.41,-1.16,-2.612,74828.54,326746.552
300285.SZ,2021-11-23,43.15,43.8,42.9,43.3,43.25,0.05,0.1156,32356.42,140099.482
300285.SZ,2021-11-24,43.3,43.5,42.9,42.96,43.3,-0.34,-0.7852,23323.64,100516.624
300285.SZ,2021-11-25,42.9,43.24,42.49,43.15,42.96,0.19,0.4423,18486.3,79435.158
300285.SZ,2021-11-26,43.25,43.8,42.68,43.49,43.15,0.34,0.7879,30595.45,132807.557
300285.SZ,2021-11-29,43.0,44.16,42.82,43.8,43.49,0.31,0.7128,33963.31,148519.68
300285.SZ,2021-11-30,43.79,45.08,43.4,44.9,43.8,1.1,2.5114,58116.13,259037.376
300285.SZ,2021-12-01,44.9,45.55,44.7,45.41,44.9,0.51,1.1359,50839.71,229913.571
300285.SZ,2021-12-02,45.4,46.55,44.6,44.78,45.41,-0.63,-1.3874,37943.37,172748.458
300285.SZ,2021-12-03,44.41,45.22,44.14,44.76,44.78,-0.02,-0.0447,22634.0,101103.281
300285.SZ,2021-12-06,44.91,45.05,43.88,44.03,44.76,-0.73,-1.6309,26165.36,115645.107
300285.SZ,2021-12-07,44.39,44.39,43.35,43.52,44.03,-0.51,-1.1583,28043.35,122251.739
300285.SZ,2021-12-08,43.52,44.25,43.36,43.98,43.52,0.46,1.057,27093.44,118813.908
300285.SZ,2021-12-09,43.97,44.29,42.89,43.99,43.98,0.01,0.0227,57313.53,249668.134
300285.SZ,2021-12-10,43.75,44.03,42.9,43.2,43.99,-0.79,-1.7959,52150.74,225777.137
300285.SZ,2021-12-13,43.0,43.56,42.72,43.15,43.2,-0.05,-0.1157,36580.69,157649.524
300285.SZ,2021-12-14,43.09,43.37,42.9,43.25,43.15,0.1,0.2317,24319.56,104889.986
300285.SZ,2021-12-15,43.19,43.33,42.73,42.81,43.25,-0.44,-1.0173,23521.37,101120.307
300285.SZ,2021-12-16,42.82,43.46,42.5,43.34,42.81,0.53,1.238,23502.61,101071.64
300285.SZ,2021-12-17,43.19,43.29,41.9,41.9,43.34,-1.44,-3.3226,39095.92,165739.518
300285.SZ,2021-12-20,41.46,42.27,41.29,41.63,41.9,-0.27,-0.6444,32712.94,136342.215
300285.SZ,2021-12-21,41.55,41.98,40.83,41.5,41.63,-0.13,-0.3123,39508.7,163253.451
300285.SZ,2021-12-22,41.48,41.68,41.17,41.37,41.5,-0.13,-0.3133,22580.28,93702.695
300285.SZ,2021-12-23,41.5,41.88,40.9,41.72,41.37,0.35,0.846,29784.81,123361.808
300285.SZ,2021-12-24,41.6,42.27,41.43,42.23,41.72,0.51,1.2224,23306.66,97871.589
300285.SZ,2021-12-27,42.23,42.58,41.71,42.1,42.23,-0.13,-0.3078,25229.72,106227.432
300285.SZ,2021-12-28,42.1,42.16,41.42,41.64,42.1,-0.46,-1.0926,18007.24,74944.892
300285.SZ,2021-12-29,41.88,42.55,41.64,42.2,41.64,0.56,1.3449,36348.15,153422.015
300285.SZ,2021-12-30,41.9,42.54,41.87,42.13,42.2,-0.07,-0.1659,21576.05,91077.853
300285.SZ,2021-12-31,42.09,43.2,42.09,42.57,42.13,0.44,1.0444,49119.66,210095.439
300285.SZ,2022-01-04,42.98,43.0,41.5,41.85,42.57,-0.72,-1.6913,43117.82,181141.972
300285.SZ,2022-01-05,41.55,41.93,40.42,40.96,41.85,-0.89,-2.1266,67309.65,275028.154
300285.SZ,2022-01-06,41.1,41.15,39.47,39.5,40.96,-1.46,-3.5645,60984.28,243615.021
300285.SZ,2022-01-07,39.51,39.75,38.27,38.45,39.5,-1.05,-2.6582,95252.07,367141.301
300285.SZ,2022-01-10,38.45,39.36,38.15,39.13,38.45,0.68,1.7685,76054.82,293798.135
300285.SZ,2022-01-11,39.13,41.0,38.82,40.1,39.13,0.97,2.4789,51319.98,206170.314
300285.SZ,2022-01-12,40.5,42.29,40.29,42.17,40.1,2.07,5.1621,69673.79,289175.098
300285.SZ,2022-01-13,42.54,42.54,40.56,41.28,42.17,-0.89,-2.1105,40705.35,167288.95
300285.SZ,2022-01-14,40.86,41.8,40.86,41.55,41.28,0.27,0.6541,36472.89,151458.534
300285.SZ,2022-01-17,41.44,42.5,40.9,42.15,41.55,0.6,1.444,50987.09,213838.377
300285.SZ,2022-01-18,42.1,42.46,41.53,42.26,42.15,0.11,0.261,35103.59,147612.387
300285.SZ,2022-01-19,42.25,42.85,41.85,42.04,42.26,-0.22,-0.5206,38582.49,163073.868
300285.SZ,2022-01-20,41.85,42.69,41.07,41.29,42.04,-0.75,-1.784,40806.09,169339.856
300285.SZ,2022-01-21,41.09,42.35,40.02,41.12,41.29,-0.17,-0.4117,62350.74,253118.736
300285.SZ,2022-01-24,40.3,41.09,40.01,40.06,41.12,-1.06,-2.5778,39110.84,157519.06
300285.SZ,2022-01-25,40.05,40.33,39.6,39.63,40.06,-0.43,-1.0734,31508.38,125959.33
300285.SZ,2022-01-26,40.05,42.26,39.52,40.98,39.63,1.35,3.4065,76228.11,315203.305
300285.SZ,2022-01-27,40.95,41.79,40.43,40.51,40.98,-0.47,-1.1469,34860.9,143434.711
300285.SZ,2022-01-28,42.01,42.01,39.67,40.1,40.51,-0.41,-1.0121,45291.64,182405.707
300285.SZ,2022-02-07,40.55,40.88,39.41,39.59,40.1,-0.51,-1.2718,49364.48,196733.708
300285.SZ,2022-02-08,39.59,40.05,39.17,40.0,39.59,0.41,1.0356,26001.77,102802.783
300285.SZ,2022-02-09,40.0,41.3,39.72,40.58,40.0,0.58,1.45,38632.82,157140.068
300285.SZ,2022-02-10,40.89,40.96,40.17,40.57,40.58,-0.01,-0.0246,33442.19,135650.074
300285.SZ,2022-02-11,40.28,41.88,40.01,41.3,40.57,0.73,1.7994,56898.27,235081.532
300285.SZ,2022-02-14,40.81,41.84,40.47,40.67,41.3,-0.63,-1.5254,50960.42,208963.792
300285.SZ,2022-02-15,40.7,40.88,39.01,39.57,40.67,-1.1,-2.7047,48241.24,190542.433
300285.SZ,2022-02-16,39.68,39.77,38.7,39.16,39.57,-0.41,-1.0361,39148.84,153009.106
300285.SZ,2022-02-17,39.0,40.4,38.83,40.0,39.16,0.84,2.145,38746.3,154251.713
300285.SZ,2022-02-18,39.71,40.26,39.61,40.09,40.0,0.09,0.225,25679.01,102578.874
300285.SZ,2022-02-21,39.88,40.21,38.71,38.73,40.09,-1.36,-3.3924,36865.95,144579.994
300285.SZ,2022-02-22,38.57,38.57,36.11,37.17,38.73,-1.56,-4.0279,86564.74,319440.731
300285.SZ,2022-02-23,36.56,38.31,36.56,38.26,37.17,1.09,2.9325,54073.02,204632.179
300285.SZ,2022-02-24,38.0,38.27,35.85,36.1,38.26,-2.16,-5.6456,74533.72,273014.114
300285.SZ,2022-02-25,36.48,36.8,35.58,36.38,36.1,0.28,0.7756,72234.28,261004.796
300285.SZ,2022-02-28,36.27,37.35,36.24,37.17,36.38,0.79,2.1715,39302.28,144794.269
300285.SZ,2022-03-01,37.2,37.44,36.08,36.42,37.17,-0.75,-2.0178,42369.29,154326.185
300285.SZ,2022-03-02,36.14,36.67,35.92,36.54,36.42,0.12,0.3295,28268.86,102549.066
300285.SZ,2022-03-03,36.55,36.58,35.6,35.6,36.54,-0.94,-2.5725,24298.64,87296.5
300285.SZ,2022-03-04,35.0,35.91,34.98,35.71,35.6,0.11,0.309,47212.88,167968.552
300285.SZ,2022-03-07,35.42,35.66,34.5,34.65,35.71,-1.06,-2.9684,71973.9,251089.202
300285.SZ,2022-03-08,34.6,34.95,33.34,33.43,34.65,-1.22,-3.5209,56565.66,192419.334
300285.SZ,2022-03-09,33.59,34.0,32.01,33.42,33.43,-0.01,-0.0299,85528.42,282846.952
300285.SZ,2022-03-10,34.7,35.42,34.02,34.96,33.42,1.54,4.608,85980.55,300034.608
300285.SZ,2022-03-11,35.0,35.48,34.27,35.26,34.96,0.3,0.8581,67967.02,237237.089
300285.SZ,2022-03-14,35.15,35.48,34.68,34.81,35.26,-0.45,-1.2762,49461.56,173901.921
300285.SZ,2022-03-15,34.3,35.17,32.75,32.86,34.81,-1.95,-5.6018,70487.52,238753.342
300285.SZ,2022-03-16,33.17,34.0,31.43,33.8,32.86,0.94,2.8606,67067.93,219621.349
300285.SZ,2022-03-17,34.31,34.62,33.42,33.97,33.8,0.17,0.503,71113.0,241536.783
300285.SZ,2022-03-18,33.9,34.97,33.52,34.32,33.97,0.35,1.0303,48892.77,169343.005
300285.SZ,2022-03-21,34.73,34.78,33.65,34.25,34.32,-0.07,-0.204,38245.69,130652.975
300285.SZ,2022-03-22,33.9,34.55,33.62,34.1,34.25,-0.15,-0.438,26046.06,88564.037
300285.SZ,2022-03-23,33.99,36.1,33.88,35.5,34.1,1.4,4.1056,60767.33,214849.709
300285.SZ,2022-03-24,35.2,35.2,34.48,34.48,35.5,-1.02,-2.8732,37381.95,129851.013
300285.SZ,2022-03-25,34.19,34.89,34.1,34.2,34.48,-0.28,-0.8121,27096.02,93312.049
300285.SZ,2022-03-28,33.83,34.68,33.48,34.46,34.2,0.26,0.7602,25610.69,87697.629
300285.SZ,2022-03-29,34.76,36.2,34.5,35.8,34.46,1.34,3.8886,54503.6,194259.644
300285.SZ,2022-03-30,36.0,36.3,35.27,36.14,35.8,0.34,0.9497,39909.86,143316.656
300285.SZ,2022-03-31,36.07,36.3,34.51,34.6,36.14,-1.54,-4.2612,41846.93,147017.441
300285.SZ,2022-04-01,34.3,35.45,34.08,35.43,34.6,0.83,2.3988,35999.34,125664.473
300285.SZ,2022-04-06,35.17,35.4,34.22,34.71,35.43,-0.72,-2.0322,28958.06,100352.381
300285.SZ,2022-04-07,34.48,34.54,33.16,33.41,34.71,-1.3,-3.7453,35026.54,117792.346
300285.SZ,2022-04-08,33.72,33.86,33.12,33.66,33.41,0.25,0.7483,24439.86,81886.278
300285.SZ,2022-04-11,33.31,33.54,32.1,32.54,33.66,-1.12,-3.3274,28082.92,91479.319
300285.SZ,2022-04-12,32.01,32.8,31.69,32.55,32.54,0.01,0.0307,31466.75,101634.023
300285.SZ,2022-04-13,32.28,32.67,31.8,31.98,32.55,-0.57,-1.7512,18134.91,58356.594
300285.SZ,2022-04-14,32.34,32.49,31.0,31.35,31.98,-0.63,-1.97,32252.56,101641.597
300285.SZ,2022-04-15,31.14,32.66,30.97,32.22,31.35,0.87,2.7751,35064.33,112032.459
300285.SZ,2022-04-18,32.03,33.93,31.52,33.48,32.22,1.26,3.9106,31587.15,104851.752
300285.SZ,2022-04-19,33.53,33.75,32.62,32.76,33.48,-0.72,-2.1505,15855.76,52177.643
300285.SZ,2022-04-20,32.98,33.16,32.1,32.12,32.76,-0.64,-1.9536,17225.0,56208.614
300285.SZ,2022-04-21,32.05,32.24,30.39,30.52,32.12,-1.6,-4.9813,38656.08,120303.802
300285.SZ,2022-04-22,30.52,30.73,29.26,30.29,30.52,-0.23,-0.7536,52909.66,158939.842
300285.SZ,2022-04-25,30.17,30.63,28.2,28.25,30.29,-2.04,-6.7349,66046.76,194889.131
300285.SZ,2022-04-26,28.28,32.5,28.28,31.31,28.14,3.17,11.2651,197049.34,610930.545
300285.SZ,2022-04-27,31.89,32.27,30.69,32.03,31.31,0.72,2.2996,76025.15,240574.286
300285.SZ,2022-04-28,32.0,32.19,30.78,31.3,32.03,-0.73,-2.2791,49976.44,156733.377
300285.SZ,2022-04-29,31.5,32.75,31.0,32.66,31.3,1.36,4.345,43828.08,140445.148
300285.SZ,2022-05-05,32.21,32.9,32.0,32.29,32.66,-0.37,-1.1329,39993.5,129053.916
300285.SZ,2022-05-06,31.76,32.11,31.43,31.69,32.29,-0.6,-1.8582,31795.72,101075.333
300285.SZ,2022-05-09,32.0,32.47,31.0,31.4,31.69,-0.29,-0.9151,39932.45,125564.832
300285.SZ,2022-05-10,31.0,33.0,30.7,32.75,31.4,1.35,4.2994,52100.39,168833.686
300285.SZ,2022-05-11,32.78,33.92,32.18,33.33,32.75,0.58,1.771,61756.46,205136.764
300285.SZ,2022-05-12,33.0,33.69,32.6,33.32,33.33,-0.01,-0.03,27840.32,92461.147
300285.SZ,2022-05-13,33.61,33.99,32.96,33.85,33.32,0.53,1.5906,31324.0,105025.458
300285.SZ,2022-05-16,33.99,34.28,33.0,33.12,33.85,-0.73,-2.1566,35932.76,120628.337
300285.SZ,2022-05-17,33.16,34.22,33.06,34.19,33.12,1.07,3.2307,34460.67,116336.118
300285.SZ,2022-05-18,34.0,34.26,32.96,33.38,34.19,-0.81,-2.3691,48176.0,160891.117
300285.SZ,2022-05-19,32.85,33.28,32.52,33.18,33.38,-0.2,-0.5992,29423.46,96882.809
300285.SZ,2022-05-20,33.01,34.16,33.0,33.71,33.18,0.53,1.5973,26986.98,90879.416
300285.SZ,2022-05-23,33.84,34.08,33.2,33.37,33.71,-0.34,-1.0086,19452.91,65179.934
300285.SZ,2022-05-24,33.35,33.4,31.2,31.28,33.37,-2.09,-6.2631,56188.47,180446.604
300285.SZ,2022-05-25,31.32,32.13,31.12,32.04,31.28,0.76,2.4297,28435.74,90267.017
300285.SZ,2022-05-26,32.02,32.58,31.71,32.32,32.04,0.28,0.8739,20832.04,67016.285
300285.SZ,2022-05-27,32.6,34.42,32.08,33.71,32.32,1.39,4.3007,59768.08,201389.019
300285.SZ,2022-05-30,34.18,35.13,33.5,35.02,33.71,1.31,3.8861,57008.91,196730.931
300285.SZ,2022-05-31,35.0,35.7,34.78,35.65,35.02,0.63,1.799,47353.96,167278.382
300285.SZ,2022-06-01,35.7,36.07,35.11,35.68,35.65,0.03,0.0842,49938.29,177490.889
300285.SZ,2022-06-02,35.59,36.17,35.17,36.0,35.68,0.32,0.8969,35848.81,128855.931
300285.SZ,2022-06-06,36.36,38.86,36.18,38.5,36.0,2.5,6.9444,64644.78,245718.098
300285.SZ,2022-06-07,38.5,38.51,37.83,38.18,38.5,-0.32,-0.8312,35985.28,137470.717
300285.SZ,2022-06-08,38.59,38.67,37.71,38.35,38.18,0.17,0.4453,81001.58,308907.371
300285.SZ,2022-06-09,38.21,38.21,37.0,37.4,38.35,-0.95,-2.4772,46375.73,173891.937
300285.SZ,2022-06-10,37.03,37.6,36.78,37.01,37.4,-0.39,-1.0428,52741.03,196003.85
300285.SZ,2022-06-13,36.68,37.12,36.26,37.01,37.01,0.0,0.0,35790.36,131122.843
300285.SZ,2022-06-14,36.55,37.59,36.19,37.4,37.01,0.39,1.0538,28088.29,103208.952
300285.SZ,2022-06-15,37.0,37.97,36.52,36.61,37.4,-0.79,-2.1123,32388.1,120184.418
300285.SZ,2022-06-16,36.6,37.4,36.3,36.46,36.61,-0.15,-0.4097,31707.04,116946.278
300285.SZ,2022-06-17,36.39,38.04,36.35,37.79,36.46,1.33,3.6478,44544.27,167131.47
300285.SZ,2022-06-20,37.96,38.0,36.5,36.87,37.79,-0.92,-2.4345,42143.73,155692.632
300285.SZ,2022-06-21,36.82,36.84,35.9,36.48,36.87,-0.39,-1.0578,41511.81,150733.836
300285.SZ,2022-06-22,36.54,36.54,35.37,35.5,36.48,-0.98,-2.6864,39341.45,140436.872
300285.SZ,2022-06-23,35.5,35.98,35.07,35.86,35.5,0.36,1.0141,29349.24,104419.912
300285.SZ,2022-06-24,35.94,36.32,35.3,36.3,35.86,0.44,1.227,52729.75,189299.528
300285.SZ,2022-06-27,36.49,36.81,35.57,36.08,36.3,-0.22,-0.6061,50213.84,181756.614
300285.SZ,2022-06-28,35.95,36.25,35.78,35.93,36.08,-0.15,-0.4157,41479.87,149189.865
300285.SZ,2022-06-29,35.9,36.17,35.1,35.2,35.93,-0.73,-2.0317,44905.51,160126.906
300285.SZ,2022-06-30,35.09,36.75,35.08,35.92,35.2,0.72,2.0455,47754.47,171933.381
300285.SZ,2022-07-01,35.84,36.3,34.82,34.82,35.92,-1.1,-3.0624,46909.79,165309.72
300285.SZ,2022-07-04,34.8,35.5,34.69,34.95,34.82,0.13,0.3733,44578.71,156173.14
300285.SZ,2022-07-05,35.23,35.39,33.67,34.37,34.95,-0.58,-1.6595,59761.12,204529.305
300285.SZ,2022-07-06,34.45,34.6,33.03,33.45,34.37,-0.92,-2.6768,42303.78,142364.067
300285.SZ,2022-07-07,33.43,33.91,33.1,33.57,33.45,0.12,0.3587,30385.45,101982.122
300285.SZ,2022-07-08,33.92,33.95,32.82,32.86,33.57,-0.71,-2.115,52072.74,172686.802
300285.SZ,2022-07-11,32.55,33.0,31.79,32.16,32.86,-0.7,-2.1302,44967.0,144576.099
300285.SZ,2022-07-12,32.33,32.33,31.3,31.58,32.16,-0.58,-1.8035,63224.07,200201.053
300285.SZ,2022-07-13,31.59,32.1,31.43,31.9,31.58,0.32,1.0133,37300.53,118649.782
300285.SZ,2022-07-14,32.0,32.49,31.5,31.99,31.9,0.09,0.2821,49983.83,159938.298
300285.SZ,2022-07-15,31.95,33.08,31.77,32.25,31.99,0.26,0.8128,48711.2,158622.807
300285.SZ,2022-07-18,32.26,33.11,32.11,33.0,32.25,0.75,2.3256,46707.0,153182.138
300285.SZ,2022-07-19,33.0,34.02,32.59,33.89,33.0,0.89,2.697,63572.4,212623.064
300285.SZ,2022-07-20,33.99,34.5,33.53,34.4,33.89,0.51,1.5049,48121.37,163902.182
300285.SZ,2022-07-21,34.17,34.62,34.0,34.0,34.4,-0.4,-1.1628,37412.47,128427.578
300285.SZ,2022-07-22,34.1,34.25,33.21,33.58,34.0,-0.42,-1.2353,51819.8,173596.674
300285.SZ,2022-07-25,33.51,33.83,32.1,32.4,33.58,-1.18,-3.514,50673.87,164467.108
300285.SZ,2022-07-26,32.44,33.4,32.03,32.93,32.4,0.53,1.6358,35703.84,117277.512
300285.SZ,2022-07-27,33.15,33.15,32.16,32.36,32.93,-0.57,-1.7309,28478.87,92218.617
300285.SZ,2022-07-28,32.43,33.27,32.21,32.42,32.36,0.06,0.1854,33374.25,109007.886
300285.SZ,2022-07-29,32.47,32.67,31.86,31.87,32.42,-0.55,-1.6965,18242.45,58611.307
300285.SZ,2022-08-01,31.86,33.16,31.36,33.08,31.87,1.21,3.7967,32839.41,106644.324
300285.SZ,2022-08-02,32.76,34.3,32.36,33.78,33.08,0.7,2.1161,66058.53,221288.811
300285.SZ,2022-08-03,33.5,34.29,32.65,32.72,33.78,-1.06,-3.138,61443.23,205584.225
300285.SZ,2022-08-04,33.16,33.96,32.45,32.9,32.72,0.18,0.5501,35796.3,118688.749
300285.SZ,2022-08-05,32.85,34.49,32.7,34.12,32.9,1.22,3.7082,61562.14,209423.841
300285.SZ,2022-08-08,34.3,34.3,33.4,34.01,34.12,-0.11,-0.3224,33308.54,112576.164
300285.SZ,2022-08-09,33.96,33.96,33.23,33.5,34.01,-0.51,-1.4996,30025.25,100759.249
300285.SZ,2022-08-10,33.39,33.86,33.13,33.35,33.5,-0.15,-0.4478,27678.0,92335.292
300285.SZ,2022-08-11,33.58,34.15,33.3,33.92,33.35,0.57,1.7091,36063.47,122032.953
300285.SZ,2022-08-12,33.99,33.99,33.5,33.7,33.92,-0.22,-0.6486,25542.66,86044.899
300285.SZ,2022-08-15,33.51,35.2,33.4,35.0,33.7,1.3,3.8576,72483.5,249916.57
300285.SZ,2022-08-16,34.83,34.83,33.58,33.92,35.0,-1.08,-3.0857,66606.52,227152.006
300285.SZ,2022-08-17,33.91,34.0,33.0,33.9,33.92,-0.02,-0.059,49775.28,166418.217
300285.SZ,2022-08-18,33.62,35.45,33.38,35.03,33.9,1.13,3.3333,91503.8,314526.627
300285.SZ,2022-08-19,35.08,35.08,33.33,33.4,35.03,-1.63,-4.6532,65966.09,224556.548
300285.SZ,2022-08-22,33.1,34.92,33.0,34.21,33.4,0.81,2.4251,59777.79,203584.213
300285.SZ,2022-08-23,34.25,34.25,32.86,33.0,34.21,-1.21,-3.537,57557.06,191344.093
300285.SZ,2022-08-24,32.71,33.23,32.0,32.4,33.0,-0.6,-1.8182,37519.55,122115.774
300285.SZ,2022-08-25,32.39,33.02,31.6,32.4,32.4,0.0,0.0,52212.07,169089.707
300285.SZ,2022-08-26,31.78,32.73,31.78,32.6,32.4,0.2,0.6173,59904.46,193768.156
300285.SZ,2022-08-29,32.22,32.86,31.77,32.36,32.6,-0.24,-0.7362,49178.5,159247.421
300285.SZ,2022-08-30,32.43,32.43,31.66,32.3,32.36,-0.06,-0.1854,52162.18,166637.831
300285.SZ,2022-08-31,32.03,32.4,31.6,31.7,32.3,-0.6,-1.8576,41249.96,131949.682
300285.SZ,2022-09-01,31.63,31.99,30.91,31.2,31.7,-0.5,-1.5773,41635.91,130599.683
300285.SZ,2022-09-02,31.21,31.67,30.45,30.49,31.2,-0.71,-2.2756,31631.48,97855.811
300285.SZ,2022-09-05,30.48,30.48,29.69,30.26,30.49,-0.23,-0.7543,35161.47,105455.6
300285.SZ,2022-09-06,30.27,30.47,29.6,30.09,30.26,-0.17,-0.5618,37299.0,112154.148
300285.SZ,2022-09-07,30.1,30.6,29.7,30.23,30.09,0.14,0.4653,26755.19,80859.684
300285.SZ,2022-09-08,30.06,30.44,29.7,29.8,30.23,-0.43,-1.4224,29946.0,89546.534
300285.SZ,2022-09-09,30.85,32.48,30.85,32.05,29.8,2.25,7.5503,102731.5,327144.096
300285.SZ,2022-09-13,31.61,33.63,31.61,32.22,32.05,0.17,0.5304,63742.01,207550.84
300285.SZ,2022-09-14,31.76,33.33,31.67,33.1,32.22,0.88,2.7312,59100.15,192851.99
300285.SZ,2022-09-15,33.08,33.48,31.45,31.57,33.1,-1.53,-4.6224,66280.9,213780.946
300285.SZ,2022-09-16,31.58,32.0,30.8,30.8,31.57,-0.77,-2.439,30724.57,96536.507
300285.SZ,2022-09-19,30.88,31.28,30.23,31.11,30.8,0.31,1.0065,26705.92,82466.068
300285.SZ,2022-09-20,31.3,31.54,30.72,30.88,31.11,-0.23,-0.7393,18461.42,57283.251
300285.SZ,2022-09-21,30.64,31.65,30.31,31.28,30.88,0.4,1.2953,28178.77,87597.314
300285.SZ,2022-09-22,31.01,31.5,30.92,31.2,31.28,-0.08,-0.2558,17442.02,54371.856
300285.SZ,2022-09-23,31.09,31.33,30.2,30.67,31.2,-0.53,-1.6987,30292.0,92975.382
300285.SZ,2022-09-26,30.31,30.86,30.3,30.4,30.67,-0.27,-0.8803,28987.87,88659.813
300285.SZ,2022-09-27,30.66,31.23,30.24,31.23,30.4,0.83,2.7303,34928.56,107766.123
300285.SZ,2022-09-28,31.13,31.14,29.86,30.01,31.23,-1.22,-3.9065,35799.67,108274.9
300285.SZ,2022-09-29,30.3,30.7,29.78,30.02,30.01,0.01,0.0333,17627.9,53273.231
300285.SZ,2022-09-30,30.0,30.25,28.97,28.97,30.02,-1.05,-3.4977,26079.76,76938.859
300285.SZ,2022-10-10,28.76,28.86,26.51,26.77,28.97,-2.2,-7.5941,61398.9,167959.057
300285.SZ,2022-10-11,26.95,26.95,25.93,26.45,26.77,-0.32,-1.1954,72252.0,189490.355
300285.SZ,2022-10-12,26.21,26.54,24.96,25.83,26.45,-0.62,-2.344,118969.71,302048.449
300285.SZ,2022-10-13,25.55,25.73,24.6,25.37,25.83,-0.46,-1.7809,106560.19,269517.906
300285.SZ,2022-10-14,25.48,25.9,23.73,25.47,25.37,0.1,0.3942,232480.74,576423.812
300285.SZ,2022-10-17,24.97,26.34,24.75,26.03,25.47,0.56,2.1987,141489.01,363073.947
300285.SZ,2022-10-18,26.12,26.45,25.35,26.0,26.03,-0.03,-0.1153,109885.58,284861.085
300285.SZ,2022-10-19,25.95,26.08,24.81,24.81,26.0,-1.19,-4.5769,119793.77,302199.299
300285.SZ,2022-10-20,24.5,25.05,24.08,24.48,24.81,-0.33,-1.3301,82872.04,203334.457
300285.SZ,2022-10-21,24.57,24.68,23.95,24.04,24.48,-0.44,-1.7974,64848.86,156737.739
300285.SZ,2022-10-24,24.0,24.77,23.46,23.65,24.04,-0.39,-1.6223,84465.15,202660.036
300285.SZ,2022-10-25,22.8,22.96,21.41,22.54,23.65,-1.11,-4.6934,206494.78,458229.84
300285.SZ,2022-10-26,22.52,24.29,22.43,23.72,22.54,1.18,5.2351,180376.82,426934.845
300285.SZ,2022-10-27,23.99,23.99,23.04,23.04,23.72,-0.68,-2.8668,68421.91,160432.426
300285.SZ,2022-10-28,23.2,23.34,22.48,22.59,23.04,-0.45,-1.9531,93405.19,213616.954
300285.SZ,2022-10-31,22.51,23.51,22.43,23.08,22.59,0.49,2.1691,68510.46,157939.597
300285.SZ,2022-11-01,23.0,24.26,22.92,24.2,23.08,1.12,4.8527,86115.74,203362.992
300285.SZ,2022-11-02,23.84,24.8,23.78,24.6,24.2,0.4,1.6529,88830.01,217157.538
300285.SZ,2022-11-03,24.5,25.56,24.25,25.41,24.6,0.81,3.2927,108510.4,272778.067
300285.SZ,2022-11-04,25.5,26.44,25.32,26.24,25.41,0.83,3.2664,101462.14,263346.125
300285.SZ,2022-11-07,26.07,27.31,26.03,26.91,26.24,0.67,2.5534,73970.02,199096.174
300285.SZ,2022-11-08,27.13,27.18,26.4,27.17,26.91,0.26,0.9662,54828.33,147424.409
300285.SZ,2022-11-09,27.16,27.16,26.45,26.47,27.17,-0.7,-2.5764,40687.66,108410.286
300285.SZ,2022-11-10,26.5,26.99,26.2,26.53,26.47,0.06,0.2267,33555.93,88880.582
300285.SZ,2022-11-11,27.39,28.18,27.0,28.0,26.53,1.47,5.5409,83212.64,229222.448
300285.SZ,2022-11-14,27.93,28.5,27.59,27.96,28.0,-0.04,-0.1429,50363.86,141058.225
300285.SZ,2022-11-15,27.94,30.57,27.81,30.3,27.96,2.34,8.3691,114294.65,340950.222
300285.SZ,2022-11-16,30.29,30.85,30.1,30.34,30.3,0.04,0.132,63051.13,191752.92
300285.SZ,2022-11-17,30.21,30.23,29.27,29.78,30.34,-0.56,-1.8457,58153.65,172571.445
300285.SZ,2022-11-18,30.0,30.7,29.74,29.96,29.78,0.18,0.6044,51307.27,154641.211
300285.SZ,2022-11-21,29.65,30.41,29.49,29.66,29.96,-0.3,-1.0013,33423.0,99484.976
300285.SZ,2022-11-22,29.65,29.87,28.23,28.4,29.66,-1.26,-4.2481,76787.42,221384.623
300285.SZ,2022-11-23,28.42,29.0,28.07,28.22,28.4,-0.18,-0.6338,44842.39,127426.537
300285.SZ,2022-11-24,28.09,28.82,27.95,28.17,28.22,-0.05,-0.1772,22829.67,64484.914
300285.SZ,2022-11-25,28.17,28.34,27.6,27.94,28.17,-0.23,-0.8165,21444.0,59899.446
300285.SZ,2022-11-28,27.77,28.53,27.21,28.24,27.94,0.3,1.0737,34860.66,97488.2
300285.SZ,2022-11-29,27.73,28.79,27.68,27.77,28.24,-0.47,-1.6643,46612.35,130213.903
300285.SZ,2022-11-30,27.68,27.9,27.12,27.37,27.77,-0.4,-1.4404,47331.27,129909.296
300285.SZ,2022-12-01,27.75,28.86,27.65,28.17,27.37,0.8,2.9229,52215.36,148439.447
300285.SZ,2022-12-02,28.18,29.98,28.18,29.66,28.17,1.49,5.2893,65250.75,191759.768
300285.SZ,2022-12-05,29.65,30.27,28.88,29.03,29.66,-0.63,-2.1241,55993.66,164021.547
300285.SZ,2022-12-06,29.02,30.2,28.8,29.27,29.03,0.24,0.8267,61569.61,181630.507
300285.SZ,2022-12-07,29.27,29.29,28.7,28.76,29.27,-0.51,-1.7424,34273.68,99137.954
300285.SZ,2022-12-08,28.8,28.91,28.08,28.19,28.76,-0.57,-1.9819,29562.35,83694.629
300285.SZ,2022-12-09,28.42,29.33,27.89,29.13,28.19,0.94,3.3345,55009.49,157736.213
300285.SZ,2022-12-12,29.14,30.56,28.95,30.22,29.13,1.09,3.7418,66919.38,200873.917
300285.SZ,2022-12-13,30.22,30.54,29.87,30.01,30.22,-0.21,-0.6949,24259.08,73043.642
300285.SZ,2022-12-14,29.89,30.5,29.81,29.91,30.01,-0.1,-0.3332,25806.42,77357.23
300285.SZ,2022-12-15,30.2,30.66,29.91,29.97,29.91,0.06,0.2006,36938.44,111398.091
300285.SZ,2022-12-16,29.7,30.42,29.5,30.34,29.97,0.37,1.2346,36316.41,109296.489
300285.SZ,2022-12-19,30.0,30.43,28.98,29.29,30.34,-1.05,-3.4608,40705.31,120022.728
300285.SZ,2022-12-20,29.35,29.6,28.88,29.3,29.29,0.01,0.0341,28928.42,84863.098
300285.SZ,2022-12-21,29.27,29.43,28.71,29.05,29.3,-0.25,-0.8532,19949.0,57942.77
300285.SZ,2022-12-22,29.13,29.75,28.85,29.05,29.05,0.0,0.0,38339.61,112014.366
300285.SZ,2022-12-23,29.11,29.32,28.36,28.66,29.05,-0.39,-1.3425,30876.17,88833.423
300285.SZ,2022-12-26,28.6,29.6,28.37,28.65,28.66,-0.01,-0.0349,28035.79,80825.887
300285.SZ,2022-12-27,28.83,28.9,28.0,28.17,28.65,-0.48,-1.6754,23083.2,65209.914
300285.SZ,2022-12-28,28.27,28.3,27.65,27.67,28.17,-0.5,-1.7749,35405.08,98835.474
300285.SZ,2022-12-29,27.6,28.2,27.43,27.66,27.67,-0.01,-0.0361,50021.97,138275.22
300285.SZ,2022-12-30,27.55,27.99,27.37,27.57,27.66,-0.09,-0.3254,31265.0,86420.365
300285.SZ,2023-01-03,27.42,28.0,27.07,27.7,27.57,0.13,0.4715,25806.64,71167.665
300285.SZ,2023-01-04,27.69,28.05,27.3,27.5,27.7,-0.2,-0.722,21295.69,58659.871
300285.SZ,2023-01-05,27.6,28.8,27.36,28.6,27.5,1.1,4.0,51405.13,146160.158
300285.SZ,2023-01-06,28.78,28.78,28.28,28.53,28.6,-0.07,-0.2448,20206.28,57627.208
300285.SZ,2023-01-09,28.74,29.04,28.33,28.53,28.53,0.0,0.0,29881.51,85630.793
300285.SZ,2023-01-10,28.82,28.82,28.31,28.75,28.53,0.22,0.7711,12860.37,36787.288
300285.SZ,2023-01-11,28.75,29.67,28.7,29.4,28.75,0.65,2.2609,55894.04,163824.85
300285.SZ,2023-01-12,29.28,29.66,28.78,28.96,29.4,-0.44,-1.4966,30721.68,89057.208
300285.SZ,2023-01-13,28.88,29.34,28.4,28.7,28.96,-0.26,-0.8978,35556.23,101755.402
300285.SZ,2023-01-16,28.7,31.3,28.64,31.12,28.7,2.42,8.4321,93111.14,283459.113
300285.SZ,2023-01-17,31.12,31.55,30.54,31.44,31.12,0.32,1.0283,72850.34,226445.264
300285.SZ,2023-01-18,31.23,31.58,30.41,30.98,31.44,-0.46,-1.4631,56893.66,175671.649
300285.SZ,2023-01-19,31.19,33.76,30.75,33.5,30.98,2.52,8.1343,109801.04,357121.058
300285.SZ,2023-01-20,33.5,33.8,32.74,33.03,33.5,-0.47,-1.403,58300.9,192889.663
300285.SZ,2023-01-30,33.56,33.8,32.55,33.4,33.03,0.37,1.1202,69873.27,232885.713
300285.SZ,2023-01-31,33.38,34.34,32.5,32.6,33.4,-0.8,-2.3952,64651.87,214878.238
300285.SZ,2023-02-01,32.6,33.21,32.4,33.0,32.6,0.4,1.227,47174.94,155199.095
300285.SZ,2023-02-02,33.0,33.65,32.6,33.05,33.0,0.05,0.1515,38725.22,128570.185
300285.SZ,2023-02-03,33.04,33.38,32.42,32.77,33.05,-0.28,-0.8472,56330.14,184558.277
300285.SZ,2023-02-06,32.62,32.62,31.93,32.23,32.77,-0.54,-1.6478,37604.3,121088.19
300285.SZ,2023-02-07,32.08,32.57,31.88,32.19,32.23,-0.04,-0.1241,22892.88,73567.626
300285.SZ,2023-02-08,32.13,32.3,31.6,31.74,32.19,-0.45,-1.3979,36026.72,114799.31
300285.SZ,2023-02-09,31.85,32.96,31.19,32.81,31.74,1.07,3.3711,48418.64,157582.424
300285.SZ,2023-02-10,32.97,33.52,32.55,32.99,32.81,0.18,0.5486,36068.61,119071.433
300285.SZ,2023-02-13,32.91,33.96,32.66,33.23,32.99,0.24,0.7275,38978.77,130115.065
300285.SZ,2023-02-14,33.3,34.1,33.16,33.24,33.23,0.01,0.0301,37525.05,126244.623
300285.SZ,2023-02-15,33.3,33.85,33.24,33.68,33.24,0.44,1.3237,29670.31,99623.032
300285.SZ,2023-02-16,33.66,34.8,33.5,33.81,33.68,0.13,0.386,64523.77,221118.87
300285.SZ,2023-02-17,33.51,33.89,31.67,31.86,33.81,-1.95,-5.7675,93588.86,306143.543
300285.SZ,2023-02-20,31.99,32.96,31.61,32.79,31.86,0.93,2.919,39995.35,130145.726
300285.SZ,2023-02-21,32.8,33.1,31.8,32.12,32.79,-0.67,-2.0433,34782.0,111981.272
300285.SZ,2023-02-22,32.0,32.13,31.7,31.8,32.12,-0.32,-0.9963,18571.59,59244.084
300285.SZ,2023-02-23,31.8,32.05,30.98,31.48,31.8,-0.32,-1.0063,43153.04,135051.926
300285.SZ,2023-02-24,31.48,31.5,30.45,30.52,31.48,-0.96,-3.0496,36158.39,111100.085
300285.SZ,2023-02-27,30.53,30.72,30.18,30.34,30.52,-0.18,-0.5898,32951.0,100155.762
300285.SZ,2023-02-28,30.61,31.21,30.4,30.66,30.34,0.32,1.0547,38493.9,118691.714
300285.SZ,2023-03-01,30.63,31.8,30.48,31.73,30.66,1.07,3.4899,46069.58,145091.841
300285.SZ,2023-03-02,31.68,31.99,31.3,31.74,31.73,0.01,0.0315,42523.09,134761.228
300285.SZ,2023-03-03,31.97,32.2,31.45,31.58,31.74,-0.16,-0.5041,37736.0,119844.979
300285.SZ,2023-03-06,31.5,31.58,30.85,31.4,31.58,-0.18,-0.57,46317.28,144471.724
300285.SZ,2023-03-07,31.54,32.0,31.12,31.22,31.4,-0.18,-0.5732,39790.5,125830.46
300285.SZ,2023-03-08,30.9,31.48,30.81,31.32,31.22,0.1,0.3203,27601.5,86222.885
300285.SZ,2023-03-09,31.44,31.49,30.75,31.0,31.32,-0.32,-1.0217,21992.5,68060.802
300285.SZ,2023-03-10,30.79,30.96,29.8,30.38,31.0,-0.62,-2.0,41779.12,126376.541
300285.SZ,2023-03-13,30.17,30.98,29.95,30.63,30.38,0.25,0.8229,29966.36,91419.117
300285.SZ,2023-03-14,30.63,30.63,29.91,30.13,30.63,-0.5,-1.6324,31544.43,95113.238
300285.SZ,2023-03-15,30.13,30.87,29.36,29.37,30.13,-0.76,-2.5224,45130.43,134800.45
300285.SZ,2023-03-16,29.34,29.93,29.23,29.39,29.37,0.02,0.0681,34619.0,102402.765
300285.SZ,2023-03-17,29.69,30.16,29.4,29.44,29.39,0.05,0.1701,38880.81,115526.959
300285.SZ,2023-03-20,29.68,30.45,29.5,29.92,29.44,0.48,1.6304,38873.81,116799.112
300285.SZ,2023-03-21,29.82,30.4,29.58,29.76,29.92,-0.16,-0.5348,51296.72,154300.862
300285.SZ,2023-03-22,29.95,29.95,28.58,28.82,29.76,-0.94,-3.1586,60918.33,176479.603
300285.SZ,2023-03-23,28.77,29.0,28.33,28.42,28.82,-0.4,-1.3879,36324.88,103631.603
300285.SZ,2023-03-24,28.51,29.06,28.26,28.69,28.42,0.27,0.95,34669.08,99476.922
300285.SZ,2023-03-27,28.72,28.79,28.0,28.14,28.69,-0.55,-1.917,45711.66,129233.924
300285.SZ,2023-03-28,28.41,28.48,27.9,28.0,28.14,-0.14,-0.4975,22617.4,63547.039
300285.SZ,2023-03-29,27.9,28.24,27.9,27.96,28.0,-0.04,-0.1429,21801.16,61090.691
300285.SZ,2023-03-30,27.96,28.34,27.8,28.22,27.96,0.26,0.9299,26626.66,74926.877
300285.SZ,2023-03-31,28.17,28.79,28.17,28.34,28.22,0.12,0.4252,27062.67,77099.093
300285.SZ,2023-04-03,28.63,30.45,28.61,29.88,28.34,1.54,5.434,91315.2,272880.372
300285.SZ,2023-04-04,29.89,30.63,29.64,30.42,29.88,0.54,1.8072,56470.38,170877.021
300285.SZ,2023-04-06,30.48,30.5,29.41,29.5,30.42,-0.92,-3.0243,47938.65,142896.748
300285.SZ,2023-04-07,29.68,30.28,29.41,29.72,29.5,0.22,0.7458,29571.32,88190.644
300285.SZ,2023-04-10,29.88,29.98,29.28,29.49,29.72,-0.23,-0.7739,31327.11,92403.697
300285.SZ,2023-04-11,29.35,30.04,29.08,29.14,29.49,-0.35,-1.1868,42479.77,125059.657
300285.SZ,2023-04-12,29.16,30.27,28.83,29.53,29.14,0.39,1.3384,58276.04,171664.884
300285.SZ,2023-04-13,29.46,30.46,29.4,30.18,29.53,0.65,2.2012,48482.09,145771.368
300285.SZ,2023-04-14,30.16,30.59,29.88,30.15,30.18,-0.03,-0.0994,36195.79,109551.594
300285.SZ,2023-04-17,30.1,30.24,29.37,29.72,30.15,-0.43,-1.4262,35489.7,105198.19
300285.SZ,2023-04-18,29.51,29.51,27.72,28.25,29.72,-1.47,-4.9462,89213.62,253399.511
300285.SZ,2023-04-19,28.19,28.23,26.06,27.29,28.25,-0.96,-3.3982,121649.0,330229.197
300285.SZ,2023-04-20,27.35,28.13,27.01,28.03,27.29,0.74,2.7116,90659.03,250683.682
300285.SZ,2023-04-21,28.26,28.43,27.06,27.06,28.03,-0.97,-3.4606,54852.0,150957.128
300285.SZ,2023-04-24,27.22,27.34,26.78,26.89,27.06,-0.17,-0.6282,24869.47,67158.958
300285.SZ,2023-04-25,27.12,28.8,26.9,27.98,26.89,1.09,4.0536,83740.9,235021.205
300285.SZ,2023-04-26,27.98,28.66,27.82,28.01,27.98,0.03,0.1072,48233.46,135814.89
300285.SZ,2023-04-27,28.02,29.8,27.95,29.6,28.01,1.59,5.6765,76231.78,224076.328
300285.SZ,2023-04-28,29.0,29.95,28.82,29.45,29.6,-0.15,-0.5068,39581.07,116760.188
300285.SZ,2023-05-04,29.3,30.8,29.23,29.9,29.45,0.45,1.528,58895.07,177669.086
300285.SZ,2023-05-05,30.03,30.17,28.95,29.39,29.9,-0.51,-1.7057,40825.83,120004.986
300285.SZ,2023-05-08,29.4,29.7,28.26,28.87,29.39,-0.52,-1.7693,36814.11,105773.764
300285.SZ,2023-05-09,29.02,29.02,28.03,28.48,28.87,-0.39,-1.3509,25482.0,72438.404
300285.SZ,2023-05-10,28.38,29.15,28.38,28.8,28.48,0.32,1.1236,26858.04,77385.239
300285.SZ,2023-05-11,28.85,29.46,28.38,28.6,28.8,-0.2,-0.6944,21881.81,63059.531
300285.SZ,2023-05-12,28.31,28.98,27.89,28.15,28.6,-0.45,-1.5734,47719.11,135253.25
300285.SZ,2023-05-15,28.03,28.3,27.68,28.26,28.15,0.11,0.3908,23675.0,66416.501
300285.SZ,2023-05-16,28.28,28.9,27.85,28.39,28.26,0.13,0.46,18100.14,51068.315
300285.SZ,2023-05-17,28.61,28.77,27.82,28.0,28.39,-0.39,-1.3737,32222.0,90690.639
300285.SZ,2023-05-18,27.96,28.18,26.87,27.27,28.0,-0.73,-2.6071,52920.45,144777.5
300285.SZ,2023-05-19,27.4,28.08,27.01,27.65,27.27,0.38,1.3935,30684.35,84817.86
300285.SZ,2023-05-22,27.93,28.05,27.32,27.95,27.65,0.3,1.085,39869.42,110200.957
300285.SZ,2023-05-23,27.85,28.16,27.69,27.7,27.95,-0.25,-0.8945,23255.35,64959.597
300285.SZ,2023-05-24,27.75,28.08,27.37,27.69,27.7,-0.01,-0.0361,23595.84,65369.901
300285.SZ,2023-05-25,27.69,27.8,26.9,27.52,27.69,-0.17,-0.6139,28543.42,77852.728
300285.SZ,2023-05-26,27.5,27.5,26.7,27.08,27.42,-0.34,-1.24,27959.5,75435.578
300285.SZ,2023-05-29,27.0,27.55,26.89,27.0,27.08,-0.08,-0.2954,22395.04,60940.111
300285.SZ,2023-05-30,26.7,27.21,26.64,27.14,27.0,0.14,0.5185,17992.49,48485.886
300285.SZ,2023-05-31,27.07,27.18,26.3,27.0,27.14,-0.14,-0.5158,23997.97,64213.762
300285.SZ,2023-06-01,26.83,27.49,26.81,27.15,27.0,0.15,0.5556,24387.49,66515.013
300285.SZ,2023-06-02,27.24,27.5,26.97,27.14,27.15,-0.01,-0.0368,31624.41,85918.048
300285.SZ,2023-06-05,27.1,27.46,26.86,27.1,27.14,-0.04,-0.1474,18527.7,50257.053
300285.SZ,2023-06-06,27.06,27.15,26.79,27.0,27.1,-0.1,-0.369,22791.0,61456.551
300285.SZ,2023-06-07,26.87,27.13,26.66,26.79,27.0,-0.21,-0.7778,19219.0,51571.373
300285.SZ,2023-06-08,26.69,27.46,26.3,27.07,26.79,0.28,1.0452,47321.06,127620.369
300285.SZ,2023-06-09,27.07,27.29,25.84,26.11,27.07,-0.96,-3.5464,77461.67,203476.131
300285.SZ,2023-06-12,26.02,27.0,25.74,26.78,26.11,0.67,2.5661,35249.35,93776.071
300285.SZ,2023-06-13,26.92,27.06,26.38,26.92,26.78,0.14,0.5228,26546.06,70938.402
300285.SZ,2023-06-14,26.98,27.18,26.7,26.87,26.92,-0.05,-0.1857,31725.88,85487.754
300285.SZ,2023-06-15,26.98,27.2,26.62,27.0,26.87,0.13,0.4838,45292.0,122088.59
300285.SZ,2023-06-16,27.01,27.38,26.9,27.08,27.0,0.08,0.2963,33469.0,90763.539
300285.SZ,2023-06-19,27.09,27.95,27.01,27.29,27.08,0.21,0.7755,53649.0,147352.441
300285.SZ,2023-06-20,27.44,28.0,27.21,27.76,27.29,0.47,1.7222,46592.83,129440.516
300285.SZ,2023-06-21,27.69,27.92,26.98,27.05,27.76,-0.71,-2.5576,48656.5,133115.164
300285.SZ,2023-06-26,27.17,27.55,26.4,26.9,27.05,-0.15,-0.5545,42081.07,112759.875
300285.SZ,2023-06-27,26.93,27.58,26.88,27.4,26.9,0.5,1.8587,50189.0,137041.172
300285.SZ,2023-06-28,27.51,27.72,26.85,26.97,27.4,-0.43,-1.5693,36987.05,100192.718
300285.SZ,2023-06-29,26.97,27.26,26.63,26.91,26.97,-0.06,-0.2225,29956.42,80569.47
300285.SZ,2023-06-30,26.86,27.56,26.62,27.4,26.91,0.49,1.8209,39871.07,108700.674
300285.SZ,2023-07-03,27.27,27.68,27.08,27.4,27.4,0.0,0.0,47782.13,130712.499
300285.SZ,2023-07-04,27.38,27.87,27.18,27.47,27.4,0.07,0.2555,58489.0,161301.749
300285.SZ,2023-07-05,27.49,27.58,26.24,26.82,27.47,-0.65,-2.3662,86948.61,231761.397
300285.SZ,2023-07-06,26.75,26.85,26.42,26.66,26.82,-0.16,-0.5966,29021.0,77396.994
300285.SZ,2023-07-07,26.66,26.72,25.52,26.3,26.66,-0.36,-1.3503,55089.68,143897.173
300285.SZ,2023-07-10,26.29,27.11,26.06,26.73,26.3,0.43,1.635,44198.37,118102.308
300285.SZ,2023-07-11,26.65,27.39,26.53,27.29,26.73,0.56,2.095,40987.5,111216.784
300285.SZ,2023-07-12,27.43,28.33,27.18,28.02,27.29,0.73,2.675,78889.29,221150.529
300285.SZ,2023-07-13,28.11,28.38,27.86,28.14,28.02,0.12,0.4283,33571.04,94420.654
300285.SZ,2023-07-14,28.15,28.33,27.82,27.99,28.14,-0.15,-0.533,26536.0,74318.846
300285.SZ,2023-07-17,28.4,28.42,27.72,28.36,27.99,0.37,1.3219,33978.0,95770.415
300285.SZ,2023-07-18,28.48,29.55,28.32,29.41,28.36,1.05,3.7024,85858.0,250018.711
300285.SZ,2023-07-19,29.4,29.41,28.92,29.08,29.41,-0.33,-1.1221,28937.72,84230.005
300285.SZ,2023-07-20,29.0,29.65,29.0,29.17,29.08,0.09,0.3095,34456.1,101282.248
300285.SZ,2023-07-21,29.0,30.08,28.98,29.84,29.17,0.67,2.2969,52374.83,156152.726
300285.SZ,2023-07-24,29.71,30.13,29.5,29.61,29.84,-0.23,-0.7708,24972.09,74501.263
300285.SZ,2023-07-25,30.0,30.13,29.57,29.74,29.61,0.13,0.439,33711.5,100528.815
300285.SZ,2023-07-26,29.61,30.25,29.55,30.14,29.74,0.4,1.345,24750.08,74368.81
300285.SZ,2023-07-27,30.0,30.32,29.76,29.8,30.14,-0.34,-1.1281,23692.39,71068.179
300285.SZ,2023-07-28,29.7,30.08,29.5,29.75,29.8,-0.05,-0.1678,41328.18,122981.486
300285.SZ,2023-07-31,29.81,30.16,29.5,29.74,29.75,-0.01,-0.0336,32109.77,95588.795
300285.SZ,2023-08-01,29.89,30.37,29.75,30.04,29.74,0.3,1.0087,26859.28,80864.908
300285.SZ,2023-08-02,30.28,30.29,29.75,30.0,30.04,-0.04,-0.1332,20477.5,61432.965
300285.SZ,2023-08-03,29.99,30.26,29.5,30.17,30.0,0.17,0.5667,28308.69,84973.139
300285.SZ,2023-08-04,30.31,30.49,29.6,29.66,30.17,-0.51,-1.6904,37259.37,111203.49
300285.SZ,2023-08-07,29.66,29.95,29.21,29.8,29.66,0.14,0.472,43497.24,128557.184
300285.SZ,2023-08-08,29.74,29.75,28.88,29.03,29.8,-0.77,-2.5839,56860.47,165741.279
300285.SZ,2023-08-09,29.31,31.2,29.31,29.87,29.03,0.84,2.8936,143277.78,435369.971
300285.SZ,2023-08-10,29.88,31.1,29.68,31.0,29.87,1.13,3.7831,110394.85,339384.606
300285.SZ,2023-08-11,31.23,31.69,30.13,30.17,31.0,-0.83,-2.6774,63100.92,193203.704
300285.SZ,2023-08-14,29.99,30.51,29.4,30.0,30.17,-0.17,-0.5635,70580.78,210820.65
300285.SZ,2023-08-15,30.21,30.37,29.36,29.8,30.0,-0.2,-0.6667,55712.77,165582.111
300285.SZ,2023-08-16,29.79,30.09,29.28,29.52,29.8,-0.28,-0.9396,55086.0,162519.076
300285.SZ,2023-08-17,29.38,29.83,29.16,29.76,29.52,0.24,0.813,31531.03,93246.674
300285.SZ,2023-08-18,29.73,29.99,29.2,29.46,29.76,-0.3,-1.0081,24591.74,72478.44
300285.SZ,2023-08-21,29.3,29.58,29.0,29.18,29.46,-0.28,-0.9504,25603.52,74770.955
300285.SZ,2023-08-22,29.4,29.49,28.28,28.78,29.18,-0.4,-1.3708,43352.74,124287.784
300285.SZ,2023-08-23,28.53,28.88,28.33,28.45,28.78,-0.33,-1.1466,31345.31,89482.824
300285.SZ,2023-08-24,28.51,28.68,28.16,28.38,28.45,-0.07,-0.246,23224.84,65932.115
300285.SZ,2023-08-25,28.25,28.72,27.89,28.1,28.38,-0.28,-0.9866,41709.0,117350.254
300285.SZ,2023-08-28,29.03,29.5,27.79,27.93,28.1,-0.17,-0.605,47325.14,133801.746
300285.SZ,2023-08-29,27.65,29.19,27.5,28.94,27.93,1.01,3.6162,61276.14,175078.26
300285.SZ,2023-08-30,29.1,30.1,28.81,29.85,28.94,0.91,3.1444,43478.13,129039.511
300285.SZ,2023-08-31,29.85,30.04,29.5,29.85,29.85,0.0,0.0,35314.58,105081.014
300285.SZ,2023-09-01,29.83,30.06,28.91,28.91,29.85,-0.94,-3.1491,48768.23,142448.591
300285.SZ,2023-09-04,29.07,29.28,28.67,29.03,28.91,0.12,0.4151,53677.96,155600.747
300285.SZ,2023-09-05,29.02,29.73,28.82,29.22,29.03,0.19,0.6545,29589.66,86903.869
300285.SZ,2023-09-06,29.16,29.8,28.93,29.68,29.22,0.46,1.5743,33179.71,97820.652
300285.SZ,2023-09-07,29.62,29.86,29.36,29.42,29.68,-0.26,-0.876,22188.2,65496.616
300285.SZ,2023-09-08,29.3,30.05,29.3,29.73,29.42,0.31,1.0537,33656.23,99970.16
300285.SZ,2023-09-11,29.73,29.94,29.23,29.3,29.73,-0.43,-1.4464,47226.0,139397.883
300285.SZ,2023-09-12,29.37,29.49,28.67,28.75,29.3,-0.55,-1.8771,45145.5,130245.84
300285.SZ,2023-09-13,28.67,28.92,28.28,28.55,28.75,-0.2,-0.6957,37704.7,107733.196
300285.SZ,2023-09-14,28.65,28.95,28.36,28.7,28.55,0.15,0.5254,26980.78,77219.623
300285.SZ,2023-09-15,28.68,29.12,28.58,28.72,28.7,0.02,0.0697,23537.38,67785.626
300285.SZ,2023-09-18,28.57,28.98,28.29,28.62,28.72,-0.1,-0.3482,39162.0,111988.546
300285.SZ,2023-09-19,28.5,28.79,28.18,28.41,28.62,-0.21,-0.7338,29593.99,84000.003
300285.SZ,2023-09-20,28.37,28.75,28.22,28.57,28.41,0.16,0.5632,30910.0,88417.61
300285.SZ,2023-09-21,28.37,28.64,28.12,28.16,28.57,-0.41,-1.4351,24214.18,68569.655
300285.SZ,2023-09-22,28.28,28.72,27.88,28.62,28.16,0.46,1.6335,31628.57,89658.733
300285.SZ,2023-09-25,28.82,28.82,28.17,28.29,28.62,-0.33,-1.153,22479.0,63647.998
300285.SZ,2023-09-26,28.14,28.38,27.86,27.95,28.29,-0.34,-1.2018,21555.0,60388.972
300285.SZ,2023-09-27,27.93,28.26,27.56,27.83,27.95,-0.12,-0.4293,35005.57,97540.725
300285.SZ,2023-09-28,28.18,28.19,27.28,27.33,27.83,-0.5,-1.7966,41001.07,112590.642
300285.SZ,2023-10-09,27.3,27.46,26.65,26.85,27.33,-0.48,-1.7563,50476.05,135648.524
300285.SZ,2023-10-10,26.95,27.25,26.52,26.69,26.85,-0.16,-0.5959,41500.42,111099.416
300285.SZ,2023-10-11,26.82,27.04,25.83,25.9,26.69,-0.79,-2.9599,72055.9,188808.886
300285.SZ,2023-10-12,25.9,26.17,25.76,25.95,25.9,0.05,0.1931,49889.8,129336.524
300285.SZ,2023-10-13,25.93,26.16,25.51,25.73,25.95,-0.22,-0.8478,36520.27,93875.802
300285.SZ,2023-10-16,25.75,25.96,25.45,25.57,25.73,-0.16,-0.6218,67601.06,173656.594
300285.SZ,2023-10-17,25.49,26.12,25.49,25.86,25.57,0.29,1.1341,44109.32,113936.138
300285.SZ,2023-10-18,25.75,25.99,25.47,25.51,25.86,-0.35,-1.3534,23265.23,59703.662
300285.SZ,2023-10-19,25.13,25.51,25.13,25.32,25.51,-0.19,-0.7448,45114.74,114235.128
300285.SZ,2023-10-20,25.1,25.35,24.78,24.85,25.32,-0.47,-1.8562,36664.0,91704.025
300285.SZ,2023-10-23,24.69,25.03,24.07,24.29,24.85,-0.56,-2.2535,51233.0,125327.226
300285.SZ,2023-10-24,24.35,24.76,23.9,24.52,24.29,0.23,0.9469,57826.48,141491.423
300285.SZ,2023-10-25,24.66,24.75,23.63,23.64,24.52,-0.88,-3.5889,77755.63,186417.994
300285.SZ,2023-10-26,23.66,23.73,22.91,23.14,23.64,-0.5,-2.1151,74052.6,171465.484
300285.SZ,2023-10-27,23.75,23.86,22.18,23.73,23.14,0.59,2.5497,118003.43,275965.746
300285.SZ,2023-10-30,23.71,24.58,22.95,24.42,23.73,0.69,2.9077,146795.41,350345.235
300285.SZ,2023-10-31,24.38,24.96,24.03,24.67,24.42,0.25,1.0238,101125.5,248312.734
300285.SZ,2023-11-01,24.54,24.62,24.09,24.46,24.67,-0.21,-0.8512,54447.85,132545.398
300285.SZ,2023-11-02,24.51,24.6,24.01,24.25,24.46,-0.21,-0.8585,45869.78,111309.65
300285.SZ,2023-11-03,24.22,25.05,24.08,24.8,24.25,0.55,2.268,61161.29,151140.182
300285.SZ,2023-11-06,25.0,26.3,25.0,25.85,24.8,1.05,4.2339,95108.23,244797.164
300285.SZ,2023-11-07,25.85,26.46,25.65,25.9,25.85,0.05,0.1934,74221.78,193212.736
300285.SZ,2023-11-08,25.82,26.13,25.3,25.41,25.9,-0.49,-1.8919,52452.49,133985.735
300285.SZ,2023-11-09,25.42,25.49,25.0,25.2,25.41,-0.21,-0.8264,44754.35,112734.021
300285.SZ,2023-11-10,25.11,25.19,24.89,24.94,25.2,-0.26,-1.0317,42750.45,107003.803
300285.SZ,2023-11-13,24.94,25.12,24.7,24.92,24.94,-0.02,-0.0802,30465.0,75635.12
300285.SZ,2023-11-14,24.92,25.29,24.82,25.07,24.92,0.15,0.6019,34421.0,86336.6
300285.SZ,2023-11-15,25.34,25.34,24.75,24.93,25.07,-0.14,-0.5584,44711.5,111526.599
300285.SZ,2023-11-16,24.77,24.85,24.3,24.3,24.93,-0.63,-2.5271,45517.72,111553.31
300285.SZ,2023-11-17,24.38,24.57,24.24,24.46,24.3,0.16,0.6584,25810.49,63117.059
300285.SZ,2023-11-20,24.56,25.74,24.38,25.55,24.46,1.09,4.4563,84285.7,211902.17
300285.SZ,2023-11-21,25.59,26.03,25.45,25.65,25.55,0.1,0.3914,80731.11,207599.509
300285.SZ,2023-11-22,25.45,25.84,25.06,25.06,25.65,-0.59,-2.3002,58653.52,148640.09
300285.SZ,2023-11-23,25.03,25.53,24.92,25.48,25.06,0.42,1.676,39142.58,98755.133
300285.SZ,2023-11-24,25.4,25.48,24.98,25.08,25.48,-0.4,-1.5699,40407.42,101491.684
300285.SZ,2023-11-27,25.08,25.51,24.88,25.31,25.08,0.23,0.9171,53571.74,135674.459
300285.SZ,2023-11-28,25.48,25.65,25.07,25.57,25.31,0.26,1.0273,34803.92,88393.35
300285.SZ,2023-11-29,25.4,25.78,25.38,25.63,25.57,0.06,0.2346,47736.42,122063.365
300285.SZ,2023-11-30,25.4,25.65,25.24,25.6,25.63,-0.03,-0.1171,45146.59,115113.768
300285.SZ,2023-12-01,25.5,25.78,25.05,25.23,25.6,-0.37,-1.4453,58234.0,147319.773
300285.SZ,2023-12-04,25.27,25.48,24.71,24.8,25.23,-0.43,-1.7043,39711.2,98819.621
300285.SZ,2023-12-05,24.67,24.79,24.2,24.2,24.8,-0.6,-2.4194,27417.58,67007.275
300285.SZ,2023-12-06,24.31,24.71,23.89,24.17,24.2,-0.03,-0.124,27203.0,65958.272
300285.SZ,2023-12-07,24.14,24.25,23.58,23.83,24.17,-0.34,-1.4067,22286.38,53055.578
300285.SZ,2023-12-08,23.83,23.99,23.53,23.65,23.83,-0.18,-0.7554,31431.0,74512.089
300285.SZ,2023-12-11,23.65,24.19,23.3,24.01,23.65,0.36,1.5222,39340.06,93578.296
300285.SZ,2023-12-12,24.1,24.27,23.91,24.19,24.01,0.18,0.7497,29329.74,70668.418
300285.SZ,2023-12-13,24.14,24.17,23.65,23.69,24.19,-0.5,-2.067,34827.89,83258.835
300285.SZ,2023-12-14,23.71,24.03,23.51,23.52,23.69,-0.17,-0.7176,28936.88,68615.242
300285.SZ,2023-12-15,23.69,23.88,23.24,23.29,23.52,-0.23,-0.9779,38744.11,91017.975
300285.SZ,2023-12-18,23.34,23.46,22.56,23.01,23.29,-0.28,-1.2022,44315.77,102051.844
300285.SZ,2023-12-19,23.02,23.22,22.73,23.06,23.01,0.05,0.2173,17677.0,40598.184
300285.SZ,2023-12-20,23.09,23.33,22.4,22.52,23.06,-0.54,-2.3417,40863.0,92383.834
300285.SZ,2023-12-21,22.42,22.74,22.26,22.49,22.52,-0.03,-0.1332,45462.0,102278.661
300285.SZ,2023-12-22,22.48,22.96,22.15,22.73,22.49,0.24,1.0671,46439.86,105089.264
300285.SZ,2023-12-25,22.62,23.09,22.57,22.68,22.73,-0.05,-0.22,25987.4,59306.993
300285.SZ,2023-12-26,22.68,23.28,22.56,22.94,22.68,0.26,1.1464,40022.0,91456.864
300285.SZ,2023-12-27,22.94,23.28,22.58,22.84,22.94,-0.1,-0.4359,52199.92,119256.696
300285.SZ,2023-12-28,22.81,23.5,22.63,23.27,22.84,0.43,1.8827,58489.0,135514.706
300285.SZ,2023-12-29,23.32,23.38,22.85,23.12,23.27,-0.15,-0.6446,62455.7,144337.734
300285.SZ,2024-01-02,23.18,23.23,22.46,22.69,23.12,-0.43,-1.8599,53026.26,120258.933
300285.SZ,2024-01-03,22.65,22.94,22.26,22.26,22.69,-0.43,-1.8951,36042.73,81283.779
300285.SZ,2024-01-04,22.39,22.39,21.3,21.49,22.26,-0.77,-3.4591,52074.89,112585.807
300285.SZ,2024-01-05,21.49,21.52,21.0,21.18,21.49,-0.31,-1.4425,60119.93,127718.961
300285.SZ,2024-01-08,21.02,21.28,20.59,20.59,21.18,-0.59,-2.7856,52929.06,109988.665
300285.SZ,2024-01-09,20.73,21.05,20.41,20.62,20.59,0.03,0.1457,69267.7,143394.134
300285.SZ,2024-01-10,20.56,20.71,20.0,20.24,20.62,-0.38,-1.8429,102936.51,209287.732
300285.SZ,2024-01-11,20.23,20.82,20.04,20.6,20.24,0.36,1.7787,113378.92,232960.879
300285.SZ,2024-01-12,20.68,20.95,20.26,20.4,20.6,-0.2,-0.9709,58375.41,120279.52
300285.SZ,2024-01-15,20.55,20.62,20.09,20.29,20.4,-0.11,-0.5392,49595.97,100471.312
300285.SZ,2024-01-16,20.1,20.25,19.65,20.0,20.29,-0.29,-1.4293,70440.18,140343.774
300285.SZ,2024-01-17,20.08,20.18,19.35,19.38,20.0,-0.62,-3.1,68052.49,134530.587
300285.SZ,2024-01-18,19.38,19.8,18.96,19.61,19.38,0.23,1.1868,75777.48,146025.208
300285.SZ,2024-01-19,19.56,19.68,19.3,19.35,19.61,-0.26,-1.3259,50530.12,98403.11
300285.SZ,2024-01-22,19.42,19.42,18.18,18.3,19.35,-1.05,-5.4264,58531.87,109829.895
300285.SZ,2024-01-23,18.39,18.82,18.2,18.72,18.3,0.42,2.2951,92211.05,171256.645
300285.SZ,2024-01-24,18.77,18.95,17.99,18.55,18.72,-0.17,-0.9081,65929.0,121255.576
300285.SZ,2024-01-25,18.61,19.85,18.42,19.69,18.55,1.14,6.1456,103065.59,199417.449
300285.SZ,2024-01-26,19.63,20.15,19.41,19.47,19.69,-0.22,-1.1173,83659.19,165666.181
300285.SZ,2024-01-29,19.46,19.83,19.12,19.12,19.47,-0.35,-1.7976,59999.1,116686.039
300285.SZ,2024-01-30,18.81,19.0,18.02,18.05,19.12,-1.07,-5.5962,80686.39,148897.128
300285.SZ,2024-01-31,17.89,18.4,17.62,17.72,18.05,-0.33,-1.8283,92186.83,165704.303
300285.SZ,2024-02-01,17.64,17.98,17.25,17.61,17.72,-0.11,-0.6208,69395.87,122349.239
300285.SZ,2024-02-02,17.62,17.72,16.28,16.79,17.61,-0.82,-4.6564,107211.75,181419.837
300285.SZ,2024-02-05,16.69,17.08,15.9,16.43,16.79,-0.36,-2.1441,241989.93,396551.966
300285.SZ,2024-02-06,16.42,19.1,16.25,18.85,16.43,2.42,14.7292,239179.86,428490.064
300285.SZ,2024-02-07,18.9,20.81,18.9,20.24,18.85,1.39,7.374,267026.41,535021.735
300285.SZ,2024-02-08,20.17,22.43,19.91,20.1,20.24,-0.14,-0.6917,228642.26,480929.631
300285.SZ,2024-02-19,20.5,20.59,19.27,19.48,20.1,-0.62,-3.0846,201147.73,393946.551
300285.SZ,2024-02-20,19.33,19.4,19.08,19.26,19.48,-0.22,-1.1294,72364.58,139160.742
300285.SZ,2024-02-21,19.11,19.98,18.81,19.27,19.26,0.01,0.0519,108813.26,211256.264
300285.SZ,2024-02-22,19.2,19.36,19.09,19.3,19.27,0.03,0.1557,75999.14,146170.341
300285.SZ,2024-02-23,19.27,19.27,18.78,19.09,19.3,-0.21,-1.0881,121954.58,230966.687
300285.SZ,2024-02-26,18.99,19.75,18.71,19.34,19.09,0.25,1.3096,121758.88,234050.551
300285.SZ,2024-02-27,19.12,19.9,19.01,19.89,19.34,0.55,2.8438,101155.37,196687.46
300285.SZ,2024-02-28,19.69,20.58,19.38,19.38,19.89,-0.51,-2.5641,173172.06,347245.18
300285.SZ,2024-02-29,19.58,20.42,19.37,20.37,19.38,0.99,5.1084,120673.61,241182.319
300285.SZ,2024-03-01,20.37,20.47,19.94,20.16,20.37,-0.21,-1.0309,81815.2,164976.807
300285.SZ,2024-03-04,19.98,20.14,19.72,19.87,20.16,-0.29,-1.4385,71906.2,143040.826
300285.SZ,2024-03-05,19.76,20.1,19.64,19.87,19.87,0.0,0.0,87001.0,172793.162
300285.SZ,2024-03-06,19.79,19.98,19.3,19.57,19.87,-0.3,-1.5098,89311.92,175074.64
300285.SZ,2024-03-07,19.6,19.62,18.9,18.92,19.57,-0.65,-3.3214,85277.05,164674.289
300285.SZ,2024-03-08,18.89,19.12,18.4,18.79,18.92,-0.13,-0.6871,110465.84,206590.462
300285.SZ,2024-03-11,18.8,19.55,18.63,19.49,18.79,0.7,3.7254,120066.17,228831.354
300285.SZ,2024-03-12,19.48,19.64,19.07,19.5,19.49,0.01,0.0513,130349.84,252585.25
300285.SZ,2024-03-13,19.5,19.5,18.93,19.0,19.5,-0.5,-2.5641,102816.89,196474.124
300285.SZ,2024-03-14,18.99,19.11,18.28,18.44,19.0,-0.56,-2.9474,120767.36,224911.723
300285.SZ,2024-03-15,18.36,18.53,18.1,18.53,18.44,0.09,0.4881,96670.22,176738.294
300285.SZ,2024-03-18,18.65,18.73,18.25,18.73,18.53,0.2,1.0793,124103.07,229067.639
300285.SZ,2024-03-19,18.79,18.79,18.41,18.46,18.73,-0.27,-1.4415,111970.02,207565.799
300285.SZ,2024-03-20,18.58,18.75,18.35,18.62,18.46,0.16,0.8667,83554.88,155159.751
300285.SZ,2024-03-21,18.6,18.71,18.12,18.24,18.62,-0.38,-2.0408,88643.51,162668.49
300285.SZ,2024-03-22,18.19,18.28,17.65,17.69,18.24,-0.55,-3.0154,102594.28,183065.299
300285.SZ,2024-03-25,17.69,18.03,17.3,17.36,17.69,-0.33,-1.8655,111365.89,196487.469
300285.SZ,2024-03-26,17.34,17.59,17.1,17.34,17.36,-0.02,-0.1152,93795.0,162680.24
300285.SZ,2024-03-27,17.34,17.36,16.84,16.84,17.34,-0.5,-2.8835,78398.16,134545.601
300285.SZ,2024-03-28,16.9,17.35,16.67,17.04,16.84,0.2,1.1876,108486.16,184203.343
300285.SZ,2024-03-29,16.94,17.19,16.81,17.18,17.04,0.14,0.8216,50629.69,85920.216
300285.SZ,2024-04-01,17.18,17.86,17.18,17.81,17.18,0.63,3.6671,134670.74,237387.594
300285.SZ,2024-04-02,17.89,18.38,17.89,18.2,17.81,0.39,2.1898,122759.02,222894.524
300285.SZ,2024-04-03,18.8,19.04,18.1,18.24,18.2,0.04,0.2198,176431.02,324683.779
300285.SZ,2024-04-08,18.24,18.39,17.33,17.52,18.24,-0.72,-3.9474,164176.66,291398.733
300285.SZ,2024-04-09,17.44,18.77,17.4,18.47,17.52,0.95,5.4224,173840.28,316704.163
300285.SZ,2024-04-10,18.5,18.5,17.67,17.84,18.47,-0.63,-3.4109,124306.19,223635.22
300285.SZ,2024-04-11,17.6,18.4,17.5,18.02,17.84,0.18,1.009,160316.0,288856.04
300285.SZ,2024-04-12,17.95,18.05,17.52,17.54,18.02,-0.48,-2.6637,90965.31,161514.447
300285.SZ,2024-04-15,17.21,17.8,17.18,17.46,17.54,-0.08,-0.4561,96797.36,169496.657
300285.SZ,2024-04-16,17.37,17.57,17.01,17.06,17.46,-0.4,-2.291,102166.54,176024.733
300285.SZ,2024-04-17,17.26,17.62,17.26,17.53,17.06,0.47,2.755,91702.39,159756.862
300285.SZ,2024-04-18,17.36,17.65,16.99,17.34,17.53,-0.19,-1.0839,97302.74,169116.708
300285.SZ,2024-04-19,17.43,19.04,17.4,18.95,17.34,1.61,9.2849,284184.86,521872.247
300285.SZ,2024-04-22,18.75,19.24,18.39,18.47,18.95,-0.48,-2.533,224139.3,421128.003
300285.SZ,2024-04-23,18.34,19.2,18.2,19.03,18.47,0.56,3.0319,200582.81,376350.87
300285.SZ,2024-04-24,18.85,18.94,18.48,18.79,19.03,-0.24,-1.2612,130734.7,244001.43
300285.SZ,2024-04-25,18.65,18.78,18.05,18.31,18.79,-0.48,-2.5546,170794.83,313779.081
300285.SZ,2024-04-26,18.15,19.07,18.0,18.96,18.31,0.65,3.55,262341.21,486549.591
300285.SZ,2024-04-29,18.98,19.56,18.83,19.44,18.96,0.48,2.5316,276040.73,531803.932
300285.SZ,2024-04-30,19.3,19.63,19.11,19.4,19.44,-0.04,-0.2058,184616.59,358001.983
300285.SZ,2024-05-06,19.64,20.12,19.49,19.78,19.4,0.38,1.9588,217407.0,429710.351
300285.SZ,2024-05-07,19.7,19.85,19.47,19.52,19.78,-0.26,-1.3145,138777.19,271625.748
300285.SZ,2024-05-08,19.52,20.12,19.32,19.86,19.52,0.34,1.7418,253861.6,503168.341
300285.SZ,2024-05-09,19.89,21.14,19.72,21.0,19.86,1.14,5.7402,272074.8,560755.043
300285.SZ,2024-05-10,20.8,21.05,20.44,20.77,21.0,-0.23,-1.0952,167220.7,346831.185
300285.SZ,2024-05-13,20.56,20.94,20.3,20.56,20.77,-0.21,-1.0111,118984.13,245074.471
300285.SZ,2024-05-14,20.8,21.27,20.63,21.21,20.56,0.65,3.1615,160193.2,334432.799
300285.SZ,2024-05-15,20.99,21.0,20.1,20.45,21.21,-0.76,-3.5832,175282.4,358431.385
300285.SZ,2024-05-16,20.37,20.44,19.75,19.81,20.45,-0.64,-3.1296,165560.41,330467.699
300285.SZ,2024-05-17,19.8,20.44,19.75,20.4,19.81,0.59,2.9783,141547.64,285716.9
300285.SZ,2024-05-20,20.4,20.48,20.03,20.09,20.4,-0.31,-1.5196,81740.1,164956.978
300285.SZ,2024-05-21,20.09,20.34,19.91,20.01,20.09,-0.08,-0.3982,88456.64,177947.074
300285.SZ,2024-05-22,20.0,20.13,19.76,19.81,20.01,-0.2,-0.9995,82319.0,163351.331
300285.SZ,2024-05-23,19.81,19.82,19.27,19.3,19.81,-0.51,-2.5745,101461.0,197091.802
300285.SZ,2024-05-24,19.31,19.59,19.31,19.36,19.3,0.06,0.3109,64598.41,125707.619
300285.SZ,2024-05-27,19.36,19.54,18.93,19.54,19.36,0.18,0.9298,70790.79,136221.453
300285.SZ,2024-05-28,19.3,19.51,18.93,18.96,19.44,-0.48,-2.4691,58043.0,111068.37
300285.SZ,2024-05-29,18.9,19.31,18.8,18.93,18.96,-0.03,-0.1582,58247.0,110790.85
300285.SZ,2024-05-30,18.85,19.14,18.83,18.97,18.93,0.04,0.2113,36444.0,69168.459
300285.SZ,2024-05-31,18.98,19.5,18.97,19.1,18.97,0.13,0.6853,64682.0,124323.142
300285.SZ,2024-06-03,19.05,19.18,18.43,18.67,19.1,-0.43,-2.2513,90396.93,169551.085
300285.SZ,2024-06-04,18.61,19.27,18.42,19.17,18.67,0.5,2.6781,86285.79,162794.116
300285.SZ,2024-06-05,19.1,19.45,18.98,19.0,19.17,-0.17,-0.8868,48039.03,92238.48
300285.SZ,2024-06-06,19.11,19.25,18.48,18.56,19.0,-0.44,-2.3158,87721.22,164785.948
300285.SZ,2024-06-07,18.71,18.89,18.23,18.26,18.56,-0.3,-1.6164,74323.93,137561.582
300285.SZ,2024-06-11,18.33,18.72,18.16,18.63,18.26,0.37,2.0263,67381.42,124347.638
300285.SZ,2024-06-12,18.58,18.74,18.25,18.29,18.63,-0.34,-1.825,58983.44,109088.682
300285.SZ,2024-06-13,18.31,18.36,17.98,18.11,18.29,-0.18,-0.9841,98600.0,178722.713
300285.SZ,2024-06-14,18.06,18.52,17.88,18.38,18.11,0.27,1.4909,119017.68,216528.916
300285.SZ,2024-06-17,18.37,18.78,18.33,18.58,18.38,0.2,1.0881,61912.43,114982.662
300285.SZ,2024-06-18,18.69,19.02,18.51,18.59,18.58,0.01,0.0538,52931.22,98996.356
300285.SZ,2024-06-19,18.6,18.78,18.29,18.5,18.59,-0.09,-0.4841,67146.98,124106.597
300285.SZ,2024-06-20,18.36,18.79,18.31,18.62,18.5,0.12,0.6486,93376.3,174010.269
300285.SZ,2024-06-21,18.56,18.95,18.3,18.84,18.62,0.22,1.1815,100841.36,187631.411
300285.SZ,2024-06-24,18.74,18.86,18.08,18.24,18.84,-0.6,-3.1847,83340.65,153485.064
300285.SZ,2024-06-25,18.26,18.45,17.89,17.97,18.24,-0.27,-1.4803,81080.0,147144.665
300285.SZ,2024-06-26,17.87,18.24,17.75,18.21,17.97,0.24,1.3356,82555.58,148253.066
300285.SZ,2024-06-27,18.19,18.3,17.93,17.97,18.21,-0.24,-1.318,65811.92,118825.201
300285.SZ,2024-06-28,17.88,18.51,17.82,17.85,17.97,-0.12,-0.6678,91423.85,166403.372
300285.SZ,2024-07-01,17.95,18.1,17.38,17.47,17.85,-0.38,-2.1289,76029.74,133384.888
300285.SZ,2024-07-02,17.41,17.7,17.24,17.48,17.47,0.01,0.0572,70954.57,123960.511
300285.SZ,2024-07-03,17.37,17.47,16.98,17.19,17.48,-0.29,-1.659,109077.82,187284.785
300285.SZ,2024-07-04,17.44,17.78,17.32,17.41,17.19,0.22,1.2798,136124.29,238231.42
300285.SZ,2024-07-05,17.3,17.48,17.18,17.36,17.41,-0.05,-0.2872,88125.89,152458.135
300285.SZ,2024-07-08,17.31,17.35,16.47,16.61,17.36,-0.75,-4.3203,95632.0,160899.896
300285.SZ,2024-07-09,16.59,16.68,16.22,16.48,16.61,-0.13,-0.7827,97076.0,160130.336
300285.SZ,2024-07-10,16.45,16.86,16.34,16.73,16.48,0.25,1.517,78123.33,130477.031
300285.SZ,2024-07-11,16.98,17.8,16.83,17.78,16.73,1.05,6.2762,108883.91,190798.952
300285.SZ,2024-07-12,17.75,17.89,17.5,17.77,17.78,-0.01,-0.0562,59851.68,106047.506
300285.SZ,2024-07-15,17.65,17.71,17.4,17.48,17.77,-0.29,-1.632,54605.0,95586.058
300285.SZ,2024-07-16,17.37,17.65,17.12,17.58,17.48,0.1,0.5721,56681.0,98658.33
300285.SZ,2024-07-17,17.65,18.37,17.6,18.13,17.58,0.55,3.1286,106874.0,193192.066
300285.SZ,2024-07-18,17.85,18.65,17.79,18.59,18.13,0.46,2.5372,107413.9,197164.113
300285.SZ,2024-07-19,18.59,19.31,18.39,19.23,18.59,0.64,3.4427,130541.4,248623.552
300285.SZ,2024-07-22,19.17,19.4,18.91,18.96,19.23,-0.27,-1.4041,101942.06,194982.5
300285.SZ,2024-07-23,18.95,19.08,18.59,18.63,18.96,-0.33,-1.7405,74969.5,141457.829
300285.SZ,2024-07-24,18.65,18.77,18.29,18.38,18.63,-0.25,-1.3419,53155.5,98167.908
300285.SZ,2024-07-25,18.37,18.68,18.23,18.37,18.38,-0.01,-0.0544,47231.0,87254.799
300285.SZ,2024-07-26,18.3,18.71,18.26,18.5,18.37,0.13,0.7077,72200.06,133648.894
300285.SZ,2024-07-29,18.55,18.67,18.28,18.33,18.5,-0.17,-0.9189,38454.25,70815.194
300285.SZ,2024-07-30,18.24,18.49,18.0,18.32,18.33,-0.01,-0.0546,45836.0,83658.178
300285.SZ,2024-07-31,18.5,19.05,18.25,18.92,18.32,0.6,3.2751,86815.0,162606.072
300285.SZ,2024-08-01,18.91,19.35,18.66,18.73,18.92,-0.19,-1.0042,115883.05,219841.401
300285.SZ,2024-08-02,18.73,18.86,17.94,18.04,18.73,-0.69,-3.6839,89268.26,163170.861
300285.SZ,2024-08-05,17.83,18.19,17.47,17.57,18.04,-0.47,-2.6053,80255.93,142607.624
300285.SZ,2024-08-06,17.82,17.97,17.33,17.63,17.57,0.06,0.3415,60933.49,107267.521
300285.SZ,2024-08-07,17.6,17.86,17.4,17.66,17.63,0.03,0.1702,35799.5,63306.836
300285.SZ,2024-08-08,17.69,17.9,17.34,17.71,17.66,0.05,0.2831,40169.77,70822.053
300285.SZ,2024-08-09,17.79,18.07,17.21,17.22,17.71,-0.49,-2.7668,64120.0,112585.47
300285.SZ,2024-08-12,17.18,17.25,16.86,16.92,17.22,-0.3,-1.7422,61058.27,103664.937
300285.SZ,2024-08-13,16.9,17.06,16.72,16.97,16.92,0.05,0.2955,40798.0,68896.98
300285.SZ,2024-08-14,16.94,17.02,16.68,16.75,16.97,-0.22,-1.2964,49967.48,83804.707
300285.SZ,2024-08-15,16.72,17.23,16.63,16.9,16.75,0.15,0.8955,65230.0,110336.668
300285.SZ,2024-08-16,16.88,16.93,16.55,16.61,16.9,-0.29,-1.716,56702.68,94609.341
300285.SZ,2024-08-19,16.57,16.72,16.37,16.44,16.61,-0.17,-1.0235,49472.75,81617.868
300285.SZ,2024-08-20,16.44,16.5,15.88,15.95,16.44,-0.49,-2.9805,70144.32,112799.782
300285.SZ,2024-08-21,15.98,16.02,15.55,15.58,15.95,-0.37,-2.3197,76211.28,119983.368
300285.SZ,2024-08-22,15.64,15.68,15.38,15.45,15.58,-0.13,-0.8344,44061.0,68155.312
300285.SZ,2024-08-23,15.42,15.6,15.29,15.45,15.45,0.0,0.0,42594.33,65789.329
300285.SZ,2024-08-26,15.51,15.67,15.35,15.49,15.45,0.04,0.2589,48469.31,74947.534
300285.SZ,2024-08-27,15.39,15.46,15.16,15.19,15.49,-0.3,-1.9367,41236.0,62942.634
300285.SZ,2024-08-28,15.19,15.43,15.13,15.21,15.19,0.02,0.1317,41553.24,63288.514
300285.SZ,2024-08-29,15.15,15.54,15.13,15.37,15.21,0.16,1.0519,74901.38,115194.324
300285.SZ,2024-08-30,15.37,16.01,15.25,15.6,15.37,0.23,1.4964,110487.78,173667.11
300285.SZ,2024-09-02,15.55,15.56,14.99,15.02,15.6,-0.58,-3.7179,100634.5,152417.556
300285.SZ,2024-09-03,14.97,15.36,14.91,15.2,15.02,0.18,1.1984,57794.5,87764.593
300285.SZ,2024-09-04,15.12,15.56,15.04,15.38,15.2,0.18,1.1842,59453.74,91238.033
300285.SZ,2024-09-05,15.38,15.63,15.23,15.49,15.38,0.11,0.7152,64658.74,99717.795
300285.SZ,2024-09-06,15.47,15.48,15.07,15.09,15.49,-0.4,-2.5823,49734.32,75601.244
300285.SZ,2024-09-09,15.0,15.13,14.53,14.68,15.09,-0.41,-2.717,86664.0,127956.281
300285.SZ,2024-09-10,14.74,14.83,14.52,14.74,14.68,0.06,0.4087,74511.0,109360.944
300285.SZ,2024-09-11,14.64,14.88,14.58,14.86,14.74,0.12,0.8141,61611.0,91125.351
300285.SZ,2024-09-12,14.8,15.03,14.51,14.54,14.86,-0.32,-2.1534,70126.4,103313.414
300285.SZ,2024-09-13,14.61,14.65,14.34,14.38,14.54,-0.16,-1.1004,61071.81,88211.073
300285.SZ,2024-09-18,14.46,14.47,14.07,14.32,14.38,-0.06,-0.4172,46945.0,66832.011
300285.SZ,2024-09-19,14.54,15.07,14.42,14.73,14.32,0.41,2.8631,80395.25,118524.944
300285.SZ,2024-09-20,14.75,14.75,14.4,14.5,14.73,-0.23,-1.5614,48742.0,70801.311
300285.SZ,2024-09-23,14.47,14.69,14.35,14.38,14.5,-0.12,-0.8276,43054.0,62351.453
300285.SZ,2024-09-24,14.58,15.33,14.43,15.32,14.38,0.94,6.5369,124234.45,185434.041
300285.SZ,2024-09-25,15.49,15.98,15.34,15.44,15.32,0.12,0.7833,125089.75,195366.212
300285.SZ,2024-09-26,15.4,16.37,15.33,16.34,15.44,0.9,5.829,128858.25,204139.894
300285.SZ,2024-09-27,16.67,17.82,16.54,17.66,16.34,1.32,8.0783,187717.95,322901.009
300285.SZ,2024-09-30,18.43,20.3,18.42,20.1,17.66,2.44,13.8165,320001.24,621321.421
300285.SZ,2024-10-08,23.92,24.0,20.59,23.07,20.1,2.97,14.7761,500191.63,1115210.361
300285.SZ,2024-10-09,21.81,22.2,20.18,20.38,23.07,-2.69,-11.6602,298857.94,634679.142
300285.SZ,2024-10-10,20.5,21.24,19.58,19.63,20.38,-0.75,-3.6801,283786.0,576578.361
300285.SZ,2024-10-11,19.58,19.73,18.1,18.39,19.63,-1.24,-6.3169,189909.42,356183.554
300285.SZ,2024-10-14,18.59,18.75,17.79,18.54,18.39,0.15,0.8157,201128.0,366806.189
300285.SZ,2024-10-15,18.5,18.94,18.13,18.29,18.54,-0.25,-1.3484,155294.94,288036.842
300285.SZ,2024-10-16,18.0,18.8,17.9,18.24,18.29,-0.05,-0.2734,126131.45,231911.87
300285.SZ,2024-10-17,18.3,18.55,18.0,18.02,18.24,-0.22,-1.2061,106573.53,195331.891
300285.SZ,2024-10-18,18.03,19.59,17.82,18.99,18.02,0.97,5.3829,233708.71,437371.349
300285.SZ,2024-10-21,19.0,19.62,18.71,19.08,18.99,0.09,0.4739,211283.14,405451.707
300285.SZ,2024-10-22,19.08,19.37,18.89,19.33,19.08,0.25,1.3103,130762.8,250191.994
300285.SZ,2024-10-23,19.28,19.39,19.02,19.1,19.33,-0.23,-1.1899,148037.16,283737.627
300285.SZ,2024-10-24,18.98,19.07,18.72,18.9,19.1,-0.2,-1.0471,93876.08,177134.674
300285.SZ,2024-10-25,18.87,19.32,18.85,19.27,18.9,0.37,1.9577,183517.0,351070.826
300285.SZ,2024-10-28,19.27,19.58,18.98,19.32,19.27,0.05,0.2595,153284.64,295125.006
300285.SZ,2024-10-29,19.57,19.74,19.0,19.22,19.32,-0.1,-0.5176,195218.76,377598.966
300285.SZ,2024-10-30,19.02,19.32,18.67,18.85,19.22,-0.37,-1.9251,137679.57,260887.94
300285.SZ,2024-10-31,18.83,19.2,18.63,19.05,18.85,0.2,1.061,118926.37,225838.531
300285.SZ,2024-11-01,18.93,19.1,18.53,18.56,19.05,-0.49,-2.5722,118905.0,223423.678
300285.SZ,2024-11-04,18.62,19.16,18.58,19.16,18.56,0.6,3.2328,98205.83,185913.722
300285.SZ,2024-11-05,19.05,19.84,18.95,19.75,19.16,0.59,3.0793,182474.0,357297.536
300285.SZ,2024-11-06,19.96,20.34,19.57,19.75,19.75,0.0,0.0,197646.61,394399.331
300285.SZ,2024-11-07,19.65,20.88,19.4,20.77,19.75,1.02,5.1646,222550.13,452745.73
300285.SZ,2024-11-08,21.8,22.0,20.91,20.99,20.77,0.22,1.0592,282515.5,599638.311
300285.SZ,2024-11-11,21.18,21.68,20.73,21.51,20.99,0.52,2.4774,212995.06,454300.256
300285.SZ,2024-11-12,21.6,22.04,20.88,21.06,21.51,-0.45,-2.0921,212266.24,455477.488
300285.SZ,2024-11-13,20.73,21.16,20.34,20.73,21.06,-0.33,-1.567,149952.42,310133.374
300285.SZ,2024-11-14,20.73,20.86,20.13,20.24,20.73,-0.49,-2.3637,161290.49,330255.027
300285.SZ,2024-11-15,20.18,20.33,19.73,19.75,20.24,-0.49,-2.4209,113764.71,227970.446
300285.SZ,2024-11-18,19.89,19.99,18.96,19.11,19.75,-0.64,-3.2405,121873.92,236713.605
300285.SZ,2024-11-19,19.29,19.63,19.0,19.59,19.11,0.48,2.5118,98880.19,191065.249
300285.SZ,2024-11-20,19.5,19.65,19.09,19.52,19.59,-0.07,-0.3573,166519.72,322348.41
300285.SZ,2024-11-21,19.38,19.82,19.22,19.5,19.52,-0.02,-0.1025,146659.55,285938.5
300285.SZ,2024-11-22,19.37,19.45,18.43,18.43,19.5,-1.07,-5.4872,150109.35,284017.051
300285.SZ,2024-11-25,18.43,18.67,18.26,18.62,18.43,0.19,1.0309,105854.34,195276.102
300285.SZ,2024-11-26,18.54,18.7,18.3,18.49,18.62,-0.13,-0.6982,91021.98,168353.244
300285.SZ,2024-11-27,18.38,18.6,17.95,18.56,18.49,0.07,0.3786,129381.6,236677.652
300285.SZ,2024-11-28,18.68,18.72,18.11,18.17,18.56,-0.39,-2.1013,93545.17,171929.076
300285.SZ,2024-11-29,18.21,18.72,18.03,18.5,18.17,0.33,1.8162,130617.44,240938.293
300285.SZ,2024-12-02,18.63,18.73,18.33,18.6,18.5,0.1,0.5405,151964.0,282150.429
300285.SZ,2024-12-03,18.61,18.67,18.22,18.37,18.6,-0.23,-1.2366,147765.74,271249.822
300285.SZ,2024-12-04,18.33,18.33,17.94,18.05,18.37,-0.32,-1.742,130141.23,235597.733
300285.SZ,2024-12-05,17.95,18.38,17.88,18.38,18.05,0.33,1.8283,113371.8,206349.802
300285.SZ,2024-12-06,18.36,18.6,18.08,18.52,18.38,0.14,0.7617,138811.0,255408.211
300285.SZ,2024-12-09,18.49,18.6,18.12,18.29,18.52,-0.23,-1.2419,109993.9,201841.842
300285.SZ,2024-12-10,18.9,19.08,18.54,18.63,18.29,0.34,1.8589,260817.07,489910.616
300285.SZ,2024-12-11,18.63,18.77,18.47,18.63,18.63,0.0,0.0,138675.4,258186.516
300285.SZ,2024-12-12,18.65,18.74,18.28,18.72,18.63,0.09,0.4831,165199.38,305937.486
300285.SZ,2024-12-13,18.66,18.68,18.12,18.14,18.72,-0.58,-3.0983,162422.99,296982.818
300285.SZ,2024-12-16,18.12,18.14,17.8,17.98,18.14,-0.16,-0.882,95924.0,172012.724
300285.SZ,2024-12-17,17.92,18.13,17.85,17.9,17.98,-0.08,-0.4449,87297.3,156868.887
300285.SZ,2024-12-18,17.92,18.02,17.64,17.89,17.9,-0.01,-0.0559,84786.2,151302.153
300285.SZ,2024-12-19,17.7,17.97,17.51,17.89,17.89,0.0,0.0,87113.77,154548.692
300285.SZ,2024-12-20,17.87,18.12,17.79,18.03,17.89,0.14,0.7826,65075.69,117099.93
300285.SZ,2024-12-23,17.93,18.11,17.7,17.73,18.03,-0.3,-1.6639,74928.73,134165.409
300285.SZ,2024-12-24,17.81,18.09,17.76,18.06,17.73,0.33,1.8613,69580.62,125133.265
300285.SZ,2024-12-25,18.06,18.08,17.46,17.61,18.06,-0.45,-2.4917,95946.22,169541.105
300285.SZ,2024-12-26,17.61,17.93,17.53,17.86,17.61,0.25,1.4196,67305.52,119860.437
300285.SZ,2024-12-27,17.83,18.1,17.79,17.82,17.86,-0.04,-0.224,93877.0,168393.254
300285.SZ,2024-12-30,17.76,17.9,17.65,17.84,17.82,0.02,0.1122,74002.0,131767.618
300285.SZ,2024-12-31,17.75,17.87,17.04,17.04,17.84,-0.8,-4.4843,134704.0,233628.939
300285.SZ,2025-01-02,17.0,17.15,16.23,16.42,17.04,-0.62,-3.6385,128866.53,215170.338
300285.SZ,2025-01-03,16.52,16.83,16.29,16.32,16.42,-0.1,-0.609,110423.6,182837.24
300285.SZ,2025-01-06,16.31,16.52,16.18,16.33,16.32,0.01,0.0613,72419.1,118248.157
300285.SZ,2025-01-07,16.34,16.41,16.05,16.25,16.33,-0.08,-0.4899,85082.0,137763.631
300285.SZ,2025-01-08,16.25,16.4,15.73,16.2,16.25,-0.05,-0.3077,136702.63,219483.03
300285.SZ,2025-01-09,16.12,16.7,16.01,16.4,16.2,0.2,1.2346,106204.0,174649.092
300285.SZ,2025-01-10,16.37,16.62,16.06,16.06,16.4,-0.34,-2.0732,92105.5,149594.784
300285.SZ,2025-01-13,15.9,16.38,15.86,16.28,16.06,0.22,1.3699,102933.57,166337.554
300285.SZ,2025-01-14,16.24,16.85,16.14,16.82,16.28,0.54,3.317,128961.92,214065.64
300285.SZ,2025-01-15,16.84,16.89,16.46,16.52,16.82,-0.3,-1.7836,75001.57,124675.233
300285.SZ,2025-01-16,16.58,16.88,16.51,16.81,16.52,0.29,1.7554,94206.27,157374.214
300285.SZ,2025-01-17,16.66,17.24,16.65,17.14,16.81,0.33,1.9631,117237.67,199854.847
300285.SZ,2025-01-20,17.16,17.31,16.97,17.12,17.14,-0.02,-0.1167,86720.0,148544.825
300285.SZ,2025-01-21,17.17,17.28,16.89,17.23,17.12,0.11,0.6425,91738.24,156998.835
300285.SZ,2025-01-22,17.11,17.19,17.02,17.09,17.23,-0.14,-0.8125,55232.73,94457.701
300285.SZ,2025-01-23,17.22,17.38,16.93,16.93,17.09,-0.16,-0.9362,90030.0,154433.756
300285.SZ,2025-01-24,16.87,17.18,16.86,17.08,16.93,0.15,0.886,77374.42,132181.825
300285.SZ,2025-01-27,17.1,17.32,16.97,17.0,17.08,-0.08,-0.4684,74699.03,128012.506
300285.SZ,2025-02-05,17.13,17.4,17.01,17.26,17.0,0.26,1.5294,87996.25,151333.762
300285.SZ,2025-02-06,17.2,17.36,17.11,17.33,17.26,0.07,0.4056,136635.0,236068.491
300285.SZ,2025-02-07,17.33,17.81,17.18,17.58,17.33,0.25,1.4426,216308.0,378897.075
300285.SZ,2025-02-10,17.54,17.74,17.32,17.53,17.58,-0.05,-0.2844,136136.0,237840.151
300285.SZ,2025-02-11,17.53,17.55,17.15,17.22,17.53,-0.31,-1.7684,101973.0,175957.095
300285.SZ,2025-02-12,17.16,17.29,16.98,17.23,17.22,0.01,0.0581,138257.99,236929.229
300285.SZ,2025-02-13,17.35,17.58,17.22,17.35,17.23,0.12,0.6965,195585.0,340361.235
300285.SZ,2025-02-14,17.34,17.62,17.2,17.34,17.35,-0.01,-0.0576,174756.3,304234.793
300285.SZ,2025-02-17,17.4,17.64,17.21,17.48,17.34,0.14,0.8074,154996.82,270077.792
300285.SZ,2025-02-18,17.45,17.59,17.04,17.13,17.48,-0.35,-2.0023,145529.57,252510.424
300285.SZ,2025-02-19,17.05,17.44,16.95,17.3,17.13,0.17,0.9924,130532.19,224992.695
300285.SZ,2025-02-20,17.24,19.61,17.18,19.05,17.3,1.75,10.1156,621937.14,1151435.656
300285.SZ,2025-02-21,18.91,19.39,18.81,19.3,19.05,0.25,1.3123,383912.67,731243.018
300285.SZ,2025-02-24,19.34,19.78,18.9,19.38,19.3,0.08,0.4145,322039.69,622927.434
300285.SZ,2025-02-25,19.18,19.38,19.03,19.15,19.38,-0.23,-1.1868,194566.18,373530.358
300285.SZ,2025-02-26,19.24,19.68,19.05,19.48,19.15,0.33,1.7232,269560.28,524295.949
300285.SZ,2025-02-27,19.55,19.82,19.12,19.39,19.48,-0.09,-0.462,304724.97,593613.568
300285.SZ,2025-02-28,19.3,19.36,18.36,18.43,19.39,-0.96,-4.951,278869.55,525048.053
300285.SZ,2025-03-03,18.62,20.16,18.62,19.37,18.43,0.94,5.1004,414062.02,806597.287
300285.SZ,2025-03-04,19.2,19.52,19.14,19.38,19.37,0.01,0.0516,183099.71,353765.154
300285.SZ,2025-03-05,19.36,19.54,19.1,19.29,19.38,-0.09,-0.4644,150681.74,290694.842
300285.SZ,2025-03-06,19.47,20.55,19.34,20.02,19.29,0.73,3.7843,366156.27,731656.637
300285.SZ,2025-03-07,19.89,20.29,19.7,19.93,20.02,-0.09,-0.4496,236533.7,472740.886
300285.SZ,2025-03-10,20.13,20.16,19.6,19.75,19.93,-0.18,-0.9032,174640.07,345466.492
300285.SZ,2025-03-11,19.38,19.95,19.3,19.68,19.75,-0.07,-0.3544,156248.16,306482.376
300285.SZ,2025-03-12,19.8,19.98,19.46,19.51,19.68,-0.17,-0.8638,183199.74,360071.489
300285.SZ,2025-03-13,19.51,19.55,19.15,19.31,19.51,-0.2,-1.0251,136331.5,262903.003
300285.SZ,2025-03-14,19.3,19.58,19.15,19.53,19.31,0.22,1.1393,157281.29,306046.426
300285.SZ,2025-03-17,19.5,19.55,19.26,19.34,19.53,-0.19,-0.9729,110713.23,214550.751
300285.SZ,2025-03-18,19.37,19.75,19.36,19.4,19.34,0.06,0.3102,125903.0,245794.583
300285.SZ,2025-03-19,19.3,19.46,18.91,19.02,19.4,-0.38,-1.9588,153462.95,292650.302
300285.SZ,2025-03-20,19.02,19.07,18.74,18.79,19.02,-0.23,-1.2093,124934.32,236085.086
300285.SZ,2025-03-21,18.78,19.02,18.43,18.48,18.79,-0.31,-1.6498,127338.0,238125.677
300285.SZ,2025-03-24,18.62,18.74,18.26,18.7,18.48,0.22,1.1905,114248.91,211665.744
300285.SZ,2025-03-25,18.66,19.42,18.53,19.15,18.7,0.45,2.4064,175670.0,335316.297
300285.SZ,2025-03-26,19.01,19.16,18.8,18.84,19.15,-0.31,-1.6188,103425.18,195938.77
300285.SZ,2025-03-27,18.77,19.44,18.72,19.32,18.84,0.48,2.5478,152407.0,292401.928
300285.SZ,2025-03-28,19.27,19.39,18.83,18.86,19.32,-0.46,-2.381,107135.3,203756.829
300285.SZ,2025-03-31,18.66,18.82,18.39,18.62,18.86,-0.24,-1.2725,93413.85,173573.652
300285.SZ,2025-04-01,18.62,18.97,18.61,18.67,18.62,0.05,0.2685,90651.48,170264.517
300285.SZ,2025-04-02,18.65,18.84,18.53,18.55,18.67,-0.12,-0.6427,69181.24,128982.785
300285.SZ,2025-04-03,18.39,18.5,17.71,17.81,18.55,-0.74,-3.9892,186093.81,335719.663
300285.SZ,2025-04-07,16.7,17.08,15.71,16.19,17.81,-1.62,-9.096,267752.11,437741.983
300285.SZ,2025-04-08,16.56,16.92,16.2,16.38,16.19,0.19,1.1736,152549.04,251413.661
300285.SZ,2025-04-09,16.1,16.83,15.69,16.61,16.38,0.23,1.4042,169521.0,277394.86
300285.SZ,2025-04-10,17.01,17.27,16.64,16.68,16.61,0.07,0.4214,142452.0,241192.23
300285.SZ,2025-04-11,16.56,17.04,16.54,16.83,16.68,0.15,0.8993,105627.0,177818.089
300285.SZ,2025-04-14,17.11,17.3,16.93,17.14,16.83,0.31,1.8419,99687.0,170559.801
300285.SZ,2025-04-15,17.1,17.17,16.92,17.03,17.14,-0.11,-0.6418,60624.0,103218.675
300285.SZ,2025-04-16,16.92,16.99,16.55,16.75,17.03,-0.28,-1.6442,87330.74,145906.207
300285.SZ,2025-04-17,16.64,16.89,16.6,16.73,16.75,-0.02,-0.1194,52740.0,88589.77
300285.SZ,2025-04-18,16.76,17.12,16.71,17.04,16.73,0.31,1.853,76886.0,130143.126
300285.SZ,2025-04-21,17.3,17.52,17.06,17.3,17.04,0.26,1.5258,92081.65,159381.663
300285.SZ,2025-04-22,17.2,17.33,16.74,16.8,17.3,-0.5,-2.8902,148634.57,252344.924
300285.SZ,2025-04-23,16.98,17.1,16.57,16.71,16.8,-0.09,-0.5357,159727.33,267388.622
300285.SZ,2025-04-24,16.7,16.83,16.57,16.7,16.71,-0.01,-0.0598,79415.64,132740.008
300285.SZ,2025-04-25,16.71,16.79,16.59,16.64,16.7,-0.06,-0.3593,75461.12,125995.7
300285.SZ,2025-04-28,16.77,17.08,16.56,16.6,16.64,-0.04,-0.2404,127364.64,214354.409
300285.SZ,2025-04-29,16.54,16.94,16.52,16.86,16.6,0.26,1.5663,91594.35,154096.527
300285.SZ,2025-04-30,16.85,16.97,16.8,16.8,16.86,-0.06,-0.3559,84104.24,141853.323
300285.SZ,2025-05-06,16.9,17.3,16.9,17.27,16.8,0.47,2.7976,120887.0,207371.073
300285.SZ,2025-05-07,17.48,17.52,17.15,17.26,17.27,-0.01,-0.0579,125998.56,217687.578
300285.SZ,2025-05-08,17.18,17.42,17.17,17.32,17.26,0.06,0.3476,96972.56,167874.663
300285.SZ,2025-05-09,17.34,17.35,17.01,17.03,17.32,-0.29,-1.6744,104873.99,179261.189
300285.SZ,2025-05-12,17.29,17.63,17.22,17.38,17.03,0.35,2.0552,147466.88,256767.433
300285.SZ,2025-05-13,17.6,17.6,17.21,17.26,17.38,-0.12,-0.6904,92630.0,160795.193
300285.SZ,2025-05-14,17.26,17.4,17.13,17.29,17.26,0.03,0.1738,114914.0,198176.376
300285.SZ,2025-05-15,17.21,17.31,16.99,17.02,17.29,-0.27,-1.5616,114660.0,196139.772
300285.SZ,2025-05-16,16.96,17.08,16.88,16.89,17.02,-0.13,-0.7638,78919.0,133831.754
300285.SZ,2025-05-19,16.9,16.98,16.65,16.72,16.89,-0.17,-1.0065,102839.8,172087.925
300285.SZ,2025-05-20,16.74,16.85,16.62,16.68,16.72,-0.04,-0.2392,154110.3,257537.839
300285.SZ,2025-05-21,16.68,16.93,16.61,16.72,16.68,0.04,0.2398,158836.0,265879.378
300285.SZ,2025-05-22,16.65,16.85,16.43,16.45,16.72,-0.27,-1.6148,134515.1,223326.616
300285.SZ,2025-05-23,16.44,16.67,16.36,16.38,16.45,-0.07,-0.4255,133479.0,220562.416
300285.SZ,2025-05-26,16.37,16.46,16.24,16.38,16.38,0.0,0.0,74903.81,122478.345
300285.SZ,2025-05-27,16.35,16.68,16.28,16.61,16.38,0.23,1.4042,106452.76,175515.415
300285.SZ,2025-05-28,16.62,16.62,16.28,16.32,16.61,-0.29,-1.7459,96554.91,158358.765
300285.SZ,2025-05-29,16.29,16.56,16.27,16.55,16.32,0.23,1.4093,92102.8,151671.032
300285.SZ,2025-05-30,16.47,16.53,16.35,16.4,16.55,-0.15,-0.9063,84476.89,138495.005
300285.SZ,2025-06-03,16.24,16.46,16.14,16.33,16.4,-0.07,-0.4268,112938.19,184196.977
300285.SZ,2025-06-04,16.34,16.68,16.31,16.58,16.33,0.25,1.5309,136204.62,225636.932
300285.SZ,2025-06-05,16.55,16.67,16.44,16.55,16.58,-0.03,-0.1809,124879.85,206282.608
300285.SZ,2025-06-06,16.56,16.61,16.41,16.43,16.55,-0.12,-0.7251,82697.25,136419.783
300285.SZ,2025-06-09,16.5,16.96,16.45,16.62,16.28,0.34,2.0885,209664.0,350941.841
300285.SZ,2025-06-10,16.65,16.82,16.31,16.43,16.62,-0.19,-1.1432,153023.3,253668.407
300285.SZ,2025-06-11,16.46,16.86,16.42,16.67,16.43,0.24,1.4607,161517.85,270181.982
300285.SZ,2025-06-12,16.67,16.77,16.56,16.68,16.67,0.01,0.06,94976.5,158108.583
300285.SZ,2025-06-13,16.61,16.71,16.35,16.37,16.68,-0.31,-1.8585,135484.3,223134.639
300285.SZ,2025-06-16,16.29,16.43,16.27,16.39,16.37,0.02,0.1222,85937.0,140502.862
300285.SZ,2025-06-17,16.4,16.51,16.34,16.44,16.39,0.05,0.3051,66019.0,108470.499
300285.SZ,2025-06-18,16.38,16.42,16.17,16.2,16.44,-0.24,-1.4599,116036.0,188400.668
300285.SZ,2025-06-19,16.15,16.43,16.03,16.09,16.2,-0.11,-0.679,125650.81,203369.229
300285.SZ,2025-06-20,16.06,16.31,16.05,16.11,16.09,0.02,0.1243,79759.0,129091.303
300285.SZ,2025-06-23,16.06,16.3,16.03,16.25,16.11,0.14,0.869,82191.53,133242.266
300285.SZ,2025-06-24,16.35,17.45,16.33,17.41,16.25,1.16,7.1385,469394.25,803164.697
300285.SZ,2025-06-25,17.45,17.48,17.18,17.28,17.41,-0.13,-0.7467,271304.0,469341.193
300285.SZ,2025-06-26,17.28,17.47,17.16,17.17,17.28,-0.11,-0.6366,190566.12,329926.818
300285.SZ,2025-06-27,17.22,17.82,17.21,17.29,17.17,0.12,0.6989,237836.52,415215.706
300285.SZ,2025-06-30,17.32,17.5,17.22,17.35,17.29,0.06,0.347,149040.93,258267.489
300285.SZ,2025-07-01,17.28,17.35,17.05,17.22,17.35,-0.13,-0.7493,119381.65,205234.802
300285.SZ,2025-07-02,17.22,17.23,16.96,17.09,17.22,-0.13,-0.7549,124721.0,212655.022
300285.SZ,2025-07-03,17.08,17.21,17.01,17.15,17.09,0.06,0.3511,95109.25,162994.101
300285.SZ,2025-07-04,17.15,17.18,16.93,16.97,17.15,-0.18,-1.0496,120499.55,205247.384
300285.SZ,2025-07-07,16.97,17.08,16.9,17.0,16.97,0.03,0.1768,72377.0,122924.283
300285.SZ,2025-07-08,17.02,18.68,17.0,18.2,17.0,1.2,7.0588,605531.07,1098011.521
300285.SZ,2025-07-09,18.12,18.27,17.88,18.0,18.2,-0.2,-1.0989,233645.4,422228.145
300285.SZ,2025-07-10,17.95,18.65,17.88,18.5,18.0,0.5,2.7778,296858.44,543099.558
300285.SZ,2025-07-11,18.5,18.56,18.19,18.25,18.5,-0.25,-1.3514,264147.39,483722.651
300285.SZ,2025-07-14,18.23,18.26,17.9,18.02,18.25,-0.23,-1.2603,174137.47,314147.901
300285.SZ,2025-07-15,18.02,18.3,17.81,17.93,18.02,-0.09,-0.4994,182101.0,327807.992
300285.SZ,2025-07-16,17.96,18.04,17.75,17.9,17.93,-0.03,-0.1673,158676.0,283848.065
300285.SZ,2025-07-17,17.9,18.03,17.83,17.98,17.9,0.08,0.4469,159796.68,286482.398
300285.SZ,2025-07-18,18.08,18.43,18.07,18.19,17.98,0.21,1.168,240779.0,437942.994
300285.SZ,2025-07-21,18.2,18.35,18.04,18.2,18.19,0.01,0.055,167908.67,305113.406
300285.SZ,2025-07-22,18.3,18.87,18.18,18.79,18.2,0.59,3.2418,358218.37,667050.753
300285.SZ,2025-07-23,18.78,18.85,18.23,18.24,18.79,-0.55,-2.9271,233337.71,430683.674
300285.SZ,2025-07-24,18.25,18.58,18.2,18.51,18.24,0.27,1.4803,197818.23,363913.412
300285.SZ,2025-07-25,18.5,18.51,18.2,18.25,18.51,-0.26,-1.4046,157383.0,288291.201
300285.SZ,2025-07-28,18.25,19.26,18.1,18.9,18.25,0.65,3.5616,439782.09,824845.854
300285.SZ,2025-07-29,18.8,19.28,18.56,19.03,18.9,0.13,0.6878,329539.06,625747.975
300285.SZ,2025-07-30,19.0,19.3,18.58,18.93,19.03,-0.1,-0.5255,248995.65,469513.455
300285.SZ,2025-07-31,18.8,19.03,18.3,18.4,18.93,-0.53,-2.7998,252885.37,471534.054
300285.SZ,2025-08-01,18.44,18.79,18.27,18.39,18.4,-0.01,-0.0543,160753.65,297088.464
300285.SZ,2025-08-04,18.2,18.44,18.07,18.43,18.39,0.04,0.2175,143674.11,262659.233
300285.SZ,2025-08-05,18.48,18.77,18.35,18.61,18.43,0.18,0.9767,184246.3,341665.572
300285.SZ,2025-08-06,18.55,18.97,18.4,18.74,18.61,0.13,0.6985,200363.02,375333.531
300285.SZ,2025-08-07,18.76,19.02,18.42,18.92,18.74,0.18,0.9605,254606.23,477785.217
300285.SZ,2025-08-08,18.81,19.46,18.59,19.19,18.92,0.27,1.4271,304212.3,579858.181
300285.SZ,2025-08-11,19.35,19.68,19.16,19.5,19.19,0.31,1.6154,290818.72,565561.376
300285.SZ,2025-08-12,19.42,19.76,19.24,19.33,19.5,-0.17,-0.8718,226744.05,440924.266
300285.SZ,2025-08-13,19.34,20.29,19.33,19.99,19.33,0.66,3.4144,489090.53,975863.835
300285.SZ,2025-08-14,19.99,21.31,19.8,20.29,19.99,0.3,1.5008,577722.07,1187550.716
300285.SZ,2025-08-15,20.3,20.78,20.18,20.44,20.29,0.15,0.7393,406115.65,830547.175
300285.SZ,2025-08-18,21.09,22.1,20.5,21.57,20.44,1.13,5.5284,560789.05,1190252.515
300285.SZ,2025-08-19,21.26,21.63,20.61,21.07,21.57,-0.5,-2.318,564401.31,1183581.298
300285.SZ,2025-08-20,21.0,21.23,20.63,20.98,21.07,-0.09,-0.4271,332787.91,695379.032
300285.SZ,2025-08-21,21.1,21.48,20.28,20.39,20.98,-0.59,-2.8122,436364.88,899693.156
300285.SZ,2025-08-22,20.31,20.7,20.25,20.57,20.39,0.18,0.8828,282627.56,579097.672
300285.SZ,2025-08-25,20.65,22.37,20.46,22.27,20.57,1.7,8.2645,692797.25,1475891.806
300285.SZ,2025-08-26,22.14,22.32,21.7,21.74,22.27,-0.53,-2.3799,371000.56,814171.929
300285.SZ,2025-08-27,21.78,22.27,21.18,21.2,21.74,-0.54,-2.4839,396382.14,862978.046
300285.SZ,2025-08-28,21.2,22.25,21.13,21.96,21.2,0.76,3.5849,477910.21,1040245.655
300285.SZ,2025-08-29,22.16,23.64,21.7,22.9,21.91,0.99,4.5185,657145.94,1493591.781
300285.SZ,2025-09-01,22.89,23.37,22.66,22.85,22.9,-0.05,-0.2183,415222.74,954288.446
300285.SZ,2025-09-02,22.63,23.0,21.89,22.23,22.85,-0.62,-2.7133,340463.18,761069.347
300285.SZ,2025-09-03,22.39,23.28,22.07,22.59,22.23,0.36,1.6194,380486.5,861830.409
300285.SZ,2025-09-04,22.59,23.04,20.92,21.4,22.59,-1.19,-5.2678,469369.99,1024083.865
300285.SZ,2025-09-05,21.0,22.75,20.95,22.55,21.4,1.15,5.3738,484189.26,1070080.253
300285.SZ,2025-09-08,22.69,24.14,22.65,24.05,22.55,1.5,6.6519,578634.41,1365820.886
300285.SZ,2025-09-09,23.6,24.78,23.6,23.93,24.05,-0.12,-0.499,357452.02,863442.522
300285.SZ,2025-09-10,23.73,24.17,23.35,23.71,23.93,-0.22,-0.9193,284840.49,674740.224
300285.SZ,2025-09-11,23.51,24.72,23.22,24.51,23.71,0.8,3.3741,367992.36,890091.109
300285.SZ,2025-09-12,24.14,24.24,23.28,23.61,24.51,-0.9,-3.672,350494.35,830827.345
300285.SZ,2025-09-15,23.6,24.18,23.41,23.67,23.61,0.06,0.2541,188560.34,448625.139
300285.SZ,2025-09-16,23.67,23.79,22.8,23.08,23.67,-0.59,-2.4926,267893.59,618839.138
300285.SZ,2025-09-17,23.02,23.39,22.91,23.07,23.08,-0.01,-0.0433,187261.17,432890.402
300285.SZ,2025-09-18,23.01,23.45,22.2,22.5,23.07,-0.57,-2.4707,350197.23,796151.782
300285.SZ,2025-09-19,22.51,22.9,22.2,22.27,22.5,-0.23,-1.0222,177218.0,398984.333
300285.SZ,2025-09-22,22.31,22.82,21.98,22.5,22.27,0.23,1.0328,186672.85,418190.9
300285.SZ,2025-09-23,22.56,22.56,21.2,21.76,22.5,-0.74,-3.2889,274299.42,595789.948
300285.SZ,2025-09-24,21.67,22.29,21.44,22.19,21.76,0.43,1.9761,200766.55,438938.999
300285.SZ,2025-09-25,22.25,22.59,22.06,22.37,22.19,0.18,0.8112,200770.27,448508.333
300285.SZ,2025-09-26,22.2,23.13,22.17,22.48,22.37,0.11,0.4917,240148.06,545658.553
300285.SZ,2025-09-29,22.51,22.79,22.05,22.27,22.48,-0.21,-0.9342,213743.94,479104.37
300285.SZ,2025-09-30,22.4,22.98,22.21,22.32,22.27,0.05,0.2245,189260.48,425739.973
300285.SZ,2025-10-09,22.72,24.92,22.68,24.9,22.32,2.58,11.5591,484493.45,1155106.429
300285.SZ,2025-10-10,25.36,26.09,24.43,24.56,24.9,-0.34,-1.3655,405159.45,1015614.572
300285.SZ,2025-10-13,23.5,24.5,23.5,24.3,24.56,-0.26,-1.0586,300053.08,718067.611
300285.SZ,2025-10-14,24.35,24.55,22.2,22.22,24.3,-2.08,-8.5597,393466.79,911198.366
300285.SZ,2025-10-15,22.31,22.8,21.93,22.78,22.22,0.56,2.5203,196467.39,438646.948
300285.SZ,2025-10-16,22.55,22.69,22.05,22.15,22.78,-0.63,-2.7656,151040.0,337753.395
300285.SZ,2025-10-17,22.18,22.3,21.1,21.17,22.15,-0.98,-4.4244,185073.21,398573.927
300285.SZ,2025-10-20,21.5,21.79,21.28,21.46,21.17,0.29,1.3699,109550.6,235749.363
300285.SZ,2025-10-21,21.47,21.96,21.4,21.68,21.46,0.22,1.0252,121174.81,263487.847
300285.SZ,2025-10-22,21.62,21.78,21.35,21.59,21.68,-0.09,-0.4151,85484.61,184267.453
300285.SZ,2025-10-23,21.54,21.69,20.9,21.43,21.59,-0.16,-0.7411,117319.0,248287.936
300285.SZ,2025-10-24,21.6,22.5,21.6,22.08,21.43,0.65,3.0331,176443.03,389981.712
300285.SZ,2025-10-27,22.45,22.74,22.22,22.38,22.08,0.3,1.3587,185804.07,417059.267
300285.SZ,2025-10-28,22.2,23.5,22.09,22.61,22.38,0.23,1.0277,284294.41,651362.316
300285.SZ,2025-10-29,22.61,23.27,22.5,23.21,22.61,0.6,2.6537,237274.3,544743.866
300285.SZ,2025-10-30,23.96,24.17,23.01,23.3,23.21,0.09,0.3878,256793.4,603184.92
300285.SZ,2025-10-31,23.6,23.9,23.09,23.55,23.3,0.25,1.073,244052.52,573780.987
300285.SZ,2025-11-03,23.21,23.36,22.5,23.31,23.55,-0.24,-1.0191,218165.7,498438.92
300285.SZ,2025-11-04,23.18,23.44,22.31,22.49,23.31,-0.82,-3.5178,153129.81,347523.566
300285.SZ,2025-11-05,22.15,22.95,21.72,22.5,22.49,0.01,0.0445,196511.97,438303.369
300285.SZ,2025-11-06,22.53,23.29,22.45,23.07,22.5,0.57,2.5333,165948.99,381652.533
300285.SZ,2025-11-07,23.14,24.89,23.01,24.49,23.07,1.42,6.1552,459566.83,1112775.498
300285.SZ,2025-11-10,24.5,24.98,23.62,24.53,24.49,0.04,0.1633,345772.79,836854.81
300285.SZ,2025-11-11,24.43,25.4,24.3,24.41,24.53,-0.12,-0.4892,274583.39,675241.599
300285.SZ,2025-11-12,24.3,24.31,23.53,23.75,24.41,-0.66,-2.7038,186316.77,442870.48
300285.SZ,2025-11-13,23.92,25.07,23.83,24.72,23.75,0.97,4.0842,339061.38,836265.421
300285.SZ,2025-11-14,24.47,25.09,23.77,24.51,24.72,-0.21,-0.8495,341326.47,832102.166
300285.SZ,2025-11-17,25.0,26.02,24.82,25.21,24.51,0.7,2.856,417414.38,1058964.067
300285.SZ,2025-11-18,25.02,25.49,23.58,23.84,25.21,-1.37,-5.4344,331935.17,800867.361
300285.SZ,2025-11-19,23.77,24.4,23.67,23.94,23.84,0.1,0.4195,196511.53,472600.484
300285.SZ,2025-11-20,23.94,24.25,22.76,22.9,23.94,-1.04,-4.3442,214111.46,500341.962
300285.SZ,2025-11-21,22.6,22.77,21.74,21.88,22.9,-1.02,-4.4541,232785.21,514085.062
300285.SZ,2025-11-24,22.09,22.56,21.75,22.15,21.88,0.27,1.234,130567.18,288964.79
300285.SZ,2025-11-25,22.41,22.97,22.23,22.45,22.15,0.3,1.3544,169833.68,383460.47
300285.SZ,2025-11-26,22.52,23.0,22.28,22.35,22.45,-0.1,-0.4454,149452.25,337983.379
300285.SZ,2025-11-27,22.34,23.33,22.28,22.9,22.35,0.55,2.4609,258488.92,594628.186
300285.SZ,2025-11-28,22.9,22.93,22.58,22.83,22.9,-0.07,-0.3057,155606.67,354246.316
300285.SZ,2025-12-01,22.84,23.25,22.67,22.9,22.83,0.07,0.3066,192748.84,441583.159
300285.SZ,2025-12-02,22.7,22.88,22.23,22.57,22.9,-0.33,-1.441,160597.73,360637.112
300285.SZ,2025-12-03,22.59,23.04,22.52,22.63,22.57,0.06,0.2658,165890.84,378641.425
300285.SZ,2025-12-04,22.51,22.76,21.03,21.84,22.63,-0.79,-3.4909,293248.9,638252.409
300285.SZ,2025-12-05,21.87,22.79,21.61,22.68,21.84,0.84,3.8462,217624.37,484586.371
300285.SZ,2025-12-08,22.96,23.25,22.85,22.9,22.68,0.22,0.97,193798.92,446333.081
300285.SZ,2025-12-09,22.76,24.08,22.57,23.4,22.9,0.5,2.1834,300793.82,702928.753
300285.SZ,2025-12-10,23.21,23.83,22.62,23.56,23.4,0.16,0.6838,248511.02,574999.065
300285.SZ,2025-12-11,23.57,23.59,23.19,23.33,23.56,-0.23,-0.9762,168453.98,393951.848
300285.SZ,2025-12-12,25.58,28.0,24.66,28.0,23.33,4.67,20.0171,1157261.28,3115911.215
300285.SZ,2025-12-15,28.85,29.58,27.81,28.55,28.0,0.55,1.9643,1134686.45,3235371.64
300285.SZ,2025-12-16,28.08,28.2,26.16,26.62,28.55,-1.93,-6.7601,698028.63,1866201.222
300285.SZ,2025-12-17,26.55,26.68,25.63,26.38,26.62,-0.24,-0.9016,459288.01,1201325.181
300285.SZ,2025-12-18,26.22,27.14,25.91,26.27,26.38,-0.11,-0.417,556459.16,1481610.607
300285.SZ,2025-12-19,26.6,26.99,26.04,26.09,26.27,-0.18,-0.6852,424294.83,1118533.185
300285.SZ,2025-12-22,26.18,27.08,25.97,26.97,26.09,0.88,3.3729,503508.29,1344808.832
300285.SZ,2025-12-23,27.05,28.11,26.92,27.39,26.97,0.42,1.5573,542064.66,1482986.7
300285.SZ,2025-12-24,27.01,28.76,26.86,28.36,27.39,0.97,3.5414,550489.93,1545090.63
300285.SZ,2025-12-25,28.47,28.85,27.84,28.47,28.36,0.11,0.3879,448803.95,1269801.381
300285.SZ,2025-12-26,28.49,29.46,27.9,28.2,28.47,-0.27,-0.9484,513403.8,1464281.838
300285.SZ,2025-12-29,27.88,28.21,27.51,27.69,28.2,-0.51,-1.8085,329732.38,915965.353
300285.SZ,2025-12-30,27.36,27.64,27.0,27.2,27.69,-0.49,-1.7696,286377.41,782063.501
300285.SZ,2025-12-31,27.21,27.59,26.9,27.41,27.2,0.21,0.7721,250902.39,685894.84
300285.SZ,2026-01-05,28.12,29.41,28.12,29.0,27.41,1.59,5.8008,446796.18,1284617.02
300285.SZ,2026-01-06,29.0,30.61,28.7,29.37,29.0,0.37,1.2759,516517.06,1533882.59
300285.SZ,2026-01-07,30.01,30.49,29.13,29.5,29.37,0.13,0.4426,468142.11,1392595.072
300285.SZ,2026-01-08,29.47,30.1,28.96,29.48,29.5,-0.02,-0.0678,389471.29,1147874.025
300285.SZ,2026-01-09,29.61,34.56,29.61,33.88,29.48,4.4,14.9254,809236.41,2581772.719
300285.SZ,2026-01-12,34.85,36.5,34.21,36.26,33.88,2.38,7.0248,849389.05,2996179.626
300285.SZ,2026-01-13,34.55,34.88,31.99,32.59,36.26,-3.67,-10.1213,749102.81,2471446.114
300285.SZ,2026-01-14,32.6,33.6,31.18,31.6,32.59,-0.99,-3.0377,622792.03,2010839.563
300285.SZ,2026-01-15,31.14,32.22,31.13,31.97,31.6,0.37,1.1709,398174.98,1266045.086
300285.SZ,2026-01-16,32.09,33.65,31.96,33.18,31.97,1.21,3.7848,461161.12,1510087.236
300285.SZ,2026-01-19,32.96,34.87,32.2,33.61,33.18,0.43,1.296,496093.08,1677758.204
300285.SZ,2026-01-20,33.61,34.02,30.75,31.16,33.61,-2.45,-7.2895,578757.39,1842478.845
300285.SZ,2026-01-21,31.0,32.58,30.81,32.2,31.16,1.04,3.3376,331754.4,1057869.233
300285.SZ,2026-01-22,32.1,33.06,32.06,32.49,32.2,0.29,0.9006,311169.01,1012233.212
300285.SZ,2026-01-23,32.79,35.46,32.6,34.22,32.49,1.73,5.3247,540743.61,1851437.567
300285.SZ,2026-01-26,33.83,34.18,32.09,32.26,34.22,-1.96,-5.7276,397159.19,1307237.977
300285.SZ,2026-01-27,32.56,33.39,31.81,33.06,32.26,0.8,2.4799,285179.44,930440.16
300285.SZ,2026-01-28,32.95,32.95,31.45,31.75,33.06,-1.31,-3.9625,338815.18,1080440.541
300285.SZ,2026-01-29,31.5,31.83,29.93,30.12,31.75,-1.63,-5.1339,439984.23,1350269.766
300285.SZ,2026-01-30,29.89,30.27,28.88,29.88,30.12,-0.24,-0.7968,323233.71,961097.197
300285.SZ,2026-02-02,29.88,30.04,28.53,28.59,29.88,-1.29,-4.3173,251304.08,732718.849
300285.SZ,2026-02-03,29.18,31.43,29.05,30.99,28.59,2.4,8.3945,495127.43,1509837.423
300285.SZ,2026-02-04,31.65,31.94,30.42,31.02,30.99,0.03,0.0968,263780.68,818284.686
300285.SZ,2026-02-05,30.62,30.95,29.91,30.71,31.02,-0.31,-0.9994,196785.45,598191.413
300285.SZ,2026-02-06,30.13,30.85,29.95,30.13,30.71,-0.58,-1.8886,184987.1,563203.765
300285.SZ,2026-02-09,30.54,30.98,30.15,30.78,30.13,0.65,2.1573,194907.74,596747.551
300285.SZ,2026-02-10,30.5,31.06,30.28,30.5,30.78,-0.28,-0.9097,142586.87,436507.369
300285.SZ,2026-02-11,30.48,32.8,30.39,31.4,30.5,0.9,2.9508,365015.18,1161734.441
300285.SZ,2026-02-12,31.02,32.62,30.9,32.27,31.4,0.87,2.7707,312291.38,996797.757
300285.SZ,2026-02-13,31.96,32.2,30.88,31.0,32.27,-1.27,-3.9355,301371.15,941498.902
300285.SZ,2026-02-24,34.19,35.45,33.24,33.63,31.0,2.63,8.4839,723714.87,2474136.072
300285.SZ,2026-02-25,34.85,36.44,33.87,35.29,33.63,1.66,4.9361,652770.84,2293150.477
300285.SZ,2026-02-26,34.85,37.18,33.8,36.6,35.29,1.31,3.7121,698919.45,2492224.823
300285.SZ,2026-02-27,35.83,38.52,35.83,38.26,36.6,1.66,4.5355,708932.92,2666309.096
300285.SZ,2026-03-02,38.06,39.65,36.6,38.51,38.26,0.25,0.6534,815074.49,3099846.245
300285.SZ,2026-03-03,39.35,39.52,35.26,36.3,38.51,-2.21,-5.7388,830249.16,3052030.447
300285.SZ,2026-03-04,35.03,36.83,34.97,35.22,36.3,-1.08,-2.9752,442412.88,1581339.609
300285.SZ,2026-03-05,36.28,36.79,34.9,35.51,35.22,0.29,0.8234,448755.37,1609271.192
300285.SZ,2026-03-06,34.81,36.28,34.44,35.51,35.51,0.0,0.0,321783.9,1136989.289
300285.SZ,2026-03-09,34.45,34.68,32.6,34.43,35.51,-1.08,-3.0414,441219.25,1491722.098
300285.SZ,2026-03-10,34.85,38.43,34.8,38.24,34.43,3.81,11.0659,701785.74,2620670.973
300285.SZ,2026-03-11,39.6,41.73,39.55,39.71,38.24,1.47,3.8441,780215.63,3160358.703
300285.SZ,2026-03-12,39.31,39.68,37.9,38.42,39.71,-1.29,-3.2486,468610.94,1806987.005
300285.SZ,2026-03-13,38.38,39.43,37.5,37.98,38.42,-0.44,-1.1452,504436.03,1941133.169
300285.SZ,2026-03-16,37.88,38.05,35.8,37.39,37.98,-0.59,-1.5534,434263.22,1599038.222
300285.SZ,2026-03-17,38.0,38.11,35.85,35.9,37.39,-1.49,-3.985,316719.93,1159728.92
300285.SZ,2026-03-18,36.14,37.1,35.68,36.35,35.9,0.45,1.2535,276845.66,1006389.807
300285.SZ,2026-03-19,35.43,35.45,34.05,34.41,36.35,-1.94,-5.337,344429.35,1195786.879
300285.SZ,2026-03-20,34.81,34.99,32.66,32.74,34.41,-1.67,-4.8532,341359.28,1154944.183
300285.SZ,2026-03-23,32.01,32.47,30.5,30.8,32.74,-1.94,-5.9255,450831.19,1419179.08
300285.SZ,2026-03-24,31.24,31.43,29.65,31.3,30.8,0.5,1.6234,502465.3,1529519.189
300285.SZ,2026-03-25,31.73,33.28,31.5,31.75,31.3,0.45,1.4377,325019.5,1047539.647
300285.SZ,2026-03-26,31.7,32.14,30.35,30.51,31.75,-1.24,-3.9055,314108.68,975949.992
300285.SZ,2026-03-27,30.31,31.5,30.0,30.71,30.51,0.2,0.6555,257411.43,789846.323
300285.SZ,2026-03-30,30.01,30.8,29.81,30.64,30.71,-0.07,-0.2279,218863.57,662462.198
300285.SZ,2026-03-31,31.53,32.14,30.6,30.7,30.64,0.06,0.1958,365094.62,1143482.94
300285.SZ,2026-04-01,31.63,31.88,30.79,31.38,30.7,0.68,2.215,241614.96,754579.862
300285.SZ,2026-04-02,31.35,31.39,29.92,30.14,31.38,-1.24,-3.9516,240646.75,733252.653
300285.SZ,2026-04-03,30.4,31.13,30.05,30.6,30.14,0.46,1.5262,224679.37,687809.729
300285.SZ,2026-04-07,30.88,32.39,30.61,31.26,30.6,0.66,2.1569,283430.4,895604.791
300285.SZ,2026-04-08,31.9,32.65,31.4,32.22,31.26,0.96,3.071,476982.43,1530879.831
300285.SZ,2026-04-09,31.15,32.24,31.15,31.88,32.22,-0.34,-1.0552,271240.78,865191.512
300285.SZ,2026-04-10,32.2,34.08,32.03,32.86,31.88,0.98,3.074,397141.63,1317134.549
300285.SZ,2026-04-13,32.5,34.96,32.5,34.23,32.86,1.37,4.1692,458181.68,1559265.192
300285.SZ,2026-04-14,34.82,35.5,33.68,34.08,34.23,-0.15,-0.4382,459277.7,1581149.064
300285.SZ,2026-04-15,35.55,35.66,33.13,33.3,34.08,-0.78,-2.2887,402198.59,1374989.795
300285.SZ,2026-04-16,33.66,35.87,33.18,35.68,33.3,2.38,7.1471,548973.27,1914748.401
300285.SZ,2026-04-17,35.19,37.0,35.19,36.6,35.68,0.92,2.5785,421018.38,1530627.003
300285.SZ,2026-04-20,36.38,36.75,35.45,35.63,36.6,-0.97,-2.6503,454686.53,1634757.471
300285.SZ,2026-04-21,35.52,36.69,34.81,35.88,35.63,0.25,0.7017,371684.8,1334598.821
300285.SZ,2026-04-22,36.11,37.1,36.06,36.66,35.88,0.78,2.1739,456355.83,1665926.132
300285.SZ,2026-04-23,36.7,37.5,35.8,36.0,36.66,-0.66,-1.8003,406793.38,1483786.578
300285.SZ,2026-04-24,35.95,36.55,35.08,35.51,36.0,-0.49,-1.3611,337354.38,1207768.575
300285.SZ,2026-04-27,35.73,36.72,34.88,35.03,35.51,-0.48,-1.3517,419226.92,1496987.776
300285.SZ,2026-04-28,34.61,37.76,33.71,37.05,35.03,2.02,5.7665,777066.78,2807149.514
