ts_code,date,open,high,low,close,pre_close,change,pct_chg,volume,amount
300383.SZ,2020-01-02,20.22,20.8,20.07,20.46,20.07,0.39,1.9432,324557.94,665675.621
300383.SZ,2020-01-03,20.5,20.99,20.5,20.75,20.46,0.29,1.4174,306949.8,636190.216
300383.SZ,2020-01-06,20.54,21.5,20.5,21.05,20.75,0.3,1.4458,394466.56,833653.639
300383.SZ,2020-01-07,21.12,21.26,20.76,21.06,21.05,0.01,0.0475,257192.08,539091.12
300383.SZ,2020-01-08,20.89,21.04,20.35,20.44,21.06,-0.62,-2.944,334947.72,689071.824
300383.SZ,2020-01-09,20.9,21.27,20.7,21.01,20.44,0.57,2.7886,349511.37,732687.073
300383.SZ,2020-01-10,21.04,21.41,20.87,21.08,21.01,0.07,0.3332,314462.68,665469.164
300383.SZ,2020-01-13,21.0,21.87,20.8,21.82,21.08,0.74,3.5104,379339.53,813364.51
300383.SZ,2020-01-14,22.0,22.08,21.19,21.24,21.82,-0.58,-2.6581,332569.06,714503.724
300383.SZ,2020-01-15,21.1,21.36,20.91,21.16,21.24,-0.08,-0.3766,229016.14,483421.89
300383.SZ,2020-01-16,21.29,21.63,21.1,21.39,21.16,0.23,1.087,265283.59,567543.49
300383.SZ,2020-01-17,21.48,21.59,21.2,21.37,21.39,-0.02,-0.0935,211068.94,451973.342
300383.SZ,2020-01-20,21.37,21.94,20.99,21.85,21.37,0.48,2.2461,267844.07,577858.854
300383.SZ,2020-01-21,21.53,22.08,21.35,21.55,21.85,-0.3,-1.373,283781.67,613559.643
300383.SZ,2020-01-22,21.3,22.36,20.72,22.09,21.55,0.54,2.5058,414238.77,892984.306
300383.SZ,2020-01-23,21.84,22.33,20.86,21.2,22.09,-0.89,-4.029,392892.82,847570.675
300383.SZ,2020-02-03,19.08,19.64,19.08,19.08,21.2,-2.12,-10.0,418897.1,801122.055
300383.SZ,2020-02-04,19.26,20.6,19.26,20.33,19.08,1.25,6.5514,497171.52,992474.127
300383.SZ,2020-02-05,20.64,21.7,20.42,21.26,20.33,0.93,4.5745,528261.4,1116523.774
300383.SZ,2020-02-06,21.3,23.39,21.15,23.39,21.26,2.13,10.0188,848725.29,1926642.14
300383.SZ,2020-02-07,24.2,25.73,23.99,25.73,23.39,2.34,10.0043,1032959.79,2598382.914
300383.SZ,2020-02-10,26.0,27.27,25.01,26.18,25.73,0.45,1.7489,1146126.15,3006569.979
300383.SZ,2020-02-11,26.2,26.48,25.02,25.2,26.18,-0.98,-3.7433,794338.61,2041906.807
300383.SZ,2020-02-12,25.54,26.87,25.05,26.21,25.2,1.01,4.0079,999796.58,2593405.876
300383.SZ,2020-02-13,25.75,25.95,24.84,25.2,26.21,-1.01,-3.8535,847453.32,2147082.741
300383.SZ,2020-02-14,24.91,25.93,24.85,25.14,25.2,-0.06,-0.2381,629367.12,1591611.22
300383.SZ,2020-02-17,25.5,26.25,25.2,26.0,25.14,0.86,3.4208,711192.98,1833695.078
300383.SZ,2020-02-18,26.0,27.02,25.72,27.02,26.0,1.02,3.9231,859568.16,2265932.007
300383.SZ,2020-02-19,26.15,26.16,25.0,25.21,27.02,-1.81,-6.6987,1020524.83,2621167.793
300383.SZ,2020-02-20,25.0,25.53,24.47,25.38,25.21,0.17,0.6743,654741.87,1643514.293
300383.SZ,2020-02-21,25.5,26.8,25.36,26.07,25.38,0.69,2.7187,735782.57,1919814.758
300383.SZ,2020-02-24,26.0,27.15,25.75,26.86,26.07,0.79,3.0303,838142.92,2233369.522
300383.SZ,2020-02-25,26.35,29.55,26.0,29.0,26.86,2.14,7.9672,1219575.17,3359684.612
300383.SZ,2020-02-26,28.2,28.68,26.5,26.62,29.0,-2.38,-8.2069,930087.22,2566073.698
300383.SZ,2020-02-27,27.0,28.19,25.8,27.19,26.62,0.57,2.1412,866862.32,2352267.845
300383.SZ,2020-02-28,26.3,26.7,24.72,25.1,27.19,-2.09,-7.6866,783903.28,2023518.814
300383.SZ,2020-03-02,25.8,27.61,25.32,27.59,25.1,2.49,9.9203,943716.76,2520733.853
300383.SZ,2020-03-03,28.06,29.2,26.98,27.22,27.59,-0.37,-1.3411,935687.5,2638056.916
300383.SZ,2020-03-04,27.2,29.08,27.03,28.76,27.22,1.54,5.6576,1021379.53,2878834.497
300383.SZ,2020-03-05,30.81,31.5,28.2,28.76,28.76,0.0,0.0,1379275.07,4140500.93
300383.SZ,2020-03-06,27.68,28.29,27.05,27.61,28.76,-1.15,-3.9986,772149.88,2143572.249
300383.SZ,2020-03-09,26.98,27.89,26.0,27.06,27.61,-0.55,-1.992,881241.53,2381571.255
300383.SZ,2020-03-10,27.3,29.71,27.0,29.65,27.06,2.59,9.5713,1151767.61,3274967.647
300383.SZ,2020-03-11,29.49,30.18,28.4,28.4,29.65,-1.25,-4.2159,1006231.23,2943035.988
300383.SZ,2020-03-12,27.39,28.09,27.04,27.95,28.4,-0.45,-1.5845,733469.52,2024012.757
300383.SZ,2020-03-13,26.47,29.15,26.39,28.4,27.95,0.45,1.61,880529.45,2459976.541
300383.SZ,2020-03-16,28.4,28.73,25.56,25.6,28.4,-2.8,-9.8592,1098666.4,2956404.246
300383.SZ,2020-03-17,26.4,26.97,24.85,26.28,25.6,0.68,2.6563,817123.74,2123768.646
300383.SZ,2020-03-18,26.33,27.16,25.0,25.02,26.28,-1.26,-4.7945,893456.11,2339659.407
300383.SZ,2020-03-19,25.23,26.26,24.65,25.87,25.02,0.85,3.3973,813388.1,2070540.774
300383.SZ,2020-03-20,26.29,26.56,25.51,26.24,25.87,0.37,1.4302,553078.06,1443293.902
300383.SZ,2020-03-23,25.29,26.68,25.11,25.41,26.24,-0.83,-3.1631,587118.38,1511790.082
300383.SZ,2020-03-24,26.1,26.8,25.05,26.49,25.41,1.08,4.2503,776214.16,2029229.319
300383.SZ,2020-03-25,27.29,27.78,26.7,27.0,26.49,0.51,1.9253,702316.84,1909134.514
300383.SZ,2020-03-26,26.53,26.98,26.01,26.11,27.0,-0.89,-3.2963,462041.67,1222185.448
300383.SZ,2020-03-27,26.4,26.64,25.5,25.51,26.11,-0.6,-2.298,424869.16,1104268.592
300383.SZ,2020-03-30,25.0,25.0,23.51,23.95,25.51,-1.56,-6.1152,644634.09,1560095.96
300383.SZ,2020-03-31,24.38,24.63,23.88,23.93,23.95,-0.02,-0.0835,341234.58,826817.19
300383.SZ,2020-04-01,23.88,24.44,23.4,23.5,23.93,-0.43,-1.7969,408148.19,974419.856
300383.SZ,2020-04-02,23.74,24.54,23.7,24.48,23.5,0.98,4.1702,441512.39,1064968.382
300383.SZ,2020-04-03,24.31,24.76,24.08,24.14,24.48,-0.34,-1.3889,320288.56,780007.009
300383.SZ,2020-04-07,24.8,25.0,24.55,24.78,24.14,0.64,2.6512,387162.61,959155.703
300383.SZ,2020-04-08,24.55,25.09,24.45,24.57,24.78,-0.21,-0.8475,329374.07,816121.124
300383.SZ,2020-04-09,24.9,25.07,24.48,24.94,24.57,0.37,1.5059,331815.48,822538.067
300383.SZ,2020-04-10,24.73,24.74,23.5,23.66,24.94,-1.28,-5.1323,435561.08,1044967.057
300383.SZ,2020-04-13,23.46,23.9,22.51,22.74,23.66,-0.92,-3.8884,476557.23,1097850.025
300383.SZ,2020-04-14,22.97,24.08,22.82,24.06,22.74,1.32,5.8047,596084.02,1411977.308
300383.SZ,2020-04-15,24.1,24.63,23.93,24.01,24.06,-0.05,-0.2078,393435.94,954046.891
300383.SZ,2020-04-16,24.12,24.87,23.94,24.72,24.01,0.71,2.9571,433101.19,1061857.378
300383.SZ,2020-04-17,24.3,25.89,24.1,25.07,24.72,0.35,1.4159,732891.33,1844146.947
300383.SZ,2020-04-20,25.1,26.45,24.9,26.2,25.07,1.13,4.5074,590456.43,1528220.609
300383.SZ,2020-04-21,26.0,27.15,25.82,26.64,26.2,0.44,1.6794,677506.58,1795926.713
300383.SZ,2020-04-22,26.2,26.55,25.84,26.23,26.64,-0.41,-1.539,396712.87,1037688.12
300383.SZ,2020-04-23,26.3,26.42,25.46,25.54,26.23,-0.69,-2.6306,362419.91,934469.86
300383.SZ,2020-04-24,25.65,26.25,25.35,25.66,25.54,0.12,0.4699,325635.73,838843.546
300383.SZ,2020-04-27,25.64,25.91,25.34,25.51,25.66,-0.15,-0.5846,282669.75,724613.177
300383.SZ,2020-04-28,25.4,26.38,24.56,25.92,25.51,0.41,1.6072,520878.87,1337875.126
300383.SZ,2020-04-29,25.75,26.91,25.75,26.45,25.92,0.53,2.0448,393761.0,1038707.571
300383.SZ,2020-04-30,26.83,27.72,26.5,27.25,26.45,0.8,3.0246,508879.13,1384132.945
300383.SZ,2020-05-06,28.14,29.12,27.93,28.83,27.25,1.58,5.7982,789819.24,2253162.109
300383.SZ,2020-05-07,28.74,28.83,27.9,28.0,28.83,-0.83,-2.8789,501111.99,1414318.907
300383.SZ,2020-05-08,28.28,28.58,27.82,27.85,28.0,-0.15,-0.5357,445952.46,1254730.498
300383.SZ,2020-05-11,28.05,28.44,27.5,27.9,27.85,0.05,0.1795,431760.24,1207068.056
300383.SZ,2020-05-12,27.77,28.38,27.55,28.32,27.9,0.42,1.5054,400031.61,1122336.166
300383.SZ,2020-05-13,28.05,28.18,27.5,27.95,28.32,-0.37,-1.3065,415510.54,1157795.926
300383.SZ,2020-05-14,27.7,28.29,27.67,27.93,27.95,-0.02,-0.0716,328723.9,922663.189
300383.SZ,2020-05-15,28.18,28.83,27.67,28.08,27.93,0.15,0.5371,489816.71,1386931.629
300383.SZ,2020-05-18,27.7,27.88,26.88,27.02,28.08,-1.06,-3.7749,474826.53,1296568.172
300383.SZ,2020-05-19,27.26,27.59,27.0,27.49,27.0,0.49,1.8148,289253.99,791155.538
300383.SZ,2020-05-20,27.48,27.52,26.2,26.34,27.49,-1.15,-4.1833,459881.92,1230336.812
300383.SZ,2020-05-21,26.59,26.75,25.78,25.93,26.34,-0.41,-1.5566,326199.13,856551.177
300383.SZ,2020-05-22,26.11,26.26,25.3,25.35,25.93,-0.58,-2.2368,340592.59,876310.102
300383.SZ,2020-05-25,25.71,25.8,25.12,25.56,25.35,0.21,0.8284,225107.16,574149.969
300383.SZ,2020-05-26,25.77,26.05,25.51,25.86,25.56,0.3,1.1737,359502.7,928607.086
300383.SZ,2020-05-27,25.98,26.04,24.8,24.96,25.86,-0.9,-3.4803,434022.83,1091496.602
300383.SZ,2020-05-28,25.05,25.42,24.71,25.19,24.96,0.23,0.9215,323523.0,810965.132
300383.SZ,2020-05-29,25.01,25.28,24.65,24.9,25.19,-0.29,-1.1513,323492.52,806086.182
300383.SZ,2020-06-01,25.1,26.25,25.09,25.81,24.9,0.91,3.6546,572631.64,1473884.564
300383.SZ,2020-06-02,25.89,25.96,25.5,25.94,25.81,0.13,0.5037,339386.7,873918.4
300383.SZ,2020-06-03,26.08,26.08,25.58,25.59,25.94,-0.35,-1.3493,330151.07,851134.144
300383.SZ,2020-06-04,25.53,25.65,24.65,24.8,25.59,-0.79,-3.0871,474322.63,1186463.962
300383.SZ,2020-06-05,24.84,25.28,24.66,25.08,24.8,0.28,1.129,311242.47,776264.176
300383.SZ,2020-06-08,25.28,25.7,25.08,25.19,25.08,0.11,0.4386,272578.61,690563.343
300383.SZ,2020-06-09,25.22,25.39,24.8,24.94,25.19,-0.25,-0.9925,284632.57,711781.888
300383.SZ,2020-06-10,24.98,25.32,24.83,25.16,24.94,0.22,0.8821,288098.63,721282.701
300383.SZ,2020-06-11,25.12,26.27,24.89,25.75,25.16,0.59,2.345,670804.65,1722907.213
300383.SZ,2020-06-12,25.12,25.45,24.87,25.23,25.75,-0.52,-2.0194,570641.12,1434383.898
300383.SZ,2020-06-15,24.98,25.15,24.21,24.22,25.23,-1.01,-4.0032,532603.18,1315164.588
300383.SZ,2020-06-16,24.51,25.12,24.51,25.12,24.22,0.9,3.7159,402381.58,999793.53
300383.SZ,2020-06-17,25.18,25.25,24.68,24.99,25.12,-0.13,-0.5175,309880.7,771185.831
300383.SZ,2020-06-18,24.99,25.57,24.9,25.52,24.99,0.53,2.1208,397312.33,1007504.298
300383.SZ,2020-06-19,25.56,25.62,25.06,25.43,25.52,-0.09,-0.3527,445319.69,1127329.259
300383.SZ,2020-06-22,25.61,26.3,25.51,26.18,25.43,0.75,2.9493,575973.41,1499201.053
300383.SZ,2020-06-23,26.18,27.07,26.02,26.89,26.18,0.71,2.712,686138.8,1826660.535
300383.SZ,2020-06-24,26.89,26.9,26.38,26.53,26.89,-0.36,-1.3388,459321.55,1219953.698
300383.SZ,2020-06-29,26.25,26.44,25.61,25.87,26.53,-0.66,-2.4877,411329.19,1067985.854
300383.SZ,2020-06-30,26.1,26.37,25.92,26.07,25.87,0.2,0.7731,406497.5,1063009.348
300383.SZ,2020-07-01,26.1,26.8,25.77,26.55,26.07,0.48,1.8412,570080.74,1499668.509
300383.SZ,2020-07-02,26.26,26.39,25.86,26.37,26.55,-0.18,-0.678,553375.03,1447913.482
300383.SZ,2020-07-03,26.36,27.76,26.08,27.27,26.37,0.9,3.413,708800.88,1909038.222
300383.SZ,2020-07-06,27.37,28.49,27.32,28.16,27.27,0.89,3.2637,697806.66,1945052.864
300383.SZ,2020-07-07,28.5,29.28,28.01,28.01,28.16,-0.15,-0.5327,803315.66,2299041.492
300383.SZ,2020-07-08,28.43,29.34,28.25,29.26,28.01,1.25,4.4627,724410.37,2093387.065
300383.SZ,2020-07-09,29.71,30.6,29.2,30.14,29.26,0.88,3.0075,796080.69,2378834.615
300383.SZ,2020-07-10,29.88,31.37,29.55,30.6,30.14,0.46,1.5262,641327.86,1964177.36
300383.SZ,2020-07-13,30.96,31.48,30.35,31.48,30.6,0.88,2.8758,575886.22,1789512.663
300383.SZ,2020-07-14,31.2,31.2,28.68,29.18,31.48,-2.3,-7.3062,1035227.25,3078591.715
300383.SZ,2020-07-15,29.35,29.56,28.0,28.16,29.18,-1.02,-3.4955,734620.55,2107540.066
300383.SZ,2020-07-16,28.39,28.59,26.71,27.03,28.16,-1.13,-4.0128,612760.69,1699462.552
300383.SZ,2020-07-17,27.03,27.3,25.43,26.2,27.03,-0.83,-3.0707,829682.61,2183445.147
300383.SZ,2020-07-20,26.3,26.8,25.64,26.8,26.2,0.6,2.2901,491147.56,1290637.174
300383.SZ,2020-07-21,26.85,27.25,26.51,27.03,26.8,0.23,0.8582,396987.83,1067893.749
300383.SZ,2020-07-22,27.1,27.6,26.72,27.13,27.03,0.1,0.37,459508.9,1252021.312
300383.SZ,2020-07-23,26.8,27.47,26.23,26.9,27.13,-0.23,-0.8478,445462.12,1192157.339
300383.SZ,2020-07-24,26.72,27.15,25.01,25.16,26.9,-1.74,-6.4684,500561.7,1297500.167
300383.SZ,2020-07-27,25.25,25.54,24.87,25.18,25.16,0.02,0.0795,274464.25,690542.783
300383.SZ,2020-07-28,25.45,25.79,25.18,25.5,25.18,0.32,1.2708,236305.92,601144.762
300383.SZ,2020-07-29,25.51,26.3,25.32,26.26,25.5,0.76,2.9804,279065.77,723549.385
300383.SZ,2020-07-30,26.27,26.32,25.78,25.81,26.26,-0.45,-1.7136,231448.75,600282.293
300383.SZ,2020-07-31,25.8,26.54,25.76,26.11,25.81,0.3,1.1623,281293.27,735030.653
300383.SZ,2020-08-03,26.68,27.45,26.6,27.34,26.11,1.23,4.7108,463927.29,1258047.946
300383.SZ,2020-08-04,27.55,27.73,26.9,27.34,27.34,0.0,0.0,377634.8,1028438.188
300383.SZ,2020-08-05,27.55,27.6,27.1,27.32,27.34,-0.02,-0.0732,329597.06,899869.598
300383.SZ,2020-08-06,27.3,27.3,26.4,26.72,27.32,-0.6,-2.1962,396670.36,1059143.26
300383.SZ,2020-08-07,26.65,26.68,25.3,25.8,26.72,-0.92,-3.4431,374641.57,971118.456
300383.SZ,2020-08-10,25.8,26.35,25.66,26.12,25.8,0.32,1.2403,236814.97,617379.847
300383.SZ,2020-08-11,26.2,26.21,25.41,25.45,26.12,-0.67,-2.5651,260731.19,672223.898
300383.SZ,2020-08-12,25.45,25.57,24.76,25.26,25.45,-0.19,-0.7466,266258.86,667087.91
300383.SZ,2020-08-13,25.51,25.72,25.28,25.59,25.26,0.33,1.3064,184218.65,470289.8
300383.SZ,2020-08-14,25.6,25.86,25.41,25.86,25.59,0.27,1.0551,167058.38,429176.436
300383.SZ,2020-08-17,26.0,26.17,25.58,26.11,25.86,0.25,0.9667,215638.87,560058.716
300383.SZ,2020-08-18,26.15,26.15,25.75,25.88,26.11,-0.23,-0.8809,182889.58,473414.905
300383.SZ,2020-08-19,25.82,25.85,25.03,25.07,25.88,-0.81,-3.1298,223994.85,568167.44
300383.SZ,2020-08-20,25.0,25.75,24.76,25.42,25.07,0.35,1.3961,310305.18,787759.038
300383.SZ,2020-08-21,25.85,26.87,25.8,26.37,25.42,0.95,3.7372,524682.6,1383929.095
300383.SZ,2020-08-24,26.95,27.45,26.42,27.28,26.37,0.91,3.4509,541752.35,1466168.704
300383.SZ,2020-08-25,27.29,27.34,26.72,27.0,27.28,-0.28,-1.0264,347997.17,940519.262
300383.SZ,2020-08-26,27.0,27.05,25.94,26.12,27.0,-0.88,-3.2593,317573.41,840188.166
300383.SZ,2020-08-27,26.14,26.55,25.87,26.54,26.12,0.42,1.608,208094.73,547483.041
300383.SZ,2020-08-28,26.4,26.45,25.51,26.34,26.54,-0.2,-0.7536,311349.92,807958.04
300383.SZ,2020-08-31,26.46,26.75,26.23,26.36,26.34,0.02,0.0759,229444.36,609115.614
300383.SZ,2020-09-01,26.37,26.5,25.58,26.06,26.36,-0.3,-1.1381,229887.02,595744.272
300383.SZ,2020-09-02,26.06,26.29,25.54,26.19,26.06,0.13,0.4988,273146.56,706081.442
300383.SZ,2020-09-03,26.19,26.19,25.59,25.73,26.19,-0.46,-1.7564,179198.52,461924.561
300383.SZ,2020-09-04,25.3,25.85,25.16,25.8,25.73,0.07,0.2721,168890.2,432191.484
300383.SZ,2020-09-07,25.9,26.22,25.2,25.3,25.8,-0.5,-1.938,235563.53,606906.586
300383.SZ,2020-09-08,25.4,25.54,24.9,25.47,25.3,0.17,0.6719,188993.49,477297.972
300383.SZ,2020-09-09,25.19,25.19,24.25,24.26,25.47,-1.21,-4.7507,277651.14,685260.333
300383.SZ,2020-09-10,24.5,24.57,22.9,22.91,24.26,-1.35,-5.5647,389123.32,917119.778
300383.SZ,2020-09-11,22.87,23.28,22.53,23.11,22.91,0.2,0.873,261728.45,599104.713
300383.SZ,2020-09-14,23.17,23.57,23.08,23.39,23.11,0.28,1.2116,187597.13,438165.286
300383.SZ,2020-09-15,23.45,23.45,23.09,23.23,23.39,-0.16,-0.6841,140659.04,326629.505
300383.SZ,2020-09-16,23.21,23.3,22.69,22.82,23.23,-0.41,-1.765,184081.78,421079.374
300383.SZ,2020-09-17,22.8,23.97,22.68,23.7,22.82,0.88,3.8563,361560.18,853628.531
300383.SZ,2020-09-18,23.72,24.38,23.56,24.1,23.7,0.4,1.6878,288928.54,694631.149
300383.SZ,2020-09-21,24.08,24.3,23.85,23.9,24.1,-0.2,-0.8299,176505.42,424042.892
300383.SZ,2020-09-22,23.65,23.95,23.4,23.5,23.9,-0.4,-1.6736,132224.69,312859.801
300383.SZ,2020-09-23,23.68,23.83,23.26,23.65,23.5,0.15,0.6383,126795.17,298257.189
300383.SZ,2020-09-24,23.44,23.48,22.9,22.92,23.65,-0.73,-3.0867,156086.36,361000.911
300383.SZ,2020-09-25,23.03,23.13,22.39,22.66,22.92,-0.26,-1.1344,162898.35,369361.013
300383.SZ,2020-09-28,22.74,22.81,22.15,22.15,22.66,-0.51,-2.2507,132635.37,298235.044
300383.SZ,2020-09-29,22.3,22.69,22.25,22.45,22.15,0.3,1.3544,137499.06,309301.823
300383.SZ,2020-09-30,22.67,22.67,22.2,22.36,22.45,-0.09,-0.4009,133528.52,299229.873
300383.SZ,2020-10-09,22.7,23.06,22.68,22.83,22.36,0.47,2.102,219435.19,501548.906
300383.SZ,2020-10-12,23.01,24.07,23.01,23.98,22.83,1.15,5.0372,287750.14,681526.482
300383.SZ,2020-10-13,23.9,24.23,23.72,24.06,23.98,0.08,0.3336,195965.02,470347.011
300383.SZ,2020-10-14,23.83,23.99,23.57,23.67,24.06,-0.39,-1.6209,187549.34,443918.867
300383.SZ,2020-10-15,23.58,23.93,23.44,23.7,23.67,0.03,0.1267,144034.08,341935.182
300383.SZ,2020-10-16,23.71,24.23,23.6,23.8,23.7,0.1,0.4219,212861.49,509240.623
300383.SZ,2020-10-19,23.99,24.07,23.4,23.41,23.8,-0.39,-1.6387,135005.03,319370.552
300383.SZ,2020-10-20,23.41,23.5,22.85,23.15,23.41,-0.26,-1.1106,163597.43,377260.636
300383.SZ,2020-10-21,23.25,23.26,22.5,22.72,23.15,-0.43,-1.8575,160052.78,364668.251
300383.SZ,2020-10-22,22.7,22.94,22.5,22.76,22.72,0.04,0.1761,96588.01,220199.479
300383.SZ,2020-10-23,22.77,22.95,22.5,22.51,22.76,-0.25,-1.0984,90872.83,206161.001
300383.SZ,2020-10-26,22.4,22.75,22.3,22.7,22.51,0.19,0.8441,88026.08,198675.033
300383.SZ,2020-10-27,22.5,22.93,22.5,22.9,22.7,0.2,0.8811,97742.74,222452.495
300383.SZ,2020-10-28,22.67,22.68,19.97,20.55,22.9,-2.35,-10.262,587365.47,1237619.638
300383.SZ,2020-10-29,20.2,20.37,19.65,20.01,20.55,-0.54,-2.6277,451218.91,901372.203
300383.SZ,2020-10-30,19.87,20.24,19.02,19.11,20.01,-0.9,-4.4978,474007.3,922086.025
300383.SZ,2020-11-02,18.96,19.18,18.55,18.9,19.11,-0.21,-1.0989,318346.97,599281.404
300383.SZ,2020-11-03,19.0,19.59,18.9,19.23,18.9,0.33,1.746,330357.48,635885.004
300383.SZ,2020-11-04,19.33,19.37,18.88,18.97,19.23,-0.26,-1.3521,204160.17,388238.134
300383.SZ,2020-11-05,19.18,19.61,19.17,19.34,18.97,0.37,1.9504,513651.13,994561.453
300383.SZ,2020-11-06,19.36,19.43,18.83,18.89,19.34,-0.45,-2.3268,347005.18,661357.634
300383.SZ,2020-11-09,19.02,20.19,19.02,20.19,18.89,1.3,6.8819,599145.78,1183310.419
300383.SZ,2020-11-10,20.29,20.55,19.61,20.11,20.19,-0.08,-0.3962,418556.14,843564.805
300383.SZ,2020-11-11,19.99,20.24,19.73,19.76,20.11,-0.35,-1.7404,268957.61,536351.121
300383.SZ,2020-11-12,20.2,20.36,19.48,19.55,19.76,-0.21,-1.0628,302216.38,598081.812
300383.SZ,2020-11-13,19.31,19.95,19.11,19.81,19.55,0.26,1.3299,230971.51,453463.172
300383.SZ,2020-11-16,19.89,20.02,19.62,19.82,19.81,0.01,0.0505,185512.16,367092.786
300383.SZ,2020-11-17,19.76,19.86,19.27,19.66,19.82,-0.16,-0.8073,205376.89,400044.717
300383.SZ,2020-11-18,19.6,19.74,19.32,19.4,19.66,-0.26,-1.3225,172486.88,335643.191
300383.SZ,2020-11-19,19.28,19.29,18.84,18.94,19.4,-0.46,-2.3711,360477.12,686367.039
300383.SZ,2020-11-20,18.94,19.15,18.61,19.06,18.94,0.12,0.6336,261066.46,493424.322
300383.SZ,2020-11-23,19.0,19.29,18.72,19.03,19.06,-0.03,-0.1574,242138.37,459182.964
300383.SZ,2020-11-24,19.0,19.44,18.96,19.12,19.03,0.09,0.4729,230900.24,445090.096
300383.SZ,2020-11-25,19.22,19.39,18.92,19.05,19.12,-0.07,-0.3661,196033.25,375245.124
300383.SZ,2020-11-26,19.11,19.2,18.88,18.91,19.05,-0.14,-0.7349,145922.67,277470.199
300383.SZ,2020-11-27,18.91,19.04,18.61,18.83,18.91,-0.08,-0.4231,165440.4,310805.777
300383.SZ,2020-11-30,18.77,19.1,18.58,19.1,18.83,0.27,1.4339,193291.78,365244.4
300383.SZ,2020-12-01,19.0,19.64,18.91,19.55,19.1,0.45,2.356,315284.22,610552.293
300383.SZ,2020-12-02,19.59,19.62,19.36,19.46,19.55,-0.09,-0.4604,197390.43,384215.2
300383.SZ,2020-12-03,19.58,19.66,19.41,19.45,19.46,-0.01,-0.0514,200160.68,391195.889
300383.SZ,2020-12-04,19.4,19.46,19.1,19.16,19.45,-0.29,-1.491,200973.67,386138.266
300383.SZ,2020-12-07,19.14,19.33,18.95,18.97,19.16,-0.19,-0.9916,168456.77,322557.534
300383.SZ,2020-12-08,18.96,19.05,18.83,18.86,18.97,-0.11,-0.5799,129249.15,244685.264
300383.SZ,2020-12-09,18.81,19.16,18.58,18.99,18.86,0.13,0.6893,231278.92,436490.501
300383.SZ,2020-12-10,18.89,19.49,18.72,19.25,18.99,0.26,1.3691,279107.96,535929.378
300383.SZ,2020-12-11,19.25,19.46,18.82,19.44,19.25,0.19,0.987,341651.5,653485.565
300383.SZ,2020-12-14,19.45,19.68,19.16,19.6,19.44,0.16,0.823,268991.56,523035.963
300383.SZ,2020-12-15,19.68,19.72,19.32,19.35,19.6,-0.25,-1.2755,179988.08,351020.087
300383.SZ,2020-12-16,19.3,19.3,18.72,18.82,19.35,-0.53,-2.739,187913.3,356228.371
300383.SZ,2020-12-17,18.86,18.98,18.67,18.9,18.82,0.08,0.4251,154483.72,291048.44
300383.SZ,2020-12-18,18.99,19.03,18.59,18.71,18.9,-0.19,-1.0053,171950.18,322499.927
300383.SZ,2020-12-21,18.69,18.69,16.93,17.07,18.71,-1.64,-8.7654,650690.64,1134142.286
300383.SZ,2020-12-22,16.93,17.07,16.54,16.55,17.07,-0.52,-3.0463,357504.22,598168.955
300383.SZ,2020-12-23,16.6,16.8,16.24,16.75,16.55,0.2,1.2085,300086.72,495920.289
300383.SZ,2020-12-24,16.71,16.75,16.26,16.38,16.75,-0.37,-2.209,172643.54,284917.813
300383.SZ,2020-12-25,16.29,16.44,16.18,16.21,16.38,-0.17,-1.0379,154136.21,250894.117
300383.SZ,2020-12-28,16.21,16.42,15.81,15.98,16.21,-0.23,-1.4189,187655.24,301323.671
300383.SZ,2020-12-29,16.1,17.16,16.1,16.75,15.98,0.77,4.8185,332523.97,556163.095
300383.SZ,2020-12-30,16.73,16.94,16.25,16.81,16.75,0.06,0.3582,226503.49,378134.43
300383.SZ,2020-12-31,16.83,17.38,16.71,17.17,16.81,0.36,2.1416,218224.74,374038.672
300383.SZ,2021-01-04,17.23,17.54,17.17,17.36,17.17,0.19,1.1066,215954.8,375278.869
300383.SZ,2021-01-05,17.36,17.6,17.2,17.45,17.36,0.09,0.5184,215997.3,375884.704
300383.SZ,2021-01-06,17.58,17.58,16.93,17.13,17.45,-0.32,-1.8338,226275.85,387938.627
300383.SZ,2021-01-07,17.1,17.11,16.51,16.78,17.13,-0.35,-2.0432,230797.61,387825.277
300383.SZ,2021-01-08,16.81,17.91,16.67,17.65,16.78,0.87,5.1847,335763.13,588563.592
300383.SZ,2021-01-11,17.8,18.33,17.51,17.83,17.65,0.18,1.0198,309411.25,557135.186
300383.SZ,2021-01-12,17.88,18.0,17.54,17.97,17.83,0.14,0.7852,210590.03,373794.593
300383.SZ,2021-01-13,17.89,18.05,17.3,17.78,17.97,-0.19,-1.0573,248819.22,440355.152
300383.SZ,2021-01-14,17.9,18.55,17.71,18.45,17.78,0.67,3.7683,338722.79,617330.296
300383.SZ,2021-01-15,18.39,18.39,17.68,17.87,18.45,-0.58,-3.1436,253909.25,456997.781
300383.SZ,2021-01-18,17.72,18.16,17.6,17.87,17.87,0.0,0.0,182906.71,328086.892
300383.SZ,2021-01-19,18.02,18.35,17.54,17.8,17.87,-0.07,-0.3917,209679.27,376775.609
300383.SZ,2021-01-20,17.69,17.76,17.4,17.5,17.8,-0.3,-1.6854,161105.74,282867.646
300383.SZ,2021-01-21,17.65,17.98,17.49,17.86,17.5,0.36,2.0571,200609.7,356791.66
300383.SZ,2021-01-22,18.0,18.0,17.18,17.28,17.86,-0.58,-3.2475,214618.66,375078.892
300383.SZ,2021-01-25,17.0,17.02,16.41,16.66,17.28,-0.62,-3.588,263135.15,440362.234
300383.SZ,2021-01-26,16.6,16.96,16.59,16.67,16.66,0.01,0.06,151479.84,254295.835
300383.SZ,2021-01-27,16.83,18.16,16.67,17.68,16.67,1.01,6.0588,352174.66,615298.424
300383.SZ,2021-01-28,17.58,17.77,17.26,17.38,17.68,-0.3,-1.6968,231305.21,405216.058
300383.SZ,2021-01-29,17.58,17.6,16.22,16.4,17.38,-0.98,-5.6387,305969.81,510963.702
300383.SZ,2021-02-01,16.52,17.09,16.31,16.81,16.4,0.41,2.5,220137.87,367998.821
300383.SZ,2021-02-02,16.76,18.09,16.7,17.95,16.81,1.14,6.7817,416908.42,736580.183
300383.SZ,2021-02-03,17.77,18.16,17.6,17.69,17.95,-0.26,-1.4485,264820.19,473430.576
300383.SZ,2021-02-04,17.71,18.75,17.44,18.4,17.69,0.71,4.0136,492751.57,895791.32
300383.SZ,2021-02-05,18.47,19.08,18.15,18.42,18.4,0.02,0.1087,459909.64,854684.529
300383.SZ,2021-02-08,18.36,18.48,17.9,18.26,18.42,-0.16,-0.8686,264951.77,483243.545
300383.SZ,2021-02-09,18.29,18.7,18.06,18.34,18.26,0.08,0.4381,289121.7,529560.336
300383.SZ,2021-02-10,18.26,18.42,17.96,18.0,18.34,-0.34,-1.8539,255547.01,462324.944
300383.SZ,2021-02-18,18.32,19.37,18.25,19.18,18.0,1.18,6.5556,470408.49,892755.101
300383.SZ,2021-02-19,19.2,19.83,18.91,19.76,19.18,0.58,3.024,423625.43,826369.853
300383.SZ,2021-02-22,19.8,20.1,19.37,19.37,19.76,-0.39,-1.9737,417463.1,822405.16
300383.SZ,2021-02-23,19.12,19.84,19.05,19.4,19.37,0.03,0.1549,261396.06,508662.206
300383.SZ,2021-02-24,19.4,19.88,19.21,19.58,19.4,0.18,0.9278,280501.53,550232.718
300383.SZ,2021-02-25,19.8,20.35,19.6,20.1,19.58,0.52,2.6558,363876.37,728347.614
300383.SZ,2021-02-26,19.73,19.99,19.04,19.04,20.1,-1.06,-5.2736,353573.63,687274.213
300383.SZ,2021-03-01,19.3,19.4,18.83,19.35,19.04,0.31,1.6282,239522.24,458510.132
300383.SZ,2021-03-02,19.35,19.73,19.17,19.59,19.35,0.24,1.2403,243523.92,474040.845
300383.SZ,2021-03-03,19.46,19.46,19.08,19.13,19.59,-0.46,-2.3481,228354.46,439143.786
300383.SZ,2021-03-04,19.0,19.01,18.34,18.42,19.13,-0.71,-3.7114,306101.49,569610.54
300383.SZ,2021-03-05,18.27,18.79,18.18,18.45,18.42,0.03,0.1629,150845.91,279875.693
300383.SZ,2021-03-08,18.48,19.29,18.48,18.77,18.45,0.32,1.7344,291118.33,552705.815
300383.SZ,2021-03-09,18.73,19.18,17.69,18.55,18.77,-0.22,-1.1721,299045.73,557024.23
300383.SZ,2021-03-10,18.9,18.95,17.79,17.8,18.55,-0.75,-4.0431,266124.63,481811.826
300383.SZ,2021-03-11,18.01,19.37,17.73,19.0,17.8,1.2,6.7416,375191.13,704671.894
300383.SZ,2021-03-12,18.88,19.38,18.66,19.25,19.0,0.25,1.3158,299789.62,572625.255
300383.SZ,2021-03-15,19.2,19.26,18.03,18.35,19.25,-0.9,-4.6753,362279.79,672053.167
300383.SZ,2021-03-16,18.36,18.57,18.19,18.45,18.35,0.1,0.545,155895.6,286493.197
300383.SZ,2021-03-17,18.46,18.49,18.05,18.17,18.45,-0.28,-1.5176,171611.04,311548.0
300383.SZ,2021-03-18,18.23,18.23,17.8,17.95,18.17,-0.22,-1.2108,178996.68,321166.54
300383.SZ,2021-03-19,17.78,17.91,17.31,17.46,17.95,-0.49,-2.7298,207323.48,364395.476
300383.SZ,2021-03-22,17.4,17.79,17.4,17.61,17.46,0.15,0.8591,116278.67,204969.107
300383.SZ,2021-03-23,17.68,17.81,17.41,17.71,17.61,0.1,0.5679,109305.91,192581.611
300383.SZ,2021-03-24,17.57,17.84,17.5,17.71,17.71,0.0,0.0,108808.32,192700.856
300383.SZ,2021-03-25,17.69,17.74,17.07,17.18,17.71,-0.53,-2.9927,146133.37,253146.901
300383.SZ,2021-03-26,17.31,17.46,17.14,17.3,17.18,0.12,0.6985,105560.08,182636.481
300383.SZ,2021-03-29,17.25,17.42,17.0,17.15,17.3,-0.15,-0.8671,125243.02,214902.645
300383.SZ,2021-03-30,17.12,17.19,16.9,16.98,17.15,-0.17,-0.9913,115720.13,196507.23
300383.SZ,2021-03-31,16.98,17.4,16.96,17.17,16.98,0.19,1.119,104220.27,179452.935
300383.SZ,2021-04-01,17.25,17.28,17.02,17.18,17.17,0.01,0.0582,81058.11,139246.218
300383.SZ,2021-04-02,17.21,17.53,17.2,17.45,17.18,0.27,1.5716,115817.95,201525.274
300383.SZ,2021-04-06,17.45,17.59,17.25,17.55,17.45,0.1,0.5731,88093.02,153655.349
300383.SZ,2021-04-07,17.74,17.8,17.41,17.55,17.55,0.0,0.0,111697.54,196480.805
300383.SZ,2021-04-08,17.56,17.76,17.23,17.24,17.55,-0.31,-1.7664,108811.33,189983.323
300383.SZ,2021-04-09,17.24,17.38,16.99,17.02,17.24,-0.22,-1.2761,109309.48,187194.133
300383.SZ,2021-04-12,16.95,17.08,16.8,16.86,17.02,-0.16,-0.9401,87429.14,147750.391
300383.SZ,2021-04-13,17.03,17.23,16.83,16.89,16.86,0.03,0.1779,81116.44,138230.001
300383.SZ,2021-04-14,16.8,17.08,16.72,17.0,16.89,0.11,0.6513,63332.73,107247.059
300383.SZ,2021-04-15,16.93,17.09,16.81,17.03,17.0,0.03,0.1765,65123.67,110217.72
300383.SZ,2021-04-16,17.02,17.3,17.0,17.23,17.03,0.2,1.1744,85200.35,146433.902
300383.SZ,2021-04-19,17.2,17.5,17.18,17.46,17.23,0.23,1.3349,121497.45,211120.98
300383.SZ,2021-04-20,17.39,17.59,17.33,17.51,17.46,0.05,0.2864,125170.87,218527.121
300383.SZ,2021-04-21,16.76,17.09,16.65,16.74,17.51,-0.77,-4.3975,259503.81,436485.146
300383.SZ,2021-04-22,16.8,16.83,16.4,16.53,16.74,-0.21,-1.2545,187762.39,310912.572
300383.SZ,2021-04-23,16.61,16.61,16.26,16.32,16.53,-0.21,-1.2704,133474.74,218536.245
300383.SZ,2021-04-26,16.3,16.56,16.13,16.27,16.32,-0.05,-0.3064,137482.91,224390.328
300383.SZ,2021-04-27,16.19,16.24,15.81,15.84,16.27,-0.43,-2.6429,166038.17,264731.938
300383.SZ,2021-04-28,15.23,15.28,13.85,14.17,15.84,-1.67,-10.5429,602812.94,872121.068
300383.SZ,2021-04-29,14.25,14.93,14.25,14.27,14.17,0.1,0.7057,247641.17,358552.633
300383.SZ,2021-04-30,14.32,14.36,14.02,14.1,14.27,-0.17,-1.1913,145416.24,205717.047
300383.SZ,2021-05-06,14.04,14.3,14.0,14.16,14.1,0.06,0.4255,100443.79,142373.475
300383.SZ,2021-05-07,14.16,14.43,14.16,14.26,14.16,0.1,0.7062,114668.35,163911.772
300383.SZ,2021-05-10,14.27,14.27,13.68,13.86,14.26,-0.4,-2.805,213356.09,296509.513
300383.SZ,2021-05-11,13.72,13.97,13.54,13.97,13.86,0.11,0.7937,136839.4,188024.385
300383.SZ,2021-05-12,13.85,14.48,13.76,14.37,13.97,0.4,2.8633,180698.42,257229.687
300383.SZ,2021-05-13,14.29,14.7,14.22,14.26,14.37,-0.11,-0.7655,144496.4,208576.381
300383.SZ,2021-05-14,14.25,14.46,14.2,14.37,14.26,0.11,0.7714,125796.47,180338.529
300383.SZ,2021-05-17,14.33,14.58,14.27,14.36,14.37,-0.01,-0.0696,127077.26,183083.847
300383.SZ,2021-05-18,14.4,14.51,14.27,14.45,14.36,0.09,0.6267,100838.27,145273.301
300383.SZ,2021-05-19,14.4,14.48,14.15,14.24,14.45,-0.21,-1.4533,111378.46,159091.389
300383.SZ,2021-05-20,14.39,14.85,14.3,14.58,14.24,0.34,2.3876,192046.41,280658.234
300383.SZ,2021-05-21,14.57,14.6,14.3,14.33,14.58,-0.25,-1.7147,111388.65,160401.225
300383.SZ,2021-05-24,14.28,14.57,14.07,14.48,14.33,0.15,1.0468,123736.01,177136.0
300383.SZ,2021-05-25,14.43,14.74,14.33,14.67,14.46,0.21,1.4523,152710.01,223665.66
300383.SZ,2021-05-26,14.71,15.2,14.66,14.92,14.67,0.25,1.7042,222935.82,335056.261
300383.SZ,2021-05-27,15.0,15.24,14.96,15.14,14.92,0.22,1.4745,173522.58,262233.016
300383.SZ,2021-05-28,15.19,15.2,14.88,15.03,15.14,-0.11,-0.7266,134924.94,202935.82
300383.SZ,2021-05-31,15.03,15.4,15.03,15.37,15.03,0.34,2.2621,179410.77,273996.415
300383.SZ,2021-06-01,15.37,15.48,15.21,15.38,15.37,0.01,0.0651,143137.52,219586.123
300383.SZ,2021-06-02,15.38,15.38,14.91,14.97,15.38,-0.41,-2.6658,147980.06,223562.677
300383.SZ,2021-06-03,14.95,15.2,14.9,14.92,14.97,-0.05,-0.334,124978.47,188284.913
300383.SZ,2021-06-04,14.85,15.14,14.84,14.95,14.92,0.03,0.2011,94622.31,141515.486
300383.SZ,2021-06-07,15.0,15.31,14.93,15.3,14.95,0.35,2.3411,136643.73,207679.262
300383.SZ,2021-06-08,15.36,15.43,15.16,15.31,15.3,0.01,0.0654,132899.43,203617.413
300383.SZ,2021-06-09,15.35,15.46,15.2,15.34,15.31,0.03,0.196,110214.34,168771.8
300383.SZ,2021-06-10,15.38,15.79,15.31,15.76,15.34,0.42,2.7379,235406.36,367826.942
300383.SZ,2021-06-11,15.9,16.0,15.31,15.33,15.76,-0.43,-2.7284,261185.93,407013.931
300383.SZ,2021-06-15,15.39,15.39,14.98,15.03,15.33,-0.3,-1.9569,165598.88,250290.849
300383.SZ,2021-06-16,15.02,15.39,14.98,15.09,15.03,0.06,0.3992,144310.51,219297.29
300383.SZ,2021-06-17,15.05,15.51,14.9,15.36,15.09,0.27,1.7893,170548.73,258933.719
300383.SZ,2021-06-18,15.38,15.38,15.15,15.2,15.36,-0.16,-1.0417,121304.12,184902.888
300383.SZ,2021-06-21,15.1,15.25,14.95,14.99,15.2,-0.21,-1.3816,153849.75,231592.832
300383.SZ,2021-06-22,15.02,15.59,14.83,15.35,14.99,0.36,2.4016,234943.73,356929.874
300383.SZ,2021-06-23,15.21,15.25,15.05,15.15,15.35,-0.2,-1.3029,167868.19,254095.263
300383.SZ,2021-06-24,15.17,15.24,14.97,15.0,15.15,-0.15,-0.9901,144328.36,217337.333
300383.SZ,2021-06-25,15.02,15.05,14.59,14.66,15.0,-0.34,-2.2667,206607.07,304463.641
300383.SZ,2021-06-28,14.76,14.77,14.45,14.51,14.66,-0.15,-1.0232,144826.6,210243.153
300383.SZ,2021-06-29,14.55,14.72,14.29,14.32,14.51,-0.19,-1.3094,139777.95,202384.425
300383.SZ,2021-06-30,14.35,14.53,14.29,14.39,14.32,0.07,0.4888,107020.88,153977.322
300383.SZ,2021-07-01,14.42,14.43,14.02,14.05,14.39,-0.34,-2.3628,147164.4,208662.788
300383.SZ,2021-07-02,14.08,14.25,13.95,14.05,14.05,0.0,0.0,107326.41,151221.787
300383.SZ,2021-07-05,14.12,14.34,14.07,14.31,14.05,0.26,1.8505,114251.74,162265.522
300383.SZ,2021-07-06,14.3,14.39,14.2,14.31,14.31,0.0,0.0,98523.1,140914.169
300383.SZ,2021-07-07,14.28,14.28,14.02,14.08,14.31,-0.23,-1.6073,152665.95,215124.175
300383.SZ,2021-07-08,14.09,14.12,13.81,13.91,14.08,-0.17,-1.2074,150443.07,209347.266
300383.SZ,2021-07-09,13.9,14.46,13.84,14.33,13.91,0.42,3.0194,192812.41,273581.704
300383.SZ,2021-07-12,14.39,14.86,14.28,14.69,14.33,0.36,2.5122,250825.04,367183.296
300383.SZ,2021-07-13,14.74,14.9,14.51,14.7,14.69,0.01,0.0681,167619.3,246122.496
300383.SZ,2021-07-14,14.77,15.49,14.77,15.22,14.7,0.52,3.5374,419118.81,640091.885
300383.SZ,2021-07-15,15.29,15.56,15.02,15.26,15.22,0.04,0.2628,260447.09,396561.946
300383.SZ,2021-07-16,15.16,15.21,14.83,14.84,15.26,-0.42,-2.7523,233738.26,349793.627
300383.SZ,2021-07-19,14.78,15.76,14.54,15.59,14.84,0.75,5.0539,394488.66,605798.493
300383.SZ,2021-07-20,15.4,15.78,15.37,15.61,15.59,0.02,0.1283,262015.13,407335.155
300383.SZ,2021-07-21,15.6,15.75,15.38,15.49,15.61,-0.12,-0.7687,191235.64,296641.326
300383.SZ,2021-07-22,15.48,15.67,15.21,15.39,15.49,-0.1,-0.6456,190661.62,293386.236
300383.SZ,2021-07-23,15.39,15.42,14.85,14.89,15.39,-0.5,-3.2489,234881.18,353500.516
300383.SZ,2021-07-26,14.78,15.06,14.21,14.33,14.89,-0.56,-3.7609,239516.54,349758.367
300383.SZ,2021-07-27,14.48,15.48,14.33,15.0,14.33,0.67,4.6755,378708.37,568100.144
300383.SZ,2021-07-28,14.91,15.45,14.58,15.01,15.0,0.01,0.0667,349044.28,527274.941
300383.SZ,2021-07-29,15.27,15.37,14.84,15.31,15.01,0.3,1.9987,352456.34,532731.607
300383.SZ,2021-07-30,15.18,16.2,15.1,16.15,15.31,0.84,5.4866,661488.95,1049370.581
300383.SZ,2021-08-02,16.15,16.41,15.85,16.2,16.15,0.05,0.3096,466695.7,751383.343
300383.SZ,2021-08-03,16.18,16.85,15.87,15.93,16.2,-0.27,-1.6667,451768.38,737654.639
300383.SZ,2021-08-04,15.85,16.32,15.73,16.02,15.93,0.09,0.565,380702.8,609671.514
300383.SZ,2021-08-05,15.86,15.95,15.5,15.53,16.02,-0.49,-3.0587,292882.76,458996.476
300383.SZ,2021-08-06,15.59,15.85,15.45,15.77,15.53,0.24,1.5454,219874.27,345474.781
300383.SZ,2021-08-09,15.76,16.45,15.52,16.27,15.77,0.5,3.1706,406271.52,652434.112
300383.SZ,2021-08-10,16.16,16.43,16.06,16.27,16.27,0.0,0.0,263363.22,427515.64
300383.SZ,2021-08-11,16.19,16.23,15.8,15.96,16.27,-0.31,-1.9053,266681.44,425426.075
300383.SZ,2021-08-12,15.79,16.09,15.66,15.79,15.96,-0.17,-1.0652,192152.8,304612.815
300383.SZ,2021-08-13,15.8,16.02,15.61,15.71,15.79,-0.08,-0.5066,187334.25,296248.912
300383.SZ,2021-08-16,15.66,15.66,15.32,15.34,15.71,-0.37,-2.3552,202173.07,312396.848
300383.SZ,2021-08-17,15.31,15.53,15.11,15.29,15.34,-0.05,-0.3259,214253.98,327647.66
300383.SZ,2021-08-18,15.21,15.34,14.88,15.0,15.29,-0.29,-1.8967,213530.86,322046.624
300383.SZ,2021-08-19,14.88,15.58,14.87,15.35,15.0,0.35,2.3333,256738.69,394351.647
300383.SZ,2021-08-20,15.16,15.16,14.56,14.72,15.35,-0.63,-4.1042,275123.43,407016.746
300383.SZ,2021-08-23,14.72,14.95,14.7,14.78,14.72,0.06,0.4076,164390.23,243268.312
300383.SZ,2021-08-24,14.67,14.89,14.31,14.88,14.78,0.1,0.6766,233386.88,340308.869
300383.SZ,2021-08-25,14.78,15.02,14.63,14.72,14.88,-0.16,-1.0753,156693.95,231691.293
300383.SZ,2021-08-26,14.5,14.75,14.3,14.31,14.72,-0.41,-2.7853,214981.33,310602.581
300383.SZ,2021-08-27,14.3,14.58,14.0,14.55,14.31,0.24,1.6771,229434.7,328018.098
300383.SZ,2021-08-30,14.65,14.79,14.22,14.27,14.55,-0.28,-1.9244,197459.83,285114.648
300383.SZ,2021-08-31,14.15,14.25,13.86,14.0,14.27,-0.27,-1.8921,203542.18,285164.912
300383.SZ,2021-09-01,14.0,14.38,13.87,14.23,14.0,0.23,1.6429,177316.8,251247.935
300383.SZ,2021-09-02,14.21,14.31,14.05,14.28,14.23,0.05,0.3514,129524.81,183373.543
300383.SZ,2021-09-03,14.3,14.56,14.29,14.36,14.28,0.08,0.5602,157478.34,227213.572
300383.SZ,2021-09-06,14.45,14.65,14.28,14.53,14.36,0.17,1.1838,147895.45,214362.62
300383.SZ,2021-09-07,14.62,14.62,14.39,14.45,14.53,-0.08,-0.5506,162759.63,235226.117
300383.SZ,2021-09-08,14.43,14.78,14.41,14.63,14.45,0.18,1.2457,228552.18,333755.714
300383.SZ,2021-09-09,14.6,14.65,14.33,14.39,14.63,-0.24,-1.6405,173625.88,250775.688
300383.SZ,2021-09-10,14.36,14.48,14.15,14.42,14.39,0.03,0.2085,174182.46,249743.058
300383.SZ,2021-09-13,14.33,14.39,14.21,14.26,14.42,-0.16,-1.1096,124881.67,178203.815
300383.SZ,2021-09-14,14.2,14.4,14.06,14.07,14.26,-0.19,-1.3324,143815.19,204612.249
300383.SZ,2021-09-15,14.05,14.22,13.94,14.02,14.07,-0.05,-0.3554,139430.89,196157.439
300383.SZ,2021-09-16,14.03,14.09,13.56,13.56,14.02,-0.46,-3.281,223023.84,307670.613
300383.SZ,2021-09-17,13.6,13.65,13.27,13.47,13.56,-0.09,-0.6637,155258.07,208734.246
300383.SZ,2021-09-22,13.34,13.57,13.3,13.44,13.47,-0.03,-0.2227,77016.75,103505.406
300383.SZ,2021-09-23,13.51,13.69,13.5,13.53,13.44,0.09,0.6696,107194.81,145486.605
300383.SZ,2021-09-24,13.55,13.66,13.31,13.38,13.53,-0.15,-1.1086,115682.97,155641.332
300383.SZ,2021-09-27,13.39,13.6,13.15,13.35,13.38,-0.03,-0.2242,117477.34,157361.181
300383.SZ,2021-09-28,13.26,13.36,13.17,13.23,13.35,-0.12,-0.8989,78260.77,103690.76
300383.SZ,2021-09-29,13.14,13.15,12.91,12.93,13.23,-0.3,-2.2676,142259.93,184610.357
300383.SZ,2021-09-30,12.9,13.02,12.81,12.87,12.93,-0.06,-0.464,111818.54,144271.698
300383.SZ,2021-10-08,12.99,13.24,12.95,13.11,12.87,0.24,1.8648,136201.23,178635.353
300383.SZ,2021-10-11,13.13,13.54,12.81,13.39,13.11,0.28,2.1358,177244.8,235633.993
300383.SZ,2021-10-12,13.37,13.45,13.19,13.31,13.39,-0.08,-0.5975,110456.0,146984.403
300383.SZ,2021-10-13,13.25,13.54,13.25,13.49,13.31,0.18,1.3524,111199.78,149744.846
300383.SZ,2021-10-14,13.4,13.6,13.25,13.41,13.49,-0.08,-0.593,104043.09,139541.568
300383.SZ,2021-10-15,13.44,13.71,13.31,13.46,13.41,0.05,0.3729,144926.58,196250.487
300383.SZ,2021-10-18,13.44,13.48,13.08,13.18,13.46,-0.28,-2.0802,125825.76,166022.893
300383.SZ,2021-10-19,13.26,13.37,13.16,13.34,13.18,0.16,1.214,103833.96,138018.676
300383.SZ,2021-10-20,13.54,13.79,13.43,13.45,13.34,0.11,0.8246,185859.36,253076.144
300383.SZ,2021-10-21,13.3,13.38,13.1,13.14,13.45,-0.31,-2.3048,122892.02,162303.318
300383.SZ,2021-10-22,13.11,13.23,13.1,13.12,13.14,-0.02,-0.1522,76744.34,100934.226
300383.SZ,2021-10-25,13.01,13.08,12.93,13.01,13.12,-0.11,-0.8384,90501.6,117489.42
300383.SZ,2021-10-26,13.15,13.63,13.12,13.35,13.01,0.34,2.6134,218351.14,292531.603
300383.SZ,2021-10-27,13.36,13.51,13.18,13.31,13.35,-0.04,-0.2996,131910.98,175484.113
300383.SZ,2021-10-28,13.18,13.36,12.84,12.88,13.31,-0.43,-3.2307,174620.96,226875.041
300383.SZ,2021-10-29,12.88,13.33,12.86,13.21,12.88,0.33,2.5621,156147.16,205083.067
300383.SZ,2021-11-01,13.16,13.36,13.08,13.34,13.21,0.13,0.9841,140254.63,186105.882
300383.SZ,2021-11-02,13.41,13.72,13.36,13.47,13.34,0.13,0.9745,232206.82,314269.544
300383.SZ,2021-11-03,13.45,13.84,13.45,13.61,13.47,0.14,1.0393,205351.79,281094.401
300383.SZ,2021-11-04,13.66,13.78,13.55,13.71,13.61,0.1,0.7348,159474.05,218400.105
300383.SZ,2021-11-05,13.72,14.04,13.66,13.9,13.71,0.19,1.3858,230999.16,321555.937
300383.SZ,2021-11-08,13.93,13.98,13.62,13.64,13.9,-0.26,-1.8705,162521.68,223016.427
300383.SZ,2021-11-09,13.64,14.25,13.6,14.19,13.64,0.55,4.0323,333054.04,464742.638
300383.SZ,2021-11-10,14.1,14.3,13.92,14.0,14.19,-0.19,-1.339,267057.73,374476.827
300383.SZ,2021-11-11,14.0,14.2,13.83,14.03,14.0,0.03,0.2143,216076.83,302776.481
300383.SZ,2021-11-12,14.1,14.55,13.93,14.46,14.03,0.43,3.0649,462204.5,664389.984
300383.SZ,2021-11-15,14.31,14.45,14.14,14.25,14.46,-0.21,-1.4523,278686.48,396618.653
300383.SZ,2021-11-16,14.26,14.75,14.24,14.61,14.25,0.36,2.5263,411861.56,599726.179
300383.SZ,2021-11-17,14.5,15.18,14.44,14.92,14.61,0.31,2.1218,496281.83,735791.438
300383.SZ,2021-11-18,14.9,14.93,14.61,14.66,14.92,-0.26,-1.7426,276344.92,407113.135
300383.SZ,2021-11-19,14.68,14.86,14.5,14.65,14.66,-0.01,-0.0682,264554.31,388929.386
300383.SZ,2021-11-22,14.65,14.95,14.41,14.79,14.65,0.14,0.9556,317636.19,465420.722
300383.SZ,2021-11-23,14.67,14.67,14.16,14.17,14.79,-0.62,-4.192,355039.02,508231.569
300383.SZ,2021-11-24,14.04,15.46,14.03,15.17,14.17,1.0,7.0572,664793.87,986417.949
300383.SZ,2021-11-25,15.15,15.19,14.82,14.87,15.17,-0.3,-1.9776,312767.75,468084.04
300383.SZ,2021-11-26,14.91,14.96,14.41,14.41,14.87,-0.46,-3.0935,300615.61,438858.106
300383.SZ,2021-11-29,14.25,14.62,14.25,14.42,14.41,0.01,0.0694,208767.89,301256.137
300383.SZ,2021-11-30,14.43,14.92,14.43,14.75,14.42,0.33,2.2885,301328.55,442296.532
300383.SZ,2021-12-01,14.8,15.31,14.64,15.06,14.75,0.31,2.1017,423593.33,638211.18
300383.SZ,2021-12-02,15.04,15.17,14.65,14.69,15.06,-0.37,-2.4568,283014.86,421203.743
300383.SZ,2021-12-03,14.83,14.86,14.4,14.53,14.69,-0.16,-1.0892,270242.59,392930.553
300383.SZ,2021-12-06,14.51,14.56,14.11,14.11,14.53,-0.42,-2.8906,240102.77,342208.455
300383.SZ,2021-12-07,14.25,14.26,14.06,14.18,14.11,0.07,0.4961,152217.62,215231.936
300383.SZ,2021-12-08,14.2,14.46,14.17,14.37,14.18,0.19,1.3399,191599.61,274160.987
300383.SZ,2021-12-09,14.33,14.54,14.3,14.35,14.37,-0.02,-0.1392,188693.71,271654.312
300383.SZ,2021-12-10,14.3,14.51,14.17,14.35,14.35,0.0,0.0,165092.87,236844.884
300383.SZ,2021-12-13,14.35,14.74,14.2,14.63,14.35,0.28,1.9512,284150.56,414403.137
300383.SZ,2021-12-14,14.58,15.06,14.55,14.81,14.63,0.18,1.2303,298761.19,444389.851
300383.SZ,2021-12-15,14.79,14.97,14.52,14.55,14.81,-0.26,-1.7556,253759.74,373303.102
300383.SZ,2021-12-16,14.55,14.8,14.45,14.66,14.55,0.11,0.756,200125.44,292806.227
300383.SZ,2021-12-17,14.67,14.9,14.15,14.17,14.66,-0.49,-3.3424,358965.44,517551.298
300383.SZ,2021-12-20,14.1,14.27,14.01,14.1,14.17,-0.07,-0.494,175436.58,247929.748
300383.SZ,2021-12-21,14.05,14.28,14.05,14.24,14.1,0.14,0.9929,145058.42,205827.5
300383.SZ,2021-12-22,14.26,14.66,14.18,14.61,14.24,0.37,2.5983,301517.67,437055.106
300383.SZ,2021-12-23,14.52,14.7,14.46,14.49,14.61,-0.12,-0.8214,191616.54,278809.835
300383.SZ,2021-12-24,14.58,14.59,14.15,14.18,14.49,-0.31,-2.1394,173143.07,247194.398
300383.SZ,2021-12-27,14.1,14.28,14.08,14.21,14.18,0.03,0.2116,147546.39,209061.983
300383.SZ,2021-12-28,14.16,15.05,14.16,14.66,14.21,0.45,3.1668,522607.66,772824.951
300383.SZ,2021-12-29,14.53,14.7,14.42,14.42,14.66,-0.24,-1.6371,228903.95,332404.22
300383.SZ,2021-12-30,14.45,14.77,14.38,14.69,14.42,0.27,1.8724,254662.64,372660.075
300383.SZ,2021-12-31,14.7,14.97,14.63,14.84,14.69,0.15,1.0211,307664.4,456586.826
300383.SZ,2022-01-04,14.9,15.15,14.79,14.99,14.84,0.15,1.0108,362179.34,543112.677
300383.SZ,2022-01-05,14.91,15.14,14.74,14.83,14.99,-0.16,-1.0674,267754.49,398541.949
300383.SZ,2022-01-06,14.75,14.79,14.55,14.65,14.83,-0.18,-1.2138,203965.55,299009.348
300383.SZ,2022-01-07,14.67,14.81,14.35,14.43,14.65,-0.22,-1.5017,232045.17,338356.438
300383.SZ,2022-01-10,14.38,15.28,14.25,15.09,14.43,0.66,4.5738,557179.91,836220.264
300383.SZ,2022-01-11,14.98,15.04,14.83,14.89,15.09,-0.2,-1.3254,274026.59,409210.737
300383.SZ,2022-01-12,14.9,14.96,14.59,14.77,14.89,-0.12,-0.8059,274502.39,404584.327
300383.SZ,2022-01-13,15.03,15.18,14.68,14.8,14.77,0.03,0.2031,424678.64,633422.814
300383.SZ,2022-01-14,14.62,15.03,14.56,14.75,14.8,-0.05,-0.3378,318701.82,472771.338
300383.SZ,2022-01-17,15.06,16.06,15.01,15.8,14.75,1.05,7.1186,993944.69,1544817.968
300383.SZ,2022-01-18,15.66,16.16,15.64,15.74,15.8,-0.06,-0.3797,730246.86,1157460.893
300383.SZ,2022-01-19,15.8,16.41,15.72,16.07,15.74,0.33,2.0966,750217.6,1207583.332
300383.SZ,2022-01-20,15.91,16.24,15.72,16.0,16.07,-0.07,-0.4356,556991.09,891360.573
300383.SZ,2022-01-21,15.9,16.29,15.65,15.82,16.0,-0.18,-1.125,562352.66,895972.466
300383.SZ,2022-01-24,15.6,16.25,15.52,15.9,15.82,0.08,0.5057,474744.72,758936.479
300383.SZ,2022-01-25,15.8,15.86,14.82,14.9,15.9,-1.0,-6.2893,613524.08,932828.016
300383.SZ,2022-01-26,14.89,15.51,14.55,14.8,14.9,-0.1,-0.6711,476147.48,712409.373
300383.SZ,2022-01-27,14.75,14.79,13.34,13.44,14.8,-1.36,-9.1892,601937.71,833966.344
300383.SZ,2022-01-28,13.6,13.74,13.22,13.31,13.44,-0.13,-0.9673,285463.37,384635.706
300383.SZ,2022-02-07,13.58,13.65,13.2,13.32,13.31,0.01,0.0751,263846.26,352690.05
300383.SZ,2022-02-08,13.29,13.7,13.13,13.63,13.32,0.31,2.3273,268901.38,362983.973
300383.SZ,2022-02-09,13.63,14.11,13.58,14.02,13.63,0.39,2.8613,334387.54,466140.527
300383.SZ,2022-02-10,14.0,14.06,13.81,13.98,14.02,-0.04,-0.2853,204714.1,285111.974
300383.SZ,2022-02-11,13.91,14.16,13.81,13.92,13.98,-0.06,-0.4292,239457.15,334948.716
300383.SZ,2022-02-14,13.78,14.06,13.53,14.0,13.92,0.08,0.5747,166559.91,231200.234
300383.SZ,2022-02-15,13.91,14.17,13.68,13.87,14.0,-0.13,-0.9286,188128.25,261447.731
300383.SZ,2022-02-16,14.08,14.27,13.86,13.95,13.87,0.08,0.5768,244221.3,342063.774
300383.SZ,2022-02-17,13.85,14.0,13.41,13.57,13.95,-0.38,-2.724,341328.12,467479.959
300383.SZ,2022-02-18,14.23,15.0,14.21,14.99,13.57,1.42,10.4643,918223.89,1341754.494
300383.SZ,2022-02-21,15.82,16.38,15.8,16.3,14.99,1.31,8.7392,1545730.49,2487161.958
300383.SZ,2022-02-22,15.85,16.25,15.6,15.65,16.3,-0.65,-3.9877,989815.68,1572127.644
300383.SZ,2022-02-23,15.75,15.79,15.45,15.53,15.65,-0.12,-0.7668,695347.62,1083198.712
300383.SZ,2022-02-24,15.38,15.68,14.47,14.81,15.53,-0.72,-4.6362,915196.09,1378594.616
300383.SZ,2022-02-25,14.98,15.22,14.77,15.0,14.81,0.19,1.2829,562789.11,844885.005
300383.SZ,2022-02-28,14.8,15.06,14.64,14.96,15.0,-0.04,-0.2667,406296.65,602271.822
300383.SZ,2022-03-01,15.1,15.38,14.94,15.17,14.96,0.21,1.4037,510716.49,775626.352
300383.SZ,2022-03-02,14.9,15.18,14.84,15.0,15.17,-0.17,-1.1206,320189.35,481206.294
300383.SZ,2022-03-03,15.09,15.13,14.73,14.79,15.0,-0.21,-1.4,325708.46,483811.276
300383.SZ,2022-03-04,14.6,14.89,14.51,14.63,14.79,-0.16,-1.0818,278935.79,409656.09
300383.SZ,2022-03-07,14.55,14.56,14.09,14.24,14.63,-0.39,-2.6658,341853.5,487606.226
300383.SZ,2022-03-08,14.35,14.69,14.14,14.28,14.24,0.04,0.2809,485284.04,701707.996
300383.SZ,2022-03-09,14.31,14.59,13.48,14.51,14.28,0.23,1.6106,534255.02,753131.596
300383.SZ,2022-03-10,14.9,14.96,14.42,14.46,14.51,-0.05,-0.3446,441784.85,645447.301
300383.SZ,2022-03-11,14.1,14.42,13.87,14.38,14.46,-0.08,-0.5533,362323.02,512665.776
300383.SZ,2022-03-14,14.15,14.41,13.88,13.89,14.38,-0.49,-3.4075,257264.48,363601.02
300383.SZ,2022-03-15,13.8,14.0,13.22,13.23,13.89,-0.66,-4.7516,331595.49,452744.456
300383.SZ,2022-03-16,13.5,14.25,13.19,14.1,13.23,0.87,6.576,478392.89,654445.889
300383.SZ,2022-03-17,14.15,14.35,13.88,13.94,14.1,-0.16,-1.1348,407569.68,575050.39
300383.SZ,2022-03-18,13.8,13.99,13.72,13.92,13.94,-0.02,-0.1435,250202.6,346773.619
300383.SZ,2022-03-21,13.91,14.1,13.63,13.74,13.92,-0.18,-1.2931,249342.51,345177.919
300383.SZ,2022-03-22,13.6,13.9,13.57,13.7,13.74,-0.04,-0.2911,197508.42,271454.77
300383.SZ,2022-03-23,13.77,13.83,13.63,13.78,13.7,0.08,0.5839,191286.8,262611.529
300383.SZ,2022-03-24,13.72,13.72,13.27,13.39,13.78,-0.39,-2.8302,286884.3,385102.258
300383.SZ,2022-03-25,13.39,13.48,13.24,13.24,13.39,-0.15,-1.1202,159136.0,212296.204
300383.SZ,2022-03-28,13.13,13.36,12.91,13.29,13.24,0.05,0.3776,148467.8,196007.201
300383.SZ,2022-03-29,13.35,13.35,13.0,13.01,13.29,-0.28,-2.1068,154889.92,203238.506
300383.SZ,2022-03-30,13.1,13.22,13.0,13.21,13.01,0.2,1.5373,141073.49,185579.199
300383.SZ,2022-03-31,13.16,13.34,13.02,13.26,13.21,0.05,0.3785,187289.15,247284.341
300383.SZ,2022-04-01,13.13,13.32,13.11,13.25,13.26,-0.01,-0.0754,136719.45,181011.137
300383.SZ,2022-04-06,13.29,13.44,13.23,13.38,13.25,0.13,0.9811,159529.85,213234.52
300383.SZ,2022-04-07,13.44,13.62,13.12,13.12,13.38,-0.26,-1.9432,212303.47,283178.629
300383.SZ,2022-04-08,13.11,13.18,12.62,12.65,13.12,-0.47,-3.5823,274798.26,351461.843
300383.SZ,2022-04-11,12.5,12.59,11.85,11.91,12.65,-0.74,-5.8498,285914.71,347117.113
300383.SZ,2022-04-12,11.95,12.19,11.85,12.12,11.91,0.21,1.7632,208611.12,250285.326
300383.SZ,2022-04-13,12.05,12.05,11.7,11.71,12.12,-0.41,-3.3828,167319.3,197836.185
300383.SZ,2022-04-14,11.85,11.94,11.77,11.84,11.71,0.13,1.1102,123886.16,146928.023
300383.SZ,2022-04-15,11.72,11.83,11.45,11.68,11.84,-0.16,-1.3514,161509.89,188129.989
300383.SZ,2022-04-18,11.54,11.79,11.48,11.78,11.68,0.1,0.8562,109573.88,127866.122
300383.SZ,2022-04-19,11.78,11.89,11.69,11.8,11.78,0.02,0.1698,95279.56,112383.665
300383.SZ,2022-04-20,11.98,12.08,11.55,11.68,11.8,-0.12,-1.0169,133563.7,157634.709
300383.SZ,2022-04-21,11.55,11.62,11.02,11.03,11.68,-0.65,-5.5651,224382.61,253414.947
300383.SZ,2022-04-22,10.67,10.93,10.45,10.46,11.03,-0.57,-5.1677,273320.14,289619.585
300383.SZ,2022-04-25,10.27,10.28,9.43,9.43,10.46,-1.03,-9.847,358211.89,353441.174
300383.SZ,2022-04-26,9.55,9.61,8.99,9.05,9.43,-0.38,-4.0297,287618.31,268227.857
300383.SZ,2022-04-27,8.99,9.44,8.89,9.4,9.05,0.35,3.8674,295515.65,270519.859
300383.SZ,2022-04-28,9.28,9.39,9.07,9.22,9.4,-0.18,-1.9149,194204.57,179127.285
300383.SZ,2022-04-29,9.28,9.73,9.27,9.68,9.22,0.46,4.9892,269527.25,256781.659
300383.SZ,2022-05-05,9.66,9.79,9.52,9.62,9.68,-0.06,-0.6198,193247.07,186905.016
300383.SZ,2022-05-06,9.39,9.97,9.3,9.6,9.62,-0.02,-0.2079,319965.61,308623.728
300383.SZ,2022-05-09,9.54,9.88,9.47,9.66,9.6,0.06,0.625,167866.43,162613.42
300383.SZ,2022-05-10,9.52,9.85,9.49,9.81,9.66,0.15,1.5528,192604.4,187354.741
300383.SZ,2022-05-11,9.79,10.09,9.75,9.76,9.81,-0.05,-0.5097,273429.23,271647.845
300383.SZ,2022-05-12,9.69,9.89,9.66,9.83,9.76,0.07,0.7172,170126.17,166524.084
300383.SZ,2022-05-13,9.83,9.93,9.65,9.77,9.83,-0.06,-0.6104,140548.99,136968.563
300383.SZ,2022-05-16,9.82,9.87,9.58,9.65,9.77,-0.12,-1.2282,162338.37,157191.942
300383.SZ,2022-05-17,9.68,9.68,9.42,9.57,9.65,-0.08,-0.829,163470.5,155749.859
300383.SZ,2022-05-18,9.78,9.98,9.65,9.65,9.57,0.08,0.8359,265009.77,259950.601
300383.SZ,2022-05-19,9.46,9.67,9.4,9.66,9.65,0.01,0.1036,179691.59,171243.593
300383.SZ,2022-05-20,9.66,9.84,9.65,9.84,9.66,0.18,1.8634,200110.71,195143.534
300383.SZ,2022-05-23,9.9,10.04,9.8,10.03,9.84,0.19,1.9309,203966.1,202394.169
300383.SZ,2022-05-24,10.04,10.05,9.41,9.41,10.03,-0.62,-6.1815,281486.08,272890.529
300383.SZ,2022-05-25,9.43,9.67,9.43,9.63,9.39,0.24,2.5559,159545.99,153024.677
300383.SZ,2022-05-26,9.64,9.94,9.45,9.86,9.63,0.23,2.3884,224643.68,219239.231
300383.SZ,2022-05-27,9.9,10.01,9.68,9.73,9.86,-0.13,-1.3185,170391.07,167140.675
300383.SZ,2022-05-30,9.77,9.81,9.66,9.75,9.73,0.02,0.2055,125555.59,122194.551
300383.SZ,2022-05-31,9.75,9.92,9.57,9.77,9.75,0.02,0.2051,238964.67,233566.111
300383.SZ,2022-06-01,9.95,9.99,9.75,9.87,9.77,0.1,1.0235,218104.71,214904.09
300383.SZ,2022-06-02,9.88,10.05,9.76,10.02,9.87,0.15,1.5198,248638.73,246700.471
300383.SZ,2022-06-06,9.99,10.25,9.98,10.19,10.02,0.17,1.6966,273055.05,276693.175
300383.SZ,2022-06-07,10.19,10.21,9.96,10.05,10.19,-0.14,-1.3739,231058.05,232210.583
300383.SZ,2022-06-08,10.09,10.25,9.88,10.08,10.05,0.03,0.2985,241175.84,242747.562
300383.SZ,2022-06-09,10.05,10.05,9.75,9.85,10.08,-0.23,-2.2817,180451.24,178271.787
300383.SZ,2022-06-10,9.76,10.05,9.76,9.99,9.85,0.14,1.4213,217127.23,215223.17
300383.SZ,2022-06-13,9.98,10.34,9.97,10.13,9.99,0.14,1.4014,289652.24,293477.847
300383.SZ,2022-06-14,9.99,10.04,9.68,10.02,10.13,-0.11,-1.0859,235143.51,231963.929
300383.SZ,2022-06-15,9.99,10.3,9.98,10.08,10.02,0.06,0.5988,334377.52,339489.066
300383.SZ,2022-06-16,10.13,10.4,10.09,10.25,10.08,0.17,1.6865,308675.89,316829.47
300383.SZ,2022-06-17,10.14,10.23,9.99,10.2,10.25,-0.05,-0.4878,212250.82,215261.413
300383.SZ,2022-06-20,10.2,10.4,10.14,10.32,10.2,0.12,1.1765,245217.68,252005.141
300383.SZ,2022-06-21,10.34,10.72,10.24,10.72,10.32,0.4,3.876,480076.76,504922.204
300383.SZ,2022-06-22,10.99,11.17,10.45,10.47,10.72,-0.25,-2.3321,534176.88,577066.08
300383.SZ,2022-06-23,10.46,10.69,10.39,10.57,10.47,0.1,0.9551,261178.44,275118.506
300383.SZ,2022-06-24,10.64,10.73,10.5,10.66,10.57,0.09,0.8515,261313.84,277002.047
300383.SZ,2022-06-27,10.73,10.97,10.63,10.69,10.66,0.03,0.2814,251148.19,270491.741
300383.SZ,2022-06-28,10.58,10.72,10.41,10.67,10.69,-0.02,-0.1871,253869.91,268315.947
300383.SZ,2022-06-29,10.6,10.82,10.5,10.54,10.67,-0.13,-1.2184,252599.63,268732.709
300383.SZ,2022-06-30,10.49,10.63,10.38,10.42,10.54,-0.12,-1.1385,224017.45,235033.591
300383.SZ,2022-07-01,10.51,10.55,9.99,10.09,10.42,-0.33,-3.167,632168.6,644879.023
300383.SZ,2022-07-04,10.1,10.23,10.08,10.14,10.09,0.05,0.4955,222533.29,225515.346
300383.SZ,2022-07-05,10.16,10.24,9.88,10.0,10.14,-0.14,-1.3807,241807.78,242491.024
300383.SZ,2022-07-06,10.0,10.06,9.73,9.86,10.0,-0.14,-1.4,238887.84,235993.71
300383.SZ,2022-07-07,9.83,9.89,9.79,9.85,9.86,-0.01,-0.1014,170748.4,167918.445
300383.SZ,2022-07-08,9.83,10.09,9.83,9.91,9.85,0.06,0.6091,300147.3,299119.272
300383.SZ,2022-07-11,9.88,9.9,9.58,9.64,9.91,-0.27,-2.7245,206927.17,200186.869
300383.SZ,2022-07-12,9.64,9.67,9.49,9.51,9.64,-0.13,-1.3485,155775.76,148968.107
300383.SZ,2022-07-13,9.55,9.61,9.41,9.5,9.51,-0.01,-0.1052,169050.92,160807.583
300383.SZ,2022-07-14,9.45,9.57,9.42,9.49,9.5,-0.01,-0.1053,156232.62,148511.536
300383.SZ,2022-07-15,9.48,9.51,9.23,9.24,9.49,-0.25,-2.6344,222882.71,208435.737
300383.SZ,2022-07-18,9.24,9.47,9.23,9.46,9.24,0.22,2.381,169801.43,159689.85
300383.SZ,2022-07-19,9.51,9.69,9.48,9.68,9.46,0.22,2.3256,227378.23,218722.472
300383.SZ,2022-07-20,9.68,9.77,9.64,9.67,9.68,-0.01,-0.1033,178931.44,173354.735
300383.SZ,2022-07-21,9.64,9.8,9.61,9.66,9.67,-0.01,-0.1034,190092.14,184824.506
300383.SZ,2022-07-22,9.65,9.72,9.44,9.56,9.66,-0.1,-1.0352,214510.59,205228.476
300383.SZ,2022-07-25,9.55,9.6,9.34,9.37,9.56,-0.19,-1.9874,167634.43,158147.367
300383.SZ,2022-07-26,9.45,9.58,9.4,9.56,9.37,0.19,2.0277,152511.7,145083.791
300383.SZ,2022-07-27,9.58,9.67,9.56,9.6,9.56,0.04,0.4184,139160.24,133612.45
300383.SZ,2022-07-28,9.69,9.87,9.67,9.78,9.6,0.18,1.875,251323.24,246068.775
300383.SZ,2022-07-29,9.75,9.8,9.53,9.59,9.78,-0.19,-1.9427,188184.42,181469.534
300383.SZ,2022-08-01,9.56,9.75,9.47,9.73,9.59,0.14,1.4599,158611.4,153463.113
300383.SZ,2022-08-02,9.72,9.73,9.08,9.21,9.73,-0.52,-5.3443,373253.9,347353.321
300383.SZ,2022-08-03,9.27,9.53,9.23,9.26,9.21,0.05,0.5429,261263.16,245994.786
300383.SZ,2022-08-04,9.37,9.48,9.3,9.42,9.26,0.16,1.7279,167550.41,157462.099
300383.SZ,2022-08-05,9.44,9.79,9.41,9.78,9.42,0.36,3.8217,303782.39,292363.853
300383.SZ,2022-08-08,9.75,9.88,9.69,9.84,9.78,0.06,0.6135,225718.25,220616.274
300383.SZ,2022-08-09,9.86,9.86,9.64,9.74,9.84,-0.1,-1.0163,169268.98,164199.704
300383.SZ,2022-08-10,9.7,9.82,9.65,9.69,9.74,-0.05,-0.5133,136500.21,132760.968
300383.SZ,2022-08-11,9.76,10.06,9.73,10.04,9.69,0.35,3.612,333555.19,331733.547
300383.SZ,2022-08-12,9.98,10.15,9.93,10.03,10.04,-0.01,-0.0996,233995.42,235249.466
300383.SZ,2022-08-15,10.0,10.01,9.86,9.89,10.03,-0.14,-1.3958,170259.17,168621.578
300383.SZ,2022-08-16,9.88,9.95,9.76,9.81,9.89,-0.08,-0.8089,154668.66,151924.486
300383.SZ,2022-08-17,9.83,9.91,9.73,9.88,9.81,0.07,0.7136,155655.7,153109.6
300383.SZ,2022-08-18,9.82,9.85,9.71,9.78,9.88,-0.1,-1.0121,163024.63,158977.002
300383.SZ,2022-08-19,9.78,10.23,9.75,9.88,9.78,0.1,1.0225,436118.88,437914.389
300383.SZ,2022-08-22,9.85,10.04,9.64,9.94,9.88,0.06,0.6073,258795.93,256899.863
300383.SZ,2022-08-23,9.9,9.93,9.78,9.82,9.94,-0.12,-1.2072,152854.25,150209.754
300383.SZ,2022-08-24,9.8,9.94,9.51,9.51,9.82,-0.31,-3.1568,251131.53,243354.003
300383.SZ,2022-08-25,9.53,9.54,9.31,9.46,9.51,-0.05,-0.5258,171156.27,161170.482
300383.SZ,2022-08-26,9.48,9.52,9.33,9.35,9.46,-0.11,-1.1628,122717.16,115723.39
300383.SZ,2022-08-29,9.2,9.33,9.13,9.31,9.35,-0.04,-0.4278,144257.03,133346.271
300383.SZ,2022-08-30,9.33,9.49,9.29,9.45,9.31,0.14,1.5038,131912.17,124121.322
300383.SZ,2022-08-31,9.4,9.48,9.26,9.3,9.45,-0.15,-1.5873,138145.75,129044.381
300383.SZ,2022-09-01,9.3,9.43,9.26,9.3,9.3,0.0,0.0,96315.9,89883.122
300383.SZ,2022-09-02,9.28,9.43,9.28,9.41,9.3,0.11,1.1828,118277.55,110914.918
300383.SZ,2022-09-05,9.38,9.42,9.26,9.34,9.41,-0.07,-0.7439,100085.91,93196.976
300383.SZ,2022-09-06,9.35,9.38,9.28,9.36,9.34,0.02,0.2141,106507.03,99474.326
300383.SZ,2022-09-07,9.36,9.37,9.26,9.31,9.36,-0.05,-0.5342,109279.49,101704.863
300383.SZ,2022-09-08,9.3,9.32,9.12,9.13,9.31,-0.18,-1.9334,145088.59,133349.453
300383.SZ,2022-09-09,9.15,9.22,9.11,9.19,9.13,0.06,0.6572,87244.94,80006.598
300383.SZ,2022-09-13,9.21,9.36,9.21,9.23,9.19,0.04,0.4353,97079.91,90045.531
300383.SZ,2022-09-14,9.08,9.15,9.03,9.11,9.23,-0.12,-1.3001,113286.8,102939.196
300383.SZ,2022-09-15,9.12,9.21,8.92,9.01,9.11,-0.1,-1.0977,149527.59,135543.784
300383.SZ,2022-09-16,9.01,9.08,8.85,8.85,9.01,-0.16,-1.7758,140956.77,126297.984
300383.SZ,2022-09-19,8.85,8.85,8.55,8.6,8.85,-0.25,-2.8249,132718.0,114747.213
300383.SZ,2022-09-20,8.66,8.75,8.61,8.64,8.6,0.04,0.4651,67153.0,58157.338
300383.SZ,2022-09-21,8.62,8.74,8.46,8.72,8.64,0.08,0.9259,98454.72,84833.484
300383.SZ,2022-09-22,8.65,8.76,8.64,8.66,8.72,-0.06,-0.6881,68247.71,59431.391
300383.SZ,2022-09-23,8.67,8.72,8.4,8.44,8.66,-0.22,-2.5404,116310.33,99170.387
300383.SZ,2022-09-26,8.35,8.4,8.11,8.13,8.44,-0.31,-3.673,142996.84,117903.692
300383.SZ,2022-09-27,8.16,8.38,8.16,8.38,8.13,0.25,3.075,104714.92,86621.761
300383.SZ,2022-09-28,8.35,8.37,8.14,8.16,8.38,-0.22,-2.6253,90940.12,74964.817
300383.SZ,2022-09-29,8.23,8.28,8.05,8.09,8.16,-0.07,-0.8578,100265.06,81930.701
300383.SZ,2022-09-30,8.05,8.18,7.98,7.99,8.09,-0.1,-1.2361,107707.98,87080.544
300383.SZ,2022-10-10,8.05,8.08,7.81,7.86,7.99,-0.13,-1.627,101514.05,80654.799
300383.SZ,2022-10-11,7.87,7.96,7.74,7.91,7.86,0.05,0.6361,97482.39,76699.501
300383.SZ,2022-10-12,7.93,8.26,7.9,8.26,7.91,0.35,4.4248,167335.11,135232.158
300383.SZ,2022-10-13,8.19,8.46,8.19,8.38,8.26,0.12,1.4528,169051.26,141398.584
300383.SZ,2022-10-14,8.45,8.49,8.39,8.46,8.38,0.08,0.9547,127895.52,108085.721
300383.SZ,2022-10-17,8.42,8.67,8.4,8.62,8.46,0.16,1.8913,138029.11,118465.319
300383.SZ,2022-10-18,8.68,8.69,8.53,8.61,8.62,-0.01,-0.116,117699.33,101159.219
300383.SZ,2022-10-19,8.56,8.65,8.51,8.57,8.61,-0.04,-0.4646,102173.23,87701.08
300383.SZ,2022-10-20,8.52,8.67,8.47,8.58,8.57,0.01,0.1167,116390.11,99851.117
300383.SZ,2022-10-21,8.6,8.64,8.48,8.52,8.58,-0.06,-0.6993,86093.32,73556.467
300383.SZ,2022-10-24,8.56,8.73,8.36,8.43,8.52,-0.09,-1.0563,126709.06,108224.875
300383.SZ,2022-10-25,8.39,8.49,8.18,8.26,8.43,-0.17,-2.0166,128682.56,106691.985
300383.SZ,2022-10-26,8.3,8.62,8.21,8.52,8.26,0.26,3.1477,170757.64,144409.301
300383.SZ,2022-10-27,8.55,8.75,8.49,8.61,8.52,0.09,1.0563,175009.72,151278.462
300383.SZ,2022-10-28,8.55,8.62,8.24,8.3,8.61,-0.31,-3.6005,153031.23,129047.803
300383.SZ,2022-10-31,8.25,8.79,8.25,8.66,8.3,0.36,4.3373,242482.78,209010.264
300383.SZ,2022-11-01,8.7,8.82,8.56,8.81,8.66,0.15,1.7321,199581.25,173764.979
300383.SZ,2022-11-02,8.78,8.96,8.75,8.91,8.81,0.1,1.1351,199347.34,176591.448
300383.SZ,2022-11-03,8.85,8.89,8.68,8.73,8.91,-0.18,-2.0202,160987.6,140931.11
300383.SZ,2022-11-04,8.73,8.82,8.68,8.78,8.73,0.05,0.5727,157077.75,137514.301
300383.SZ,2022-11-07,8.75,8.9,8.73,8.76,8.78,-0.02,-0.2278,140542.46,123616.358
300383.SZ,2022-11-08,8.8,8.86,8.67,8.86,8.76,0.1,1.1416,156237.09,137315.864
300383.SZ,2022-11-09,8.83,8.87,8.73,8.77,8.86,-0.09,-1.0158,109298.98,96061.102
300383.SZ,2022-11-10,8.72,8.88,8.71,8.82,8.77,0.05,0.5701,161936.92,143024.668
300383.SZ,2022-11-11,8.98,9.02,8.77,8.77,8.82,-0.05,-0.5669,203881.77,180978.612
300383.SZ,2022-11-14,8.77,8.94,8.72,8.93,8.77,0.16,1.8244,191982.47,170174.223
300383.SZ,2022-11-15,8.99,9.36,8.99,9.2,8.93,0.27,3.0235,413082.5,379633.682
300383.SZ,2022-11-16,9.15,9.26,9.07,9.11,9.2,-0.09,-0.9783,208091.48,190544.559
300383.SZ,2022-11-17,9.25,9.33,9.11,9.3,9.11,0.19,2.0856,245424.48,226567.011
300383.SZ,2022-11-18,9.27,9.36,9.1,9.11,9.3,-0.19,-2.043,229698.72,212118.305
300383.SZ,2022-11-21,9.09,9.17,8.96,9.13,9.11,0.02,0.2195,158151.38,143220.19
300383.SZ,2022-11-22,9.1,9.18,8.98,9.0,9.13,-0.13,-1.4239,128381.65,116572.076
300383.SZ,2022-11-23,9.0,9.05,8.81,8.89,9.0,-0.11,-1.2222,136929.33,121814.417
300383.SZ,2022-11-24,8.9,8.98,8.82,8.84,8.89,-0.05,-0.5624,82775.44,73490.888
300383.SZ,2022-11-25,8.82,8.88,8.79,8.82,8.84,-0.02,-0.2262,77530.0,68473.365
300383.SZ,2022-11-28,8.72,8.76,8.56,8.6,8.82,-0.22,-2.4943,131319.57,113676.299
300383.SZ,2022-11-29,8.67,8.92,8.63,8.86,8.6,0.26,3.0233,160227.32,141010.058
300383.SZ,2022-11-30,8.86,8.86,8.69,8.69,8.86,-0.17,-1.9187,227046.61,198630.771
300383.SZ,2022-12-01,8.75,9.05,8.75,8.91,8.69,0.22,2.5316,208621.06,185652.589
300383.SZ,2022-12-02,8.89,9.24,8.87,9.1,8.91,0.19,2.1324,252384.46,230241.295
300383.SZ,2022-12-05,9.16,9.27,9.15,9.21,9.1,0.11,1.2088,198176.74,182704.672
300383.SZ,2022-12-06,9.18,9.26,9.06,9.1,9.21,-0.11,-1.1944,147223.42,134818.286
300383.SZ,2022-12-07,9.09,9.14,8.96,9.03,9.1,-0.07,-0.7692,166072.06,149753.121
300383.SZ,2022-12-08,9.09,9.12,8.8,8.84,9.03,-0.19,-2.1041,205580.23,182647.067
300383.SZ,2022-12-09,8.84,8.89,8.76,8.85,8.84,0.01,0.1131,173972.39,153468.273
300383.SZ,2022-12-12,8.79,8.95,8.79,8.9,8.85,0.05,0.565,115283.08,102353.301
300383.SZ,2022-12-13,8.88,8.92,8.74,8.75,8.9,-0.15,-1.6854,114794.17,100977.892
300383.SZ,2022-12-14,8.76,8.87,8.71,8.74,8.75,-0.01,-0.1143,94548.78,83113.172
300383.SZ,2022-12-15,8.71,8.86,8.66,8.75,8.74,0.01,0.1144,112724.74,98934.766
300383.SZ,2022-12-16,8.68,8.7,8.41,8.49,8.75,-0.26,-2.9714,196132.3,166668.715
300383.SZ,2022-12-19,8.49,8.55,8.28,8.33,8.49,-0.16,-1.8846,108173.88,90867.703
300383.SZ,2022-12-20,8.44,8.51,8.24,8.29,8.33,-0.04,-0.4802,116578.42,97069.665
300383.SZ,2022-12-21,8.27,8.32,8.15,8.21,8.29,-0.08,-0.965,86517.98,71209.96
300383.SZ,2022-12-22,8.25,8.32,8.12,8.14,8.21,-0.07,-0.8526,88587.65,72862.513
300383.SZ,2022-12-23,8.11,8.37,8.1,8.26,8.14,0.12,1.4742,94500.81,78135.855
300383.SZ,2022-12-26,8.25,8.34,8.21,8.25,8.26,-0.01,-0.1211,82479.5,68254.765
300383.SZ,2022-12-27,8.28,8.33,8.18,8.25,8.25,0.0,0.0,77245.07,63683.275
300383.SZ,2022-12-28,8.21,8.24,8.08,8.09,8.25,-0.16,-1.9394,101634.97,82774.402
300383.SZ,2022-12-29,8.09,8.2,8.06,8.09,8.09,0.0,0.0,81165.84,65965.271
300383.SZ,2022-12-30,8.13,8.21,8.1,8.16,8.09,0.07,0.8653,94700.38,77224.158
300383.SZ,2023-01-03,8.16,8.53,8.14,8.49,8.16,0.33,4.0441,215830.65,181121.34
300383.SZ,2023-01-04,8.53,9.09,8.52,8.99,8.49,0.5,5.8893,515509.36,456702.14
300383.SZ,2023-01-05,9.03,9.18,8.96,9.1,8.99,0.11,1.2236,410568.04,372455.668
300383.SZ,2023-01-06,9.02,9.28,8.96,9.13,9.1,0.03,0.3297,348679.85,318852.138
300383.SZ,2023-01-09,9.12,9.24,9.09,9.12,9.13,-0.01,-0.1095,212915.69,194883.857
300383.SZ,2023-01-10,9.13,9.16,9.0,9.05,9.12,-0.07,-0.7675,178201.0,161646.585
300383.SZ,2023-01-11,9.05,9.09,8.84,8.88,9.05,-0.17,-1.8785,216082.66,193412.097
300383.SZ,2023-01-12,8.87,8.97,8.79,8.89,8.88,0.01,0.1126,181882.79,161152.346
300383.SZ,2023-01-13,8.91,8.95,8.76,8.84,8.89,-0.05,-0.5624,138326.63,121967.015
300383.SZ,2023-01-16,8.9,9.06,8.87,8.95,8.84,0.11,1.2443,187322.95,168497.954
300383.SZ,2023-01-17,8.95,9.01,8.84,8.88,8.95,-0.07,-0.7821,120261.0,107110.796
300383.SZ,2023-01-18,8.9,9.16,8.85,9.14,8.88,0.26,2.9279,266902.97,242313.824
300383.SZ,2023-01-19,9.07,9.24,9.04,9.17,9.14,0.03,0.3282,202077.84,185065.244
300383.SZ,2023-01-20,9.18,9.36,9.14,9.26,9.17,0.09,0.9815,270417.13,250692.321
300383.SZ,2023-01-30,9.42,9.53,9.31,9.33,9.26,0.07,0.7559,304503.01,287193.33
300383.SZ,2023-01-31,9.0,9.14,8.88,8.95,9.33,-0.38,-4.0729,503012.04,452112.482
300383.SZ,2023-02-01,8.95,9.29,8.94,9.27,8.95,0.32,3.5754,364802.47,334078.337
300383.SZ,2023-02-02,9.29,9.38,9.23,9.26,9.27,-0.01,-0.1079,254915.71,236940.738
300383.SZ,2023-02-03,9.26,9.47,9.2,9.46,9.26,0.2,2.1598,275875.5,257494.183
300383.SZ,2023-02-06,9.52,9.88,9.39,9.87,9.46,0.41,4.334,754945.02,731187.794
300383.SZ,2023-02-07,9.73,10.09,9.52,9.89,9.87,0.02,0.2026,705315.56,691775.721
300383.SZ,2023-02-08,9.9,10.17,9.76,9.78,9.89,-0.11,-1.1122,636537.46,631522.229
300383.SZ,2023-02-09,9.67,10.22,9.56,10.19,9.78,0.41,4.1922,832546.72,830348.567
300383.SZ,2023-02-10,10.18,10.35,9.97,10.0,10.19,-0.19,-1.8646,624567.55,633098.47
300383.SZ,2023-02-13,9.95,10.22,9.92,10.05,10.0,0.05,0.5,427838.68,429583.639
300383.SZ,2023-02-14,10.06,10.47,10.06,10.28,10.05,0.23,2.2886,723850.66,743956.219
300383.SZ,2023-02-15,10.23,10.68,10.18,10.58,10.28,0.3,2.9183,709078.99,743030.488
300383.SZ,2023-02-16,10.5,10.83,10.15,10.25,10.58,-0.33,-3.1191,890489.31,935089.363
300383.SZ,2023-02-17,10.26,10.4,9.74,9.76,10.25,-0.49,-4.7805,701888.41,697993.78
300383.SZ,2023-02-20,9.8,10.14,9.72,10.1,9.76,0.34,3.4836,454391.49,453357.25
300383.SZ,2023-02-21,10.04,10.3,9.99,10.09,10.1,-0.01,-0.099,418245.55,423933.149
300383.SZ,2023-02-22,9.98,10.12,9.83,10.05,10.09,-0.04,-0.3964,325259.82,324609.701
300383.SZ,2023-02-23,10.04,10.07,9.75,9.82,10.05,-0.23,-2.2886,312073.3,307782.263
300383.SZ,2023-02-24,9.85,10.3,9.8,10.24,9.82,0.42,4.277,560045.06,565816.689
300383.SZ,2023-02-27,10.21,10.27,9.85,9.94,10.24,-0.3,-2.9297,437116.35,437978.761
300383.SZ,2023-02-28,10.18,10.38,10.06,10.26,9.94,0.32,3.2193,590498.56,604172.488
300383.SZ,2023-03-01,10.18,10.66,10.15,10.63,10.26,0.37,3.6062,775211.07,816188.119
300383.SZ,2023-03-02,10.65,10.97,10.55,10.68,10.63,0.05,0.4704,768733.47,827014.947
300383.SZ,2023-03-03,10.58,10.64,10.3,10.44,10.68,-0.24,-2.2472,541158.92,565733.769
300383.SZ,2023-03-06,10.4,10.49,10.26,10.36,10.44,-0.08,-0.7663,327219.38,338787.551
300383.SZ,2023-03-07,10.42,10.6,10.03,10.04,10.36,-0.32,-3.0888,424926.77,436434.806
300383.SZ,2023-03-08,10.14,10.57,10.12,10.47,10.04,0.43,4.2829,525713.69,546158.041
300383.SZ,2023-03-09,10.4,10.54,10.28,10.47,10.47,0.0,0.0,348225.32,362211.487
300383.SZ,2023-03-10,10.35,10.79,10.31,10.62,10.47,0.15,1.4327,639717.78,679862.268
300383.SZ,2023-03-13,10.65,11.16,10.5,11.1,10.62,0.48,4.5198,855971.92,934594.114
300383.SZ,2023-03-14,11.01,11.04,10.69,10.78,11.1,-0.32,-2.8829,682075.46,740626.387
300383.SZ,2023-03-15,10.95,10.99,10.58,10.61,10.78,-0.17,-1.577,447744.64,478983.52
300383.SZ,2023-03-16,10.54,10.76,10.37,10.5,10.61,-0.11,-1.0368,407129.83,429558.988
300383.SZ,2023-03-17,10.59,10.93,10.58,10.74,10.5,0.24,2.2857,584861.93,632258.432
300383.SZ,2023-03-20,10.78,10.94,10.44,10.45,10.74,-0.29,-2.7002,632299.97,674506.434
300383.SZ,2023-03-21,10.47,10.62,10.27,10.58,10.45,0.13,1.244,409328.78,429600.046
300383.SZ,2023-03-22,10.57,12.6,10.49,12.31,10.58,1.73,16.3516,2002217.89,2321825.594
300383.SZ,2023-03-23,12.16,12.38,11.82,12.29,12.31,-0.02,-0.1625,1502551.7,1823986.417
300383.SZ,2023-03-24,12.39,12.8,12.19,12.56,12.29,0.27,2.1969,1332603.9,1663376.381
300383.SZ,2023-03-27,12.4,12.67,11.98,12.44,12.56,-0.12,-0.9554,1297349.32,1595598.852
300383.SZ,2023-03-28,12.3,12.3,11.78,11.81,12.44,-0.63,-5.0643,810923.17,971529.558
300383.SZ,2023-03-29,11.75,13.34,11.65,12.68,11.81,0.87,7.3666,1568768.77,1974525.781
300383.SZ,2023-03-30,12.53,13.0,12.3,12.53,12.68,-0.15,-1.183,987654.49,1245298.921
300383.SZ,2023-03-31,12.41,13.47,12.2,13.41,12.53,0.88,7.0231,1377405.85,1777794.315
300383.SZ,2023-04-03,13.48,14.84,13.37,14.44,13.41,1.03,7.6808,2075598.99,2918089.89
300383.SZ,2023-04-04,14.24,15.07,14.01,14.1,14.44,-0.34,-2.3546,1634555.57,2361660.821
300383.SZ,2023-04-06,13.82,14.88,13.82,14.61,14.1,0.51,3.617,1631419.87,2357189.063
300383.SZ,2023-04-07,14.4,14.58,13.83,14.18,14.61,-0.43,-2.9432,1143742.81,1610904.861
300383.SZ,2023-04-10,13.9,13.95,12.76,12.81,14.18,-1.37,-9.6615,1418926.09,1894358.112
300383.SZ,2023-04-11,12.86,13.18,12.67,13.0,12.81,0.19,1.4832,766457.09,991417.927
300383.SZ,2023-04-12,13.08,13.63,12.86,13.54,13.0,0.54,4.1538,957859.49,1276754.267
300383.SZ,2023-04-13,13.46,13.46,12.81,12.91,13.54,-0.63,-4.6529,839829.26,1095833.379
300383.SZ,2023-04-14,13.16,13.39,12.58,12.91,12.91,0.0,0.0,696124.36,902435.112
300383.SZ,2023-04-17,12.92,12.92,12.3,12.45,12.91,-0.46,-3.5631,711534.43,887125.451
300383.SZ,2023-04-18,12.48,12.78,12.21,12.59,12.45,0.14,1.1245,598494.09,750698.855
300383.SZ,2023-04-19,12.58,13.1,12.48,12.64,12.59,0.05,0.3971,751689.7,962186.37
300383.SZ,2023-04-20,12.75,13.43,12.67,13.41,12.64,0.77,6.0918,1035413.79,1358246.859
300383.SZ,2023-04-21,13.23,13.36,12.49,12.6,13.41,-0.81,-6.0403,889111.67,1150974.576
300383.SZ,2023-04-24,12.54,13.85,12.51,13.33,12.6,0.73,5.7937,1193734.51,1592094.833
300383.SZ,2023-04-25,13.35,13.87,12.78,13.85,13.33,0.52,3.901,1488030.94,2001026.45
300383.SZ,2023-04-26,13.5,13.61,12.22,12.78,13.85,-1.07,-7.7256,1361761.78,1758981.711
300383.SZ,2023-04-27,12.31,12.45,11.5,11.67,12.78,-1.11,-8.6854,1020919.48,1218899.642
300383.SZ,2023-04-28,11.84,12.45,11.76,12.31,11.67,0.64,5.4841,777930.4,950059.767
300383.SZ,2023-05-04,12.18,12.36,11.57,11.81,12.31,-0.5,-4.0617,759929.8,896061.526
300383.SZ,2023-05-05,11.75,11.93,11.45,11.74,11.81,-0.07,-0.5927,569535.95,667854.563
300383.SZ,2023-05-08,11.74,12.08,11.55,12.04,11.74,0.3,2.5554,632301.91,749662.476
300383.SZ,2023-05-09,11.9,12.28,11.75,11.81,12.04,-0.23,-1.9103,521118.94,624638.428
300383.SZ,2023-05-10,11.73,12.09,11.58,11.79,11.81,-0.02,-0.1693,412172.78,487385.304
300383.SZ,2023-05-11,11.71,11.84,11.17,11.18,11.79,-0.61,-5.1739,645039.41,733209.892
300383.SZ,2023-05-12,11.23,11.34,10.99,11.04,11.18,-0.14,-1.2522,365414.34,406583.233
300383.SZ,2023-05-15,11.03,11.14,10.7,11.0,11.04,-0.04,-0.3623,373958.36,407315.618
300383.SZ,2023-05-16,11.0,11.05,10.7,10.73,11.0,-0.27,-2.4545,298401.9,322043.763
300383.SZ,2023-05-17,10.64,10.94,10.52,10.88,10.73,0.15,1.3979,270742.41,293436.653
300383.SZ,2023-05-18,10.88,11.24,10.85,11.14,10.88,0.26,2.3897,452543.68,503122.477
300383.SZ,2023-05-19,11.13,11.27,11.05,11.13,11.14,-0.01,-0.0898,313656.36,350020.576
300383.SZ,2023-05-22,11.06,11.14,10.95,11.05,11.13,-0.08,-0.7188,202903.45,223867.153
300383.SZ,2023-05-23,11.0,11.07,10.84,10.84,11.05,-0.21,-1.9005,195827.42,213948.537
300383.SZ,2023-05-24,10.85,11.03,10.71,10.91,10.84,0.07,0.6458,192800.7,210125.217
300383.SZ,2023-05-25,11.02,11.25,10.58,10.84,10.91,-0.07,-0.6416,331780.93,361306.21
300383.SZ,2023-05-26,10.8,11.11,10.73,11.05,10.84,0.21,1.9373,282911.0,310930.813
300383.SZ,2023-05-29,11.15,11.55,11.11,11.3,11.05,0.25,2.2624,514630.76,583552.094
300383.SZ,2023-05-30,11.25,11.58,11.01,11.58,11.3,0.28,2.4779,431354.54,489399.729
300383.SZ,2023-05-31,11.69,11.97,11.59,11.83,11.58,0.25,2.1589,592360.72,698846.945
300383.SZ,2023-06-01,11.7,12.09,11.65,11.92,11.83,0.09,0.7608,495453.4,591411.999
300383.SZ,2023-06-02,12.06,12.09,11.78,11.81,11.92,-0.11,-0.9228,372556.5,442396.981
300383.SZ,2023-06-05,11.81,12.03,11.78,11.91,11.81,0.1,0.8467,306886.18,365861.536
300383.SZ,2023-06-06,12.05,12.24,11.56,11.6,11.91,-0.31,-2.6029,494188.28,586911.985
300383.SZ,2023-06-07,11.68,12.22,11.54,12.06,11.6,0.46,3.9655,581468.13,697323.743
300383.SZ,2023-06-08,12.01,12.17,11.73,12.08,12.06,0.02,0.1658,478552.25,573166.5
300383.SZ,2023-06-09,12.03,12.47,11.87,12.45,12.08,0.37,3.0629,729223.2,895756.799
300383.SZ,2023-06-12,12.5,12.56,12.15,12.26,12.45,-0.19,-1.5261,576042.42,709275.634
300383.SZ,2023-06-13,12.22,12.46,12.04,12.39,12.26,0.13,1.0604,499016.74,614571.996
300383.SZ,2023-06-14,12.39,12.49,12.2,12.41,12.39,0.02,0.1614,448768.94,555338.902
300383.SZ,2023-06-15,12.37,12.64,12.16,12.27,12.41,-0.14,-1.1281,527968.83,651549.755
300383.SZ,2023-06-16,12.1,12.49,11.97,12.47,12.27,0.2,1.63,528629.3,649858.47
300383.SZ,2023-06-19,12.51,12.67,12.38,12.61,12.47,0.14,1.1227,551498.82,692101.016
300383.SZ,2023-06-20,12.5,12.64,12.32,12.46,12.61,-0.15,-1.1895,405617.41,505932.731
300383.SZ,2023-06-21,12.4,12.41,11.9,11.9,12.46,-0.56,-4.4944,477199.32,576646.4
300383.SZ,2023-06-26,11.68,11.95,11.18,11.24,11.9,-0.66,-5.5462,452712.26,519012.558
300383.SZ,2023-06-27,11.25,11.34,11.1,11.16,11.24,-0.08,-0.7117,285521.58,319667.85
300383.SZ,2023-06-28,11.18,11.19,10.37,10.67,11.16,-0.49,-4.3907,462084.9,490568.185
300383.SZ,2023-06-29,10.62,10.72,10.5,10.65,10.67,-0.02,-0.1874,275338.65,292283.631
300383.SZ,2023-06-30,10.58,10.81,10.54,10.75,10.65,0.1,0.939,244394.38,260965.848
300383.SZ,2023-07-03,10.7,10.8,10.35,10.68,10.75,-0.07,-0.6512,329282.83,347833.869
300383.SZ,2023-07-04,10.63,10.76,10.58,10.7,10.68,0.02,0.1873,216344.28,231300.556
300383.SZ,2023-07-05,10.76,10.84,10.43,10.45,10.7,-0.25,-2.3364,291794.52,308619.939
300383.SZ,2023-07-06,10.4,10.78,10.4,10.58,10.45,0.13,1.244,247675.91,263365.657
300383.SZ,2023-07-07,10.53,10.57,10.18,10.35,10.58,-0.23,-2.1739,244056.02,252177.733
300383.SZ,2023-07-10,10.41,10.44,10.23,10.32,10.35,-0.03,-0.2899,155797.27,160775.135
300383.SZ,2023-07-11,10.28,10.46,10.25,10.39,10.32,0.07,0.6783,132475.63,137487.016
300383.SZ,2023-07-12,10.36,10.38,10.06,10.07,10.39,-0.32,-3.0799,216957.0,221055.412
300383.SZ,2023-07-13,10.09,10.32,10.07,10.29,10.07,0.22,2.1847,176019.01,179578.683
300383.SZ,2023-07-14,10.3,10.69,10.29,10.6,10.29,0.31,3.0126,338881.98,357424.046
300383.SZ,2023-07-17,10.54,10.74,10.46,10.57,10.6,-0.03,-0.283,189924.36,200975.022
300383.SZ,2023-07-18,10.59,10.68,10.46,10.48,10.57,-0.09,-0.8515,168945.42,178305.892
300383.SZ,2023-07-19,10.48,10.58,10.35,10.42,10.48,-0.06,-0.5725,149333.44,156007.871
300383.SZ,2023-07-20,10.41,10.45,10.15,10.18,10.42,-0.24,-2.3033,221378.55,227311.027
300383.SZ,2023-07-21,10.15,10.25,10.04,10.11,10.18,-0.07,-0.6876,156055.65,158265.851
300383.SZ,2023-07-24,10.07,10.4,10.04,10.19,10.11,0.08,0.7913,165058.95,168670.241
300383.SZ,2023-07-25,10.32,10.41,10.25,10.41,10.19,0.22,2.159,157819.61,163298.765
300383.SZ,2023-07-26,10.49,10.52,10.14,10.17,10.41,-0.24,-2.3055,220846.94,225876.969
300383.SZ,2023-07-27,10.14,10.22,9.98,10.0,10.17,-0.17,-1.6716,181251.0,182829.04
300383.SZ,2023-07-28,10.0,10.23,9.87,10.18,10.0,0.18,1.8,218987.55,221022.806
300383.SZ,2023-07-31,10.18,10.41,10.12,10.32,10.18,0.14,1.3752,184219.99,190037.385
300383.SZ,2023-08-01,10.48,10.51,10.28,10.4,10.32,0.08,0.7752,223674.31,232568.96
300383.SZ,2023-08-02,10.37,10.46,10.31,10.42,10.4,0.02,0.1923,112795.02,117183.846
300383.SZ,2023-08-03,10.38,10.46,10.31,10.37,10.42,-0.05,-0.4798,114935.73,119136.413
300383.SZ,2023-08-04,10.4,10.68,10.32,10.63,10.37,0.26,2.5072,288790.14,306008.04
300383.SZ,2023-08-07,10.68,10.75,10.58,10.71,10.63,0.08,0.7526,222052.25,237218.096
300383.SZ,2023-08-08,10.76,10.77,10.6,10.63,10.71,-0.08,-0.747,141582.27,151000.74
300383.SZ,2023-08-09,10.6,10.77,10.47,10.5,10.63,-0.13,-1.223,153587.0,162944.17
300383.SZ,2023-08-10,10.5,10.58,10.41,10.52,10.5,0.02,0.1905,110247.0,115830.297
300383.SZ,2023-08-11,10.53,10.56,10.18,10.2,10.52,-0.32,-3.0418,146517.61,151507.612
300383.SZ,2023-08-14,10.12,10.52,10.11,10.49,10.2,0.29,2.8431,187117.72,193509.548
300383.SZ,2023-08-15,10.48,10.5,10.12,10.2,10.49,-0.29,-2.7645,159115.69,163253.211
300383.SZ,2023-08-16,10.19,10.23,9.93,9.99,10.2,-0.21,-2.0588,159829.9,160745.531
300383.SZ,2023-08-17,9.93,10.09,9.77,10.04,9.99,0.05,0.5005,141755.45,141123.528
300383.SZ,2023-08-18,10.02,10.11,9.7,9.7,10.04,-0.34,-3.3865,186929.73,184216.244
300383.SZ,2023-08-21,9.7,9.99,9.66,9.74,9.7,0.04,0.4124,167099.0,164389.535
300383.SZ,2023-08-22,9.95,10.11,9.79,10.08,9.74,0.34,3.4908,219339.59,218568.922
300383.SZ,2023-08-23,10.05,10.13,9.89,9.91,10.08,-0.17,-1.6865,161762.57,161534.597
300383.SZ,2023-08-24,10.05,10.14,9.88,9.88,9.91,-0.03,-0.3027,220901.92,220941.529
300383.SZ,2023-08-25,9.76,9.81,9.25,9.29,9.88,-0.59,-5.9717,323666.74,306593.427
300383.SZ,2023-08-28,10.0,10.04,9.33,9.35,9.29,0.06,0.6459,269214.54,258701.821
300383.SZ,2023-08-29,9.33,9.92,9.3,9.86,9.35,0.51,5.4545,293415.84,284039.113
300383.SZ,2023-08-30,9.91,10.08,9.85,10.01,9.86,0.15,1.5213,228561.11,228463.27
300383.SZ,2023-08-31,10.0,10.1,9.93,10.01,10.01,0.0,0.0,157618.24,157866.021
300383.SZ,2023-09-01,10.03,10.1,9.86,9.92,10.01,-0.09,-0.8991,148985.6,147973.994
300383.SZ,2023-09-04,9.96,10.1,9.89,10.09,9.92,0.17,1.7137,159881.8,159858.351
300383.SZ,2023-09-05,10.05,10.14,9.96,9.99,10.09,-0.1,-0.9911,140262.64,140876.651
300383.SZ,2023-09-06,9.93,10.09,9.83,10.05,9.99,0.06,0.6006,171689.1,171456.093
300383.SZ,2023-09-07,10.03,10.16,9.96,9.98,10.05,-0.07,-0.6965,169693.83,170715.129
300383.SZ,2023-09-08,9.91,10.08,9.86,9.98,9.98,0.0,0.0,141152.68,140715.357
300383.SZ,2023-09-11,10.01,10.3,9.93,10.19,9.98,0.21,2.1042,239495.09,242310.397
300383.SZ,2023-09-12,10.18,10.28,10.11,10.22,10.19,0.03,0.2944,161911.01,165150.479
300383.SZ,2023-09-13,10.21,10.21,9.8,9.87,10.22,-0.35,-3.4247,229729.55,228112.527
300383.SZ,2023-09-14,9.88,9.93,9.75,9.81,9.87,-0.06,-0.6079,116312.09,114460.355
300383.SZ,2023-09-15,9.83,9.96,9.66,9.71,9.81,-0.1,-1.0194,144874.07,141295.775
300383.SZ,2023-09-18,9.68,9.77,9.62,9.65,9.71,-0.06,-0.6179,109966.84,106553.408
300383.SZ,2023-09-19,9.64,9.7,9.38,9.41,9.65,-0.24,-2.487,147295.88,139441.343
300383.SZ,2023-09-20,9.42,9.58,9.35,9.38,9.41,-0.03,-0.3188,119694.56,113316.622
300383.SZ,2023-09-21,9.35,9.6,9.35,9.45,9.38,0.07,0.7463,146761.1,139303.669
300383.SZ,2023-09-22,9.45,9.85,9.4,9.82,9.45,0.37,3.9153,226388.79,219312.362
300383.SZ,2023-09-25,9.84,9.87,9.69,9.73,9.82,-0.09,-0.9165,146079.45,142473.586
300383.SZ,2023-09-26,9.73,9.9,9.68,9.75,9.73,0.02,0.2055,140800.16,137877.355
300383.SZ,2023-09-27,9.72,9.79,9.66,9.71,9.75,-0.04,-0.4103,126383.0,123074.141
300383.SZ,2023-09-28,9.77,9.87,9.76,9.8,9.71,0.09,0.9269,139924.31,137366.862
300383.SZ,2023-10-09,9.79,9.94,9.72,9.9,9.8,0.1,1.0204,143520.06,141521.317
300383.SZ,2023-10-10,9.98,10.14,9.95,10.09,9.9,0.19,1.9192,203821.65,205082.723
300383.SZ,2023-10-11,10.15,10.3,10.03,10.19,10.09,0.1,0.9911,229048.53,233384.287
300383.SZ,2023-10-12,10.27,10.28,10.08,10.13,10.19,-0.06,-0.5888,147049.87,149353.025
300383.SZ,2023-10-13,10.08,10.24,10.06,10.13,10.13,0.0,0.0,129509.1,131523.377
300383.SZ,2023-10-16,10.12,10.15,9.97,10.02,10.13,-0.11,-1.0859,133820.24,134582.059
300383.SZ,2023-10-17,10.12,10.25,10.03,10.17,10.02,0.15,1.497,180625.91,183140.844
300383.SZ,2023-10-18,10.14,10.15,9.8,9.95,10.17,-0.22,-2.1632,202570.01,201152.801
300383.SZ,2023-10-19,9.94,10.1,9.83,9.86,9.95,-0.09,-0.9045,160287.27,159882.278
300383.SZ,2023-10-20,9.86,9.93,9.47,9.5,9.86,-0.36,-3.6511,163184.64,157373.583
300383.SZ,2023-10-23,9.43,9.5,9.11,9.16,9.5,-0.34,-3.5789,166229.45,154152.037
300383.SZ,2023-10-24,9.33,9.45,9.15,9.3,9.16,0.14,1.5284,179580.65,167066.499
300383.SZ,2023-10-25,9.41,9.81,9.34,9.58,9.3,0.28,3.0108,231381.24,222451.575
300383.SZ,2023-10-26,9.51,10.65,9.48,10.35,9.58,0.77,8.0376,692138.25,708215.973
300383.SZ,2023-10-27,10.29,10.31,10.0,10.09,10.35,-0.26,-2.5121,442950.68,447861.69
300383.SZ,2023-10-30,10.05,10.34,10.02,10.27,10.09,0.18,1.7839,452843.31,461742.454
300383.SZ,2023-10-31,10.35,10.35,10.05,10.15,10.27,-0.12,-1.1685,279900.45,284038.668
300383.SZ,2023-11-01,10.16,10.24,10.03,10.05,10.15,-0.1,-0.9852,216393.57,218357.665
300383.SZ,2023-11-02,10.03,10.16,9.89,9.91,10.05,-0.14,-1.393,216603.49,216990.47
300383.SZ,2023-11-03,9.9,10.14,9.89,10.07,9.91,0.16,1.6145,207778.87,208817.852
300383.SZ,2023-11-06,10.13,10.3,10.13,10.27,10.07,0.2,1.9861,271757.03,278167.485
300383.SZ,2023-11-07,10.25,10.59,10.21,10.55,10.27,0.28,2.7264,426108.68,444349.517
300383.SZ,2023-11-08,10.54,10.86,10.5,10.63,10.55,0.08,0.7583,567232.15,606786.085
300383.SZ,2023-11-09,10.66,10.93,10.48,10.74,10.63,0.11,1.0348,509946.23,546251.831
300383.SZ,2023-11-10,10.61,10.67,10.5,10.52,10.74,-0.22,-2.0484,244114.12,257688.04
300383.SZ,2023-11-13,10.6,10.78,10.6,10.7,10.52,0.18,1.711,273619.93,292436.743
300383.SZ,2023-11-14,10.7,10.92,10.66,10.86,10.7,0.16,1.4953,352083.52,379821.712
300383.SZ,2023-11-15,10.98,11.03,10.71,10.77,10.86,-0.09,-0.8287,301884.04,326264.94
300383.SZ,2023-11-16,10.7,11.08,10.66,10.8,10.77,0.03,0.2786,377771.07,411472.416
300383.SZ,2023-11-17,10.78,10.91,10.66,10.75,10.8,-0.05,-0.463,255337.01,274377.077
300383.SZ,2023-11-20,10.75,10.86,10.67,10.78,10.75,0.03,0.2791,246230.06,265169.165
300383.SZ,2023-11-21,10.78,10.82,10.57,10.59,10.78,-0.19,-1.7625,296438.48,316378.896
300383.SZ,2023-11-22,10.6,10.76,10.5,10.5,10.59,-0.09,-0.8499,200389.78,212966.394
300383.SZ,2023-11-23,10.54,10.62,10.32,10.61,10.5,0.11,1.0476,218217.11,228998.405
300383.SZ,2023-11-24,10.61,10.64,10.22,10.3,10.61,-0.31,-2.9218,259550.65,268676.621
300383.SZ,2023-11-27,10.26,10.43,10.22,10.32,10.3,0.02,0.1942,155102.88,160296.872
300383.SZ,2023-11-28,10.42,10.43,10.21,10.32,10.32,0.0,0.0,161016.08,166026.964
300383.SZ,2023-11-29,10.3,10.35,10.17,10.2,10.32,-0.12,-1.1628,135399.4,138753.963
300383.SZ,2023-11-30,10.18,10.24,10.02,10.13,10.2,-0.07,-0.6863,143793.25,145319.478
300383.SZ,2023-12-01,10.12,10.48,10.1,10.43,10.13,0.3,2.9615,209616.67,216207.484
300383.SZ,2023-12-04,10.45,10.72,10.43,10.48,10.43,0.05,0.4794,235693.34,249141.409
300383.SZ,2023-12-05,10.47,10.51,10.05,10.06,10.48,-0.42,-4.0076,221087.0,226561.451
300383.SZ,2023-12-06,10.04,10.2,9.83,10.07,10.06,0.01,0.0994,205719.93,205849.118
300383.SZ,2023-12-07,10.0,10.36,10.0,10.31,10.07,0.24,2.3833,191731.59,196094.652
300383.SZ,2023-12-08,10.35,10.54,10.26,10.46,10.31,0.15,1.4549,279117.47,290980.982
300383.SZ,2023-12-11,10.39,10.67,10.27,10.62,10.46,0.16,1.5296,259945.09,272854.593
300383.SZ,2023-12-12,10.64,10.68,10.53,10.61,10.62,-0.01,-0.0942,156341.81,165613.016
300383.SZ,2023-12-13,10.57,10.65,10.46,10.47,10.61,-0.14,-1.3195,144237.74,152157.508
300383.SZ,2023-12-14,10.53,10.64,10.4,10.4,10.47,-0.07,-0.6686,139733.0,146872.55
300383.SZ,2023-12-15,10.45,10.49,10.23,10.31,10.4,-0.09,-0.8654,133203.97,137876.929
300383.SZ,2023-12-18,10.27,10.38,10.1,10.13,10.31,-0.18,-1.7459,130815.76,133549.053
300383.SZ,2023-12-19,10.19,10.3,10.04,10.23,10.13,0.1,0.9872,112076.03,114176.791
300383.SZ,2023-12-20,10.28,10.3,9.93,9.95,10.23,-0.28,-2.737,165584.83,166278.587
300383.SZ,2023-12-21,9.9,10.08,9.71,9.92,9.95,-0.03,-0.3015,216634.82,213709.177
300383.SZ,2023-12-22,9.94,9.95,9.5,9.53,9.92,-0.39,-3.9315,238886.14,230849.46
300383.SZ,2023-12-25,9.53,9.66,9.5,9.53,9.53,0.0,0.0,103230.22,98730.351
300383.SZ,2023-12-26,9.52,9.57,9.23,9.27,9.53,-0.26,-2.7282,122126.14,113837.782
300383.SZ,2023-12-27,9.32,9.53,9.32,9.46,9.27,0.19,2.0496,129724.6,122518.427
300383.SZ,2023-12-28,9.45,9.66,9.35,9.58,9.46,0.12,1.2685,171840.0,164062.769
300383.SZ,2023-12-29,9.6,9.76,9.56,9.72,9.58,0.14,1.4614,130968.42,127057.988
300383.SZ,2024-01-02,9.75,9.82,9.6,9.6,9.72,-0.12,-1.2346,131576.58,127373.862
300383.SZ,2024-01-03,9.58,9.68,9.51,9.57,9.6,-0.03,-0.3125,106096.43,101704.662
300383.SZ,2024-01-04,9.56,9.65,9.49,9.59,9.57,0.02,0.209,107815.58,103316.341
300383.SZ,2024-01-05,9.6,9.64,9.3,9.35,9.59,-0.24,-2.5026,126982.73,120064.844
300383.SZ,2024-01-08,9.31,9.38,9.1,9.1,9.35,-0.25,-2.6738,132787.1,122449.214
300383.SZ,2024-01-09,9.15,9.23,9.0,9.07,9.1,-0.03,-0.3297,133890.16,122047.028
300383.SZ,2024-01-10,9.06,9.06,8.8,8.81,9.07,-0.26,-2.8666,135923.96,120941.617
300383.SZ,2024-01-11,8.84,9.16,8.83,9.15,8.81,0.34,3.8593,149934.47,135557.992
300383.SZ,2024-01-12,9.12,9.17,8.98,8.99,9.15,-0.16,-1.7486,102290.33,92626.016
300383.SZ,2024-01-15,9.05,9.12,8.93,9.0,8.99,0.01,0.1112,102731.24,92694.047
300383.SZ,2024-01-16,8.97,9.05,8.72,8.84,9.0,-0.16,-1.7778,171263.94,151388.048
300383.SZ,2024-01-17,8.82,8.88,8.6,8.62,8.84,-0.22,-2.4887,144411.68,126604.26
300383.SZ,2024-01-18,8.61,8.75,8.39,8.68,8.62,0.06,0.6961,214569.15,183434.674
300383.SZ,2024-01-19,8.66,8.74,8.46,8.46,8.68,-0.22,-2.5346,133258.82,114285.523
300383.SZ,2024-01-22,8.47,8.54,7.92,7.97,8.46,-0.49,-5.792,208287.24,171554.224
300383.SZ,2024-01-23,7.99,8.25,7.93,8.19,7.97,0.22,2.7604,176576.07,143166.868
300383.SZ,2024-01-24,8.26,8.34,7.98,8.34,8.19,0.15,1.8315,156856.78,128249.417
300383.SZ,2024-01-25,8.32,8.63,8.21,8.61,8.34,0.27,3.2374,168521.93,143281.968
300383.SZ,2024-01-26,8.7,8.7,8.53,8.56,8.61,-0.05,-0.5807,122625.56,105653.283
300383.SZ,2024-01-29,8.56,8.6,8.26,8.27,8.56,-0.29,-3.3879,131003.32,109699.372
300383.SZ,2024-01-30,8.3,8.48,8.16,8.19,8.27,-0.08,-0.9674,181347.31,151149.629
300383.SZ,2024-01-31,8.18,8.18,7.76,7.78,8.19,-0.41,-5.0061,226244.4,179789.904
300383.SZ,2024-02-01,7.75,8.02,7.62,7.83,7.78,0.05,0.6427,191731.31,149919.497
300383.SZ,2024-02-02,7.82,8.05,7.1,7.49,7.83,-0.34,-4.3423,228264.85,173671.393
300383.SZ,2024-02-05,7.41,7.6,6.74,7.11,7.49,-0.38,-5.0734,313008.0,223166.891
300383.SZ,2024-02-06,7.0,8.17,6.94,8.1,7.11,0.99,13.9241,335578.28,256579.456
300383.SZ,2024-02-07,8.01,8.77,8.01,8.72,8.1,0.62,7.6543,490103.75,418644.19
300383.SZ,2024-02-08,8.85,9.3,8.78,8.82,8.72,0.1,1.1468,438644.85,398555.622
300383.SZ,2024-02-19,9.11,9.15,8.81,9.01,8.82,0.19,2.1542,335848.76,300571.561
300383.SZ,2024-02-20,8.96,9.04,8.86,8.97,9.01,-0.04,-0.444,190231.23,170415.592
300383.SZ,2024-02-21,8.93,9.16,8.86,8.9,8.97,-0.07,-0.7804,227579.63,204989.608
300383.SZ,2024-02-22,8.96,9.21,8.96,9.14,8.9,0.24,2.6966,263684.2,239744.762
300383.SZ,2024-02-23,9.14,9.18,9.0,9.16,9.14,0.02,0.2188,263073.0,239081.42
300383.SZ,2024-02-26,9.13,9.27,9.04,9.16,9.16,0.0,0.0,269755.69,247519.751
300383.SZ,2024-02-27,9.09,9.67,9.06,9.67,9.16,0.51,5.5677,366844.71,345729.458
300383.SZ,2024-02-28,9.65,9.75,9.01,9.03,9.67,-0.64,-6.6184,426617.1,402204.256
300383.SZ,2024-02-29,9.02,9.46,9.0,9.4,9.03,0.37,4.0975,288536.23,268929.556
300383.SZ,2024-03-01,9.39,9.77,9.37,9.76,9.4,0.36,3.8298,344983.49,331412.77
300383.SZ,2024-03-04,9.9,10.18,9.65,10.02,9.76,0.26,2.6639,521834.14,519526.1
300383.SZ,2024-03-05,9.85,10.05,9.8,9.87,10.02,-0.15,-1.497,358719.9,355675.167
300383.SZ,2024-03-06,9.8,9.98,9.69,9.86,9.87,-0.01,-0.1013,246496.8,242836.1
300383.SZ,2024-03-07,9.83,9.94,9.47,9.48,9.86,-0.38,-3.854,276396.02,267630.541
300383.SZ,2024-03-08,9.51,10.14,9.44,9.99,9.48,0.51,5.3797,463910.23,457937.616
300383.SZ,2024-03-11,9.82,10.02,9.68,9.99,9.99,0.0,0.0,410001.29,402720.416
300383.SZ,2024-03-12,10.28,10.37,9.86,9.96,9.99,-0.03,-0.3003,491208.62,495272.492
300383.SZ,2024-03-13,9.96,10.07,9.84,9.91,9.96,-0.05,-0.502,314686.52,313122.52
300383.SZ,2024-03-14,9.82,9.94,9.62,9.77,9.91,-0.14,-1.4127,285636.54,278860.146
300383.SZ,2024-03-15,9.75,9.88,9.63,9.87,9.77,0.1,1.0235,228793.12,222955.74
300383.SZ,2024-03-18,9.95,9.96,9.75,9.94,9.87,0.07,0.7092,263174.52,259993.79
300383.SZ,2024-03-19,9.89,9.97,9.83,9.85,9.94,-0.09,-0.9054,208188.56,205946.119
300383.SZ,2024-03-20,9.85,10.1,9.82,10.0,9.85,0.15,1.5228,340451.91,339462.629
300383.SZ,2024-03-21,10.0,10.15,9.95,9.96,10.0,-0.04,-0.4,288135.31,288968.9
300383.SZ,2024-03-22,9.94,10.29,9.93,10.16,9.96,0.2,2.008,543667.73,550039.709
300383.SZ,2024-03-25,10.38,10.44,9.96,9.96,10.16,-0.2,-1.9685,570603.31,581630.977
300383.SZ,2024-03-26,9.9,10.07,9.63,9.7,9.96,-0.26,-2.6104,491533.48,484183.902
300383.SZ,2024-03-27,9.66,9.7,9.05,9.05,9.7,-0.65,-6.701,416828.52,386657.727
300383.SZ,2024-03-28,9.1,9.57,9.05,9.48,9.05,0.43,4.7514,353396.17,331772.336
300383.SZ,2024-03-29,9.46,9.5,9.21,9.49,9.48,0.01,0.1055,214960.16,201332.745
300383.SZ,2024-04-01,9.54,9.64,9.4,9.59,9.49,0.1,1.0537,230594.58,220272.164
300383.SZ,2024-04-02,9.54,9.6,9.26,9.31,9.59,-0.28,-2.9197,221413.33,207380.819
300383.SZ,2024-04-03,9.26,9.38,9.09,9.21,9.31,-0.1,-1.0741,224173.54,206603.4
300383.SZ,2024-04-08,9.19,9.22,9.03,9.03,9.21,-0.18,-1.9544,175093.6,159606.537
300383.SZ,2024-04-09,9.01,9.18,8.96,9.11,9.03,0.08,0.8859,155526.34,141146.357
300383.SZ,2024-04-10,9.13,9.15,8.89,8.93,9.11,-0.18,-1.9759,165470.07,148747.764
300383.SZ,2024-04-11,8.88,9.12,8.87,8.96,8.93,0.03,0.3359,152645.7,137806.683
300383.SZ,2024-04-12,8.97,9.1,8.92,8.92,8.96,-0.04,-0.4464,138936.85,125227.222
300383.SZ,2024-04-15,8.92,9.09,8.71,8.9,8.92,-0.02,-0.2242,221786.86,198097.436
300383.SZ,2024-04-16,8.75,8.99,8.55,8.6,8.9,-0.3,-3.3708,214306.06,186563.23
300383.SZ,2024-04-17,8.65,8.99,8.65,8.98,8.6,0.38,4.4186,187739.59,167245.807
300383.SZ,2024-04-18,8.9,9.07,8.78,8.89,8.98,-0.09,-1.0022,176993.51,157755.319
300383.SZ,2024-04-19,8.79,8.93,8.72,8.75,8.89,-0.14,-1.5748,137176.14,120827.015
300383.SZ,2024-04-22,8.64,8.79,8.45,8.66,8.75,-0.09,-1.0286,132520.94,114620.98
300383.SZ,2024-04-23,8.7,8.82,8.65,8.67,8.66,0.01,0.1155,108062.6,94140.655
300383.SZ,2024-04-24,8.7,8.93,8.68,8.93,8.67,0.26,2.9988,141149.47,124739.036
300383.SZ,2024-04-25,8.83,8.98,8.83,8.86,8.93,-0.07,-0.7839,134331.6,119445.228
300383.SZ,2024-04-26,8.97,9.27,8.95,9.26,8.86,0.4,4.5147,297888.19,272493.18
300383.SZ,2024-04-29,9.27,9.47,9.27,9.41,9.26,0.15,1.6199,227170.13,213656.149
300383.SZ,2024-04-30,9.45,9.47,9.3,9.38,9.41,-0.03,-0.3188,169876.0,159332.647
300383.SZ,2024-05-06,9.52,9.58,9.41,9.43,9.38,0.05,0.533,167681.59,159008.062
300383.SZ,2024-05-07,9.45,9.49,9.34,9.36,9.43,-0.07,-0.7423,150216.5,141223.011
300383.SZ,2024-05-08,9.32,9.35,9.07,9.09,9.26,-0.17,-1.8359,136186.0,124642.794
300383.SZ,2024-05-09,9.09,9.25,9.08,9.17,9.09,0.08,0.8801,123190.27,113174.686
300383.SZ,2024-05-10,9.2,9.22,8.99,9.08,9.17,-0.09,-0.9815,146974.33,133366.452
300383.SZ,2024-05-13,9.01,9.06,8.87,9.03,9.08,-0.05,-0.5507,133020.02,119602.474
300383.SZ,2024-05-14,9.03,9.16,8.96,9.06,9.03,0.03,0.3322,127132.18,115212.064
300383.SZ,2024-05-15,9.07,9.12,8.93,8.93,9.06,-0.13,-1.4349,118937.0,107196.82
300383.SZ,2024-05-16,8.97,9.06,8.89,8.92,8.93,-0.01,-0.112,113016.58,101549.28
300383.SZ,2024-05-17,8.88,9.1,8.86,9.1,8.92,0.18,2.0179,133660.89,120465.625
300383.SZ,2024-05-20,9.11,9.21,8.98,9.12,9.1,0.02,0.2198,136606.7,124595.208
300383.SZ,2024-05-21,9.16,9.19,9.04,9.09,9.12,-0.03,-0.3289,115631.0,105364.104
300383.SZ,2024-05-22,9.06,9.12,9.01,9.06,9.09,-0.03,-0.33,92421.0,83744.3
300383.SZ,2024-05-23,9.08,9.08,8.78,8.8,9.06,-0.26,-2.8698,166273.0,147567.498
300383.SZ,2024-05-24,8.83,8.91,8.69,8.69,8.8,-0.11,-1.25,110076.0,96848.65
300383.SZ,2024-05-27,8.68,8.86,8.56,8.74,8.69,0.05,0.5754,121484.91,105099.846
300383.SZ,2024-05-28,8.71,8.77,8.57,8.58,8.74,-0.16,-1.8307,105074.54,90925.195
300383.SZ,2024-05-29,8.59,8.69,8.48,8.52,8.58,-0.06,-0.6993,98411.7,84467.686
300383.SZ,2024-05-30,8.5,8.59,8.4,8.55,8.52,0.03,0.3521,100192.7,85459.564
300383.SZ,2024-05-31,8.55,8.74,8.55,8.65,8.55,0.1,1.1696,108030.16,93629.136
300383.SZ,2024-06-03,8.61,8.69,8.48,8.56,8.65,-0.09,-1.0405,117097.0,100640.565
300383.SZ,2024-06-04,8.53,8.62,8.43,8.61,8.56,0.05,0.5841,127905.15,109035.376
300383.SZ,2024-06-05,8.6,8.64,8.43,8.44,8.61,-0.17,-1.9744,123622.12,105709.855
300383.SZ,2024-06-06,8.49,8.53,8.23,8.25,8.44,-0.19,-2.2512,177078.97,147725.875
300383.SZ,2024-06-07,8.34,8.41,8.18,8.26,8.25,0.01,0.1212,128892.08,106803.659
300383.SZ,2024-06-11,8.22,8.43,8.13,8.39,8.26,0.13,1.5738,124935.1,104013.081
300383.SZ,2024-06-12,8.39,8.56,8.39,8.53,8.39,0.14,1.6687,112508.91,95753.82
300383.SZ,2024-06-13,8.52,8.59,8.42,8.52,8.53,-0.01,-0.1172,101562.01,86451.739
300383.SZ,2024-06-14,8.53,8.71,8.48,8.69,8.52,0.17,1.9953,170682.69,146847.96
300383.SZ,2024-06-17,8.68,8.79,8.62,8.73,8.69,0.04,0.4603,128464.72,112095.059
300383.SZ,2024-06-18,8.72,8.9,8.69,8.87,8.73,0.14,1.6037,121029.58,107062.755
300383.SZ,2024-06-19,8.88,8.95,8.81,8.85,8.87,-0.02,-0.2255,123537.0,109629.856
300383.SZ,2024-06-20,8.81,8.88,8.67,8.68,8.85,-0.17,-1.9209,125311.0,109809.019
300383.SZ,2024-06-21,8.66,8.79,8.59,8.73,8.68,0.05,0.576,106148.0,92497.979
300383.SZ,2024-06-24,8.62,8.73,8.41,8.43,8.73,-0.3,-3.4364,132548.0,113478.957
300383.SZ,2024-06-25,8.46,8.52,8.08,8.15,8.43,-0.28,-3.3215,152317.93,125816.259
300383.SZ,2024-06-26,8.14,8.66,8.09,8.64,8.15,0.49,6.0123,167405.89,140732.131
300383.SZ,2024-06-27,8.63,8.66,8.46,8.49,8.64,-0.15,-1.7361,112564.0,96265.652
300383.SZ,2024-06-28,8.49,8.66,8.42,8.45,8.49,-0.04,-0.4711,142602.63,121867.247
300383.SZ,2024-07-01,8.45,8.56,8.3,8.53,8.45,0.08,0.9467,124653.94,105114.187
300383.SZ,2024-07-02,8.53,8.65,8.46,8.48,8.53,-0.05,-0.5862,103061.6,88155.313
300383.SZ,2024-07-03,8.48,8.52,8.35,8.36,8.48,-0.12,-1.4151,95585.96,80532.459
300383.SZ,2024-07-04,8.38,8.44,8.18,8.19,8.36,-0.17,-2.0335,90085.57,74487.102
300383.SZ,2024-07-05,8.18,8.27,8.13,8.2,8.19,0.01,0.1221,96519.91,79187.192
300383.SZ,2024-07-08,8.18,8.21,7.92,7.97,8.2,-0.23,-2.8049,141743.37,113830.818
300383.SZ,2024-07-09,7.97,8.27,7.91,8.27,7.97,0.3,3.7641,135638.45,110035.887
300383.SZ,2024-07-10,8.2,8.4,8.2,8.3,8.27,0.03,0.3628,115136.59,95919.292
300383.SZ,2024-07-11,8.42,8.49,8.33,8.41,8.3,0.11,1.3253,114932.87,96733.592
300383.SZ,2024-07-12,8.39,8.42,8.29,8.34,8.41,-0.07,-0.8323,82758.35,69007.383
300383.SZ,2024-07-15,8.31,8.31,8.09,8.13,8.34,-0.21,-2.518,110510.0,90251.389
300383.SZ,2024-07-16,8.12,8.23,8.02,8.2,8.13,0.07,0.861,95789.0,77985.172
300383.SZ,2024-07-17,8.2,8.29,8.11,8.13,8.2,-0.07,-0.8537,87882.0,71910.464
300383.SZ,2024-07-18,8.03,8.08,7.78,7.98,8.13,-0.15,-1.845,181816.0,143638.003
300383.SZ,2024-07-19,7.96,8.09,7.9,8.01,7.98,0.03,0.3759,117763.0,94416.733
300383.SZ,2024-07-22,8.01,8.15,8.01,8.09,8.01,0.08,0.9988,118363.0,95784.043
300383.SZ,2024-07-23,8.09,8.1,7.91,7.91,8.09,-0.18,-2.225,112294.0,90098.398
300383.SZ,2024-07-24,7.87,7.96,7.77,7.8,7.91,-0.11,-1.3906,104363.36,82035.127
300383.SZ,2024-07-25,7.77,7.89,7.7,7.74,7.8,-0.06,-0.7692,95941.5,74516.57
300383.SZ,2024-07-26,7.75,7.91,7.73,7.85,7.74,0.11,1.4212,95648.5,74955.09
300383.SZ,2024-07-29,7.88,7.93,7.78,7.86,7.85,0.01,0.1274,79090.0,62177.837
300383.SZ,2024-07-30,7.82,7.96,7.76,7.9,7.86,0.04,0.5089,84623.0,66625.415
300383.SZ,2024-07-31,7.88,8.28,7.87,8.27,7.9,0.37,4.6835,176340.06,143895.034
300383.SZ,2024-08-01,8.3,8.38,8.25,8.32,8.27,0.05,0.6046,126966.0,105738.189
300383.SZ,2024-08-02,8.29,8.38,8.12,8.19,8.32,-0.13,-1.5625,113948.0,94219.075
300383.SZ,2024-08-05,8.1,8.22,7.91,7.91,8.19,-0.28,-3.4188,154136.54,124158.825
300383.SZ,2024-08-06,7.99,8.09,7.8,7.91,7.91,0.0,0.0,128699.22,101823.221
300383.SZ,2024-08-07,7.86,7.98,7.84,7.88,7.91,-0.03,-0.3793,91815.0,72724.679
300383.SZ,2024-08-08,7.87,7.96,7.75,7.84,7.88,-0.04,-0.5076,106465.76,83564.73
300383.SZ,2024-08-09,7.9,7.96,7.78,7.78,7.84,-0.06,-0.7653,89542.23,70272.645
300383.SZ,2024-08-12,7.79,7.8,7.69,7.71,7.78,-0.07,-0.8997,90183.97,69669.292
300383.SZ,2024-08-13,7.72,7.8,7.68,7.77,7.71,0.06,0.7782,64751.0,50072.595
300383.SZ,2024-08-14,7.79,7.8,7.69,7.7,7.77,-0.07,-0.9009,62261.0,48138.731
300383.SZ,2024-08-15,7.69,7.91,7.65,7.84,7.7,0.14,1.8182,132018.35,103230.673
300383.SZ,2024-08-16,7.86,7.96,7.85,7.9,7.84,0.06,0.7653,99142.41,78353.125
300383.SZ,2024-08-19,7.9,8.09,7.88,8.04,7.9,0.14,1.7722,112614.51,90359.859
300383.SZ,2024-08-20,8.01,8.05,7.91,7.93,8.04,-0.11,-1.3682,104146.4,82954.137
300383.SZ,2024-08-21,7.91,8.0,7.79,7.82,7.93,-0.11,-1.3871,82407.8,65008.492
300383.SZ,2024-08-22,7.82,7.98,7.7,7.72,7.82,-0.1,-1.2788,110002.0,85911.192
300383.SZ,2024-08-23,7.7,7.92,7.69,7.88,7.72,0.16,2.0725,95619.0,74855.281
300383.SZ,2024-08-26,7.87,7.93,7.77,7.82,7.88,-0.06,-0.7614,97528.75,76594.72
300383.SZ,2024-08-27,7.8,7.88,7.65,7.67,7.82,-0.15,-1.9182,95360.0,73667.836
300383.SZ,2024-08-28,7.65,7.76,7.56,7.71,7.67,0.04,0.5215,85196.0,65294.623
300383.SZ,2024-08-29,7.76,7.92,7.7,7.86,7.71,0.15,1.9455,132139.91,103440.384
300383.SZ,2024-08-30,7.87,8.13,7.86,8.02,7.86,0.16,2.0356,186918.0,150353.362
300383.SZ,2024-09-02,8.02,8.06,7.77,7.79,8.02,-0.23,-2.8678,166630.76,131737.939
300383.SZ,2024-09-03,7.82,7.93,7.78,7.92,7.79,0.13,1.6688,124550.08,97969.396
300383.SZ,2024-09-04,7.86,7.93,7.81,7.84,7.92,-0.08,-1.0101,90568.0,71185.787
300383.SZ,2024-09-05,7.88,8.0,7.83,7.95,7.84,0.11,1.4031,89166.0,70706.503
300383.SZ,2024-09-06,7.96,7.98,7.78,7.78,7.95,-0.17,-2.1384,90304.0,70938.681
300383.SZ,2024-09-09,7.71,7.85,7.7,7.75,7.78,-0.03,-0.3856,108554.42,84190.039
300383.SZ,2024-09-10,7.75,7.99,7.61,7.92,7.75,0.17,2.1935,148288.92,115367.614
300383.SZ,2024-09-11,7.88,7.92,7.84,7.92,7.92,0.0,0.0,77080.34,60774.693
300383.SZ,2024-09-12,7.92,8.03,7.88,7.91,7.92,-0.01,-0.1263,93769.0,74563.704
300383.SZ,2024-09-13,7.93,7.93,7.79,7.8,7.91,-0.11,-1.3906,80278.09,63091.889
300383.SZ,2024-09-18,7.82,7.88,7.64,7.79,7.8,-0.01,-0.1282,86272.06,66741.985
300383.SZ,2024-09-19,7.84,7.99,7.72,7.97,7.79,0.18,2.3107,122026.94,96488.64
300383.SZ,2024-09-20,7.98,8.15,7.93,8.08,7.97,0.11,1.3802,171899.94,138599.251
300383.SZ,2024-09-23,8.05,8.15,8.03,8.07,8.08,-0.01,-0.1238,114415.0,92633.541
300383.SZ,2024-09-24,8.09,8.29,8.03,8.29,8.07,0.22,2.7261,216979.03,177780.241
300383.SZ,2024-09-25,8.33,8.5,8.24,8.25,8.29,-0.04,-0.4825,253254.51,212088.281
300383.SZ,2024-09-26,8.25,8.54,8.23,8.53,8.25,0.28,3.3939,235470.46,197718.272
300383.SZ,2024-09-27,8.62,9.15,8.58,9.09,8.53,0.56,6.5651,446117.04,396232.529
300383.SZ,2024-09-30,9.5,10.65,9.5,10.52,9.09,1.43,15.7316,881805.14,889610.511
300383.SZ,2024-10-08,12.61,12.61,11.31,12.19,10.52,1.67,15.8745,1320381.45,1594370.278
300383.SZ,2024-10-09,11.67,11.86,10.6,10.6,12.19,-1.59,-13.0435,1062736.23,1201390.603
300383.SZ,2024-10-10,11.18,11.27,10.51,10.54,10.6,-0.06,-0.566,737395.12,797175.733
300383.SZ,2024-10-11,10.42,10.57,9.77,9.95,10.54,-0.59,-5.5977,522408.89,527453.441
300383.SZ,2024-10-14,10.01,10.26,9.72,10.23,9.95,0.28,2.8141,444484.36,445170.386
300383.SZ,2024-10-15,10.2,10.5,9.99,10.08,10.23,-0.15,-1.4663,502282.98,517056.023
300383.SZ,2024-10-16,9.85,10.16,9.82,10.0,10.08,-0.08,-0.7937,345653.34,346252.366
300383.SZ,2024-10-17,10.12,10.28,10.0,10.01,10.0,0.01,0.1,373176.39,379068.756
300383.SZ,2024-10-18,10.09,10.85,9.89,10.49,10.01,0.48,4.7952,625466.44,647800.206
300383.SZ,2024-10-21,10.62,10.93,10.51,10.74,10.49,0.25,2.3832,609321.19,653365.923
300383.SZ,2024-10-22,10.66,10.73,10.46,10.63,10.74,-0.11,-1.0242,509032.03,538799.808
300383.SZ,2024-10-23,10.58,11.25,10.45,10.69,10.63,0.06,0.5644,630955.7,679354.883
300383.SZ,2024-10-24,10.55,10.63,10.4,10.56,10.69,-0.13,-1.2161,363795.3,382430.325
300383.SZ,2024-10-25,10.52,10.84,10.45,10.75,10.56,0.19,1.7992,467701.61,497912.268
300383.SZ,2024-10-28,10.76,11.14,10.56,11.13,10.75,0.38,3.5349,715489.0,776878.559
300383.SZ,2024-10-29,11.3,11.3,10.75,10.76,11.13,-0.37,-3.3243,656602.0,716519.359
300383.SZ,2024-10-30,10.75,10.87,10.63,10.81,10.76,0.05,0.4647,412620.08,443862.568
300383.SZ,2024-10-31,10.87,11.02,10.69,10.84,10.81,0.03,0.2775,470547.6,510824.978
300383.SZ,2024-11-01,10.76,10.82,10.22,10.24,10.84,-0.6,-5.5351,554693.93,579416.054
300383.SZ,2024-11-04,10.27,10.52,10.27,10.5,10.24,0.26,2.5391,267805.0,279356.52
300383.SZ,2024-11-05,10.51,10.92,10.46,10.88,10.5,0.38,3.619,516552.95,557628.923
300383.SZ,2024-11-06,10.89,11.23,10.8,11.0,10.88,0.12,1.1029,635099.24,702056.876
300383.SZ,2024-11-07,10.93,11.24,10.86,11.24,11.0,0.24,2.1818,560234.2,621123.306
300383.SZ,2024-11-08,11.5,11.85,11.38,11.43,11.24,0.19,1.6904,868955.39,1007010.301
300383.SZ,2024-11-11,12.1,12.47,11.8,12.11,11.43,0.68,5.9493,1162427.29,1398674.727
300383.SZ,2024-11-12,12.5,13.99,12.12,12.82,12.11,0.71,5.8629,1941501.82,2499054.058
300383.SZ,2024-11-13,12.86,12.87,12.11,12.35,12.82,-0.47,-3.6661,1169262.52,1445861.856
300383.SZ,2024-11-14,12.28,12.28,11.7,11.72,12.35,-0.63,-5.1012,818740.55,980443.583
300383.SZ,2024-11-15,11.64,12.04,11.36,11.41,11.72,-0.31,-2.6451,727720.14,856091.577
300383.SZ,2024-11-18,11.48,11.56,10.76,10.85,11.41,-0.56,-4.908,675060.34,742882.56
300383.SZ,2024-11-19,10.9,11.14,10.73,11.11,10.85,0.26,2.3963,482140.4,527503.79
300383.SZ,2024-11-20,11.1,11.65,11.03,11.5,11.11,0.39,3.5104,605094.57,688851.87
300383.SZ,2024-11-21,11.43,11.59,11.26,11.46,11.5,-0.04,-0.3478,451449.71,517277.15
300383.SZ,2024-11-22,11.31,11.79,11.02,11.04,11.46,-0.42,-3.6649,611742.06,700695.647
300383.SZ,2024-11-25,11.0,11.14,10.74,11.02,11.04,-0.02,-0.1812,392312.74,427328.94
300383.SZ,2024-11-26,10.96,11.14,10.8,10.85,11.02,-0.17,-1.5426,296312.2,324701.867
300383.SZ,2024-11-27,10.81,11.13,10.57,11.13,10.85,0.28,2.5806,353338.49,383173.862
300383.SZ,2024-11-28,11.18,11.55,11.14,11.18,11.13,0.05,0.4492,478533.01,544733.8
300383.SZ,2024-11-29,11.2,11.51,11.03,11.42,11.18,0.24,2.1467,499271.51,565080.244
300383.SZ,2024-12-02,11.45,11.65,11.37,11.58,11.42,0.16,1.4011,446059.55,515358.89
300383.SZ,2024-12-03,11.58,11.58,11.25,11.42,11.58,-0.16,-1.3817,403825.56,460230.267
300383.SZ,2024-12-04,11.36,11.39,11.0,11.07,11.42,-0.35,-3.0648,359283.0,401496.988
300383.SZ,2024-12-05,11.05,11.41,11.03,11.29,11.07,0.22,1.9874,342802.0,387360.451
300383.SZ,2024-12-06,11.32,11.45,11.11,11.37,11.29,0.08,0.7086,389507.12,440401.717
300383.SZ,2024-12-09,11.41,11.48,11.12,11.2,11.37,-0.17,-1.4952,296558.54,334297.789
300383.SZ,2024-12-10,11.61,11.68,11.28,11.3,11.2,0.1,0.8929,476781.16,546617.523
300383.SZ,2024-12-11,11.33,11.78,11.31,11.72,11.3,0.42,3.7168,662952.31,767505.601
300383.SZ,2024-12-12,11.76,11.92,11.6,11.77,11.72,0.05,0.4266,536643.27,630199.602
300383.SZ,2024-12-13,11.69,12.62,11.62,12.41,11.77,0.64,5.4376,1423054.51,1724797.822
300383.SZ,2024-12-16,12.36,12.87,11.95,12.59,12.41,0.18,1.4504,1333091.53,1660497.285
300383.SZ,2024-12-17,12.4,12.4,11.78,11.8,12.59,-0.79,-6.2748,918590.83,1108037.965
300383.SZ,2024-12-18,11.8,13.0,11.53,12.59,11.8,0.79,6.6949,1126605.45,1398135.503
300383.SZ,2024-12-19,12.35,14.78,12.35,14.1,12.59,1.51,11.9936,2872796.87,3927151.338
300383.SZ,2024-12-20,13.59,14.0,13.16,13.28,14.1,-0.82,-5.8156,1991722.14,2690494.966
300383.SZ,2024-12-23,13.58,13.97,13.25,13.56,13.28,0.28,2.1084,1909945.07,2600021.814
300383.SZ,2024-12-24,13.5,13.51,12.8,13.14,13.56,-0.42,-3.0973,1226411.51,1602951.609
300383.SZ,2024-12-25,13.0,14.46,12.72,13.54,13.14,0.4,3.0441,2060524.29,2798904.319
300383.SZ,2024-12-26,13.35,14.98,13.34,14.5,13.54,0.96,7.0901,2768461.61,3986170.934
300383.SZ,2024-12-27,14.4,14.88,13.88,13.9,14.5,-0.6,-4.1379,1724135.32,2454830.08
300383.SZ,2024-12-30,14.1,14.67,13.94,14.11,13.9,0.21,1.5108,1476605.28,2108217.698
300383.SZ,2024-12-31,14.35,15.88,14.35,14.59,14.11,0.48,3.4018,2624853.58,3949883.861
300383.SZ,2025-01-02,14.32,14.41,13.28,13.49,14.59,-1.1,-7.5394,2037480.57,2818591.58
300383.SZ,2025-01-03,13.52,13.6,12.49,12.52,13.49,-0.97,-7.1905,1412257.47,1803088.458
300383.SZ,2025-01-06,12.4,12.73,12.06,12.31,12.52,-0.21,-1.6773,887666.77,1094136.511
300383.SZ,2025-01-07,12.4,13.34,12.4,13.24,12.31,0.93,7.5548,1411242.01,1827216.443
300383.SZ,2025-01-08,13.33,14.24,12.93,13.87,13.24,0.63,4.7583,1722230.19,2329187.332
300383.SZ,2025-01-09,13.69,14.41,13.65,13.81,13.87,-0.06,-0.4326,1357390.16,1896516.986
300383.SZ,2025-01-10,13.95,14.01,13.02,13.02,13.81,-0.79,-5.7205,1134355.44,1528285.811
300383.SZ,2025-01-13,12.72,13.57,12.65,13.19,13.02,0.17,1.3057,847150.05,1114064.244
300383.SZ,2025-01-14,13.28,14.2,13.06,14.14,13.19,0.95,7.2024,1322623.76,1828935.352
300383.SZ,2025-01-15,14.14,14.37,13.86,13.98,14.14,-0.16,-1.1315,931127.37,1307628.273
300383.SZ,2025-01-16,14.31,14.7,14.0,14.16,13.98,0.18,1.2876,1244926.09,1777954.629
300383.SZ,2025-01-17,14.1,14.24,13.68,13.89,14.16,-0.27,-1.9068,854074.07,1186408.974
300383.SZ,2025-01-20,14.0,14.54,13.93,14.17,13.89,0.28,2.0158,1019930.4,1455908.116
300383.SZ,2025-01-21,14.38,14.96,14.16,14.9,14.17,0.73,5.1517,1431524.06,2087058.938
300383.SZ,2025-01-22,14.81,15.48,14.73,15.48,14.9,0.58,3.8926,1665040.37,2527925.569
300383.SZ,2025-01-23,15.6,15.86,14.91,15.3,15.48,-0.18,-1.1628,1565707.89,2402502.311
300383.SZ,2025-01-24,15.01,15.6,14.93,15.46,15.3,0.16,1.0458,1303227.88,1991330.13
300383.SZ,2025-01-27,15.27,15.31,13.82,13.86,15.46,-1.6,-10.3493,1290466.16,1859087.098
300383.SZ,2025-02-05,14.64,15.98,14.45,15.84,13.86,1.98,14.2857,2066767.31,3135238.412
300383.SZ,2025-02-06,15.6,16.2,15.42,16.01,15.84,0.17,1.0732,1447689.25,2296866.242
300383.SZ,2025-02-07,16.28,17.33,16.1,16.69,16.01,0.68,4.2473,2200969.73,3704613.912
300383.SZ,2025-02-10,17.3,17.31,16.77,16.85,16.69,0.16,0.9587,1768588.82,3011034.688
300383.SZ,2025-02-11,16.76,17.8,16.3,16.34,16.85,-0.51,-3.0267,1720620.5,2895862.541
300383.SZ,2025-02-12,16.52,18.29,16.52,17.64,16.34,1.3,7.9559,2183597.81,3823121.555
300383.SZ,2025-02-13,17.65,17.76,16.77,17.17,17.64,-0.47,-2.6644,1536361.51,2638776.796
300383.SZ,2025-02-14,17.22,18.2,16.8,17.7,17.17,0.53,3.0868,1773055.61,3111661.514
300383.SZ,2025-02-17,17.53,18.38,17.15,17.85,17.7,0.15,0.8475,2254042.05,4002852.288
300383.SZ,2025-02-18,17.27,17.27,15.87,16.29,17.85,-1.56,-8.7395,1886168.54,3109288.809
300383.SZ,2025-02-19,16.23,16.98,16.18,16.85,16.29,0.56,3.4377,1139613.46,1896104.441
300383.SZ,2025-02-20,16.6,17.66,16.51,17.31,16.85,0.46,2.73,1340353.39,2288641.765
300383.SZ,2025-02-21,18.22,20.77,18.14,20.77,17.31,3.46,19.9884,2335539.99,4562192.759
300383.SZ,2025-02-24,22.1,23.62,21.5,21.88,20.77,1.11,5.3442,3297294.88,7368566.207
300383.SZ,2025-02-25,20.96,24.0,20.2,22.95,21.88,1.07,4.8903,3023801.87,6694644.651
300383.SZ,2025-02-26,22.7,22.8,21.69,22.05,22.95,-0.9,-3.9216,1935850.8,4267874.154
300383.SZ,2025-02-27,21.8,22.2,20.23,21.04,22.05,-1.01,-4.5805,2082521.9,4385268.616
300383.SZ,2025-02-28,21.0,21.2,19.35,19.44,21.04,-1.6,-7.6046,1453953.75,2895283.995
300383.SZ,2025-03-03,19.74,19.84,18.62,18.87,19.44,-0.57,-2.9321,1181555.77,2251235.808
300383.SZ,2025-03-04,18.7,19.38,18.6,19.15,18.87,0.28,1.4838,1039041.67,1982092.614
300383.SZ,2025-03-05,19.62,20.43,19.33,20.43,19.15,1.28,6.6841,1741409.1,3469201.583
300383.SZ,2025-03-06,20.97,21.6,20.76,21.14,20.43,0.71,3.4753,1769834.57,3734644.078
300383.SZ,2025-03-07,20.8,21.24,20.1,20.34,21.14,-0.8,-3.7843,1223724.1,2513732.169
300383.SZ,2025-03-10,20.05,20.43,19.75,19.98,20.34,-0.36,-1.7699,777110.62,1553028.506
300383.SZ,2025-03-11,19.6,20.98,19.6,20.98,19.98,1.0,5.005,1224258.05,2505571.357
300383.SZ,2025-03-12,21.15,21.93,20.76,21.13,20.98,0.15,0.715,1554516.3,3335587.859
300383.SZ,2025-03-13,20.94,21.15,19.9,20.3,21.13,-0.83,-3.9281,1033404.85,2110198.346
300383.SZ,2025-03-14,20.0,20.94,19.49,20.71,20.3,0.41,2.0197,966209.4,1954325.514
300383.SZ,2025-03-17,20.51,20.6,19.88,20.02,20.71,-0.69,-3.3317,741903.61,1490597.218
300383.SZ,2025-03-18,20.19,20.65,19.25,19.31,20.02,-0.71,-3.5465,1214126.39,2410050.671
300383.SZ,2025-03-19,19.09,19.4,18.7,18.9,19.31,-0.41,-2.1233,1012659.8,1918571.826
300383.SZ,2025-03-20,18.52,18.61,18.0,18.29,18.9,-0.61,-3.2275,1089140.04,1994586.713
300383.SZ,2025-03-21,18.2,18.35,17.71,17.77,18.29,-0.52,-2.8431,737375.43,1323615.009
300383.SZ,2025-03-24,17.87,17.99,17.12,17.68,17.77,-0.09,-0.5065,689774.14,1209595.962
300383.SZ,2025-03-25,17.64,17.75,16.5,16.66,17.68,-1.02,-5.7692,878083.98,1486629.814
300383.SZ,2025-03-26,16.83,17.06,16.66,16.69,16.66,0.03,0.1801,538910.57,908274.359
300383.SZ,2025-03-27,16.73,16.93,16.47,16.58,16.69,-0.11,-0.6591,515799.81,860977.139
300383.SZ,2025-03-28,16.77,17.3,16.57,16.58,16.58,0.0,0.0,692309.0,1169003.427
300383.SZ,2025-03-31,16.48,16.85,16.17,16.72,16.58,0.14,0.8444,684592.18,1133625.959
300383.SZ,2025-04-01,16.62,16.72,16.4,16.49,16.72,-0.23,-1.3756,491304.17,811702.688
300383.SZ,2025-04-02,16.45,16.8,16.44,16.51,16.49,0.02,0.1213,427961.95,710803.253
300383.SZ,2025-04-03,16.21,16.84,16.16,16.41,16.51,-0.1,-0.6057,459860.97,761116.367
300383.SZ,2025-04-07,14.96,15.78,13.13,13.35,16.41,-3.06,-18.6472,1056217.28,1487291.935
300383.SZ,2025-04-08,13.47,14.16,13.24,13.73,13.35,0.38,2.8464,819609.79,1120627.389
300383.SZ,2025-04-09,13.58,14.59,12.61,14.41,13.73,0.68,4.9527,861087.24,1190222.389
300383.SZ,2025-04-10,15.03,15.34,14.73,14.85,14.41,0.44,3.0534,925709.6,1389656.953
300383.SZ,2025-04-11,14.69,15.21,14.67,15.0,14.85,0.15,1.0101,646862.89,965781.443
300383.SZ,2025-04-14,15.21,15.38,14.95,15.2,15.0,0.2,1.3333,567260.02,862690.827
300383.SZ,2025-04-15,15.31,15.48,15.02,15.21,15.2,0.01,0.0658,423498.61,643626.065
300383.SZ,2025-04-16,15.21,15.24,14.35,14.57,15.21,-0.64,-4.2078,637840.0,935708.526
300383.SZ,2025-04-17,14.36,14.72,14.33,14.33,14.57,-0.24,-1.6472,416408.14,603381.482
300383.SZ,2025-04-18,14.33,14.55,14.2,14.33,14.33,0.0,0.0,314149.41,450663.819
300383.SZ,2025-04-21,13.8,14.2,13.37,14.2,14.33,-0.13,-0.9072,1091388.88,1509488.841
300383.SZ,2025-04-22,14.28,14.28,13.28,13.33,14.2,-0.87,-6.1268,1151074.43,1553094.743
300383.SZ,2025-04-23,13.56,13.95,13.52,13.7,13.33,0.37,2.7757,799973.27,1098982.545
300383.SZ,2025-04-24,13.61,13.67,13.1,13.18,13.7,-0.52,-3.7956,549628.12,731200.696
300383.SZ,2025-04-25,13.3,13.53,13.2,13.32,13.18,0.14,1.0622,473758.28,633951.856
300383.SZ,2025-04-28,13.45,14.05,13.45,13.65,13.32,0.33,2.4775,872095.04,1200361.47
300383.SZ,2025-04-29,13.6,14.1,13.57,14.02,13.65,0.37,2.7106,789850.79,1103198.08
300383.SZ,2025-04-30,14.1,14.66,13.91,14.42,14.02,0.4,2.8531,739099.0,1063067.119
300383.SZ,2025-05-06,14.72,15.33,14.71,15.17,14.42,0.75,5.2011,1011598.17,1528469.55
300383.SZ,2025-05-07,15.42,15.51,14.82,14.92,15.17,-0.25,-1.648,829950.16,1252043.135
300383.SZ,2025-05-08,14.9,15.16,14.8,15.0,14.92,0.08,0.5362,508874.23,763498.732
300383.SZ,2025-05-09,14.95,14.95,14.51,14.56,15.0,-0.44,-2.9333,422567.64,618336.545
300383.SZ,2025-05-12,14.74,14.79,14.45,14.76,14.56,0.2,1.3736,445075.0,651509.639
300383.SZ,2025-05-13,14.95,15.27,14.82,14.92,14.76,0.16,1.084,888827.84,1337703.623
300383.SZ,2025-05-14,14.81,15.18,14.68,14.91,14.92,-0.01,-0.067,609993.89,910888.005
300383.SZ,2025-05-15,14.81,14.84,14.13,14.17,14.91,-0.74,-4.9631,663561.37,950373.085
300383.SZ,2025-05-16,14.01,14.15,13.88,13.99,14.17,-0.18,-1.2703,611873.0,855660.238
300383.SZ,2025-05-19,13.89,14.01,13.71,13.96,13.99,-0.03,-0.2144,317260.16,440563.508
300383.SZ,2025-05-20,13.91,14.09,13.75,14.04,13.96,0.08,0.5731,354747.0,494707.912
300383.SZ,2025-05-21,13.96,13.96,13.7,13.77,13.98,-0.21,-1.5021,339904.64,467986.405
300383.SZ,2025-05-22,13.67,13.84,13.52,13.55,13.77,-0.22,-1.5977,328018.82,447642.697
300383.SZ,2025-05-23,13.55,13.63,13.13,13.18,13.55,-0.37,-2.7306,338464.79,453486.178
300383.SZ,2025-05-26,13.18,13.53,13.18,13.48,13.18,0.3,2.2762,336837.92,450547.753
300383.SZ,2025-05-27,13.43,13.44,13.25,13.26,13.48,-0.22,-1.632,223338.43,297359.712
300383.SZ,2025-05-28,13.33,13.4,13.13,13.19,13.26,-0.07,-0.5279,274381.8,363371.444
300383.SZ,2025-05-29,13.17,13.45,13.15,13.42,13.19,0.23,1.7437,323012.0,431714.882
300383.SZ,2025-05-30,13.33,13.34,12.98,13.02,13.42,-0.4,-2.9806,395185.1,516410.967
300383.SZ,2025-06-03,12.85,13.16,12.81,12.88,13.02,-0.14,-1.0753,327103.22,424807.695
300383.SZ,2025-06-04,12.91,13.13,12.86,12.95,12.88,0.07,0.5435,362264.76,470360.512
300383.SZ,2025-06-05,12.95,13.55,12.89,13.46,12.95,0.51,3.9382,685174.23,909969.236
300383.SZ,2025-06-06,13.47,13.85,13.36,13.64,13.46,0.18,1.3373,699241.52,950104.675
300383.SZ,2025-06-09,13.77,13.99,13.7,13.99,13.64,0.35,2.566,635680.88,881507.61
300383.SZ,2025-06-10,14.04,14.14,13.37,13.62,13.99,-0.37,-2.6447,705243.93,970122.854
300383.SZ,2025-06-11,13.66,13.73,13.42,13.45,13.62,-0.17,-1.2482,442543.32,599076.716
300383.SZ,2025-06-12,13.4,13.96,13.28,13.51,13.45,0.06,0.4461,563630.48,768698.9
300383.SZ,2025-06-13,13.35,13.43,12.88,12.89,13.51,-0.62,-4.5892,640877.44,836747.408
300383.SZ,2025-06-16,12.77,13.17,12.73,13.08,12.89,0.19,1.474,388305.11,507136.026
300383.SZ,2025-06-17,13.12,13.12,12.89,12.93,13.08,-0.15,-1.1468,307734.0,399019.156
300383.SZ,2025-06-18,12.9,13.09,12.76,12.95,12.93,0.02,0.1547,369275.55,476767.869
300383.SZ,2025-06-19,12.92,13.07,12.61,12.64,12.95,-0.31,-2.3938,355256.38,455077.256
300383.SZ,2025-06-20,12.68,12.75,12.38,12.4,12.64,-0.24,-1.8987,363376.75,453848.491
300383.SZ,2025-06-23,12.27,12.61,12.27,12.6,12.4,0.2,1.6129,316267.0,394412.805
300383.SZ,2025-06-24,12.74,13.28,12.68,13.28,12.6,0.68,5.3968,693556.84,905529.764
300383.SZ,2025-06-25,13.34,13.95,13.32,13.74,13.28,0.46,3.4639,886345.37,1214965.328
300383.SZ,2025-06-26,13.73,13.86,13.52,13.62,13.74,-0.12,-0.8734,530923.1,727735.129
300383.SZ,2025-06-27,13.68,14.3,13.63,13.92,13.62,0.3,2.2026,843685.38,1182810.478
300383.SZ,2025-06-30,14.05,14.48,13.99,14.3,13.92,0.38,2.7299,778292.5,1113675.592
300383.SZ,2025-07-01,14.35,14.39,13.98,14.08,14.3,-0.22,-1.5385,528038.23,747098.264
300383.SZ,2025-07-02,14.01,14.07,13.66,13.78,14.08,-0.3,-2.1307,420154.27,579144.039
300383.SZ,2025-07-03,13.86,14.25,13.85,13.96,13.78,0.18,1.3062,462635.0,649920.34
300383.SZ,2025-07-04,14.31,14.93,14.21,14.23,13.96,0.27,1.9341,1258223.44,1835355.23
300383.SZ,2025-07-07,14.22,14.58,14.02,14.25,14.23,0.02,0.1405,576142.06,822727.435
300383.SZ,2025-07-08,14.14,14.31,13.81,14.29,14.25,0.04,0.2807,742181.16,1048447.234
300383.SZ,2025-07-09,14.3,14.6,14.06,14.38,14.29,0.09,0.6298,793651.98,1136902.549
300383.SZ,2025-07-10,14.44,14.47,13.99,14.08,14.38,-0.3,-2.0862,525101.0,742213.376
300383.SZ,2025-07-11,14.05,14.23,13.85,14.15,14.08,0.07,0.4972,563379.27,793296.397
300383.SZ,2025-07-14,14.26,15.08,14.24,14.87,14.15,0.72,5.0883,1214375.3,1801629.818
300383.SZ,2025-07-15,15.12,16.12,15.12,15.96,14.87,1.09,7.3302,1789303.21,2823924.034
300383.SZ,2025-07-16,15.97,16.44,15.8,15.86,15.96,-0.1,-0.6266,1517669.98,2443030.535
300383.SZ,2025-07-17,15.87,16.34,15.62,15.99,15.86,0.13,0.8197,852337.5,1365348.931
300383.SZ,2025-07-18,16.02,16.18,15.6,15.63,15.99,-0.36,-2.2514,607104.0,960076.255
300383.SZ,2025-07-21,15.51,15.55,15.22,15.33,15.63,-0.3,-1.9194,657056.33,1009309.199
300383.SZ,2025-07-22,15.33,15.47,14.92,15.0,15.33,-0.33,-2.1526,715788.16,1084630.65
300383.SZ,2025-07-23,14.9,15.23,14.83,14.91,15.0,-0.09,-0.6,638209.86,958055.236
300383.SZ,2025-07-24,15.1,15.17,14.85,14.96,14.91,0.05,0.3353,492698.51,736805.785
300383.SZ,2025-07-25,14.99,15.2,14.81,15.19,14.96,0.23,1.5374,687622.59,1031539.787
300383.SZ,2025-07-28,15.29,15.33,14.67,14.86,15.19,-0.33,-2.1725,764551.42,1134341.23
300383.SZ,2025-07-29,14.79,15.0,14.53,15.0,14.86,0.14,0.9421,619315.37,914881.144
300383.SZ,2025-07-30,14.8,14.8,14.46,14.56,15.0,-0.44,-2.9333,583939.58,853808.775
300383.SZ,2025-07-31,14.51,14.99,14.5,14.56,14.56,0.0,0.0,741807.63,1094206.223
300383.SZ,2025-08-01,14.71,14.96,14.06,14.31,14.56,-0.25,-1.717,757817.22,1091820.213
300383.SZ,2025-08-04,14.2,14.46,14.12,14.45,14.31,0.14,0.9783,383604.9,549887.832
300383.SZ,2025-08-05,14.45,14.54,14.16,14.29,14.45,-0.16,-1.1073,530991.75,757682.588
300383.SZ,2025-08-06,14.22,14.58,14.14,14.57,14.29,0.28,1.9594,568961.18,820114.222
300383.SZ,2025-08-07,14.59,14.66,14.26,14.39,14.57,-0.18,-1.2354,490937.86,708770.505
300383.SZ,2025-08-08,14.36,14.4,14.14,14.16,14.39,-0.23,-1.5983,426656.19,606845.23
300383.SZ,2025-08-11,14.17,14.55,14.12,14.5,14.16,0.34,2.4011,534060.98,771631.952
300383.SZ,2025-08-12,14.48,14.81,14.4,14.68,14.5,0.18,1.2414,643787.87,944673.519
300383.SZ,2025-08-13,14.69,15.06,14.54,14.87,14.68,0.19,1.2943,870326.97,1295455.987
300383.SZ,2025-08-14,14.85,15.14,14.62,14.66,14.87,-0.21,-1.4122,734337.45,1088425.132
300383.SZ,2025-08-15,14.6,15.02,14.53,14.97,14.66,0.31,2.1146,716415.2,1067444.935
300383.SZ,2025-08-18,15.43,15.95,15.13,15.61,14.97,0.64,4.2752,1344780.66,2088046.701
300383.SZ,2025-08-19,15.63,15.64,15.32,15.39,15.61,-0.22,-1.4094,722997.24,1118504.635
300383.SZ,2025-08-20,15.25,15.68,15.01,15.61,15.39,0.22,1.4295,815203.43,1249232.825
300383.SZ,2025-08-21,15.62,15.67,15.2,15.32,15.61,-0.29,-1.8578,672548.33,1036428.448
300383.SZ,2025-08-22,15.33,16.0,15.31,15.94,15.32,0.62,4.047,1280906.58,2022478.853
300383.SZ,2025-08-25,16.36,17.04,16.06,16.53,15.94,0.59,3.7014,1657603.37,2733260.587
300383.SZ,2025-08-26,16.32,16.78,16.22,16.65,16.53,0.12,0.726,1191359.57,1975019.795
300383.SZ,2025-08-27,16.63,17.38,16.41,16.64,16.65,-0.01,-0.0601,1891664.63,3186203.05
300383.SZ,2025-08-28,16.5,16.85,16.0,16.66,16.64,0.02,0.1202,1420241.24,2336197.568
300383.SZ,2025-08-29,16.69,16.73,15.96,16.15,16.66,-0.51,-3.0612,1190606.63,1925899.076
300383.SZ,2025-09-01,16.68,17.51,16.36,16.51,16.15,0.36,2.2291,1643155.49,2762332.806
300383.SZ,2025-09-02,16.3,16.43,15.3,15.41,16.51,-1.1,-6.6626,1338243.14,2093259.915
300383.SZ,2025-09-03,15.49,15.55,14.8,14.85,15.41,-0.56,-3.634,720865.81,1092002.699
300383.SZ,2025-09-04,14.94,15.0,14.01,14.27,14.85,-0.58,-3.9057,783989.42,1136114.077
300383.SZ,2025-09-05,14.3,14.45,14.02,14.42,14.27,0.15,1.0512,720043.56,1030815.863
300383.SZ,2025-09-08,14.32,14.45,14.15,14.31,14.42,-0.11,-0.7628,610365.94,872687.684
300383.SZ,2025-09-09,14.29,14.29,13.83,13.87,14.31,-0.44,-3.0748,580001.97,813290.61
300383.SZ,2025-09-10,14.08,14.28,14.0,14.14,13.87,0.27,1.9466,499905.19,707353.557
300383.SZ,2025-09-11,14.47,15.05,14.19,14.83,14.14,0.69,4.8798,973476.3,1420465.14
300383.SZ,2025-09-12,15.25,15.95,15.13,15.2,14.83,0.37,2.4949,1469146.34,2272942.502
300383.SZ,2025-09-15,15.01,15.23,14.7,15.0,15.2,-0.2,-1.3158,789238.11,1178016.969
300383.SZ,2025-09-16,14.91,15.24,14.86,15.09,15.0,0.09,0.6,504597.15,759451.258
300383.SZ,2025-09-17,15.03,15.17,14.84,15.05,15.09,-0.04,-0.2651,589733.5,884938.509
300383.SZ,2025-09-18,14.98,15.37,14.66,14.8,15.05,-0.25,-1.6611,891467.72,1344390.95
300383.SZ,2025-09-19,14.77,14.93,14.48,14.5,14.8,-0.3,-2.027,509125.79,748214.265
300383.SZ,2025-09-22,14.95,15.68,14.91,15.66,14.5,1.16,8.0,1464087.27,2241841.096
300383.SZ,2025-09-23,15.7,15.7,14.82,15.25,15.66,-0.41,-2.6181,1147616.8,1741854.894
300383.SZ,2025-09-24,15.15,15.5,14.85,15.47,15.25,0.22,1.4426,972878.39,1484057.526
300383.SZ,2025-09-25,15.56,16.09,15.48,15.88,15.47,0.41,2.6503,1258103.58,1987407.576
300383.SZ,2025-09-26,15.63,15.74,15.05,15.05,15.88,-0.83,-5.2267,907119.12,1390075.201
300383.SZ,2025-09-29,15.22,15.35,14.92,15.24,15.05,0.19,1.2625,587142.6,890410.91
300383.SZ,2025-09-30,15.35,15.51,15.08,15.1,15.24,-0.14,-0.9186,647198.2,988480.356
300383.SZ,2025-10-09,15.08,15.43,14.96,15.26,15.1,0.16,1.0596,684855.19,1040458.397
300383.SZ,2025-10-10,15.18,15.18,14.44,14.44,15.26,-0.82,-5.3735,767115.67,1122993.683
300383.SZ,2025-10-13,14.0,14.61,13.85,14.51,14.44,0.07,0.4848,495196.21,710032.523
300383.SZ,2025-10-14,14.51,14.63,13.96,13.97,14.51,-0.54,-3.7216,616344.21,875841.554
300383.SZ,2025-10-15,13.98,14.15,13.78,14.12,13.97,0.15,1.0737,352106.8,493376.591
300383.SZ,2025-10-16,14.12,14.12,13.81,13.89,14.12,-0.23,-1.6289,333022.89,463381.877
300383.SZ,2025-10-17,14.01,14.01,13.22,13.27,13.89,-0.62,-4.4636,494415.05,667893.69
300383.SZ,2025-10-20,13.59,13.64,13.28,13.37,13.27,0.1,0.7536,327595.89,440448.285
300383.SZ,2025-10-21,13.38,13.52,13.31,13.45,13.37,0.08,0.5984,350187.96,470300.914
300383.SZ,2025-10-22,13.34,13.42,13.25,13.25,13.45,-0.2,-1.487,279889.83,372530.462
300383.SZ,2025-10-23,13.13,13.16,12.76,13.04,13.25,-0.21,-1.5849,463074.23,596998.352
300383.SZ,2025-10-24,13.1,13.23,13.04,13.17,13.04,0.13,0.9969,331840.96,436765.892
300383.SZ,2025-10-27,13.3,13.45,13.23,13.34,13.17,0.17,1.2908,413064.28,550942.104
300383.SZ,2025-10-28,13.3,13.42,13.2,13.26,13.34,-0.08,-0.5997,337395.32,449106.687
300383.SZ,2025-10-29,13.26,13.37,13.17,13.36,13.26,0.1,0.7541,317018.55,420235.857
300383.SZ,2025-10-30,13.4,13.61,13.3,13.36,13.36,0.0,0.0,481437.72,648222.473
300383.SZ,2025-10-31,13.6,13.7,13.42,13.63,13.36,0.27,2.021,466745.51,633637.96
300383.SZ,2025-11-03,13.56,13.74,13.44,13.66,13.63,0.03,0.2201,403154.83,549529.911
300383.SZ,2025-11-04,13.61,13.65,13.26,13.37,13.66,-0.29,-2.123,334654.66,449155.47
300383.SZ,2025-11-05,13.18,13.37,13.04,13.25,13.37,-0.12,-0.8975,230489.38,305685.931
300383.SZ,2025-11-06,13.38,13.39,13.17,13.26,13.25,0.01,0.0755,219063.2,290282.142
300383.SZ,2025-11-07,13.16,13.26,13.11,13.11,13.26,-0.15,-1.1312,246610.68,324207.779
300383.SZ,2025-11-10,13.12,13.26,13.12,13.23,13.11,0.12,0.9153,220987.0,291437.436
300383.SZ,2025-11-11,13.23,13.27,13.0,13.04,13.23,-0.19,-1.4361,258327.47,338847.333
300383.SZ,2025-11-12,13.01,13.03,12.82,12.88,13.04,-0.16,-1.227,240850.4,310871.902
300383.SZ,2025-11-13,12.85,13.23,12.81,13.21,12.88,0.33,2.5621,340653.61,442553.52
300383.SZ,2025-11-14,13.03,13.18,12.89,12.89,13.21,-0.32,-2.4224,266214.61,347550.543
300383.SZ,2025-11-17,12.89,13.23,12.89,13.22,12.89,0.33,2.5601,331632.4,435045.516
300383.SZ,2025-11-18,13.19,13.34,13.1,13.27,13.22,0.05,0.3782,302479.98,400901.044
300383.SZ,2025-11-19,13.32,13.32,12.98,13.02,13.27,-0.25,-1.8839,237437.48,310857.397
300383.SZ,2025-11-20,13.08,13.17,12.85,12.9,13.02,-0.12,-0.9217,238734.43,309936.844
300383.SZ,2025-11-21,12.82,13.02,12.56,12.64,12.9,-0.26,-2.0155,310466.0,395699.072
300383.SZ,2025-11-24,12.74,13.01,12.6,12.96,12.64,0.32,2.5316,310809.1,398940.558
300383.SZ,2025-11-25,12.97,13.19,12.91,13.05,12.96,0.09,0.6944,331387.02,434075.161
300383.SZ,2025-11-26,13.03,13.2,12.93,12.96,13.05,-0.09,-0.6897,310502.99,406084.59
300383.SZ,2025-11-27,12.97,13.0,12.7,12.7,12.96,-0.26,-2.0062,300211.18,385635.72
300383.SZ,2025-11-28,12.77,12.82,12.56,12.77,12.7,0.07,0.5512,268514.78,340154.376
300383.SZ,2025-12-01,12.75,13.05,12.63,12.91,12.77,0.14,1.0963,388626.39,500050.867
300383.SZ,2025-12-02,12.9,13.21,12.64,13.14,12.91,0.23,1.7816,396068.55,508389.443
300383.SZ,2025-12-03,13.01,13.05,12.67,12.69,13.14,-0.45,-3.4247,376566.67,482097.476
300383.SZ,2025-12-04,12.62,12.79,12.48,12.73,12.69,0.04,0.3152,272697.68,344393.257
300383.SZ,2025-12-05,12.7,12.77,12.55,12.71,12.73,-0.02,-0.1571,252525.18,320126.761
300383.SZ,2025-12-08,12.71,12.77,12.66,12.71,12.71,0.0,0.0,318865.23,405162.305
300383.SZ,2025-12-09,12.96,13.47,12.96,13.29,12.71,0.58,4.5633,1092507.46,1451814.413
300383.SZ,2025-12-10,13.03,13.47,12.9,13.35,13.29,0.06,0.4515,798697.9,1057777.174
300383.SZ,2025-12-11,13.28,13.44,13.11,13.28,13.35,-0.07,-0.5243,586528.41,778541.484
300383.SZ,2025-12-12,13.26,13.51,13.2,13.43,13.28,0.15,1.1295,629272.95,844439.0
300383.SZ,2025-12-15,13.31,13.59,13.06,13.07,13.43,-0.36,-2.6806,444068.48,586946.178
300383.SZ,2025-12-16,13.05,13.05,12.52,12.54,13.07,-0.53,-4.0551,442064.92,561224.058
300383.SZ,2025-12-17,12.5,12.65,12.13,12.62,12.54,0.08,0.638,448727.23,556789.447
300383.SZ,2025-12-18,12.49,12.62,12.46,12.5,12.62,-0.12,-0.9509,232292.59,291204.543
300383.SZ,2025-12-19,12.54,12.67,12.52,12.58,12.5,0.08,0.64,223971.11,282204.877
300383.SZ,2025-12-22,12.52,12.69,12.52,12.56,12.58,-0.02,-0.159,249258.51,313905.319
300383.SZ,2025-12-23,12.53,12.56,12.31,12.32,12.56,-0.24,-1.9108,268117.0,331987.518
300383.SZ,2025-12-24,12.29,12.42,12.27,12.41,12.32,0.09,0.7305,215774.99,267125.964
300383.SZ,2025-12-25,12.42,12.45,12.3,12.43,12.41,0.02,0.1612,287059.74,355539.363
300383.SZ,2025-12-26,12.43,12.59,12.37,12.45,12.43,0.02,0.1609,305950.9,381248.97
300383.SZ,2025-12-29,12.46,12.59,12.32,12.37,12.45,-0.08,-0.6426,291355.91,362082.142
300383.SZ,2025-12-30,12.33,12.55,12.31,12.44,12.37,0.07,0.5659,323160.36,401599.701
300383.SZ,2025-12-31,12.42,12.57,12.33,12.51,12.44,0.07,0.5627,354826.4,442625.311
300383.SZ,2026-01-05,12.57,12.96,12.51,12.96,12.51,0.45,3.5971,568968.19,728528.789
300383.SZ,2026-01-06,13.07,13.8,13.01,13.46,12.96,0.5,3.858,1009027.68,1363768.359
300383.SZ,2026-01-07,13.38,14.42,13.32,14.01,13.46,0.55,4.0862,1498978.79,2083461.476
300383.SZ,2026-01-08,13.93,14.55,13.89,14.27,14.01,0.26,1.8558,1254344.43,1789811.425
300383.SZ,2026-01-09,14.58,15.54,14.57,15.13,14.27,0.86,6.0266,1900189.23,2864135.784
300383.SZ,2026-01-12,15.66,16.1,15.39,15.89,15.13,0.76,5.0231,2345928.43,3698563.587
300383.SZ,2026-01-13,16.07,16.1,15.27,15.35,15.89,-0.54,-3.3984,1694440.92,2646078.292
300383.SZ,2026-01-14,15.36,16.28,15.36,15.9,15.35,0.55,3.5831,2021168.77,3206570.292
300383.SZ,2026-01-15,15.7,16.1,15.23,15.39,15.9,-0.51,-3.2075,1285956.26,2000794.457
300383.SZ,2026-01-16,15.47,15.47,14.57,14.73,15.39,-0.66,-4.2885,1128515.37,1680349.437
300383.SZ,2026-01-19,14.6,14.77,14.23,14.32,14.73,-0.41,-2.7834,835874.15,1204787.437
300383.SZ,2026-01-20,14.45,14.54,13.91,14.07,14.32,-0.25,-1.7458,694612.7,981731.563
300383.SZ,2026-01-21,13.95,14.38,13.86,14.12,14.07,0.05,0.3554,555339.58,785795.978
300383.SZ,2026-01-22,14.27,14.6,14.18,14.38,14.12,0.26,1.8414,627447.89,901532.893
300383.SZ,2026-01-23,14.43,14.52,14.31,14.46,14.38,0.08,0.5563,565027.81,815260.741
300383.SZ,2026-01-26,15.03,16.5,15.03,15.64,14.46,1.18,8.1604,2141091.58,3367430.054
300383.SZ,2026-01-27,15.1,15.41,14.75,15.16,15.64,-0.48,-3.0691,1519553.27,2277927.482
300383.SZ,2026-01-28,15.8,16.11,15.44,15.6,15.16,0.44,2.9024,1792675.86,2826907.151
300383.SZ,2026-01-29,15.35,16.45,14.8,15.65,15.6,0.05,0.3205,1653319.36,2610621.551
300383.SZ,2026-01-30,15.54,16.03,15.25,15.35,15.65,-0.3,-1.9169,1004560.97,1561401.525
300383.SZ,2026-02-02,15.67,16.06,15.0,15.23,15.35,-0.12,-0.7818,1249251.15,1940464.471
300383.SZ,2026-02-03,15.5,16.69,15.3,16.4,15.23,1.17,7.6822,1985412.29,3179452.041
300383.SZ,2026-02-04,16.0,16.1,14.7,15.0,16.4,-1.4,-8.5366,1797887.36,2736430.661
300383.SZ,2026-02-05,14.7,15.24,14.52,14.9,15.0,-0.1,-0.6667,978527.25,1456793.889
300383.SZ,2026-02-06,14.75,15.48,14.28,15.03,14.9,0.13,0.8725,1097651.97,1638498.838
300383.SZ,2026-02-09,15.85,16.88,15.55,16.65,15.03,1.62,10.7784,2361068.42,3839712.454
300383.SZ,2026-02-10,17.18,18.4,17.12,17.76,16.65,1.11,6.6667,2859382.78,5042490.663
300383.SZ,2026-02-11,17.54,18.18,17.5,17.58,17.76,-0.18,-1.0135,2065184.89,3674336.511
300383.SZ,2026-02-12,18.25,18.86,18.02,18.52,17.58,0.94,5.347,2399154.7,4418772.11
300383.SZ,2026-02-13,18.0,18.86,17.69,17.75,18.52,-0.77,-4.1577,1834887.55,3325357.009
300383.SZ,2026-02-24,17.55,17.6,15.52,15.86,17.75,-1.89,-10.6479,2115527.55,3416967.918
300383.SZ,2026-02-25,16.08,16.18,15.39,15.51,15.86,-0.35,-2.2068,1349184.55,2102146.943
300383.SZ,2026-02-26,15.58,17.25,15.56,16.55,15.51,1.04,6.7054,2153445.06,3512841.306
300383.SZ,2026-02-27,16.11,17.93,16.11,17.45,16.55,0.9,5.4381,2106091.46,3626337.067
300383.SZ,2026-03-02,16.77,17.15,16.31,16.46,17.45,-0.99,-5.6734,1289642.32,2144659.17
300383.SZ,2026-03-03,16.58,16.65,14.9,14.98,16.46,-1.48,-8.9915,1595693.7,2460749.71
300383.SZ,2026-03-04,14.72,15.29,14.68,14.87,14.98,-0.11,-0.7343,895487.08,1335517.326
300383.SZ,2026-03-05,15.5,15.59,14.76,15.05,14.87,0.18,1.2105,1299971.03,1956454.655
300383.SZ,2026-03-06,14.86,15.15,14.71,14.88,15.05,-0.17,-1.1296,881058.88,1310849.089
300383.SZ,2026-03-09,14.4,15.97,14.25,15.81,14.88,0.93,6.25,1928698.71,2913366.33
300383.SZ,2026-03-10,16.1,16.8,15.73,16.27,15.81,0.46,2.9096,1776949.67,2872251.015
300383.SZ,2026-03-11,16.19,17.24,16.11,16.52,16.27,0.25,1.5366,2107523.96,3520707.766
300383.SZ,2026-03-12,16.68,17.15,16.22,16.44,16.52,-0.08,-0.4843,1444190.49,2407643.089
300383.SZ,2026-03-13,16.34,16.4,15.15,15.17,16.44,-1.27,-7.7251,1289581.28,2002366.457
300383.SZ,2026-03-16,15.25,15.59,14.62,15.37,15.17,0.2,1.3184,1320796.02,1985198.013
300383.SZ,2026-03-17,15.43,15.59,14.83,14.97,15.37,-0.4,-2.6025,1036500.94,1571052.749
300383.SZ,2026-03-18,15.3,17.1,15.27,17.05,14.97,2.08,13.8945,2415462.44,3911240.901
300383.SZ,2026-03-19,16.51,17.28,16.51,16.7,17.05,-0.35,-2.0528,1780380.36,3004208.839
300383.SZ,2026-03-20,16.61,16.77,15.5,15.52,16.7,-1.18,-7.0659,1477692.2,2369626.43
300383.SZ,2026-03-23,15.31,16.07,15.05,15.25,15.52,-0.27,-1.7397,1633381.41,2530486.772
300383.SZ,2026-03-24,15.6,15.81,14.51,15.48,15.25,0.23,1.5082,1851584.88,2824817.992
300383.SZ,2026-03-25,16.01,18.58,16.01,18.23,15.48,2.75,17.7649,4358142.31,7876999.867
300383.SZ,2026-03-26,17.69,18.16,17.08,17.08,18.23,-1.15,-6.3083,2928919.01,5132609.648
300383.SZ,2026-03-27,17.5,17.98,17.09,17.33,17.08,0.25,1.4637,2405973.32,4215819.732
300383.SZ,2026-03-30,17.04,18.1,16.32,17.61,17.33,0.28,1.6157,2567553.72,4432775.522
300383.SZ,2026-03-31,17.64,17.98,17.09,17.12,17.61,-0.49,-2.7825,1656805.13,2884907.818
300383.SZ,2026-04-01,18.0,18.45,17.32,17.65,17.12,0.53,3.0958,2208282.29,3946893.711
300383.SZ,2026-04-02,17.36,17.48,16.08,16.28,17.65,-1.37,-7.762,2063764.05,3416122.736
300383.SZ,2026-04-03,16.94,17.35,16.51,16.88,16.28,0.6,3.6855,1998575.98,3387439.479
300383.SZ,2026-04-07,16.89,16.96,16.27,16.38,16.88,-0.5,-2.9621,1383127.28,2292255.717
300383.SZ,2026-04-08,17.19,17.85,17.06,17.8,16.38,1.42,8.6691,2269913.59,3974783.241
300383.SZ,2026-04-09,17.51,17.74,17.17,17.48,17.8,-0.32,-1.7978,1426555.88,2488391.843
300383.SZ,2026-04-10,17.8,17.88,17.19,17.2,17.48,-0.28,-1.6018,1413263.65,2474880.474
300383.SZ,2026-04-13,16.89,17.98,16.89,17.6,17.2,0.4,2.3256,1472575.79,2582714.636
300383.SZ,2026-04-14,18.09,19.16,17.85,18.33,17.6,0.73,4.1477,2419817.04,4439750.438
300383.SZ,2026-04-15,18.42,18.42,17.72,17.85,18.33,-0.48,-2.6187,1471145.2,2647936.879
300383.SZ,2026-04-16,18.03,19.13,18.03,18.78,17.85,0.93,5.2101,2069321.34,3864928.212
300383.SZ,2026-04-17,18.51,18.7,18.05,18.17,18.78,-0.61,-3.2481,1833647.87,3351691.679
300383.SZ,2026-04-20,18.15,18.15,17.56,17.81,18.17,-0.36,-1.9813,1470543.99,2622075.127
300383.SZ,2026-04-21,17.52,17.56,16.76,17.13,17.81,-0.68,-3.8181,1470579.43,2505240.022
300383.SZ,2026-04-22,17.13,18.0,16.81,17.83,17.13,0.7,4.0864,1852534.2,3230726.909
300383.SZ,2026-04-23,17.7,18.2,17.42,17.61,17.83,-0.22,-1.2339,1564085.52,2783852.677
300383.SZ,2026-04-24,17.34,17.55,16.28,17.09,17.61,-0.52,-2.9529,1712806.36,2885908.452
300383.SZ,2026-04-27,16.81,16.97,15.88,16.14,17.09,-0.95,-5.5588,1394866.66,2266384.423
300383.SZ,2026-04-28,16.0,16.27,15.52,15.59,16.14,-0.55,-3.4077,1129009.97,1785558.083
