ts_code,date,open,high,low,close,pre_close,change,pct_chg,volume,amount
300699.SZ,2020-01-02,45.6,47.27,45.08,47.1,45.5,1.6,3.5165,95993.23,444339.276
300699.SZ,2020-01-03,46.8,47.17,45.5,46.0,47.1,-1.1,-2.3355,85168.6,393896.92
300699.SZ,2020-01-06,45.79,47.6,45.48,47.5,46.0,1.5,3.2609,101314.38,474192.232
300699.SZ,2020-01-07,47.15,48.39,46.8,47.22,47.5,-0.28,-0.5895,76615.95,363945.38
300699.SZ,2020-01-08,45.5,46.18,44.77,44.93,47.22,-2.29,-4.8496,123663.12,560957.243
300699.SZ,2020-01-09,45.29,46.46,45.23,45.89,44.93,0.96,2.1367,68177.35,312852.651
300699.SZ,2020-01-10,45.89,46.28,45.55,45.9,45.89,0.01,0.0218,33592.1,154277.131
300699.SZ,2020-01-13,45.82,50.48,45.68,50.3,45.9,4.4,9.5861,129593.18,630781.745
300699.SZ,2020-01-14,50.5,50.5,49.09,49.39,50.3,-0.91,-1.8091,57214.87,284022.237
300699.SZ,2020-01-15,49.45,49.96,48.52,49.31,49.39,-0.08,-0.162,56850.77,278437.751
300699.SZ,2020-01-16,49.48,50.09,48.85,49.15,49.31,-0.16,-0.3245,58092.89,286862.117
300699.SZ,2020-01-17,49.0,49.98,48.9,49.6,49.15,0.45,0.9156,49828.43,247122.07
300699.SZ,2020-01-20,49.51,50.5,49.18,50.32,49.6,0.72,1.4516,53845.19,269828.17
300699.SZ,2020-01-21,50.23,50.23,49.07,49.11,50.32,-1.21,-2.4046,50377.57,248780.152
300699.SZ,2020-01-22,48.49,49.58,48.2,49.4,49.11,0.29,0.5905,47372.26,231960.214
300699.SZ,2020-01-23,48.98,49.53,46.3,46.9,49.4,-2.5,-5.0607,63655.9,303686.176
300699.SZ,2020-02-03,42.21,44.38,42.21,42.27,46.9,-4.63,-9.8721,116749.02,501567.892
300699.SZ,2020-02-04,43.1,46.26,43.1,45.8,42.27,3.53,8.3511,98593.6,446353.038
300699.SZ,2020-02-05,45.89,47.65,45.05,45.38,45.8,-0.42,-0.917,105796.94,490055.23
300699.SZ,2020-02-06,45.55,46.9,44.78,46.41,45.38,1.03,2.2697,70026.46,323560.167
300699.SZ,2020-02-07,46.41,48.23,45.4,47.88,46.41,1.47,3.1674,88955.08,417840.084
300699.SZ,2020-02-10,47.6,49.04,47.26,48.53,47.88,0.65,1.3576,62148.11,300035.567
300699.SZ,2020-02-11,48.54,48.96,48.12,48.31,48.53,-0.22,-0.4533,47369.65,229763.882
300699.SZ,2020-02-12,48.0,49.9,47.83,49.55,48.31,1.24,2.5668,61014.62,299702.454
300699.SZ,2020-02-13,49.48,50.38,48.72,49.52,49.55,-0.03,-0.0605,52274.89,258630.509
300699.SZ,2020-02-14,49.34,50.46,48.8,49.14,49.52,-0.38,-0.7674,48070.28,238500.598
300699.SZ,2020-02-17,49.5,54.0,49.48,53.2,49.14,4.06,8.2621,100478.92,526997.953
300699.SZ,2020-02-18,53.56,54.66,52.51,54.0,53.2,0.8,1.5038,72527.2,388704.089
300699.SZ,2020-02-19,53.57,56.5,53.54,54.72,54.0,0.72,1.3333,94625.63,522465.444
300699.SZ,2020-02-20,54.72,55.78,53.78,55.43,54.72,0.71,1.2975,64190.47,352902.901
300699.SZ,2020-02-21,55.6,57.5,55.01,56.1,55.43,0.67,1.2087,68211.34,383204.009
300699.SZ,2020-02-24,56.1,56.97,55.38,56.35,56.1,0.25,0.4456,67325.31,378864.102
300699.SZ,2020-02-25,55.38,57.49,53.5,56.75,56.35,0.4,0.7098,115810.74,644365.364
300699.SZ,2020-02-26,55.62,56.5,53.58,53.93,56.75,-2.82,-4.9692,90505.13,494378.95
300699.SZ,2020-02-27,54.04,54.79,52.1,53.38,53.93,-0.55,-1.0198,58945.0,315355.064
300699.SZ,2020-02-28,51.77,52.77,50.11,50.38,53.38,-3.0,-5.6201,77727.82,398677.413
300699.SZ,2020-03-02,51.48,52.67,51.2,52.09,50.38,1.71,3.3942,66241.13,345038.961
300699.SZ,2020-03-03,52.98,54.48,51.66,52.38,52.09,0.29,0.5567,90444.86,481567.738
300699.SZ,2020-03-04,52.03,53.33,51.32,52.16,52.38,-0.22,-0.42,50936.29,266121.916
300699.SZ,2020-03-05,53.0,53.4,51.0,52.0,52.16,-0.16,-0.3067,58866.95,306039.702
300699.SZ,2020-03-06,51.63,52.58,51.36,51.54,52.0,-0.46,-0.8846,31099.78,161346.292
300699.SZ,2020-03-09,51.0,51.51,49.0,49.14,51.54,-2.4,-4.6566,65014.59,325866.509
300699.SZ,2020-03-10,49.01,51.46,48.82,51.35,49.14,2.21,4.4974,64931.04,327011.854
300699.SZ,2020-03-11,51.51,51.98,49.8,49.8,51.35,-1.55,-3.0185,53825.61,273936.871
300699.SZ,2020-03-12,49.39,50.25,48.66,48.77,49.8,-1.03,-2.0683,43897.55,215655.259
300699.SZ,2020-03-13,46.82,49.05,46.08,48.8,48.77,0.03,0.0615,75961.9,363745.515
300699.SZ,2020-03-16,49.1,49.13,44.87,45.26,48.8,-3.54,-7.2541,85025.5,396416.585
300699.SZ,2020-03-17,45.88,47.84,44.64,46.72,45.26,1.46,3.2258,83229.83,386369.464
300699.SZ,2020-03-18,47.48,49.14,46.2,46.24,46.72,-0.48,-1.0274,62474.26,298000.132
300699.SZ,2020-03-19,47.1,48.14,45.88,47.64,46.24,1.4,3.0277,60789.74,285354.516
300699.SZ,2020-03-20,48.14,48.58,46.89,47.88,47.64,0.24,0.5038,39314.83,187613.12
300699.SZ,2020-03-23,46.55,48.87,46.1,47.4,47.88,-0.48,-1.0025,60975.42,290693.378
300699.SZ,2020-03-24,48.71,49.44,47.73,49.35,47.4,1.95,4.1139,56248.31,274079.733
300699.SZ,2020-03-25,50.35,50.64,49.72,50.33,49.35,0.98,1.9858,50817.61,255169.578
300699.SZ,2020-03-26,50.0,50.76,49.5,49.94,50.33,-0.39,-0.7749,30430.35,152483.764
300699.SZ,2020-03-27,50.0,50.45,49.0,49.51,49.94,-0.43,-0.861,36557.83,181963.969
300699.SZ,2020-03-30,49.37,50.25,48.45,49.73,49.51,0.22,0.4444,42400.85,209075.817
300699.SZ,2020-03-31,49.65,50.8,49.25,49.57,49.73,-0.16,-0.3217,37009.13,184918.472
300699.SZ,2020-04-01,49.37,50.87,49.37,49.9,49.57,0.33,0.6657,48737.87,245127.103
300699.SZ,2020-04-02,50.01,51.28,49.51,51.2,49.9,1.3,2.6052,41787.3,210933.001
300699.SZ,2020-04-03,51.18,51.65,49.4,50.08,51.2,-1.12,-2.1875,57517.38,289013.53
300699.SZ,2020-04-07,51.9,51.98,50.61,51.29,50.08,1.21,2.4161,75206.91,384978.605
300699.SZ,2020-04-08,50.8,51.51,50.68,50.8,51.29,-0.49,-0.9554,31777.44,161960.756
300699.SZ,2020-04-09,51.0,51.3,50.08,50.7,50.8,-0.1,-0.1969,36346.63,184228.906
300699.SZ,2020-04-10,50.85,51.34,50.2,50.51,50.7,-0.19,-0.3748,35145.61,178676.112
300699.SZ,2020-04-13,50.03,50.51,48.11,48.45,50.51,-2.06,-4.0784,46296.05,226612.922
300699.SZ,2020-04-14,48.9,50.0,48.26,49.97,48.45,1.52,3.1373,41366.38,203796.288
300699.SZ,2020-04-15,50.55,51.22,50.01,50.51,49.97,0.54,1.0806,37987.92,192297.046
300699.SZ,2020-04-16,50.09,50.96,49.89,50.64,50.51,0.13,0.2574,24238.88,122391.339
300699.SZ,2020-04-17,50.81,52.36,50.81,51.71,50.64,1.07,2.113,51482.13,265648.83
300699.SZ,2020-04-20,52.1,52.63,51.33,52.3,51.71,0.59,1.141,32327.05,168407.142
300699.SZ,2020-04-21,52.02,52.18,50.93,51.61,52.3,-0.69,-1.3193,26151.53,134669.726
300699.SZ,2020-04-22,51.24,52.82,51.24,52.66,51.61,1.05,2.0345,33299.49,174238.558
300699.SZ,2020-04-23,52.71,53.1,51.93,52.03,52.66,-0.63,-1.1964,30593.06,160451.173
300699.SZ,2020-04-24,51.64,52.3,51.32,52.14,52.03,0.11,0.2114,22726.5,117871.348
300699.SZ,2020-04-27,52.0,52.78,51.52,51.82,52.14,-0.32,-0.6137,23802.51,123930.041
300699.SZ,2020-04-28,52.0,52.88,50.4,52.69,51.82,0.87,1.6789,39599.48,205564.496
300699.SZ,2020-04-29,52.41,55.1,52.41,54.23,52.69,1.54,2.9228,48354.84,261528.05
300699.SZ,2020-04-30,54.1,55.13,53.96,54.72,54.23,0.49,0.9036,49365.09,269620.346
300699.SZ,2020-05-06,54.9,56.52,54.38,56.35,54.72,1.63,2.9788,52330.89,291878.414
300699.SZ,2020-05-07,56.35,56.84,55.35,56.3,56.35,-0.05,-0.0887,45265.66,254348.562
300699.SZ,2020-05-08,56.32,56.57,55.18,55.74,56.3,-0.56,-0.9947,49201.2,274344.725
300699.SZ,2020-05-11,55.98,56.34,55.26,55.52,55.74,-0.22,-0.3947,36014.28,200533.945
300699.SZ,2020-05-12,56.06,58.5,55.53,58.3,55.52,2.78,5.0072,59853.09,341974.914
300699.SZ,2020-05-13,57.99,59.19,57.2,58.2,58.3,-0.1,-0.1715,42471.12,247812.618
300699.SZ,2020-05-14,57.7,59.06,57.32,58.1,57.7,0.4,0.6932,36326.67,211174.709
300699.SZ,2020-05-15,58.58,58.97,56.94,57.0,58.1,-1.1,-1.8933,43486.61,249671.195
300699.SZ,2020-05-18,57.61,59.5,57.2,58.73,57.0,1.73,3.0351,47912.67,280855.468
300699.SZ,2020-05-19,58.74,60.64,58.2,60.3,58.73,1.57,2.6733,42668.06,255047.697
300699.SZ,2020-05-20,60.4,60.8,59.09,59.46,60.3,-0.84,-1.393,37156.59,222513.05
300699.SZ,2020-05-21,59.59,60.46,58.68,59.35,59.46,-0.11,-0.185,36084.14,214745.862
300699.SZ,2020-05-22,59.07,60.08,58.25,58.89,59.35,-0.46,-0.7751,39284.0,232343.604
300699.SZ,2020-05-25,59.17,59.48,57.6,58.37,58.89,-0.52,-0.883,30194.87,176293.875
300699.SZ,2020-05-26,59.18,60.6,58.75,60.57,58.37,2.2,3.7691,37891.65,226854.959
300699.SZ,2020-05-27,60.63,61.1,59.8,59.94,60.57,-0.63,-1.0401,31501.8,190262.093
300699.SZ,2020-05-28,60.11,60.44,58.0,59.9,59.94,-0.04,-0.0667,34588.77,205157.658
300699.SZ,2020-05-29,59.55,60.1,58.35,59.0,59.9,-0.9,-1.5025,48952.78,288489.009
300699.SZ,2020-06-01,59.59,61.33,58.8,60.97,59.0,1.97,3.339,41492.53,250149.923
300699.SZ,2020-06-02,60.84,61.26,60.08,60.09,60.97,-0.88,-1.4433,25827.47,156405.656
300699.SZ,2020-06-03,60.14,60.43,58.1,58.25,60.09,-1.84,-3.0621,49222.1,291106.785
300699.SZ,2020-06-04,58.9,59.3,57.79,57.97,58.25,-0.28,-0.4807,37781.49,220321.273
300699.SZ,2020-06-05,58.48,58.72,57.51,57.92,57.97,-0.05,-0.0863,29551.19,171686.91
300699.SZ,2020-06-08,58.36,59.16,57.68,57.81,57.92,-0.11,-0.1899,32382.66,188719.377
300699.SZ,2020-06-09,57.88,59.47,57.76,58.74,57.81,0.93,1.6087,35515.18,209029.076
300699.SZ,2020-06-10,58.98,59.58,58.0,58.7,58.74,-0.04,-0.0681,25654.35,150265.131
300699.SZ,2020-06-11,58.63,59.96,58.62,59.55,58.7,0.85,1.448,37625.74,223278.386
300699.SZ,2020-06-12,58.88,60.48,58.63,60.2,59.55,0.65,1.0915,47984.86,286327.038
300699.SZ,2020-06-15,59.68,59.94,55.41,55.86,60.2,-4.34,-7.2093,116754.49,671243.762
300699.SZ,2020-06-16,56.5,58.8,56.42,57.86,55.86,2.0,3.5804,63972.27,369468.519
300699.SZ,2020-06-17,58.42,58.42,55.18,55.71,57.86,-2.15,-3.7159,75937.44,425780.712
300699.SZ,2020-06-18,55.98,56.48,55.1,55.82,55.71,0.11,0.1975,39866.73,221891.965
300699.SZ,2020-06-19,56.15,58.3,56.12,58.2,55.82,2.38,4.2637,64155.33,369632.356
300699.SZ,2020-06-22,58.5,59.7,58.08,58.25,58.2,0.05,0.0859,52679.75,309861.731
300699.SZ,2020-06-23,58.48,60.88,57.88,60.65,58.25,2.4,4.1202,61599.91,368164.88
300699.SZ,2020-06-24,60.5,63.59,60.33,62.0,60.65,1.35,2.2259,71891.64,446945.239
300699.SZ,2020-06-29,62.43,63.35,61.61,62.7,62.0,0.7,1.129,56834.75,355036.611
300699.SZ,2020-06-30,62.76,63.99,62.31,62.73,62.7,0.03,0.0478,47610.55,300953.061
300699.SZ,2020-07-01,63.34,63.98,61.86,62.99,62.73,0.26,0.4145,53895.07,338560.379
300699.SZ,2020-07-02,63.14,63.88,60.37,60.9,62.99,-2.09,-3.318,106907.74,660204.716
300699.SZ,2020-07-03,60.58,61.35,59.83,60.37,60.9,-0.53,-0.8703,75125.48,454646.138
300699.SZ,2020-07-06,60.61,62.1,60.61,61.52,60.37,1.15,1.9049,86401.45,530931.214
300699.SZ,2020-07-07,62.0,63.96,61.5,62.85,61.52,1.33,2.1619,83855.96,528535.471
300699.SZ,2020-07-08,62.68,66.39,62.3,66.09,62.85,3.24,5.1551,130182.07,842751.44
300699.SZ,2020-07-09,66.4,68.33,65.21,66.05,66.09,-0.04,-0.0605,121627.11,808493.573
300699.SZ,2020-07-10,65.3,67.55,65.05,66.97,66.05,0.92,1.3929,78710.93,523390.957
300699.SZ,2020-07-13,66.9,70.13,66.9,69.13,66.97,2.16,3.2253,90444.49,624723.983
300699.SZ,2020-07-14,69.29,70.5,67.68,69.09,69.13,-0.04,-0.0579,81746.4,562618.551
300699.SZ,2020-07-15,68.42,70.85,67.99,69.78,69.09,0.69,0.9987,82194.17,573007.498
300699.SZ,2020-07-16,70.35,70.56,66.18,67.2,69.78,-2.58,-3.6973,86952.65,590989.781
300699.SZ,2020-07-17,67.11,72.5,66.68,71.95,67.2,4.75,7.0685,105552.06,743692.347
300699.SZ,2020-07-20,74.01,76.5,73.8,75.4,71.95,3.45,4.795,141193.34,1062166.451
300699.SZ,2020-07-21,75.0,75.5,72.66,73.25,75.4,-2.15,-2.8515,86118.39,633178.487
300699.SZ,2020-07-22,72.87,74.7,72.87,73.8,73.25,0.55,0.7509,61482.82,454211.513
300699.SZ,2020-07-23,73.8,75.5,72.3,74.69,73.8,0.89,1.206,78682.56,584126.479
300699.SZ,2020-07-24,75.54,77.2,72.3,73.32,74.69,-1.37,-1.8342,86762.81,649418.397
300699.SZ,2020-07-27,72.0,75.41,72.0,73.19,73.32,-0.13,-0.1773,62224.49,460875.123
300699.SZ,2020-07-28,73.56,79.18,73.5,76.65,73.19,3.46,4.7274,88716.34,682913.275
300699.SZ,2020-07-29,77.0,78.95,74.87,78.06,76.65,1.41,1.8395,67348.83,518813.221
300699.SZ,2020-07-30,78.63,79.48,77.23,78.4,78.06,0.34,0.4356,50936.94,398940.151
300699.SZ,2020-07-31,77.88,79.37,75.74,77.55,78.4,-0.85,-1.0842,58650.62,453665.072
300699.SZ,2020-08-03,78.09,82.88,78.0,81.3,77.55,3.75,4.8356,72757.83,585819.181
300699.SZ,2020-08-04,80.7,81.84,80.18,81.38,81.3,0.08,0.0984,46416.65,376058.735
300699.SZ,2020-08-05,78.35,82.07,77.81,81.4,81.38,0.02,0.0246,90211.68,721094.724
300699.SZ,2020-08-06,81.42,85.89,81.42,83.05,81.4,1.65,2.027,76064.44,638130.909
300699.SZ,2020-08-07,83.11,90.13,81.88,89.13,83.05,6.08,7.3209,100063.21,865235.835
300699.SZ,2020-08-10,88.4,93.0,80.5,81.85,89.13,-7.28,-8.1678,152089.47,1311499.073
300699.SZ,2020-08-11,82.25,85.56,81.48,83.0,81.85,1.15,1.405,80194.4,669501.66
300699.SZ,2020-08-12,81.35,81.77,75.7,78.37,83.0,-4.63,-5.5783,100619.73,785470.871
300699.SZ,2020-08-13,79.15,80.98,77.0,78.26,78.37,-0.11,-0.1404,53421.15,423551.654
300699.SZ,2020-08-14,79.0,83.56,78.7,82.31,78.26,4.05,5.1751,68410.87,559111.862
300699.SZ,2020-08-17,83.8,86.96,82.0,85.55,82.31,3.24,3.9363,73673.94,619569.303
300699.SZ,2020-08-18,85.0,86.51,83.52,84.91,85.55,-0.64,-0.7481,49236.07,418008.82
300699.SZ,2020-08-19,84.92,85.7,83.28,83.49,84.91,-1.42,-1.6724,42079.47,355891.522
300699.SZ,2020-08-20,82.29,83.55,79.21,79.6,83.49,-3.89,-4.6592,68691.8,555305.192
300699.SZ,2020-08-21,80.51,82.33,80.5,80.77,79.6,1.17,1.4698,40268.76,327136.808
300699.SZ,2020-08-24,80.68,81.8,78.28,80.38,80.77,-0.39,-0.4829,51920.98,415686.776
300699.SZ,2020-08-25,80.56,81.39,78.38,78.95,80.38,-1.43,-1.779,44098.18,350655.005
300699.SZ,2020-08-26,78.95,80.12,75.7,75.95,78.95,-3.0,-3.7999,56943.34,440774.539
300699.SZ,2020-08-27,76.27,77.5,74.98,77.22,75.95,1.27,1.6722,31401.37,240663.249
300699.SZ,2020-08-28,77.59,77.76,75.2,77.51,77.22,0.29,0.3756,49086.73,375673.463
300699.SZ,2020-08-31,77.44,79.65,77.0,78.0,77.51,0.49,0.6322,53187.33,417799.863
300699.SZ,2020-09-01,78.07,81.53,77.55,81.45,78.0,3.45,4.4231,60967.17,486861.239
300699.SZ,2020-09-02,81.7,81.84,79.69,80.75,81.45,-0.7,-0.8594,37057.21,298873.195
300699.SZ,2020-09-03,80.75,81.18,78.81,78.9,80.75,-1.85,-2.291,43622.06,348636.932
300699.SZ,2020-09-04,78.4,79.49,77.78,79.0,78.9,0.1,0.1267,28663.1,225404.812
300699.SZ,2020-09-07,78.78,79.88,75.59,76.6,79.0,-2.4,-3.038,37065.61,287090.786
300699.SZ,2020-09-08,78.0,78.0,73.16,73.6,76.6,-3.0,-3.9164,58640.08,435762.859
300699.SZ,2020-09-09,73.41,73.6,70.39,72.2,73.6,-1.4,-1.9022,58332.43,420082.895
300699.SZ,2020-09-10,72.23,74.88,72.23,73.0,72.2,0.8,1.108,52010.99,384220.626
300699.SZ,2020-09-11,72.53,73.94,72.01,73.43,73.0,0.43,0.589,28781.29,210064.431
300699.SZ,2020-09-14,73.47,74.88,72.01,72.71,73.43,-0.72,-0.9805,40594.89,297954.069
300699.SZ,2020-09-15,73.4,73.86,71.5,71.98,72.71,-0.73,-1.004,47056.33,339491.708
300699.SZ,2020-09-16,72.28,72.48,69.58,70.28,71.98,-1.7,-2.3618,53372.07,377104.893
300699.SZ,2020-09-17,70.54,71.19,69.67,70.52,70.28,0.24,0.3415,32149.6,226460.523
300699.SZ,2020-09-18,70.21,71.78,70.02,71.49,70.52,0.97,1.3755,40985.97,291466.37
300699.SZ,2020-09-21,72.64,75.15,71.42,71.83,71.49,0.34,0.4756,89500.3,654918.254
300699.SZ,2020-09-22,71.2,72.6,70.3,70.81,71.83,-1.02,-1.42,34014.04,243331.7
300699.SZ,2020-09-23,71.38,72.07,70.8,71.7,70.81,0.89,1.2569,28983.5,207076.959
300699.SZ,2020-09-24,71.55,72.18,70.66,70.75,71.7,-0.95,-1.325,26952.55,192257.46
300699.SZ,2020-09-25,70.81,72.29,69.91,70.5,70.75,-0.25,-0.3534,32200.58,228310.93
300699.SZ,2020-09-28,70.5,70.75,67.85,68.33,70.5,-2.17,-3.078,36919.47,253700.58
300699.SZ,2020-09-29,69.01,71.51,68.15,71.24,68.33,2.91,4.2587,44865.4,315329.031
300699.SZ,2020-09-30,71.01,72.77,70.51,71.33,71.24,0.09,0.1263,36351.96,260839.97
300699.SZ,2020-10-09,73.0,73.0,70.52,71.53,71.33,0.2,0.2804,57716.78,412542.2
300699.SZ,2020-10-12,71.97,75.6,71.95,75.42,71.53,3.89,5.4383,62941.54,469944.912
300699.SZ,2020-10-13,75.3,76.0,74.55,75.6,75.42,0.18,0.2387,32300.36,243174.644
300699.SZ,2020-10-14,75.66,77.42,74.67,74.9,75.6,-0.7,-0.9259,47211.95,358262.804
300699.SZ,2020-10-15,75.5,78.5,75.3,75.93,74.9,1.03,1.3752,63038.08,484170.107
300699.SZ,2020-10-16,75.86,76.48,74.47,75.01,75.93,-0.92,-1.2116,31628.52,237814.525
300699.SZ,2020-10-19,75.06,75.65,72.8,72.86,75.01,-2.15,-2.8663,35412.77,262355.005
300699.SZ,2020-10-20,72.86,73.59,72.37,73.11,72.86,0.25,0.3431,31096.93,226739.546
300699.SZ,2020-10-21,73.2,73.7,70.33,70.91,73.11,-2.2,-3.0092,32472.47,232730.412
300699.SZ,2020-10-22,71.0,71.0,69.3,70.15,70.91,-0.76,-1.0718,34169.83,239418.027
300699.SZ,2020-10-23,70.14,70.73,68.6,68.72,70.15,-1.43,-2.0385,28447.23,197971.312
300699.SZ,2020-10-26,68.44,70.9,67.8,70.83,68.72,2.11,3.0704,33829.78,236901.508
300699.SZ,2020-10-27,70.18,70.85,68.48,69.04,70.83,-1.79,-2.5272,67756.32,468999.961
300699.SZ,2020-10-28,69.75,71.3,69.08,70.91,69.04,1.87,2.7086,41858.7,294988.837
300699.SZ,2020-10-29,70.02,70.85,69.59,69.95,70.91,-0.96,-1.3538,36499.29,255683.084
300699.SZ,2020-10-30,70.0,70.37,65.86,66.07,69.95,-3.88,-5.5468,94572.4,639317.54
300699.SZ,2020-11-02,66.15,69.09,65.5,68.45,66.07,2.38,3.6022,53372.57,361380.21
300699.SZ,2020-11-03,68.6,69.88,67.52,68.53,68.45,0.08,0.1169,43192.84,296433.557
300699.SZ,2020-11-04,68.54,72.42,68.54,72.2,68.53,3.67,5.3553,88147.56,626016.156
300699.SZ,2020-11-05,72.66,73.38,71.6,72.77,72.2,0.57,0.7895,45087.68,327514.089
300699.SZ,2020-11-06,73.01,73.78,72.28,72.48,72.77,-0.29,-0.3985,45409.58,331072.636
300699.SZ,2020-11-09,72.65,74.19,72.0,73.82,72.48,1.34,1.8488,43451.77,318929.612
300699.SZ,2020-11-10,74.1,74.28,72.3,73.06,73.82,-0.76,-1.0295,37549.09,275529.643
300699.SZ,2020-11-11,73.07,73.77,70.65,70.78,73.06,-2.28,-3.1207,34267.19,246596.046
300699.SZ,2020-11-12,70.7,71.76,69.12,70.32,70.78,-0.46,-0.6499,39909.83,280235.975
300699.SZ,2020-11-13,70.59,73.4,70.13,72.82,70.32,2.5,3.5552,42188.7,304900.386
300699.SZ,2020-11-16,73.42,73.42,71.0,71.78,72.82,-1.04,-1.4282,23913.43,171782.496
300699.SZ,2020-11-17,71.6,72.38,70.15,71.39,71.78,-0.39,-0.5433,23394.59,166665.518
300699.SZ,2020-11-18,71.02,71.75,68.9,69.45,71.39,-1.94,-2.7175,35034.59,244599.918
300699.SZ,2020-11-19,69.0,72.68,67.58,72.19,69.45,2.74,3.9453,61465.4,436092.067
300699.SZ,2020-11-20,73.0,74.36,72.31,72.93,72.19,0.74,1.0251,41350.48,302981.662
300699.SZ,2020-11-23,73.1,73.5,70.74,71.06,72.93,-1.87,-2.5641,43779.41,314069.311
300699.SZ,2020-11-24,71.06,72.04,70.25,70.55,71.06,-0.51,-0.7177,32968.79,234342.948
300699.SZ,2020-11-25,70.0,70.53,67.88,68.19,70.55,-2.36,-3.3451,52544.67,362665.323
300699.SZ,2020-11-26,68.3,68.97,67.1,68.69,68.19,0.5,0.7332,37943.89,258321.962
300699.SZ,2020-11-27,68.75,70.39,67.85,69.47,68.69,0.78,1.1355,31749.4,219629.368
300699.SZ,2020-11-30,69.4,73.75,68.5,71.6,69.47,2.13,3.0661,64746.18,464843.878
300699.SZ,2020-12-01,71.6,74.66,71.1,74.54,71.6,2.94,4.1061,67207.42,496496.243
300699.SZ,2020-12-02,74.98,79.26,74.96,78.52,74.54,3.98,5.3394,102710.57,796929.657
300699.SZ,2020-12-03,78.48,79.25,77.97,78.64,78.52,0.12,0.1528,47327.55,371609.091
300699.SZ,2020-12-04,78.3,80.6,78.26,79.25,78.64,0.61,0.7757,54589.19,433338.247
300699.SZ,2020-12-07,78.98,80.21,78.32,80.07,79.25,0.82,1.0347,48364.65,383756.483
300699.SZ,2020-12-08,79.76,80.01,78.39,79.25,80.07,-0.82,-1.0241,53773.84,425267.539
300699.SZ,2020-12-09,79.88,80.85,77.66,78.48,79.25,-0.77,-0.9716,44022.08,347128.163
300699.SZ,2020-12-10,77.86,80.3,76.86,79.9,78.48,1.42,1.8094,47802.8,378407.225
300699.SZ,2020-12-11,79.74,80.38,77.06,78.4,79.9,-1.5,-1.8773,61505.5,482824.252
300699.SZ,2020-12-14,78.55,81.33,78.2,80.2,78.4,1.8,2.2959,58015.29,463065.97
300699.SZ,2020-12-15,80.5,82.55,79.65,80.66,80.2,0.46,0.5736,55678.85,450597.653
300699.SZ,2020-12-16,80.38,83.89,80.38,81.28,80.66,0.62,0.7687,85994.26,705081.437
300699.SZ,2020-12-17,80.98,82.32,78.37,79.25,81.28,-2.03,-2.4975,54766.16,436773.708
300699.SZ,2020-12-18,79.62,80.3,77.22,77.42,79.25,-1.83,-2.3091,67666.43,530449.275
300699.SZ,2020-12-21,77.2,82.3,77.2,82.3,77.42,4.88,6.3033,81233.8,657176.195
300699.SZ,2020-12-22,82.0,82.76,79.81,80.0,82.3,-2.3,-2.7947,62540.42,507027.121
300699.SZ,2020-12-23,80.41,83.28,78.58,83.28,80.0,3.28,4.1,85812.33,699669.224
300699.SZ,2020-12-24,83.97,89.05,83.88,86.16,83.28,2.88,3.4582,105309.57,913761.545
300699.SZ,2020-12-25,85.68,89.6,84.03,89.09,86.16,2.93,3.4006,83096.14,724394.147
300699.SZ,2020-12-28,89.89,90.2,86.19,87.19,89.09,-1.9,-2.1327,74776.33,654588.331
300699.SZ,2020-12-29,87.17,87.78,84.0,85.1,87.19,-2.09,-2.3971,60005.56,514294.971
300699.SZ,2020-12-30,85.6,88.08,84.46,87.32,85.1,2.22,2.6087,68208.5,589479.135
300699.SZ,2020-12-31,86.72,89.1,86.2,89.05,87.32,1.73,1.9812,76353.26,668944.376
300699.SZ,2021-01-04,91.46,95.88,89.52,94.9,89.05,5.85,6.5693,94521.78,881444.728
300699.SZ,2021-01-05,94.92,98.09,93.59,95.11,94.9,0.21,0.2213,84657.64,809891.735
300699.SZ,2021-01-06,95.11,101.5,94.17,98.15,95.11,3.04,3.1963,96941.36,955276.07
300699.SZ,2021-01-07,97.01,105.34,96.5,104.1,98.15,5.95,6.0621,104373.85,1065849.243
300699.SZ,2021-01-08,102.5,105.34,98.68,105.0,104.1,0.9,0.8646,99887.77,1019393.366
300699.SZ,2021-01-11,105.5,106.6,95.73,96.81,105.0,-8.19,-7.8,105663.88,1056356.162
300699.SZ,2021-01-12,96.39,100.6,96.39,98.95,96.81,2.14,2.2105,101090.45,998374.933
300699.SZ,2021-01-13,99.15,100.48,92.3,93.26,98.95,-5.69,-5.7504,139680.2,1334204.928
300699.SZ,2021-01-14,93.0,93.26,89.3,90.5,93.26,-2.76,-2.9595,80689.01,737352.465
300699.SZ,2021-01-15,91.55,93.05,89.83,91.6,90.5,1.1,1.2155,69038.75,632983.217
300699.SZ,2021-01-18,91.61,94.75,89.43,92.68,91.6,1.08,1.179,86718.1,804491.346
300699.SZ,2021-01-19,92.1,93.99,88.41,89.09,92.68,-3.59,-3.8735,97815.29,883767.31
300699.SZ,2021-01-20,89.34,92.71,88.34,92.0,89.09,2.91,3.2664,60149.64,548619.519
300699.SZ,2021-01-21,91.57,93.95,91.0,92.58,92.0,0.58,0.6304,57744.05,535661.678
300699.SZ,2021-01-22,92.59,96.95,92.05,96.07,92.58,3.49,3.7697,83021.59,792801.98
300699.SZ,2021-01-25,95.25,99.18,94.38,94.8,96.07,-1.27,-1.322,91779.87,886351.344
300699.SZ,2021-01-26,94.88,95.0,89.2,92.05,94.8,-2.75,-2.9008,91209.02,831890.096
300699.SZ,2021-01-27,91.11,92.87,89.15,92.5,92.05,0.45,0.4889,51226.64,468136.648
300699.SZ,2021-01-28,90.41,92.05,87.0,88.5,92.5,-4.0,-4.3243,56821.74,508966.32
300699.SZ,2021-01-29,89.78,91.73,86.26,88.72,88.5,0.22,0.2486,60569.15,539551.705
300699.SZ,2021-02-01,88.76,90.45,87.21,88.6,88.72,-0.12,-0.1353,56917.47,504176.694
300699.SZ,2021-02-02,89.94,91.45,87.25,91.31,88.6,2.71,3.0587,61107.27,548971.058
300699.SZ,2021-02-03,90.8,91.2,85.65,88.29,91.31,-3.02,-3.3074,81623.57,718040.601
300699.SZ,2021-02-04,88.3,88.88,86.12,87.9,88.29,-0.39,-0.4417,54549.1,476888.928
300699.SZ,2021-02-05,88.04,90.45,85.0,85.02,87.9,-2.88,-3.2765,59020.78,514084.172
300699.SZ,2021-02-08,85.77,88.33,85.08,86.91,85.02,1.89,2.223,45796.87,396929.341
300699.SZ,2021-02-09,87.95,90.8,87.09,89.72,86.91,2.81,3.2332,79077.59,707383.327
300699.SZ,2021-02-10,89.54,91.2,88.88,90.51,89.72,0.79,0.8805,46867.24,423220.822
300699.SZ,2021-02-18,92.33,93.12,86.6,87.79,90.51,-2.72,-3.0052,71297.66,634882.58
300699.SZ,2021-02-19,87.7,87.7,75.17,79.73,87.79,-8.06,-9.181,210469.77,1663926.932
300699.SZ,2021-02-22,78.87,79.42,74.35,74.59,79.73,-5.14,-6.4468,178514.23,1372315.745
300699.SZ,2021-02-23,73.78,76.18,73.08,75.0,74.59,0.41,0.5497,76873.1,576523.347
300699.SZ,2021-02-24,75.5,76.15,73.4,74.28,75.0,-0.72,-0.96,63067.01,470751.783
300699.SZ,2021-02-25,74.5,75.58,72.49,75.0,74.28,0.72,0.9693,81429.29,604706.228
300699.SZ,2021-02-26,73.5,74.7,72.36,72.78,75.0,-2.22,-2.96,67989.78,497273.41
300699.SZ,2021-03-01,73.4,74.58,72.81,74.56,72.78,1.78,2.4457,62408.79,461474.002
300699.SZ,2021-03-02,75.1,75.45,72.96,74.06,74.56,-0.5,-0.6706,52482.43,386943.546
300699.SZ,2021-03-03,73.1,73.77,72.07,73.55,74.06,-0.51,-0.6886,50597.44,370464.525
300699.SZ,2021-03-04,73.4,73.94,71.46,71.8,73.55,-1.75,-2.3793,55165.78,400072.695
300699.SZ,2021-03-05,71.0,72.46,70.7,72.05,71.8,0.25,0.3482,43967.59,316055.368
300699.SZ,2021-03-08,72.45,72.69,67.11,67.23,72.05,-4.82,-6.6898,75948.9,527745.107
300699.SZ,2021-03-09,67.2,67.2,63.0,63.7,67.23,-3.53,-5.2506,88609.65,575906.077
300699.SZ,2021-03-10,66.03,67.76,65.59,65.86,63.7,2.16,3.3909,83590.24,556999.638
300699.SZ,2021-03-11,66.0,67.55,65.18,67.33,65.86,1.47,2.232,46206.77,308533.927
300699.SZ,2021-03-12,68.34,68.4,65.04,66.92,67.33,-0.41,-0.6089,58724.45,389614.057
300699.SZ,2021-03-15,67.26,67.55,65.09,65.84,66.92,-1.08,-1.6139,41897.76,277082.653
300699.SZ,2021-03-16,65.91,68.85,65.9,66.48,65.84,0.64,0.9721,73053.43,491924.206
300699.SZ,2021-03-17,66.49,69.69,66.2,68.65,66.48,2.17,3.2641,71459.19,488755.31
300699.SZ,2021-03-18,68.76,71.14,68.49,70.5,68.65,1.85,2.6948,70623.44,494807.231
300699.SZ,2021-03-19,69.58,70.35,68.0,68.54,70.5,-1.96,-2.7801,61586.8,425048.019
300699.SZ,2021-03-22,68.31,71.29,68.31,71.25,68.54,2.71,3.9539,57867.6,406579.195
300699.SZ,2021-03-23,71.29,72.07,70.62,71.8,71.25,0.55,0.7719,51624.83,368497.554
300699.SZ,2021-03-24,71.02,71.94,69.73,70.4,71.8,-1.4,-1.9499,41735.96,294608.958
300699.SZ,2021-03-25,70.3,73.92,70.11,73.6,70.4,3.2,4.5455,58353.87,425306.444
300699.SZ,2021-03-26,73.7,74.55,72.51,73.64,73.6,0.04,0.0543,43035.53,316154.77
300699.SZ,2021-03-29,73.28,73.88,71.7,72.8,73.64,-0.84,-1.1407,56353.86,410397.622
300699.SZ,2021-03-30,72.98,74.3,72.59,73.73,72.8,0.93,1.2775,47204.73,347487.311
300699.SZ,2021-03-31,73.64,74.01,69.21,69.32,73.73,-4.41,-5.9813,88972.45,625874.366
300699.SZ,2021-04-01,69.99,70.49,68.41,69.32,69.32,0.0,0.0,51346.99,354773.809
300699.SZ,2021-04-02,69.3,69.9,67.42,68.18,69.32,-1.14,-1.6445,78813.85,537566.692
300699.SZ,2021-04-06,68.68,69.15,67.27,67.7,68.18,-0.48,-0.704,58860.55,400228.0
300699.SZ,2021-04-07,67.55,68.21,67.08,68.01,67.7,0.31,0.4579,43512.72,294905.304
300699.SZ,2021-04-08,67.66,70.18,67.3,69.42,68.01,1.41,2.0732,49929.07,345513.95
300699.SZ,2021-04-09,69.01,69.8,68.19,68.28,69.42,-1.14,-1.6422,36542.17,251363.616
300699.SZ,2021-04-12,68.39,68.51,65.36,65.6,68.28,-2.68,-3.925,46220.95,307139.254
300699.SZ,2021-04-13,65.59,66.4,65.22,65.52,65.6,-0.08,-0.122,23790.89,156531.415
300699.SZ,2021-04-14,65.59,66.79,65.22,65.72,65.52,0.2,0.3053,23106.7,152526.331
300699.SZ,2021-04-15,65.61,65.8,64.22,65.5,65.72,-0.22,-0.3348,28630.49,186010.03
300699.SZ,2021-04-16,65.52,66.45,64.9,66.32,65.5,0.82,1.2519,25014.27,164631.153
300699.SZ,2021-04-19,66.19,67.94,65.05,67.77,66.32,1.45,2.1864,44862.62,300709.204
300699.SZ,2021-04-20,67.31,68.28,66.73,66.75,67.77,-1.02,-1.5051,49755.78,335573.447
300699.SZ,2021-04-21,66.74,68.45,66.37,67.85,66.75,1.1,1.6479,42724.6,289103.714
300699.SZ,2021-04-22,68.5,68.78,66.91,67.6,67.85,-0.25,-0.3685,34107.51,230001.529
300699.SZ,2021-04-23,67.85,67.95,67.01,67.75,67.6,0.15,0.2219,32658.37,220668.484
300699.SZ,2021-04-26,68.45,69.96,67.38,67.63,67.75,-0.12,-0.1771,62656.89,430778.545
300699.SZ,2021-04-27,67.2,68.09,65.5,65.99,67.63,-1.64,-2.425,49357.53,327525.32
300699.SZ,2021-04-28,65.51,66.84,65.51,66.55,65.99,0.56,0.8486,35100.81,232306.247
300699.SZ,2021-04-29,64.0,64.2,60.5,62.4,66.55,-4.15,-6.2359,134478.26,830132.881
300699.SZ,2021-04-30,62.11,63.69,62.01,63.15,62.4,0.75,1.2019,58484.65,368030.735
300699.SZ,2021-05-06,63.15,63.66,62.31,63.05,63.15,-0.1,-0.1584,38551.24,242950.54
300699.SZ,2021-05-07,63.05,63.67,60.96,61.09,63.05,-1.96,-3.1086,56223.16,349797.064
300699.SZ,2021-05-10,61.0,61.66,59.0,59.72,61.09,-1.37,-2.2426,54908.95,330824.604
300699.SZ,2021-05-11,59.8,60.06,58.0,59.06,59.72,-0.66,-1.1052,62135.69,366395.562
300699.SZ,2021-05-12,59.49,60.1,58.16,59.8,59.06,0.74,1.253,39824.91,235656.073
300699.SZ,2021-05-13,59.05,59.6,57.67,58.0,59.8,-1.8,-3.01,53006.06,309801.952
300699.SZ,2021-05-14,58.12,61.5,58.12,61.23,58.0,3.23,5.569,65415.19,392667.738
300699.SZ,2021-05-17,61.39,63.77,61.19,62.59,61.23,1.36,2.2211,62591.37,393487.343
300699.SZ,2021-05-18,62.59,63.63,61.84,63.1,62.59,0.51,0.8148,46943.43,295918.173
300699.SZ,2021-05-19,62.72,65.48,62.61,65.21,63.1,2.11,3.3439,61760.06,398898.463
300699.SZ,2021-05-20,64.64,65.5,64.2,64.4,65.21,-0.81,-1.2421,46043.67,297816.424
300699.SZ,2021-05-21,64.98,65.13,62.8,63.17,64.4,-1.23,-1.9099,44426.51,281896.134
300699.SZ,2021-05-24,63.12,64.91,62.05,64.27,63.17,1.1,1.7413,59510.14,381001.936
300699.SZ,2021-05-25,64.05,66.09,63.77,65.4,64.27,1.13,1.7582,63573.06,414588.545
300699.SZ,2021-05-26,65.31,65.95,64.6,65.5,65.4,0.1,0.1529,54374.45,355115.671
300699.SZ,2021-05-27,65.2,70.58,64.71,68.7,65.0,3.7,5.6923,106154.33,723926.959
300699.SZ,2021-05-28,68.7,70.35,68.0,68.8,68.7,0.1,0.1456,79712.57,549577.918
300699.SZ,2021-05-31,68.92,71.09,68.6,71.0,68.8,2.2,3.1977,79144.06,556692.979
300699.SZ,2021-06-01,70.61,72.29,69.46,71.78,71.0,0.78,1.0986,73894.27,528025.1
300699.SZ,2021-06-02,71.88,72.42,69.74,70.3,71.78,-1.48,-2.0619,60032.02,424774.56
300699.SZ,2021-06-03,70.3,70.99,69.02,69.1,70.3,-1.2,-1.707,56773.83,397161.394
300699.SZ,2021-06-04,69.15,70.68,69.0,69.52,69.1,0.42,0.6078,45415.74,317196.909
300699.SZ,2021-06-07,70.0,70.6,68.92,70.14,69.52,0.62,0.8918,41320.66,288346.292
300699.SZ,2021-06-08,70.2,71.23,68.43,69.34,70.14,-0.8,-1.1406,42030.04,292908.571
300699.SZ,2021-06-09,69.56,71.3,69.54,70.0,69.34,0.66,0.9518,45344.25,318493.5
300699.SZ,2021-06-10,70.49,71.97,69.9,71.12,70.0,1.12,1.6,61132.36,434808.048
300699.SZ,2021-06-11,71.2,72.4,69.28,69.28,71.12,-1.84,-2.5872,80068.77,566324.733
300699.SZ,2021-06-15,69.86,73.78,69.1,73.43,69.28,4.15,5.9902,96149.2,693095.928
300699.SZ,2021-06-16,72.9,73.29,68.35,69.17,73.43,-4.26,-5.8014,75946.21,532569.459
300699.SZ,2021-06-17,69.05,71.0,68.93,70.55,69.17,1.38,1.9951,46200.03,324533.25
300699.SZ,2021-06-18,70.81,73.49,70.56,72.25,70.55,1.7,2.4096,59836.63,433206.614
300699.SZ,2021-06-21,72.24,75.22,72.0,74.44,72.25,2.19,3.0311,107412.54,797674.155
300699.SZ,2021-06-22,74.99,75.59,73.0,73.39,74.44,-1.05,-1.4105,80733.71,597938.46
300699.SZ,2021-06-23,71.72,74.47,69.71,73.77,73.39,0.38,0.5178,96093.75,699208.148
300699.SZ,2021-06-24,73.83,76.2,73.5,74.09,73.77,0.32,0.4338,63218.7,471694.663
300699.SZ,2021-06-25,73.51,75.2,71.92,74.11,74.09,0.02,0.027,52329.5,385654.83
300699.SZ,2021-06-28,74.02,75.39,72.51,74.8,74.11,0.69,0.931,64866.27,479939.318
300699.SZ,2021-06-29,74.59,76.17,72.8,73.42,74.8,-1.38,-1.8449,78118.66,582989.272
300699.SZ,2021-06-30,73.4,75.96,72.11,75.95,73.42,2.53,3.4459,78513.25,588394.534
300699.SZ,2021-07-01,75.5,76.6,73.0,73.02,75.95,-2.93,-3.8578,65388.6,486648.936
300699.SZ,2021-07-02,72.5,72.8,68.9,69.0,73.02,-4.02,-5.5053,80373.09,562471.885
300699.SZ,2021-07-05,68.68,70.5,67.48,69.05,69.0,0.05,0.0725,59036.02,407129.184
300699.SZ,2021-07-06,68.97,69.67,67.55,68.64,69.05,-0.41,-0.5938,43480.47,297611.749
300699.SZ,2021-07-07,68.16,70.35,68.01,69.67,68.64,1.03,1.5006,51504.92,357600.84
300699.SZ,2021-07-08,69.7,75.87,69.7,75.1,69.67,5.43,7.7939,123509.29,912749.542
300699.SZ,2021-07-09,74.57,76.1,73.67,76.06,75.1,0.96,1.2783,98188.66,735822.59
300699.SZ,2021-07-12,76.8,77.52,75.35,75.66,76.06,-0.4,-0.5259,68458.75,521005.907
300699.SZ,2021-07-13,74.14,76.09,72.63,73.5,75.66,-2.16,-2.8549,79566.83,587986.689
300699.SZ,2021-07-14,73.58,73.87,69.35,69.41,73.5,-4.09,-5.5646,91790.66,651094.093
300699.SZ,2021-07-15,70.2,71.93,68.1,69.45,69.41,0.04,0.0576,77455.86,538837.442
300699.SZ,2021-07-16,69.06,71.15,67.3,70.27,69.45,0.82,1.1807,92632.37,645298.368
300699.SZ,2021-07-19,70.49,71.87,66.62,66.79,70.27,-3.48,-4.9523,117805.12,805964.0
300699.SZ,2021-07-20,66.09,67.85,65.48,67.68,66.79,0.89,1.3325,58081.07,388415.852
300699.SZ,2021-07-21,67.66,70.14,67.66,69.51,67.68,1.83,2.7039,57274.25,396604.07
300699.SZ,2021-07-22,69.4,70.18,68.66,69.64,69.51,0.13,0.187,41391.24,286512.93
300699.SZ,2021-07-23,69.64,69.9,66.67,68.34,69.64,-1.3,-1.8667,80144.71,544735.079
300699.SZ,2021-07-26,68.6,74.03,68.58,71.92,68.34,3.58,5.2385,145519.88,1046274.715
300699.SZ,2021-07-27,71.56,74.3,70.0,70.64,71.92,-1.28,-1.7798,132813.74,960862.439
300699.SZ,2021-07-28,70.21,70.21,65.65,66.06,70.64,-4.58,-6.4836,101746.59,680666.518
300699.SZ,2021-07-29,67.17,69.87,66.25,69.18,66.06,3.12,4.723,77668.15,530503.295
300699.SZ,2021-07-30,69.13,69.75,67.03,68.22,69.18,-0.96,-1.3877,59080.29,402489.181
300699.SZ,2021-08-02,69.01,81.5,68.99,79.1,68.22,10.88,15.9484,227659.72,1760543.505
300699.SZ,2021-08-03,78.61,81.68,77.27,79.91,79.1,0.81,1.024,150835.27,1206021.585
300699.SZ,2021-08-04,79.68,81.48,78.95,80.36,79.91,0.45,0.5631,104823.75,840941.134
300699.SZ,2021-08-05,82.0,83.77,79.02,80.33,80.36,-0.03,-0.0373,177616.29,1444176.056
300699.SZ,2021-08-06,78.9,82.5,78.72,81.49,80.33,1.16,1.444,132364.36,1072603.361
300699.SZ,2021-08-09,82.0,83.99,79.58,80.08,81.49,-1.41,-1.7303,120400.14,977330.824
300699.SZ,2021-08-10,79.5,83.93,79.5,82.65,80.08,2.57,3.2093,145006.78,1198158.477
300699.SZ,2021-08-11,81.79,84.84,81.25,82.65,82.65,0.0,0.0,118865.28,986569.722
300699.SZ,2021-08-12,81.8,85.81,80.52,82.28,82.65,-0.37,-0.4477,136356.78,1134092.281
300699.SZ,2021-08-13,82.7,85.47,81.42,82.6,82.28,0.32,0.3889,114092.87,949770.971
300699.SZ,2021-08-16,83.12,84.85,79.23,80.68,82.6,-1.92,-2.3245,102198.94,833488.153
300699.SZ,2021-08-17,80.84,82.57,78.03,79.01,80.68,-1.67,-2.0699,88013.87,705349.678
300699.SZ,2021-08-18,79.11,84.3,77.81,82.68,79.01,3.67,4.645,118795.65,973169.045
300699.SZ,2021-08-19,82.0,83.6,80.12,82.43,82.68,-0.25,-0.3024,86773.14,710150.964
300699.SZ,2021-08-20,82.45,82.5,78.51,80.0,82.43,-2.43,-2.948,92332.12,737404.339
300699.SZ,2021-08-23,80.53,86.95,80.53,85.3,80.0,5.3,6.625,151127.95,1281584.296
300699.SZ,2021-08-24,83.32,83.47,79.5,82.72,85.3,-2.58,-3.0246,174976.88,1422096.512
300699.SZ,2021-08-25,82.8,84.71,80.81,81.73,82.72,-0.99,-1.1968,90234.51,741657.169
300699.SZ,2021-08-26,81.99,83.5,79.0,79.43,81.73,-2.3,-2.8141,92297.14,746331.234
300699.SZ,2021-08-27,78.96,79.01,73.95,74.78,79.43,-4.65,-5.8542,153110.65,1160656.399
300699.SZ,2021-08-30,75.15,78.2,74.41,74.61,74.78,-0.17,-0.2273,127066.66,967676.89
300699.SZ,2021-08-31,74.59,75.22,71.78,73.04,74.61,-1.57,-2.1043,103409.88,754631.823
300699.SZ,2021-09-01,72.8,73.96,71.89,73.28,73.04,0.24,0.3286,72864.58,531714.843
300699.SZ,2021-09-02,73.25,73.25,70.92,71.48,73.28,-1.8,-2.4563,73657.5,527046.532
300699.SZ,2021-09-03,71.3,72.72,69.65,71.66,71.48,0.18,0.2518,80362.06,572189.425
300699.SZ,2021-09-06,72.0,73.61,70.4,73.09,71.66,1.43,1.9955,79882.19,578900.274
300699.SZ,2021-09-07,73.48,74.04,72.18,72.39,73.09,-0.7,-0.9577,70355.95,511701.094
300699.SZ,2021-09-08,72.35,73.37,70.85,71.66,72.39,-0.73,-1.0084,60772.87,436524.233
300699.SZ,2021-09-09,71.1,72.6,71.1,72.59,71.66,0.93,1.2978,52649.16,378975.872
300699.SZ,2021-09-10,72.94,72.98,70.9,71.76,72.59,-0.83,-1.1434,56411.04,403624.133
300699.SZ,2021-09-13,71.67,71.89,69.81,70.05,71.76,-1.71,-2.3829,66073.81,464789.236
300699.SZ,2021-09-14,70.68,72.59,70.02,70.36,70.05,0.31,0.4425,80101.74,570313.053
300699.SZ,2021-09-15,70.38,71.92,69.0,71.56,70.36,1.2,1.7055,70865.87,503241.502
300699.SZ,2021-09-16,71.57,72.14,70.44,71.4,71.56,-0.16,-0.2236,50566.54,360374.844
300699.SZ,2021-09-17,71.21,71.39,69.42,70.04,71.4,-1.36,-1.9048,42883.91,301099.806
300699.SZ,2021-09-22,69.01,70.6,67.68,70.05,70.04,0.01,0.0143,50076.19,345417.548
300699.SZ,2021-09-23,70.46,70.86,69.29,70.08,70.05,0.03,0.0428,47810.35,333445.912
300699.SZ,2021-09-24,69.66,70.1,68.48,68.57,70.08,-1.51,-2.1547,44822.69,310937.184
300699.SZ,2021-09-27,68.2,69.27,66.54,66.64,68.57,-1.93,-2.8146,61110.32,413298.827
300699.SZ,2021-09-28,66.7,67.32,66.03,66.08,66.64,-0.56,-0.8403,40401.27,268913.705
300699.SZ,2021-09-29,65.98,66.61,65.56,66.44,66.08,0.36,0.5448,39407.87,260849.088
300699.SZ,2021-09-30,66.48,66.86,65.06,65.52,66.44,-0.92,-1.3847,42207.27,277172.458
300699.SZ,2021-10-08,65.61,66.3,64.3,64.8,65.52,-0.72,-1.0989,35493.39,231943.384
300699.SZ,2021-10-11,64.8,67.86,64.44,67.28,64.8,2.48,3.8272,63184.22,422752.128
300699.SZ,2021-10-12,66.85,66.85,64.53,64.64,67.28,-2.64,-3.9239,44443.43,289643.705
300699.SZ,2021-10-13,64.1,64.18,59.0,61.57,64.64,-3.07,-4.7494,96507.91,590484.581
300699.SZ,2021-10-14,61.64,62.11,60.52,61.47,61.57,-0.1,-0.1624,53231.08,327260.46
300699.SZ,2021-10-15,61.8,62.89,61.2,62.66,61.47,1.19,1.9359,56149.2,350460.908
300699.SZ,2021-10-18,62.8,64.3,62.58,63.15,62.66,0.49,0.782,40818.5,258109.311
300699.SZ,2021-10-19,62.98,63.5,62.6,63.21,63.15,0.06,0.095,38936.01,245470.032
300699.SZ,2021-10-20,62.8,63.43,61.87,61.98,63.21,-1.23,-1.9459,55456.81,346193.534
300699.SZ,2021-10-21,62.08,62.67,61.26,61.74,61.98,-0.24,-0.3872,39009.16,240864.714
300699.SZ,2021-10-22,61.4,63.84,61.4,63.03,61.74,1.29,2.0894,54628.43,344777.611
300699.SZ,2021-10-25,63.05,64.16,61.3,63.98,63.03,0.95,1.5072,76638.09,480293.571
300699.SZ,2021-10-26,64.46,66.26,64.02,64.99,63.98,1.01,1.5786,74636.57,483122.507
300699.SZ,2021-10-27,65.77,67.23,64.82,66.6,64.99,1.61,2.4773,113020.09,750202.588
300699.SZ,2021-10-28,66.44,67.17,65.3,66.3,66.6,-0.3,-0.4505,57445.9,380844.45
300699.SZ,2021-10-29,66.29,68.07,65.66,67.89,66.3,1.59,2.3982,62987.66,423940.107
300699.SZ,2021-11-01,67.89,72.27,67.63,71.74,67.89,3.85,5.6709,114485.2,809944.193
300699.SZ,2021-11-02,71.68,73.56,71.21,72.25,71.74,0.51,0.7109,94824.66,688802.451
300699.SZ,2021-11-03,72.0,74.2,71.2,73.47,72.25,1.22,1.6886,90631.29,661889.174
300699.SZ,2021-11-04,73.34,78.27,73.34,77.66,73.47,4.19,5.703,141243.57,1085413.067
300699.SZ,2021-11-05,77.65,78.3,74.37,74.43,77.66,-3.23,-4.1592,98251.57,744677.218
300699.SZ,2021-11-08,74.6,76.26,73.29,74.48,74.43,0.05,0.0672,58826.96,437210.101
300699.SZ,2021-11-09,74.57,78.28,74.57,76.73,74.48,2.25,3.0209,102068.12,787878.116
300699.SZ,2021-11-10,78.25,78.27,75.98,77.11,76.73,0.38,0.4952,80500.67,619865.093
300699.SZ,2021-11-11,76.49,77.15,75.05,76.51,77.11,-0.6,-0.7781,72824.94,553837.881
300699.SZ,2021-11-12,76.51,79.2,76.51,79.05,76.51,2.54,3.3198,86352.81,679064.064
300699.SZ,2021-11-15,79.05,80.96,76.5,77.1,79.05,-1.95,-2.4668,74301.71,579031.799
300699.SZ,2021-11-16,76.87,80.0,76.51,76.61,77.1,-0.49,-0.6355,84863.86,661705.177
300699.SZ,2021-11-17,77.18,79.99,75.5,79.33,76.61,2.72,3.5505,100958.18,788932.645
300699.SZ,2021-11-18,79.33,82.72,78.82,81.39,79.33,2.06,2.5967,108144.81,879000.227
300699.SZ,2021-11-19,81.65,83.11,80.81,81.3,81.39,-0.09,-0.1106,73651.37,604191.077
300699.SZ,2021-11-22,82.96,88.28,82.52,86.33,81.3,5.03,6.187,132313.9,1133776.001
300699.SZ,2021-11-23,86.35,87.78,85.09,85.52,86.33,-0.81,-0.9383,75284.89,649619.422
300699.SZ,2021-11-24,85.27,86.86,83.53,84.72,85.52,-0.8,-0.9355,76595.11,649073.627
300699.SZ,2021-11-25,84.73,87.35,84.6,84.9,84.72,0.18,0.2125,58742.37,502712.221
300699.SZ,2021-11-26,81.55,84.79,80.88,81.83,84.9,-3.07,-3.616,177440.04,1461522.081
300699.SZ,2021-11-29,82.0,84.73,81.75,83.99,81.83,2.16,2.6396,87987.62,734078.683
300699.SZ,2021-11-30,83.99,86.58,83.67,84.3,83.99,0.31,0.3691,80157.02,679301.932
300699.SZ,2021-12-01,83.52,85.78,83.08,83.96,84.3,-0.34,-0.4033,56321.65,472904.028
300699.SZ,2021-12-02,82.98,83.01,80.86,81.1,83.96,-2.86,-3.4064,77930.97,636824.105
300699.SZ,2021-12-03,81.5,82.19,80.25,81.66,81.1,0.56,0.6905,56244.18,457055.606
300699.SZ,2021-12-06,81.12,83.68,80.99,81.79,81.66,0.13,0.1592,64912.44,534445.763
300699.SZ,2021-12-07,82.19,82.19,79.0,80.33,81.79,-1.46,-1.7851,60641.76,485443.27
300699.SZ,2021-12-08,80.59,83.77,80.59,82.62,80.33,2.29,2.8507,58459.02,483333.962
300699.SZ,2021-12-09,82.6,82.61,80.46,82.1,82.62,-0.52,-0.6294,52524.93,429005.347
300699.SZ,2021-12-10,83.89,86.26,82.06,85.85,82.1,3.75,4.5676,127726.98,1083978.819
300699.SZ,2021-12-13,85.43,85.77,83.3,83.76,85.85,-2.09,-2.4345,72636.6,611680.068
300699.SZ,2021-12-14,83.36,85.43,83.35,84.58,83.76,0.82,0.979,44147.22,372966.26
300699.SZ,2021-12-15,84.56,85.83,83.83,85.0,84.58,0.42,0.4966,41533.65,352928.643
300699.SZ,2021-12-16,85.4,85.4,83.6,83.93,85.0,-1.07,-1.2588,41449.58,349439.079
300699.SZ,2021-12-17,84.43,84.43,82.23,82.96,83.93,-0.97,-1.1557,35018.93,290573.829
300699.SZ,2021-12-20,83.0,83.8,81.05,81.35,82.96,-1.61,-1.9407,41769.12,342839.849
300699.SZ,2021-12-21,81.97,83.28,81.4,82.58,81.35,1.23,1.512,28847.49,238790.419
300699.SZ,2021-12-22,82.94,83.26,81.41,81.69,82.58,-0.89,-1.0777,26115.14,214495.661
300699.SZ,2021-12-23,81.69,82.31,80.0,80.98,81.69,-0.71,-0.8691,49001.44,396277.87
300699.SZ,2021-12-24,81.1,82.78,80.98,81.25,80.98,0.27,0.3334,43798.25,358560.178
300699.SZ,2021-12-27,82.02,83.07,79.7,79.8,81.25,-1.45,-1.7846,38254.85,310288.786
300699.SZ,2021-12-28,80.0,81.47,78.56,80.77,79.8,0.97,1.2155,38933.29,312265.796
300699.SZ,2021-12-29,82.01,82.5,80.1,81.54,80.77,0.77,0.9533,53560.78,436387.409
300699.SZ,2021-12-30,81.55,83.28,80.52,82.62,81.54,1.08,1.3245,48379.97,398995.924
300699.SZ,2021-12-31,86.5,87.28,83.3,84.48,82.62,1.86,2.2513,101608.98,861051.169
300699.SZ,2022-01-04,83.88,86.2,83.16,84.75,84.48,0.27,0.3196,68944.25,584259.941
300699.SZ,2022-01-05,84.67,85.48,78.58,80.1,84.75,-4.65,-5.4867,102609.92,829507.147
300699.SZ,2022-01-06,79.99,80.67,76.58,77.8,80.1,-2.3,-2.8714,70362.8,547487.844
300699.SZ,2022-01-07,77.9,78.2,75.8,76.7,77.8,-1.1,-1.4139,49707.04,382447.14
300699.SZ,2022-01-10,76.55,77.79,75.89,76.1,76.7,-0.6,-0.7823,35920.05,275688.578
300699.SZ,2022-01-11,76.1,77.22,74.3,76.54,76.1,0.44,0.5782,54529.68,412965.359
300699.SZ,2022-01-12,76.18,77.37,75.81,76.92,76.54,0.38,0.4965,53158.97,407829.451
300699.SZ,2022-01-13,77.0,77.28,74.5,74.5,76.92,-2.42,-3.1461,48056.01,361697.037
300699.SZ,2022-01-14,74.1,74.7,71.31,72.91,74.5,-1.59,-2.1342,141832.82,1029206.102
300699.SZ,2022-01-17,72.19,73.38,70.71,72.76,72.91,-0.15,-0.2057,106033.54,765430.099
300699.SZ,2022-01-18,72.9,73.08,70.8,71.65,72.76,-1.11,-1.5256,77692.87,556914.874
300699.SZ,2022-01-19,71.73,72.46,69.8,70.68,71.65,-0.97,-1.3538,62681.53,444020.991
300699.SZ,2022-01-20,71.28,71.89,69.5,70.09,70.68,-0.59,-0.8347,61358.41,433110.75
300699.SZ,2022-01-21,69.81,70.35,68.75,69.11,70.09,-0.98,-1.3982,53139.37,369000.603
300699.SZ,2022-01-24,69.0,71.29,68.24,70.57,69.11,1.46,2.1126,58140.54,407532.451
300699.SZ,2022-01-25,70.38,73.3,70.38,70.51,70.57,-0.06,-0.085,76893.01,556434.847
300699.SZ,2022-01-26,71.49,73.83,70.78,71.84,70.51,1.33,1.8863,57426.47,416746.791
300699.SZ,2022-01-27,72.22,72.4,69.8,70.1,71.84,-1.74,-2.422,38490.8,273160.772
300699.SZ,2022-01-28,70.96,73.19,69.4,71.92,70.1,1.82,2.5963,61627.45,443252.008
300699.SZ,2022-02-07,72.99,73.19,70.4,70.99,71.92,-0.93,-1.2931,45198.64,322520.896
300699.SZ,2022-02-08,71.0,71.38,68.47,70.4,70.99,-0.59,-0.8311,41472.26,289151.681
300699.SZ,2022-02-09,70.36,71.57,69.49,70.72,70.4,0.32,0.4545,44943.94,316103.223
300699.SZ,2022-02-10,70.9,70.95,69.7,69.99,70.72,-0.73,-1.0322,25516.3,179405.048
300699.SZ,2022-02-11,70.06,70.06,66.03,66.49,69.99,-3.5,-5.0007,74080.84,499630.61
300699.SZ,2022-02-14,66.49,70.87,66.08,68.98,66.49,2.49,3.7449,61778.83,426403.318
300699.SZ,2022-02-15,69.5,72.59,68.9,71.26,68.98,2.28,3.3053,55292.47,391877.083
300699.SZ,2022-02-16,71.15,71.77,70.26,70.68,71.26,-0.58,-0.8139,44480.54,315293.279
300699.SZ,2022-02-17,70.5,71.42,70.38,71.24,70.68,0.56,0.7923,35609.76,252360.911
300699.SZ,2022-02-18,70.68,71.02,70.0,70.9,71.24,-0.34,-0.4773,21126.0,149006.678
300699.SZ,2022-02-21,70.62,71.35,70.31,70.5,70.9,-0.4,-0.5642,21406.36,151410.818
300699.SZ,2022-02-22,70.7,71.5,69.25,70.64,70.5,0.14,0.1986,35370.63,248969.208
300699.SZ,2022-02-23,70.49,73.95,70.24,73.29,70.64,2.65,3.7514,61127.29,447062.182
300699.SZ,2022-02-24,73.1,73.58,70.83,72.16,73.29,-1.13,-1.5418,64137.74,464187.186
300699.SZ,2022-02-25,72.2,74.12,72.2,72.61,72.16,0.45,0.6236,47547.98,347576.097
300699.SZ,2022-02-28,73.05,75.39,72.6,73.33,72.61,0.72,0.9916,57527.0,424748.695
300699.SZ,2022-03-01,73.53,74.84,73.52,73.95,73.33,0.62,0.8455,45083.29,334463.287
300699.SZ,2022-03-02,74.15,74.15,72.52,73.4,73.95,-0.55,-0.7437,38202.31,279403.354
300699.SZ,2022-03-03,73.66,73.69,71.25,71.45,73.4,-1.95,-2.6567,43189.27,310455.85
300699.SZ,2022-03-04,71.04,72.96,70.76,71.2,71.45,-0.25,-0.3499,33840.79,243132.466
300699.SZ,2022-03-07,71.23,71.5,67.77,68.21,71.2,-2.99,-4.1994,58402.97,402390.773
300699.SZ,2022-03-08,68.57,69.56,66.52,66.67,68.21,-1.54,-2.2577,42170.58,285899.781
300699.SZ,2022-03-09,67.06,67.59,62.5,65.18,66.67,-1.49,-2.2349,53441.79,347969.781
300699.SZ,2022-03-10,67.01,69.52,67.01,68.12,65.18,2.94,4.5106,50940.5,347538.93
300699.SZ,2022-03-11,67.58,67.77,65.88,67.65,68.12,-0.47,-0.69,32456.2,217393.902
300699.SZ,2022-03-14,67.51,68.65,66.86,67.05,67.65,-0.6,-0.8869,34960.07,236979.634
300699.SZ,2022-03-15,67.6,68.28,64.21,64.3,67.05,-2.75,-4.1014,53417.52,352910.119
300699.SZ,2022-03-16,63.96,65.0,59.59,63.09,64.3,-1.21,-1.8818,156396.53,969940.171
300699.SZ,2022-03-17,64.02,64.39,60.89,61.57,63.09,-1.52,-2.4093,132966.22,827458.054
300699.SZ,2022-03-18,61.2,61.86,60.52,61.34,61.57,-0.23,-0.3736,55979.3,342577.961
300699.SZ,2022-03-21,61.38,64.98,61.38,63.56,61.34,2.22,3.6192,90199.08,573237.948
300699.SZ,2022-03-22,63.5,64.1,62.7,62.98,63.56,-0.58,-0.9125,39721.93,251435.65
300699.SZ,2022-03-23,63.24,64.6,62.43,63.0,62.98,0.02,0.0318,54915.0,347402.905
300699.SZ,2022-03-24,62.63,62.85,61.36,61.56,63.0,-1.44,-2.2857,41317.73,255171.066
300699.SZ,2022-03-25,62.13,63.48,61.3,61.36,61.56,-0.2,-0.3249,52361.22,326763.931
300699.SZ,2022-03-28,61.02,61.24,58.3,59.28,61.36,-2.08,-3.3898,84032.09,498508.119
300699.SZ,2022-03-29,59.68,60.7,58.2,58.57,59.28,-0.71,-1.1977,43115.79,255561.135
300699.SZ,2022-03-30,59.01,60.98,58.86,60.65,58.57,2.08,3.5513,44377.68,266388.741
300699.SZ,2022-03-31,60.65,60.66,58.75,58.96,60.65,-1.69,-2.7865,35294.96,209276.128
300699.SZ,2022-04-01,58.7,58.9,57.9,58.44,58.96,-0.52,-0.882,36255.12,211779.413
300699.SZ,2022-04-06,58.4,58.4,55.78,56.55,58.44,-1.89,-3.2341,61645.21,347959.883
300699.SZ,2022-04-07,56.56,56.98,54.66,54.8,56.55,-1.75,-3.0946,53904.54,298411.264
300699.SZ,2022-04-08,54.9,55.18,53.56,54.0,54.8,-0.8,-1.4599,50294.02,272666.371
300699.SZ,2022-04-11,54.0,54.07,51.91,52.08,54.0,-1.92,-3.5556,48685.02,256407.813
300699.SZ,2022-04-12,50.0,51.97,49.7,51.48,52.08,-0.6,-1.1521,79378.12,404943.213
300699.SZ,2022-04-13,51.5,51.6,49.08,49.41,51.48,-2.07,-4.021,63794.71,318147.901
300699.SZ,2022-04-14,50.0,50.32,49.43,49.62,49.41,0.21,0.425,32968.05,164196.98
300699.SZ,2022-04-15,49.5,49.92,48.1,48.67,49.62,-0.95,-1.9146,34293.35,167169.26
300699.SZ,2022-04-18,48.49,50.36,47.55,50.1,48.67,1.43,2.9382,54362.37,268260.179
300699.SZ,2022-04-19,50.11,51.62,49.06,49.43,50.1,-0.67,-1.3373,49643.33,249204.778
300699.SZ,2022-04-20,50.16,50.19,48.6,49.01,49.43,-0.42,-0.8497,36960.47,182340.974
300699.SZ,2022-04-21,49.01,49.45,47.21,47.32,49.01,-1.69,-3.4483,44688.87,214634.986
300699.SZ,2022-04-22,47.1,47.99,46.0,46.64,47.32,-0.68,-1.437,36942.64,173453.595
300699.SZ,2022-04-25,46.0,46.03,42.3,42.48,46.64,-4.16,-8.9194,62279.92,276277.426
300699.SZ,2022-04-26,42.99,44.7,42.68,42.87,42.48,0.39,0.9181,82670.81,362090.33
300699.SZ,2022-04-27,43.13,47.46,42.77,47.18,42.87,4.31,10.0537,98693.66,446881.817
300699.SZ,2022-04-28,46.58,47.37,45.89,46.99,47.18,-0.19,-0.4027,62941.92,293903.533
300699.SZ,2022-04-29,47.18,50.07,46.5,49.81,46.99,2.82,6.0013,95039.48,463708.514
300699.SZ,2022-05-05,49.99,51.77,49.56,50.77,49.81,0.96,1.9273,65522.06,333680.583
300699.SZ,2022-05-06,49.58,50.2,49.0,49.69,50.77,-1.08,-2.1272,43975.4,218076.887
300699.SZ,2022-05-09,49.66,51.48,49.4,50.97,49.69,1.28,2.576,33539.03,169851.291
300699.SZ,2022-05-10,50.02,51.68,49.8,51.33,50.97,0.36,0.7063,37165.05,189558.494
300699.SZ,2022-05-11,51.55,53.81,51.55,51.99,51.33,0.66,1.2858,53040.48,280849.554
300699.SZ,2022-05-12,51.52,52.38,51.08,51.46,51.99,-0.53,-1.0194,28674.0,148009.232
300699.SZ,2022-05-13,52.11,53.01,51.74,52.8,51.46,1.34,2.604,36656.72,192423.014
300699.SZ,2022-05-16,53.15,54.0,52.61,53.2,52.8,0.4,0.7576,35529.8,188790.022
300699.SZ,2022-05-17,53.6,54.4,52.22,53.98,53.2,0.78,1.4662,37358.41,199980.439
300699.SZ,2022-05-18,54.1,54.4,52.95,53.23,53.98,-0.75,-1.3894,23274.9,124197.368
300699.SZ,2022-05-19,52.55,55.52,52.23,55.28,53.23,2.05,3.8512,42400.98,230187.962
300699.SZ,2022-05-20,55.8,56.88,54.03,54.82,55.28,-0.46,-0.8321,47490.14,262093.832
300699.SZ,2022-05-23,54.15,54.45,52.15,54.36,54.82,-0.46,-0.8391,53215.22,283624.212
300699.SZ,2022-05-24,54.24,55.29,52.4,52.48,54.36,-1.88,-3.4584,37993.12,203901.841
300699.SZ,2022-05-25,53.0,53.15,52.01,53.02,52.48,0.54,1.029,23809.09,125414.81
300699.SZ,2022-05-26,53.1,54.56,52.43,53.68,53.02,0.66,1.2448,34073.79,183030.015
300699.SZ,2022-05-27,53.8,54.78,52.7,53.35,53.18,0.17,0.3197,29299.71,157209.931
300699.SZ,2022-05-30,53.56,54.52,52.56,54.48,53.35,1.13,2.1181,28577.74,153881.845
300699.SZ,2022-05-31,54.23,55.43,53.8,55.03,54.48,0.55,1.0095,39717.07,217498.111
300699.SZ,2022-06-01,55.32,56.33,54.68,56.14,55.03,1.11,2.0171,37223.06,207406.625
300699.SZ,2022-06-02,56.45,57.21,55.87,56.59,56.14,0.45,0.8016,32653.74,184935.914
300699.SZ,2022-06-06,56.05,58.33,56.05,57.69,56.59,1.1,1.9438,42482.74,244783.617
300699.SZ,2022-06-07,57.78,58.3,56.81,57.25,57.69,-0.44,-0.7627,31482.76,180703.891
300699.SZ,2022-06-08,57.49,57.74,55.9,56.79,57.25,-0.46,-0.8035,40988.02,231564.881
300699.SZ,2022-06-09,56.5,56.63,54.5,54.91,56.79,-1.88,-3.3104,36376.69,201052.659
300699.SZ,2022-06-10,54.91,56.2,54.7,55.66,54.91,0.75,1.3659,65854.75,365967.716
300699.SZ,2022-06-13,55.3,56.97,55.0,56.79,55.66,1.13,2.0302,43892.33,246827.849
300699.SZ,2022-06-14,56.46,56.46,53.71,55.07,56.79,-1.72,-3.0287,62039.59,338645.101
300699.SZ,2022-06-15,55.13,56.66,54.68,54.69,55.07,-0.38,-0.69,42660.21,236954.223
300699.SZ,2022-06-16,54.69,57.55,54.69,55.91,54.69,1.22,2.2308,60398.12,340255.89
300699.SZ,2022-06-17,55.01,55.87,52.6,54.68,55.91,-1.23,-2.2,86256.22,468155.751
300699.SZ,2022-06-20,54.71,56.68,54.7,55.63,54.68,0.95,1.7374,67623.18,377899.094
300699.SZ,2022-06-21,55.72,55.95,53.93,54.4,55.63,-1.23,-2.211,38233.59,208980.828
300699.SZ,2022-06-22,54.4,54.79,52.35,52.45,54.4,-1.95,-3.5846,54723.72,291029.368
300699.SZ,2022-06-23,52.61,55.75,52.35,55.56,52.45,3.11,5.9295,71887.67,390166.459
300699.SZ,2022-06-24,55.6,59.0,55.6,57.45,55.56,1.89,3.4017,75520.57,435538.904
300699.SZ,2022-06-27,57.84,58.11,56.67,57.1,57.45,-0.35,-0.6092,52809.42,302647.375
300699.SZ,2022-06-28,57.44,59.68,57.0,59.29,57.1,2.19,3.8354,77586.03,455983.48
300699.SZ,2022-06-29,58.66,59.17,57.69,57.9,59.29,-1.39,-2.3444,68032.75,396486.394
300699.SZ,2022-06-30,57.82,59.86,57.7,58.87,57.9,0.97,1.6753,57149.51,338732.566
300699.SZ,2022-07-01,59.22,60.2,57.76,57.94,58.87,-0.93,-1.5798,62306.14,366898.981
300699.SZ,2022-07-04,57.5,61.0,56.9,60.83,57.94,2.89,4.9879,73540.49,441022.157
300699.SZ,2022-07-05,60.4,60.9,59.2,60.78,60.83,-0.05,-0.0822,54149.65,325538.639
300699.SZ,2022-07-06,60.5,61.62,59.6,60.13,60.78,-0.65,-1.0694,45263.75,274296.997
300699.SZ,2022-07-07,60.69,61.47,59.91,60.7,60.13,0.57,0.9479,37568.87,228304.771
300699.SZ,2022-07-08,61.19,62.16,60.2,60.27,60.7,-0.43,-0.7084,40106.39,244773.454
300699.SZ,2022-07-11,60.08,60.08,57.78,59.3,60.27,-0.97,-1.6094,60430.42,353795.397
300699.SZ,2022-07-12,60.65,67.1,60.65,63.59,59.3,4.29,7.2344,170691.78,1098551.574
300699.SZ,2022-07-13,64.58,65.31,63.0,64.58,63.59,0.99,1.5568,74764.67,480243.042
300699.SZ,2022-07-14,65.0,67.1,63.56,66.37,64.58,1.79,2.7718,90802.22,601704.88
300699.SZ,2022-07-15,66.65,70.73,66.2,68.39,66.37,2.02,3.0435,86147.43,595110.943
300699.SZ,2022-07-18,68.42,68.95,66.66,68.88,68.39,0.49,0.7165,57940.04,393389.364
300699.SZ,2022-07-19,68.49,73.0,66.98,70.7,68.88,1.82,2.6423,123303.88,866129.653
300699.SZ,2022-07-20,71.07,73.0,69.45,72.28,70.7,1.58,2.2348,95476.78,685802.348
300699.SZ,2022-07-21,72.4,73.13,69.41,71.2,72.28,-1.08,-1.4942,70790.74,503399.063
300699.SZ,2022-07-22,71.0,71.93,69.18,70.21,71.2,-0.99,-1.3904,58673.15,410588.127
300699.SZ,2022-07-25,70.51,72.22,70.11,70.28,70.21,0.07,0.0997,57918.73,411502.956
300699.SZ,2022-07-26,70.5,70.76,68.25,68.88,70.28,-1.4,-1.992,46673.38,321768.387
300699.SZ,2022-07-27,68.81,69.47,68.19,68.6,68.88,-0.28,-0.4065,36046.22,247740.901
300699.SZ,2022-07-28,68.86,70.48,68.7,70.02,68.6,1.42,2.07,53083.1,369407.933
300699.SZ,2022-07-29,69.51,70.88,67.99,70.05,70.02,0.03,0.0428,50957.82,355184.419
300699.SZ,2022-08-01,69.67,74.3,69.66,72.35,70.05,2.3,3.2834,98615.57,709978.103
300699.SZ,2022-08-02,71.02,72.77,68.83,69.52,72.35,-2.83,-3.9115,54754.61,384362.796
300699.SZ,2022-08-03,69.5,71.88,69.5,70.58,69.52,1.06,1.5247,55632.87,395087.568
300699.SZ,2022-08-04,70.61,71.19,68.62,69.19,70.58,-1.39,-1.9694,45245.55,314922.021
300699.SZ,2022-08-05,69.4,69.58,67.52,68.29,69.19,-0.9,-1.3008,50260.34,342741.276
300699.SZ,2022-08-08,68.8,72.99,68.1,72.34,68.29,4.05,5.9306,78145.03,559003.15
300699.SZ,2022-08-09,72.2,74.86,71.8,74.3,72.34,1.96,2.7094,62559.54,459830.561
300699.SZ,2022-08-10,73.99,78.23,73.81,75.55,74.3,1.25,1.6824,76275.28,578836.045
300699.SZ,2022-08-11,75.97,76.65,74.31,75.17,75.55,-0.38,-0.503,51511.88,386649.37
300699.SZ,2022-08-12,75.17,75.17,73.26,73.7,75.17,-1.47,-1.9556,35439.63,262154.152
300699.SZ,2022-08-15,73.14,76.29,73.01,74.95,73.7,1.25,1.6961,48466.66,363688.808
300699.SZ,2022-08-16,74.48,78.25,74.48,78.04,74.95,3.09,4.1227,74082.01,572421.752
300699.SZ,2022-08-17,77.94,78.05,75.33,76.11,78.04,-1.93,-2.4731,45253.04,344541.619
300699.SZ,2022-08-18,75.8,77.4,74.79,76.46,76.11,0.35,0.4599,41970.36,320568.257
300699.SZ,2022-08-19,76.51,76.66,72.7,72.84,76.46,-3.62,-4.7345,52370.94,388877.654
300699.SZ,2022-08-22,73.2,75.98,73.06,75.15,72.84,2.31,3.1713,58789.4,440541.107
300699.SZ,2022-08-23,75.5,75.5,72.8,73.0,75.15,-2.15,-2.8609,52515.06,385453.243
300699.SZ,2022-08-24,73.02,73.6,70.3,71.18,73.0,-1.82,-2.4932,56462.99,404299.278
300699.SZ,2022-08-25,71.48,71.93,68.95,70.19,71.18,-0.99,-1.3908,39920.42,279816.318
300699.SZ,2022-08-26,70.27,70.68,68.07,68.45,70.19,-1.74,-2.479,43344.25,299797.098
300699.SZ,2022-08-29,70.0,79.58,68.9,78.4,68.45,9.95,14.5362,149324.66,1137905.135
300699.SZ,2022-08-30,77.97,78.69,75.5,77.58,78.4,-0.82,-1.0459,99140.0,768993.786
300699.SZ,2022-08-31,77.39,78.13,75.2,75.94,77.58,-1.64,-2.1139,54096.62,412291.026
300699.SZ,2022-09-01,75.28,77.45,74.36,74.48,75.94,-1.46,-1.9226,41325.84,312035.958
300699.SZ,2022-09-02,74.45,78.5,72.9,78.1,74.48,3.62,4.8604,72159.37,553829.331
300699.SZ,2022-09-05,77.18,81.3,76.69,79.8,78.1,1.7,2.1767,90059.41,717277.303
300699.SZ,2022-09-06,79.8,81.1,78.5,80.89,79.8,1.09,1.3659,81772.22,654438.979
300699.SZ,2022-09-07,80.51,82.69,79.3,82.31,80.89,1.42,1.7555,62969.15,512349.073
300699.SZ,2022-09-08,82.1,87.7,81.61,86.02,82.31,3.71,4.5074,104217.47,888575.85
300699.SZ,2022-09-09,85.5,86.77,83.45,84.54,86.02,-1.48,-1.7205,69894.77,593560.805
300699.SZ,2022-09-13,84.61,86.76,83.91,85.81,84.54,1.27,1.5022,52318.34,446395.333
300699.SZ,2022-09-14,85.0,90.79,84.53,90.0,85.81,4.19,4.8829,75917.5,674386.329
300699.SZ,2022-09-15,89.2,89.58,85.07,87.21,90.0,-2.79,-3.1,74831.25,650910.814
300699.SZ,2022-09-16,86.2,88.8,85.35,85.76,87.21,-1.45,-1.6627,68484.37,596140.343
300699.SZ,2022-09-19,85.3,86.43,83.0,83.81,85.76,-1.95,-2.2738,69447.49,587291.305
300699.SZ,2022-09-20,84.5,84.7,81.67,83.23,83.81,-0.58,-0.692,55148.31,458985.614
300699.SZ,2022-09-21,82.69,83.16,80.36,82.59,83.23,-0.64,-0.769,65318.52,535676.581
300699.SZ,2022-09-22,82.38,87.52,82.1,85.3,82.59,2.71,3.2813,92765.94,797659.091
300699.SZ,2022-09-23,84.9,86.99,84.7,85.21,85.3,-0.09,-0.1055,59922.14,513117.059
300699.SZ,2022-09-26,84.99,86.19,82.13,85.04,85.21,-0.17,-0.1995,59112.48,501967.05
300699.SZ,2022-09-27,84.4,89.61,84.0,87.96,85.04,2.92,3.4337,70225.02,615810.695
300699.SZ,2022-09-28,87.69,88.6,84.73,85.4,87.96,-2.56,-2.9104,60904.59,525532.491
300699.SZ,2022-09-29,85.25,89.27,85.25,86.45,85.4,1.05,1.2295,65670.16,575063.947
300699.SZ,2022-09-30,86.03,86.4,82.0,82.91,86.45,-3.54,-4.0949,64397.69,537253.658
300699.SZ,2022-10-10,81.98,83.6,78.83,79.32,82.91,-3.59,-4.33,76499.34,615408.578
300699.SZ,2022-10-11,79.71,79.71,77.89,78.52,79.32,-0.8,-1.0086,50365.08,396185.818
300699.SZ,2022-10-12,77.5,77.6,67.3,70.61,78.52,-7.91,-10.0739,197232.77,1375731.834
300699.SZ,2022-10-13,70.0,75.56,69.07,74.3,70.61,3.69,5.2259,119140.75,869764.254
300699.SZ,2022-10-14,74.4,80.9,74.02,78.8,74.3,4.5,6.0565,92914.32,725741.075
300699.SZ,2022-10-17,79.01,81.16,78.01,79.93,78.8,1.13,1.434,51810.02,413518.628
300699.SZ,2022-10-18,80.05,80.7,77.6,79.32,79.93,-0.61,-0.7632,61004.23,480863.746
300699.SZ,2022-10-19,79.94,80.0,77.7,78.06,79.32,-1.26,-1.5885,24814.86,194595.708
300699.SZ,2022-10-20,77.68,78.98,76.53,77.6,78.06,-0.46,-0.5893,38762.5,301499.963
300699.SZ,2022-10-21,77.6,79.0,76.66,78.31,77.6,0.71,0.9149,31170.38,243757.783
300699.SZ,2022-10-24,77.89,83.35,77.89,81.72,78.31,3.41,4.3545,73932.97,604118.492
300699.SZ,2022-10-25,80.8,82.34,79.5,80.2,81.72,-1.52,-1.86,60210.51,485428.314
300699.SZ,2022-10-26,80.64,81.23,77.4,78.5,80.2,-1.7,-2.1197,61783.24,486105.662
300699.SZ,2022-10-27,78.0,79.33,74.96,76.52,78.5,-1.98,-2.5223,56858.96,436216.886
300699.SZ,2022-10-28,76.36,79.5,75.8,76.3,76.52,-0.22,-0.2875,49825.77,384731.583
300699.SZ,2022-10-31,76.5,78.68,74.61,77.6,76.3,1.3,1.7038,49555.97,380625.166
300699.SZ,2022-11-01,78.01,78.45,73.99,76.2,77.6,-1.4,-1.8041,63010.8,475931.86
300699.SZ,2022-11-02,75.59,77.3,74.54,74.99,76.2,-1.21,-1.5879,50932.76,384008.559
300699.SZ,2022-11-03,74.6,78.27,74.19,76.68,74.99,1.69,2.2536,47605.8,364968.945
300699.SZ,2022-11-04,76.73,77.58,75.42,76.47,76.68,-0.21,-0.2739,60567.43,462929.94
300699.SZ,2022-11-07,76.8,78.6,72.87,73.4,76.47,-3.07,-4.0146,84262.47,628610.251
300699.SZ,2022-11-08,73.0,73.88,72.77,73.64,73.4,0.24,0.327,33833.11,248174.439
300699.SZ,2022-11-09,74.57,76.88,73.88,74.01,73.64,0.37,0.5024,64638.57,487127.893
300699.SZ,2022-11-10,73.7,74.26,72.42,73.46,74.01,-0.55,-0.7431,28589.01,209845.823
300699.SZ,2022-11-11,74.93,75.17,72.38,72.68,73.46,-0.78,-1.0618,44613.75,327716.645
300699.SZ,2022-11-14,72.2,73.77,71.3,72.46,72.68,-0.22,-0.3027,33702.09,244564.854
300699.SZ,2022-11-15,72.15,74.0,71.8,73.41,72.46,0.95,1.3111,53972.5,395585.279
300699.SZ,2022-11-16,73.59,75.37,72.0,72.56,73.41,-0.85,-1.1579,47972.16,353242.719
300699.SZ,2022-11-17,71.98,73.49,68.92,73.1,72.56,0.54,0.7442,62064.25,442425.083
300699.SZ,2022-11-18,73.52,75.18,72.8,73.62,73.1,0.52,0.7114,34997.83,259148.55
300699.SZ,2022-11-21,73.38,76.44,73.22,74.66,73.62,1.04,1.4127,42383.51,317835.179
300699.SZ,2022-11-22,74.68,75.57,73.71,74.05,74.66,-0.61,-0.817,34361.03,256432.399
300699.SZ,2022-11-23,73.69,74.38,72.27,74.0,74.05,-0.05,-0.0675,30401.75,222608.775
300699.SZ,2022-11-24,74.29,74.9,73.5,73.5,74.0,-0.5,-0.6757,22014.7,162924.079
300699.SZ,2022-11-25,73.11,73.35,72.11,72.28,73.5,-1.22,-1.6599,19141.5,139084.267
300699.SZ,2022-11-28,72.08,72.29,70.63,72.26,72.28,-0.02,-0.0277,16839.76,120825.774
300699.SZ,2022-11-29,72.6,73.16,70.5,70.75,72.26,-1.51,-2.0897,41702.09,297932.588
300699.SZ,2022-11-30,71.03,71.49,69.45,71.09,70.75,0.34,0.4806,58549.75,410450.424
300699.SZ,2022-12-01,70.98,74.21,70.2,72.7,71.09,1.61,2.2647,67200.69,488732.049
300699.SZ,2022-12-02,72.88,74.5,72.2,72.55,72.7,-0.15,-0.2063,34096.61,249813.421
300699.SZ,2022-12-05,72.55,73.39,70.3,70.4,72.55,-2.15,-2.9635,43577.4,311158.92
300699.SZ,2022-12-06,70.49,71.5,69.11,71.5,70.4,1.1,1.5625,47382.64,334300.629
300699.SZ,2022-12-07,71.2,73.93,70.8,71.94,71.5,0.44,0.6154,56010.47,406544.652
300699.SZ,2022-12-08,71.85,71.85,70.0,70.63,71.94,-1.31,-1.821,51561.75,363550.385
300699.SZ,2022-12-09,70.8,71.74,69.9,71.19,70.63,0.56,0.7929,50074.57,354666.79
300699.SZ,2022-12-12,71.19,75.5,71.0,75.18,71.19,3.99,5.6047,75226.56,556777.628
300699.SZ,2022-12-13,75.46,75.46,72.91,73.65,75.18,-1.53,-2.0351,45520.0,334764.989
300699.SZ,2022-12-14,73.65,74.52,72.74,72.75,73.65,-0.9,-1.222,21535.27,158120.794
300699.SZ,2022-12-15,72.01,73.44,71.91,73.07,72.75,0.32,0.4399,17111.93,124584.514
300699.SZ,2022-12-16,72.55,72.94,71.06,71.37,73.07,-1.7,-2.3265,27052.47,193954.578
300699.SZ,2022-12-19,71.43,72.55,70.78,71.39,71.37,0.02,0.028,20441.45,146196.003
300699.SZ,2022-12-20,71.57,72.11,70.3,70.41,71.39,-0.98,-1.3727,16049.17,113625.242
300699.SZ,2022-12-21,70.7,70.77,69.7,70.15,70.41,-0.26,-0.3693,16712.18,117170.442
300699.SZ,2022-12-22,70.27,70.56,68.0,68.26,70.15,-1.89,-2.6942,31492.61,217076.984
300699.SZ,2022-12-23,68.73,68.73,67.04,67.44,68.26,-0.82,-1.2013,19710.35,133758.872
300699.SZ,2022-12-26,67.23,70.16,67.23,69.8,67.44,2.36,3.4994,24917.95,173476.485
300699.SZ,2022-12-27,69.8,71.2,69.5,70.87,69.8,1.07,1.533,20881.9,147026.497
300699.SZ,2022-12-28,71.49,72.45,70.25,70.56,70.87,-0.31,-0.4374,16033.81,113968.79
300699.SZ,2022-12-29,70.25,73.23,70.25,72.65,70.56,2.09,2.962,30042.28,216875.404
300699.SZ,2022-12-30,72.55,74.36,71.92,72.25,72.65,-0.4,-0.5506,23544.78,171707.344
300699.SZ,2023-01-03,72.55,76.3,72.32,75.58,72.25,3.33,4.609,48770.45,365272.43
300699.SZ,2023-01-04,76.33,76.33,73.49,74.39,75.58,-1.19,-1.5745,33215.06,248617.193
300699.SZ,2023-01-05,74.85,74.85,72.61,73.38,74.39,-1.01,-1.3577,41270.2,303192.619
300699.SZ,2023-01-06,73.24,73.48,72.66,72.9,73.38,-0.48,-0.6541,29826.65,217649.748
300699.SZ,2023-01-09,72.91,73.3,69.7,69.98,72.9,-2.92,-4.0055,79061.34,559007.205
300699.SZ,2023-01-10,69.22,69.22,64.64,66.0,69.98,-3.98,-5.6873,129738.96,855861.914
300699.SZ,2023-01-11,66.0,66.88,63.99,64.2,66.0,-1.8,-2.7273,107412.64,702844.407
300699.SZ,2023-01-12,64.98,68.0,64.98,67.5,64.2,3.3,5.1402,118486.03,792646.372
300699.SZ,2023-01-13,67.28,67.5,65.11,65.73,67.5,-1.77,-2.6222,64137.91,422938.308
300699.SZ,2023-01-16,66.05,66.45,65.3,65.95,65.73,0.22,0.3347,66605.83,438734.132
300699.SZ,2023-01-17,66.05,67.59,65.52,66.25,65.95,0.3,0.4549,71775.47,477314.333
300699.SZ,2023-01-18,66.27,66.89,65.88,66.12,66.25,-0.13,-0.1962,37221.52,246626.935
300699.SZ,2023-01-19,66.13,69.21,65.8,68.7,66.12,2.58,3.902,58161.82,394083.122
300699.SZ,2023-01-20,69.18,69.3,67.98,68.8,68.7,0.1,0.1456,43366.47,297590.703
300699.SZ,2023-01-30,69.5,72.35,69.35,71.5,68.8,2.7,3.9244,74297.39,526765.504
300699.SZ,2023-01-31,71.48,73.26,71.04,72.19,71.5,0.69,0.965,56237.19,406947.074
300699.SZ,2023-02-01,72.19,72.78,71.35,71.9,72.19,-0.29,-0.4017,42165.99,303340.08
300699.SZ,2023-02-02,71.9,72.2,70.6,70.7,71.9,-1.2,-1.669,44886.88,320187.736
300699.SZ,2023-02-03,70.6,71.5,70.33,71.46,70.7,0.76,1.075,32266.99,229104.465
300699.SZ,2023-02-06,70.9,71.65,69.45,69.5,71.46,-1.96,-2.7428,45749.23,320925.591
300699.SZ,2023-02-07,69.55,69.91,68.0,68.75,69.5,-0.75,-1.0791,44007.85,302193.12
300699.SZ,2023-02-08,68.6,68.89,67.3,67.5,68.75,-1.25,-1.8182,39366.37,266950.928
300699.SZ,2023-02-09,67.58,69.49,67.02,69.17,67.5,1.67,2.4741,48502.49,333198.699
300699.SZ,2023-02-10,69.01,69.19,65.97,66.4,69.17,-2.77,-4.0046,85076.69,569624.158
300699.SZ,2023-02-13,66.32,67.57,66.32,66.68,66.4,0.28,0.4217,51419.48,343223.999
300699.SZ,2023-02-14,66.72,67.59,66.6,67.5,66.68,0.82,1.2298,36955.87,248023.724
300699.SZ,2023-02-15,67.2,67.47,66.55,67.07,67.5,-0.43,-0.637,31269.56,209225.836
300699.SZ,2023-02-16,67.06,67.46,65.68,66.22,67.07,-0.85,-1.2673,38205.63,255334.967
300699.SZ,2023-02-17,66.14,67.3,65.97,67.08,66.22,0.86,1.2987,54438.77,363345.717
300699.SZ,2023-02-20,66.85,67.08,64.88,66.17,67.08,-0.91,-1.3566,59676.65,392372.714
300699.SZ,2023-02-21,66.0,66.65,65.41,65.77,66.17,-0.4,-0.6045,39646.02,261438.452
300699.SZ,2023-02-22,65.44,66.3,64.9,65.13,65.77,-0.64,-0.9731,31136.21,203381.676
300699.SZ,2023-02-23,65.2,66.27,65.02,65.55,65.13,0.42,0.6449,29603.33,194448.33
300699.SZ,2023-02-24,65.54,67.2,65.28,65.77,65.55,0.22,0.3356,47618.41,314662.465
300699.SZ,2023-02-27,65.56,66.95,64.9,66.02,65.77,0.25,0.3801,47791.0,315596.529
300699.SZ,2023-02-28,65.8,66.85,65.71,66.65,66.02,0.63,0.9543,30948.11,205717.817
300699.SZ,2023-03-01,66.66,66.85,65.91,66.56,66.65,-0.09,-0.135,39762.6,264050.089
300699.SZ,2023-03-02,66.6,67.5,64.47,64.6,66.56,-1.96,-2.9447,68716.97,450178.747
300699.SZ,2023-03-03,64.6,65.53,64.14,65.27,64.6,0.67,1.0372,41949.71,271850.765
300699.SZ,2023-03-06,65.6,68.54,65.27,67.51,65.27,2.24,3.4319,77293.96,521106.06
300699.SZ,2023-03-07,67.51,67.53,65.31,65.31,67.51,-2.2,-3.2588,38544.92,255569.173
300699.SZ,2023-03-08,65.27,65.66,64.77,64.95,65.31,-0.36,-0.5512,27848.0,181209.885
300699.SZ,2023-03-09,65.15,65.21,63.56,63.62,64.95,-1.33,-2.0477,53906.77,345137.857
300699.SZ,2023-03-10,63.13,63.59,62.62,62.8,63.62,-0.82,-1.2889,34645.15,218442.593
300699.SZ,2023-03-13,62.36,63.12,62.27,62.58,62.8,-0.22,-0.3503,25704.1,160822.716
300699.SZ,2023-03-14,62.3,63.18,60.71,62.8,62.58,0.22,0.3516,46634.83,288996.611
300699.SZ,2023-03-15,62.71,63.66,61.26,61.45,62.8,-1.35,-2.1497,37407.74,232942.607
300699.SZ,2023-03-16,61.47,61.8,60.2,60.29,61.45,-1.16,-1.8877,38310.4,233206.226
300699.SZ,2023-03-17,60.92,61.0,59.69,59.69,60.29,-0.6,-0.9952,49649.99,298371.871
300699.SZ,2023-03-20,59.69,60.71,59.08,59.94,59.69,0.25,0.4188,35231.34,211537.962
300699.SZ,2023-03-21,60.37,61.36,60.16,60.78,59.94,0.84,1.4014,27036.08,163968.812
300699.SZ,2023-03-22,60.57,60.93,60.36,60.47,60.78,-0.31,-0.51,25415.96,153917.994
300699.SZ,2023-03-23,60.31,60.84,60.21,60.78,60.47,0.31,0.5127,25287.78,153305.08
300699.SZ,2023-03-24,60.78,60.99,59.76,59.88,60.78,-0.9,-1.4808,40700.67,244491.688
300699.SZ,2023-03-27,59.87,60.89,59.83,60.33,59.88,0.45,0.7515,35852.84,216424.82
300699.SZ,2023-03-28,59.0,59.0,53.1,54.4,60.33,-5.93,-9.8293,215715.33,1182457.124
300699.SZ,2023-03-29,54.2,54.39,51.71,51.92,54.4,-2.48,-4.5588,185466.89,974884.374
300699.SZ,2023-03-30,51.93,52.2,50.72,51.66,51.92,-0.26,-0.5008,115800.12,594843.377
300699.SZ,2023-03-31,51.87,51.95,50.98,51.06,51.66,-0.6,-1.1614,114504.81,587076.895
300699.SZ,2023-04-03,50.9,51.48,50.5,51.38,51.06,0.32,0.6267,110931.53,564980.677
300699.SZ,2023-04-04,51.0,51.62,49.89,50.3,51.38,-1.08,-2.102,129256.3,652121.363
300699.SZ,2023-04-06,50.38,53.07,50.28,52.64,50.3,2.34,4.6521,139705.05,726431.829
300699.SZ,2023-04-07,52.54,55.11,52.43,53.57,52.64,0.93,1.7667,135997.75,733052.768
300699.SZ,2023-04-10,53.53,54.72,53.45,53.81,53.57,0.24,0.448,70086.76,379486.671
300699.SZ,2023-04-11,53.81,54.78,53.35,53.93,53.81,0.12,0.223,52652.7,283707.81
300699.SZ,2023-04-12,53.92,54.61,53.27,53.56,53.93,-0.37,-0.6861,53892.93,289495.86
300699.SZ,2023-04-13,53.36,53.61,53.06,53.17,53.56,-0.39,-0.7282,40647.11,216412.61
300699.SZ,2023-04-14,53.17,54.07,53.15,53.77,53.17,0.6,1.1285,42296.51,226793.981
300699.SZ,2023-04-17,53.7,54.19,53.5,53.9,53.77,0.13,0.2418,37401.49,201231.603
300699.SZ,2023-04-18,53.92,53.92,53.35,53.64,53.9,-0.26,-0.4824,27770.92,148724.035
300699.SZ,2023-04-19,53.5,53.82,52.87,53.17,53.64,-0.47,-0.8762,41941.49,223178.938
300699.SZ,2023-04-20,53.09,53.26,51.85,52.4,53.17,-0.77,-1.4482,56032.02,293068.917
300699.SZ,2023-04-21,52.4,53.39,51.02,51.2,52.4,-1.2,-2.2901,48507.15,252742.739
300699.SZ,2023-04-24,51.0,51.7,50.5,50.79,51.2,-0.41,-0.8008,50501.68,257582.771
300699.SZ,2023-04-25,50.8,51.29,49.8,50.18,50.79,-0.61,-1.201,43591.07,219524.364
300699.SZ,2023-04-26,50.17,51.98,50.12,51.11,50.18,0.93,1.8533,52166.28,267691.017
300699.SZ,2023-04-27,51.11,52.31,50.67,51.86,51.11,0.75,1.4674,60193.01,311254.107
300699.SZ,2023-04-28,52.08,52.7,51.41,52.13,51.86,0.27,0.5206,36851.78,191520.069
300699.SZ,2023-05-04,52.21,52.68,51.25,51.44,52.13,-0.69,-1.3236,43253.62,224258.237
300699.SZ,2023-05-05,51.5,51.63,50.2,50.71,51.44,-0.73,-1.4191,36009.86,182954.294
300699.SZ,2023-05-08,50.7,52.12,50.7,51.87,50.71,1.16,2.2875,44817.1,231899.766
300699.SZ,2023-05-09,51.83,52.15,49.95,49.98,51.87,-1.89,-3.6437,57216.62,289854.456
300699.SZ,2023-05-10,50.3,51.08,49.3,50.58,49.98,0.6,1.2005,48506.31,242557.391
300699.SZ,2023-05-11,31.18,31.34,30.51,30.65,31.18,-0.53,-1.6998,53862.16,166130.525
300699.SZ,2023-05-12,30.51,30.94,29.99,30.0,30.65,-0.65,-2.1207,59081.68,179035.922
300699.SZ,2023-05-15,30.01,31.55,29.98,31.26,30.0,1.26,4.2,91213.64,282680.162
300699.SZ,2023-05-16,31.3,31.49,30.94,31.06,31.26,-0.2,-0.6398,40797.93,127100.456
300699.SZ,2023-05-17,30.95,31.78,30.88,31.43,31.06,0.37,1.1912,55123.77,172903.327
300699.SZ,2023-05-18,31.5,31.57,30.71,30.82,31.43,-0.61,-1.9408,49918.0,154465.073
300699.SZ,2023-05-19,30.82,31.29,30.61,31.17,30.82,0.35,1.1356,43534.43,135261.283
300699.SZ,2023-05-22,31.21,31.58,31.01,31.32,31.17,0.15,0.4812,41829.84,131055.21
300699.SZ,2023-05-23,31.33,31.66,30.91,31.36,31.32,0.04,0.1277,45190.97,141526.862
300699.SZ,2023-05-24,31.31,31.58,31.15,31.38,31.36,0.02,0.0638,34919.35,109595.722
300699.SZ,2023-05-25,31.33,31.84,31.13,31.43,31.38,0.05,0.1593,58660.16,184472.076
300699.SZ,2023-05-26,31.43,31.54,30.4,30.85,31.43,-0.58,-1.8454,50864.92,156692.581
300699.SZ,2023-05-29,31.09,32.62,31.09,31.87,30.85,1.02,3.3063,142567.94,457557.568
300699.SZ,2023-05-30,31.68,31.99,29.72,30.23,31.87,-1.64,-5.1459,161026.35,489873.893
300699.SZ,2023-05-31,30.01,30.22,29.2,29.29,30.23,-0.94,-3.1095,117992.12,348692.362
300699.SZ,2023-06-01,29.24,29.38,28.71,28.8,29.29,-0.49,-1.6729,88619.57,256989.157
300699.SZ,2023-06-02,28.99,30.67,28.9,30.35,28.8,1.55,5.3819,119800.08,358240.309
300699.SZ,2023-06-05,30.34,30.49,29.48,29.48,30.35,-0.87,-2.8666,71567.64,213420.745
300699.SZ,2023-06-06,29.42,29.67,28.39,28.4,29.48,-1.08,-3.6635,88024.2,252993.324
300699.SZ,2023-06-07,28.51,28.56,28.1,28.14,28.4,-0.26,-0.9155,49830.48,140744.652
300699.SZ,2023-06-08,28.14,28.54,27.9,28.34,28.14,0.2,0.7107,55399.19,156429.94
300699.SZ,2023-06-09,28.3,28.54,27.94,28.39,28.34,0.05,0.1764,71324.11,201452.468
300699.SZ,2023-06-12,28.26,28.93,28.14,28.73,28.39,0.34,1.1976,67029.94,191788.026
300699.SZ,2023-06-13,28.73,28.73,28.46,28.63,28.73,-0.1,-0.3481,37402.54,107002.146
300699.SZ,2023-06-14,28.65,28.87,28.36,28.55,28.63,-0.08,-0.2794,41110.94,117853.137
300699.SZ,2023-06-15,28.57,29.13,28.42,29.09,28.55,0.54,1.8914,59556.42,172098.072
300699.SZ,2023-06-16,29.09,29.42,28.85,29.15,29.09,0.06,0.2063,55176.22,160441.305
300699.SZ,2023-06-19,29.09,29.15,28.78,28.83,29.15,-0.32,-1.0978,42332.52,122365.324
300699.SZ,2023-06-20,28.88,29.89,28.77,29.55,28.83,0.72,2.4974,103767.27,305731.556
300699.SZ,2023-06-21,29.56,29.69,28.63,28.63,29.55,-0.92,-3.1134,66861.24,194148.075
300699.SZ,2023-06-26,28.5,29.35,28.38,28.89,28.63,0.26,0.9081,60645.38,175013.132
300699.SZ,2023-06-27,29.08,29.6,28.88,29.15,28.89,0.26,0.9,47688.45,139125.23
300699.SZ,2023-06-28,29.13,29.55,28.66,29.33,29.15,0.18,0.6175,55929.06,162933.169
300699.SZ,2023-06-29,29.33,29.58,28.92,28.95,29.33,-0.38,-1.2956,50516.15,147231.614
300699.SZ,2023-06-30,28.95,31.64,28.86,30.85,28.95,1.9,6.563,215451.16,660566.087
300699.SZ,2023-07-03,30.91,31.88,30.84,31.42,30.85,0.57,1.8476,155102.19,485255.03
300699.SZ,2023-07-04,31.25,31.3,30.71,31.06,31.42,-0.36,-1.1458,98633.99,305784.734
300699.SZ,2023-07-05,31.25,31.28,30.72,30.84,31.06,-0.22,-0.7083,54477.67,168396.38
300699.SZ,2023-07-06,31.12,31.35,30.5,30.56,30.84,-0.28,-0.9079,79928.21,246398.657
300699.SZ,2023-07-07,30.49,30.66,30.05,30.15,30.56,-0.41,-1.3416,60577.86,183230.848
300699.SZ,2023-07-10,30.3,30.98,30.13,30.98,30.15,0.83,2.7529,80447.21,246199.639
300699.SZ,2023-07-11,31.07,31.07,30.42,30.8,30.98,-0.18,-0.581,52980.77,162477.994
300699.SZ,2023-07-12,30.68,30.69,29.6,29.61,30.8,-1.19,-3.8636,122541.96,366318.505
300699.SZ,2023-07-13,29.54,30.22,29.5,30.11,29.61,0.5,1.6886,81251.41,242967.016
300699.SZ,2023-07-14,30.01,30.1,29.5,29.57,30.11,-0.54,-1.7934,63861.64,190174.298
300699.SZ,2023-07-17,29.46,29.87,29.09,29.25,29.57,-0.32,-1.0822,47667.55,140217.336
300699.SZ,2023-07-18,29.43,30.05,29.2,29.96,29.25,0.71,2.4274,65791.01,195966.952
300699.SZ,2023-07-19,29.88,29.88,29.33,29.56,29.96,-0.4,-1.3351,42584.93,125861.476
300699.SZ,2023-07-20,29.62,29.92,29.23,29.25,29.56,-0.31,-1.0487,42130.64,124499.719
300699.SZ,2023-07-21,29.1,29.49,29.02,29.2,29.25,-0.05,-0.1709,28344.87,82814.926
300699.SZ,2023-07-24,29.18,29.59,28.89,29.01,29.2,-0.19,-0.6507,42990.82,125491.071
300699.SZ,2023-07-25,29.3,30.68,29.29,30.65,29.01,1.64,5.6532,135424.49,407995.876
300699.SZ,2023-07-26,30.65,30.66,30.28,30.34,30.65,-0.31,-1.0114,46351.35,141113.317
300699.SZ,2023-07-27,30.38,30.52,29.42,29.64,30.34,-0.7,-2.3072,70742.59,211681.178
300699.SZ,2023-07-28,29.6,30.12,29.48,30.07,29.64,0.43,1.4507,47778.21,142764.21
300699.SZ,2023-07-31,30.1,30.6,30.01,30.35,30.07,0.28,0.9312,59618.05,180692.166
300699.SZ,2023-08-01,30.35,30.66,30.05,30.38,30.35,0.03,0.0988,53772.44,163245.899
300699.SZ,2023-08-02,30.25,30.62,30.14,30.45,30.38,0.07,0.2304,41232.75,125557.539
300699.SZ,2023-08-03,30.24,30.42,30.0,30.3,30.45,-0.15,-0.4926,40981.98,123773.529
300699.SZ,2023-08-04,30.31,30.59,30.14,30.42,30.3,0.12,0.396,49567.83,150634.696
300699.SZ,2023-08-07,30.33,30.56,29.85,29.99,30.42,-0.43,-1.4135,69659.93,209483.199
300699.SZ,2023-08-08,29.33,29.33,27.0,27.44,29.99,-2.55,-8.5028,243069.74,671721.66
300699.SZ,2023-08-09,27.3,27.69,27.18,27.41,27.44,-0.03,-0.1093,67981.04,186609.392
300699.SZ,2023-08-10,27.5,27.99,27.41,27.77,27.41,0.36,1.3134,53022.38,147159.233
300699.SZ,2023-08-11,27.75,28.05,27.59,27.61,27.77,-0.16,-0.5762,47974.03,133403.154
300699.SZ,2023-08-14,27.5,27.7,27.16,27.42,27.61,-0.19,-0.6882,47090.21,129039.649
300699.SZ,2023-08-15,27.68,27.81,27.07,27.37,27.42,-0.05,-0.1823,48866.0,133344.537
300699.SZ,2023-08-16,27.29,27.58,27.19,27.2,27.37,-0.17,-0.6211,36692.88,100270.399
300699.SZ,2023-08-17,27.2,29.03,27.03,28.83,27.2,1.63,5.9926,147529.67,417809.505
300699.SZ,2023-08-18,28.83,29.04,28.57,28.58,28.83,-0.25,-0.8672,61910.46,178329.376
300699.SZ,2023-08-21,28.71,28.86,27.92,27.97,28.58,-0.61,-2.1344,46954.02,133070.597
300699.SZ,2023-08-22,27.98,28.23,27.28,27.67,27.97,-0.3,-1.0726,56688.4,157172.222
300699.SZ,2023-08-23,27.55,27.86,26.87,26.88,27.67,-0.79,-2.8551,52239.44,142011.945
300699.SZ,2023-08-24,27.0,27.66,26.68,27.19,26.88,0.31,1.1533,44556.96,121170.618
300699.SZ,2023-08-25,27.15,27.27,26.39,26.56,27.19,-0.63,-2.317,49129.37,131347.863
300699.SZ,2023-08-28,27.81,28.38,26.89,26.98,26.56,0.42,1.5813,65234.03,180043.421
300699.SZ,2023-08-29,27.12,28.19,26.86,28.01,26.98,1.03,3.8176,67026.8,186062.999
300699.SZ,2023-08-30,28.2,28.34,27.89,28.11,28.01,0.1,0.357,45143.41,126911.596
300699.SZ,2023-08-31,28.11,28.15,27.82,27.97,28.11,-0.14,-0.498,31971.76,89326.348
300699.SZ,2023-09-01,28.0,28.1,27.78,27.9,27.97,-0.07,-0.2503,28370.66,79140.053
300699.SZ,2023-09-04,28.09,28.35,27.93,28.31,27.9,0.41,1.4695,44102.45,124434.931
300699.SZ,2023-09-05,28.28,28.42,28.08,28.1,28.31,-0.21,-0.7418,32005.36,90224.321
300699.SZ,2023-09-06,28.14,28.58,27.73,28.46,28.1,0.36,1.2811,45208.2,127935.219
300699.SZ,2023-09-07,28.53,28.53,27.91,27.92,28.46,-0.54,-1.8974,41522.01,116789.332
300699.SZ,2023-09-08,27.92,28.5,27.92,28.15,27.92,0.23,0.8238,45996.77,130081.144
300699.SZ,2023-09-11,28.2,28.35,27.75,28.14,28.15,-0.01,-0.0355,55125.64,154776.98
300699.SZ,2023-09-12,28.22,28.23,27.83,27.84,28.14,-0.3,-1.0661,37621.6,105142.71
300699.SZ,2023-09-13,27.81,27.93,27.3,27.49,27.84,-0.35,-1.2572,41796.48,115187.787
300699.SZ,2023-09-14,27.5,27.55,27.12,27.24,27.49,-0.25,-0.9094,29031.3,79272.0
300699.SZ,2023-09-15,27.48,27.59,27.02,27.17,27.24,-0.07,-0.257,42448.18,115713.07
300699.SZ,2023-09-18,27.13,27.34,26.77,27.09,27.17,-0.08,-0.2944,46558.3,125873.014
300699.SZ,2023-09-19,27.04,27.12,26.66,26.77,27.09,-0.32,-1.1812,33623.56,90072.704
300699.SZ,2023-09-20,26.77,26.9,26.41,26.5,26.77,-0.27,-1.0086,34907.64,92861.75
300699.SZ,2023-09-21,27.25,28.19,27.05,27.38,26.5,0.88,3.3208,158502.69,435147.608
300699.SZ,2023-09-22,27.08,27.8,27.08,27.72,27.38,0.34,1.2418,89182.63,245618.315
300699.SZ,2023-09-25,27.66,28.11,27.52,27.91,27.72,0.19,0.6854,71892.13,200319.672
300699.SZ,2023-09-26,27.93,27.94,27.1,27.2,27.91,-0.71,-2.5439,61519.07,168376.462
300699.SZ,2023-09-27,27.13,27.88,27.11,27.44,27.2,0.24,0.8824,51396.57,141248.564
300699.SZ,2023-09-28,27.57,27.64,27.3,27.45,27.44,0.01,0.0364,44222.78,121486.737
300699.SZ,2023-10-09,27.44,27.64,27.18,27.32,27.45,-0.13,-0.4736,46163.57,126428.746
300699.SZ,2023-10-10,27.41,27.93,27.35,27.53,27.32,0.21,0.7687,49402.78,136556.252
300699.SZ,2023-10-11,27.61,27.85,27.5,27.65,27.53,0.12,0.4359,46073.89,127433.297
300699.SZ,2023-10-12,27.77,28.2,27.5,28.13,27.65,0.48,1.736,69193.34,193112.268
300699.SZ,2023-10-13,28.12,28.17,27.45,27.66,28.13,-0.47,-1.6708,45386.61,125946.051
300699.SZ,2023-10-16,27.74,27.86,27.09,27.19,27.66,-0.47,-1.6992,38090.12,103985.581
300699.SZ,2023-10-17,27.23,27.33,26.82,27.11,27.19,-0.08,-0.2942,36146.6,97838.331
300699.SZ,2023-10-18,27.12,27.21,26.68,26.94,27.11,-0.17,-0.6271,47353.59,127100.427
300699.SZ,2023-10-19,26.75,26.89,26.51,26.51,26.94,-0.43,-1.5961,38005.62,101324.761
300699.SZ,2023-10-20,26.58,26.59,25.98,26.14,26.51,-0.37,-1.3957,42288.1,110897.918
300699.SZ,2023-10-23,26.08,26.16,25.26,25.36,26.14,-0.78,-2.9839,51097.68,130349.885
300699.SZ,2023-10-24,25.6,26.13,25.11,25.6,25.36,0.24,0.9464,55204.25,141442.362
300699.SZ,2023-10-25,26.0,26.44,25.71,25.72,25.6,0.12,0.4688,51074.44,133238.909
300699.SZ,2023-10-26,25.72,26.38,25.13,26.24,25.72,0.52,2.0218,61430.34,158892.061
300699.SZ,2023-10-27,25.81,26.46,25.51,26.02,26.24,-0.22,-0.8384,95128.33,247699.727
300699.SZ,2023-10-30,26.0,26.16,25.71,25.86,26.02,-0.16,-0.6149,79046.35,204837.318
300699.SZ,2023-10-31,25.89,25.98,25.45,25.64,25.86,-0.22,-0.8507,58525.23,150402.892
300699.SZ,2023-11-01,25.6,26.03,25.6,25.7,25.64,0.06,0.234,40302.04,103890.039
300699.SZ,2023-11-02,25.81,25.86,24.81,24.85,25.7,-0.85,-3.3074,84316.38,212213.792
300699.SZ,2023-11-03,24.91,25.47,24.65,25.19,24.85,0.34,1.3682,79331.38,198693.557
300699.SZ,2023-11-06,25.39,26.33,25.3,26.16,25.19,0.97,3.8507,105355.4,273158.435
300699.SZ,2023-11-07,26.15,26.32,25.86,26.2,26.16,0.04,0.1529,57923.24,151345.398
300699.SZ,2023-11-08,26.15,26.34,25.83,25.93,26.2,-0.27,-1.0305,63854.08,166413.294
300699.SZ,2023-11-09,25.98,26.34,25.89,26.08,25.93,0.15,0.5785,61447.21,160427.456
300699.SZ,2023-11-10,26.08,26.13,25.82,25.84,26.08,-0.24,-0.9202,40275.54,104459.726
300699.SZ,2023-11-13,25.96,26.56,25.75,26.52,25.84,0.68,2.6316,94902.4,248657.869
300699.SZ,2023-11-14,26.45,26.93,26.35,26.58,26.52,0.06,0.2262,62476.39,166461.673
300699.SZ,2023-11-15,26.89,26.9,26.45,26.52,26.58,-0.06,-0.2257,60315.36,160387.845
300699.SZ,2023-11-16,26.54,26.56,26.13,26.18,26.52,-0.34,-1.2821,43449.45,114263.793
300699.SZ,2023-11-17,26.11,26.33,26.08,26.24,26.18,0.06,0.2292,33771.6,88557.935
300699.SZ,2023-11-20,26.34,26.72,26.05,26.47,26.24,0.23,0.8765,53499.84,141339.081
300699.SZ,2023-11-21,26.49,26.8,26.07,26.23,26.47,-0.24,-0.9067,67391.6,178106.076
300699.SZ,2023-11-22,26.23,26.28,25.7,25.7,26.23,-0.53,-2.0206,56447.17,146047.242
300699.SZ,2023-11-23,25.65,25.88,25.64,25.78,25.7,0.08,0.3113,29154.0,75068.982
300699.SZ,2023-11-24,25.78,25.79,25.22,25.36,25.78,-0.42,-1.6292,45107.83,114643.76
300699.SZ,2023-11-27,25.24,25.5,25.11,25.37,25.36,0.01,0.0394,50856.2,128701.561
300699.SZ,2023-11-28,25.36,25.6,25.22,25.34,25.37,-0.03,-0.1182,36297.2,92127.621
300699.SZ,2023-11-29,25.28,25.62,25.22,25.35,25.34,0.01,0.0395,41303.95,104941.371
300699.SZ,2023-11-30,25.31,25.37,24.83,24.9,25.35,-0.45,-1.7751,43847.73,109867.588
300699.SZ,2023-12-01,24.91,25.26,24.72,25.07,24.9,0.17,0.6827,45663.4,114167.2
300699.SZ,2023-12-04,25.05,25.26,24.86,25.1,25.07,0.03,0.1197,41573.46,104242.557
300699.SZ,2023-12-05,25.09,25.09,24.5,24.5,25.1,-0.6,-2.3904,51827.71,128238.194
300699.SZ,2023-12-06,24.5,24.62,23.94,23.99,24.5,-0.51,-2.0816,67649.0,163871.074
300699.SZ,2023-12-07,24.09,24.14,23.0,23.26,23.99,-0.73,-3.0429,92207.4,215123.953
300699.SZ,2023-12-08,23.25,23.35,22.71,22.75,23.26,-0.51,-2.1926,92804.1,212644.082
300699.SZ,2023-12-11,22.75,22.94,22.25,22.63,22.75,-0.12,-0.5275,93023.42,209755.012
300699.SZ,2023-12-12,22.61,23.08,22.59,23.0,22.63,0.37,1.635,77493.08,177615.721
300699.SZ,2023-12-13,22.91,23.4,22.82,23.06,23.0,0.06,0.2609,90594.57,210347.893
300699.SZ,2023-12-14,23.12,23.32,22.97,23.09,23.06,0.03,0.1301,45268.25,104621.267
300699.SZ,2023-12-15,22.91,23.47,22.9,23.04,23.09,-0.05,-0.2165,61263.53,142195.564
300699.SZ,2023-12-18,23.01,23.18,22.72,23.13,23.04,0.09,0.3906,66671.97,153396.299
300699.SZ,2023-12-19,23.19,24.5,23.03,24.41,23.13,1.28,5.5339,182297.51,438105.755
300699.SZ,2023-12-20,24.38,25.8,24.38,25.1,24.41,0.69,2.8267,188857.47,479304.842
300699.SZ,2023-12-21,24.96,25.56,24.56,25.18,25.1,0.08,0.3187,132039.53,331023.86
300699.SZ,2023-12-22,25.15,26.85,25.02,26.53,25.18,1.35,5.3614,230631.6,604584.289
300699.SZ,2023-12-25,26.45,27.69,25.89,26.17,26.53,-0.36,-1.357,190094.94,503395.323
300699.SZ,2023-12-26,26.01,26.15,25.5,25.87,26.17,-0.3,-1.1464,134901.38,348453.476
300699.SZ,2023-12-27,25.78,25.83,25.2,25.47,25.87,-0.4,-1.5462,131576.54,335127.126
300699.SZ,2023-12-28,25.5,26.94,25.5,26.71,25.47,1.24,4.8685,186483.34,492065.609
300699.SZ,2023-12-29,26.72,26.89,26.26,26.67,26.71,-0.04,-0.1498,133492.65,355384.291
300699.SZ,2024-01-02,27.06,27.83,26.86,27.09,26.67,0.42,1.5748,205143.73,561082.953
300699.SZ,2024-01-03,27.13,27.58,26.57,27.1,27.09,0.01,0.0369,148162.68,400547.259
300699.SZ,2024-01-04,26.8,27.34,26.7,27.01,27.1,-0.09,-0.3321,89796.15,242921.321
300699.SZ,2024-01-05,26.98,27.19,26.11,26.38,27.01,-0.63,-2.3325,113494.8,301021.023
300699.SZ,2024-01-08,26.1,26.5,25.55,25.61,26.38,-0.77,-2.9189,78718.28,203951.028
300699.SZ,2024-01-09,25.66,26.25,25.33,25.9,25.61,0.29,1.1324,80792.11,208726.321
300699.SZ,2024-01-10,25.73,26.13,25.38,25.48,25.9,-0.42,-1.6216,69239.53,178354.504
300699.SZ,2024-01-11,25.43,26.26,25.43,26.03,25.48,0.55,2.1586,83998.24,217537.16
300699.SZ,2024-01-12,26.29,26.85,26.08,26.15,26.03,0.12,0.461,103716.0,274733.554
300699.SZ,2024-01-15,25.92,25.94,24.93,25.0,26.15,-1.15,-4.3977,116216.25,294450.656
300699.SZ,2024-01-16,24.8,25.25,24.37,24.88,25.0,-0.12,-0.48,106936.42,264759.445
300699.SZ,2024-01-17,24.8,24.96,24.06,24.07,24.88,-0.81,-3.2556,58891.62,144134.268
300699.SZ,2024-01-18,23.82,24.26,23.08,23.88,24.07,-0.19,-0.7894,110180.92,260308.162
300699.SZ,2024-01-19,24.01,24.35,23.7,23.8,23.88,-0.08,-0.335,61883.97,148109.792
300699.SZ,2024-01-22,23.68,23.8,22.28,22.47,23.8,-1.33,-5.5882,81355.71,186735.104
300699.SZ,2024-01-23,22.46,22.86,21.92,22.68,22.47,0.21,0.9346,76887.21,172503.595
300699.SZ,2024-01-24,22.88,23.03,21.88,22.77,22.68,0.09,0.3968,76530.03,171616.446
300699.SZ,2024-01-25,22.78,23.71,22.49,23.71,22.77,0.94,4.1282,88693.93,206146.815
300699.SZ,2024-01-26,23.66,23.77,23.18,23.26,23.71,-0.45,-1.8979,59256.24,138761.534
300699.SZ,2024-01-29,23.5,23.56,22.2,22.2,23.26,-1.06,-4.5572,77941.6,176768.944
300699.SZ,2024-01-30,22.43,24.56,22.03,23.25,22.2,1.05,4.7297,153137.3,360636.387
300699.SZ,2024-01-31,23.01,24.01,22.73,23.49,23.25,0.24,1.0323,142529.14,335618.133
300699.SZ,2024-02-01,23.2,24.65,23.1,24.16,23.49,0.67,2.8523,148678.86,357225.212
300699.SZ,2024-02-02,24.16,24.68,23.23,24.37,24.16,0.21,0.8692,138336.54,332915.16
300699.SZ,2024-02-05,23.98,26.07,22.43,24.78,24.37,0.41,1.6824,169148.88,410111.777
300699.SZ,2024-02-06,24.67,26.46,24.5,26.46,24.78,1.68,6.7797,199734.77,513891.69
300699.SZ,2024-02-07,26.46,27.5,26.26,27.24,26.46,0.78,2.9478,250183.9,672186.163
300699.SZ,2024-02-08,27.45,28.9,26.76,26.78,27.24,-0.46,-1.6887,255911.4,717652.278
300699.SZ,2024-02-19,26.8,27.26,26.08,26.82,26.78,0.04,0.1494,171998.37,459622.36
300699.SZ,2024-02-20,26.66,26.77,25.95,26.59,26.82,-0.23,-0.8576,151010.36,397684.491
300699.SZ,2024-02-21,26.3,27.15,26.2,26.51,26.59,-0.08,-0.3009,137103.86,367123.76
300699.SZ,2024-02-22,26.35,26.85,26.25,26.59,26.51,0.08,0.3018,94847.34,251866.736
300699.SZ,2024-02-23,26.71,27.05,26.34,26.68,26.59,0.09,0.3385,125488.03,334237.682
300699.SZ,2024-02-26,26.67,26.97,26.17,26.56,26.68,-0.12,-0.4498,143152.55,379744.153
300699.SZ,2024-02-27,26.54,27.48,26.37,27.48,26.56,0.92,3.4639,191698.6,519669.658
300699.SZ,2024-02-28,27.59,28.56,26.42,26.42,27.48,-1.06,-3.8574,249348.68,687116.995
300699.SZ,2024-02-29,26.19,27.36,26.12,27.34,26.42,0.92,3.4822,160289.03,431424.447
300699.SZ,2024-03-01,27.4,28.2,27.18,27.93,27.34,0.59,2.158,158047.58,438746.468
300699.SZ,2024-03-04,27.88,28.18,27.42,27.75,27.93,-0.18,-0.6445,134261.9,372069.156
300699.SZ,2024-03-05,27.64,28.4,27.43,28.26,27.75,0.51,1.8378,167667.33,469072.277
300699.SZ,2024-03-06,28.32,30.11,27.74,29.77,28.26,1.51,5.3432,289262.22,843938.555
300699.SZ,2024-03-07,29.64,30.1,28.83,29.0,29.77,-0.77,-2.5865,196438.46,577022.36
300699.SZ,2024-03-08,28.84,29.48,28.71,29.32,29.0,0.32,1.1034,130346.7,378922.967
300699.SZ,2024-03-11,29.25,30.6,29.15,30.2,29.32,0.88,3.0014,201749.25,607354.363
300699.SZ,2024-03-12,30.08,30.95,29.6,30.01,30.2,-0.19,-0.6291,193624.97,583267.893
300699.SZ,2024-03-13,29.86,30.3,29.3,29.38,30.01,-0.63,-2.0993,176280.96,522954.717
300699.SZ,2024-03-14,29.2,29.57,28.49,28.85,29.38,-0.53,-1.8039,159986.66,463327.503
300699.SZ,2024-03-15,28.8,29.1,28.57,29.05,28.85,0.2,0.6932,91328.46,263438.001
300699.SZ,2024-03-18,29.07,29.91,28.91,29.87,29.05,0.82,2.8227,164492.61,485319.298
300699.SZ,2024-03-19,29.91,31.62,29.79,30.6,29.87,0.73,2.4439,276088.75,848666.423
300699.SZ,2024-03-20,30.45,31.1,30.23,30.43,30.6,-0.17,-0.5556,142262.34,434903.197
300699.SZ,2024-03-21,30.4,31.12,30.29,30.57,30.43,0.14,0.4601,135876.05,416563.346
300699.SZ,2024-03-22,30.83,31.46,30.68,31.36,30.57,0.79,2.5842,238100.69,741376.199
300699.SZ,2024-03-25,31.4,31.4,29.49,29.53,31.36,-1.83,-5.8355,204198.7,619995.277
300699.SZ,2024-03-26,29.25,30.4,29.23,29.87,29.53,0.34,1.1514,141260.06,421069.055
300699.SZ,2024-03-27,29.84,29.89,28.15,28.18,29.87,-1.69,-5.6579,206494.77,593143.136
300699.SZ,2024-03-28,28.48,30.88,28.4,30.35,28.18,2.17,7.7005,299643.12,896161.048
300699.SZ,2024-03-29,30.11,30.95,29.99,30.4,30.35,0.05,0.1647,162265.71,492697.34
300699.SZ,2024-04-01,30.79,30.83,29.89,30.27,30.4,-0.13,-0.4276,166036.08,500755.495
300699.SZ,2024-04-02,30.0,30.08,28.96,29.2,30.27,-1.07,-3.5349,185846.31,545661.31
300699.SZ,2024-04-03,29.11,29.34,28.65,28.76,29.2,-0.44,-1.5068,108512.21,313286.592
300699.SZ,2024-04-08,28.51,28.85,28.0,28.03,28.76,-0.73,-2.5382,111754.65,317293.312
300699.SZ,2024-04-09,28.55,29.23,28.25,28.83,28.03,0.8,2.8541,161163.31,463836.639
300699.SZ,2024-04-10,28.4,28.68,27.5,27.91,28.83,-0.92,-3.1911,148701.52,415057.618
300699.SZ,2024-04-11,27.76,28.24,27.49,27.58,27.91,-0.33,-1.1824,111791.83,310957.622
300699.SZ,2024-04-12,27.7,28.06,27.51,27.6,27.58,0.02,0.0725,86906.92,241550.647
300699.SZ,2024-04-15,27.78,28.36,27.58,27.96,27.6,0.36,1.3043,138088.67,386868.237
300699.SZ,2024-04-16,27.77,28.33,27.33,27.46,27.96,-0.5,-1.7883,122418.68,339050.477
300699.SZ,2024-04-17,27.6,28.81,27.6,28.79,27.46,1.33,4.8434,164512.16,468575.747
300699.SZ,2024-04-18,28.82,29.36,28.41,28.8,28.79,0.01,0.0347,165911.09,479935.371
300699.SZ,2024-04-19,28.71,29.55,28.5,29.34,28.8,0.54,1.875,179763.62,523635.569
300699.SZ,2024-04-22,29.3,29.3,28.45,28.75,29.34,-0.59,-2.0109,134252.15,387160.939
300699.SZ,2024-04-23,28.56,28.9,28.03,28.1,28.75,-0.65,-2.2609,106243.26,301149.654
300699.SZ,2024-04-24,28.08,28.61,27.73,28.38,28.1,0.28,0.9964,140705.34,397139.775
300699.SZ,2024-04-25,28.38,28.38,25.72,26.26,28.38,-2.12,-7.47,403174.89,1077747.535
300699.SZ,2024-04-26,26.19,26.66,25.97,26.26,26.26,0.0,0.0,217048.12,572363.792
300699.SZ,2024-04-29,26.31,27.44,26.3,27.26,26.26,1.0,3.8081,220821.42,598803.127
300699.SZ,2024-04-30,27.3,27.3,25.99,26.05,27.26,-1.21,-4.4387,232002.61,612083.632
300699.SZ,2024-05-06,26.46,27.0,26.39,26.92,26.05,0.87,3.3397,153754.26,412574.721
300699.SZ,2024-05-07,26.92,28.02,26.7,27.71,26.92,0.79,2.9346,231923.27,635963.59
300699.SZ,2024-05-08,27.5,27.6,26.81,26.87,27.71,-0.84,-3.0314,148205.44,401239.416
300699.SZ,2024-05-09,26.9,27.7,26.72,27.62,26.87,0.75,2.7912,152495.16,416717.542
300699.SZ,2024-05-10,27.58,27.7,26.86,27.12,27.62,-0.5,-1.8103,149737.02,406447.464
300699.SZ,2024-05-13,26.83,26.91,26.28,26.42,27.12,-0.7,-2.5811,120431.4,319555.117
300699.SZ,2024-05-14,26.44,26.57,26.08,26.15,26.42,-0.27,-1.022,99105.06,260054.741
300699.SZ,2024-05-15,26.02,26.6,25.95,26.25,26.15,0.1,0.3824,82970.28,218204.815
300699.SZ,2024-05-16,26.22,26.65,26.07,26.1,26.25,-0.15,-0.5714,92097.63,242154.902
300699.SZ,2024-05-17,26.32,27.68,26.3,27.68,26.1,1.58,6.0536,272825.13,738897.698
300699.SZ,2024-05-20,27.97,28.55,27.6,27.88,27.68,0.2,0.7225,241623.39,676004.872
300699.SZ,2024-05-21,27.71,27.71,27.13,27.2,27.88,-0.68,-2.439,114519.02,312664.325
300699.SZ,2024-05-22,27.23,27.45,26.98,27.27,27.2,0.07,0.2574,118604.26,322290.096
300699.SZ,2024-05-23,27.35,27.35,26.7,26.72,27.27,-0.55,-2.0169,121397.94,326603.446
300699.SZ,2024-05-24,26.67,26.79,26.26,26.46,26.72,-0.26,-0.9731,94413.43,250313.15
300699.SZ,2024-05-27,26.46,26.59,25.54,26.09,26.46,-0.37,-1.3983,125100.2,323638.06
300699.SZ,2024-05-28,26.07,26.21,25.63,25.77,26.09,-0.32,-1.2265,66311.36,171537.423
300699.SZ,2024-05-29,25.87,26.08,25.6,25.79,25.77,0.02,0.0776,55686.31,143869.885
300699.SZ,2024-05-30,25.6,25.95,25.45,25.65,25.79,-0.14,-0.5428,69442.49,178597.013
300699.SZ,2024-05-31,25.82,26.24,25.82,26.05,25.65,0.4,1.5595,84451.63,219929.7
300699.SZ,2024-06-03,26.0,26.38,25.81,25.92,26.05,-0.13,-0.499,84627.58,220704.256
300699.SZ,2024-06-04,25.92,26.39,25.72,26.36,25.92,0.44,1.6975,94073.06,246242.517
300699.SZ,2024-06-05,26.25,26.75,26.15,26.21,26.36,-0.15,-0.569,97855.24,259075.455
300699.SZ,2024-06-06,26.25,26.3,25.47,25.51,26.21,-0.7,-2.6707,97660.29,251685.515
300699.SZ,2024-06-07,25.8,25.86,25.07,25.22,25.51,-0.29,-1.1368,79059.58,200258.667
300699.SZ,2024-06-11,25.08,25.7,24.85,25.6,25.22,0.38,1.5067,80334.88,203474.101
300699.SZ,2024-06-12,25.6,26.19,25.51,26.0,25.6,0.4,1.5625,69494.58,179986.458
300699.SZ,2024-06-13,26.03,26.13,25.68,25.9,26.0,-0.1,-0.3846,55425.3,143444.962
300699.SZ,2024-06-14,25.83,25.9,25.34,25.69,25.9,-0.21,-0.8108,64882.6,165849.188
300699.SZ,2024-06-17,25.78,26.73,25.71,26.37,25.69,0.68,2.6469,126545.08,334496.887
300699.SZ,2024-06-18,26.4,26.74,26.35,26.53,26.37,0.16,0.6068,86552.89,230043.758
300699.SZ,2024-06-19,26.42,26.54,26.11,26.14,26.53,-0.39,-1.47,60116.79,157861.103
300699.SZ,2024-06-20,26.03,26.1,25.41,25.43,26.14,-0.71,-2.7161,71792.95,184712.143
300699.SZ,2024-06-21,25.52,25.72,25.26,25.45,25.43,0.02,0.0786,44091.66,112449.016
300699.SZ,2024-06-24,25.24,25.55,24.5,24.76,25.45,-0.69,-2.7112,62559.96,156569.336
300699.SZ,2024-06-25,24.76,25.06,24.2,24.44,24.76,-0.32,-1.2924,51739.79,127216.387
300699.SZ,2024-06-26,24.5,25.05,24.22,25.04,24.44,0.6,2.455,54051.81,133287.531
300699.SZ,2024-06-27,24.9,25.02,24.46,24.57,25.04,-0.47,-1.877,45683.22,112547.887
300699.SZ,2024-06-28,24.5,25.23,24.43,24.83,24.57,0.26,1.0582,55365.34,138284.864
300699.SZ,2024-07-01,24.82,25.11,24.73,25.03,24.83,0.2,0.8055,47842.2,119279.371
300699.SZ,2024-07-02,25.1,26.2,24.99,25.9,25.03,0.87,3.4758,141860.57,365667.824
300699.SZ,2024-07-03,25.52,25.69,25.07,25.54,25.4,0.14,0.5512,94465.06,240809.344
300699.SZ,2024-07-04,25.51,26.54,25.46,26.11,25.54,0.57,2.2318,160560.68,420596.289
300699.SZ,2024-07-05,26.12,26.68,25.77,26.41,26.11,0.3,1.149,126330.06,332386.075
300699.SZ,2024-07-08,26.35,26.37,25.63,25.71,26.41,-0.7,-2.6505,70271.58,182273.939
300699.SZ,2024-07-09,25.7,26.5,25.47,26.27,25.71,0.56,2.1781,86981.55,226186.056
300699.SZ,2024-07-10,26.18,26.34,25.85,25.98,26.27,-0.29,-1.1039,50331.41,131360.377
300699.SZ,2024-07-11,26.41,27.2,26.11,27.17,25.98,1.19,4.5804,159438.39,426934.561
300699.SZ,2024-07-12,27.02,27.4,26.88,26.93,27.17,-0.24,-0.8833,70533.48,191029.469
300699.SZ,2024-07-15,26.99,27.26,26.8,26.87,26.93,-0.06,-0.2228,53628.4,144840.927
300699.SZ,2024-07-16,26.75,27.6,26.73,27.56,26.87,0.69,2.5679,113309.57,310552.548
300699.SZ,2024-07-17,27.49,28.55,27.4,27.93,27.56,0.37,1.3425,173717.3,489671.016
300699.SZ,2024-07-18,27.66,28.23,27.5,27.95,27.93,0.02,0.0716,83122.95,231651.528
300699.SZ,2024-07-19,27.89,28.31,27.81,28.26,27.95,0.31,1.1091,89026.21,250947.834
300699.SZ,2024-07-22,28.08,28.44,27.88,28.03,28.26,-0.23,-0.8139,73796.86,207555.871
300699.SZ,2024-07-23,28.05,28.12,27.14,27.15,28.03,-0.88,-3.1395,99372.04,274163.621
300699.SZ,2024-07-24,27.15,27.79,27.05,27.23,27.15,0.08,0.2947,77600.96,212597.037
300699.SZ,2024-07-25,27.07,27.38,26.97,27.02,27.23,-0.21,-0.7712,52215.11,141629.492
300699.SZ,2024-07-26,27.0,28.22,26.95,28.02,27.02,1.0,3.701,100073.73,277897.412
300699.SZ,2024-07-29,28.03,28.51,27.9,27.96,28.02,-0.06,-0.2141,115033.65,324995.536
300699.SZ,2024-07-30,27.8,28.0,27.56,27.63,27.96,-0.33,-1.1803,58747.67,162922.823
300699.SZ,2024-07-31,27.65,28.37,27.44,28.21,27.63,0.58,2.0992,103445.19,288895.002
300699.SZ,2024-08-01,28.22,28.75,28.18,28.22,28.21,0.01,0.0354,86793.76,246814.031
300699.SZ,2024-08-02,28.02,28.58,27.93,27.99,28.22,-0.23,-0.815,60221.44,169968.33
300699.SZ,2024-08-05,27.93,28.35,27.27,27.27,27.99,-0.72,-2.5723,84388.1,234424.399
300699.SZ,2024-08-06,27.66,28.29,27.44,28.15,27.27,0.88,3.227,84607.05,236322.175
300699.SZ,2024-08-07,28.22,28.88,27.96,28.5,28.15,0.35,1.2433,108435.57,309188.06
300699.SZ,2024-08-08,28.5,28.53,27.6,27.75,28.5,-0.75,-2.6316,68063.0,189635.514
300699.SZ,2024-08-09,27.8,27.99,27.46,27.5,27.75,-0.25,-0.9009,47001.8,129902.411
300699.SZ,2024-08-12,27.52,27.79,27.23,27.35,27.5,-0.15,-0.5455,38654.0,106336.085
300699.SZ,2024-08-13,27.3,27.76,27.25,27.75,27.35,0.4,1.4625,40164.47,110737.537
300699.SZ,2024-08-14,27.65,27.85,27.22,27.3,27.75,-0.45,-1.6216,36717.47,100903.85
300699.SZ,2024-08-15,27.29,27.75,27.12,27.25,27.3,-0.05,-0.1832,39439.24,108001.701
300699.SZ,2024-08-16,27.26,27.37,26.77,26.96,27.25,-0.29,-1.0642,65885.42,177634.278
300699.SZ,2024-08-19,26.88,27.19,26.48,26.65,26.96,-0.31,-1.1499,68245.98,182257.298
300699.SZ,2024-08-20,26.65,26.73,26.1,26.16,26.65,-0.49,-1.8386,44325.0,116623.759
300699.SZ,2024-08-21,26.14,26.36,25.94,26.16,26.16,0.0,0.0,35292.23,92310.625
300699.SZ,2024-08-22,26.26,26.47,25.71,26.2,26.16,0.04,0.1529,42912.86,112194.222
300699.SZ,2024-08-23,26.25,26.41,25.94,26.27,26.2,0.07,0.2672,35506.09,93005.366
300699.SZ,2024-08-26,26.31,26.35,25.97,26.1,26.27,-0.17,-0.6471,36498.3,95429.237
300699.SZ,2024-08-27,26.01,26.46,25.46,26.18,26.1,0.08,0.3065,63141.19,164685.259
300699.SZ,2024-08-28,26.0,26.92,26.0,26.8,26.18,0.62,2.3682,67813.69,180993.473
300699.SZ,2024-08-29,26.66,27.55,26.64,27.42,26.8,0.62,2.3134,77441.1,211025.319
300699.SZ,2024-08-30,27.4,28.07,27.2,27.9,27.42,0.48,1.7505,83219.78,230548.373
300699.SZ,2024-09-02,27.9,27.9,27.24,27.26,27.9,-0.64,-2.2939,50971.99,140250.465
300699.SZ,2024-09-03,27.26,27.66,27.2,27.42,27.26,0.16,0.5869,42709.6,117310.91
300699.SZ,2024-09-04,27.35,27.6,27.2,27.33,27.42,-0.09,-0.3282,31045.76,85059.943
300699.SZ,2024-09-05,27.33,27.77,27.28,27.66,27.33,0.33,1.2075,37053.6,102307.856
300699.SZ,2024-09-06,27.72,27.74,27.05,27.08,27.66,-0.58,-2.0969,34053.04,93109.202
300699.SZ,2024-09-09,26.98,27.24,26.56,27.11,27.08,0.03,0.1108,69121.24,185815.22
300699.SZ,2024-09-10,27.09,27.48,26.85,27.3,27.11,0.19,0.7008,38550.49,104802.283
300699.SZ,2024-09-11,27.35,27.63,27.2,27.39,27.3,0.09,0.3297,37771.96,103677.16
300699.SZ,2024-09-12,27.38,27.72,26.68,26.89,27.39,-0.5,-1.8255,45402.58,122930.536
300699.SZ,2024-09-13,26.91,26.98,26.38,26.38,26.89,-0.51,-1.8966,39659.19,105689.71
300699.SZ,2024-09-18,26.38,27.07,26.21,26.92,26.38,0.54,2.047,39809.4,106162.737
300699.SZ,2024-09-19,27.0,27.08,26.04,26.48,26.92,-0.44,-1.6345,91749.61,242546.773
300699.SZ,2024-09-20,26.69,26.69,26.18,26.36,26.48,-0.12,-0.4532,38879.62,102370.213
300699.SZ,2024-09-23,26.4,26.53,25.81,25.81,26.36,-0.55,-2.0865,45492.2,119000.248
300699.SZ,2024-09-24,25.9,26.56,25.46,26.53,25.81,0.72,2.7896,86858.8,226567.763
300699.SZ,2024-09-25,26.7,27.18,26.07,26.32,26.53,-0.21,-0.7916,126211.72,336247.157
300699.SZ,2024-09-26,26.08,27.48,26.07,27.48,26.32,1.16,4.4073,115051.84,308202.579
300699.SZ,2024-09-27,28.0,29.85,28.0,29.38,27.48,1.9,6.9141,216686.89,625257.457
300699.SZ,2024-09-30,30.2,33.79,29.72,32.92,29.38,3.54,12.049,476153.03,1508685.472
300699.SZ,2024-10-08,39.49,39.49,33.8,37.1,32.92,4.18,12.6974,503725.4,1842337.657
300699.SZ,2024-10-09,35.09,36.0,32.37,32.37,37.1,-4.73,-12.7493,390060.9,1336265.199
300699.SZ,2024-10-10,32.5,33.58,31.36,31.71,32.37,-0.66,-2.0389,238521.18,774989.777
300699.SZ,2024-10-11,31.5,31.88,30.5,30.95,31.71,-0.76,-2.3967,161579.31,502166.432
300699.SZ,2024-10-14,31.35,32.82,30.7,32.51,30.95,1.56,5.0404,233616.74,747409.759
300699.SZ,2024-10-15,32.4,33.48,31.68,32.07,32.51,-0.44,-1.3534,198852.36,650359.83
300699.SZ,2024-10-16,31.74,32.56,31.43,31.91,32.07,-0.16,-0.4989,106568.17,341098.538
300699.SZ,2024-10-17,31.93,32.85,31.93,32.14,31.91,0.23,0.7208,139040.76,450551.419
300699.SZ,2024-10-18,32.12,34.65,31.76,33.69,32.14,1.55,4.8227,232920.09,776636.419
300699.SZ,2024-10-21,34.06,35.5,33.73,34.7,33.69,1.01,2.9979,272019.31,946253.499
300699.SZ,2024-10-22,35.1,35.16,34.0,34.38,34.7,-0.32,-0.9222,166995.77,575426.673
300699.SZ,2024-10-23,34.35,35.68,34.21,34.88,34.38,0.5,1.4543,210414.76,738546.365
300699.SZ,2024-10-24,35.0,36.2,34.52,34.7,34.88,-0.18,-0.5161,192122.94,677683.722
300699.SZ,2024-10-25,35.06,36.5,34.83,35.73,34.7,1.03,2.9683,281884.75,1006637.815
300699.SZ,2024-10-28,36.26,37.18,35.92,36.39,35.73,0.66,1.8472,325053.19,1190032.454
300699.SZ,2024-10-29,35.62,36.2,34.81,34.9,36.39,-1.49,-4.0945,213098.66,753889.757
300699.SZ,2024-10-30,34.8,35.53,34.52,34.94,34.9,0.04,0.1146,139391.94,488152.263
300699.SZ,2024-10-31,34.77,35.36,34.44,34.96,34.94,0.02,0.0572,148224.1,517008.194
300699.SZ,2024-11-01,34.67,34.88,33.23,33.43,34.96,-1.53,-4.3764,208765.14,705501.941
300699.SZ,2024-11-04,33.18,36.33,33.18,35.76,33.43,2.33,6.9698,264296.14,932521.113
300699.SZ,2024-11-05,36.2,38.38,36.1,37.76,35.76,2.0,5.5928,368224.43,1390545.299
300699.SZ,2024-11-06,38.2,39.3,37.22,37.69,37.76,-0.07,-0.1854,392498.64,1501947.617
300699.SZ,2024-11-07,37.0,37.46,36.0,36.91,37.69,-0.78,-2.0695,255198.7,936391.68
300699.SZ,2024-11-08,37.3,38.52,36.91,38.18,36.91,1.27,3.4408,309150.05,1171620.472
300699.SZ,2024-11-11,38.5,39.87,37.7,39.38,38.18,1.2,3.143,330776.62,1284119.313
300699.SZ,2024-11-12,39.53,39.53,37.16,37.49,39.38,-1.89,-4.7994,286764.95,1091279.954
300699.SZ,2024-11-13,37.25,37.65,36.64,37.29,37.49,-0.2,-0.5335,142307.95,527677.8
300699.SZ,2024-11-14,37.23,37.63,36.2,36.32,37.29,-0.97,-2.6012,115402.13,423877.309
300699.SZ,2024-11-15,36.38,36.68,34.94,34.96,36.32,-1.36,-3.7445,147616.83,525397.16
300699.SZ,2024-11-18,35.01,35.81,34.39,35.02,34.96,0.06,0.1716,131207.78,460632.391
300699.SZ,2024-11-19,35.5,35.6,33.93,35.26,35.02,0.24,0.6853,171216.54,593220.172
300699.SZ,2024-11-20,35.01,35.85,34.73,35.62,35.26,0.36,1.021,126701.44,448027.297
300699.SZ,2024-11-21,35.47,35.67,34.81,35.47,35.62,-0.15,-0.4211,86401.65,304950.563
300699.SZ,2024-11-22,35.35,35.35,33.38,33.45,35.47,-2.02,-5.695,137813.64,472803.806
300699.SZ,2024-11-25,33.45,33.99,32.42,32.93,33.45,-0.52,-1.5546,121484.22,400634.157
300699.SZ,2024-11-26,32.79,33.18,32.55,32.6,32.93,-0.33,-1.0021,64687.25,212316.954
300699.SZ,2024-11-27,32.66,34.4,32.3,34.36,32.6,1.76,5.3988,145532.32,486969.471
300699.SZ,2024-11-28,34.23,35.0,33.81,33.92,34.36,-0.44,-1.2806,93378.78,321046.212
300699.SZ,2024-11-29,33.87,34.97,33.65,34.62,33.92,0.7,2.0637,104342.37,359468.924
300699.SZ,2024-12-02,34.56,35.25,34.5,34.83,34.62,0.21,0.6066,92812.5,323119.945
300699.SZ,2024-12-03,35.15,35.15,34.32,34.73,34.83,-0.1,-0.2871,87504.28,303296.453
300699.SZ,2024-12-04,34.59,34.64,33.75,33.96,34.73,-0.77,-2.2171,95245.2,325148.765
300699.SZ,2024-12-05,33.94,34.75,33.75,34.33,33.96,0.37,1.0895,70786.89,243127.711
300699.SZ,2024-12-06,34.24,34.95,34.13,34.78,34.33,0.45,1.3108,81022.89,280817.935
300699.SZ,2024-12-09,34.79,35.13,34.3,34.93,34.78,0.15,0.4313,79472.36,275949.484
300699.SZ,2024-12-10,36.04,36.2,35.26,35.43,34.93,0.5,1.4314,157811.15,563921.322
300699.SZ,2024-12-11,35.37,35.7,34.8,34.98,35.43,-0.45,-1.2701,94173.93,330421.281
300699.SZ,2024-12-12,34.9,35.78,34.81,35.17,34.98,0.19,0.5432,109057.64,385225.045
300699.SZ,2024-12-13,35.0,35.02,33.69,33.98,35.17,-1.19,-3.3836,159058.96,542010.915
300699.SZ,2024-12-16,33.98,34.11,33.59,33.74,33.98,-0.24,-0.7063,85359.72,288345.63
300699.SZ,2024-12-17,33.62,33.99,33.0,33.2,33.74,-0.54,-1.6005,81689.23,272883.402
300699.SZ,2024-12-18,33.34,33.55,32.91,32.98,33.2,-0.22,-0.6627,73573.73,243833.819
300699.SZ,2024-12-19,32.79,33.15,32.5,32.96,32.98,-0.02,-0.0606,81320.5,266984.385
300699.SZ,2024-12-20,32.91,33.95,32.83,33.7,32.96,0.74,2.2451,92104.64,309529.826
300699.SZ,2024-12-23,33.66,33.83,33.01,33.01,33.7,-0.69,-2.0475,65141.51,217237.471
300699.SZ,2024-12-24,33.02,33.79,33.02,33.45,33.01,0.44,1.3329,73645.6,246717.907
300699.SZ,2024-12-25,33.4,34.15,33.18,33.77,33.45,0.32,0.9567,97045.02,327348.182
300699.SZ,2024-12-26,36.47,38.8,35.54,37.24,33.77,3.47,10.2754,607708.69,2230889.13
300699.SZ,2024-12-27,37.9,38.05,36.18,36.43,37.24,-0.81,-2.1751,475330.39,1754778.362
300699.SZ,2024-12-30,36.74,37.02,35.63,35.81,36.43,-0.62,-1.7019,293081.45,1060440.296
300699.SZ,2024-12-31,35.82,35.91,34.6,34.65,35.81,-1.16,-3.2393,247336.88,867534.275
300699.SZ,2025-01-02,34.35,34.6,32.34,32.65,34.65,-2.0,-5.772,270941.18,905338.481
300699.SZ,2025-01-03,32.66,33.67,32.36,32.49,32.65,-0.16,-0.49,220552.46,728572.583
300699.SZ,2025-01-06,32.56,33.43,31.33,31.74,32.49,-0.75,-2.3084,168907.19,544267.302
300699.SZ,2025-01-07,31.74,32.33,31.37,32.3,31.74,0.56,1.7643,142655.7,455063.938
300699.SZ,2025-01-08,31.95,32.1,30.52,31.39,32.3,-0.91,-2.8173,196068.4,612776.005
300699.SZ,2025-01-09,31.1,32.17,31.1,31.84,31.39,0.45,1.4336,158611.9,503491.378
300699.SZ,2025-01-10,31.83,33.48,31.56,31.81,31.84,-0.03,-0.0942,206866.9,675424.044
300699.SZ,2025-01-13,31.49,32.49,31.2,31.75,31.81,-0.06,-0.1886,124116.6,394589.664
300699.SZ,2025-01-14,31.75,33.14,31.44,32.95,31.75,1.2,3.7795,177886.79,579298.337
300699.SZ,2025-01-15,32.95,33.0,32.19,32.23,32.95,-0.72,-2.1851,124027.62,402517.575
300699.SZ,2025-01-16,32.42,32.87,31.8,32.11,32.23,-0.12,-0.3723,108430.68,350271.674
300699.SZ,2025-01-17,31.99,32.98,31.81,32.51,32.11,0.4,1.2457,130055.2,421464.694
300699.SZ,2025-01-20,32.72,33.25,32.54,32.65,32.51,0.14,0.4306,115331.2,379007.976
300699.SZ,2025-01-21,32.75,32.83,32.0,32.45,32.65,-0.2,-0.6126,121399.09,391950.686
300699.SZ,2025-01-22,32.29,32.38,31.6,31.91,32.45,-0.54,-1.6641,135672.85,432880.45
300699.SZ,2025-01-23,32.2,32.68,31.75,31.77,31.91,-0.14,-0.4387,123943.98,399465.699
300699.SZ,2025-01-24,31.0,31.33,30.0,31.12,31.77,-0.65,-2.046,224852.6,692075.247
300699.SZ,2025-01-27,31.35,31.52,30.45,30.45,31.12,-0.67,-2.153,112606.92,347678.989
300699.SZ,2025-02-05,30.54,31.13,30.3,30.73,30.45,0.28,0.9195,106641.06,328483.347
300699.SZ,2025-02-06,30.71,32.0,30.53,31.8,30.73,1.07,3.4819,155757.13,490834.552
300699.SZ,2025-02-07,31.8,32.92,31.53,32.34,31.8,0.54,1.6981,191997.48,621447.04
300699.SZ,2025-02-10,32.5,32.65,31.99,32.3,32.34,-0.04,-0.1237,102575.04,331016.531
300699.SZ,2025-02-11,32.39,32.48,31.69,32.01,32.3,-0.29,-0.8978,106516.12,340338.34
300699.SZ,2025-02-12,31.89,32.48,31.73,32.46,32.01,0.45,1.4058,101016.6,324622.171
300699.SZ,2025-02-13,32.55,32.76,31.87,31.89,32.46,-0.57,-1.756,102934.04,331765.795
300699.SZ,2025-02-14,31.75,31.99,30.88,31.09,31.89,-0.8,-2.5086,176842.31,552912.398
300699.SZ,2025-02-17,31.1,31.44,30.98,31.24,31.09,0.15,0.4825,107915.35,336624.931
300699.SZ,2025-02-18,31.21,31.74,30.5,30.73,31.24,-0.51,-1.6325,127086.11,395410.095
300699.SZ,2025-02-19,30.81,31.56,30.74,31.2,30.73,0.47,1.5295,130948.32,408564.228
300699.SZ,2025-02-20,31.27,31.91,30.96,31.83,31.2,0.63,2.0192,188794.43,597734.451
300699.SZ,2025-02-21,32.2,33.11,32.16,32.88,31.83,1.05,3.2988,270131.81,884885.424
300699.SZ,2025-02-24,32.71,33.79,32.41,33.26,32.88,0.38,1.1557,277337.74,920947.572
300699.SZ,2025-02-25,32.83,33.43,32.63,33.03,33.26,-0.23,-0.6915,160919.79,530852.766
300699.SZ,2025-02-26,33.09,33.5,32.68,33.19,33.03,0.16,0.4844,186602.46,617783.168
300699.SZ,2025-02-27,33.19,33.26,32.07,32.33,33.19,-0.86,-2.5911,195719.09,636315.64
300699.SZ,2025-02-28,32.85,33.4,31.86,32.04,32.33,-0.29,-0.897,208766.36,682093.934
300699.SZ,2025-03-03,32.09,33.33,31.88,32.12,32.04,0.08,0.2497,196912.77,640827.794
300699.SZ,2025-03-04,31.92,33.17,31.82,32.8,32.12,0.68,2.1171,189358.04,620513.064
300699.SZ,2025-03-05,32.76,33.77,32.62,33.69,32.8,0.89,2.7134,308909.45,1032679.188
300699.SZ,2025-03-06,33.9,33.95,33.33,33.66,33.69,-0.03,-0.089,247067.61,830474.139
300699.SZ,2025-03-07,33.43,34.56,33.21,34.09,33.66,0.43,1.2775,288111.18,981510.239
300699.SZ,2025-03-10,33.51,33.55,32.41,33.31,34.09,-0.78,-2.2881,310285.07,1024776.779
300699.SZ,2025-03-11,32.81,34.2,32.74,34.07,33.31,0.76,2.2816,256058.32,862117.203
300699.SZ,2025-03-12,34.31,34.95,33.6,33.69,34.07,-0.38,-1.1154,265829.04,906325.633
300699.SZ,2025-03-13,33.7,34.05,32.78,33.29,33.69,-0.4,-1.1873,189951.62,630498.335
300699.SZ,2025-03-14,33.25,33.58,32.66,33.38,33.29,0.09,0.2704,201138.34,667965.665
300699.SZ,2025-03-17,33.42,34.05,32.93,33.9,33.38,0.52,1.5578,252327.26,841959.368
300699.SZ,2025-03-18,33.98,34.75,33.76,34.55,33.9,0.65,1.9174,324582.28,1112283.07
300699.SZ,2025-03-19,34.31,35.35,33.91,33.96,34.55,-0.59,-1.7077,269127.28,928417.768
300699.SZ,2025-03-20,34.06,34.26,33.36,33.44,33.96,-0.52,-1.5312,222363.99,749719.69
300699.SZ,2025-03-21,33.83,34.6,33.21,33.54,33.44,0.1,0.299,209082.49,707800.059
300699.SZ,2025-03-24,33.33,33.45,32.1,32.48,33.54,-1.06,-3.1604,195602.76,637846.648
300699.SZ,2025-03-25,32.49,33.03,32.4,32.72,32.48,0.24,0.7389,105805.75,346770.931
300699.SZ,2025-03-26,32.68,33.13,32.49,32.49,32.72,-0.23,-0.7029,108823.01,356460.683
300699.SZ,2025-03-27,32.38,32.69,31.6,32.42,32.49,-0.07,-0.2155,111455.48,358607.648
300699.SZ,2025-03-28,32.41,32.61,31.76,31.77,32.42,-0.65,-2.0049,90162.45,289458.358
300699.SZ,2025-03-31,31.69,31.69,30.83,31.15,31.77,-0.62,-1.9515,117422.89,366140.859
300699.SZ,2025-04-01,31.25,31.66,31.07,31.46,31.15,0.31,0.9952,87123.95,273239.586
300699.SZ,2025-04-02,31.45,31.45,30.96,31.02,31.46,-0.44,-1.3986,82217.2,255763.089
300699.SZ,2025-04-03,30.68,31.25,30.64,30.9,31.02,-0.12,-0.3868,68254.82,211488.872
300699.SZ,2025-04-07,29.5,29.99,25.86,27.05,30.9,-3.85,-12.4595,269231.34,753970.049
300699.SZ,2025-04-08,27.33,28.1,27.14,27.46,27.05,0.41,1.5157,155782.98,429474.831
300699.SZ,2025-04-09,27.0,28.85,26.58,28.54,27.46,1.08,3.933,192977.52,542931.874
300699.SZ,2025-04-10,28.93,29.49,28.65,28.86,28.54,0.32,1.1212,136779.38,397437.742
300699.SZ,2025-04-11,28.6,29.32,28.52,28.98,28.86,0.12,0.4158,99447.18,288529.074
300699.SZ,2025-04-14,29.36,29.37,28.91,28.98,28.98,0.0,0.0,92257.12,268520.718
300699.SZ,2025-04-15,28.97,28.98,28.36,28.53,28.98,-0.45,-1.5528,84462.8,241340.637
300699.SZ,2025-04-16,28.6,29.17,27.82,28.07,28.53,-0.46,-1.6123,112074.76,316557.605
300699.SZ,2025-04-17,27.72,28.44,27.71,27.95,28.07,-0.12,-0.4275,89237.74,251763.677
300699.SZ,2025-04-18,27.89,28.21,27.61,28.01,27.95,0.06,0.2147,83322.46,232224.863
300699.SZ,2025-04-21,28.1,28.82,27.95,28.62,28.01,0.61,2.1778,113667.87,322645.851
300699.SZ,2025-04-22,28.4,29.32,28.29,28.85,28.62,0.23,0.8036,163383.3,472819.918
300699.SZ,2025-04-23,28.84,29.11,28.74,28.93,28.85,0.08,0.2773,94230.0,272420.769
300699.SZ,2025-04-24,28.94,29.18,28.3,28.95,28.93,0.02,0.0691,147010.66,423513.563
300699.SZ,2025-04-25,28.99,29.05,28.3,28.75,28.95,-0.2,-0.6908,121130.8,347383.428
300699.SZ,2025-04-28,28.7,28.85,28.49,28.6,28.75,-0.15,-0.5217,63788.42,182670.224
300699.SZ,2025-04-29,28.54,29.28,28.4,29.15,28.6,0.55,1.9231,104904.58,304896.135
300699.SZ,2025-04-30,29.15,29.23,28.88,29.06,29.15,-0.09,-0.3087,83889.26,243813.751
300699.SZ,2025-05-06,29.19,29.53,29.16,29.53,29.06,0.47,1.6173,123984.57,364407.312
300699.SZ,2025-05-07,29.9,30.59,29.63,30.19,29.53,0.66,2.235,208944.33,628896.375
300699.SZ,2025-05-08,29.97,30.57,29.72,30.55,30.19,0.36,1.1924,160449.78,485038.582
300699.SZ,2025-05-09,30.8,30.95,29.94,29.97,30.55,-0.58,-1.8985,126119.37,380462.914
300699.SZ,2025-05-12,29.99,31.23,29.99,30.65,29.97,0.68,2.2689,207721.86,639157.355
300699.SZ,2025-05-13,30.88,31.13,30.11,30.4,30.65,-0.25,-0.8157,161743.25,493758.794
300699.SZ,2025-05-14,30.36,31.08,30.1,30.59,30.4,0.19,0.625,169792.4,520339.849
300699.SZ,2025-05-15,30.89,31.72,30.73,30.75,30.59,0.16,0.523,277769.3,867868.14
300699.SZ,2025-05-16,30.43,30.86,30.12,30.15,30.75,-0.6,-1.9512,163706.98,498437.266
300699.SZ,2025-05-19,30.45,31.25,30.44,30.97,30.15,0.82,2.7197,192613.71,595183.273
300699.SZ,2025-05-20,31.0,31.39,30.55,31.04,30.97,0.07,0.226,159504.33,493828.507
300699.SZ,2025-05-21,30.59,30.6,30.1,30.13,30.54,-0.41,-1.3425,108527.66,327960.718
300699.SZ,2025-05-22,30.13,30.44,29.5,29.54,30.13,-0.59,-1.9582,108248.72,323175.673
300699.SZ,2025-05-23,29.49,30.31,29.43,29.55,29.54,0.01,0.0339,100418.5,299806.857
300699.SZ,2025-05-26,29.53,30.23,29.37,30.01,29.55,0.46,1.5567,92566.32,276965.773
300699.SZ,2025-05-27,29.91,29.91,29.45,29.71,30.01,-0.3,-0.9997,73483.76,218100.35
300699.SZ,2025-05-28,29.67,29.85,29.14,29.17,29.71,-0.54,-1.8176,71624.14,210382.531
300699.SZ,2025-05-29,29.2,29.82,29.2,29.67,29.17,0.5,1.7141,70421.01,208432.706
300699.SZ,2025-05-30,29.53,31.36,29.53,30.63,29.67,0.96,3.2356,362770.2,1112235.288
300699.SZ,2025-06-03,30.92,31.23,30.5,30.76,30.63,0.13,0.4244,197155.25,607930.768
300699.SZ,2025-06-04,30.69,31.27,30.63,30.88,30.76,0.12,0.3901,168110.7,519937.9
300699.SZ,2025-06-05,30.8,31.07,30.54,30.92,30.88,0.04,0.1295,124036.71,382475.032
300699.SZ,2025-06-06,31.05,31.53,30.86,30.95,30.92,0.03,0.097,143395.42,447268.464
300699.SZ,2025-06-09,30.97,32.72,30.97,31.72,30.95,0.77,2.4879,248998.99,793815.234
300699.SZ,2025-06-10,31.61,31.68,30.6,30.73,31.72,-0.99,-3.1211,172864.8,536007.302
300699.SZ,2025-06-11,30.78,31.04,30.71,30.73,30.73,0.0,0.0,75752.4,233617.254
300699.SZ,2025-06-12,30.82,30.89,30.54,30.69,30.73,-0.04,-0.1302,83223.49,255583.987
300699.SZ,2025-06-13,30.7,31.35,30.5,30.86,30.69,0.17,0.5539,162792.03,502618.925
300699.SZ,2025-06-16,31.48,31.49,30.92,31.02,30.86,0.16,0.5185,146977.88,458549.59
300699.SZ,2025-06-17,30.98,31.11,30.55,30.94,31.02,-0.08,-0.2579,107500.91,330781.937
300699.SZ,2025-06-18,30.83,30.93,30.55,30.63,30.94,-0.31,-1.0019,99905.32,306572.473
300699.SZ,2025-06-19,30.53,30.57,29.88,30.03,30.63,-0.6,-1.9589,120059.57,361860.251
300699.SZ,2025-06-20,29.93,30.08,29.51,29.55,30.03,-0.48,-1.5984,94790.31,281897.139
300699.SZ,2025-06-23,29.55,30.22,29.55,30.17,29.55,0.62,2.0981,80782.52,241586.191
300699.SZ,2025-06-24,30.02,30.45,29.71,30.41,30.17,0.24,0.7955,105685.3,320046.373
300699.SZ,2025-06-25,30.47,31.18,30.31,31.03,30.41,0.62,2.0388,189384.12,585135.265
300699.SZ,2025-06-26,31.05,31.43,30.82,30.85,31.03,-0.18,-0.5801,178442.17,556409.986
300699.SZ,2025-06-27,30.83,31.22,30.8,30.84,30.85,-0.01,-0.0324,110089.0,340836.446
300699.SZ,2025-06-30,30.85,31.74,30.85,31.67,30.84,0.83,2.6913,199804.74,630189.501
300699.SZ,2025-07-01,32.0,32.0,31.23,31.4,31.67,-0.27,-0.8525,133301.0,418746.575
300699.SZ,2025-07-02,31.27,31.36,30.9,31.05,31.4,-0.35,-1.1146,100633.75,312862.833
300699.SZ,2025-07-03,31.0,31.28,30.9,31.04,31.05,-0.01,-0.0322,69779.41,216585.32
300699.SZ,2025-07-04,31.0,31.0,30.48,30.57,31.04,-0.47,-1.5142,103849.2,318808.936
300699.SZ,2025-07-07,30.56,30.75,30.34,30.52,30.57,-0.05,-0.1636,68135.76,208094.398
300699.SZ,2025-07-08,30.46,30.99,30.43,30.99,30.52,0.47,1.54,95068.32,293181.459
300699.SZ,2025-07-09,31.0,31.19,30.56,30.65,30.99,-0.34,-1.0971,104340.03,321941.611
300699.SZ,2025-07-10,30.51,30.68,30.3,30.67,30.65,0.02,0.0653,91059.1,277566.554
300699.SZ,2025-07-11,30.72,31.05,30.51,30.87,30.67,0.2,0.6521,103904.25,320042.105
300699.SZ,2025-07-14,31.06,31.39,30.67,30.77,30.87,-0.1,-0.3239,107125.98,331415.602
300699.SZ,2025-07-15,30.77,31.05,30.31,30.56,30.77,-0.21,-0.6825,94451.2,289301.025
300699.SZ,2025-07-16,30.63,30.66,30.36,30.5,30.56,-0.06,-0.1963,69654.2,212617.23
300699.SZ,2025-07-17,30.64,31.42,30.54,31.33,30.5,0.83,2.7213,184568.42,574148.555
300699.SZ,2025-07-18,31.34,31.6,31.16,31.57,31.33,0.24,0.766,162153.7,509586.058
300699.SZ,2025-07-21,31.53,31.69,31.27,31.59,31.57,0.02,0.0634,121437.13,382361.322
300699.SZ,2025-07-22,31.63,31.92,31.39,31.58,31.59,-0.01,-0.0317,118481.14,374435.527
300699.SZ,2025-07-23,31.54,31.72,31.21,31.32,31.58,-0.26,-0.8233,123233.92,387317.454
300699.SZ,2025-07-24,31.26,31.75,31.25,31.72,31.32,0.4,1.2771,153066.19,483368.13
300699.SZ,2025-07-25,31.76,31.88,31.43,31.66,31.72,-0.06,-0.1892,116200.8,367501.621
300699.SZ,2025-07-28,31.7,32.21,31.51,32.0,31.66,0.34,1.0739,150235.19,480464.929
300699.SZ,2025-07-29,31.95,32.36,31.66,32.06,32.0,0.06,0.1875,133052.47,424460.867
300699.SZ,2025-07-30,32.0,32.32,31.63,31.84,32.06,-0.22,-0.6862,153175.94,490075.128
300699.SZ,2025-07-31,31.0,31.05,30.18,30.35,31.84,-1.49,-4.6796,309226.55,947340.481
300699.SZ,2025-08-01,30.35,30.78,29.96,30.42,30.35,0.07,0.2306,168530.46,511777.377
300699.SZ,2025-08-04,30.3,31.08,30.22,31.08,30.42,0.66,2.1696,149087.71,460189.296
300699.SZ,2025-08-05,31.09,31.93,30.98,31.4,31.08,0.32,1.0296,175018.06,550393.576
300699.SZ,2025-08-06,31.37,32.1,31.31,32.0,31.4,0.6,1.9108,207795.51,662790.421
300699.SZ,2025-08-07,32.12,32.26,31.59,31.68,32.0,-0.32,-1.0,146141.59,464185.168
300699.SZ,2025-08-08,31.6,31.81,31.35,31.42,31.68,-0.26,-0.8207,96290.22,303556.377
300699.SZ,2025-08-11,31.4,31.94,31.39,31.75,31.42,0.33,1.0503,126936.21,403678.925
300699.SZ,2025-08-12,31.7,31.74,31.11,31.23,31.75,-0.52,-1.6378,142069.45,444919.129
300699.SZ,2025-08-13,31.28,31.58,31.04,31.48,31.23,0.25,0.8005,141819.93,444760.204
300699.SZ,2025-08-14,31.48,31.5,30.76,30.89,31.48,-0.59,-1.8742,144725.07,450209.853
300699.SZ,2025-08-15,30.81,31.94,30.8,31.85,30.89,0.96,3.1078,215326.54,679918.183
300699.SZ,2025-08-18,32.09,32.3,31.89,32.25,31.85,0.4,1.2559,236189.78,757955.774
300699.SZ,2025-08-19,31.64,31.66,31.02,31.28,32.25,-0.97,-3.0078,346236.82,1083519.782
300699.SZ,2025-08-20,31.26,31.49,30.92,31.49,31.28,0.21,0.6714,233398.98,728926.006
300699.SZ,2025-08-21,31.4,31.9,31.31,31.41,31.49,-0.08,-0.254,183994.22,580223.22
300699.SZ,2025-08-22,31.32,32.0,31.25,31.98,31.41,0.57,1.8147,230711.94,730076.003
300699.SZ,2025-08-25,32.1,33.55,31.9,32.84,31.98,0.86,2.6892,388148.3,1266259.11
300699.SZ,2025-08-26,32.74,32.77,32.28,32.51,32.84,-0.33,-1.0049,208451.98,677870.547
300699.SZ,2025-08-27,32.5,32.67,31.65,31.65,32.51,-0.86,-2.6453,264728.59,854760.992
300699.SZ,2025-08-28,31.64,32.28,31.21,32.28,31.65,0.63,1.9905,226668.84,721357.172
300699.SZ,2025-08-29,32.5,32.65,31.8,31.96,32.28,-0.32,-0.9913,181429.82,581320.42
300699.SZ,2025-09-01,31.91,32.26,31.55,31.73,31.96,-0.23,-0.7196,176746.76,560481.982
300699.SZ,2025-09-02,31.75,31.75,30.5,30.99,31.73,-0.74,-2.3322,234521.17,725779.755
300699.SZ,2025-09-03,31.08,31.16,29.93,29.95,30.99,-1.04,-3.3559,190439.01,578279.399
300699.SZ,2025-09-04,29.9,30.34,29.37,30.3,29.95,0.35,1.1686,186145.8,555990.641
300699.SZ,2025-09-05,30.15,30.61,29.86,30.55,30.3,0.25,0.8251,134118.02,406039.91
300699.SZ,2025-09-08,30.6,30.82,30.25,30.72,30.55,0.17,0.5565,127008.08,388955.434
300699.SZ,2025-09-09,30.58,30.67,29.96,30.08,30.72,-0.64,-2.0833,107921.26,326410.352
300699.SZ,2025-09-10,30.1,30.32,29.9,29.98,30.08,-0.1,-0.3324,73626.13,221239.414
300699.SZ,2025-09-11,30.0,30.49,29.8,30.47,29.98,0.49,1.6344,112575.8,339971.261
300699.SZ,2025-09-12,30.49,30.76,30.23,30.3,30.47,-0.17,-0.5579,114195.87,348061.479
300699.SZ,2025-09-15,30.33,30.33,30.01,30.1,30.3,-0.2,-0.6601,85377.99,256938.23
300699.SZ,2025-09-16,30.03,30.16,29.73,29.9,30.1,-0.2,-0.6645,110678.72,330915.282
300699.SZ,2025-09-17,30.0,30.18,29.91,30.08,29.9,0.18,0.602,97443.81,292684.319
300699.SZ,2025-09-18,30.06,30.17,29.5,29.7,30.08,-0.38,-1.2633,142607.46,426547.17
300699.SZ,2025-09-19,29.7,29.98,29.66,29.8,29.7,0.1,0.3367,86456.65,257763.436
300699.SZ,2025-09-22,29.8,29.92,29.37,29.67,29.8,-0.13,-0.4362,87242.45,257573.694
300699.SZ,2025-09-23,29.66,30.06,29.23,29.73,29.67,0.06,0.2022,118655.5,351578.852
300699.SZ,2025-09-24,29.57,30.19,29.41,30.16,29.73,0.43,1.4464,132413.98,397501.796
300699.SZ,2025-09-25,30.15,30.48,30.0,30.21,30.16,0.05,0.1658,113544.33,342473.834
300699.SZ,2025-09-26,30.17,30.7,29.95,30.59,30.21,0.38,1.2579,165827.45,504563.997
300699.SZ,2025-09-29,30.59,30.75,30.04,30.46,30.59,-0.13,-0.425,120127.03,364917.903
300699.SZ,2025-09-30,30.5,30.57,30.24,30.35,30.46,-0.11,-0.3611,105556.59,320846.225
300699.SZ,2025-10-09,30.45,31.05,30.16,30.97,30.35,0.62,2.0428,178015.05,545886.414
300699.SZ,2025-10-10,30.9,30.97,30.46,30.55,30.97,-0.42,-1.3562,110569.99,338946.032
300699.SZ,2025-10-13,29.94,30.54,29.87,30.5,30.55,-0.05,-0.1637,114399.32,345794.048
300699.SZ,2025-10-14,30.51,30.83,30.03,30.11,30.5,-0.39,-1.2787,129509.47,393558.537
300699.SZ,2025-10-15,30.11,30.26,29.82,30.05,30.11,-0.06,-0.1993,89787.03,269539.988
300699.SZ,2025-10-16,30.04,30.27,29.3,29.4,30.05,-0.65,-2.1631,138447.02,410262.707
300699.SZ,2025-10-17,29.36,29.56,28.5,28.5,29.4,-0.9,-3.0612,112756.44,326683.457
300699.SZ,2025-10-20,28.8,28.88,28.2,28.38,28.5,-0.12,-0.4211,86677.2,247143.001
300699.SZ,2025-10-21,28.35,28.46,28.18,28.32,28.38,-0.06,-0.2114,99951.17,283331.707
300699.SZ,2025-10-22,28.29,28.3,28.05,28.12,28.32,-0.2,-0.7062,68173.57,191821.075
300699.SZ,2025-10-23,28.05,28.42,27.84,28.4,28.12,0.28,0.9957,83946.08,235998.201
300699.SZ,2025-10-24,28.54,28.93,28.5,28.67,28.4,0.27,0.9507,108385.23,310876.253
300699.SZ,2025-10-27,28.77,29.31,28.5,29.0,28.67,0.33,1.151,126336.53,364402.326
300699.SZ,2025-10-28,28.78,29.04,28.65,28.86,29.0,-0.14,-0.4828,87508.68,252254.563
300699.SZ,2025-10-29,28.9,28.91,28.55,28.85,28.86,-0.01,-0.0347,80527.98,231323.388
300699.SZ,2025-10-30,28.83,28.83,28.37,28.37,28.85,-0.48,-1.6638,84298.14,240992.99
300699.SZ,2025-10-31,28.36,28.96,28.33,28.79,28.37,0.42,1.4804,96513.05,276542.908
300699.SZ,2025-11-03,28.8,28.88,28.42,28.66,28.79,-0.13,-0.4515,67176.31,191970.583
300699.SZ,2025-11-04,28.57,28.63,28.13,28.16,28.66,-0.5,-1.7446,74316.96,210532.182
300699.SZ,2025-11-05,28.01,28.25,27.95,28.18,28.16,0.02,0.071,71026.67,199479.453
300699.SZ,2025-11-06,28.13,28.44,28.12,28.23,28.18,0.05,0.1774,82815.07,234208.416
300699.SZ,2025-11-07,28.28,29.19,28.12,28.95,28.23,0.72,2.5505,204067.29,589286.913
300699.SZ,2025-11-10,28.92,28.97,28.71,28.78,28.95,-0.17,-0.5872,102460.13,295174.841
300699.SZ,2025-11-11,28.9,28.97,28.54,28.61,28.78,-0.17,-0.5907,94622.31,271493.268
300699.SZ,2025-11-12,28.63,28.65,28.1,28.15,28.61,-0.46,-1.6078,92815.1,262771.592
300699.SZ,2025-11-13,28.27,28.84,28.15,28.79,28.15,0.64,2.2735,108094.46,309056.827
300699.SZ,2025-11-14,28.66,28.83,28.39,28.39,28.79,-0.4,-1.3894,70192.6,200764.13
300699.SZ,2025-11-17,28.92,28.99,28.57,28.71,28.39,0.32,1.1272,98381.28,283124.357
300699.SZ,2025-11-18,28.64,28.68,28.27,28.38,28.71,-0.33,-1.1494,71069.77,201776.153
300699.SZ,2025-11-19,28.51,28.6,28.21,28.4,28.38,0.02,0.0705,69764.84,198383.064
300699.SZ,2025-11-20,28.66,28.97,28.38,28.62,28.4,0.22,0.7746,103976.88,298231.294
300699.SZ,2025-11-21,28.5,28.88,27.91,28.62,28.62,0.0,0.0,145499.48,413643.429
300699.SZ,2025-11-24,28.5,29.18,28.5,29.13,28.62,0.51,1.782,143836.99,416606.952
300699.SZ,2025-11-25,29.08,29.19,28.76,29.09,29.13,-0.04,-0.1373,123232.78,357815.683
300699.SZ,2025-11-26,28.95,29.11,28.66,28.81,29.09,-0.28,-0.9625,97066.08,279636.674
300699.SZ,2025-11-27,28.71,28.93,28.69,28.81,28.81,0.0,0.0,68679.68,197946.473
300699.SZ,2025-11-28,28.84,28.91,28.54,28.75,28.81,-0.06,-0.2083,71998.14,206873.719
300699.SZ,2025-12-01,28.88,29.4,28.88,29.21,28.75,0.46,1.6,124202.15,363118.792
300699.SZ,2025-12-02,29.04,29.19,28.96,29.13,29.21,-0.08,-0.2739,61946.3,180063.811
300699.SZ,2025-12-03,29.18,29.69,28.5,29.61,29.13,0.48,1.6478,206195.71,603351.247
300699.SZ,2025-12-04,29.38,30.27,29.35,30.01,29.61,0.4,1.3509,251679.9,754936.27
300699.SZ,2025-12-05,29.94,30.06,29.74,30.01,30.01,0.0,0.0,145185.6,434452.287
300699.SZ,2025-12-08,30.18,31.39,30.06,30.56,30.01,0.55,1.8327,320033.24,984928.443
300699.SZ,2025-12-09,30.38,30.79,30.35,30.45,30.56,-0.11,-0.3599,174297.47,532207.422
300699.SZ,2025-12-10,30.32,30.7,29.9,30.29,30.45,-0.16,-0.5255,190861.43,577229.847
300699.SZ,2025-12-11,30.31,31.0,30.1,30.79,30.29,0.5,1.6507,282817.68,869111.68
300699.SZ,2025-12-12,30.96,31.3,30.64,31.07,30.79,0.28,0.9094,253778.65,786247.429
300699.SZ,2025-12-15,30.85,31.75,30.76,31.12,31.07,0.05,0.1609,251174.3,785880.218
300699.SZ,2025-12-16,31.05,31.1,30.01,30.2,31.12,-0.92,-2.9563,236521.47,716546.306
300699.SZ,2025-12-17,30.02,30.29,29.52,29.94,30.2,-0.26,-0.8609,172751.83,515138.739
300699.SZ,2025-12-18,29.82,30.8,29.75,30.34,29.94,0.4,1.336,219343.58,668374.544
300699.SZ,2025-12-19,30.37,31.14,30.37,30.53,30.34,0.19,0.6262,175838.7,539403.559
300699.SZ,2025-12-22,30.68,31.05,30.44,30.44,30.53,-0.09,-0.2948,170005.0,521520.186
300699.SZ,2025-12-23,30.48,30.88,29.85,29.98,30.44,-0.46,-1.5112,179764.2,544121.031
300699.SZ,2025-12-24,29.8,31.66,29.71,31.38,29.98,1.4,4.6698,374462.0,1162547.29
300699.SZ,2025-12-25,31.32,32.16,31.24,32.16,31.38,0.78,2.4857,385594.37,1225734.002
300699.SZ,2025-12-26,33.33,36.66,33.13,34.87,32.16,2.71,8.4266,1016400.19,3535415.704
300699.SZ,2025-12-29,38.3,40.77,38.3,40.05,34.87,5.18,14.8552,1374439.3,5417878.964
300699.SZ,2025-12-30,40.0,40.2,38.68,39.3,40.05,-0.75,-1.8727,927773.36,3653267.357
300699.SZ,2025-12-31,38.93,40.6,37.81,39.46,39.3,0.16,0.4071,786772.06,3074978.197
300699.SZ,2026-01-05,40.66,40.8,38.4,39.09,39.46,-0.37,-0.9377,740903.1,2909119.026
300699.SZ,2026-01-06,38.15,38.78,37.01,38.46,39.09,-0.63,-1.6117,625042.88,2363578.462
300699.SZ,2026-01-07,38.01,38.49,37.38,37.88,38.46,-0.58,-1.5081,440151.45,1662896.809
300699.SZ,2026-01-08,37.41,42.47,37.4,41.03,37.88,3.15,8.3157,860435.64,3486062.109
300699.SZ,2026-01-09,41.73,44.5,40.76,42.76,41.03,1.73,4.2164,932788.12,3941446.167
300699.SZ,2026-01-12,44.3,47.2,43.52,46.47,42.76,3.71,8.6763,794285.97,3602907.889
300699.SZ,2026-01-13,44.91,44.98,40.9,41.48,46.47,-4.99,-10.7381,777013.39,3276377.677
300699.SZ,2026-01-14,41.18,42.97,40.51,40.82,41.48,-0.66,-1.5911,678773.44,2822905.612
300699.SZ,2026-01-15,40.31,40.55,38.87,39.32,40.82,-1.5,-3.6747,516709.7,2041905.508
300699.SZ,2026-01-16,40.03,42.5,39.65,40.96,39.32,1.64,4.1709,618992.69,2534328.081
300699.SZ,2026-01-19,40.6,41.65,40.5,40.75,40.96,-0.21,-0.5127,424860.41,1742955.925
300699.SZ,2026-01-20,40.74,41.08,38.8,39.62,40.75,-1.13,-2.773,349778.65,1383147.612
300699.SZ,2026-01-21,39.16,40.98,39.0,40.23,39.62,0.61,1.5396,294430.43,1180469.836
300699.SZ,2026-01-22,40.09,42.3,40.08,41.69,40.23,1.46,3.6291,462792.88,1914590.753
300699.SZ,2026-01-23,42.0,44.08,41.12,43.23,41.69,1.54,3.6939,599849.61,2566167.228
300699.SZ,2026-01-26,43.7,44.19,41.53,41.94,43.23,-1.29,-2.984,469141.97,2003927.421
300699.SZ,2026-01-27,41.42,43.3,41.42,42.78,41.94,0.84,2.0029,399537.63,1704128.242
300699.SZ,2026-01-28,42.14,42.36,40.47,41.54,42.78,-1.24,-2.8986,381804.91,1574189.206
300699.SZ,2026-01-29,41.2,43.3,40.91,40.93,41.54,-0.61,-1.4685,314670.37,1320111.577
300699.SZ,2026-01-30,40.6,41.06,38.67,39.93,40.93,-1.0,-2.4432,306667.4,1217910.398
300699.SZ,2026-02-02,39.91,40.38,38.72,38.75,39.93,-1.18,-2.9552,214107.13,843968.17
300699.SZ,2026-02-03,39.23,41.3,39.0,41.05,38.75,2.3,5.9355,286988.8,1162433.501
300699.SZ,2026-02-04,41.0,41.7,40.35,40.88,41.05,-0.17,-0.4141,200673.96,821730.737
300699.SZ,2026-02-05,40.41,41.35,39.91,40.07,40.88,-0.81,-1.9814,179569.39,724419.621
300699.SZ,2026-02-06,39.75,40.29,39.1,39.44,40.07,-0.63,-1.5722,159513.79,633974.805
300699.SZ,2026-02-09,40.08,40.28,39.2,39.5,39.44,0.06,0.1521,187078.99,740871.506
300699.SZ,2026-02-10,39.33,39.52,38.5,39.0,39.5,-0.5,-1.2658,184311.3,719752.937
300699.SZ,2026-02-11,39.0,40.62,38.95,39.3,39.0,0.3,0.7692,231206.73,923401.358
300699.SZ,2026-02-12,39.05,39.84,39.02,39.62,39.3,0.32,0.8142,160698.61,634490.996
300699.SZ,2026-02-13,39.53,39.92,39.0,39.01,39.62,-0.61,-1.5396,138381.43,545060.951
300699.SZ,2026-02-24,39.58,39.92,38.78,39.38,39.01,0.37,0.9485,139968.33,551872.724
300699.SZ,2026-02-25,39.27,40.46,39.27,39.96,39.38,0.58,1.4728,202677.28,811763.28
300699.SZ,2026-02-26,39.92,40.55,39.4,40.17,39.96,0.21,0.5255,210900.23,845152.237
300699.SZ,2026-02-27,40.16,41.75,40.0,40.6,40.17,0.43,1.0705,281355.57,1149271.194
300699.SZ,2026-03-02,40.49,41.42,39.8,40.25,40.6,-0.35,-0.8621,325477.08,1320854.283
300699.SZ,2026-03-03,40.1,40.25,36.25,36.28,40.25,-3.97,-9.8634,412385.99,1549519.801
300699.SZ,2026-03-04,36.1,37.76,35.86,37.22,36.28,0.94,2.591,254165.04,946437.447
300699.SZ,2026-03-05,37.7,38.29,37.31,37.71,37.22,0.49,1.3165,189514.52,716653.768
300699.SZ,2026-03-06,37.47,39.44,37.37,38.68,37.71,0.97,2.5723,226202.7,877637.328
300699.SZ,2026-03-09,38.16,38.25,36.76,37.48,38.68,-1.2,-3.1024,208960.87,781692.649
300699.SZ,2026-03-10,37.68,38.61,37.6,38.12,37.48,0.64,1.7076,143998.69,547907.963
300699.SZ,2026-03-11,38.24,40.03,37.6,38.83,38.12,0.71,1.8625,315937.79,1228374.784
300699.SZ,2026-03-12,41.0,43.94,40.28,41.57,38.83,2.74,7.0564,663057.4,2761526.99
300699.SZ,2026-03-13,40.3,40.43,38.08,38.21,41.57,-3.36,-8.0828,494049.68,1928312.372
300699.SZ,2026-03-16,37.99,39.38,37.21,37.31,38.21,-0.9,-2.3554,286412.16,1094921.913
300699.SZ,2026-03-17,37.33,40.34,36.89,38.61,37.31,1.3,3.4843,413668.26,1587847.375
300699.SZ,2026-03-18,37.5,37.5,36.14,37.0,38.61,-1.61,-4.1699,331490.44,1212700.698
300699.SZ,2026-03-19,36.01,36.24,34.55,34.79,37.0,-2.21,-5.973,286857.9,1009911.51
300699.SZ,2026-03-20,34.85,35.1,33.71,33.71,34.79,-1.08,-3.1043,194517.04,668776.581
300699.SZ,2026-03-23,33.03,33.48,31.63,31.95,33.71,-1.76,-5.221,269946.58,880771.401
300699.SZ,2026-03-24,32.41,32.88,31.84,32.6,31.95,0.65,2.0344,211920.42,685247.586
300699.SZ,2026-03-25,32.7,33.66,32.6,33.35,32.6,0.75,2.3006,162707.29,541473.512
300699.SZ,2026-03-26,33.3,33.8,32.86,33.26,33.35,-0.09,-0.2699,143457.04,477983.226
300699.SZ,2026-03-27,32.57,33.71,32.4,33.47,33.26,0.21,0.6314,119159.64,396872.187
300699.SZ,2026-03-30,32.9,33.81,32.69,33.61,33.47,0.14,0.4183,144399.87,481222.787
300699.SZ,2026-03-31,33.8,35.46,33.68,34.4,33.61,0.79,2.3505,290853.28,1012947.574
300699.SZ,2026-04-01,34.89,35.07,34.06,34.54,34.4,0.14,0.407,173509.24,598627.843
300699.SZ,2026-04-02,34.46,34.66,33.64,33.95,34.54,-0.59,-1.7082,130561.3,444559.687
300699.SZ,2026-04-03,34.04,34.22,33.02,33.11,33.95,-0.84,-2.4742,112414.54,375112.152
300699.SZ,2026-04-07,33.27,33.65,32.93,33.14,33.11,0.03,0.0906,102304.25,340716.655
300699.SZ,2026-04-08,33.61,34.57,33.61,34.54,33.14,1.4,4.2245,160733.06,551767.387
300699.SZ,2026-04-09,34.01,35.14,33.82,34.3,34.54,-0.24,-0.6948,173059.74,596547.836
300699.SZ,2026-04-10,34.59,35.07,34.28,34.36,34.3,0.06,0.1749,153624.51,532340.628
300699.SZ,2026-04-13,34.3,35.1,34.1,34.91,34.36,0.55,1.6007,171168.58,596339.969
300699.SZ,2026-04-14,35.01,35.33,34.84,35.32,34.91,0.41,1.1744,177536.83,623170.592
300699.SZ,2026-04-15,35.32,36.06,34.93,35.0,35.32,-0.32,-0.906,189770.13,673683.63
300699.SZ,2026-04-16,34.81,35.13,34.4,34.95,35.0,-0.05,-0.1429,198691.73,690823.888
300699.SZ,2026-04-17,34.62,35.55,34.51,35.31,34.95,0.36,1.03,182454.88,639902.174
300699.SZ,2026-04-20,35.63,37.2,35.52,37.04,35.31,1.73,4.8995,408559.0,1501176.432
300699.SZ,2026-04-21,37.0,37.09,36.38,36.65,37.04,-0.39,-1.0529,255515.63,937032.583
300699.SZ,2026-04-22,36.3,37.32,36.21,36.95,36.65,0.3,0.8186,217981.65,803920.356
300699.SZ,2026-04-23,36.59,37.28,35.69,35.79,36.95,-1.16,-3.1394,268979.93,974092.919
300699.SZ,2026-04-24,35.0,35.31,32.92,33.41,35.79,-2.38,-6.6499,438819.4,1467200.604
300699.SZ,2026-04-27,33.41,33.58,32.84,33.05,33.41,-0.36,-1.0775,230008.72,762127.818
300699.SZ,2026-04-28,32.8,33.08,32.16,32.36,33.05,-0.69,-2.0877,185865.93,605149.726
