ts_code,date,open,high,low,close,pre_close,change,pct_chg,volume,amount
600460.SH,2020-01-02,15.6,16.03,15.51,15.87,15.47,0.4,2.5856,414793.07,657193.978
600460.SH,2020-01-03,15.87,16.09,15.76,15.91,15.87,0.04,0.252,327628.73,521430.812
600460.SH,2020-01-06,15.8,16.64,15.7,16.39,15.91,0.48,3.017,678199.92,1100710.852
600460.SH,2020-01-07,16.43,16.53,16.21,16.48,16.39,0.09,0.5491,480891.04,788802.486
600460.SH,2020-01-08,16.36,16.66,15.88,15.93,16.48,-0.55,-3.3374,546866.33,889796.299
600460.SH,2020-01-09,16.14,16.59,16.07,16.53,15.93,0.6,3.7665,668537.12,1094887.089
600460.SH,2020-01-10,16.64,16.98,16.34,16.64,16.53,0.11,0.6655,835732.74,1390889.748
600460.SH,2020-01-13,16.67,17.28,16.55,17.2,16.64,0.56,3.3654,1005435.04,1713580.531
600460.SH,2020-01-14,17.37,17.37,16.63,16.63,17.2,-0.57,-3.314,812486.51,1367406.657
600460.SH,2020-01-15,16.45,17.08,16.4,16.97,16.63,0.34,2.0445,703541.38,1183687.754
600460.SH,2020-01-16,16.9,17.05,16.6,16.8,16.97,-0.17,-1.0018,578663.56,972650.049
600460.SH,2020-01-17,16.8,17.05,16.5,16.51,16.8,-0.29,-1.7262,489759.81,821047.397
600460.SH,2020-01-20,16.51,17.15,16.33,17.02,16.51,0.51,3.089,641321.15,1080674.848
600460.SH,2020-01-21,16.4,16.46,15.89,16.17,17.02,-0.85,-4.9941,940788.25,1518739.398
600460.SH,2020-01-22,16.02,17.03,15.95,16.84,16.17,0.67,4.1435,882080.72,1459314.596
600460.SH,2020-01-23,16.67,17.69,16.5,16.95,16.84,0.11,0.6532,1196100.04,2044996.165
600460.SH,2020-02-03,15.26,15.26,15.26,15.26,16.95,-1.69,-9.9705,82297.0,125585.222
600460.SH,2020-02-04,13.75,15.14,13.75,14.71,15.26,-0.55,-3.6042,915579.84,1337420.933
600460.SH,2020-02-05,14.7,15.23,14.51,14.71,14.71,0.0,0.0,706187.27,1049644.683
600460.SH,2020-02-06,14.63,14.96,14.49,14.88,14.71,0.17,1.1557,600411.47,883922.308
600460.SH,2020-02-07,14.81,15.54,14.71,15.43,14.88,0.55,3.6962,795713.97,1209120.612
600460.SH,2020-02-10,15.22,15.57,15.15,15.4,15.43,-0.03,-0.1944,544098.78,833462.71
600460.SH,2020-02-11,15.4,15.55,15.18,15.28,15.4,-0.12,-0.7792,487245.03,747534.493
600460.SH,2020-02-12,15.25,16.15,15.18,16.02,15.28,0.74,4.8429,921613.62,1450206.72
600460.SH,2020-02-13,16.06,17.62,15.79,17.28,16.02,1.26,7.8652,2015176.2,3419210.144
600460.SH,2020-02-14,17.5,18.81,17.28,17.89,17.28,0.61,3.5301,1884125.68,3383481.411
600460.SH,2020-02-17,18.79,18.98,17.78,18.5,17.89,0.61,3.4097,1517386.98,2782457.217
600460.SH,2020-02-18,18.3,20.26,18.18,19.7,18.5,1.2,6.4865,1470629.75,2853901.285
600460.SH,2020-02-19,19.41,21.37,19.01,20.6,19.7,0.9,4.5685,1612954.54,3272893.702
600460.SH,2020-02-20,20.26,20.96,19.7,20.63,20.6,0.03,0.1456,1232427.43,2504254.885
600460.SH,2020-02-21,20.46,21.03,20.14,21.03,20.63,0.4,1.9389,1208502.24,2482825.894
600460.SH,2020-02-24,20.67,21.6,20.55,20.88,21.03,-0.15,-0.7133,1270961.39,2664105.629
600460.SH,2020-02-25,20.01,20.49,18.79,19.96,20.88,-0.92,-4.4061,1645471.76,3253912.265
600460.SH,2020-02-26,19.52,19.73,18.64,18.88,19.96,-1.08,-5.4108,1015855.51,1954200.772
600460.SH,2020-02-27,19.27,19.29,18.19,18.56,18.88,-0.32,-1.6949,691176.62,1297838.357
600460.SH,2020-02-28,17.77,18.12,16.91,17.19,18.56,-1.37,-7.3815,990677.78,1736918.362
600460.SH,2020-03-02,17.6,17.98,17.31,17.65,17.19,0.46,2.676,688204.28,1215942.354
600460.SH,2020-03-03,17.77,18.41,17.35,17.6,17.65,-0.05,-0.2833,794620.46,1429522.547
600460.SH,2020-03-04,17.4,17.83,17.0,17.55,17.6,-0.05,-0.2841,518520.43,902893.335
600460.SH,2020-03-05,17.86,17.94,17.08,17.6,17.55,0.05,0.2849,669146.31,1167029.733
600460.SH,2020-03-06,17.26,17.55,17.15,17.18,17.6,-0.42,-2.3864,399272.28,690476.747
600460.SH,2020-03-09,16.8,16.89,15.9,15.99,17.18,-1.19,-6.9267,566118.61,926197.415
600460.SH,2020-03-10,15.98,17.04,15.93,17.03,15.99,1.04,6.5041,682484.69,1127666.061
600460.SH,2020-03-11,17.03,17.28,16.39,16.43,17.03,-0.6,-3.5232,587515.88,989150.467
600460.SH,2020-03-12,16.06,16.88,16.01,16.67,16.43,0.24,1.4607,494123.9,820886.821
600460.SH,2020-03-13,15.9,17.13,15.81,16.84,16.67,0.17,1.0198,652939.57,1089019.583
600460.SH,2020-03-16,17.0,17.0,15.56,15.72,16.84,-1.12,-6.6508,604911.55,985391.319
600460.SH,2020-03-17,16.1,16.22,15.15,15.93,15.72,0.21,1.3359,407177.09,645786.89
600460.SH,2020-03-18,16.15,16.57,15.9,15.93,15.93,0.0,0.0,472714.45,766679.658
600460.SH,2020-03-19,16.05,16.55,15.91,16.54,15.93,0.61,3.8293,492289.85,800349.649
600460.SH,2020-03-20,16.7,16.75,16.16,16.39,16.54,-0.15,-0.9069,357130.77,584464.547
600460.SH,2020-03-23,15.92,16.11,15.2,15.4,16.39,-0.99,-6.0403,362835.81,570464.663
600460.SH,2020-03-24,15.7,15.83,14.85,15.48,15.4,0.08,0.5195,320701.73,493278.814
600460.SH,2020-03-25,15.82,15.88,15.45,15.64,15.48,0.16,1.0336,269273.18,422430.95
600460.SH,2020-03-26,15.5,15.76,15.29,15.29,15.64,-0.35,-2.2379,233795.25,361697.868
600460.SH,2020-03-27,15.48,15.51,15.05,15.07,15.29,-0.22,-1.4388,209362.31,319143.237
600460.SH,2020-03-30,14.8,14.8,14.3,14.55,15.07,-0.52,-3.4506,262718.37,381307.325
600460.SH,2020-03-31,14.79,14.97,14.37,14.45,14.55,-0.1,-0.6873,183041.67,268262.885
600460.SH,2020-04-01,14.4,14.84,14.23,14.53,14.45,0.08,0.5536,240050.13,352111.124
600460.SH,2020-04-02,14.5,15.3,14.43,15.3,14.53,0.77,5.2994,507055.38,765129.431
600460.SH,2020-04-03,15.25,15.25,14.87,14.91,15.3,-0.39,-2.549,333182.59,499124.606
600460.SH,2020-04-07,15.2,15.35,15.1,15.27,14.91,0.36,2.4145,309949.11,471990.037
600460.SH,2020-04-08,15.16,15.45,15.1,15.29,15.27,0.02,0.131,294395.85,450336.905
600460.SH,2020-04-09,15.4,15.45,15.21,15.26,15.29,-0.03,-0.1962,214949.84,328772.925
600460.SH,2020-04-10,15.2,15.2,14.53,14.61,15.26,-0.65,-4.2595,311833.62,461345.431
600460.SH,2020-04-13,14.57,14.58,14.3,14.32,14.61,-0.29,-1.9849,170688.2,245659.531
600460.SH,2020-04-14,14.4,14.7,14.4,14.7,14.32,0.38,2.6536,176906.95,257069.225
600460.SH,2020-04-15,14.7,15.13,14.58,14.72,14.7,0.02,0.1361,285015.31,422173.262
600460.SH,2020-04-16,14.68,14.86,14.4,14.73,14.72,0.01,0.0679,199109.34,292284.405
600460.SH,2020-04-17,14.83,15.14,14.72,14.74,14.73,0.01,0.0679,334855.89,500370.272
600460.SH,2020-04-20,14.77,14.89,14.59,14.82,14.74,0.08,0.5427,188551.82,278073.794
600460.SH,2020-04-21,14.7,14.73,14.36,14.58,14.82,-0.24,-1.6194,218823.77,318128.287
600460.SH,2020-04-22,14.5,14.74,14.43,14.64,14.58,0.06,0.4115,150764.3,220364.949
600460.SH,2020-04-23,14.69,14.7,14.35,14.37,14.64,-0.27,-1.8443,206027.57,297557.177
600460.SH,2020-04-24,14.38,14.47,14.0,14.04,14.37,-0.33,-2.2965,185586.95,262875.366
600460.SH,2020-04-27,14.02,14.14,13.8,13.93,14.04,-0.11,-0.7835,137742.14,192640.467
600460.SH,2020-04-28,13.85,14.07,13.28,13.73,13.93,-0.2,-1.4358,248065.47,341075.668
600460.SH,2020-04-29,13.77,13.87,13.38,13.41,13.73,-0.32,-2.3307,169377.48,230989.577
600460.SH,2020-04-30,13.64,14.24,13.59,14.18,13.41,0.77,5.742,347186.05,486911.663
600460.SH,2020-05-06,14.12,14.84,14.02,14.77,14.18,0.59,4.1608,426148.84,619327.22
600460.SH,2020-05-07,14.86,14.99,14.63,14.69,14.77,-0.08,-0.5416,323868.37,478187.85
600460.SH,2020-05-08,14.8,15.05,14.75,14.78,14.69,0.09,0.6127,285715.24,424576.133
600460.SH,2020-05-11,14.87,15.09,14.65,14.85,14.78,0.07,0.4736,320973.79,477516.927
600460.SH,2020-05-12,14.82,15.54,14.49,15.49,14.85,0.64,4.3098,567778.95,853192.966
600460.SH,2020-05-13,15.23,15.27,14.99,15.14,15.49,-0.35,-2.2595,381923.17,578316.992
600460.SH,2020-05-14,15.01,15.34,14.84,14.91,15.14,-0.23,-1.5192,337461.81,509121.088
600460.SH,2020-05-15,15.06,15.64,14.92,15.36,14.91,0.45,3.0181,633445.24,971613.015
600460.SH,2020-05-18,15.7,15.84,15.2,15.35,15.36,-0.01,-0.0651,580333.15,903146.204
600460.SH,2020-05-19,15.45,15.83,15.22,15.77,15.35,0.42,2.7362,546603.11,855677.298
600460.SH,2020-05-20,15.67,15.75,15.2,15.35,15.77,-0.42,-2.6633,432088.37,667938.471
600460.SH,2020-05-21,15.34,15.46,14.58,14.6,15.35,-0.75,-4.886,410553.44,612599.523
600460.SH,2020-05-22,14.54,14.72,14.13,14.28,14.6,-0.32,-2.1918,308163.44,443091.286
600460.SH,2020-05-25,14.25,14.4,14.1,14.18,14.28,-0.1,-0.7003,138484.79,196989.035
600460.SH,2020-05-26,14.28,14.46,14.24,14.43,14.18,0.25,1.763,157379.17,226389.435
600460.SH,2020-05-27,14.38,14.5,14.14,14.17,14.43,-0.26,-1.8018,166379.33,237296.56
600460.SH,2020-05-28,14.2,14.44,14.1,14.41,14.17,0.24,1.6937,189308.17,270605.809
600460.SH,2020-05-29,14.33,14.47,14.2,14.2,14.41,-0.21,-1.4573,154449.03,221314.94
600460.SH,2020-06-01,14.3,14.84,14.3,14.73,14.2,0.53,3.7324,281969.87,412883.965
600460.SH,2020-06-02,14.73,15.17,14.67,15.01,14.73,0.28,1.9009,366646.41,547419.729
600460.SH,2020-06-03,15.11,15.18,14.81,14.83,15.01,-0.18,-1.1992,314700.56,470916.502
600460.SH,2020-06-04,14.85,14.93,14.57,14.58,14.83,-0.25,-1.6858,200314.62,294879.139
600460.SH,2020-06-05,14.61,14.82,14.53,14.79,14.58,0.21,1.4403,183761.59,270102.259
600460.SH,2020-06-08,14.86,15.01,14.64,14.67,14.79,-0.12,-0.8114,202547.63,300224.97
600460.SH,2020-06-09,14.67,14.73,14.57,14.69,14.67,0.02,0.1363,145125.44,212612.284
600460.SH,2020-06-10,14.6,14.65,14.3,14.38,14.69,-0.31,-2.1103,198778.56,286120.971
600460.SH,2020-06-11,14.39,14.58,14.29,14.32,14.38,-0.06,-0.4172,167728.51,241580.137
600460.SH,2020-06-12,14.01,14.28,13.96,14.21,14.32,-0.11,-0.7682,200181.23,283467.761
600460.SH,2020-06-15,14.15,14.18,13.9,13.9,14.21,-0.31,-2.1816,265160.84,371506.671
600460.SH,2020-06-16,14.02,14.22,14.02,14.14,13.9,0.24,1.7266,158081.31,223216.339
600460.SH,2020-06-17,14.17,14.24,14.04,14.22,14.14,0.08,0.5658,165558.94,234025.517
600460.SH,2020-06-18,14.1,14.34,14.1,14.33,14.22,0.11,0.7736,187815.79,267897.385
600460.SH,2020-06-19,14.3,14.4,14.18,14.38,14.33,0.05,0.3489,184397.04,263711.82
600460.SH,2020-06-22,14.37,14.97,14.36,14.93,14.38,0.55,3.8248,508868.77,749387.428
600460.SH,2020-06-23,14.8,14.85,14.63,14.78,14.93,-0.15,-1.0047,277370.28,408336.318
600460.SH,2020-06-24,14.79,14.91,14.6,14.79,14.78,0.01,0.0677,267314.27,394844.017
600460.SH,2020-06-29,14.65,14.78,14.37,14.44,14.79,-0.35,-2.3665,207903.86,302356.337
600460.SH,2020-06-30,14.53,14.74,14.52,14.68,14.44,0.24,1.662,201988.35,295431.083
600460.SH,2020-07-01,14.75,15.07,14.63,14.92,14.68,0.24,1.6349,409616.95,609846.519
600460.SH,2020-07-02,14.95,15.34,14.81,15.21,14.92,0.29,1.9437,539540.88,818621.103
600460.SH,2020-07-03,15.22,15.36,15.02,15.29,15.21,0.08,0.526,447193.39,679991.114
600460.SH,2020-07-06,15.52,16.4,15.42,16.26,15.29,0.97,6.344,759118.15,1214313.987
600460.SH,2020-07-07,16.32,16.95,16.07,16.08,16.26,-0.18,-1.107,879554.74,1455751.26
600460.SH,2020-07-08,16.07,16.63,15.85,16.5,16.08,0.42,2.6119,614163.34,1000615.563
600460.SH,2020-07-09,16.31,17.47,16.29,17.38,16.5,0.88,5.3333,904108.8,1537955.815
600460.SH,2020-07-10,17.03,17.45,16.8,17.04,17.38,-0.34,-1.9563,740506.26,1264253.552
600460.SH,2020-07-27,16.61,18.0,15.52,17.16,17.04,0.12,0.7042,1118262.59,1886450.579
600460.SH,2020-07-28,16.93,17.28,16.18,16.29,17.16,-0.87,-5.0699,664865.24,1097421.076
600460.SH,2020-07-29,16.4,17.92,16.28,17.92,16.29,1.63,10.0061,422951.81,736435.417
600460.SH,2020-07-30,19.44,19.71,19.11,19.71,17.92,1.79,9.9888,1894647.06,3705674.735
600460.SH,2020-07-31,19.69,20.55,19.32,20.16,19.71,0.45,2.2831,1732929.23,3461410.381
600460.SH,2020-08-03,20.0,20.5,19.68,20.02,20.16,-0.14,-0.6944,1388586.62,2782416.972
600460.SH,2020-08-04,19.8,19.98,18.13,18.47,20.02,-1.55,-7.7423,1527593.86,2892836.889
600460.SH,2020-08-05,19.13,19.95,18.67,19.41,18.47,0.94,5.0893,1352880.18,2590344.236
600460.SH,2020-08-06,18.93,19.64,18.7,19.0,19.41,-0.41,-2.1123,831366.38,1590125.656
600460.SH,2020-08-07,18.8,18.96,17.83,18.19,19.0,-0.81,-4.2632,842026.69,1538085.134
600460.SH,2020-08-10,18.14,19.07,17.93,18.5,18.19,0.31,1.7042,696006.98,1300631.796
600460.SH,2020-08-11,18.36,18.86,17.95,18.0,18.5,-0.5,-2.7027,525660.56,964981.343
600460.SH,2020-08-12,18.15,18.91,17.91,18.86,18.0,0.86,4.7778,738563.24,1365335.793
600460.SH,2020-08-13,18.6,18.92,18.31,18.45,18.86,-0.41,-2.1739,468926.47,872766.087
600460.SH,2020-08-14,18.3,18.59,17.9,18.3,18.45,-0.15,-0.813,394608.54,718648.348
600460.SH,2020-08-17,18.8,19.35,18.38,18.89,18.3,0.59,3.224,632664.61,1191261.617
600460.SH,2020-08-18,18.77,19.2,18.53,18.65,18.89,-0.24,-1.2705,516623.68,971963.929
600460.SH,2020-08-19,18.47,18.48,17.55,17.57,18.65,-1.08,-5.7909,583669.65,1048968.124
600460.SH,2020-08-20,17.35,17.76,17.26,17.43,17.57,-0.14,-0.7968,260808.18,458215.847
600460.SH,2020-08-21,17.5,17.77,16.98,17.19,17.43,-0.24,-1.3769,322047.45,557629.814
600460.SH,2020-08-24,17.31,17.59,16.98,17.37,17.19,0.18,1.0471,256105.3,444427.625
600460.SH,2020-08-25,17.39,17.55,17.1,17.15,17.37,-0.22,-1.2666,213113.29,368257.864
600460.SH,2020-08-26,17.05,17.26,16.5,16.65,17.15,-0.5,-2.9155,313636.03,527848.847
600460.SH,2020-08-27,16.75,17.05,16.59,16.83,16.65,0.18,1.0811,215686.67,363058.505
600460.SH,2020-08-28,16.8,17.04,16.51,16.98,16.83,0.15,0.8913,233946.36,392374.618
600460.SH,2020-08-31,17.04,17.35,16.75,16.8,16.98,-0.18,-1.0601,278796.6,476273.47
600460.SH,2020-09-01,16.7,16.92,16.6,16.82,16.8,0.02,0.119,161677.7,271010.544
600460.SH,2020-09-02,16.96,17.0,16.61,16.66,16.82,-0.16,-0.9512,186482.8,312180.323
600460.SH,2020-09-03,16.7,16.79,16.28,16.46,16.66,-0.2,-1.2005,225078.42,371735.461
600460.SH,2020-09-04,16.76,17.35,16.75,17.29,16.46,0.83,5.0425,531392.84,913001.619
600460.SH,2020-09-07,17.6,18.13,17.18,17.26,17.29,-0.03,-0.1735,617443.78,1093827.969
600460.SH,2020-09-08,17.06,17.99,17.06,17.97,17.26,0.71,4.1136,558674.73,991818.549
600460.SH,2020-09-09,17.7,18.27,17.43,17.64,17.97,-0.33,-1.8364,568532.86,1016949.02
600460.SH,2020-09-10,17.82,17.92,16.62,16.71,17.64,-0.93,-5.2721,405707.54,697084.839
600460.SH,2020-09-11,16.75,17.15,16.63,17.04,16.71,0.33,1.9749,242376.37,410198.056
600460.SH,2020-09-14,17.09,17.68,17.07,17.47,17.04,0.43,2.5235,340630.44,593675.376
600460.SH,2020-09-15,17.31,17.5,17.0,17.47,17.47,0.0,0.0,300520.75,518368.332
600460.SH,2020-09-16,17.28,17.84,17.27,17.6,17.47,0.13,0.7441,318126.94,560669.34
600460.SH,2020-09-17,17.49,18.15,17.25,17.94,17.6,0.34,1.9318,455235.79,810499.345
600460.SH,2020-09-18,17.77,18.15,17.73,18.12,17.94,0.18,1.0033,417835.5,751347.936
600460.SH,2020-09-21,18.24,18.38,17.76,17.9,18.12,-0.22,-1.2141,324321.49,583630.163
600460.SH,2020-09-22,17.65,17.94,17.33,17.45,17.9,-0.45,-2.514,264034.24,465595.896
600460.SH,2020-09-23,17.51,17.7,17.29,17.56,17.45,0.11,0.6304,206017.76,361416.723
600460.SH,2020-09-24,17.3,17.85,17.21,17.69,17.56,0.13,0.7403,260111.46,456703.822
600460.SH,2020-09-25,17.8,17.84,17.18,17.23,17.69,-0.46,-2.6003,228438.25,397634.035
600460.SH,2020-09-28,17.04,17.04,16.3,16.37,17.23,-0.86,-4.9913,285290.06,473243.328
600460.SH,2020-09-29,16.4,16.67,16.38,16.48,16.37,0.11,0.672,146405.7,242313.076
600460.SH,2020-09-30,16.58,16.58,16.08,16.11,16.48,-0.37,-2.2451,161270.71,262915.268
600460.SH,2020-10-09,16.35,16.8,16.35,16.68,16.11,0.57,3.5382,188151.81,312566.741
600460.SH,2020-10-12,16.8,17.29,16.8,17.25,16.68,0.57,3.4173,248548.75,425381.214
600460.SH,2020-10-13,17.19,17.29,17.03,17.18,17.25,-0.07,-0.4058,181558.21,311714.805
600460.SH,2020-10-14,17.12,17.15,16.82,16.9,17.18,-0.28,-1.6298,162692.25,275889.229
600460.SH,2020-10-15,16.95,17.07,16.5,16.53,16.9,-0.37,-2.1893,192625.53,322340.216
600460.SH,2020-10-16,16.53,16.75,16.35,16.44,16.53,-0.09,-0.5445,142448.34,235065.14
600460.SH,2020-10-19,16.47,16.68,16.18,16.23,16.44,-0.21,-1.2774,134910.42,221398.239
600460.SH,2020-10-20,16.17,16.44,16.06,16.44,16.23,0.21,1.2939,112201.06,182420.088
600460.SH,2020-10-21,16.42,16.43,16.13,16.21,16.44,-0.23,-1.399,119704.85,194378.453
600460.SH,2020-10-22,16.15,16.37,16.02,16.19,16.21,-0.02,-0.1234,103001.12,166830.88
600460.SH,2020-10-23,16.18,16.33,16.13,16.21,16.19,0.02,0.1235,101485.48,164656.236
600460.SH,2020-10-26,16.19,16.47,16.11,16.38,16.21,0.17,1.0487,121316.76,198078.028
600460.SH,2020-10-27,16.28,16.38,14.74,15.1,16.38,-1.28,-7.8144,365172.22,562053.294
600460.SH,2020-10-28,15.24,15.3,14.89,15.1,15.1,0.0,0.0,155095.91,233438.787
600460.SH,2020-10-29,14.82,15.45,14.75,15.35,15.1,0.25,1.6556,150214.06,228677.031
600460.SH,2020-10-30,15.35,15.77,15.07,15.1,15.35,-0.25,-1.6287,180130.87,277301.93
600460.SH,2020-11-02,15.12,15.34,14.92,15.2,15.1,0.1,0.6623,142418.21,215866.122
600460.SH,2020-11-03,15.27,15.76,15.2,15.6,15.2,0.4,2.6316,159563.68,248382.942
600460.SH,2020-11-04,15.58,15.65,15.36,15.4,15.6,-0.2,-1.2821,113295.22,175330.229
600460.SH,2020-11-05,15.55,15.75,15.41,15.64,15.4,0.24,1.5584,142208.52,221870.795
600460.SH,2020-11-06,15.64,15.72,15.48,15.6,15.64,-0.04,-0.2558,139314.81,217184.683
600460.SH,2020-11-09,15.82,16.75,15.82,16.48,15.6,0.88,5.641,459628.57,752029.677
600460.SH,2020-11-10,16.46,16.5,16.06,16.2,16.48,-0.28,-1.699,236125.23,383687.574
600460.SH,2020-11-11,16.21,16.27,15.73,15.76,16.2,-0.44,-2.716,187711.35,298690.326
600460.SH,2020-11-12,15.9,16.03,15.63,15.74,15.76,-0.02,-0.1269,110649.19,174855.563
600460.SH,2020-11-13,15.74,15.87,15.61,15.86,15.74,0.12,0.7624,136587.63,215194.904
600460.SH,2020-11-16,15.86,15.9,15.5,15.56,15.86,-0.3,-1.8916,130288.38,203282.37
600460.SH,2020-11-17,15.56,15.89,15.18,15.89,15.56,0.33,2.1208,209743.79,325810.057
600460.SH,2020-11-18,15.78,15.98,15.7,15.82,15.89,-0.07,-0.4405,140740.67,222764.558
600460.SH,2020-11-19,15.82,16.14,15.67,15.95,15.82,0.13,0.8217,175881.72,281264.134
600460.SH,2020-11-20,15.88,16.03,15.65,15.75,15.95,-0.2,-1.2539,112510.74,177473.409
600460.SH,2020-11-23,15.67,16.0,15.53,16.0,15.75,0.25,1.5873,178781.81,281894.653
600460.SH,2020-11-24,16.0,16.27,15.95,15.99,16.0,-0.01,-0.0625,164229.49,264323.388
600460.SH,2020-11-25,16.14,16.27,15.98,15.98,15.99,-0.01,-0.0625,191360.87,308876.926
600460.SH,2020-11-26,16.0,16.26,16.0,16.18,15.98,0.2,1.2516,169729.28,274069.781
600460.SH,2020-11-27,16.08,16.31,15.89,16.16,16.18,-0.02,-0.1236,144333.97,232424.097
600460.SH,2020-11-30,16.22,16.35,15.98,16.09,16.16,-0.07,-0.4332,179518.67,290591.928
600460.SH,2020-12-01,16.1,16.25,16.05,16.2,16.09,0.11,0.6837,165528.45,267491.409
600460.SH,2020-12-02,16.2,17.82,16.15,17.82,16.2,1.62,10.0,911045.9,1571626.14
600460.SH,2020-12-03,18.4,19.15,18.19,18.55,17.82,0.73,4.0965,1252164.91,2331866.898
600460.SH,2020-12-04,19.19,20.41,19.19,20.41,18.55,1.86,10.027,1925517.97,3877877.376
600460.SH,2020-12-07,21.6,22.0,20.4,21.38,20.41,0.97,4.7526,1857539.27,3946317.517
600460.SH,2020-12-08,21.45,21.47,20.4,20.93,21.38,-0.45,-2.1048,1169651.06,2443630.251
600460.SH,2020-12-09,20.68,21.2,20.21,20.34,20.93,-0.59,-2.8189,1007339.71,2081339.139
600460.SH,2020-12-10,20.29,20.52,19.76,20.1,20.34,-0.24,-1.1799,851188.56,1710954.618
600460.SH,2020-12-11,20.09,20.17,19.33,19.88,20.1,-0.22,-1.0945,858332.86,1694691.008
600460.SH,2020-12-14,20.05,21.35,19.66,21.12,19.88,1.24,6.2374,1287145.38,2636693.848
600460.SH,2020-12-15,20.8,21.06,19.1,20.31,21.12,-0.81,-3.8352,1156067.77,2349243.38
600460.SH,2020-12-16,20.1,20.4,19.76,20.03,20.31,-0.28,-1.3786,471644.47,943325.504
600460.SH,2020-12-17,19.81,20.46,19.22,20.04,20.03,0.01,0.0499,510418.51,1017242.77
600460.SH,2020-12-18,20.5,20.68,19.55,19.65,20.04,-0.39,-1.9461,559571.34,1113533.409
600460.SH,2020-12-21,19.78,21.62,19.65,21.62,19.65,1.97,10.0254,630999.43,1345554.588
600460.SH,2020-12-22,22.2,23.3,21.6,21.62,21.62,0.0,0.0,1200467.54,2687869.042
600460.SH,2020-12-23,22.48,23.78,21.85,23.78,21.62,2.16,9.9907,925729.37,2105719.212
600460.SH,2020-12-24,24.78,25.31,22.86,23.31,23.78,-0.47,-1.9765,1115661.19,2697166.36
600460.SH,2020-12-25,23.31,23.88,22.7,23.62,23.31,0.31,1.3299,761155.47,1771380.473
600460.SH,2020-12-28,23.15,23.5,22.41,22.99,23.62,-0.63,-2.6672,644358.93,1476615.845
600460.SH,2020-12-29,22.82,25.29,22.71,25.29,22.99,2.3,10.0043,844907.84,2056330.591
600460.SH,2020-12-30,24.98,25.5,23.77,24.66,25.29,-0.63,-2.4911,941478.22,2327780.745
600460.SH,2020-12-31,25.0,26.33,24.52,25.0,24.66,0.34,1.3788,902563.2,2288175.373
600460.SH,2021-01-04,25.11,27.09,25.01,26.28,25.0,1.28,5.12,840146.65,2185894.039
600460.SH,2021-01-05,26.15,28.91,25.78,28.91,26.28,2.63,10.0076,947713.56,2554876.077
600460.SH,2021-01-06,28.98,30.18,28.21,28.68,28.91,-0.23,-0.7956,996456.81,2899886.206
600460.SH,2021-01-07,28.1,30.07,27.94,29.08,28.68,0.4,1.3947,798224.73,2330281.874
600460.SH,2021-01-08,29.0,30.8,28.25,29.14,29.08,0.06,0.2063,844491.48,2483409.516
600460.SH,2021-01-11,29.55,30.96,26.9,27.24,29.14,-1.9,-6.5202,1121237.64,3280108.049
600460.SH,2021-01-12,26.88,28.28,26.85,27.58,27.24,0.34,1.2482,821638.61,2268264.928
600460.SH,2021-01-13,27.73,29.19,27.1,28.76,27.58,1.18,4.2785,1035175.74,2905729.231
600460.SH,2021-01-14,28.4,30.17,25.88,25.88,28.76,-2.88,-10.0139,1214941.18,3343937.598
600460.SH,2021-01-15,25.35,27.0,25.2,26.65,25.88,0.77,2.9753,864981.56,2269517.603
600460.SH,2021-01-18,26.61,27.85,25.85,27.11,26.65,0.46,1.7261,651642.32,1756088.218
600460.SH,2021-01-19,26.73,27.11,25.15,25.6,27.11,-1.51,-5.5699,789883.82,2049381.666
600460.SH,2021-01-20,25.74,26.87,25.39,25.8,25.6,0.2,0.7813,576729.94,1498518.07
600460.SH,2021-01-21,25.74,27.6,25.39,27.2,25.8,1.4,5.4264,857511.29,2294233.252
600460.SH,2021-01-22,27.21,27.48,25.5,26.45,27.2,-0.75,-2.7574,659174.48,1733660.118
600460.SH,2021-01-25,25.78,25.8,24.4,25.15,26.45,-1.3,-4.9149,902984.37,2256836.208
600460.SH,2021-01-26,24.88,25.26,23.25,23.68,25.15,-1.47,-5.8449,809186.87,1947934.337
600460.SH,2021-01-27,23.67,24.11,22.87,23.76,23.68,0.08,0.3378,443224.52,1041463.295
600460.SH,2021-01-28,23.36,23.57,22.14,22.22,23.76,-1.54,-6.4815,491775.13,1118922.866
600460.SH,2021-01-29,22.5,23.24,21.77,22.44,22.22,0.22,0.9901,565391.32,1268815.079
600460.SH,2021-02-01,22.3,22.75,22.02,22.68,22.44,0.24,1.0695,354467.35,797416.337
600460.SH,2021-02-02,22.72,22.85,21.8,22.58,22.68,-0.1,-0.4409,400807.3,891492.453
600460.SH,2021-02-03,22.63,22.75,21.6,21.74,22.58,-0.84,-3.7201,484962.77,1070703.241
600460.SH,2021-02-04,21.23,23.91,20.75,23.91,21.74,2.17,9.9816,899948.56,2017056.331
600460.SH,2021-02-05,23.7,24.66,22.7,23.4,23.91,-0.51,-2.133,1111540.6,2615826.076
600460.SH,2021-02-08,23.6,24.78,23.18,24.01,23.4,0.61,2.6068,747051.79,1801243.178
600460.SH,2021-02-09,23.58,24.66,23.18,24.3,24.01,0.29,1.2078,655667.04,1573744.091
600460.SH,2021-02-10,24.5,25.16,24.01,24.6,24.3,0.3,1.2346,637715.66,1570853.449
600460.SH,2021-02-18,25.21,27.06,25.2,26.78,24.6,2.18,8.8618,1068633.28,2848768.774
600460.SH,2021-02-19,26.24,29.38,26.03,28.5,26.78,1.72,6.4227,971880.93,2674445.559
600460.SH,2021-02-22,28.5,29.66,27.29,27.83,28.5,-0.67,-2.3509,1058599.15,2997384.095
600460.SH,2021-02-23,27.13,29.0,25.86,28.23,27.83,0.4,1.4373,843398.53,2328860.87
600460.SH,2021-02-24,27.93,29.6,27.5,28.06,28.23,-0.17,-0.6022,773695.67,2211198.311
600460.SH,2021-02-25,28.1,28.48,26.76,27.34,28.06,-0.72,-2.5659,567458.61,1567815.563
600460.SH,2021-02-26,26.7,28.07,26.52,27.0,27.34,-0.34,-1.2436,530408.26,1452591.282
600460.SH,2021-03-01,28.3,29.7,27.45,29.7,27.0,2.7,10.0,945315.51,2731448.408
600460.SH,2021-03-02,29.73,30.9,29.31,30.1,29.7,0.4,1.3468,862556.02,2595340.443
600460.SH,2021-03-03,29.53,29.83,28.47,29.63,30.1,-0.47,-1.5615,671116.76,1957224.063
600460.SH,2021-03-04,29.2,30.12,27.0,27.5,29.63,-2.13,-7.1887,803215.01,2268341.841
600460.SH,2021-03-05,26.68,28.26,26.44,27.32,27.5,-0.18,-0.6545,434999.66,1187249.22
600460.SH,2021-03-08,27.7,28.15,25.81,26.02,27.32,-1.3,-4.7584,477553.23,1290143.649
600460.SH,2021-03-09,26.0,26.41,24.07,24.75,26.02,-1.27,-4.8809,560942.43,1410542.011
600460.SH,2021-03-10,25.29,25.3,24.21,24.7,24.75,-0.05,-0.202,338100.09,834861.883
600460.SH,2021-03-11,24.4,27.07,24.11,26.56,24.7,1.86,7.5304,582341.52,1502065.697
600460.SH,2021-03-12,26.5,26.71,25.88,26.32,26.56,-0.24,-0.9036,392856.69,1030083.85
600460.SH,2021-03-15,24.7,25.19,23.69,23.69,26.32,-2.63,-9.9924,682204.29,1641068.001
600460.SH,2021-03-16,23.01,24.0,22.48,23.5,23.69,-0.19,-0.802,533294.35,1234572.074
600460.SH,2021-03-17,23.5,24.04,23.21,23.6,23.5,0.1,0.4255,327331.62,775125.503
600460.SH,2021-03-18,23.5,23.92,23.11,23.64,23.6,0.04,0.1695,308560.25,727326.551
600460.SH,2021-03-19,23.18,24.17,22.85,24.13,23.64,0.49,2.0728,384374.33,906315.55
600460.SH,2021-03-22,24.0,24.14,23.22,23.89,24.13,-0.24,-0.9946,272346.98,649698.782
600460.SH,2021-03-23,23.95,24.7,23.5,24.08,23.89,0.19,0.7953,364239.5,880781.616
600460.SH,2021-03-24,23.75,23.92,22.88,23.33,24.08,-0.75,-3.1146,277112.53,647904.856
600460.SH,2021-03-25,23.05,23.89,23.05,23.3,23.33,-0.03,-0.1286,190376.68,448697.054
600460.SH,2021-03-26,23.3,24.1,23.05,23.86,23.3,0.56,2.4034,306131.71,724112.277
600460.SH,2021-03-29,24.3,24.7,23.99,23.99,23.86,0.13,0.5448,344659.95,839032.35
600460.SH,2021-03-30,23.98,24.41,23.66,23.94,23.99,-0.05,-0.2084,247655.09,595165.574
600460.SH,2021-03-31,23.86,24.4,23.33,24.23,23.94,0.29,1.2114,260421.62,621894.624
600460.SH,2021-04-01,24.6,26.65,24.57,26.65,24.23,2.42,9.9876,793124.24,2081054.059
600460.SH,2021-04-02,26.92,29.32,26.8,29.32,26.65,2.67,10.0188,999684.38,2846207.792
600460.SH,2021-04-06,30.6,30.65,29.11,30.2,29.32,0.88,3.0014,1059928.44,3173553.8
600460.SH,2021-04-07,30.0,30.18,28.68,29.57,30.2,-0.63,-2.0861,840374.52,2471322.226
600460.SH,2021-04-08,29.53,30.58,28.93,29.59,29.57,0.02,0.0676,690929.47,2048869.007
600460.SH,2021-04-09,29.4,30.0,28.69,28.74,29.59,-0.85,-2.8726,575682.75,1679274.789
600460.SH,2021-04-12,28.78,29.21,26.79,27.06,28.74,-1.68,-5.8455,760215.31,2112439.882
600460.SH,2021-04-13,27.4,28.14,26.92,27.1,27.06,0.04,0.1478,605132.75,1664570.289
600460.SH,2021-04-14,27.08,27.66,26.79,27.25,27.1,0.15,0.5535,417693.81,1136685.556
600460.SH,2021-04-15,27.13,28.26,26.31,28.24,27.25,0.99,3.633,619779.71,1692406.673
600460.SH,2021-04-16,28.01,28.09,26.84,27.09,28.24,-1.15,-4.0722,554382.06,1510519.443
600460.SH,2021-04-19,26.45,28.12,26.09,27.87,27.09,0.78,2.8793,612744.49,1671410.798
600460.SH,2021-04-20,27.4,27.5,26.8,26.9,27.87,-0.97,-3.4804,469151.25,1270852.038
600460.SH,2021-04-21,26.57,27.36,26.32,26.99,26.9,0.09,0.3346,379826.56,1021103.564
600460.SH,2021-04-22,27.7,29.69,27.3,29.69,26.99,2.7,10.0037,1139226.58,3317944.451
600460.SH,2021-04-23,29.69,29.69,28.61,28.84,29.69,-0.85,-2.8629,783891.83,2269464.123
600460.SH,2021-04-26,29.25,31.7,28.91,30.95,28.84,2.11,7.3162,1101873.57,3363886.397
600460.SH,2021-04-27,30.84,31.26,29.69,30.36,30.95,-0.59,-1.9063,710648.94,2158823.128
600460.SH,2021-04-28,30.36,31.04,29.1,30.92,30.36,0.56,1.8445,650294.01,1964317.13
600460.SH,2021-04-29,33.88,34.01,32.7,34.01,30.92,3.09,9.9935,586334.27,1969217.404
600460.SH,2021-04-30,35.0,36.98,34.7,36.01,34.01,2.0,5.8806,1261029.91,4513604.982
600460.SH,2021-05-06,36.0,38.1,35.88,36.7,36.01,0.69,1.9161,1028889.77,3799777.91
600460.SH,2021-05-07,36.99,37.44,33.03,33.03,36.7,-3.67,-10.0,1401905.61,4863678.855
600460.SH,2021-05-10,32.86,33.85,32.42,32.86,33.03,-0.17,-0.5147,757103.0,2496906.169
600460.SH,2021-05-11,32.81,33.84,31.79,33.77,32.86,0.91,2.7693,856857.89,2821438.687
600460.SH,2021-05-12,34.4,34.4,31.3,34.03,33.77,0.26,0.7699,943216.82,3104676.018
600460.SH,2021-05-13,33.0,37.43,32.8,36.6,34.03,2.57,7.5522,1376557.78,5045234.756
600460.SH,2021-05-14,36.5,37.3,35.17,36.71,36.6,0.11,0.3005,948223.03,3451662.017
600460.SH,2021-05-17,36.72,38.77,35.65,36.29,36.71,-0.42,-1.1441,823045.61,3035826.124
600460.SH,2021-05-18,35.94,37.59,35.71,37.0,36.29,0.71,1.9565,632454.33,2323848.698
600460.SH,2021-05-19,36.7,38.42,35.7,38.25,37.0,1.25,3.3784,813317.94,3021630.627
600460.SH,2021-05-20,37.6,38.09,36.12,36.3,38.25,-1.95,-5.098,698752.08,2589913.625
600460.SH,2021-05-21,36.99,37.49,36.11,36.3,36.3,0.0,0.0,551334.94,2023980.123
600460.SH,2021-05-24,35.95,39.21,35.3,38.28,36.3,1.98,5.4545,926993.84,3439824.809
600460.SH,2021-05-25,38.08,39.43,37.85,38.26,38.28,-0.02,-0.0522,826117.88,3180015.421
600460.SH,2021-05-26,38.19,38.87,36.76,36.99,38.26,-1.27,-3.3194,734176.28,2764923.639
600460.SH,2021-05-27,36.5,40.5,36.36,38.84,36.99,1.85,5.0014,1087183.52,4235174.78
600460.SH,2021-05-28,38.52,39.6,38.15,39.2,38.84,0.36,0.9269,770270.06,2996460.593
600460.SH,2021-05-31,39.8,40.35,38.91,39.59,39.2,0.39,0.9949,647081.78,2560368.068
600460.SH,2021-06-01,39.08,41.34,38.61,39.67,39.59,0.08,0.2021,760476.33,3057342.028
600460.SH,2021-06-02,39.17,39.99,37.39,38.28,39.67,-1.39,-3.5039,721076.76,2771328.875
600460.SH,2021-06-03,38.4,38.6,37.4,37.59,38.28,-0.69,-1.8025,477151.33,1815453.454
600460.SH,2021-06-04,37.14,39.16,37.14,38.88,37.59,1.29,3.4318,650700.14,2500057.991
600460.SH,2021-06-07,40.49,42.77,40.47,42.77,38.88,3.89,10.0051,1288497.75,5450715.565
600460.SH,2021-06-08,42.76,43.88,42.13,43.5,42.77,0.73,1.7068,901260.61,3883179.207
600460.SH,2021-06-09,42.7,45.21,42.3,43.38,43.5,-0.12,-0.2759,688765.65,3011821.414
600460.SH,2021-06-10,43.35,44.58,42.58,43.79,43.38,0.41,0.9451,724123.82,3154946.954
600460.SH,2021-06-11,44.0,44.44,41.91,42.78,43.79,-1.01,-2.3065,593562.67,2544441.381
600460.SH,2021-06-15,43.26,43.66,42.01,42.27,42.78,-0.51,-1.1921,535091.07,2286077.688
600460.SH,2021-06-16,43.33,44.66,41.9,42.33,42.27,0.06,0.1419,774501.9,3343508.723
600460.SH,2021-06-17,41.3,46.56,41.05,46.56,42.33,4.23,9.9929,1173035.66,5327590.139
600460.SH,2021-06-18,48.46,51.19,47.51,51.19,46.54,4.65,9.9914,1138711.59,5625236.896
600460.SH,2021-06-21,50.7,52.17,49.51,52.04,51.19,0.85,1.6605,833711.03,4250146.212
600460.SH,2021-06-22,52.71,53.05,49.88,52.26,52.04,0.22,0.4228,728131.17,3739475.698
600460.SH,2021-06-23,52.5,57.49,51.74,56.33,52.26,4.07,7.788,1088283.55,6092202.894
600460.SH,2021-06-24,55.0,57.45,54.61,56.65,56.33,0.32,0.5681,723339.84,4059590.896
600460.SH,2021-06-25,56.88,57.77,54.6,56.75,56.65,0.1,0.1765,687927.64,3852859.87
600460.SH,2021-06-28,56.57,59.33,56.2,57.62,56.75,0.87,1.533,741788.04,4268264.524
600460.SH,2021-06-29,57.1,58.03,54.78,56.35,57.62,-1.27,-2.2041,626939.99,3529595.276
600460.SH,2021-07-01,59.49,61.37,54.7,54.75,56.35,-1.6,-2.8394,876165.7,5054884.135
600460.SH,2021-07-02,54.0,59.46,52.51,57.33,54.75,2.58,4.7123,888011.77,5046036.69
600460.SH,2021-07-05,58.88,63.06,57.68,63.06,57.33,5.73,9.9948,877132.14,5275916.246
600460.SH,2021-07-06,65.0,65.3,56.75,59.49,63.06,-3.57,-5.6613,1508050.41,9141280.503
600460.SH,2021-07-07,57.0,59.4,54.16,59.16,59.49,-0.33,-0.5547,1057372.51,6032408.531
600460.SH,2021-07-08,58.1,64.0,57.6,63.1,59.16,3.94,6.6599,1096325.04,6700770.18
600460.SH,2021-07-09,62.1,63.15,59.63,62.35,63.1,-0.75,-1.1886,762384.42,4693238.273
600460.SH,2021-07-12,62.67,65.11,60.21,64.27,62.35,1.92,3.0794,862777.81,5439069.423
600460.SH,2021-07-13,63.0,65.09,59.18,60.58,64.27,-3.69,-5.7414,958443.15,5917607.517
600460.SH,2021-07-14,59.3,62.55,58.2,59.61,60.58,-0.97,-1.6012,735102.94,4424221.351
600460.SH,2021-07-15,58.71,60.39,57.51,59.91,59.61,0.3,0.5033,610747.11,3607392.425
600460.SH,2021-07-16,59.51,63.3,59.51,60.0,59.91,0.09,0.1502,828040.95,5110127.321
600460.SH,2021-07-19,58.52,58.9,54.35,55.17,60.0,-4.83,-8.05,960009.06,5411302.983
600460.SH,2021-07-20,54.5,57.86,54.2,57.56,55.17,2.39,4.3321,692999.07,3913968.674
600460.SH,2021-07-21,57.5,62.58,56.0,60.68,57.56,3.12,5.4204,973228.84,5823143.247
600460.SH,2021-07-22,62.0,65.37,59.8,64.03,60.68,3.35,5.5208,1100949.41,6922587.487
600460.SH,2021-07-23,63.45,65.8,61.93,63.59,64.03,-0.44,-0.6872,838169.08,5357746.323
600460.SH,2021-07-26,63.65,68.2,62.82,68.2,63.59,4.61,7.2496,1088239.8,7145773.896
600460.SH,2021-07-27,68.18,74.78,63.0,66.2,68.2,-2.0,-2.9326,1271884.98,8781462.333
600460.SH,2021-07-28,64.0,67.94,60.0,64.3,66.2,-1.9,-2.8701,838299.12,5367938.576
600460.SH,2021-07-29,66.05,69.89,64.54,69.72,64.3,5.42,8.4292,902612.12,6088386.849
600460.SH,2021-07-30,68.51,71.9,68.21,69.69,69.72,-0.03,-0.043,722646.38,5036305.551
600460.SH,2021-08-02,69.7,71.5,65.2,68.3,69.69,-1.39,-1.9945,759705.15,5175820.667
600460.SH,2021-08-03,66.38,68.5,61.74,62.32,68.3,-5.98,-8.7555,861478.7,5563393.283
600460.SH,2021-08-04,62.32,65.88,62.31,65.54,62.32,3.22,5.1669,608008.36,3938718.482
600460.SH,2021-08-05,65.56,68.27,63.67,66.71,65.54,1.17,1.7852,586470.59,3893963.638
600460.SH,2021-08-06,68.6,69.1,63.76,65.49,66.71,-1.22,-1.8288,585635.82,3855774.599
600460.SH,2021-08-09,63.39,63.4,60.55,61.99,65.49,-3.5,-5.3443,592707.1,3663866.343
600460.SH,2021-08-10,62.0,62.69,58.23,60.22,61.99,-1.77,-2.8553,681467.28,4107672.84
600460.SH,2021-08-11,60.52,63.0,58.38,62.99,60.22,2.77,4.5998,660085.42,4014580.647
600460.SH,2021-08-12,62.0,66.0,61.62,63.1,62.99,0.11,0.1746,612964.91,3913898.224
600460.SH,2021-08-13,62.0,63.1,60.5,60.8,63.1,-2.3,-3.645,457694.79,2813471.906
600460.SH,2021-08-16,59.9,64.1,59.68,63.57,60.8,2.77,4.5559,591910.45,3709116.753
600460.SH,2021-08-17,61.0,61.7,57.5,57.64,63.57,-5.93,-9.3283,943861.53,5567250.426
600460.SH,2021-08-18,57.65,58.85,56.0,57.01,57.64,-0.63,-1.093,589121.64,3380111.645
600460.SH,2021-08-19,57.0,59.28,56.45,58.1,57.01,1.09,1.9119,559430.4,3243703.614
600460.SH,2021-08-20,57.7,60.8,57.33,59.75,58.1,1.65,2.8399,672171.05,4007693.52
600460.SH,2021-08-23,59.59,60.54,58.45,59.7,59.75,-0.05,-0.0837,499497.56,2975784.867
600460.SH,2021-08-24,59.67,62.47,57.68,61.11,59.7,1.41,2.3618,691425.2,4177184.761
600460.SH,2021-08-25,61.21,61.98,59.66,59.74,61.11,-1.37,-2.2419,449713.7,2708768.073
600460.SH,2021-08-26,60.6,62.05,59.5,59.52,59.74,-0.22,-0.3683,545518.41,3323082.767
600460.SH,2021-08-27,58.4,60.3,58.02,59.58,59.52,0.06,0.1008,440754.2,2608693.221
600460.SH,2021-08-30,59.06,60.9,57.58,58.2,59.58,-1.38,-2.3162,505526.33,2985865.104
600460.SH,2021-08-31,57.2,57.29,52.68,54.8,58.2,-3.4,-5.8419,882732.91,4784242.923
600460.SH,2021-09-01,53.85,55.63,51.78,54.64,54.8,-0.16,-0.292,685440.5,3662015.58
600460.SH,2021-09-02,53.86,54.76,52.4,52.98,54.64,-1.66,-3.0381,473538.85,2527039.271
600460.SH,2021-09-03,52.8,54.88,52.53,53.3,52.98,0.32,0.604,529869.3,2844734.457
600460.SH,2021-09-06,53.73,56.88,52.83,56.16,53.3,2.86,5.3659,615424.44,3418498.413
600460.SH,2021-09-07,55.66,57.33,55.31,56.25,56.16,0.09,0.1603,386391.41,2186310.724
600460.SH,2021-09-08,55.96,57.68,55.64,56.73,56.25,0.48,0.8533,392668.64,2223604.802
600460.SH,2021-09-09,56.3,56.47,53.96,55.08,56.73,-1.65,-2.9085,373077.49,2051329.761
600460.SH,2021-09-10,55.31,60.36,55.0,59.87,55.08,4.79,8.6964,734607.37,4270538.6
600460.SH,2021-09-13,59.0,60.55,58.4,58.53,59.87,-1.34,-2.2382,462485.07,2731103.159
600460.SH,2021-09-14,58.0,60.4,58.0,58.63,58.53,0.1,0.1709,443378.87,2629279.43
600460.SH,2021-09-15,57.67,58.59,55.85,57.98,58.63,-0.65,-1.1086,385881.5,2211354.126
600460.SH,2021-09-16,57.08,57.85,53.03,54.51,57.98,-3.47,-5.9848,525087.7,2879094.068
600460.SH,2021-09-17,53.95,55.17,53.6,54.59,54.51,0.08,0.1468,255057.31,1385959.41
600460.SH,2021-09-22,53.5,58.5,53.19,57.96,54.59,3.37,6.1733,493693.75,2819924.419
600460.SH,2021-09-23,58.75,62.45,57.06,61.21,57.96,3.25,5.6073,647022.22,3920961.542
600460.SH,2021-09-24,61.21,62.13,59.5,61.24,61.21,0.03,0.049,409345.6,2497519.006
600460.SH,2021-09-27,61.29,62.55,58.46,58.99,61.24,-2.25,-3.6741,467956.58,2808475.282
600460.SH,2021-09-28,58.02,61.16,57.18,58.33,58.99,-0.66,-1.1188,346421.09,2047256.321
600460.SH,2021-09-29,57.75,58.72,55.82,56.55,58.33,-1.78,-3.0516,315583.97,1798234.359
600460.SH,2021-09-30,56.6,58.25,55.7,57.09,56.55,0.54,0.9549,281703.39,1613742.994
600460.SH,2021-10-08,58.59,59.99,56.05,56.4,57.09,-0.69,-1.2086,379540.35,2185140.733
600460.SH,2021-10-11,56.0,58.23,55.0,55.18,56.4,-1.22,-2.1631,355518.12,2005696.854
600460.SH,2021-10-12,54.8,55.66,52.32,53.05,55.18,-2.13,-3.8601,355634.92,1913244.283
600460.SH,2021-10-13,53.05,56.66,53.05,56.5,53.05,3.45,6.5033,392734.5,2160723.299
600460.SH,2021-10-14,55.92,56.96,55.5,55.8,56.5,-0.7,-1.2389,222682.72,1248205.233
600460.SH,2021-10-15,55.8,61.38,55.54,61.38,55.8,5.58,10.0,818198.49,4913736.698
600460.SH,2021-10-18,61.38,64.57,60.56,62.05,61.38,0.67,1.0916,707045.94,4410773.108
600460.SH,2021-10-19,63.0,64.01,61.38,62.92,62.05,0.87,1.4021,402972.8,2531109.894
600460.SH,2021-10-20,63.49,63.55,61.8,62.33,62.92,-0.59,-0.9377,365587.76,2291117.103
600460.SH,2021-10-21,62.85,62.86,58.8,59.45,62.33,-2.88,-4.6206,536256.03,3214186.85
600460.SH,2021-10-22,60.29,61.9,59.26,60.8,59.45,1.35,2.2708,517598.16,3145367.913
600460.SH,2021-10-25,60.4,62.51,59.7,62.5,60.8,1.7,2.7961,450819.13,2773266.655
600460.SH,2021-10-26,62.59,63.12,60.5,62.05,62.5,-0.45,-0.72,412937.28,2549063.907
600460.SH,2021-10-27,61.98,62.63,60.2,60.77,62.05,-1.28,-2.0629,343341.61,2103523.398
600460.SH,2021-10-28,60.77,62.8,59.18,59.96,60.77,-0.81,-1.3329,477226.47,2915685.261
600460.SH,2021-10-29,59.63,63.0,59.35,61.67,59.96,1.71,2.8519,587467.29,3627304.007
600460.SH,2021-11-01,60.05,64.32,57.32,58.58,61.67,-3.09,-5.0105,888884.41,5378833.93
600460.SH,2021-11-02,59.11,64.25,59.11,63.0,58.58,4.42,7.5452,957814.04,5984000.29
600460.SH,2021-11-03,62.89,63.89,59.58,61.0,63.0,-2.0,-3.1746,760556.53,4673966.79
600460.SH,2021-11-04,61.3,66.66,61.0,65.58,61.0,4.58,7.5082,812985.94,5283328.847
600460.SH,2021-11-05,67.46,67.6,64.7,64.9,65.58,-0.68,-1.0369,525772.2,3462026.853
600460.SH,2021-11-08,64.5,66.37,62.5,65.23,64.9,0.33,0.5085,509709.07,3286778.207
600460.SH,2021-11-09,65.0,66.5,63.1,64.97,65.23,-0.26,-0.3986,531489.04,3443016.669
600460.SH,2021-11-10,64.44,65.66,63.65,65.12,64.97,0.15,0.2309,463343.92,3000930.388
600460.SH,2021-11-11,64.49,69.99,63.88,68.05,65.12,2.93,4.4994,769070.54,5160960.576
600460.SH,2021-11-12,66.99,68.23,65.3,67.13,68.05,-0.92,-1.3519,609754.78,4064327.678
600460.SH,2021-11-15,67.88,69.95,66.48,66.75,67.13,-0.38,-0.5661,632495.12,4330462.977
600460.SH,2021-11-16,63.2,65.0,61.41,62.29,66.75,-4.46,-6.6816,751799.35,4735748.089
600460.SH,2021-11-17,61.81,63.45,61.81,63.25,62.29,0.96,1.5412,367274.2,2301991.524
600460.SH,2021-11-18,62.84,64.0,62.5,62.89,63.25,-0.36,-0.5692,254373.64,1601328.656
600460.SH,2021-11-19,63.0,63.48,61.56,62.02,62.89,-0.87,-1.3834,311911.91,1943736.209
600460.SH,2021-11-22,62.27,65.94,61.7,65.0,62.02,2.98,4.8049,577798.31,3721744.35
600460.SH,2021-11-23,65.2,65.85,63.68,63.9,65.0,-1.1,-1.6923,377991.16,2442231.775
600460.SH,2021-11-24,63.93,65.0,62.88,63.12,63.9,-0.78,-1.2207,365207.44,2323789.781
600460.SH,2021-11-25,62.0,63.46,61.0,61.16,63.12,-1.96,-3.1052,400880.64,2484158.381
600460.SH,2021-11-26,60.1,60.77,59.01,60.06,61.16,-1.1,-1.7986,370471.05,2219004.327
600460.SH,2021-11-29,59.1,60.93,59.03,59.57,60.06,-0.49,-0.8159,325255.23,1943702.713
600460.SH,2021-11-30,62.0,63.3,61.12,62.07,59.57,2.5,4.1967,586726.74,3663341.375
600460.SH,2021-12-01,61.62,65.5,61.62,62.9,62.07,0.83,1.3372,568471.56,3612550.492
600460.SH,2021-12-02,62.5,63.49,61.3,62.61,62.9,-0.29,-0.461,338358.16,2112636.747
600460.SH,2021-12-03,62.9,63.63,62.03,62.64,62.61,0.03,0.0479,313652.98,1970606.379
600460.SH,2021-12-06,62.21,62.9,60.9,61.06,62.64,-1.58,-2.5223,264638.11,1632408.633
600460.SH,2021-12-07,61.65,61.8,59.32,60.3,61.06,-0.76,-1.2447,258194.43,1554745.251
600460.SH,2021-12-08,60.72,61.66,60.29,61.29,60.3,0.99,1.6418,281905.83,1722445.401
600460.SH,2021-12-09,61.9,63.3,61.9,62.85,61.29,1.56,2.5453,460041.51,2889358.805
600460.SH,2021-12-10,62.01,64.8,61.9,63.0,62.85,0.15,0.2387,405165.92,2565149.999
600460.SH,2021-12-13,62.55,63.7,61.32,62.98,63.0,-0.02,-0.0317,303764.54,1894291.965
600460.SH,2021-12-14,62.51,62.58,61.2,61.73,62.98,-1.25,-1.9848,268083.44,1651574.97
600460.SH,2021-12-15,61.74,62.09,60.45,60.75,61.73,-0.98,-1.5876,193365.37,1180886.035
600460.SH,2021-12-16,61.04,61.36,59.3,59.61,60.75,-1.14,-1.8765,282228.7,1692947.036
600460.SH,2021-12-17,59.36,59.36,56.3,56.83,59.61,-2.78,-4.6636,391433.13,2249131.72
600460.SH,2021-12-20,56.0,56.65,54.43,54.46,56.83,-2.37,-4.1703,311481.36,1720907.118
600460.SH,2021-12-21,54.47,55.24,53.78,54.93,54.46,0.47,0.863,217397.66,1188609.458
600460.SH,2021-12-22,55.1,56.0,54.19,54.58,54.93,-0.35,-0.6372,313384.46,1723747.887
600460.SH,2021-12-23,54.9,55.12,54.37,54.52,54.58,-0.06,-0.1099,189788.94,1037376.53
600460.SH,2021-12-24,54.65,54.78,52.83,53.48,54.52,-1.04,-1.9076,251256.36,1349273.763
600460.SH,2021-12-27,53.34,53.66,52.01,52.9,53.48,-0.58,-1.0845,210147.37,1108958.348
600460.SH,2021-12-28,53.33,54.46,53.33,54.44,52.9,1.54,2.9112,224378.84,1208602.959
600460.SH,2021-12-29,54.45,54.52,53.2,53.23,54.44,-1.21,-2.2226,170523.24,913261.709
600460.SH,2021-12-30,52.9,54.24,52.8,53.81,53.23,0.58,1.0896,174580.42,940440.938
600460.SH,2021-12-31,53.82,54.41,53.15,54.2,53.81,0.39,0.7248,182652.4,986413.805
600460.SH,2022-01-04,54.49,54.8,52.35,52.5,54.2,-1.7,-3.1365,234991.59,1244521.711
600460.SH,2022-01-05,52.5,52.56,48.48,49.9,52.5,-2.6,-4.9524,380863.64,1907693.061
600460.SH,2022-01-06,48.88,50.5,48.88,49.9,49.9,0.0,0.0,191047.81,954213.787
600460.SH,2022-01-07,50.15,51.0,49.22,50.26,49.9,0.36,0.7214,225234.67,1130122.973
600460.SH,2022-01-10,49.91,50.55,48.5,49.72,50.26,-0.54,-1.0744,154770.4,766600.348
600460.SH,2022-01-11,49.38,49.72,47.99,48.05,49.72,-1.67,-3.3588,209813.4,1020295.246
600460.SH,2022-01-12,48.76,49.85,48.59,49.55,48.05,1.5,3.1217,206324.13,1016748.141
600460.SH,2022-01-13,49.58,49.64,48.55,48.77,49.55,-0.78,-1.5742,112932.87,552488.344
600460.SH,2022-01-14,48.45,49.83,48.42,49.39,48.77,0.62,1.2713,170439.9,841573.292
600460.SH,2022-01-17,49.22,51.0,49.15,50.93,49.39,1.54,3.118,233084.66,1177866.57
600460.SH,2022-01-18,50.68,52.8,50.41,52.11,50.93,1.18,2.3169,256613.26,1332987.666
600460.SH,2022-01-19,51.52,51.86,50.8,51.33,52.11,-0.78,-1.4968,131504.42,673556.095
600460.SH,2022-01-20,51.26,52.22,50.69,51.4,51.33,0.07,0.1364,155165.48,802898.798
600460.SH,2022-01-21,51.0,51.69,49.42,49.65,51.4,-1.75,-3.4047,164773.39,829217.235
600460.SH,2022-01-24,50.0,52.73,50.0,52.45,49.65,2.8,5.6395,387108.14,2004677.398
600460.SH,2022-01-25,52.02,53.93,52.01,52.49,52.45,0.04,0.0763,338734.88,1800259.017
600460.SH,2022-01-26,52.5,53.89,52.5,53.55,52.49,1.06,2.0194,255642.19,1365699.334
600460.SH,2022-01-27,53.02,53.6,52.09,52.1,53.55,-1.45,-2.7077,184964.6,976425.082
600460.SH,2022-01-28,52.77,52.9,49.7,50.59,52.1,-1.51,-2.8983,211205.97,1085293.378
600460.SH,2022-02-07,52.0,53.0,51.55,52.24,50.59,1.65,3.2615,191176.76,1001491.646
600460.SH,2022-02-08,52.25,52.25,49.88,51.0,52.24,-1.24,-2.3737,198219.69,1006543.827
600460.SH,2022-02-09,50.9,52.46,49.9,52.09,51.0,1.09,2.1373,189829.27,972075.386
600460.SH,2022-02-10,52.39,53.5,51.6,52.94,52.09,0.85,1.6318,217264.2,1144396.993
600460.SH,2022-02-11,52.11,52.35,50.72,50.98,52.94,-1.96,-3.7023,206597.15,1062929.643
600460.SH,2022-02-14,50.0,50.49,48.88,49.2,50.98,-1.78,-3.4916,184295.62,913186.639
600460.SH,2022-02-15,49.26,50.6,49.26,50.41,49.2,1.21,2.4593,178182.88,891770.669
600460.SH,2022-02-16,50.65,50.9,49.35,49.66,50.41,-0.75,-1.4878,160067.07,800252.059
600460.SH,2022-02-17,49.68,52.28,49.5,51.2,49.66,1.54,3.1011,256425.41,1304872.164
600460.SH,2022-02-18,50.3,51.28,50.19,50.77,51.2,-0.43,-0.8398,127734.1,647933.47
600460.SH,2022-02-21,50.77,51.2,49.63,50.08,50.77,-0.69,-1.3591,152308.2,763489.874
600460.SH,2022-02-22,50.6,53.0,49.65,52.73,50.08,2.65,5.2915,387703.61,2006941.236
600460.SH,2022-02-23,52.73,55.5,52.4,55.5,52.73,2.77,5.2532,489230.69,2666281.685
600460.SH,2022-02-24,55.39,56.88,54.45,56.22,55.5,0.72,1.2973,506088.34,2821672.037
600460.SH,2022-02-25,57.6,58.41,55.7,56.15,56.22,-0.07,-0.1245,337323.79,1916209.025
600460.SH,2022-02-28,56.0,57.55,55.52,56.99,56.15,0.84,1.496,255943.6,1454662.333
600460.SH,2022-03-01,56.9,57.6,56.47,57.12,56.99,0.13,0.2281,199941.77,1140694.603
600460.SH,2022-03-02,56.68,56.94,55.7,56.6,57.12,-0.52,-0.9104,183564.08,1033018.234
600460.SH,2022-03-03,57.03,57.36,54.97,55.08,56.6,-1.52,-2.6855,195709.72,1090552.369
600460.SH,2022-03-04,54.6,57.43,54.48,55.93,55.08,0.85,1.5432,259559.73,1462838.83
600460.SH,2022-03-07,55.32,56.0,54.21,54.73,55.93,-1.2,-2.1455,161948.91,891193.683
600460.SH,2022-03-08,54.79,57.4,54.16,56.0,54.73,1.27,2.3205,327541.05,1831858.892
600460.SH,2022-03-09,56.31,57.88,55.08,57.6,56.0,1.6,2.8571,423317.51,2411354.386
600460.SH,2022-03-10,59.1,59.63,57.75,57.78,57.6,0.18,0.3125,434877.32,2556608.99
600460.SH,2022-03-11,56.5,58.87,56.5,58.0,57.78,0.22,0.3808,270838.75,1564883.117
600460.SH,2022-03-14,57.88,58.2,56.59,56.67,58.0,-1.33,-2.2931,170097.43,972082.423
600460.SH,2022-03-15,56.01,58.06,55.07,55.64,56.67,-1.03,-1.8175,255852.49,1451136.517
600460.SH,2022-03-16,56.9,59.4,55.88,59.28,55.64,3.64,6.5421,436321.14,2512498.936
600460.SH,2022-03-17,60.3,61.69,58.01,58.4,59.28,-0.88,-1.4845,475184.35,2862685.089
600460.SH,2022-03-18,58.04,59.6,57.85,58.95,58.4,0.55,0.9418,207307.82,1220343.922
600460.SH,2022-03-21,58.95,58.98,57.48,58.74,58.95,-0.21,-0.3562,235742.74,1370198.26
600460.SH,2022-03-22,58.01,58.27,56.95,57.06,58.74,-1.68,-2.8601,193363.47,1109063.986
600460.SH,2022-03-23,57.0,57.03,54.54,55.13,57.06,-1.93,-3.3824,315072.65,1740154.491
600460.SH,2022-03-24,54.5,54.88,53.16,53.87,55.13,-1.26,-2.2855,227612.82,1226041.73
600460.SH,2022-03-25,54.45,54.9,53.46,53.51,53.87,-0.36,-0.6683,165568.78,896666.339
600460.SH,2022-03-28,52.32,54.31,52.08,54.13,53.51,0.62,1.1587,144846.32,774961.059
600460.SH,2022-03-29,53.56,53.9,50.44,51.2,54.13,-2.93,-5.4129,408773.85,2113538.044
600460.SH,2022-03-30,51.2,51.8,50.8,51.46,51.2,0.26,0.5078,228815.74,1173946.992
600460.SH,2022-03-31,51.0,51.05,48.15,48.5,51.46,-2.96,-5.752,363852.11,1786996.349
600460.SH,2022-04-01,48.3,48.8,47.52,47.78,48.5,-0.72,-1.4845,255485.26,1230127.85
600460.SH,2022-04-06,47.7,47.7,43.88,44.5,47.78,-3.28,-6.8648,531401.09,2396281.988
600460.SH,2022-04-07,44.49,44.59,42.9,43.1,44.5,-1.4,-3.1461,361855.02,1577084.242
600460.SH,2022-04-08,43.36,43.78,42.32,42.68,43.1,-0.42,-0.9745,301832.17,1298143.437
600460.SH,2022-04-11,41.94,42.76,40.56,40.67,42.68,-2.01,-4.7095,271849.34,1124330.168
600460.SH,2022-04-12,40.5,41.24,39.76,41.14,40.67,0.47,1.1556,252862.01,1026920.587
600460.SH,2022-04-13,40.7,41.06,39.5,39.55,41.14,-1.59,-3.8649,226078.96,911454.86
600460.SH,2022-04-14,40.31,41.69,39.28,41.17,39.55,1.62,4.0961,394582.87,1599383.36
600460.SH,2022-04-15,40.16,41.68,40.08,40.6,41.17,-0.57,-1.3845,262648.85,1071794.845
600460.SH,2022-04-18,40.85,44.66,40.83,44.66,40.6,4.06,10.0,547968.97,2356544.102
600460.SH,2022-04-19,44.0,44.75,43.5,44.2,44.66,-0.46,-1.03,432866.22,1906977.27
600460.SH,2022-04-20,44.16,44.8,43.32,43.38,44.2,-0.82,-1.8552,283900.3,1244044.768
600460.SH,2022-04-21,43.09,44.39,42.5,43.2,43.38,-0.18,-0.4149,343730.74,1495745.063
600460.SH,2022-04-22,42.5,43.5,40.1,41.99,43.2,-1.21,-2.8009,384481.42,1610618.243
600460.SH,2022-04-25,40.35,41.5,38.94,39.03,41.99,-2.96,-7.0493,323316.28,1301412.624
600460.SH,2022-04-26,39.5,39.5,36.79,37.04,39.03,-1.99,-5.0986,332447.66,1272016.791
600460.SH,2022-04-27,36.26,40.44,35.78,39.97,37.04,2.93,7.9104,402355.6,1543330.709
600460.SH,2022-04-28,39.34,40.4,38.89,39.59,39.97,-0.38,-0.9507,247595.59,976766.722
600460.SH,2022-04-29,40.4,42.6,39.02,42.0,39.59,2.41,6.0874,466060.76,1897919.19
600460.SH,2022-05-05,41.02,43.19,40.73,42.07,42.0,0.07,0.1667,352212.73,1477118.451
600460.SH,2022-05-06,40.53,41.79,40.1,40.81,42.07,-1.26,-2.995,232468.56,950088.687
600460.SH,2022-05-09,40.4,41.35,40.25,40.83,40.81,0.02,0.049,154698.03,630920.727
600460.SH,2022-05-10,40.0,43.8,39.97,42.75,40.83,1.92,4.7024,378793.49,1610539.225
600460.SH,2022-05-11,42.59,45.37,42.53,43.77,42.75,1.02,2.386,469834.73,2083070.229
600460.SH,2022-05-12,43.44,44.97,43.33,44.13,43.77,0.36,0.8225,289541.36,1275411.311
600460.SH,2022-05-13,44.5,44.96,43.51,44.4,44.13,0.27,0.6118,222079.64,981922.002
600460.SH,2022-05-16,44.9,45.2,43.56,43.81,44.4,-0.59,-1.3288,186446.55,825711.827
600460.SH,2022-05-17,43.82,46.32,43.55,46.08,43.81,2.27,5.1815,390265.46,1773566.143
600460.SH,2022-05-18,46.44,46.88,45.54,46.14,46.08,0.06,0.1302,311436.44,1441026.532
600460.SH,2022-05-19,45.22,47.36,45.12,47.2,46.14,1.06,2.2974,303599.4,1413881.253
600460.SH,2022-05-20,47.18,47.43,46.5,47.01,47.2,-0.19,-0.4025,205873.84,966368.718
600460.SH,2022-05-23,47.01,47.44,46.12,47.15,47.01,0.14,0.2978,204784.98,959474.428
600460.SH,2022-05-24,46.72,47.49,45.05,45.16,47.15,-1.99,-4.2206,253608.12,1173471.04
600460.SH,2022-05-25,45.15,46.16,44.26,44.82,45.16,-0.34,-0.7529,212646.0,956041.161
600460.SH,2022-05-26,44.82,44.95,43.52,43.99,44.82,-0.83,-1.8519,268552.13,1184818.045
600460.SH,2022-05-27,44.6,45.1,43.35,43.85,43.99,-0.14,-0.3183,202929.65,896122.486
600460.SH,2022-05-30,44.19,44.85,43.53,44.49,43.85,0.64,1.4595,217068.78,963168.507
600460.SH,2022-05-31,44.5,45.3,43.37,45.1,44.49,0.61,1.3711,292296.0,1297542.467
600460.SH,2022-06-01,44.8,45.8,44.61,44.92,45.1,-0.18,-0.3991,229382.4,1035079.286
600460.SH,2022-06-02,44.58,46.89,44.43,46.6,44.92,1.68,3.74,355342.32,1641019.309
600460.SH,2022-06-06,46.7,48.68,46.33,48.47,46.6,1.87,4.0129,372520.35,1770623.408
600460.SH,2022-06-07,48.4,48.9,47.42,47.5,48.47,-0.97,-2.0012,271024.93,1302257.017
600460.SH,2022-06-08,47.28,47.95,46.4,47.17,47.5,-0.33,-0.6947,237999.2,1122555.919
600460.SH,2022-06-09,47.0,47.7,45.88,46.2,47.17,-0.97,-2.0564,208354.39,971093.424
600460.SH,2022-06-10,45.62,46.68,45.52,46.55,46.2,0.35,0.7576,282030.11,1303997.714
600460.SH,2022-06-13,46.06,46.47,44.66,45.61,46.55,-0.94,-2.0193,309897.38,1411353.236
600460.SH,2022-06-14,45.08,45.2,42.1,44.03,45.61,-1.58,-3.4642,383951.95,1668853.396
600460.SH,2022-06-15,44.03,46.5,44.0,45.58,44.03,1.55,3.5203,371964.62,1694322.073
600460.SH,2022-06-16,45.68,47.45,45.0,46.59,45.58,1.01,2.2159,323720.7,1511211.189
600460.SH,2022-06-17,46.0,46.86,44.92,45.93,46.59,-0.66,-1.4166,308237.3,1410706.844
600460.SH,2022-06-20,45.93,47.29,45.78,46.48,45.93,0.55,1.1975,291019.29,1355012.199
600460.SH,2022-06-21,46.39,46.95,45.5,46.01,46.48,-0.47,-1.0112,225411.02,1038548.593
600460.SH,2022-06-22,46.18,46.38,44.0,44.19,46.01,-1.82,-3.9557,251599.26,1131452.079
600460.SH,2022-06-23,44.0,45.66,43.94,45.56,44.19,1.37,3.1002,270739.61,1215471.826
600460.SH,2022-06-24,45.55,47.28,45.5,46.39,45.56,0.83,1.8218,323848.27,1506517.871
600460.SH,2022-06-27,46.69,47.55,46.18,46.99,46.39,0.6,1.2934,328248.39,1543879.486
600460.SH,2022-06-28,47.0,51.69,45.9,50.84,46.99,3.85,8.1932,665632.5,3256764.22
600460.SH,2022-06-29,50.89,53.3,50.28,50.55,50.84,-0.29,-0.5704,797988.37,4116094.248
600460.SH,2022-06-30,50.3,53.2,49.69,52.0,50.55,1.45,2.8684,578232.08,2972224.449
600460.SH,2022-07-01,51.91,52.28,50.9,51.03,52.0,-0.97,-1.8654,288907.56,1485017.913
600460.SH,2022-07-04,50.0,50.09,48.5,49.11,51.03,-1.92,-3.7625,392102.34,1929156.96
600460.SH,2022-07-05,49.17,49.94,48.03,48.9,49.11,-0.21,-0.4276,300930.35,1472974.332
600460.SH,2022-07-06,49.18,50.99,48.46,50.18,48.9,1.28,2.6176,412258.69,2063179.683
600460.SH,2022-07-07,50.18,51.38,49.33,50.78,50.18,0.6,1.1957,314526.95,1585590.915
600460.SH,2022-07-08,51.75,52.2,50.6,50.87,50.78,0.09,0.1772,336321.99,1733339.152
600460.SH,2022-07-11,50.39,50.39,48.35,48.81,50.87,-2.06,-4.0495,245382.73,1206915.656
600460.SH,2022-07-12,48.9,49.24,47.21,47.21,48.81,-1.6,-3.278,207661.51,998242.415
600460.SH,2022-07-13,47.02,47.8,45.75,46.57,47.11,-0.54,-1.1463,167082.53,777459.987
600460.SH,2022-07-14,46.47,47.49,46.31,46.89,46.57,0.32,0.6871,188648.12,885642.573
600460.SH,2022-07-15,46.77,49.23,46.31,48.15,46.89,1.26,2.6871,285753.62,1378510.502
600460.SH,2022-07-18,48.18,48.5,46.63,47.27,48.15,-0.88,-1.8276,199749.89,942897.106
600460.SH,2022-07-19,47.22,47.57,45.81,46.33,47.27,-0.94,-1.9886,225720.99,1048550.675
600460.SH,2022-07-20,46.79,47.63,46.33,46.48,46.33,0.15,0.3238,231261.93,1086951.298
600460.SH,2022-07-21,46.5,47.97,45.79,47.32,46.48,0.84,1.8072,277325.71,1312594.308
600460.SH,2022-07-22,47.32,47.5,45.41,45.62,47.32,-1.7,-3.5926,246566.26,1136448.929
600460.SH,2022-07-25,45.45,45.48,44.05,44.18,45.62,-1.44,-3.1565,152485.06,679657.525
600460.SH,2022-07-26,44.2,44.75,43.77,44.69,44.18,0.51,1.1544,111654.99,495069.613
600460.SH,2022-07-27,44.5,44.84,43.6,43.61,44.69,-1.08,-2.4166,176938.33,778941.356
600460.SH,2022-07-28,44.0,44.64,43.8,43.92,43.61,0.31,0.7108,240831.72,1064909.589
600460.SH,2022-07-29,43.9,43.91,41.46,41.6,43.92,-2.32,-5.2823,398569.19,1678888.695
600460.SH,2022-08-01,41.15,41.58,40.02,41.45,41.6,-0.15,-0.3606,274199.86,1124732.847
600460.SH,2022-08-02,40.55,41.39,39.2,40.66,41.45,-0.79,-1.9059,287532.58,1167645.378
600460.SH,2022-08-03,40.7,43.29,40.57,42.45,40.66,1.79,4.4024,436303.97,1827981.198
600460.SH,2022-08-04,42.55,43.34,42.31,42.65,42.45,0.2,0.4711,273067.81,1169799.963
600460.SH,2022-08-05,42.6,46.92,42.29,46.92,42.65,4.27,10.0117,748276.01,3406254.436
600460.SH,2022-08-08,47.06,48.29,45.71,46.19,46.92,-0.73,-1.5558,625761.8,2921236.465
600460.SH,2022-08-09,45.8,46.65,44.64,46.64,46.19,0.45,0.9742,437185.18,1982389.832
600460.SH,2022-08-10,45.4,46.59,45.08,45.3,46.64,-1.34,-2.8731,319719.57,1463867.256
600460.SH,2022-08-11,45.3,46.35,45.23,45.33,45.3,0.03,0.0662,289475.83,1320319.918
600460.SH,2022-08-12,45.34,45.79,44.53,44.53,45.33,-0.8,-1.7648,238688.18,1077288.296
600460.SH,2022-08-15,44.68,45.19,44.22,44.48,44.53,-0.05,-0.1123,190160.23,849400.6
600460.SH,2022-08-16,44.26,44.54,43.44,43.7,44.48,-0.78,-1.7536,248569.9,1091024.157
600460.SH,2022-08-17,43.66,44.3,43.08,44.11,43.7,0.41,0.9382,225228.45,985671.381
600460.SH,2022-08-18,44.0,45.2,43.5,44.91,44.11,0.8,1.8136,309329.99,1380116.601
600460.SH,2022-08-19,44.6,45.65,43.19,43.19,44.91,-1.72,-3.8299,238680.75,1057359.728
600460.SH,2022-08-22,43.14,43.59,42.46,42.77,43.19,-0.42,-0.9724,163199.67,699176.204
600460.SH,2022-08-23,42.66,43.43,41.57,41.93,42.77,-0.84,-1.964,249883.06,1057045.775
600460.SH,2022-08-24,41.7,42.18,40.71,40.79,41.93,-1.14,-2.7188,209765.69,864659.08
600460.SH,2022-08-25,40.83,41.21,39.84,41.17,40.79,0.38,0.9316,192051.88,776836.202
600460.SH,2022-08-26,41.4,41.61,41.0,41.03,41.17,-0.14,-0.3401,133290.83,550451.747
600460.SH,2022-08-29,40.06,41.22,39.9,40.57,41.03,-0.46,-1.1211,124920.37,506908.608
600460.SH,2022-08-30,40.57,41.5,40.5,40.73,40.57,0.16,0.3944,122394.15,500477.205
600460.SH,2022-08-31,40.71,41.02,39.56,39.66,40.73,-1.07,-2.6271,157455.26,630851.594
600460.SH,2022-09-01,39.63,40.29,39.2,39.3,39.66,-0.36,-0.9077,120853.6,479633.338
600460.SH,2022-09-02,39.5,40.3,39.29,39.94,39.3,0.64,1.6285,130137.45,519447.997
600460.SH,2022-09-05,39.94,40.33,39.08,40.1,39.94,0.16,0.4006,114309.66,454373.12
600460.SH,2022-09-06,40.19,40.75,40.04,40.53,40.1,0.43,1.0723,136546.67,551886.019
600460.SH,2022-09-07,40.7,41.65,40.54,41.2,40.53,0.67,1.6531,197226.52,813310.989
600460.SH,2022-09-08,41.2,41.22,40.0,40.02,41.2,-1.18,-2.8641,138785.93,561292.128
600460.SH,2022-09-09,40.01,40.77,39.62,40.56,40.02,0.54,1.3493,118426.12,474465.732
600460.SH,2022-09-13,40.9,41.11,40.12,40.18,40.56,-0.38,-0.9369,109185.54,442937.201
600460.SH,2022-09-14,39.7,40.14,39.5,39.73,40.18,-0.45,-1.12,110801.48,440270.041
600460.SH,2022-09-15,39.85,39.95,38.0,38.28,39.73,-1.45,-3.6496,172944.68,670446.744
600460.SH,2022-09-16,38.0,38.77,37.02,37.02,38.28,-1.26,-3.2915,150559.03,571350.812
600460.SH,2022-09-19,37.1,37.77,36.3,36.68,37.02,-0.34,-0.9184,131809.66,487851.458
600460.SH,2022-09-20,36.98,37.12,36.41,36.83,36.68,0.15,0.4089,105189.89,386753.86
600460.SH,2022-09-21,36.66,36.8,35.9,36.29,36.83,-0.54,-1.4662,117344.22,425405.548
600460.SH,2022-09-22,35.99,36.55,35.55,35.8,36.29,-0.49,-1.3502,157605.13,567167.099
600460.SH,2022-09-23,35.75,36.06,33.58,33.69,35.8,-2.11,-5.8939,299619.74,1028155.69
600460.SH,2022-09-26,33.6,34.19,33.34,33.51,33.69,-0.18,-0.5343,195367.07,659387.131
600460.SH,2022-09-27,33.51,34.06,33.17,33.95,33.51,0.44,1.313,204594.22,689517.799
600460.SH,2022-09-28,33.8,33.9,32.56,32.58,33.95,-1.37,-4.0353,219651.55,728224.62
600460.SH,2022-09-29,33.02,33.26,32.58,32.73,32.58,0.15,0.4604,150311.32,494874.09
600460.SH,2022-09-30,32.65,32.89,32.05,32.05,32.73,-0.68,-2.0776,117749.19,381674.349
600460.SH,2022-10-10,32.0,32.0,30.14,30.22,32.05,-1.83,-5.7098,216652.61,665858.755
600460.SH,2022-10-11,30.35,30.74,29.82,30.5,30.22,0.28,0.9265,142679.77,433193.452
600460.SH,2022-10-12,30.63,31.62,30.21,31.55,30.5,1.05,3.4426,229046.77,709104.984
600460.SH,2022-10-13,31.25,31.75,31.18,31.25,31.55,-0.3,-0.9509,154035.3,485153.16
600460.SH,2022-10-14,31.7,32.22,31.26,32.17,31.25,0.92,2.944,193440.38,616264.212
600460.SH,2022-10-17,31.3,32.61,31.0,32.35,32.17,0.18,0.5595,245247.09,785815.703
600460.SH,2022-10-18,32.61,32.7,31.78,31.98,32.35,-0.37,-1.1437,163758.62,524733.348
600460.SH,2022-10-19,31.99,32.42,31.5,31.52,31.98,-0.46,-1.4384,161786.07,516384.988
600460.SH,2022-10-20,31.15,34.26,31.08,33.33,31.52,1.81,5.7424,495971.38,1631737.222
600460.SH,2022-10-21,32.98,32.98,31.9,32.0,33.33,-1.33,-3.9904,340968.37,1096686.216
600460.SH,2022-10-24,31.93,33.1,31.13,31.59,32.0,-0.41,-1.2813,258266.81,832153.168
600460.SH,2022-10-25,31.28,31.97,31.01,31.4,31.59,-0.19,-0.6015,174806.63,550739.859
600460.SH,2022-10-26,31.46,32.66,31.19,32.27,31.4,0.87,2.7707,246215.98,790044.809
600460.SH,2022-10-27,32.26,32.85,31.92,32.25,32.27,-0.02,-0.062,267424.08,866513.801
600460.SH,2022-10-28,32.07,32.72,30.56,30.91,32.25,-1.34,-4.155,283316.58,900770.211
600460.SH,2022-10-31,29.7,31.77,29.28,31.4,30.91,0.49,1.5852,234707.15,727481.406
600460.SH,2022-11-01,31.51,32.0,30.89,32.0,31.4,0.6,1.9108,206176.7,651463.709
600460.SH,2022-11-02,31.95,33.15,31.85,32.44,32.0,0.44,1.375,261881.95,852821.256
600460.SH,2022-11-03,32.19,34.77,32.02,34.38,32.44,1.94,5.9803,452445.51,1517379.166
600460.SH,2022-11-04,34.4,34.93,33.8,34.59,34.38,0.21,0.6108,387222.82,1329554.958
600460.SH,2022-11-07,34.43,35.1,34.05,34.16,34.59,-0.43,-1.2431,246805.29,850133.983
600460.SH,2022-11-08,34.32,34.58,33.39,33.73,34.16,-0.43,-1.2588,182910.43,617504.985
600460.SH,2022-11-09,33.85,33.96,33.33,33.42,33.73,-0.31,-0.9191,135595.59,455562.153
600460.SH,2022-11-10,33.41,34.06,33.33,33.47,33.42,0.05,0.1496,207694.6,699166.71
600460.SH,2022-11-11,34.5,34.65,33.56,33.58,33.47,0.11,0.3287,261510.64,892563.643
600460.SH,2022-11-14,33.6,35.33,33.13,35.31,33.58,1.73,5.1519,433516.52,1500390.586
600460.SH,2022-11-15,35.0,38.68,34.85,37.83,35.31,2.52,7.1368,691041.45,2548270.7
600460.SH,2022-11-16,37.3,38.11,36.9,37.11,37.83,-0.72,-1.9033,343979.99,1286563.712
600460.SH,2022-11-17,36.75,39.12,36.31,38.96,37.11,1.85,4.9852,488812.09,1843581.728
600460.SH,2022-11-18,38.38,39.09,37.6,37.78,38.96,-1.18,-3.0287,307947.61,1179975.952
600460.SH,2022-11-21,37.3,38.1,36.72,37.05,37.78,-0.73,-1.9322,190491.53,709389.193
600460.SH,2022-11-22,37.0,38.64,36.73,37.32,37.05,0.27,0.7287,244592.72,923081.345
600460.SH,2022-11-23,36.99,37.53,36.18,36.68,37.32,-0.64,-1.7149,176855.97,649792.232
600460.SH,2022-11-24,36.98,36.98,35.88,35.98,36.68,-0.7,-1.9084,159710.98,580962.244
600460.SH,2022-11-25,35.9,36.76,35.57,35.61,35.98,-0.37,-1.0283,151033.77,544132.009
600460.SH,2022-11-28,34.52,35.48,34.28,35.14,35.61,-0.47,-1.3199,125716.75,440157.122
600460.SH,2022-11-29,35.2,36.73,35.2,36.27,35.14,1.13,3.2157,189356.52,682797.774
600460.SH,2022-11-30,36.09,36.75,35.86,36.6,36.27,0.33,0.9098,157284.19,571546.108
600460.SH,2022-12-01,36.98,37.31,36.38,36.54,36.6,-0.06,-0.1639,188550.14,695237.37
600460.SH,2022-12-02,36.17,36.85,35.96,35.97,36.54,-0.57,-1.5599,129624.92,470274.856
600460.SH,2022-12-05,36.23,36.46,35.68,36.46,35.97,0.49,1.3622,148086.84,534302.511
600460.SH,2022-12-06,36.5,37.62,36.45,37.2,36.46,0.74,2.0296,249592.21,927811.958
600460.SH,2022-12-07,37.02,37.23,36.64,36.85,37.2,-0.35,-0.9409,140820.52,519079.661
600460.SH,2022-12-08,36.58,36.94,35.72,35.74,36.85,-1.11,-3.0122,148377.6,537963.753
600460.SH,2022-12-09,35.98,36.77,35.97,36.32,35.74,0.58,1.6228,149271.91,542632.834
600460.SH,2022-12-12,36.06,37.76,35.78,37.14,36.32,0.82,2.2577,255526.56,947823.326
600460.SH,2022-12-13,36.93,37.46,36.54,37.14,37.14,0.0,0.0,161594.04,598253.646
600460.SH,2022-12-14,38.67,39.1,37.21,37.26,37.14,0.12,0.3231,326327.94,1241578.884
600460.SH,2022-12-15,37.04,38.28,36.78,37.55,37.26,0.29,0.7783,251546.17,950807.809
600460.SH,2022-12-16,37.0,37.25,36.32,36.67,37.55,-0.88,-2.3435,174881.73,639754.24
600460.SH,2022-12-19,36.24,36.5,35.1,35.23,36.67,-1.44,-3.9269,136600.52,487720.597
600460.SH,2022-12-20,35.1,35.83,35.05,35.27,35.23,0.04,0.1135,77873.13,275991.603
600460.SH,2022-12-21,35.27,35.67,34.11,34.39,35.27,-0.88,-2.495,108742.73,378269.192
600460.SH,2022-12-22,34.6,34.75,33.75,33.96,34.39,-0.43,-1.2504,98174.07,336394.312
600460.SH,2022-12-23,33.73,33.96,32.37,32.84,33.96,-1.12,-3.298,146404.3,484330.792
600460.SH,2022-12-26,32.84,34.33,32.71,33.88,32.84,1.04,3.1669,150627.89,509613.268
600460.SH,2022-12-27,33.9,34.07,33.46,33.99,33.88,0.11,0.3247,99512.06,336499.544
600460.SH,2022-12-28,33.72,33.92,33.25,33.35,33.99,-0.64,-1.8829,72316.8,242006.467
600460.SH,2022-12-29,33.48,33.64,33.0,33.04,33.35,-0.31,-0.9295,84551.58,281227.457
600460.SH,2022-12-30,33.39,33.55,32.62,32.79,33.04,-0.25,-0.7567,98647.05,324790.448
600460.SH,2023-01-03,32.79,33.29,32.44,33.25,32.79,0.46,1.4029,108655.3,358490.434
600460.SH,2023-01-04,33.12,33.81,32.73,33.01,33.25,-0.24,-0.7218,122970.4,408404.904
600460.SH,2023-01-05,32.9,33.36,32.0,32.28,33.01,-0.73,-2.2115,355381.73,1156434.9
600460.SH,2023-01-06,32.02,33.1,31.64,32.88,32.28,0.6,1.8587,270849.79,885553.826
600460.SH,2023-01-09,32.98,33.88,32.81,33.2,32.88,0.32,0.9732,194184.52,646307.938
600460.SH,2023-01-10,33.2,33.85,33.11,33.6,33.2,0.4,1.2048,186511.61,626384.527
600460.SH,2023-01-11,33.6,34.2,33.1,33.11,33.6,-0.49,-1.4583,176957.93,594499.695
600460.SH,2023-01-12,33.2,33.33,32.7,32.97,33.11,-0.14,-0.4228,92704.39,305638.105
600460.SH,2023-01-13,33.08,33.25,32.63,33.18,32.97,0.21,0.6369,91610.55,301698.585
600460.SH,2023-01-16,32.92,34.29,32.82,34.0,33.18,0.82,2.4714,220816.67,744994.105
600460.SH,2023-01-17,34.14,36.59,34.0,35.32,34.0,1.32,3.8824,366370.63,1301162.292
600460.SH,2023-01-18,35.23,35.5,34.8,35.01,35.32,-0.31,-0.8777,155566.81,546318.583
600460.SH,2023-01-19,35.05,35.75,34.9,35.65,35.01,0.64,1.828,170314.32,603558.486
600460.SH,2023-01-20,35.72,35.77,35.42,35.66,35.65,0.01,0.0281,128548.77,457680.264
600460.SH,2023-01-30,36.4,36.47,35.78,35.82,35.66,0.16,0.4487,173420.04,624190.521
600460.SH,2023-01-31,35.7,35.98,35.18,35.33,35.82,-0.49,-1.368,148510.93,526014.836
600460.SH,2023-02-01,35.46,36.3,35.42,35.98,35.33,0.65,1.8398,171551.59,615058.489
600460.SH,2023-02-02,36.34,37.03,36.09,36.41,35.98,0.43,1.1951,260992.5,953670.101
600460.SH,2023-02-03,36.41,36.98,35.6,36.3,36.41,-0.11,-0.3021,178483.31,646795.19
600460.SH,2023-02-06,36.02,36.38,35.61,35.72,36.3,-0.58,-1.5978,124299.07,445920.303
600460.SH,2023-02-07,35.86,36.0,35.31,35.52,35.72,-0.2,-0.5599,131413.6,467653.145
600460.SH,2023-02-08,35.59,36.08,35.21,35.23,35.52,-0.29,-0.8164,121431.55,432144.408
600460.SH,2023-02-09,35.2,36.99,34.92,36.88,35.23,1.65,4.6835,317127.01,1150410.858
600460.SH,2023-02-10,36.88,37.18,36.21,36.55,36.88,-0.33,-0.8948,188916.43,693551.418
600460.SH,2023-02-13,36.44,36.9,36.18,36.62,36.55,0.07,0.1915,173611.21,633912.143
600460.SH,2023-02-14,36.62,37.31,36.21,36.42,36.62,-0.2,-0.5461,192180.06,705197.384
600460.SH,2023-02-15,36.34,36.57,35.91,36.49,36.42,0.07,0.1922,160970.79,584173.918
600460.SH,2023-02-16,36.44,36.97,35.32,35.62,36.49,-0.87,-2.3842,260213.61,941532.217
600460.SH,2023-02-17,35.42,35.7,34.16,34.21,35.62,-1.41,-3.9585,233922.17,813642.481
600460.SH,2023-02-20,34.2,34.57,33.8,34.46,34.21,0.25,0.7308,163785.25,559478.67
600460.SH,2023-02-21,34.37,34.81,34.0,34.32,34.46,-0.14,-0.4063,147236.63,505856.973
600460.SH,2023-02-22,34.05,34.43,33.8,34.03,34.32,-0.29,-0.845,125193.15,425826.136
600460.SH,2023-02-23,34.03,34.18,33.81,34.1,34.03,0.07,0.2057,113629.03,386062.468
600460.SH,2023-02-24,34.38,34.45,33.71,33.91,34.1,-0.19,-0.5572,138079.64,469968.067
600460.SH,2023-02-27,33.5,33.79,33.15,33.42,33.91,-0.49,-1.445,118288.91,395649.171
600460.SH,2023-02-28,33.5,33.77,33.2,33.71,33.42,0.29,0.8677,101990.02,341826.739
600460.SH,2023-03-01,33.69,34.09,33.55,34.09,33.71,0.38,1.1273,123501.61,418427.456
600460.SH,2023-03-02,34.12,34.27,33.65,33.67,34.09,-0.42,-1.232,121542.42,412376.62
600460.SH,2023-03-03,34.15,34.61,33.82,34.28,33.67,0.61,1.8117,219180.24,750747.719
600460.SH,2023-03-06,34.29,34.6,33.84,34.4,34.28,0.12,0.3501,158203.07,541498.115
600460.SH,2023-03-07,34.3,34.33,33.31,33.31,34.4,-1.09,-3.1686,146190.71,493970.51
600460.SH,2023-03-08,33.17,33.68,33.1,33.5,33.31,0.19,0.5704,102106.3,341078.899
600460.SH,2023-03-09,33.51,34.3,33.51,33.93,33.5,0.43,1.2836,165502.95,563144.576
600460.SH,2023-03-10,33.75,34.26,33.34,33.69,33.93,-0.24,-0.7073,159667.09,540891.633
600460.SH,2023-03-13,33.52,33.76,32.9,33.13,33.69,-0.56,-1.6622,134924.74,448043.731
600460.SH,2023-03-14,33.01,34.82,32.6,34.59,33.13,1.46,4.4069,383618.84,1302985.715
600460.SH,2023-03-15,34.7,35.09,34.3,34.6,34.59,0.01,0.0289,249011.35,863460.903
600460.SH,2023-03-16,34.18,35.35,34.11,34.78,34.6,0.18,0.5202,308851.75,1077126.895
600460.SH,2023-03-17,35.08,35.26,34.61,34.96,34.78,0.18,0.5175,298910.15,1045541.2
600460.SH,2023-03-20,34.9,35.88,34.43,35.59,34.96,0.63,1.8021,332456.85,1174692.516
600460.SH,2023-03-21,35.51,35.86,35.23,35.55,35.59,-0.04,-0.1124,201797.92,715781.273
600460.SH,2023-03-22,35.5,35.6,34.81,35.26,35.55,-0.29,-0.8158,231946.43,815632.135
600460.SH,2023-03-23,34.98,36.5,34.9,36.35,35.26,1.09,3.0913,476464.78,1711714.698
600460.SH,2023-03-24,36.4,36.62,35.8,36.37,36.35,0.02,0.055,356660.86,1291368.28
600460.SH,2023-03-27,36.23,36.49,35.38,35.68,36.37,-0.69,-1.8972,256737.85,921869.588
600460.SH,2023-03-28,35.66,35.69,34.8,34.81,35.68,-0.87,-2.4383,197722.89,693485.073
600460.SH,2023-03-29,34.89,36.41,34.53,35.89,34.81,1.08,3.1026,393000.33,1398710.172
600460.SH,2023-03-30,35.89,36.69,35.58,35.99,35.89,0.1,0.2786,367721.87,1329873.235
600460.SH,2023-03-31,37.1,38.07,36.66,37.01,35.99,1.02,2.8341,732544.37,2735527.574
600460.SH,2023-04-03,37.11,37.72,36.8,37.52,37.01,0.51,1.378,622671.83,2327108.691
600460.SH,2023-04-04,37.5,38.83,37.21,38.05,37.52,0.53,1.4126,757979.31,2896628.82
600460.SH,2023-04-06,38.06,41.86,38.06,41.19,38.05,3.14,8.2523,1226710.47,4983128.392
600460.SH,2023-04-07,41.5,41.71,40.4,41.36,41.19,0.17,0.4127,799982.54,3282311.521
600460.SH,2023-04-10,41.35,41.36,39.31,39.32,41.36,-2.04,-4.9323,669019.23,2692435.237
600460.SH,2023-04-11,39.32,40.02,38.66,39.66,39.32,0.34,0.8647,480451.48,1891380.072
600460.SH,2023-04-12,39.46,40.38,38.91,40.14,39.66,0.48,1.2103,469084.02,1869503.017
600460.SH,2023-04-13,39.65,39.88,38.0,38.02,40.14,-2.12,-5.2815,480940.94,1870105.094
600460.SH,2023-04-14,38.34,39.68,37.5,39.46,38.02,1.44,3.7875,521958.91,2019470.524
600460.SH,2023-04-17,39.12,39.67,38.5,38.65,39.46,-0.81,-2.0527,326072.9,1267435.314
600460.SH,2023-04-18,38.41,38.41,37.4,37.74,38.65,-0.91,-2.3545,366422.19,1386677.562
600460.SH,2023-04-19,37.87,38.38,37.64,37.79,37.74,0.05,0.1325,305167.37,1159540.532
600460.SH,2023-04-20,37.31,38.49,37.21,37.86,37.79,0.07,0.1852,333926.45,1265733.28
600460.SH,2023-04-21,37.66,37.67,35.3,35.34,37.86,-2.52,-6.6561,453838.86,1646287.968
600460.SH,2023-04-24,35.34,35.49,33.57,33.9,35.34,-1.44,-4.0747,413548.53,1418411.529
600460.SH,2023-04-25,33.93,34.1,32.6,32.93,33.9,-0.97,-2.8614,300009.84,997116.795
600460.SH,2023-04-26,32.77,33.29,32.06,33.04,32.93,0.11,0.334,268258.88,879136.424
600460.SH,2023-04-27,32.9,33.42,32.66,32.8,33.04,-0.24,-0.7264,213318.3,703801.534
600460.SH,2023-04-28,32.6,33.2,32.47,32.9,32.8,0.1,0.3049,220008.52,722901.408
600460.SH,2023-05-04,32.76,33.45,32.65,33.29,32.9,0.39,1.1854,187600.86,622451.78
600460.SH,2023-05-05,33.39,33.75,32.88,33.1,33.29,-0.19,-0.5707,150872.77,500590.01
600460.SH,2023-05-08,33.3,33.53,32.92,33.35,33.1,0.25,0.7553,135528.03,451154.523
600460.SH,2023-05-09,33.42,34.35,33.13,33.94,33.35,0.59,1.7691,229515.37,776715.41
600460.SH,2023-05-10,33.74,34.5,33.62,34.37,33.94,0.43,1.2669,172428.69,589455.651
600460.SH,2023-05-11,34.49,34.68,34.0,34.03,34.37,-0.34,-0.9892,137570.55,470578.125
600460.SH,2023-05-12,33.88,34.2,32.59,32.63,33.93,-1.3,-3.8314,186404.07,619035.987
600460.SH,2023-05-15,32.38,33.33,32.25,33.26,32.63,0.63,1.9307,115961.66,381612.557
600460.SH,2023-05-16,33.26,33.77,32.92,33.27,33.26,0.01,0.0301,133348.26,444554.103
600460.SH,2023-05-17,33.11,33.68,33.01,33.29,33.27,0.02,0.0601,96772.14,323248.482
600460.SH,2023-05-18,33.3,33.5,32.78,32.87,33.29,-0.42,-1.2616,125756.71,415512.041
600460.SH,2023-05-19,32.8,33.51,32.8,33.38,32.87,0.51,1.5516,162992.87,542401.331
600460.SH,2023-05-22,33.5,33.69,33.02,33.28,33.38,-0.1,-0.2996,94866.15,315331.216
600460.SH,2023-05-23,33.2,33.2,32.75,32.76,33.28,-0.52,-1.5625,86649.24,285485.676
600460.SH,2023-05-24,32.6,33.22,32.38,32.76,32.76,0.0,0.0,105886.49,348396.638
600460.SH,2023-05-25,32.82,33.07,32.7,33.05,32.76,0.29,0.8852,96482.52,317340.534
600460.SH,2023-05-26,33.05,33.41,32.87,33.32,33.05,0.27,0.8169,113236.12,376106.285
600460.SH,2023-05-29,33.34,33.58,32.82,32.85,33.32,-0.47,-1.4106,131072.97,434541.42
600460.SH,2023-05-30,32.75,32.77,30.44,31.68,32.85,-1.17,-3.5616,324944.42,1017590.57
600460.SH,2023-05-31,31.4,32.73,31.33,31.95,31.68,0.27,0.8523,202947.8,651123.632
600460.SH,2023-06-01,31.95,32.38,31.18,31.97,31.95,0.02,0.0626,161354.43,513785.103
600460.SH,2023-06-02,32.08,32.46,31.73,32.2,31.97,0.23,0.7194,130196.94,418384.033
600460.SH,2023-06-05,32.15,32.65,31.86,31.94,32.2,-0.26,-0.8075,125738.45,404710.339
600460.SH,2023-06-06,31.75,31.75,30.65,30.78,31.94,-1.16,-3.6318,160144.16,498963.331
600460.SH,2023-06-07,30.78,31.07,30.28,30.37,30.78,-0.41,-1.332,129069.93,394263.022
600460.SH,2023-06-08,30.3,30.3,29.73,29.92,30.37,-0.45,-1.4817,131396.7,393482.191
600460.SH,2023-06-09,29.88,30.12,29.4,30.12,29.92,0.2,0.6684,181989.21,541275.866
600460.SH,2023-06-12,30.12,30.22,29.8,29.88,30.12,-0.24,-0.7968,122048.03,365339.726
600460.SH,2023-06-13,29.89,30.68,29.66,30.65,29.88,0.77,2.577,176026.99,533332.719
600460.SH,2023-06-14,30.59,30.65,30.26,30.46,30.65,-0.19,-0.6199,108165.51,329503.163
600460.SH,2023-06-15,30.41,30.85,30.38,30.77,30.46,0.31,1.0177,127072.07,389326.727
600460.SH,2023-06-16,30.65,31.16,30.58,31.14,30.77,0.37,1.2025,133170.02,412272.659
600460.SH,2023-06-19,31.14,31.29,30.82,30.93,31.14,-0.21,-0.6744,150839.95,468485.977
600460.SH,2023-06-20,30.92,31.74,30.83,31.49,30.93,0.56,1.8105,219506.59,690467.497
600460.SH,2023-06-21,31.35,31.42,30.34,30.35,31.49,-1.14,-3.6202,148895.64,458310.497
600460.SH,2023-06-26,30.19,30.6,29.68,29.97,30.35,-0.38,-1.2521,137024.93,412199.407
600460.SH,2023-06-27,29.98,30.31,29.88,30.05,29.97,0.08,0.2669,79045.39,237468.218
600460.SH,2023-06-28,30.1,30.13,29.2,29.64,30.05,-0.41,-1.3644,130999.29,388356.776
600460.SH,2023-06-29,29.6,30.15,29.5,29.72,29.64,0.08,0.2699,107607.75,321237.178
600460.SH,2023-06-30,29.61,30.52,29.5,30.27,29.72,0.55,1.8506,140309.7,423331.293
600460.SH,2023-07-03,30.3,30.87,30.3,30.52,30.27,0.25,0.8259,103822.18,317021.273
600460.SH,2023-07-04,30.76,32.15,30.53,31.76,30.52,1.24,4.0629,302569.01,952999.425
600460.SH,2023-07-05,31.57,31.92,31.32,31.37,31.76,-0.39,-1.228,151434.18,478090.04
600460.SH,2023-07-06,31.29,31.72,31.11,31.22,31.37,-0.15,-0.4782,107887.79,338331.666
600460.SH,2023-07-07,31.02,31.04,30.51,30.73,31.22,-0.49,-1.5695,94863.13,291785.363
600460.SH,2023-07-10,30.97,31.16,30.8,30.93,30.73,0.2,0.6508,76586.14,237182.639
600460.SH,2023-07-11,30.91,31.5,30.88,31.39,30.93,0.46,1.4872,116287.82,363912.652
600460.SH,2023-07-12,31.38,31.5,30.66,30.74,31.39,-0.65,-2.0707,112526.58,349073.689
600460.SH,2023-07-13,30.77,31.6,30.77,31.48,30.74,0.74,2.4073,163416.51,512680.7
600460.SH,2023-07-14,31.57,31.67,31.12,31.21,31.48,-0.27,-0.8577,120079.3,375868.818
600460.SH,2023-07-17,30.3,30.86,29.69,30.7,31.21,-0.51,-1.6341,173879.6,526708.41
600460.SH,2023-07-18,30.78,31.5,30.75,30.87,30.7,0.17,0.5537,153697.01,478869.459
600460.SH,2023-07-19,30.77,31.13,30.4,30.69,30.87,-0.18,-0.5831,89892.93,275478.906
600460.SH,2023-07-20,30.69,30.87,30.07,30.2,30.69,-0.49,-1.5966,90123.65,274161.292
600460.SH,2023-07-21,30.22,30.62,29.87,29.91,30.2,-0.29,-0.9603,107626.92,323661.432
600460.SH,2023-07-24,29.8,30.07,29.48,29.62,29.91,-0.29,-0.9696,91146.35,270619.319
600460.SH,2023-07-25,29.91,30.38,29.81,30.3,29.62,0.68,2.2957,102544.16,308898.421
600460.SH,2023-07-26,30.38,30.38,30.0,30.14,30.3,-0.16,-0.5281,68845.4,207624.642
600460.SH,2023-07-27,30.18,30.3,29.82,29.9,30.14,-0.24,-0.7963,69209.8,207715.823
600460.SH,2023-07-28,29.82,30.36,29.63,30.27,29.9,0.37,1.2375,111975.99,336811.091
600460.SH,2023-07-31,30.27,30.95,30.17,30.63,30.27,0.36,1.1893,151747.28,465095.053
600460.SH,2023-08-01,30.63,30.93,30.4,30.61,30.63,-0.02,-0.0653,119997.0,367951.201
600460.SH,2023-08-02,30.49,30.69,30.26,30.35,30.61,-0.26,-0.8494,85925.52,261604.523
600460.SH,2023-08-03,30.29,30.56,30.07,30.45,30.35,0.1,0.3295,80703.0,244707.125
600460.SH,2023-08-04,30.49,30.75,29.91,30.1,30.45,-0.35,-1.1494,185985.07,562471.241
600460.SH,2023-08-07,29.92,30.08,29.67,29.72,30.1,-0.38,-1.2625,115971.95,345596.265
600460.SH,2023-08-08,29.74,29.9,29.55,29.65,29.72,-0.07,-0.2355,87540.46,259671.491
600460.SH,2023-08-09,29.61,29.81,29.48,29.67,29.65,0.02,0.0675,62246.28,184576.273
600460.SH,2023-08-10,29.78,29.92,29.64,29.74,29.67,0.07,0.2359,55072.02,163784.028
600460.SH,2023-08-11,29.73,29.78,29.3,29.31,29.74,-0.43,-1.4459,76422.0,225177.114
600460.SH,2023-08-14,29.2,29.31,28.01,28.19,29.31,-1.12,-3.8212,169555.88,483309.756
600460.SH,2023-08-15,28.19,28.22,26.96,27.08,28.19,-1.11,-3.9376,192450.55,526468.579
600460.SH,2023-08-16,27.01,27.25,26.4,26.44,27.08,-0.64,-2.3634,172430.61,460569.808
600460.SH,2023-08-17,26.44,26.73,26.17,26.61,26.44,0.17,0.643,108143.88,286618.855
600460.SH,2023-08-18,26.62,26.78,25.57,25.58,26.61,-1.03,-3.8707,159068.89,414793.275
600460.SH,2023-08-21,25.5,25.78,25.11,25.13,25.58,-0.45,-1.7592,130115.22,330891.174
600460.SH,2023-08-22,25.3,25.42,24.15,24.93,25.13,-0.2,-0.7959,269977.47,665016.52
600460.SH,2023-08-23,24.85,24.85,24.08,24.1,24.93,-0.83,-3.3293,127257.07,310262.71
600460.SH,2023-08-24,24.29,24.65,23.92,24.37,24.1,0.27,1.1203,147656.91,359737.086
600460.SH,2023-08-25,24.21,24.26,23.74,23.9,24.37,-0.47,-1.9286,110963.64,266360.564
600460.SH,2023-08-28,25.15,25.28,24.18,24.28,23.9,0.38,1.59,192098.15,474184.628
600460.SH,2023-08-29,24.46,25.27,24.38,25.18,24.28,0.9,3.7068,195431.6,486651.383
600460.SH,2023-08-30,25.56,26.06,25.22,25.35,25.18,0.17,0.6751,249001.23,637064.411
600460.SH,2023-08-31,25.2,25.68,25.0,25.35,25.35,0.0,0.0,143702.41,364504.387
600460.SH,2023-09-01,25.34,25.68,25.13,25.32,25.35,-0.03,-0.1183,94878.68,240337.453
600460.SH,2023-09-04,25.36,25.75,25.21,25.74,25.32,0.42,1.6588,117624.27,299834.04
600460.SH,2023-09-05,25.73,26.05,25.61,25.74,25.74,0.0,0.0,136161.8,351630.407
600460.SH,2023-09-06,25.62,26.36,25.53,26.27,25.74,0.53,2.0591,227053.46,591523.655
600460.SH,2023-09-07,26.09,26.16,25.51,25.51,26.27,-0.76,-2.893,149327.73,384875.649
600460.SH,2023-09-08,25.46,25.85,25.26,25.73,25.51,0.22,0.8624,87117.91,223952.861
600460.SH,2023-09-11,25.69,25.94,25.59,25.81,25.73,0.08,0.3109,91726.78,236628.282
600460.SH,2023-09-12,25.9,25.94,25.64,25.74,25.81,-0.07,-0.2712,70236.09,181030.566
600460.SH,2023-09-13,25.63,25.75,25.2,25.39,25.74,-0.35,-1.3598,84134.3,213963.054
600460.SH,2023-09-14,25.38,25.49,25.0,25.12,25.39,-0.27,-1.0634,70942.26,178544.551
600460.SH,2023-09-15,25.2,26.0,24.9,25.36,25.12,0.24,0.9554,129548.61,329475.648
600460.SH,2023-09-18,25.22,25.56,25.1,25.23,25.36,-0.13,-0.5126,72850.27,184390.871
600460.SH,2023-09-19,25.62,25.62,24.69,24.95,25.23,-0.28,-1.1098,93632.37,233845.497
600460.SH,2023-09-20,24.97,25.15,24.56,24.56,24.95,-0.39,-1.5631,61432.08,152295.648
600460.SH,2023-09-21,24.53,24.85,24.44,24.52,24.56,-0.04,-0.1629,72475.4,178371.613
600460.SH,2023-09-22,24.52,24.98,24.33,24.96,24.52,0.44,1.7945,87326.41,215822.766
600460.SH,2023-09-25,24.96,24.98,24.38,24.48,24.96,-0.48,-1.9231,89131.14,218538.179
600460.SH,2023-09-26,24.48,24.49,24.08,24.13,24.48,-0.35,-1.4297,76650.39,185740.667
600460.SH,2023-09-27,24.13,24.63,24.0,24.18,24.13,0.05,0.2072,80063.38,194559.093
600460.SH,2023-09-28,24.32,24.49,24.15,24.36,24.18,0.18,0.7444,70031.1,170428.184
600460.SH,2023-10-09,24.32,24.45,24.07,24.23,24.36,-0.13,-0.5337,85602.8,207443.606
600460.SH,2023-10-10,24.41,25.29,24.26,24.82,24.23,0.59,2.435,191565.59,474880.123
600460.SH,2023-10-11,24.86,25.31,24.8,25.02,24.82,0.2,0.8058,153526.1,384543.374
600460.SH,2023-10-12,25.15,25.19,24.73,25.15,25.02,0.13,0.5196,104161.3,260173.122
600460.SH,2023-10-13,25.0,25.36,24.88,25.13,25.15,-0.02,-0.0795,103722.45,260710.408
600460.SH,2023-10-16,25.05,25.05,24.22,24.3,25.13,-0.83,-3.3028,111878.61,274066.975
600460.SH,2023-10-17,24.37,24.78,24.2,24.54,24.3,0.24,0.9877,89367.42,218875.786
600460.SH,2023-10-18,24.5,24.67,23.8,23.8,24.54,-0.74,-3.0155,109155.34,262767.162
600460.SH,2023-10-19,23.6,24.88,23.51,23.85,23.8,0.05,0.2101,172653.55,419116.083
600460.SH,2023-10-20,23.85,23.95,23.17,23.23,23.85,-0.62,-2.5996,133417.5,312601.843
600460.SH,2023-10-23,23.07,23.14,22.47,22.64,23.23,-0.59,-2.5398,103500.9,235679.271
600460.SH,2023-10-24,22.73,23.24,22.34,23.16,22.64,0.52,2.2968,126642.62,289914.83
600460.SH,2023-10-25,23.17,23.6,23.16,23.5,23.16,0.34,1.468,115104.78,269976.308
600460.SH,2023-10-26,23.43,23.43,22.9,23.2,23.5,-0.3,-1.2766,116329.94,268580.293
600460.SH,2023-10-27,22.91,23.73,22.76,23.62,23.2,0.42,1.8103,125845.64,293254.937
600460.SH,2023-10-30,23.44,24.45,23.41,24.37,23.62,0.75,3.1753,183512.24,443648.893
600460.SH,2023-10-31,24.33,24.6,24.11,24.26,24.37,-0.11,-0.4514,95055.11,230505.395
600460.SH,2023-11-01,24.17,24.57,24.1,24.28,24.26,0.02,0.0824,99159.73,241613.33
600460.SH,2023-11-02,24.27,24.49,23.85,23.87,24.28,-0.41,-1.6886,85932.48,207355.029
600460.SH,2023-11-03,24.0,25.44,23.99,25.18,23.87,1.31,5.4881,276237.14,687742.059
600460.SH,2023-11-06,25.25,25.73,25.2,25.51,25.18,0.33,1.3106,229630.21,584320.129
600460.SH,2023-11-07,25.54,26.2,25.39,26.01,25.51,0.5,1.96,311964.12,805832.489
600460.SH,2023-11-08,25.72,25.83,25.25,25.52,26.01,-0.49,-1.8839,273904.0,698803.832
600460.SH,2023-11-09,26.5,26.83,25.51,25.58,25.52,0.06,0.2351,436211.73,1140712.314
600460.SH,2023-11-10,25.58,27.85,25.38,26.53,25.58,0.95,3.7138,582351.55,1549489.804
600460.SH,2023-11-13,26.22,26.6,26.04,26.17,26.53,-0.36,-1.357,300022.87,787074.723
600460.SH,2023-11-14,26.01,26.37,25.81,26.0,26.17,-0.17,-0.6496,213471.96,555821.872
600460.SH,2023-11-15,26.21,26.28,25.81,25.9,26.0,-0.1,-0.3846,175767.49,457312.403
600460.SH,2023-11-16,25.8,25.8,25.34,25.36,25.9,-0.54,-2.0849,172437.56,439873.381
600460.SH,2023-11-17,25.32,25.65,25.23,25.42,25.36,0.06,0.2366,119733.47,304280.398
600460.SH,2023-11-20,25.43,25.54,25.07,25.39,25.42,-0.03,-0.118,127304.25,322496.066
600460.SH,2023-11-21,25.44,25.63,25.06,25.1,25.39,-0.29,-1.1422,134717.86,341158.962
600460.SH,2023-11-22,25.01,25.11,24.51,24.55,25.1,-0.55,-2.1912,139153.62,344766.99
600460.SH,2023-11-23,24.66,24.87,24.5,24.85,24.55,0.3,1.222,110278.68,273109.085
600460.SH,2023-11-24,24.8,24.8,24.24,24.3,24.85,-0.55,-2.2133,100804.01,246299.916
600460.SH,2023-11-27,24.26,24.55,24.09,24.35,24.3,0.05,0.2058,103474.8,251907.136
600460.SH,2023-11-28,24.43,24.6,24.23,24.49,24.35,0.14,0.5749,86491.87,211475.18
600460.SH,2023-11-29,24.44,25.23,24.44,24.88,24.49,0.39,1.5925,208067.78,518496.331
600460.SH,2023-11-30,24.7,24.79,24.09,24.16,24.88,-0.72,-2.8939,120213.92,292450.866
600460.SH,2023-12-01,24.16,24.42,23.9,24.34,24.16,0.18,0.745,94593.02,228198.733
600460.SH,2023-12-04,24.47,24.54,24.0,24.01,24.34,-0.33,-1.3558,92136.36,223339.101
600460.SH,2023-12-05,23.95,23.95,23.31,23.32,24.01,-0.69,-2.8738,102555.21,241931.447
600460.SH,2023-12-06,23.23,23.65,23.17,23.24,23.32,-0.08,-0.3431,89329.13,208683.76
600460.SH,2023-12-07,23.23,23.27,22.9,23.01,23.24,-0.23,-0.9897,85161.65,196222.938
600460.SH,2023-12-08,23.05,23.33,22.9,23.15,23.01,0.14,0.6084,120525.68,278100.26
600460.SH,2023-12-11,23.0,23.37,22.63,23.36,23.15,0.21,0.9071,124842.42,286866.861
600460.SH,2023-12-12,23.27,23.54,23.21,23.43,23.36,0.07,0.2997,88570.57,207030.845
600460.SH,2023-12-13,23.36,23.42,23.09,23.11,23.43,-0.32,-1.3658,63682.42,147884.448
600460.SH,2023-12-14,23.2,23.49,23.1,23.11,23.11,0.0,0.0,70876.45,164930.476
600460.SH,2023-12-15,23.2,23.31,22.95,23.03,23.11,-0.08,-0.3462,63136.62,145865.16
600460.SH,2023-12-18,23.02,23.02,22.56,22.6,23.03,-0.43,-1.8671,66985.16,152192.783
600460.SH,2023-12-19,22.6,22.82,22.42,22.66,22.6,0.06,0.2655,58847.86,133161.613
600460.SH,2023-12-20,22.66,22.74,22.21,22.21,22.66,-0.45,-1.9859,56381.88,126489.737
600460.SH,2023-12-21,22.13,22.56,22.06,22.42,22.21,0.21,0.9455,69556.65,155267.537
600460.SH,2023-12-22,22.49,22.53,21.98,22.19,22.42,-0.23,-1.0259,94989.34,210934.03
600460.SH,2023-12-25,22.22,22.48,22.1,22.33,22.19,0.14,0.6309,55314.17,123553.114
600460.SH,2023-12-26,22.29,22.38,21.8,21.94,22.33,-0.39,-1.7465,72766.55,159738.266
600460.SH,2023-12-27,21.96,22.18,21.9,22.08,21.94,0.14,0.6381,63472.43,140001.279
600460.SH,2023-12-28,22.08,22.85,21.99,22.58,22.08,0.5,2.2645,193175.12,435131.669
600460.SH,2023-12-29,22.51,22.85,22.51,22.83,22.58,0.25,1.1072,108250.72,246266.679
600460.SH,2024-01-02,22.8,22.81,22.32,22.33,22.83,-0.5,-2.1901,110597.16,248055.92
600460.SH,2024-01-03,22.3,22.39,21.9,22.12,22.33,-0.21,-0.9404,85519.75,188961.038
600460.SH,2024-01-04,22.09,22.15,21.51,21.66,22.12,-0.46,-2.0796,93615.39,203495.9
600460.SH,2024-01-05,21.67,21.91,21.13,21.21,21.66,-0.45,-2.0776,80299.45,172446.531
600460.SH,2024-01-08,21.06,21.21,20.7,20.73,21.21,-0.48,-2.2631,79111.72,164958.589
600460.SH,2024-01-09,20.9,21.16,20.73,20.83,20.73,0.1,0.4824,67237.0,140703.683
600460.SH,2024-01-10,20.83,21.02,20.38,20.74,20.83,-0.09,-0.4321,80957.74,167926.598
600460.SH,2024-01-11,20.67,21.16,20.67,21.06,20.74,0.32,1.5429,78395.73,164337.527
600460.SH,2024-01-12,20.98,21.09,20.7,20.7,21.06,-0.36,-1.7094,72267.45,151132.401
600460.SH,2024-01-15,20.68,21.32,20.45,21.01,20.7,0.31,1.4976,117830.32,247324.293
600460.SH,2024-01-16,20.89,21.13,20.78,21.06,21.01,0.05,0.238,89522.97,187448.889
600460.SH,2024-01-17,20.9,21.0,20.5,20.5,21.06,-0.56,-2.6591,76105.86,157513.742
600460.SH,2024-01-18,20.4,20.94,19.98,20.84,20.5,0.34,1.6585,123086.5,250418.79
600460.SH,2024-01-19,20.79,21.14,20.72,20.9,20.84,0.06,0.2879,93578.0,195986.612
600460.SH,2024-01-22,20.91,20.98,20.0,20.17,20.9,-0.73,-3.4928,100954.14,206897.211
600460.SH,2024-01-23,20.15,20.48,19.86,20.37,20.17,0.2,0.9916,77735.4,157788.729
600460.SH,2024-01-24,20.45,20.49,19.6,20.29,20.37,-0.08,-0.3927,107373.5,215612.19
600460.SH,2024-01-25,20.25,20.82,20.04,20.82,20.29,0.53,2.6121,120886.54,248723.306
600460.SH,2024-01-26,20.65,20.82,20.53,20.62,20.82,-0.2,-0.9606,82116.14,169487.294
600460.SH,2024-01-29,20.68,20.94,20.1,20.11,20.62,-0.51,-2.4733,77439.86,158143.537
600460.SH,2024-01-30,19.93,20.04,19.14,19.14,20.11,-0.97,-4.8235,113409.61,222217.762
600460.SH,2024-01-31,18.9,19.13,18.15,18.17,19.14,-0.97,-5.0679,158861.85,293655.996
600460.SH,2024-02-01,18.08,18.55,17.72,18.25,18.17,0.08,0.4403,115898.66,210811.542
600460.SH,2024-02-02,18.25,18.5,16.79,17.3,18.25,-0.95,-5.2055,154445.73,271162.345
600460.SH,2024-02-05,17.22,17.3,15.74,16.3,17.3,-1.0,-5.7803,201280.25,330992.0
600460.SH,2024-02-06,16.29,17.44,16.09,17.33,16.3,1.03,6.319,177782.35,299704.672
600460.SH,2024-02-07,17.4,18.33,17.3,18.05,17.33,0.72,4.1546,204021.61,367102.094
600460.SH,2024-02-08,18.2,18.78,17.97,18.66,18.05,0.61,3.3795,198718.76,367189.152
600460.SH,2024-02-19,18.9,19.03,18.6,18.98,18.66,0.32,1.7149,157647.44,297162.871
600460.SH,2024-02-20,18.88,19.1,18.52,18.97,18.98,-0.01,-0.0527,115112.22,216449.385
600460.SH,2024-02-21,18.75,19.56,18.68,19.12,18.97,0.15,0.7907,144061.17,276765.219
600460.SH,2024-02-22,19.12,19.49,19.12,19.46,19.12,0.34,1.7782,114130.73,221027.936
600460.SH,2024-02-23,19.56,19.84,19.29,19.76,19.46,0.3,1.5416,146345.08,287477.374
600460.SH,2024-02-26,19.78,20.27,19.69,19.99,19.76,0.23,1.164,145146.52,290199.524
600460.SH,2024-02-27,19.97,20.82,19.83,20.8,19.99,0.81,4.052,168462.06,343294.65
600460.SH,2024-02-28,20.8,21.45,19.91,19.96,20.8,-0.84,-4.0385,242228.41,502136.066
600460.SH,2024-02-29,19.93,21.2,19.92,20.9,19.96,0.94,4.7094,262723.59,545372.253
600460.SH,2024-03-01,21.1,21.78,20.94,21.62,20.9,0.72,3.445,308301.12,660204.889
600460.SH,2024-03-04,21.6,21.74,21.2,21.46,21.62,-0.16,-0.7401,203748.66,437998.713
600460.SH,2024-03-05,21.28,21.68,21.05,21.23,21.46,-0.23,-1.0718,167774.81,359124.647
600460.SH,2024-03-06,21.03,21.31,20.66,21.09,21.23,-0.14,-0.6594,137979.82,289566.968
600460.SH,2024-03-07,21.24,21.47,20.67,20.68,21.09,-0.41,-1.944,123176.52,259344.941
600460.SH,2024-03-08,20.76,20.94,20.58,20.81,20.68,0.13,0.6286,106503.41,221241.931
600460.SH,2024-03-11,20.8,21.08,20.54,21.07,20.81,0.26,1.2494,117927.12,246298.31
600460.SH,2024-03-12,21.19,21.6,21.05,21.28,21.07,0.21,0.9967,141934.82,302980.269
600460.SH,2024-03-13,21.2,21.61,21.2,21.3,21.28,0.02,0.094,132422.06,283677.183
600460.SH,2024-03-14,21.19,21.29,20.63,20.79,21.3,-0.51,-2.3944,117675.16,246406.371
600460.SH,2024-03-15,20.83,20.89,20.51,20.82,20.79,0.03,0.1443,96693.0,200123.068
600460.SH,2024-03-18,20.87,21.67,20.87,21.59,20.82,0.77,3.6984,193989.01,413642.317
600460.SH,2024-03-19,21.48,22.13,21.4,21.53,21.59,-0.06,-0.2779,178731.69,388573.796
600460.SH,2024-03-20,21.52,21.68,21.27,21.47,21.53,-0.06,-0.2787,103430.15,222024.578
600460.SH,2024-03-21,21.55,21.89,21.32,21.43,21.47,-0.04,-0.1863,117454.29,253197.946
600460.SH,2024-03-22,21.45,21.83,21.01,21.01,21.43,-0.42,-1.9599,139182.55,296241.531
600460.SH,2024-03-25,20.86,20.87,20.03,20.04,21.01,-0.97,-4.6168,167027.0,341526.228
600460.SH,2024-03-26,20.12,20.55,19.68,19.99,20.04,-0.05,-0.2495,146495.41,294371.552
600460.SH,2024-03-27,20.05,20.15,19.2,19.2,19.99,-0.79,-3.952,131980.77,257496.173
600460.SH,2024-03-28,19.19,19.84,19.18,19.59,19.2,0.39,2.0313,111797.88,218462.966
600460.SH,2024-03-29,19.56,19.69,19.24,19.47,19.59,-0.12,-0.6126,78066.28,151580.558
600460.SH,2024-04-01,19.57,20.08,19.57,20.08,19.47,0.61,3.133,105991.1,210748.645
600460.SH,2024-04-02,20.12,20.15,19.68,19.79,20.08,-0.29,-1.4442,87272.53,172858.879
600460.SH,2024-04-03,19.68,19.93,19.41,19.64,19.79,-0.15,-0.758,90397.89,177844.397
600460.SH,2024-04-08,19.64,19.68,18.87,18.88,19.64,-0.76,-3.8697,106313.81,204366.017
600460.SH,2024-04-09,19.01,19.83,18.98,19.65,18.88,0.77,4.0784,176341.92,344510.034
600460.SH,2024-04-10,19.65,19.65,18.97,19.04,19.65,-0.61,-3.1043,121797.83,233524.528
600460.SH,2024-04-11,18.93,19.27,18.74,18.78,19.04,-0.26,-1.3655,111431.29,211314.672
600460.SH,2024-04-12,18.81,19.04,18.55,18.6,18.78,-0.18,-0.9585,108127.06,202471.48
600460.SH,2024-04-15,18.64,19.1,18.42,18.69,18.6,0.09,0.4839,162681.66,304953.163
600460.SH,2024-04-16,18.57,18.62,18.07,18.12,18.69,-0.57,-3.0498,129381.04,236568.672
600460.SH,2024-04-17,18.4,18.95,18.36,18.94,18.12,0.82,4.5254,134139.29,251045.175
600460.SH,2024-04-18,18.81,19.18,18.45,18.76,18.94,-0.18,-0.9504,129383.11,244116.907
600460.SH,2024-04-19,18.65,18.69,18.18,18.22,18.76,-0.54,-2.8785,105092.02,192987.657
600460.SH,2024-04-22,18.11,18.66,17.84,18.44,18.22,0.22,1.2075,103031.6,189048.82
600460.SH,2024-04-23,18.44,18.85,18.36,18.49,18.44,0.05,0.2711,92319.34,171643.851
600460.SH,2024-04-24,18.66,18.66,18.33,18.5,18.49,0.01,0.0541,77869.57,143984.179
600460.SH,2024-04-25,18.4,18.86,18.23,18.46,18.5,-0.04,-0.2162,96224.53,178601.888
600460.SH,2024-04-26,18.45,19.05,18.39,19.03,18.46,0.57,3.0878,147102.41,277091.645
600460.SH,2024-04-29,19.05,19.77,19.05,19.57,19.03,0.54,2.8376,143137.07,279204.866
600460.SH,2024-04-30,19.57,19.62,19.03,19.18,19.57,-0.39,-1.9928,123968.87,238299.142
600460.SH,2024-05-06,19.49,20.0,19.49,19.8,19.18,0.62,3.2325,144730.84,286408.341
600460.SH,2024-05-07,19.81,19.94,19.66,19.79,19.8,-0.01,-0.0505,110865.49,219678.487
600460.SH,2024-05-08,19.8,19.85,19.32,19.45,19.79,-0.34,-1.718,87341.42,170523.72
600460.SH,2024-05-09,19.45,19.97,19.4,19.93,19.45,0.48,2.4679,128551.83,254497.814
600460.SH,2024-05-10,20.12,20.6,19.62,19.66,19.93,-0.27,-1.3547,159465.42,318710.971
600460.SH,2024-05-13,19.28,19.64,19.15,19.23,19.66,-0.43,-2.1872,113683.42,219897.961
600460.SH,2024-05-14,19.27,19.56,19.01,19.04,19.23,-0.19,-0.988,107027.96,205646.226
600460.SH,2024-05-15,19.01,19.16,18.58,18.63,19.04,-0.41,-2.1534,104873.86,197149.238
600460.SH,2024-05-16,18.7,18.86,18.48,18.53,18.63,-0.1,-0.5368,93546.77,174667.016
600460.SH,2024-05-17,18.58,18.74,18.36,18.73,18.53,0.2,1.0793,88662.27,164797.325
600460.SH,2024-05-20,18.73,18.93,18.29,18.42,18.73,-0.31,-1.6551,170761.34,316086.119
600460.SH,2024-05-21,18.34,18.38,18.08,18.16,18.42,-0.26,-1.4115,101006.01,183645.428
600460.SH,2024-05-22,18.6,18.75,18.13,18.73,18.16,0.57,3.1388,234702.66,432811.451
600460.SH,2024-05-23,18.67,18.67,18.1,18.2,18.73,-0.53,-2.8297,164751.22,301174.37
600460.SH,2024-05-24,18.12,18.34,17.68,17.7,18.2,-0.5,-2.7473,157015.17,281819.706
600460.SH,2024-05-27,17.73,18.5,17.37,18.38,17.7,0.68,3.8418,223718.81,400780.55
600460.SH,2024-05-28,18.39,19.15,18.3,18.48,18.38,0.1,0.5441,317396.52,596866.449
600460.SH,2024-05-29,18.57,18.88,18.47,18.62,18.48,0.14,0.7576,163065.88,304234.126
600460.SH,2024-05-30,18.52,19.15,18.33,19.01,18.62,0.39,2.0945,241313.0,454941.189
600460.SH,2024-05-31,19.01,19.08,18.73,18.79,19.01,-0.22,-1.1573,167379.07,315981.291
600460.SH,2024-06-03,18.79,18.85,17.66,17.83,18.79,-0.96,-5.1091,538467.48,969874.175
600460.SH,2024-06-04,17.83,17.83,17.26,17.75,17.83,-0.08,-0.4487,255805.29,448751.209
600460.SH,2024-06-05,17.68,18.45,17.59,18.07,17.75,0.32,1.8028,321575.6,585539.3
600460.SH,2024-06-06,18.29,18.6,17.61,17.73,18.07,-0.34,-1.8816,281307.78,507679.02
600460.SH,2024-06-07,17.9,18.1,17.38,17.5,17.73,-0.23,-1.2972,200388.51,353617.734
600460.SH,2024-06-11,17.5,18.52,17.34,18.52,17.5,1.02,5.8286,396040.11,717747.859
600460.SH,2024-06-12,18.46,18.61,18.18,18.32,18.52,-0.2,-1.0799,253984.42,465276.671
600460.SH,2024-06-13,18.41,18.9,18.38,18.51,18.32,0.19,1.0371,292578.21,544277.22
600460.SH,2024-06-14,18.51,18.62,18.3,18.3,18.51,-0.21,-1.1345,307546.28,566174.468
600460.SH,2024-06-17,18.12,19.38,18.08,19.23,18.3,0.93,5.082,468560.29,888851.671
600460.SH,2024-06-18,19.24,19.32,18.96,19.16,19.23,-0.07,-0.364,288825.1,552436.016
600460.SH,2024-06-19,19.24,19.3,18.62,18.88,19.16,-0.28,-1.4614,274230.04,518265.869
600460.SH,2024-06-20,18.75,19.27,18.68,18.75,18.88,-0.13,-0.6886,339743.53,645858.61
600460.SH,2024-06-21,18.54,18.55,18.08,18.5,18.75,-0.25,-1.3333,232366.99,425889.414
600460.SH,2024-06-24,18.34,19.06,18.05,18.08,18.5,-0.42,-2.2703,325549.45,603383.069
600460.SH,2024-06-25,18.03,18.24,17.18,17.34,18.08,-0.74,-4.0929,308539.95,542232.836
600460.SH,2024-06-26,17.4,17.79,16.91,17.69,17.34,0.35,2.0185,233432.82,404735.138
600460.SH,2024-06-27,17.5,18.18,17.4,17.63,17.69,-0.06,-0.3392,273500.98,486364.13
600460.SH,2024-06-28,17.53,17.95,17.36,17.51,17.63,-0.12,-0.6807,241078.99,425841.609
600460.SH,2024-07-01,17.4,17.43,16.41,17.01,17.51,-0.5,-2.8555,277778.72,471621.994
600460.SH,2024-07-02,16.9,17.04,16.58,16.64,17.01,-0.37,-2.1752,176347.0,296399.887
600460.SH,2024-07-03,16.7,18.3,16.32,17.88,16.64,1.24,7.4519,573331.44,1011919.804
600460.SH,2024-07-04,17.88,17.89,17.3,17.33,17.88,-0.55,-3.0761,365021.72,642409.546
600460.SH,2024-07-05,17.5,17.63,16.9,17.35,17.33,0.02,0.1154,286541.55,494137.535
600460.SH,2024-07-08,17.25,17.57,16.9,16.92,17.35,-0.43,-2.4784,269864.79,465338.277
600460.SH,2024-07-09,16.94,18.2,16.92,18.15,16.92,1.23,7.2695,515994.29,916813.272
600460.SH,2024-07-10,18.16,18.3,17.95,18.1,18.15,-0.05,-0.2755,251792.01,455820.117
600460.SH,2024-07-11,18.19,18.35,17.84,18.16,18.1,0.06,0.3315,351333.1,636800.454
600460.SH,2024-07-12,18.0,18.21,17.85,18.14,18.16,-0.02,-0.1101,200896.84,362551.76
600460.SH,2024-07-15,18.1,18.34,17.79,17.86,18.14,-0.28,-1.5436,215597.68,388782.827
600460.SH,2024-07-16,17.65,18.29,17.63,18.27,17.86,0.41,2.2956,258566.87,466458.431
600460.SH,2024-07-17,18.21,18.9,18.18,18.31,18.27,0.04,0.2189,383631.69,711027.691
600460.SH,2024-07-18,18.0,18.33,17.55,18.3,18.31,-0.01,-0.0546,327586.12,589370.602
600460.SH,2024-07-19,18.14,20.13,18.08,20.13,18.3,1.83,10.0,722286.41,1409147.269
600460.SH,2024-07-22,20.57,21.87,20.36,21.43,20.13,1.3,6.458,1311933.24,2766257.447
600460.SH,2024-07-23,21.11,21.68,20.46,20.54,21.43,-0.89,-4.1531,818373.37,1715420.75
600460.SH,2024-07-24,20.33,21.42,20.18,20.43,20.54,-0.11,-0.5355,790482.09,1637269.492
600460.SH,2024-07-25,20.03,20.58,19.67,20.22,20.43,-0.21,-1.0279,531451.84,1070554.191
600460.SH,2024-07-26,20.13,20.49,19.85,20.35,20.22,0.13,0.6429,446096.38,901104.721
600460.SH,2024-07-29,20.34,21.04,20.2,20.63,20.35,0.28,1.3759,534413.38,1103357.311
600460.SH,2024-07-30,20.34,22.25,19.74,21.74,20.63,1.11,5.3805,854905.39,1785037.08
600460.SH,2024-07-31,21.31,22.23,21.06,21.55,21.74,-0.19,-0.874,938743.99,2033580.261
600460.SH,2024-08-01,21.4,23.71,21.33,23.26,21.55,1.71,7.935,1257311.93,2861209.618
600460.SH,2024-08-02,22.85,24.15,22.76,23.25,23.26,-0.01,-0.043,1247838.69,2922912.315
600460.SH,2024-08-05,22.7,23.9,22.33,22.38,23.25,-0.87,-3.7419,1039006.44,2401089.091
600460.SH,2024-08-06,22.8,23.0,20.8,21.28,22.38,-1.1,-4.9151,962752.16,2068613.781
600460.SH,2024-08-07,21.22,21.54,20.91,20.92,21.28,-0.36,-1.6917,564390.48,1194019.317
600460.SH,2024-08-08,20.53,21.52,20.11,20.88,20.92,-0.04,-0.1912,693324.61,1443619.574
600460.SH,2024-08-09,21.25,21.44,20.87,20.88,20.88,0.0,0.0,535047.91,1130874.428
600460.SH,2024-08-12,20.51,20.85,20.08,20.22,20.88,-0.66,-3.1609,461146.3,938976.683
600460.SH,2024-08-13,20.22,20.62,20.0,20.41,20.22,0.19,0.9397,357685.5,725819.646
600460.SH,2024-08-14,20.39,20.82,20.21,20.41,20.41,0.0,0.0,435647.3,894207.684
600460.SH,2024-08-15,20.12,20.72,20.06,20.41,20.41,0.0,0.0,384922.44,784288.536
600460.SH,2024-08-16,20.5,20.62,19.5,19.58,20.41,-0.83,-4.0666,504401.3,1010554.274
600460.SH,2024-08-19,19.29,20.4,19.2,19.9,19.58,0.32,1.6343,419409.99,832586.731
600460.SH,2024-08-20,19.9,20.05,19.5,19.6,19.9,-0.3,-1.5075,238288.3,470044.17
600460.SH,2024-08-21,19.52,19.65,18.97,19.06,19.6,-0.54,-2.7551,341810.44,658924.778
600460.SH,2024-08-22,19.0,19.05,18.36,18.45,19.06,-0.61,-3.2004,329252.23,612199.716
600460.SH,2024-08-23,18.41,18.5,18.16,18.18,18.45,-0.27,-1.4634,212355.99,388818.537
600460.SH,2024-08-26,18.21,18.46,18.08,18.25,18.18,0.07,0.385,191261.96,348539.097
600460.SH,2024-08-27,18.18,18.24,17.85,17.86,18.25,-0.39,-2.137,178362.61,320665.582
600460.SH,2024-08-28,17.87,18.0,17.7,17.93,17.86,0.07,0.3919,156558.44,279846.274
600460.SH,2024-08-29,17.82,18.55,17.78,18.46,17.93,0.53,2.9559,265333.92,485342.301
600460.SH,2024-08-30,18.4,19.18,18.35,18.92,18.46,0.46,2.4919,345169.19,653417.581
600460.SH,2024-09-02,18.8,19.02,18.13,18.18,18.92,-0.74,-3.9112,251408.0,465297.383
600460.SH,2024-09-03,18.18,18.5,18.11,18.27,18.18,0.09,0.495,156447.81,286162.141
600460.SH,2024-09-04,18.04,18.4,17.98,18.19,18.27,-0.08,-0.4379,133990.82,243966.024
600460.SH,2024-09-05,18.19,18.59,18.19,18.43,18.19,0.24,1.3194,163550.0,300843.843
600460.SH,2024-09-06,18.38,18.92,18.23,18.44,18.43,0.01,0.0543,245686.39,456599.634
600460.SH,2024-09-09,18.33,19.02,18.3,18.63,18.44,0.19,1.0304,242583.37,452640.888
600460.SH,2024-09-10,18.59,18.62,18.02,18.4,18.63,-0.23,-1.2346,220412.36,403467.439
600460.SH,2024-09-11,18.32,18.39,18.1,18.19,18.4,-0.21,-1.1413,133265.38,242529.272
600460.SH,2024-09-12,18.3,18.45,17.86,17.88,18.19,-0.31,-1.7042,188269.27,340624.68
600460.SH,2024-09-13,17.78,17.94,17.44,17.45,17.88,-0.43,-2.4049,202964.08,358072.646
600460.SH,2024-09-18,17.45,17.59,17.19,17.49,17.45,0.04,0.2292,125157.32,217586.703
600460.SH,2024-09-19,17.64,18.25,17.56,18.06,17.49,0.57,3.259,235861.56,423297.336
600460.SH,2024-09-20,18.07,18.13,17.68,18.0,18.06,-0.06,-0.3322,169673.0,303598.18
600460.SH,2024-09-23,17.87,18.06,17.69,17.72,18.0,-0.28,-1.5556,147261.0,262398.063
600460.SH,2024-09-24,17.87,18.46,17.61,18.45,17.72,0.73,4.1196,312479.75,566625.072
600460.SH,2024-09-25,18.7,19.1,18.5,18.51,18.45,0.06,0.3252,363753.17,684492.915
600460.SH,2024-09-26,18.46,19.44,18.42,19.44,18.51,0.93,5.0243,396502.89,752566.124
600460.SH,2024-09-27,19.86,20.6,19.65,20.56,19.44,1.12,5.7613,467571.35,940291.966
600460.SH,2024-09-30,21.69,22.62,21.2,22.62,20.56,2.06,10.0195,1117585.97,2470311.566
600460.SH,2024-10-08,24.88,24.88,24.88,24.88,22.62,2.26,9.9912,205446.49,511150.867
600460.SH,2024-10-09,27.35,27.37,25.38,27.37,24.88,2.49,10.008,1986664.57,5384463.758
600460.SH,2024-10-10,28.78,28.87,25.3,26.39,27.37,-0.98,-3.5806,2138006.96,5829281.323
600460.SH,2024-10-11,24.88,25.7,23.86,24.2,26.39,-2.19,-8.2986,1295768.1,3169183.78
600460.SH,2024-10-14,23.92,25.3,23.54,25.09,24.2,0.89,3.6777,1081495.18,2648551.528
600460.SH,2024-10-15,25.09,26.26,24.5,25.0,25.09,-0.09,-0.3587,1149285.71,2929652.482
600460.SH,2024-10-16,24.1,25.07,24.01,24.5,25.0,-0.5,-2.0,679376.73,1671426.509
600460.SH,2024-10-17,25.0,25.21,24.27,24.32,24.5,-0.18,-0.7347,690184.72,1705415.569
600460.SH,2024-10-18,24.3,26.75,24.25,26.5,24.32,2.18,8.9638,1641239.61,4222140.622
600460.SH,2024-10-21,27.05,28.5,26.66,26.71,26.5,0.21,0.7925,1897691.51,5176909.978
600460.SH,2024-10-22,26.21,29.38,26.1,29.38,26.71,2.67,9.9963,2092761.11,5937098.466
600460.SH,2024-10-23,29.24,29.24,27.8,28.26,29.38,-1.12,-3.8121,1848148.16,5250346.124
600460.SH,2024-10-24,27.7,29.73,27.7,28.68,28.26,0.42,1.4862,1466401.39,4233301.514
600460.SH,2024-10-25,28.68,29.64,28.1,28.76,28.68,0.08,0.2789,1228332.37,3526201.976
600460.SH,2024-10-28,28.76,28.76,27.91,28.39,28.76,-0.37,-1.2865,904359.68,2557779.099
600460.SH,2024-10-29,28.26,31.2,27.94,29.41,28.39,1.02,3.5928,1541219.36,4524303.417
600460.SH,2024-10-30,28.9,30.39,28.7,29.53,29.41,0.12,0.408,1079849.99,3177733.152
600460.SH,2024-10-31,29.54,31.76,28.76,31.07,29.53,1.54,5.215,1675916.7,5106145.501
600460.SH,2024-11-01,30.79,30.9,27.96,27.97,31.07,-3.1,-9.9775,1431192.41,4191521.736
600460.SH,2024-11-04,27.52,29.0,27.51,28.51,27.97,0.54,1.9306,675751.67,1924406.628
600460.SH,2024-11-05,28.49,29.71,28.32,29.63,28.51,1.12,3.9284,852270.28,2487343.417
600460.SH,2024-11-06,29.72,30.5,29.06,29.79,29.63,0.16,0.54,1047246.28,3116770.518
600460.SH,2024-11-07,29.79,30.13,29.02,29.9,29.79,0.11,0.3693,823695.0,2433877.678
600460.SH,2024-11-08,30.31,32.0,29.9,30.39,29.9,0.49,1.6388,1247864.11,3839888.935
600460.SH,2024-11-11,31.0,32.63,30.5,32.08,30.39,1.69,5.561,1311877.45,4163603.424
600460.SH,2024-11-12,32.1,34.69,31.35,33.3,32.08,1.22,3.803,1548415.59,5119025.164
600460.SH,2024-11-13,33.31,33.76,31.78,33.03,33.3,-0.27,-0.8108,1060129.71,3460777.318
600460.SH,2024-11-14,32.51,32.7,31.1,31.18,33.03,-1.85,-5.601,849526.29,2704245.117
600460.SH,2024-11-15,31.01,31.46,29.78,29.78,31.18,-1.4,-4.4901,799975.83,2445221.489
600460.SH,2024-11-18,29.66,29.98,28.07,28.33,29.78,-1.45,-4.869,763946.88,2208419.02
600460.SH,2024-11-19,28.33,29.42,28.02,29.32,28.33,0.99,3.4945,644738.75,1854983.497
600460.SH,2024-11-20,29.11,29.6,28.91,29.34,29.32,0.02,0.0682,487431.75,1425509.703
600460.SH,2024-11-21,29.26,29.49,28.83,29.13,29.34,-0.21,-0.7157,433569.95,1267541.237
600460.SH,2024-11-22,29.15,29.74,27.72,27.78,29.13,-1.35,-4.6344,582086.39,1672540.203
600460.SH,2024-11-25,27.66,27.9,26.5,27.29,27.78,-0.49,-1.7639,579050.35,1564992.698
600460.SH,2024-11-26,27.0,27.45,26.76,26.79,27.29,-0.5,-1.8322,328104.86,887207.598
600460.SH,2024-11-27,26.68,27.46,25.92,27.45,26.79,0.66,2.4636,518464.75,1385415.293
600460.SH,2024-11-28,27.47,27.87,27.06,27.18,27.45,-0.27,-0.9836,458418.94,1257140.242
600460.SH,2024-11-29,27.0,28.22,26.88,27.68,27.18,0.5,1.8396,489251.26,1346994.362
600460.SH,2024-12-02,27.7,28.3,27.53,28.12,27.68,0.44,1.5896,421284.13,1179376.45
600460.SH,2024-12-03,28.16,28.44,27.5,27.76,28.12,-0.36,-1.2802,393738.64,1097450.687
600460.SH,2024-12-04,28.45,29.5,28.15,28.26,27.76,0.5,1.8012,722806.5,2081031.936
600460.SH,2024-12-05,27.99,28.54,27.89,28.16,28.26,-0.1,-0.3539,360582.68,1018463.606
600460.SH,2024-12-06,28.16,28.56,27.72,28.29,28.16,0.13,0.4616,413811.4,1165416.109
600460.SH,2024-12-09,28.11,28.24,27.61,27.79,28.29,-0.5,-1.7674,289231.97,806531.263
600460.SH,2024-12-10,28.8,28.95,27.79,27.8,27.79,0.01,0.036,419746.17,1188278.225
600460.SH,2024-12-11,27.77,28.36,27.67,28.04,27.8,0.24,0.8633,350198.21,982044.524
600460.SH,2024-12-12,28.08,28.1,27.51,27.93,28.04,-0.11,-0.3923,351090.72,975190.226
600460.SH,2024-12-13,27.7,28.68,27.56,28.12,27.93,0.19,0.6803,600088.0,1686209.811
600460.SH,2024-12-16,28.02,28.28,27.24,27.36,28.12,-0.76,-2.7027,362310.66,1002457.656
600460.SH,2024-12-17,27.21,27.46,27.03,27.18,27.36,-0.18,-0.6579,228367.81,621471.24
600460.SH,2024-12-18,27.28,27.8,27.03,27.6,27.18,0.42,1.5453,320603.63,882149.219
600460.SH,2024-12-19,27.15,28.21,27.09,28.12,27.6,0.52,1.8841,399582.59,1112152.113
600460.SH,2024-12-20,28.15,29.63,28.01,28.96,28.12,0.84,2.9872,784242.38,2265029.193
600460.SH,2024-12-23,29.0,29.03,27.98,28.09,28.96,-0.87,-3.0041,471033.47,1341477.247
600460.SH,2024-12-24,28.25,28.51,27.56,28.5,28.09,0.41,1.4596,407134.37,1144475.435
600460.SH,2024-12-25,28.49,28.74,28.01,28.11,28.5,-0.39,-1.3684,292862.89,829844.421
600460.SH,2024-12-26,28.11,28.62,27.92,28.52,28.11,0.41,1.4586,347252.55,986329.684
600460.SH,2024-12-27,28.5,28.79,28.07,28.16,28.52,-0.36,-1.2623,399765.38,1137880.849
600460.SH,2024-12-30,27.9,27.99,27.35,27.36,28.16,-0.8,-2.8409,399206.28,1102778.704
600460.SH,2024-12-31,27.35,27.5,26.01,26.02,27.36,-1.34,-4.8977,420275.29,1118367.761
600460.SH,2025-01-02,25.81,25.85,24.36,24.7,26.02,-1.32,-5.073,455937.99,1142532.364
600460.SH,2025-01-03,24.69,24.86,23.91,24.0,24.7,-0.7,-2.834,331306.35,807405.241
600460.SH,2025-01-06,24.0,24.33,23.8,24.09,24.0,0.09,0.375,234519.27,563999.899
600460.SH,2025-01-07,24.1,24.96,24.1,24.95,24.09,0.86,3.5699,317532.61,780051.763
600460.SH,2025-01-08,24.61,24.99,24.0,24.68,24.95,-0.27,-1.0822,296283.87,727608.71
600460.SH,2025-01-09,24.65,25.04,24.51,24.67,24.68,-0.01,-0.0405,273892.07,678708.366
600460.SH,2025-01-10,24.45,25.14,24.22,24.22,24.67,-0.45,-1.8241,284006.2,701909.94
600460.SH,2025-01-13,23.85,24.63,23.69,24.38,24.22,0.16,0.6606,215174.73,520485.675
600460.SH,2025-01-14,24.62,25.41,24.31,25.41,24.38,1.03,4.2248,370345.71,927335.803
600460.SH,2025-01-15,25.4,25.5,25.08,25.21,25.41,-0.2,-0.7871,232896.59,588837.375
600460.SH,2025-01-16,25.31,25.7,24.83,25.12,25.21,-0.09,-0.357,244649.0,616998.687
600460.SH,2025-01-17,25.1,25.85,24.95,25.44,25.12,0.32,1.2739,293561.85,746518.079
600460.SH,2025-01-20,25.6,25.74,25.31,25.43,25.44,-0.01,-0.0393,210413.29,536696.088
600460.SH,2025-01-21,25.5,25.68,25.15,25.44,25.43,0.01,0.0393,220751.42,560538.868
600460.SH,2025-01-22,25.3,25.55,25.12,25.26,25.44,-0.18,-0.7075,170780.43,431965.784
600460.SH,2025-01-23,25.99,26.8,25.69,25.75,25.26,0.49,1.9398,522986.93,1368589.077
600460.SH,2025-01-24,25.52,25.93,25.52,25.85,25.75,0.1,0.3883,278781.64,718525.927
600460.SH,2025-01-27,25.93,26.05,24.97,25.07,25.85,-0.78,-3.0174,248297.4,631527.134
600460.SH,2025-02-05,25.73,26.05,25.46,25.77,25.07,0.7,2.7922,319765.77,823932.06
600460.SH,2025-02-06,25.75,26.45,25.56,26.45,25.77,0.68,2.6387,366780.8,961477.37
600460.SH,2025-02-07,26.52,26.98,26.16,26.54,26.45,0.09,0.3403,470614.97,1250705.909
600460.SH,2025-02-10,26.59,26.89,26.52,26.81,26.54,0.27,1.0173,322320.71,861992.507
600460.SH,2025-02-11,26.82,26.83,26.25,26.32,26.81,-0.49,-1.8277,268166.33,708290.27
600460.SH,2025-02-12,26.31,27.32,26.11,27.28,26.32,0.96,3.6474,625546.53,1674864.227
600460.SH,2025-02-13,27.2,27.2,26.65,26.65,27.28,-0.63,-2.3094,362173.25,972253.896
600460.SH,2025-02-14,26.52,26.84,26.26,26.79,26.65,0.14,0.5253,292570.15,777909.563
600460.SH,2025-02-17,26.8,26.97,26.46,26.65,26.79,-0.14,-0.5226,316887.98,845486.973
600460.SH,2025-02-18,26.69,26.84,25.66,25.72,26.65,-0.93,-3.4897,339436.16,890604.413
600460.SH,2025-02-19,25.72,26.71,25.72,26.7,25.72,0.98,3.8103,411782.48,1087308.014
600460.SH,2025-02-20,26.7,26.9,26.45,26.66,26.7,-0.04,-0.1498,285689.54,761930.349
600460.SH,2025-02-21,26.66,27.28,26.49,27.1,26.66,0.44,1.6504,503530.58,1358580.025
600460.SH,2025-02-24,27.11,27.65,26.92,27.14,27.1,0.04,0.1476,455964.81,1243402.478
600460.SH,2025-02-25,26.75,27.41,26.66,27.02,27.14,-0.12,-0.4422,344651.06,932130.562
600460.SH,2025-02-26,27.08,27.15,26.67,27.08,27.02,0.06,0.2221,305201.42,821962.384
600460.SH,2025-02-27,27.11,27.43,26.31,26.86,27.08,-0.22,-0.8124,399396.35,1072423.463
600460.SH,2025-02-28,26.51,26.68,25.48,25.51,26.86,-1.35,-5.0261,379534.57,986868.24
600460.SH,2025-03-03,25.69,26.05,25.31,25.6,25.51,0.09,0.3528,244645.41,629366.891
600460.SH,2025-03-04,25.21,26.92,25.21,26.46,25.6,0.86,3.3594,414077.04,1082232.656
600460.SH,2025-03-05,26.73,26.92,26.01,26.24,26.46,-0.22,-0.8314,291956.57,771595.923
600460.SH,2025-03-06,26.42,26.8,26.26,26.67,26.24,0.43,1.6387,334647.61,890748.247
600460.SH,2025-03-07,26.67,26.67,25.91,26.02,26.67,-0.65,-2.4372,301514.58,789955.01
600460.SH,2025-03-10,26.02,26.12,25.55,25.76,26.02,-0.26,-0.9992,216051.24,556750.788
600460.SH,2025-03-11,25.5,26.08,25.41,25.73,25.76,-0.03,-0.1165,211474.77,542612.447
600460.SH,2025-03-12,25.8,26.25,25.8,25.95,25.73,0.22,0.855,257990.48,671583.039
600460.SH,2025-03-13,25.85,25.96,25.1,25.26,25.95,-0.69,-2.659,284316.6,721481.375
600460.SH,2025-03-14,25.28,25.69,25.16,25.67,25.26,0.41,1.6231,227790.49,580861.818
600460.SH,2025-03-17,25.72,25.82,25.5,25.65,25.67,-0.02,-0.0779,159631.88,409738.614
600460.SH,2025-03-18,25.77,26.1,25.68,25.8,25.65,0.15,0.5848,198598.0,513373.54
600460.SH,2025-03-19,25.7,25.81,25.36,25.42,25.8,-0.38,-1.4729,172334.16,439376.476
600460.SH,2025-03-20,25.42,25.53,25.21,25.22,25.42,-0.2,-0.7868,149474.0,379180.687
600460.SH,2025-03-21,25.15,25.2,24.55,24.65,25.22,-0.57,-2.2601,213619.07,530284.03
600460.SH,2025-03-24,24.65,24.73,24.04,24.63,24.65,-0.02,-0.0811,169187.75,413400.933
600460.SH,2025-03-25,24.55,24.78,24.38,24.5,24.63,-0.13,-0.5278,131618.52,323209.092
600460.SH,2025-03-26,24.45,24.64,24.41,24.44,24.5,-0.06,-0.2449,103213.68,253130.76
600460.SH,2025-03-27,24.42,24.86,24.16,24.61,24.44,0.17,0.6956,158293.86,388819.951
600460.SH,2025-03-28,24.61,24.78,24.37,24.39,24.61,-0.22,-0.8939,110386.66,270871.749
600460.SH,2025-03-31,24.26,24.45,23.8,24.11,24.39,-0.28,-1.148,162807.12,391505.8
600460.SH,2025-04-01,24.16,24.3,24.06,24.11,24.11,0.0,0.0,110529.24,267107.058
600460.SH,2025-04-02,24.08,24.19,23.88,23.94,24.11,-0.17,-0.7051,125329.68,301008.788
600460.SH,2025-04-03,23.76,24.12,23.68,23.89,23.94,-0.05,-0.2089,136131.05,324998.851
600460.SH,2025-04-07,22.26,22.95,21.5,21.5,23.89,-2.39,-10.0042,281601.0,615457.573
600460.SH,2025-04-08,21.5,21.93,21.01,21.51,21.5,0.01,0.0465,330628.22,705088.478
600460.SH,2025-04-09,21.32,22.6,20.81,22.55,21.51,1.04,4.835,407421.6,895114.283
600460.SH,2025-04-10,23.11,23.2,22.62,22.77,22.55,0.22,0.9756,293643.29,673770.493
600460.SH,2025-04-11,22.75,24.57,22.58,23.97,22.77,1.2,5.2701,546459.82,1299367.392
600460.SH,2025-04-14,24.55,24.56,23.92,24.17,23.97,0.2,0.8344,353732.83,853713.776
600460.SH,2025-04-15,24.0,24.13,23.71,23.9,24.17,-0.27,-1.1171,183834.77,438453.669
600460.SH,2025-04-16,23.89,24.4,23.6,24.29,23.9,0.39,1.6318,319519.46,768816.34
600460.SH,2025-04-17,24.1,24.54,24.04,24.32,24.29,0.03,0.1235,251560.0,612079.989
600460.SH,2025-04-18,24.1,24.19,23.85,24.07,24.32,-0.25,-1.028,155640.0,373357.334
600460.SH,2025-04-21,24.18,24.5,24.17,24.34,24.07,0.27,1.1217,184517.89,449375.088
600460.SH,2025-04-22,24.36,25.08,24.29,24.83,24.34,0.49,2.0131,348953.04,862775.466
600460.SH,2025-04-23,24.64,25.45,24.48,24.95,24.83,0.12,0.4833,315404.06,782155.579
600460.SH,2025-04-24,24.8,24.83,24.35,24.4,24.95,-0.55,-2.2044,190764.96,468251.724
600460.SH,2025-04-25,24.4,24.56,24.2,24.39,24.4,-0.01,-0.041,146568.39,357379.526
600460.SH,2025-04-28,24.29,24.37,24.08,24.16,24.39,-0.23,-0.943,118874.22,287885.634
600460.SH,2025-04-29,24.08,24.43,24.01,24.4,24.16,0.24,0.9934,135975.86,330223.794
600460.SH,2025-04-30,24.88,25.45,24.8,25.02,24.4,0.62,2.541,297880.39,747080.376
600460.SH,2025-05-06,25.23,25.35,25.08,25.31,25.02,0.29,1.1591,253062.17,638997.431
600460.SH,2025-05-07,25.65,25.69,24.95,25.15,25.31,-0.16,-0.6322,232193.06,585616.315
600460.SH,2025-05-08,25.15,25.21,25.02,25.16,25.15,0.01,0.0398,149242.2,374993.14
600460.SH,2025-05-09,25.07,25.07,24.61,24.81,25.16,-0.35,-1.3911,144371.31,358280.695
600460.SH,2025-05-12,24.95,25.28,24.9,25.27,24.81,0.46,1.8541,176388.82,443169.742
600460.SH,2025-05-13,25.48,25.54,25.01,25.05,25.27,-0.22,-0.8706,153224.58,385824.764
600460.SH,2025-05-14,25.02,25.3,24.92,25.14,25.05,0.09,0.3593,143928.29,361317.774
600460.SH,2025-05-15,25.15,25.18,24.58,24.59,25.14,-0.55,-2.1877,136803.0,338946.328
600460.SH,2025-05-16,24.58,24.72,24.47,24.55,24.59,-0.04,-0.1627,99077.0,243401.741
600460.SH,2025-05-19,24.58,24.63,24.32,24.52,24.55,-0.03,-0.1222,95674.99,234099.883
600460.SH,2025-05-20,24.48,24.62,24.37,24.51,24.52,-0.01,-0.0408,97115.76,238218.793
600460.SH,2025-05-21,24.5,24.57,24.38,24.51,24.51,0.0,0.0,105786.81,259037.028
600460.SH,2025-05-22,24.79,25.58,24.7,24.99,24.51,0.48,1.9584,394069.62,992881.011
600460.SH,2025-05-23,24.8,25.18,24.4,24.4,24.99,-0.59,-2.3609,224350.53,555931.984
600460.SH,2025-05-26,24.4,24.65,24.38,24.54,24.4,0.14,0.5738,127300.98,311956.086
600460.SH,2025-05-27,24.54,24.54,24.01,24.02,24.54,-0.52,-2.119,134000.82,323642.445
600460.SH,2025-05-28,24.12,24.16,23.75,23.8,24.02,-0.22,-0.9159,109622.78,262136.143
600460.SH,2025-05-29,23.85,24.28,23.85,24.27,23.8,0.47,1.9748,136577.03,329887.617
600460.SH,2025-05-30,24.19,24.19,23.88,24.02,24.27,-0.25,-1.0301,84412.5,202508.805
600460.SH,2025-06-03,23.8,24.08,23.75,23.88,24.02,-0.14,-0.5828,89350.22,213847.788
600460.SH,2025-06-04,23.89,24.05,23.88,23.97,23.88,0.09,0.3769,84168.69,201741.546
600460.SH,2025-06-05,24.02,24.39,23.85,24.37,23.97,0.4,1.6688,147861.57,357065.343
600460.SH,2025-06-06,24.36,24.41,24.15,24.26,24.37,-0.11,-0.4514,94785.58,229823.896
600460.SH,2025-06-09,24.26,24.5,24.24,24.44,24.26,0.18,0.742,109233.13,266514.487
600460.SH,2025-06-10,24.5,24.52,23.78,23.92,24.44,-0.52,-2.1277,138139.45,332521.22
600460.SH,2025-06-11,23.9,24.24,23.9,24.15,23.92,0.23,0.9615,104044.38,250993.835
600460.SH,2025-06-12,24.03,24.15,23.81,23.81,24.15,-0.34,-1.4079,123083.96,294474.488
600460.SH,2025-06-13,23.75,23.89,23.48,23.66,23.81,-0.15,-0.63,149191.02,352663.679
600460.SH,2025-06-16,23.5,23.86,23.48,23.8,23.66,0.14,0.5917,132772.73,314030.541
600460.SH,2025-06-17,23.81,23.93,23.71,23.85,23.8,0.05,0.2101,87665.22,208830.276
600460.SH,2025-06-18,23.73,24.04,23.73,23.99,23.85,0.14,0.587,104241.0,249310.922
600460.SH,2025-06-19,23.9,24.26,23.8,23.88,23.99,-0.11,-0.4585,143658.45,345216.447
600460.SH,2025-06-20,23.73,24.15,23.6,23.6,23.88,-0.28,-1.1725,96504.98,229738.873
600460.SH,2025-06-23,23.37,24.09,23.35,24.03,23.6,0.43,1.822,157930.15,377807.809
600460.SH,2025-06-24,24.08,24.47,24.03,24.45,24.03,0.42,1.7478,187397.13,455192.766
600460.SH,2025-06-25,24.46,24.88,24.32,24.84,24.45,0.39,1.5951,263082.92,648607.501
600460.SH,2025-06-26,24.86,24.98,24.6,24.63,24.84,-0.21,-0.8454,179963.01,445917.879
600460.SH,2025-06-27,24.74,24.95,24.57,24.74,24.63,0.11,0.4466,168237.5,417111.279
600460.SH,2025-06-30,24.83,25.04,24.75,24.82,24.7,0.12,0.4858,148951.62,370167.122
600460.SH,2025-07-01,24.69,25.28,24.64,24.96,24.82,0.14,0.5641,233948.8,584995.263
600460.SH,2025-07-02,24.8,24.93,24.61,24.69,24.96,-0.27,-1.0817,138634.68,342814.455
600460.SH,2025-07-03,24.68,24.86,24.62,24.71,24.69,0.02,0.081,102145.67,252568.223
600460.SH,2025-07-04,24.72,24.88,24.39,24.51,24.71,-0.2,-0.8094,144540.0,355613.59
600460.SH,2025-07-07,24.5,24.57,24.33,24.37,24.51,-0.14,-0.5712,88718.5,216676.888
600460.SH,2025-07-08,24.4,24.86,24.34,24.84,24.37,0.47,1.9286,162611.0,402060.268
600460.SH,2025-07-09,24.84,24.9,24.71,24.76,24.84,-0.08,-0.3221,124433.03,308600.531
600460.SH,2025-07-10,24.69,24.99,24.67,24.93,24.76,0.17,0.6866,131752.89,327337.083
600460.SH,2025-07-11,24.98,25.14,24.6,25.02,24.93,0.09,0.361,222317.99,554790.824
600460.SH,2025-07-14,25.04,25.05,24.81,24.89,25.02,-0.13,-0.5196,142537.33,355077.356
600460.SH,2025-07-15,25.09,25.76,25.04,25.3,24.89,0.41,1.6472,517072.95,1313036.213
600460.SH,2025-07-16,25.32,25.92,25.17,25.22,25.3,-0.08,-0.3162,343840.57,875376.802
600460.SH,2025-07-17,25.11,25.5,24.9,25.5,25.22,0.28,1.1102,288795.63,731161.665
600460.SH,2025-07-18,25.53,25.69,25.32,25.44,25.5,-0.06,-0.2353,221298.42,563709.677
600460.SH,2025-07-21,25.52,25.66,25.36,25.57,25.44,0.13,0.511,258540.18,659101.132
600460.SH,2025-07-22,25.5,25.54,25.22,25.33,25.57,-0.24,-0.9386,260186.85,660137.271
600460.SH,2025-07-23,25.29,25.78,25.24,25.37,25.33,0.04,0.1579,325452.8,829839.915
600460.SH,2025-07-24,25.44,25.8,25.33,25.73,25.37,0.36,1.419,374102.89,959315.715
600460.SH,2025-07-25,25.79,26.37,25.78,26.27,25.73,0.54,2.0987,500676.55,1306168.045
600460.SH,2025-07-28,26.6,26.6,26.15,26.3,26.27,0.03,0.1142,425539.43,1119640.37
600460.SH,2025-07-29,26.2,26.48,26.13,26.39,26.3,0.09,0.3422,328444.12,864082.46
600460.SH,2025-07-30,26.38,26.4,25.7,25.95,26.39,-0.44,-1.6673,370486.94,964975.45
600460.SH,2025-07-31,25.89,26.15,25.48,25.59,25.95,-0.36,-1.3873,328276.24,848181.389
600460.SH,2025-08-01,25.5,26.85,25.42,26.1,25.59,0.51,1.993,590522.76,1539426.658
600460.SH,2025-08-04,25.69,26.19,25.69,26.09,26.1,-0.01,-0.0383,304191.69,789733.1
600460.SH,2025-08-05,26.09,26.13,25.86,25.95,26.09,-0.14,-0.5366,248480.85,645197.837
600460.SH,2025-08-06,25.96,26.39,25.8,26.3,25.95,0.35,1.3487,342872.39,895411.864
600460.SH,2025-08-07,26.43,28.0,26.31,27.72,26.3,1.42,5.3992,1245082.4,3418718.64
600460.SH,2025-08-08,27.27,27.36,26.77,26.93,27.72,-0.79,-2.8499,652970.56,1765965.796
600460.SH,2025-08-11,26.85,27.18,26.8,27.04,26.93,0.11,0.4085,462560.11,1249070.365
600460.SH,2025-08-12,27.02,27.45,26.69,27.19,27.04,0.15,0.5547,600623.93,1624636.512
600460.SH,2025-08-13,27.23,27.43,26.97,27.16,27.19,-0.03,-0.1103,457022.71,1241007.544
600460.SH,2025-08-14,27.17,27.87,26.87,26.87,27.16,-0.29,-1.0677,671900.84,1841311.486
600460.SH,2025-08-15,26.74,27.55,26.71,27.48,26.87,0.61,2.2702,533561.29,1450692.108
600460.SH,2025-08-18,27.75,28.09,27.47,27.74,27.48,0.26,0.9461,702444.06,1951574.691
600460.SH,2025-08-19,27.74,28.05,27.52,27.56,27.74,-0.18,-0.6489,449643.56,1246345.182
600460.SH,2025-08-20,27.47,28.25,27.28,28.25,27.56,0.69,2.5036,624572.15,1736549.02
600460.SH,2025-08-21,28.45,28.76,27.88,28.04,28.25,-0.21,-0.7434,624266.71,1762990.917
600460.SH,2025-08-22,28.05,29.49,28.05,29.38,28.04,1.34,4.7789,1020507.45,2953768.026
600460.SH,2025-08-25,30.35,32.0,29.94,30.29,29.38,0.91,3.0973,1496184.22,4576937.505
600460.SH,2025-08-26,30.1,33.32,29.8,32.29,30.29,2.0,6.6028,1959252.44,6229948.825
600460.SH,2025-08-27,32.16,33.74,31.6,31.69,32.29,-0.6,-1.8582,1725600.72,5602354.302
600460.SH,2025-08-28,31.6,33.3,31.37,33.2,31.69,1.51,4.7649,1376421.18,4451996.343
600460.SH,2025-08-29,33.01,33.02,32.11,32.47,33.2,-0.73,-2.1988,920888.17,2984915.012
600460.SH,2025-09-01,32.8,33.36,31.59,31.83,32.47,-0.64,-1.9711,930973.43,2996423.494
600460.SH,2025-09-02,31.51,31.71,30.01,30.28,31.83,-1.55,-4.8696,907981.49,2788226.003
600460.SH,2025-09-03,30.31,30.98,29.59,29.88,30.28,-0.4,-1.321,670949.05,2030028.213
600460.SH,2025-09-04,29.85,30.2,27.94,28.47,29.88,-1.41,-4.7189,826750.86,2398598.274
600460.SH,2025-09-05,28.55,29.47,28.31,29.39,28.47,0.92,3.2315,565317.5,1638617.909
600460.SH,2025-09-08,29.39,29.97,29.2,29.83,29.39,0.44,1.4971,482393.21,1430194.996
600460.SH,2025-09-09,29.56,29.56,28.83,28.84,29.83,-0.99,-3.3188,448604.43,1306137.878
600460.SH,2025-09-10,28.85,29.32,28.72,28.92,28.84,0.08,0.2774,313775.69,910212.99
600460.SH,2025-09-11,28.83,29.95,28.68,29.8,28.92,0.88,3.0429,580714.48,1712716.078
600460.SH,2025-09-12,29.83,30.49,29.71,29.98,29.8,0.18,0.604,678469.25,2045674.207
600460.SH,2025-09-15,32.0,32.07,30.35,30.37,29.98,0.39,1.3009,950238.0,2944887.432
600460.SH,2025-09-16,30.15,30.62,29.94,30.36,30.37,-0.01,-0.0329,542062.05,1640128.422
600460.SH,2025-09-17,30.3,30.55,29.81,30.18,30.36,-0.18,-0.5929,485385.88,1465245.615
600460.SH,2025-09-18,30.18,31.2,29.75,30.35,30.18,0.17,0.5633,952282.74,2919727.268
600460.SH,2025-09-19,30.31,30.82,30.12,30.44,30.35,0.09,0.2965,553916.75,1686406.464
600460.SH,2025-09-22,30.4,30.93,29.9,30.8,30.44,0.36,1.1827,572607.18,1747928.821
600460.SH,2025-09-23,30.65,30.74,29.34,30.2,30.8,-0.6,-1.9481,638428.16,1910364.511
600460.SH,2025-09-24,29.95,31.57,29.81,31.46,30.2,1.26,4.1722,1048054.01,3256789.842
600460.SH,2025-09-25,31.3,31.88,30.97,31.54,31.46,0.08,0.2543,846594.79,2662105.774
600460.SH,2025-09-26,31.22,32.15,31.2,31.23,31.54,-0.31,-0.9829,721270.68,2281592.443
600460.SH,2025-09-29,31.1,31.32,30.54,31.08,31.23,-0.15,-0.4803,530879.77,1641513.794
600460.SH,2025-09-30,31.15,31.67,31.12,31.44,31.08,0.36,1.1583,558599.25,1755237.545
600460.SH,2025-10-09,31.75,32.99,31.6,32.54,31.44,1.1,3.4987,1024234.76,3318383.167
600460.SH,2025-10-10,32.1,32.41,30.99,31.1,32.54,-1.44,-4.4253,733797.25,2314030.658
600460.SH,2025-10-13,30.01,34.21,29.88,33.36,31.1,2.26,7.2669,1406243.77,4593489.191
600460.SH,2025-10-14,33.4,33.48,31.91,32.5,33.36,-0.86,-2.5779,1099829.99,3602360.116
600460.SH,2025-10-15,32.53,33.23,31.89,32.48,32.5,-0.02,-0.0615,727264.17,2356526.344
600460.SH,2025-10-16,32.16,32.99,31.45,31.63,32.48,-0.85,-2.617,647810.43,2077196.371
600460.SH,2025-10-17,31.44,32.13,29.94,29.94,31.63,-1.69,-5.343,640128.22,1974469.47
600460.SH,2025-10-20,32.93,32.93,32.17,32.53,29.94,2.59,8.6506,2186567.26,7173574.641
600460.SH,2025-10-21,31.0,33.15,30.6,32.65,32.53,0.12,0.3689,1817580.4,5850732.134
600460.SH,2025-10-22,32.12,32.78,30.86,31.19,32.65,-1.46,-4.4717,1203313.1,3768886.569
600460.SH,2025-10-23,30.83,31.07,29.7,30.25,31.19,-0.94,-3.0138,761209.73,2294184.557
600460.SH,2025-10-24,30.5,31.17,30.4,31.12,30.25,0.87,2.876,726189.5,2243661.492
600460.SH,2025-10-27,31.57,32.8,31.5,32.23,31.12,1.11,3.5668,1086917.57,3488791.952
600460.SH,2025-10-28,32.0,32.92,32.0,32.27,32.23,0.04,0.1241,745764.89,2416351.274
600460.SH,2025-10-29,32.02,32.71,32.02,32.63,32.27,0.36,1.1156,576206.44,1868905.641
600460.SH,2025-10-30,32.63,33.2,32.26,32.77,32.63,0.14,0.4291,808389.46,2647740.031
600460.SH,2025-10-31,32.7,32.98,31.85,31.87,32.77,-0.9,-2.7464,898977.55,2899432.844
600460.SH,2025-11-03,31.85,31.85,30.46,31.24,31.87,-0.63,-1.9768,644786.45,1998702.189
600460.SH,2025-11-04,31.08,31.14,30.1,30.37,31.24,-0.87,-2.7849,520467.52,1589839.805
600460.SH,2025-11-05,29.8,30.16,29.31,29.91,30.37,-0.46,-1.5147,498387.92,1483265.057
600460.SH,2025-11-06,30.11,30.43,29.92,30.06,29.91,0.15,0.5015,403958.34,1216843.747
600460.SH,2025-11-07,29.76,29.92,29.41,29.59,30.06,-0.47,-1.5635,367099.68,1087416.922
600460.SH,2025-11-10,29.9,30.45,29.9,30.1,29.59,0.51,1.7236,440361.63,1326457.571
600460.SH,2025-11-11,30.18,30.3,29.38,29.4,30.1,-0.7,-2.3256,374857.62,1112970.192
600460.SH,2025-11-12,29.29,29.33,28.62,28.86,29.4,-0.54,-1.8367,326255.95,943348.532
600460.SH,2025-11-13,28.83,29.55,28.67,29.48,28.86,0.62,2.1483,343769.02,1004374.312
600460.SH,2025-11-14,29.13,29.19,28.81,28.81,29.48,-0.67,-2.2727,256001.8,741425.953
600460.SH,2025-11-17,28.77,28.95,28.32,28.42,28.81,-0.39,-1.3537,258983.82,740909.005
600460.SH,2025-11-18,28.42,28.88,28.21,28.72,28.42,0.3,1.0556,256166.47,733325.513
600460.SH,2025-11-19,28.58,28.69,27.93,28.02,28.72,-0.7,-2.4373,250532.74,706603.558
600460.SH,2025-11-20,28.29,28.53,27.75,27.79,28.02,-0.23,-0.8208,235895.46,664473.762
600460.SH,2025-11-21,27.43,27.68,27.0,27.09,27.79,-0.7,-2.5189,310650.52,848974.977
600460.SH,2025-11-24,27.23,27.47,26.88,27.33,27.09,0.24,0.8859,207137.8,562408.212
600460.SH,2025-11-25,27.5,27.91,27.4,27.54,27.33,0.21,0.7684,217720.42,602518.438
600460.SH,2025-11-26,27.54,27.81,27.41,27.55,27.54,0.01,0.0363,181474.06,502166.619
600460.SH,2025-11-27,27.6,28.24,27.6,27.82,27.55,0.27,0.98,243391.21,680951.261
600460.SH,2025-11-28,27.7,27.94,27.6,27.93,27.82,0.11,0.3954,158170.57,439765.052
600460.SH,2025-12-01,27.98,28.58,27.84,28.53,27.93,0.6,2.1482,275917.73,778457.317
600460.SH,2025-12-02,28.35,28.35,27.87,27.88,28.53,-0.65,-2.2783,226565.71,635463.499
600460.SH,2025-12-03,27.86,28.18,27.73,27.97,27.88,0.09,0.3228,181689.58,508103.492
600460.SH,2025-12-04,27.87,28.2,27.61,27.98,27.97,0.01,0.0358,168284.04,469948.708
600460.SH,2025-12-05,27.98,28.13,27.62,28.11,27.98,0.13,0.4646,178266.05,497525.428
600460.SH,2025-12-08,28.15,28.58,28.13,28.49,28.11,0.38,1.3518,256733.06,729703.626
600460.SH,2025-12-09,28.44,28.96,28.27,28.65,28.49,0.16,0.5616,311631.02,891620.2
600460.SH,2025-12-10,28.5,28.77,28.17,28.55,28.65,-0.1,-0.349,201430.72,572129.088
600460.SH,2025-12-11,28.56,28.64,27.88,27.88,28.55,-0.67,-2.3468,204046.94,575566.913
600460.SH,2025-12-12,27.88,28.28,27.63,28.12,27.88,0.24,0.8608,196839.15,551362.156
600460.SH,2025-12-15,27.84,27.97,27.41,27.46,28.12,-0.66,-2.3471,184692.85,511456.851
600460.SH,2025-12-16,27.47,27.62,26.98,27.1,27.46,-0.36,-1.311,177410.68,482366.36
600460.SH,2025-12-17,27.23,27.73,27.23,27.67,27.1,0.57,2.1033,189545.72,520977.953
600460.SH,2025-12-18,27.42,27.83,27.41,27.43,27.67,-0.24,-0.8674,137628.28,379756.133
600460.SH,2025-12-19,27.63,27.8,27.48,27.67,27.43,0.24,0.875,141425.07,391297.369
600460.SH,2025-12-22,27.69,28.25,27.69,28.09,27.67,0.42,1.5179,202477.67,568478.819
600460.SH,2025-12-23,28.01,28.19,27.9,28.01,28.09,-0.08,-0.2848,179910.69,504723.011
600460.SH,2025-12-24,28.01,28.57,27.95,28.26,28.01,0.25,0.8925,233816.8,660873.41
600460.SH,2025-12-25,28.3,28.45,28.17,28.31,28.26,0.05,0.1769,191412.3,541369.042
600460.SH,2025-12-26,28.25,28.45,28.05,28.2,28.31,-0.11,-0.3886,211948.29,599327.929
600460.SH,2025-12-29,28.12,28.39,27.88,27.98,28.2,-0.22,-0.7801,210937.15,593183.341
600460.SH,2025-12-30,27.93,28.39,27.81,28.19,27.98,0.21,0.7505,191817.6,541394.522
600460.SH,2025-12-31,28.21,28.47,28.02,28.41,28.19,0.22,0.7804,237151.81,669463.232
600460.SH,2026-01-05,28.56,28.8,28.55,28.72,28.41,0.31,1.0912,353648.06,1014155.768
600460.SH,2026-01-06,28.8,29.41,28.7,29.29,28.72,0.57,1.9847,505035.75,1471122.929
600460.SH,2026-01-07,29.39,29.95,29.24,29.64,29.29,0.35,1.1949,580805.34,1720957.401
600460.SH,2026-01-08,29.6,29.81,29.29,29.48,29.64,-0.16,-0.5398,369349.84,1091494.637
600460.SH,2026-01-09,29.38,29.75,29.31,29.58,29.48,0.1,0.3392,408562.74,1207049.572
600460.SH,2026-01-12,29.59,29.86,29.45,29.82,29.58,0.24,0.8114,475856.33,1413605.27
600460.SH,2026-01-13,29.83,29.88,28.71,28.89,29.82,-0.93,-3.1187,510398.72,1490274.029
600460.SH,2026-01-14,28.8,29.43,28.62,28.93,28.89,0.04,0.1385,471953.64,1374292.378
600460.SH,2026-01-15,28.93,29.49,28.76,29.45,28.93,0.52,1.7974,420516.27,1226109.604
600460.SH,2026-01-16,29.6,30.86,29.6,30.67,29.45,1.22,4.1426,1038756.97,3148864.653
600460.SH,2026-01-19,31.01,31.29,30.26,30.59,30.67,-0.08,-0.2608,691277.41,2120788.055
600460.SH,2026-01-20,30.4,31.0,30.25,30.51,30.59,-0.08,-0.2615,507014.2,1552334.758
600460.SH,2026-01-21,30.25,31.57,30.2,31.53,30.51,1.02,3.3432,921151.47,2872291.37
600460.SH,2026-01-22,32.0,32.1,30.71,31.15,31.53,-0.38,-1.2052,753538.8,2347347.414
600460.SH,2026-01-23,31.0,31.68,30.83,31.66,31.15,0.51,1.6372,652110.82,2038199.596
600460.SH,2026-01-26,31.6,31.6,30.53,30.68,31.66,-0.98,-3.0954,544223.67,1679749.747
600460.SH,2026-01-27,30.4,32.1,30.4,32.02,30.68,1.34,4.3677,998767.6,3146915.375
600460.SH,2026-01-28,31.88,34.36,31.82,34.0,32.02,1.98,6.1836,1640403.22,5501211.091
600460.SH,2026-01-29,33.3,34.98,33.09,33.55,34.0,-0.45,-1.3235,1198241.38,4062237.269
600460.SH,2026-01-30,33.44,33.85,32.19,33.39,33.55,-0.16,-0.4769,811009.2,2679359.624
600460.SH,2026-02-02,33.07,33.31,30.69,30.69,33.39,-2.7,-8.0863,807858.29,2549429.044
600460.SH,2026-02-03,31.4,31.58,30.75,31.0,30.69,0.31,1.0101,585715.7,1822261.982
600460.SH,2026-02-04,30.53,30.58,29.92,30.4,31.0,-0.6,-1.9355,535742.48,1618724.154
600460.SH,2026-02-05,29.86,31.78,29.2,31.12,30.4,0.72,2.3684,892858.55,2706634.807
600460.SH,2026-02-06,30.3,30.79,30.17,30.18,31.12,-0.94,-3.0206,489024.04,1487231.865
600460.SH,2026-02-09,30.62,32.27,30.06,31.63,30.18,1.45,4.8045,801204.79,2512179.849
600460.SH,2026-02-10,31.5,31.9,31.0,31.02,31.63,-0.61,-1.9285,494602.29,1552549.145
600460.SH,2026-02-11,30.86,31.11,30.54,30.56,31.02,-0.46,-1.4829,341427.25,1050871.145
600460.SH,2026-02-12,30.89,32.55,30.74,32.27,30.56,1.71,5.5955,945219.53,3020289.404
600460.SH,2026-02-13,32.04,32.4,31.71,31.76,32.27,-0.51,-1.5804,500142.18,1603860.336
600460.SH,2026-02-24,32.11,32.38,31.42,32.02,31.76,0.26,0.8186,461463.34,1474427.108
600460.SH,2026-02-25,32.03,32.67,31.69,32.49,32.02,0.47,1.4678,564839.4,1821765.509
600460.SH,2026-02-26,32.61,33.0,32.43,32.55,32.49,0.06,0.1847,551152.25,1798982.758
600460.SH,2026-02-27,32.1,32.22,31.6,32.19,32.55,-0.36,-1.106,415558.21,1331369.076
600460.SH,2026-03-02,31.3,31.74,30.92,31.13,32.19,-1.06,-3.2929,529171.88,1654695.418
600460.SH,2026-03-03,31.38,31.63,28.68,28.73,31.13,-2.4,-7.7096,796034.99,2371535.051
600460.SH,2026-03-04,28.3,29.2,28.16,28.43,28.73,-0.3,-1.0442,418747.21,1202740.353
600460.SH,2026-03-05,29.1,29.54,28.73,28.93,28.43,0.5,1.7587,407344.61,1188715.242
600460.SH,2026-03-06,28.79,29.13,28.7,28.88,28.93,-0.05,-0.1728,316045.21,914201.308
600460.SH,2026-03-09,28.15,28.68,27.66,28.52,28.88,-0.36,-1.2465,403708.74,1131397.182
600460.SH,2026-03-10,28.95,29.59,28.9,29.35,28.52,0.83,2.9102,403698.99,1178743.99
600460.SH,2026-03-11,29.29,29.5,29.08,29.15,29.35,-0.2,-0.6814,298194.17,872090.331
600460.SH,2026-03-12,29.03,29.56,28.78,29.0,29.15,-0.15,-0.5146,278043.02,808808.467
600460.SH,2026-03-13,28.72,29.15,28.48,28.56,29.0,-0.44,-1.5172,252334.87,726185.547
600460.SH,2026-03-16,28.51,29.02,28.14,29.0,28.56,0.44,1.5406,280904.28,804946.481
600460.SH,2026-03-17,29.07,29.1,28.2,28.22,29.0,-0.78,-2.6897,279484.69,798605.733
600460.SH,2026-03-18,28.4,28.67,28.0,28.57,28.22,0.35,1.2403,236624.92,670707.196
600460.SH,2026-03-19,28.09,28.17,27.8,27.86,28.57,-0.71,-2.4851,245743.98,686987.118
600460.SH,2026-03-20,27.99,28.33,27.11,27.14,27.86,-0.72,-2.5844,272395.09,753455.532
600460.SH,2026-03-23,26.39,26.84,25.66,25.85,27.14,-1.29,-4.7531,349888.29,917100.22
600460.SH,2026-03-24,26.28,26.35,25.52,26.25,25.85,0.4,1.5474,239557.07,621287.054
600460.SH,2026-03-25,26.37,26.93,26.36,26.74,26.25,0.49,1.8667,258041.27,688092.627
600460.SH,2026-03-26,26.61,26.73,25.95,26.03,26.74,-0.71,-2.6552,194334.2,510808.555
600460.SH,2026-03-27,25.58,26.32,25.52,26.14,26.03,0.11,0.4226,157254.77,408893.801
600460.SH,2026-03-30,25.6,25.96,25.45,25.95,26.14,-0.19,-0.7269,206658.31,531318.142
600460.SH,2026-03-31,25.79,26.19,25.5,25.52,25.95,-0.43,-1.657,200707.02,517847.483
600460.SH,2026-04-01,26.05,26.13,25.75,25.99,25.52,0.47,1.8417,187399.38,486001.803
600460.SH,2026-04-02,25.93,25.94,25.1,25.19,25.99,-0.8,-3.0781,211641.2,539175.139
600460.SH,2026-04-03,25.21,25.35,24.7,24.72,25.19,-0.47,-1.8658,186276.26,464543.802
600460.SH,2026-04-07,24.83,25.28,24.83,25.07,24.72,0.35,1.4159,153593.6,385702.131
600460.SH,2026-04-08,25.81,26.49,25.68,26.48,25.07,1.41,5.6243,328036.19,856078.165
600460.SH,2026-04-09,26.1,26.43,25.97,26.22,26.48,-0.26,-0.9819,227523.62,596415.959
600460.SH,2026-04-10,26.47,26.79,26.47,26.58,26.22,0.36,1.373,242711.83,646788.47
600460.SH,2026-04-13,26.21,26.75,26.21,26.58,26.58,0.0,0.0,174847.76,464993.223
600460.SH,2026-04-14,26.86,27.07,26.66,26.93,26.58,0.35,1.3168,242790.3,652535.067
600460.SH,2026-04-15,27.12,27.18,26.46,26.58,26.93,-0.35,-1.2997,237014.14,635813.316
600460.SH,2026-04-16,26.61,26.82,26.55,26.68,26.58,0.1,0.3762,243951.84,650579.422
600460.SH,2026-04-17,26.61,27.07,26.46,26.94,26.68,0.26,0.9745,260023.59,698789.983
600460.SH,2026-04-20,26.95,27.47,26.94,27.35,26.94,0.41,1.5219,281833.3,769875.262
600460.SH,2026-04-21,27.34,27.34,26.77,27.08,27.35,-0.27,-0.9872,219942.05,593432.237
600460.SH,2026-04-22,27.08,27.62,26.95,27.61,27.08,0.53,1.9572,320421.64,876967.881
600460.SH,2026-04-23,27.61,28.08,27.3,27.36,27.61,-0.25,-0.9055,345595.06,954960.847
600460.SH,2026-04-24,27.47,28.08,27.41,27.82,27.36,0.46,1.6813,413094.19,1147879.42
600460.SH,2026-04-27,28.07,29.19,27.7,28.93,27.82,1.11,3.9899,640711.04,1822357.196
600460.SH,2026-04-28,28.9,29.31,28.3,28.44,28.93,-0.49,-1.6937,498091.13,1430294.727
