ts_code,date,open,high,low,close,pre_close,change,pct_chg,volume,amount
601939.SH,2020-01-02,7.29,7.39,7.28,7.31,7.23,0.08,1.1065,1193038.16,874838.199
601939.SH,2020-01-03,7.31,7.35,7.29,7.31,7.31,0.0,0.0,705830.61,516045.235
601939.SH,2020-01-06,7.29,7.32,7.22,7.24,7.31,-0.07,-0.9576,828712.77,603218.997
601939.SH,2020-01-07,7.26,7.29,7.22,7.23,7.24,-0.01,-0.1381,1106435.65,800936.075
601939.SH,2020-01-08,7.21,7.21,7.14,7.14,7.23,-0.09,-1.2448,971101.19,696441.886
601939.SH,2020-01-09,7.19,7.2,7.13,7.16,7.14,0.02,0.2801,848503.01,607455.302
601939.SH,2020-01-10,7.17,7.18,7.14,7.16,7.16,0.0,0.0,530992.16,379598.664
601939.SH,2020-01-13,7.16,7.17,7.12,7.17,7.16,0.01,0.1397,735764.36,525773.774
601939.SH,2020-01-14,7.18,7.2,7.16,7.16,7.17,-0.01,-0.1395,546323.26,392032.898
601939.SH,2020-01-15,7.17,7.17,7.13,7.14,7.16,-0.02,-0.2793,439992.14,314244.319
601939.SH,2020-01-16,7.15,7.15,7.08,7.09,7.14,-0.05,-0.7003,941075.91,668514.263
601939.SH,2020-01-17,7.09,7.13,7.07,7.08,7.09,-0.01,-0.141,553205.19,392561.725
601939.SH,2020-01-20,7.09,7.11,7.07,7.1,7.08,0.02,0.2825,739731.11,524550.417
601939.SH,2020-01-21,7.09,7.09,7.03,7.04,7.1,-0.06,-0.8451,894648.95,630441.873
601939.SH,2020-01-22,7.02,7.06,6.99,7.05,7.04,0.01,0.142,870632.79,611037.706
601939.SH,2020-01-23,7.02,7.03,6.92,6.97,7.05,-0.08,-1.1348,1255989.9,874549.382
601939.SH,2020-02-03,6.42,6.66,6.33,6.44,6.97,-0.53,-7.604,1936614.64,1255253.732
601939.SH,2020-02-04,6.43,6.74,6.41,6.68,6.44,0.24,3.7267,1654194.71,1088628.225
601939.SH,2020-02-05,6.68,6.77,6.61,6.71,6.68,0.03,0.4491,1036252.38,695437.342
601939.SH,2020-02-06,6.74,6.74,6.63,6.69,6.71,-0.02,-0.2981,1439352.09,960638.75
601939.SH,2020-02-07,6.65,6.65,6.57,6.63,6.69,-0.06,-0.8969,1082384.28,714670.329
601939.SH,2020-02-10,6.6,6.63,6.56,6.62,6.63,-0.01,-0.1508,698717.29,461239.306
601939.SH,2020-02-11,6.63,6.69,6.6,6.69,6.62,0.07,1.0574,948842.07,632527.248
601939.SH,2020-02-12,6.68,6.69,6.64,6.69,6.69,0.0,0.0,631233.8,420957.355
601939.SH,2020-02-13,6.69,6.69,6.6,6.62,6.69,-0.07,-1.0463,919536.37,610198.15
601939.SH,2020-02-14,6.6,6.67,6.58,6.65,6.62,0.03,0.4532,688549.35,456977.713
601939.SH,2020-02-17,6.64,6.74,6.62,6.74,6.65,0.09,1.3534,909928.21,608933.843
601939.SH,2020-02-18,6.73,6.74,6.68,6.7,6.74,-0.04,-0.5935,844002.48,566197.724
601939.SH,2020-02-19,6.69,6.74,6.68,6.71,6.7,0.01,0.1493,909091.86,609473.673
601939.SH,2020-02-20,6.71,6.77,6.64,6.76,6.71,0.05,0.7452,1227634.01,822081.008
601939.SH,2020-02-21,6.73,6.82,6.7,6.77,6.76,0.01,0.1479,925764.05,625241.501
601939.SH,2020-02-24,6.77,6.77,6.7,6.71,6.77,-0.06,-0.8863,880497.84,591534.393
601939.SH,2020-02-25,6.65,6.68,6.61,6.64,6.71,-0.07,-1.0432,889275.76,589708.388
601939.SH,2020-02-26,6.59,6.69,6.55,6.65,6.64,0.01,0.1506,838202.6,555858.617
601939.SH,2020-02-27,6.65,6.67,6.62,6.67,6.65,0.02,0.3008,725983.42,482165.486
601939.SH,2020-02-28,6.61,6.64,6.5,6.5,6.67,-0.17,-2.5487,1279463.82,839874.422
601939.SH,2020-03-02,6.51,6.61,6.51,6.59,6.5,0.09,1.3846,804392.13,528691.17
601939.SH,2020-03-03,6.63,6.67,6.59,6.6,6.59,0.01,0.1517,901535.24,597097.091
601939.SH,2020-03-04,6.6,6.63,6.57,6.6,6.6,0.0,0.0,879905.24,580431.846
601939.SH,2020-03-05,6.62,6.72,6.58,6.71,6.6,0.11,1.6667,1666223.27,1109477.278
601939.SH,2020-03-06,6.66,6.7,6.62,6.63,6.71,-0.08,-1.1923,835120.44,555393.215
601939.SH,2020-03-09,6.57,6.57,6.47,6.48,6.63,-0.15,-2.2624,1639687.78,1066905.787
601939.SH,2020-03-10,6.45,6.55,6.45,6.53,6.48,0.05,0.7716,1227944.71,799213.379
601939.SH,2020-03-11,6.54,6.59,6.51,6.52,6.53,-0.01,-0.1531,777637.52,508983.158
601939.SH,2020-03-12,6.49,6.55,6.45,6.54,6.52,0.02,0.3067,1020851.27,663980.723
601939.SH,2020-03-13,6.37,6.53,6.34,6.49,6.54,-0.05,-0.7645,1153688.59,739770.673
601939.SH,2020-03-16,6.49,6.54,6.38,6.42,6.49,-0.07,-1.0786,1386621.41,895892.272
601939.SH,2020-03-17,6.39,6.47,6.31,6.45,6.42,0.03,0.4673,1212003.43,776931.715
601939.SH,2020-03-18,6.44,6.49,6.38,6.39,6.45,-0.06,-0.9302,882964.23,568937.726
601939.SH,2020-03-19,6.35,6.39,6.16,6.21,6.39,-0.18,-2.8169,1563420.78,977664.636
601939.SH,2020-03-20,6.26,6.39,6.19,6.32,6.21,0.11,1.7713,1204483.61,757006.627
601939.SH,2020-03-23,6.19,6.23,6.13,6.17,6.32,-0.15,-2.3734,952815.04,587925.053
601939.SH,2020-03-24,6.23,6.38,6.23,6.37,6.17,0.2,3.2415,1048875.55,660226.379
601939.SH,2020-03-25,6.43,6.45,6.36,6.38,6.37,0.01,0.157,1129854.81,722953.83
601939.SH,2020-03-26,6.32,6.45,6.32,6.4,6.38,0.02,0.3135,1015230.45,649203.693
601939.SH,2020-03-27,6.43,6.5,6.43,6.47,6.4,0.07,1.0938,759302.44,490965.255
601939.SH,2020-03-30,6.42,6.49,6.4,6.47,6.47,0.0,0.0,768983.04,495968.056
601939.SH,2020-03-31,6.49,6.51,6.32,6.34,6.47,-0.13,-2.0093,989833.11,633597.219
601939.SH,2020-04-01,6.33,6.4,6.32,6.38,6.34,0.04,0.6309,432432.22,275732.219
601939.SH,2020-04-02,6.35,6.43,6.34,6.43,6.38,0.05,0.7837,366279.94,234074.246
601939.SH,2020-04-03,6.4,6.44,6.37,6.4,6.43,-0.03,-0.4666,407487.43,261224.021
601939.SH,2020-04-07,6.47,6.48,6.39,6.42,6.4,0.02,0.3125,925805.36,594115.913
601939.SH,2020-04-08,6.4,6.41,6.35,6.37,6.42,-0.05,-0.7788,527124.76,336042.218
601939.SH,2020-04-09,6.39,6.4,6.36,6.4,6.37,0.03,0.471,358557.5,228894.829
601939.SH,2020-04-10,6.4,6.4,6.35,6.37,6.4,-0.03,-0.4688,433715.7,276236.463
601939.SH,2020-04-13,6.34,6.36,6.31,6.32,6.37,-0.05,-0.7849,391994.47,247985.215
601939.SH,2020-04-14,6.31,6.36,6.31,6.36,6.32,0.04,0.6329,452827.12,287103.948
601939.SH,2020-04-15,6.34,6.37,6.33,6.34,6.36,-0.02,-0.3145,342076.32,217284.352
601939.SH,2020-04-16,6.33,6.36,6.32,6.34,6.34,0.0,0.0,348280.14,220876.358
601939.SH,2020-04-17,6.36,6.37,6.32,6.35,6.34,0.01,0.1577,837998.02,531725.227
601939.SH,2020-04-20,6.34,6.35,6.31,6.31,6.35,-0.04,-0.6299,490512.9,309882.818
601939.SH,2020-04-21,6.32,6.32,6.23,6.25,6.31,-0.06,-0.9509,483936.84,302960.35
601939.SH,2020-04-22,6.23,6.26,6.2,6.26,6.25,0.01,0.16,381644.46,238147.883
601939.SH,2020-04-23,6.26,6.26,6.2,6.21,6.26,-0.05,-0.7987,482795.09,300145.133
601939.SH,2020-04-24,6.22,6.22,6.18,6.2,6.21,-0.01,-0.161,307280.17,190473.818
601939.SH,2020-04-27,6.2,6.3,6.2,6.26,6.2,0.06,0.9677,685708.75,429024.264
601939.SH,2020-04-28,6.26,6.3,6.2,6.27,6.26,0.01,0.1597,647166.61,405352.062
601939.SH,2020-04-29,6.28,6.42,6.28,6.42,6.27,0.15,2.3923,1031207.18,656859.311
601939.SH,2020-04-30,6.42,6.47,6.41,6.43,6.42,0.01,0.1558,510898.25,329137.342
601939.SH,2020-05-06,6.36,6.37,6.31,6.34,6.43,-0.09,-1.3997,685852.04,434737.754
601939.SH,2020-05-07,6.32,6.34,6.3,6.31,6.34,-0.03,-0.4732,534242.59,337504.598
601939.SH,2020-05-08,6.33,6.36,6.32,6.35,6.31,0.04,0.6339,615141.04,389908.446
601939.SH,2020-05-11,6.36,6.4,6.35,6.39,6.35,0.04,0.6299,580235.1,370154.15
601939.SH,2020-05-12,6.39,6.43,6.33,6.35,6.39,-0.04,-0.626,486629.01,309977.268
601939.SH,2020-05-13,6.34,6.39,6.32,6.38,6.35,0.03,0.4724,356542.45,226460.583
601939.SH,2020-05-14,6.37,6.37,6.32,6.32,6.38,-0.06,-0.9404,329527.0,208857.492
601939.SH,2020-05-15,6.35,6.35,6.31,6.31,6.32,-0.01,-0.1582,370461.33,234159.967
601939.SH,2020-05-18,6.33,6.35,6.29,6.32,6.31,0.01,0.1585,468427.42,296175.211
601939.SH,2020-05-19,6.36,6.41,6.34,6.39,6.32,0.07,1.1076,905668.86,577993.544
601939.SH,2020-05-20,6.4,6.44,6.37,6.41,6.39,0.02,0.313,561380.43,359518.674
601939.SH,2020-05-21,6.4,6.46,6.4,6.43,6.41,0.02,0.312,582498.44,375233.613
601939.SH,2020-05-22,6.43,6.46,6.31,6.32,6.43,-0.11,-1.7107,910668.04,581687.601
601939.SH,2020-05-25,6.32,6.36,6.3,6.33,6.32,0.01,0.1582,441701.7,279441.114
601939.SH,2020-05-26,6.35,6.37,6.33,6.34,6.33,0.01,0.158,412207.34,261729.153
601939.SH,2020-05-27,6.35,6.41,6.34,6.37,6.34,0.03,0.4732,456330.33,291090.163
601939.SH,2020-05-28,6.4,6.5,6.39,6.42,6.37,0.05,0.7849,765035.42,493239.04
601939.SH,2020-05-29,6.41,6.43,6.36,6.37,6.42,-0.05,-0.7788,475965.41,304091.828
601939.SH,2020-06-01,6.4,6.44,6.38,6.4,6.37,0.03,0.471,542271.79,347357.349
601939.SH,2020-06-02,6.39,6.42,6.38,6.41,6.4,0.01,0.1563,871349.41,557601.105
601939.SH,2020-06-03,6.43,6.47,6.41,6.43,6.41,0.02,0.312,761674.55,490422.049
601939.SH,2020-06-04,6.45,6.45,6.4,6.4,6.43,-0.03,-0.4666,428133.56,274492.808
601939.SH,2020-06-05,6.41,6.44,6.39,6.43,6.4,0.03,0.4688,465148.86,298144.318
601939.SH,2020-06-08,6.42,6.44,6.39,6.4,6.43,-0.03,-0.4666,916960.39,587522.791
601939.SH,2020-06-09,6.4,6.43,6.38,6.43,6.4,0.03,0.4688,727648.32,466705.928
601939.SH,2020-06-10,6.43,6.43,6.39,6.4,6.43,-0.03,-0.4666,537315.56,344460.969
601939.SH,2020-06-11,6.4,6.42,6.34,6.35,6.4,-0.05,-0.7813,898946.06,574070.22
601939.SH,2020-06-12,6.31,6.38,6.3,6.38,6.35,0.03,0.4724,895595.69,567585.519
601939.SH,2020-06-15,6.33,6.34,6.26,6.27,6.38,-0.11,-1.7241,937620.02,590905.336
601939.SH,2020-06-16,6.31,6.34,6.28,6.31,6.27,0.04,0.638,517172.57,326499.142
601939.SH,2020-06-17,6.3,6.35,6.29,6.31,6.31,0.0,0.0,418316.53,264161.354
601939.SH,2020-06-18,6.28,6.3,6.25,6.28,6.31,-0.03,-0.4754,857071.01,537602.282
601939.SH,2020-06-19,6.28,6.3,6.25,6.28,6.28,0.0,0.0,718035.61,450176.662
601939.SH,2020-06-22,6.28,6.34,6.27,6.3,6.28,0.02,0.3185,777326.67,490790.399
601939.SH,2020-06-23,6.29,6.31,6.26,6.27,6.3,-0.03,-0.4762,548726.62,344601.735
601939.SH,2020-06-24,6.27,6.33,6.27,6.32,6.27,0.05,0.7974,680153.06,429492.296
601939.SH,2020-06-29,6.38,6.4,6.25,6.28,6.32,-0.04,-0.6329,1131831.2,714348.821
601939.SH,2020-06-30,6.3,6.33,6.28,6.31,6.28,0.03,0.4777,726096.24,457752.79
601939.SH,2020-07-01,6.31,6.37,6.28,6.36,6.31,0.05,0.7924,961276.55,608399.244
601939.SH,2020-07-02,6.36,6.54,6.35,6.48,6.36,0.12,1.8868,2159930.87,1389838.419
601939.SH,2020-07-03,6.49,6.69,6.49,6.68,6.48,0.2,3.0864,2028626.0,1344223.37
601939.SH,2020-07-06,6.74,7.28,6.74,7.25,6.68,0.57,8.5329,3831752.2,2701581.035
601939.SH,2020-07-07,7.3,7.56,7.06,7.25,7.25,0.0,0.0,3221483.99,2338262.685
601939.SH,2020-07-08,7.18,7.29,7.08,7.23,7.25,-0.02,-0.2759,2052586.99,1472747.496
601939.SH,2020-07-09,7.18,7.22,7.08,7.17,7.23,-0.06,-0.8299,1678540.49,1198908.487
601939.SH,2020-07-10,6.85,6.86,6.52,6.55,6.85,-0.3,-4.3796,2311999.68,1537928.98
601939.SH,2020-07-13,6.51,6.55,6.47,6.5,6.55,-0.05,-0.7634,2591243.95,1685636.472
601939.SH,2020-07-14,6.48,6.51,6.37,6.42,6.5,-0.08,-1.2308,1700162.28,1093369.618
601939.SH,2020-07-15,6.43,6.46,6.3,6.31,6.42,-0.11,-1.7134,1371336.75,871594.639
601939.SH,2020-07-16,6.34,6.39,6.28,6.3,6.31,-0.01,-0.1585,1589368.11,1008223.537
601939.SH,2020-07-17,6.34,6.35,6.26,6.29,6.3,-0.01,-0.1587,1029948.48,648171.328
601939.SH,2020-07-20,6.31,6.42,6.29,6.4,6.29,0.11,1.7488,1293218.8,824328.872
601939.SH,2020-07-21,6.42,6.44,6.33,6.37,6.4,-0.03,-0.4688,927177.19,589676.459
601939.SH,2020-07-22,6.36,6.43,6.33,6.34,6.37,-0.03,-0.471,1042185.16,663593.77
601939.SH,2020-07-23,6.31,6.34,6.25,6.27,6.34,-0.07,-1.1041,1347029.02,845364.746
601939.SH,2020-07-24,6.26,6.26,6.08,6.12,6.27,-0.15,-2.3923,1884913.31,1162716.76
601939.SH,2020-07-27,6.14,6.14,6.04,6.06,6.12,-0.06,-0.9804,1379497.17,837524.9
601939.SH,2020-07-28,6.09,6.11,6.04,6.08,6.06,0.02,0.33,1001371.77,607795.389
601939.SH,2020-07-29,6.07,6.14,6.05,6.14,6.08,0.06,0.9868,905185.48,552533.384
601939.SH,2020-07-30,6.14,6.16,6.1,6.12,6.14,-0.02,-0.3257,740575.21,453648.667
601939.SH,2020-07-31,6.11,6.18,6.09,6.12,6.12,0.0,0.0,852676.92,522406.204
601939.SH,2020-08-03,6.12,6.16,6.11,6.15,6.12,0.03,0.4902,1039074.15,636797.636
601939.SH,2020-08-04,6.16,6.27,6.13,6.25,6.15,0.1,1.626,1617802.3,1004381.903
601939.SH,2020-08-05,6.22,6.24,6.17,6.21,6.25,-0.04,-0.64,842266.43,522014.367
601939.SH,2020-08-06,6.21,6.25,6.15,6.19,6.21,-0.02,-0.3221,744818.25,460422.809
601939.SH,2020-08-07,6.19,6.22,6.15,6.18,6.19,-0.01,-0.1616,651436.05,402227.13
601939.SH,2020-08-10,6.17,6.24,6.14,6.21,6.18,0.03,0.4854,744667.58,461407.02
601939.SH,2020-08-11,6.21,6.27,6.19,6.2,6.21,-0.01,-0.161,914684.03,570207.301
601939.SH,2020-08-12,6.16,6.22,6.16,6.21,6.2,0.01,0.1613,823678.03,510248.371
601939.SH,2020-08-13,6.21,6.24,6.19,6.2,6.21,-0.01,-0.161,437976.23,272077.324
601939.SH,2020-08-14,6.21,6.24,6.18,6.23,6.2,0.03,0.4839,663805.99,412165.02
601939.SH,2020-08-17,6.23,6.42,6.23,6.37,6.23,0.14,2.2472,2181706.43,1385698.165
601939.SH,2020-08-18,6.37,6.37,6.3,6.32,6.37,-0.05,-0.7849,987545.92,624758.086
601939.SH,2020-08-19,6.33,6.33,6.27,6.27,6.32,-0.05,-0.7911,651400.5,410067.338
601939.SH,2020-08-20,6.28,6.28,6.19,6.2,6.27,-0.07,-1.1164,840197.31,523576.598
601939.SH,2020-08-21,6.23,6.24,6.2,6.22,6.2,0.02,0.3226,446699.8,277724.395
601939.SH,2020-08-24,6.23,6.26,6.21,6.22,6.22,0.0,0.0,489656.48,304968.766
601939.SH,2020-08-25,6.23,6.25,6.2,6.21,6.22,-0.01,-0.1608,426093.69,264933.763
601939.SH,2020-08-26,6.21,6.22,6.15,6.16,6.21,-0.05,-0.8052,579029.21,357501.066
601939.SH,2020-08-27,6.17,6.18,6.13,6.15,6.16,-0.01,-0.1623,599138.44,368044.123
601939.SH,2020-08-28,6.15,6.21,6.13,6.21,6.15,0.06,0.9756,628304.35,388222.066
601939.SH,2020-08-31,6.22,6.26,6.18,6.2,6.21,-0.01,-0.161,1236510.57,770331.057
601939.SH,2020-09-01,6.18,6.21,6.16,6.2,6.2,0.0,0.0,661146.58,408684.331
601939.SH,2020-09-02,6.18,6.19,6.14,6.17,6.2,-0.03,-0.4839,745848.41,459734.268
601939.SH,2020-09-03,6.16,6.18,6.1,6.13,6.17,-0.04,-0.6483,797266.74,489021.754
601939.SH,2020-09-04,6.1,6.14,6.09,6.11,6.13,-0.02,-0.3263,586056.25,357785.233
601939.SH,2020-09-07,6.11,6.15,6.09,6.11,6.11,0.0,0.0,561113.89,343912.289
601939.SH,2020-09-08,6.14,6.23,6.12,6.22,6.11,0.11,1.8003,935537.47,578602.992
601939.SH,2020-09-09,6.19,6.25,6.16,6.18,6.22,-0.04,-0.6431,653871.9,405967.007
601939.SH,2020-09-10,6.2,6.22,6.12,6.14,6.18,-0.04,-0.6472,662097.28,407982.425
601939.SH,2020-09-11,6.15,6.2,6.11,6.15,6.14,0.01,0.1629,566623.9,348633.344
601939.SH,2020-09-14,6.15,6.16,6.11,6.13,6.15,-0.02,-0.3252,529978.26,324807.134
601939.SH,2020-09-15,6.13,6.15,6.11,6.12,6.13,-0.01,-0.1631,344163.62,210821.925
601939.SH,2020-09-16,6.12,6.17,6.11,6.13,6.12,0.01,0.1634,493987.24,303103.204
601939.SH,2020-09-17,6.13,6.16,6.11,6.15,6.13,0.02,0.3263,524184.73,321881.29
601939.SH,2020-09-18,6.14,6.25,6.12,6.24,6.15,0.09,1.4634,1081661.79,670486.6
601939.SH,2020-09-21,6.24,6.26,6.18,6.21,6.24,-0.03,-0.4808,560742.79,348580.757
601939.SH,2020-09-22,6.18,6.24,6.17,6.19,6.21,-0.02,-0.3221,535037.46,331648.966
601939.SH,2020-09-23,6.19,6.2,6.17,6.17,6.19,-0.02,-0.3231,399036.31,246650.674
601939.SH,2020-09-24,6.17,6.17,6.11,6.13,6.17,-0.04,-0.6483,490899.05,301172.436
601939.SH,2020-09-25,6.12,6.17,6.12,6.14,6.13,0.01,0.1631,471552.91,289686.755
601939.SH,2020-09-28,6.14,6.21,6.11,6.19,6.14,0.05,0.8143,730869.3,449665.567
601939.SH,2020-09-29,6.19,6.2,6.14,6.14,6.19,-0.05,-0.8078,436192.88,268616.68
601939.SH,2020-09-30,6.14,6.2,6.12,6.15,6.14,0.01,0.1629,583988.55,360171.073
601939.SH,2020-10-09,6.2,6.2,6.13,6.14,6.15,-0.01,-0.1626,684612.46,420386.551
601939.SH,2020-10-12,6.13,6.24,6.13,6.23,6.14,0.09,1.4658,1216081.44,752353.055
601939.SH,2020-10-13,6.2,6.23,6.15,6.17,6.23,-0.06,-0.9631,1030459.54,637180.241
601939.SH,2020-10-14,6.17,6.18,6.14,6.17,6.17,0.0,0.0,624997.58,384807.445
601939.SH,2020-10-15,6.17,6.24,6.15,6.23,6.17,0.06,0.9724,1190919.09,740247.104
601939.SH,2020-10-16,6.23,6.44,6.21,6.4,6.23,0.17,2.7287,3167930.69,2019037.694
601939.SH,2020-10-19,6.43,6.64,6.42,6.52,6.4,0.12,1.875,2490650.42,1634649.432
601939.SH,2020-10-20,6.51,6.51,6.31,6.35,6.52,-0.17,-2.6074,1715248.91,1091680.246
601939.SH,2020-10-21,6.35,6.47,6.31,6.43,6.35,0.08,1.2598,1078575.73,690841.759
601939.SH,2020-10-22,6.44,6.51,6.4,6.47,6.43,0.04,0.6221,984893.09,635138.155
601939.SH,2020-10-23,6.44,6.55,6.42,6.47,6.47,0.0,0.0,1097300.81,712648.296
601939.SH,2020-10-26,6.48,6.51,6.39,6.44,6.47,-0.03,-0.4637,888519.43,572114.366
601939.SH,2020-10-27,6.42,6.44,6.37,6.39,6.44,-0.05,-0.7764,776860.86,496898.399
601939.SH,2020-10-28,6.38,6.39,6.26,6.29,6.39,-0.1,-1.5649,786915.81,496532.321
601939.SH,2020-10-29,6.25,6.33,6.23,6.29,6.29,0.0,0.0,725254.36,455101.289
601939.SH,2020-10-30,6.27,6.39,6.25,6.29,6.29,0.0,0.0,835925.49,527576.126
601939.SH,2020-11-02,6.26,6.31,6.21,6.24,6.29,-0.05,-0.7949,913138.07,571035.144
601939.SH,2020-11-03,6.27,6.38,6.25,6.27,6.24,0.03,0.4808,812078.69,512052.961
601939.SH,2020-11-04,6.33,6.38,6.29,6.35,6.27,0.08,1.2759,724487.55,459361.804
601939.SH,2020-11-05,6.42,6.42,6.32,6.36,6.35,0.01,0.1575,882807.24,560913.223
601939.SH,2020-11-06,6.36,6.41,6.3,6.39,6.36,0.03,0.4717,924253.0,588442.095
601939.SH,2020-11-09,6.42,6.43,6.36,6.4,6.39,0.01,0.1565,950503.98,608177.608
601939.SH,2020-11-10,6.44,6.57,6.43,6.45,6.4,0.05,0.7813,1309526.79,849631.079
601939.SH,2020-11-11,6.45,6.63,6.43,6.58,6.45,0.13,2.0155,1710227.83,1121535.906
601939.SH,2020-11-12,6.58,6.6,6.5,6.53,6.58,-0.05,-0.7599,660538.32,432161.29
601939.SH,2020-11-13,6.5,6.52,6.38,6.4,6.53,-0.13,-1.9908,790075.37,507411.139
601939.SH,2020-11-16,6.4,6.43,6.37,6.42,6.4,0.02,0.3125,679808.72,435523.03
601939.SH,2020-11-17,6.42,6.52,6.41,6.48,6.42,0.06,0.9346,646555.86,418167.943
601939.SH,2020-11-18,6.48,6.62,6.47,6.57,6.48,0.09,1.3889,1244213.8,817599.724
601939.SH,2020-11-19,6.56,6.66,6.54,6.65,6.57,0.08,1.2177,1404950.67,930302.237
601939.SH,2020-11-20,6.62,6.63,6.53,6.57,6.65,-0.08,-1.203,648837.54,426109.658
601939.SH,2020-11-23,6.54,6.73,6.53,6.71,6.57,0.14,2.1309,1201709.56,799388.676
601939.SH,2020-11-24,6.69,6.76,6.63,6.64,6.71,-0.07,-1.0432,942735.99,630795.951
601939.SH,2020-11-25,6.69,6.76,6.62,6.62,6.64,-0.02,-0.3012,962442.72,644608.424
601939.SH,2020-11-26,6.65,6.75,6.6,6.74,6.62,0.12,1.8127,1085966.41,727799.893
601939.SH,2020-11-27,6.74,7.03,6.74,7.03,6.74,0.29,4.3027,3146831.69,2178645.233
601939.SH,2020-11-30,7.17,7.55,7.15,7.15,7.03,0.12,1.707,5441024.09,3987101.38
601939.SH,2020-12-01,7.18,7.37,7.07,7.3,7.15,0.15,2.0979,2425326.35,1753502.571
601939.SH,2020-12-02,7.29,7.38,7.13,7.31,7.3,0.01,0.137,1781577.94,1297382.602
601939.SH,2020-12-03,7.34,7.38,7.21,7.3,7.31,-0.01,-0.1368,1048842.41,765621.1
601939.SH,2020-12-04,7.25,7.29,7.06,7.14,7.3,-0.16,-2.1918,1327346.43,947757.895
601939.SH,2020-12-07,7.14,7.17,6.96,6.97,7.14,-0.17,-2.381,1098311.26,771889.245
601939.SH,2020-12-08,6.97,7.0,6.72,6.77,6.97,-0.2,-2.8694,1790353.62,1218299.475
601939.SH,2020-12-09,6.78,6.83,6.72,6.72,6.77,-0.05,-0.7386,1194616.05,808472.462
601939.SH,2020-12-10,6.66,6.71,6.52,6.58,6.72,-0.14,-2.0833,1690564.23,1114206.333
601939.SH,2020-12-11,6.58,6.6,6.46,6.49,6.58,-0.09,-1.3678,1529318.65,995564.207
601939.SH,2020-12-14,6.52,6.58,6.47,6.53,6.49,0.04,0.6163,1194672.71,778228.271
601939.SH,2020-12-15,6.51,6.52,6.36,6.43,6.53,-0.1,-1.5314,1678890.52,1076440.239
601939.SH,2020-12-16,6.43,6.48,6.37,6.43,6.43,0.0,0.0,1613752.22,1035673.106
601939.SH,2020-12-17,6.43,6.46,6.32,6.45,6.43,0.02,0.311,1473174.72,942128.333
601939.SH,2020-12-18,6.41,6.44,6.37,6.41,6.45,-0.04,-0.6202,1191732.57,763087.497
601939.SH,2020-12-21,6.4,6.44,6.33,6.36,6.41,-0.05,-0.78,1506220.19,959439.193
601939.SH,2020-12-22,6.34,6.35,6.21,6.23,6.36,-0.13,-2.044,2225333.32,1395411.566
601939.SH,2020-12-23,6.22,6.26,6.18,6.24,6.23,0.01,0.1605,1472594.9,914669.991
601939.SH,2020-12-24,6.25,6.3,6.24,6.27,6.24,0.03,0.4808,824026.23,516183.704
601939.SH,2020-12-25,6.27,6.3,6.25,6.27,6.27,0.0,0.0,614143.22,384954.271
601939.SH,2020-12-28,6.27,6.3,6.21,6.24,6.27,-0.03,-0.4785,1267058.94,790459.904
601939.SH,2020-12-29,6.26,6.28,6.22,6.25,6.24,0.01,0.1603,1184430.86,740559.274
601939.SH,2020-12-30,6.26,6.27,6.2,6.22,6.25,-0.03,-0.48,1333440.49,831085.37
601939.SH,2020-12-31,6.23,6.32,6.21,6.28,6.22,0.06,0.9646,1824756.75,1144142.44
601939.SH,2021-01-04,6.24,6.27,6.2,6.25,6.28,-0.03,-0.4777,1955596.81,1218509.921
601939.SH,2021-01-05,6.22,6.24,6.16,6.2,6.25,-0.05,-0.8,1816628.75,1124211.336
601939.SH,2021-01-06,6.19,6.26,6.18,6.26,6.2,0.06,0.9677,1346543.94,838376.367
601939.SH,2021-01-07,6.28,6.38,6.24,6.31,6.26,0.05,0.7987,1798607.37,1131328.927
601939.SH,2021-01-08,6.32,6.4,6.3,6.34,6.31,0.03,0.4754,1836192.6,1165237.523
601939.SH,2021-01-11,6.36,6.5,6.35,6.45,6.34,0.11,1.735,2684473.56,1731517.098
601939.SH,2021-01-12,6.45,6.5,6.38,6.49,6.45,0.04,0.6202,1827318.11,1175621.29
601939.SH,2021-01-13,6.48,6.6,6.47,6.58,6.49,0.09,1.3867,1537755.28,1005468.726
601939.SH,2021-01-14,6.59,6.69,6.54,6.55,6.58,-0.03,-0.4559,1500280.42,990295.521
601939.SH,2021-01-15,6.62,6.83,6.62,6.69,6.55,0.14,2.1374,2914589.89,1960671.319
601939.SH,2021-01-18,6.75,6.8,6.66,6.76,6.69,0.07,1.0463,1786202.62,1202704.263
601939.SH,2021-01-19,6.75,7.03,6.7,6.95,6.76,0.19,2.8107,2607771.17,1797083.464
601939.SH,2021-01-20,6.93,6.99,6.74,6.78,6.95,-0.17,-2.446,1846212.2,1260739.262
601939.SH,2021-01-21,6.83,6.88,6.68,6.74,6.78,-0.04,-0.59,1636534.78,1106502.705
601939.SH,2021-01-22,6.71,6.74,6.51,6.58,6.74,-0.16,-2.3739,1775989.12,1169347.409
601939.SH,2021-01-25,6.52,6.64,6.46,6.61,6.58,0.03,0.4559,1528690.97,999332.639
601939.SH,2021-01-26,6.6,6.71,6.58,6.67,6.61,0.06,0.9077,1097441.12,731750.884
601939.SH,2021-01-27,6.65,6.86,6.64,6.73,6.67,0.06,0.8996,1463140.98,990314.807
601939.SH,2021-01-28,6.69,6.78,6.61,6.66,6.73,-0.07,-1.0401,1306427.51,872370.532
601939.SH,2021-01-29,6.69,6.84,6.62,6.76,6.66,0.1,1.5015,1894631.91,1278534.914
601939.SH,2021-02-01,6.71,6.8,6.6,6.76,6.76,0.0,0.0,1617046.24,1082512.242
601939.SH,2021-02-02,6.74,6.81,6.66,6.72,6.76,-0.04,-0.5917,1061602.68,714041.436
601939.SH,2021-02-03,6.7,6.75,6.61,6.67,6.72,-0.05,-0.744,1237518.78,827416.288
601939.SH,2021-02-04,6.65,6.77,6.61,6.63,6.67,-0.04,-0.5997,1640104.76,1093445.027
601939.SH,2021-02-05,6.63,6.96,6.62,6.92,6.63,0.29,4.3741,3502706.45,2397144.45
601939.SH,2021-02-08,6.97,7.02,6.82,6.94,6.92,0.02,0.289,2238483.48,1555257.415
601939.SH,2021-02-09,6.9,6.97,6.81,6.9,6.94,-0.04,-0.5764,1515096.9,1040706.839
601939.SH,2021-02-10,7.13,7.36,7.04,7.16,6.9,0.26,3.7681,3558165.23,2550625.361
601939.SH,2021-02-18,7.23,7.24,7.08,7.1,7.16,-0.06,-0.838,2152975.42,1542495.531
601939.SH,2021-02-19,7.08,7.17,7.05,7.11,7.1,0.01,0.1408,1477923.22,1049996.246
601939.SH,2021-02-22,7.08,7.3,7.04,7.29,7.11,0.18,2.5316,2221511.56,1597139.064
601939.SH,2021-02-23,7.24,7.48,7.24,7.38,7.29,0.09,1.2346,2292304.26,1687739.447
601939.SH,2021-02-24,7.4,7.41,7.1,7.15,7.38,-0.23,-3.1165,1691877.05,1225650.043
601939.SH,2021-02-25,7.18,7.45,7.15,7.36,7.15,0.21,2.9371,1979649.02,1448844.936
601939.SH,2021-02-26,7.27,7.52,7.2,7.26,7.36,-0.1,-1.3587,2465777.11,1819432.843
601939.SH,2021-03-01,7.25,7.3,7.18,7.27,7.26,0.01,0.1377,1077804.48,780233.779
601939.SH,2021-03-02,7.25,7.25,6.98,7.05,7.27,-0.22,-3.0261,1674060.3,1184618.999
601939.SH,2021-03-03,7.03,7.49,7.0,7.49,7.05,0.44,6.2411,2722065.8,1994836.65
601939.SH,2021-03-04,7.43,7.53,7.39,7.45,7.49,-0.04,-0.534,1636707.6,1220616.697
601939.SH,2021-03-05,7.4,7.54,7.22,7.46,7.45,0.01,0.1342,1849723.58,1364412.955
601939.SH,2021-03-08,7.5,7.6,7.29,7.34,7.46,-0.12,-1.6086,1791474.95,1331172.379
601939.SH,2021-03-09,7.37,7.46,7.2,7.22,7.34,-0.12,-1.6349,1733355.68,1268745.757
601939.SH,2021-03-10,7.22,7.32,7.1,7.22,7.22,0.0,0.0,1224906.83,882205.634
601939.SH,2021-03-11,7.28,7.41,7.28,7.41,7.22,0.19,2.6316,1234257.85,908045.825
601939.SH,2021-03-12,7.37,7.42,7.3,7.33,7.41,-0.08,-1.0796,961303.7,707484.612
601939.SH,2021-03-15,7.33,7.54,7.31,7.45,7.33,0.12,1.6371,1372112.46,1022572.603
601939.SH,2021-03-16,7.49,7.63,7.42,7.58,7.45,0.13,1.745,1345482.49,1017155.418
601939.SH,2021-03-17,7.53,7.53,7.37,7.45,7.58,-0.13,-1.715,1082708.57,805777.172
601939.SH,2021-03-18,7.42,7.5,7.38,7.42,7.45,-0.03,-0.4027,780683.21,578939.923
601939.SH,2021-03-19,7.44,7.46,7.2,7.21,7.42,-0.21,-2.8302,1315455.09,956628.779
601939.SH,2021-03-22,7.19,7.35,7.17,7.33,7.21,0.12,1.6644,1017158.49,740793.411
601939.SH,2021-03-23,7.3,7.38,7.2,7.27,7.33,-0.06,-0.8186,1000638.15,726428.398
601939.SH,2021-03-24,7.26,7.28,7.06,7.15,7.27,-0.12,-1.6506,1177533.11,840660.75
601939.SH,2021-03-25,7.16,7.19,7.06,7.06,7.15,-0.09,-1.2587,820607.35,582652.86
601939.SH,2021-03-26,7.08,7.11,7.02,7.09,7.06,0.03,0.4249,897853.3,633984.77
601939.SH,2021-03-29,7.11,7.22,7.07,7.21,7.09,0.12,1.6925,1328724.86,947720.647
601939.SH,2021-03-30,7.2,7.25,7.14,7.24,7.21,0.03,0.4161,1003387.84,722573.62
601939.SH,2021-03-31,7.21,7.35,7.2,7.35,7.24,0.11,1.5193,1044187.37,761683.504
601939.SH,2021-04-01,7.31,7.39,7.29,7.3,7.35,-0.05,-0.6803,558740.82,410097.976
601939.SH,2021-04-02,7.3,7.33,7.11,7.16,7.3,-0.14,-1.9178,1089234.24,781934.571
601939.SH,2021-04-06,7.16,7.23,7.12,7.23,7.16,0.07,0.9777,574297.77,411702.576
601939.SH,2021-04-07,7.24,7.29,7.2,7.24,7.23,0.01,0.1383,628896.38,455434.253
601939.SH,2021-04-08,7.24,7.28,7.2,7.25,7.24,0.01,0.1381,627351.63,454105.922
601939.SH,2021-04-09,7.25,7.25,7.15,7.18,7.25,-0.07,-0.9655,786501.11,565744.765
601939.SH,2021-04-12,7.19,7.33,7.15,7.28,7.18,0.1,1.3928,1148968.59,833853.336
601939.SH,2021-04-13,7.31,7.39,7.24,7.34,7.28,0.06,0.8242,1023447.1,749692.458
601939.SH,2021-04-14,7.33,7.34,7.2,7.24,7.34,-0.1,-1.3624,739273.78,535810.943
601939.SH,2021-04-15,7.21,7.27,7.18,7.26,7.24,0.02,0.2762,723491.44,523173.22
601939.SH,2021-04-16,7.24,7.28,7.21,7.26,7.26,0.0,0.0,611855.93,443278.71
601939.SH,2021-04-19,7.23,7.29,7.21,7.27,7.26,0.01,0.1377,721902.31,523933.508
601939.SH,2021-04-20,7.23,7.25,7.15,7.17,7.27,-0.1,-1.3755,970162.66,697893.134
601939.SH,2021-04-21,7.15,7.21,7.14,7.15,7.17,-0.02,-0.2789,746283.86,535285.985
601939.SH,2021-04-22,7.17,7.17,7.08,7.12,7.15,-0.03,-0.4196,736014.45,523505.166
601939.SH,2021-04-23,7.12,7.14,7.0,7.08,7.12,-0.04,-0.5618,953983.58,674407.07
601939.SH,2021-04-26,7.11,7.13,7.01,7.03,7.08,-0.05,-0.7062,875458.71,618488.934
601939.SH,2021-04-27,7.03,7.03,6.97,6.98,7.03,-0.05,-0.7112,534915.4,373787.132
601939.SH,2021-04-28,6.99,6.99,6.92,6.94,6.98,-0.04,-0.5731,665651.6,461785.774
601939.SH,2021-04-29,6.94,6.97,6.9,6.95,6.94,0.01,0.1441,1030874.0,714346.812
601939.SH,2021-04-30,6.93,6.94,6.7,6.73,6.95,-0.22,-3.1655,1982359.23,1341746.459
601939.SH,2021-05-06,6.74,6.8,6.72,6.73,6.73,0.0,0.0,937863.28,633171.612
601939.SH,2021-05-07,6.75,6.92,6.69,6.87,6.73,0.14,2.0802,1170947.77,800079.965
601939.SH,2021-05-10,6.87,6.94,6.85,6.94,6.87,0.07,1.0189,796374.08,549328.086
601939.SH,2021-05-11,6.91,6.96,6.87,6.91,6.94,-0.03,-0.4323,514518.13,355215.705
601939.SH,2021-05-12,6.85,7.0,6.85,6.99,6.91,0.08,1.1577,969090.77,674445.492
601939.SH,2021-05-13,6.97,7.01,6.9,6.95,6.99,-0.04,-0.5722,610206.35,423958.673
601939.SH,2021-05-14,6.95,7.0,6.9,6.98,6.95,0.03,0.4317,814951.16,566369.806
601939.SH,2021-05-17,6.96,7.07,6.94,6.99,6.98,0.01,0.1433,859500.93,602602.59
601939.SH,2021-05-18,7.0,7.0,6.95,6.97,6.99,-0.02,-0.2861,361264.28,251600.687
601939.SH,2021-05-19,6.97,6.97,6.9,6.93,6.97,-0.04,-0.5739,441262.94,305552.82
601939.SH,2021-05-20,6.92,6.98,6.9,6.94,6.93,0.01,0.1443,435869.15,302147.737
601939.SH,2021-05-21,6.94,6.96,6.85,6.87,6.94,-0.07,-1.0086,584298.25,402726.268
601939.SH,2021-05-24,6.88,6.91,6.83,6.85,6.87,-0.02,-0.2911,476242.73,326858.389
601939.SH,2021-05-25,6.84,7.0,6.78,7.0,6.85,0.15,2.1898,1289323.18,890917.768
601939.SH,2021-05-26,6.99,7.07,6.96,7.02,7.0,0.02,0.2857,1021776.1,716960.722
601939.SH,2021-05-27,7.0,7.02,6.95,6.97,7.02,-0.05,-0.7123,894029.25,624176.699
601939.SH,2021-05-28,6.97,7.04,6.95,7.02,6.97,0.05,0.7174,865106.87,604391.168
601939.SH,2021-05-31,7.02,7.02,6.86,6.93,7.02,-0.09,-1.2821,1178818.68,813772.56
601939.SH,2021-06-01,6.92,6.92,6.83,6.86,6.93,-0.07,-1.0101,907608.06,622024.806
601939.SH,2021-06-02,6.86,6.87,6.76,6.83,6.86,-0.03,-0.4373,1152097.63,783643.938
601939.SH,2021-06-03,6.81,6.85,6.76,6.77,6.83,-0.06,-0.8785,947780.99,643639.84
601939.SH,2021-06-04,6.77,6.85,6.75,6.81,6.77,0.04,0.5908,795020.72,540123.087
601939.SH,2021-06-07,6.79,6.8,6.76,6.78,6.81,-0.03,-0.4405,670732.23,454165.39
601939.SH,2021-06-08,6.78,6.81,6.75,6.81,6.78,0.03,0.4425,864757.67,585614.824
601939.SH,2021-06-09,6.78,6.84,6.78,6.79,6.81,-0.02,-0.2937,710996.71,484134.142
601939.SH,2021-06-10,6.78,6.83,6.77,6.79,6.79,0.0,0.0,780309.72,530897.153
601939.SH,2021-06-11,6.79,6.81,6.73,6.76,6.79,-0.03,-0.4418,852346.7,576459.896
601939.SH,2021-06-15,6.75,6.76,6.68,6.7,6.76,-0.06,-0.8876,688369.61,461437.429
601939.SH,2021-06-16,6.7,6.76,6.67,6.72,6.7,0.02,0.2985,684260.76,459565.554
601939.SH,2021-06-17,6.72,6.8,6.69,6.72,6.72,0.0,0.0,914333.02,617378.466
601939.SH,2021-06-18,6.7,6.72,6.67,6.68,6.72,-0.04,-0.5952,715864.87,478793.036
601939.SH,2021-06-21,6.67,6.7,6.64,6.65,6.68,-0.03,-0.4491,684286.75,456181.082
601939.SH,2021-06-22,6.67,6.7,6.65,6.67,6.65,0.02,0.3008,578889.95,386045.239
601939.SH,2021-06-23,6.65,6.67,6.6,6.62,6.67,-0.05,-0.7496,956734.67,633902.965
601939.SH,2021-06-24,6.63,6.69,6.6,6.67,6.62,0.05,0.7553,841271.94,559498.758
601939.SH,2021-06-25,6.66,6.75,6.65,6.74,6.67,0.07,1.0495,881907.6,592034.815
601939.SH,2021-06-28,6.74,6.74,6.63,6.64,6.74,-0.1,-1.4837,979159.1,652684.45
601939.SH,2021-06-29,6.64,6.64,6.59,6.59,6.64,-0.05,-0.753,893239.67,590398.54
601939.SH,2021-06-30,6.61,6.65,6.59,6.65,6.59,0.06,0.9105,619283.45,409429.839
601939.SH,2021-07-01,6.65,6.75,6.63,6.75,6.65,0.1,1.5038,1087542.6,727527.034
601939.SH,2021-07-02,6.7,6.7,6.63,6.68,6.75,-0.07,-1.037,768406.9,511832.998
601939.SH,2021-07-05,6.66,6.67,6.58,6.64,6.68,-0.04,-0.5988,897862.49,593728.572
601939.SH,2021-07-06,6.63,6.7,6.6,6.69,6.64,0.05,0.753,722133.26,481549.237
601939.SH,2021-07-07,6.7,6.73,6.64,6.67,6.69,-0.02,-0.299,630026.56,421173.826
601939.SH,2021-07-08,6.66,6.68,6.55,6.57,6.67,-0.1,-1.4993,1426341.48,939687.81
601939.SH,2021-07-09,6.55,6.57,6.45,6.48,6.57,-0.09,-1.3699,1213477.12,788190.994
601939.SH,2021-07-12,6.52,6.54,6.36,6.38,6.48,-0.1,-1.5432,1622916.28,1041873.239
601939.SH,2021-07-13,6.39,6.41,6.34,6.39,6.38,0.01,0.1567,1226345.46,780708.196
601939.SH,2021-07-14,6.39,6.39,6.3,6.3,6.39,-0.09,-1.4085,1336664.32,844545.371
601939.SH,2021-07-15,5.99,6.08,5.96,6.06,5.97,0.09,1.5075,1371566.76,826889.709
601939.SH,2021-07-16,6.05,6.08,6.01,6.06,6.06,0.0,0.0,675967.58,408754.834
601939.SH,2021-07-19,6.05,6.06,5.98,6.03,6.06,-0.03,-0.495,729658.85,439183.652
601939.SH,2021-07-20,6.02,6.03,5.98,5.99,6.03,-0.04,-0.6633,694570.92,416495.883
601939.SH,2021-07-21,6.0,6.02,5.91,5.93,5.99,-0.06,-1.0017,1116321.92,664669.698
601939.SH,2021-07-22,5.93,5.98,5.9,5.95,5.93,0.02,0.3373,912186.08,542076.967
601939.SH,2021-07-23,5.95,5.95,5.9,5.92,5.95,-0.03,-0.5042,923115.49,545965.168
601939.SH,2021-07-26,5.91,5.92,5.83,5.86,5.92,-0.06,-1.0135,968666.39,567808.677
601939.SH,2021-07-27,5.86,5.87,5.78,5.8,5.86,-0.06,-1.0239,926641.65,540236.343
601939.SH,2021-07-28,5.8,5.88,5.78,5.88,5.8,0.08,1.3793,1070668.84,625948.312
601939.SH,2021-07-29,5.88,5.9,5.8,5.82,5.88,-0.06,-1.0204,773673.66,450537.197
601939.SH,2021-07-30,5.8,5.81,5.73,5.76,5.82,-0.06,-1.0309,908010.15,522858.794
601939.SH,2021-08-02,5.74,5.81,5.68,5.79,5.76,0.03,0.5208,921017.48,529781.249
601939.SH,2021-08-03,5.78,5.79,5.72,5.74,5.79,-0.05,-0.8636,644323.17,369729.261
601939.SH,2021-08-04,5.74,5.77,5.71,5.71,5.74,-0.03,-0.5226,699407.54,400715.036
601939.SH,2021-08-05,5.71,5.74,5.69,5.7,5.71,-0.01,-0.1751,636527.22,363314.049
601939.SH,2021-08-06,5.7,5.7,5.64,5.68,5.7,-0.02,-0.3509,704675.14,399453.243
601939.SH,2021-08-09,5.68,5.8,5.66,5.74,5.68,0.06,1.0563,1065246.86,612977.309
601939.SH,2021-08-10,5.75,5.84,5.72,5.83,5.74,0.09,1.5679,904776.55,523514.131
601939.SH,2021-08-11,5.86,6.05,5.85,5.99,5.83,0.16,2.7444,1816948.86,1084859.155
601939.SH,2021-08-12,5.96,5.99,5.92,5.93,5.99,-0.06,-1.0017,608430.56,362063.629
601939.SH,2021-08-13,5.94,5.95,5.9,5.91,5.93,-0.02,-0.3373,451541.59,267101.196
601939.SH,2021-08-16,5.93,5.96,5.89,5.9,5.91,-0.01,-0.1692,593159.31,351282.826
601939.SH,2021-08-17,5.91,5.95,5.87,5.91,5.9,0.01,0.1695,869918.44,513721.665
601939.SH,2021-08-18,5.89,6.01,5.88,5.99,5.91,0.08,1.3536,1402861.86,835566.728
601939.SH,2021-08-19,5.97,5.97,5.9,5.93,5.99,-0.06,-1.0017,875045.02,518483.256
601939.SH,2021-08-20,5.93,5.96,5.9,5.93,5.93,0.0,0.0,1013721.92,601244.529
601939.SH,2021-08-23,5.92,5.95,5.9,5.92,5.93,-0.01,-0.1686,529524.0,313705.897
601939.SH,2021-08-24,5.92,5.95,5.91,5.93,5.92,0.01,0.1689,578259.69,342961.8
601939.SH,2021-08-25,5.94,5.94,5.88,5.89,5.93,-0.04,-0.6745,626635.07,369997.981
601939.SH,2021-08-26,5.88,5.9,5.85,5.87,5.89,-0.02,-0.3396,549406.19,322512.507
601939.SH,2021-08-27,5.86,5.89,5.85,5.85,5.87,-0.02,-0.3407,566170.61,331828.072
601939.SH,2021-08-30,5.87,5.87,5.75,5.77,5.85,-0.08,-1.3675,914506.67,529783.248
601939.SH,2021-08-31,5.78,5.85,5.76,5.85,5.77,0.08,1.3865,904413.76,524462.736
601939.SH,2021-09-01,5.84,5.99,5.84,5.95,5.85,0.1,1.7094,1463359.93,868570.263
601939.SH,2021-09-02,5.94,5.98,5.92,5.96,5.95,0.01,0.1681,717930.27,426924.896
601939.SH,2021-09-03,5.96,6.04,5.92,6.01,5.96,0.05,0.8389,1166855.74,698909.183
601939.SH,2021-09-06,6.0,6.03,5.98,6.0,6.01,-0.01,-0.1664,721745.59,433464.854
601939.SH,2021-09-07,6.0,6.1,5.98,6.07,6.0,0.07,1.1667,1215283.79,734617.999
601939.SH,2021-09-08,6.07,6.24,6.06,6.22,6.07,0.15,2.4712,2095146.25,1292983.061
601939.SH,2021-09-09,6.18,6.29,6.12,6.23,6.22,0.01,0.1608,1657141.3,1029636.392
601939.SH,2021-09-10,6.23,6.35,6.22,6.27,6.23,0.04,0.6421,1759594.23,1105974.594
601939.SH,2021-09-13,6.26,6.3,6.19,6.29,6.27,0.02,0.319,1422085.5,889729.715
601939.SH,2021-09-14,6.28,6.31,6.13,6.15,6.29,-0.14,-2.2258,1347641.41,836481.126
601939.SH,2021-09-15,6.15,6.18,6.11,6.12,6.15,-0.03,-0.4878,670279.49,411591.869
601939.SH,2021-09-16,6.14,6.19,6.05,6.05,6.12,-0.07,-1.1438,986547.34,604443.593
601939.SH,2021-09-17,6.07,6.09,6.02,6.07,6.05,0.02,0.3306,845333.41,512056.205
601939.SH,2021-09-22,5.95,5.99,5.88,5.95,6.07,-0.12,-1.9769,1287799.6,764120.237
601939.SH,2021-09-23,5.98,6.06,5.96,5.99,5.95,0.04,0.6723,740266.98,443895.166
601939.SH,2021-09-24,5.99,6.0,5.93,5.93,5.99,-0.06,-1.0017,618461.62,368224.266
601939.SH,2021-09-27,5.94,5.96,5.9,5.9,5.93,-0.03,-0.5059,701167.77,414698.475
601939.SH,2021-09-28,5.91,5.98,5.89,5.97,5.9,0.07,1.1864,748595.52,444901.029
601939.SH,2021-09-29,5.94,6.05,5.91,6.0,5.97,0.03,0.5025,1082287.25,647198.079
601939.SH,2021-09-30,5.98,6.01,5.95,5.97,6.0,-0.03,-0.5,579948.72,345952.61
601939.SH,2021-10-08,5.98,6.05,5.97,6.04,5.97,0.07,1.1725,712012.61,428569.824
601939.SH,2021-10-11,6.04,6.14,6.04,6.11,6.04,0.07,1.1589,922985.26,563165.063
601939.SH,2021-10-12,6.09,6.13,6.06,6.09,6.11,-0.02,-0.3273,641088.37,390633.637
601939.SH,2021-10-13,6.09,6.11,6.0,6.05,6.09,-0.04,-0.6568,637259.2,384844.662
601939.SH,2021-10-14,6.05,6.07,6.02,6.04,6.05,-0.01,-0.1653,381166.74,230185.816
601939.SH,2021-10-15,6.04,6.07,6.01,6.04,6.04,0.0,0.0,538827.47,325569.914
601939.SH,2021-10-18,6.04,6.06,5.99,6.0,6.04,-0.04,-0.6623,680143.72,408893.029
601939.SH,2021-10-19,6.0,6.05,5.98,6.04,6.0,0.04,0.6667,482860.41,290921.452
601939.SH,2021-10-20,6.04,6.06,5.98,6.01,6.04,-0.03,-0.4967,486946.49,292595.313
601939.SH,2021-10-21,6.02,6.08,6.01,6.08,6.01,0.07,1.1647,763871.64,462077.188
601939.SH,2021-10-22,6.07,6.12,6.04,6.07,6.08,-0.01,-0.1645,697539.38,423751.16
601939.SH,2021-10-25,6.03,6.07,6.01,6.05,6.07,-0.02,-0.3295,509259.88,307087.386
601939.SH,2021-10-26,6.05,6.06,6.01,6.03,6.05,-0.02,-0.3306,514242.3,310295.501
601939.SH,2021-10-27,6.02,6.02,5.97,6.01,6.03,-0.02,-0.3317,619369.42,371217.213
601939.SH,2021-10-28,5.99,6.01,5.96,5.97,6.01,-0.04,-0.6656,370135.7,221225.108
601939.SH,2021-10-29,5.98,5.99,5.9,5.93,5.97,-0.04,-0.67,944306.29,560524.297
601939.SH,2021-11-01,5.93,6.01,5.91,5.99,5.93,0.06,1.0118,1065241.45,635843.23
601939.SH,2021-11-02,5.98,6.0,5.87,5.9,5.99,-0.09,-1.5025,1228934.8,728076.232
601939.SH,2021-11-03,5.91,5.91,5.86,5.86,5.9,-0.04,-0.678,711336.7,417608.044
601939.SH,2021-11-04,5.87,5.87,5.82,5.84,5.86,-0.02,-0.3413,668695.79,390164.41
601939.SH,2021-11-05,5.83,5.84,5.79,5.8,5.84,-0.04,-0.6849,620081.2,360489.153
601939.SH,2021-11-08,5.8,5.83,5.78,5.81,5.8,0.01,0.1724,380279.14,221015.268
601939.SH,2021-11-09,5.82,5.84,5.8,5.84,5.81,0.03,0.5164,351333.11,204510.461
601939.SH,2021-11-10,5.84,5.84,5.78,5.82,5.84,-0.02,-0.3425,573968.73,333019.257
601939.SH,2021-11-11,5.82,5.88,5.8,5.87,5.82,0.05,0.8591,562166.02,329195.514
601939.SH,2021-11-12,5.87,5.87,5.82,5.85,5.87,-0.02,-0.3407,478109.78,279342.037
601939.SH,2021-11-15,5.83,5.85,5.81,5.83,5.85,-0.02,-0.3419,597552.63,348200.652
601939.SH,2021-11-16,5.83,5.84,5.81,5.84,5.83,0.01,0.1715,599422.05,349313.606
601939.SH,2021-11-17,5.83,5.84,5.81,5.83,5.84,-0.01,-0.1712,637234.81,370926.517
601939.SH,2021-11-18,5.82,5.84,5.8,5.83,5.83,0.0,0.0,563138.19,327540.863
601939.SH,2021-11-19,5.82,5.86,5.8,5.84,5.83,0.01,0.1715,674397.34,393028.747
601939.SH,2021-11-22,5.84,5.84,5.81,5.81,5.84,-0.03,-0.5137,609387.02,354611.053
601939.SH,2021-11-23,5.82,5.83,5.8,5.82,5.81,0.01,0.1721,535654.15,311741.851
601939.SH,2021-11-24,5.82,5.84,5.8,5.82,5.82,0.0,0.0,526249.48,306239.009
601939.SH,2021-11-25,5.81,5.82,5.8,5.81,5.82,-0.01,-0.1718,454788.16,264185.104
601939.SH,2021-11-26,5.8,5.81,5.77,5.79,5.81,-0.02,-0.3442,768288.14,444617.858
601939.SH,2021-11-29,5.76,5.78,5.74,5.76,5.79,-0.03,-0.5181,737766.4,424800.846
601939.SH,2021-11-30,5.76,5.77,5.74,5.76,5.76,0.0,0.0,520076.49,299282.267
601939.SH,2021-12-01,5.75,5.79,5.74,5.79,5.76,0.03,0.5208,495911.75,285877.558
601939.SH,2021-12-02,5.77,5.81,5.76,5.8,5.79,0.01,0.1727,571866.02,331019.856
601939.SH,2021-12-03,5.8,5.82,5.76,5.81,5.8,0.01,0.1724,658750.45,381448.937
601939.SH,2021-12-06,5.81,5.87,5.8,5.85,5.81,0.04,0.6885,942702.43,550999.729
601939.SH,2021-12-07,5.89,5.91,5.85,5.89,5.85,0.04,0.6838,945878.85,556050.426
601939.SH,2021-12-08,5.89,5.9,5.85,5.87,5.89,-0.02,-0.3396,559544.21,328357.413
601939.SH,2021-12-09,5.88,5.94,5.85,5.91,5.87,0.04,0.6814,932333.06,550019.027
601939.SH,2021-12-10,5.88,5.9,5.84,5.88,5.91,-0.03,-0.5076,854869.73,501504.636
601939.SH,2021-12-13,5.88,5.92,5.87,5.88,5.88,0.0,0.0,632853.95,373005.752
601939.SH,2021-12-14,5.87,5.88,5.82,5.83,5.88,-0.05,-0.8503,606700.42,354505.211
601939.SH,2021-12-15,5.81,5.84,5.81,5.83,5.83,0.0,0.0,380183.22,221330.389
601939.SH,2021-12-16,5.82,5.84,5.81,5.84,5.83,0.01,0.1715,532497.86,310301.506
601939.SH,2021-12-17,5.82,5.85,5.82,5.83,5.84,-0.01,-0.1712,423111.29,246667.813
601939.SH,2021-12-20,5.82,5.83,5.81,5.83,5.83,0.0,0.0,633874.51,369079.648
601939.SH,2021-12-21,5.81,5.91,5.8,5.87,5.83,0.04,0.6861,1067628.44,627154.681
601939.SH,2021-12-22,5.88,5.9,5.86,5.88,5.87,0.01,0.1704,573704.31,337264.567
601939.SH,2021-12-23,5.89,5.9,5.85,5.89,5.88,0.01,0.1701,574413.56,337444.246
601939.SH,2021-12-24,5.88,5.91,5.86,5.91,5.89,0.02,0.3396,595741.64,351303.923
601939.SH,2021-12-27,5.89,5.9,5.87,5.87,5.91,-0.04,-0.6768,478058.91,281176.898
601939.SH,2021-12-28,5.88,5.92,5.87,5.91,5.87,0.04,0.6814,593569.65,350286.115
601939.SH,2021-12-29,5.89,5.91,5.86,5.87,5.91,-0.04,-0.6768,476374.64,280098.45
601939.SH,2021-12-30,5.87,5.88,5.85,5.87,5.87,0.0,0.0,471583.95,276509.056
601939.SH,2021-12-31,5.86,5.87,5.84,5.86,5.87,-0.01,-0.1704,490953.91,287442.721
601939.SH,2022-01-04,5.85,5.92,5.85,5.91,5.86,0.05,0.8532,1170367.35,688795.982
601939.SH,2022-01-05,5.91,6.04,5.9,6.03,5.91,0.12,2.0305,1955978.28,1172208.326
601939.SH,2022-01-06,6.0,6.09,6.0,6.05,6.03,0.02,0.3317,1538671.83,931469.097
601939.SH,2022-01-07,6.06,6.15,6.01,6.14,6.05,0.09,1.4876,1417183.07,865517.534
601939.SH,2022-01-10,6.13,6.18,6.08,6.12,6.14,-0.02,-0.3257,1128447.79,689894.062
601939.SH,2022-01-11,6.11,6.17,6.09,6.14,6.12,0.02,0.3268,716827.86,439895.604
601939.SH,2022-01-12,6.14,6.14,6.03,6.08,6.14,-0.06,-0.9772,1070263.38,650299.897
601939.SH,2022-01-13,6.08,6.16,6.06,6.11,6.08,0.03,0.4934,1070622.47,655483.775
601939.SH,2022-01-14,6.09,6.12,5.98,6.02,6.11,-0.09,-1.473,1186371.1,714738.605
601939.SH,2022-01-17,6.0,6.05,5.96,5.98,6.02,-0.04,-0.6645,720347.21,431424.028
601939.SH,2022-01-18,5.98,6.07,5.96,6.07,5.98,0.09,1.505,1127338.65,679160.334
601939.SH,2022-01-19,6.04,6.08,6.03,6.05,6.07,-0.02,-0.3295,724303.93,438204.36
601939.SH,2022-01-20,6.05,6.15,6.04,6.13,6.05,0.08,1.3223,1278753.69,782367.693
601939.SH,2022-01-21,6.11,6.12,6.05,6.07,6.13,-0.06,-0.9788,767222.85,465969.521
601939.SH,2022-01-24,6.08,6.11,6.02,6.08,6.07,0.01,0.1647,859546.18,521315.609
601939.SH,2022-01-25,6.06,6.07,6.0,6.0,6.08,-0.08,-1.3158,671313.04,404751.937
601939.SH,2022-01-26,5.99,6.06,5.98,6.04,6.0,0.04,0.6667,647558.98,390444.573
601939.SH,2022-01-27,6.02,6.07,6.0,6.04,6.04,0.0,0.0,736119.16,444630.855
601939.SH,2022-01-28,6.05,6.08,5.99,5.99,6.04,-0.05,-0.8278,850108.12,512137.382
601939.SH,2022-02-07,6.03,6.16,6.02,6.13,5.99,0.14,2.3372,1480005.95,904434.484
601939.SH,2022-02-08,6.13,6.34,6.13,6.33,6.13,0.2,3.2626,2546231.69,1592208.351
601939.SH,2022-02-09,6.33,6.37,6.24,6.29,6.33,-0.04,-0.6319,1408602.0,887031.066
601939.SH,2022-02-10,6.29,6.35,6.25,6.33,6.29,0.04,0.6359,1276014.35,805654.986
601939.SH,2022-02-11,6.3,6.44,6.3,6.37,6.33,0.04,0.6319,1258075.47,802338.408
601939.SH,2022-02-14,6.35,6.37,6.24,6.26,6.37,-0.11,-1.7268,1232203.0,774084.646
601939.SH,2022-02-15,6.27,6.32,6.19,6.21,6.26,-0.05,-0.7987,1018252.21,635114.218
601939.SH,2022-02-16,6.21,6.29,6.18,6.23,6.21,0.02,0.3221,706196.22,440351.454
601939.SH,2022-02-17,6.23,6.28,6.22,6.25,6.23,0.02,0.321,703714.11,440161.007
601939.SH,2022-02-18,6.24,6.3,6.22,6.3,6.25,0.05,0.8,756994.83,474598.283
601939.SH,2022-02-21,6.28,6.29,6.18,6.27,6.3,-0.03,-0.4762,821407.43,511910.463
601939.SH,2022-02-22,6.23,6.26,6.2,6.22,6.27,-0.05,-0.7974,652480.69,405529.295
601939.SH,2022-02-23,6.23,6.24,6.13,6.15,6.22,-0.07,-1.1254,1034185.83,637053.621
601939.SH,2022-02-24,6.13,6.14,6.05,6.06,6.15,-0.09,-1.4634,954920.06,580904.848
601939.SH,2022-02-25,6.06,6.09,6.0,6.01,6.06,-0.05,-0.8251,1063150.57,641187.088
601939.SH,2022-02-28,6.02,6.04,5.97,6.03,6.01,0.02,0.3328,854278.24,513267.055
601939.SH,2022-03-01,6.05,6.12,6.02,6.1,6.03,0.07,1.1609,989396.03,599580.306
601939.SH,2022-03-02,6.08,6.12,6.06,6.08,6.1,-0.02,-0.3279,535566.2,326405.694
601939.SH,2022-03-03,6.08,6.18,6.08,6.17,6.08,0.09,1.4803,903595.91,554503.329
601939.SH,2022-03-04,6.15,6.17,6.06,6.14,6.17,-0.03,-0.4862,1025319.62,628103.046
601939.SH,2022-03-07,6.09,6.13,6.05,6.07,6.14,-0.07,-1.1401,950239.24,578482.701
601939.SH,2022-03-08,6.06,6.1,5.99,6.0,6.07,-0.07,-1.1532,1091066.1,659202.525
601939.SH,2022-03-09,6.0,6.05,5.78,5.95,6.0,-0.05,-0.8333,1573974.97,932344.159
601939.SH,2022-03-10,6.0,6.02,5.93,5.99,5.95,0.04,0.6723,921277.93,550797.52
601939.SH,2022-03-11,5.97,6.05,5.9,6.05,5.99,0.06,1.0017,1032468.51,617493.008
601939.SH,2022-03-14,5.98,6.06,5.95,5.96,6.05,-0.09,-1.4876,1050026.85,628629.781
601939.SH,2022-03-15,5.94,5.95,5.8,5.82,5.96,-0.14,-2.349,1962854.19,1149999.159
601939.SH,2022-03-16,5.82,5.9,5.76,5.89,5.82,0.07,1.2027,1322357.42,771737.351
601939.SH,2022-03-17,5.92,5.94,5.83,5.87,5.89,-0.02,-0.3396,1348900.0,791850.194
601939.SH,2022-03-18,5.86,6.01,5.84,5.99,5.87,0.12,2.0443,1458612.63,869029.69
601939.SH,2022-03-21,5.99,6.0,5.93,5.95,5.99,-0.04,-0.6678,691762.85,411844.665
601939.SH,2022-03-22,5.95,6.04,5.93,6.02,5.95,0.07,1.1765,983316.48,590974.539
601939.SH,2022-03-23,6.02,6.03,5.99,6.03,6.02,0.01,0.1661,611102.72,367241.365
601939.SH,2022-03-24,6.0,6.1,5.99,6.08,6.03,0.05,0.8292,891820.59,541070.096
601939.SH,2022-03-25,6.06,6.12,6.03,6.09,6.08,0.01,0.1645,875972.89,533665.717
601939.SH,2022-03-28,6.07,6.2,6.02,6.17,6.09,0.08,1.3136,1285781.44,789528.462
601939.SH,2022-03-29,6.19,6.24,6.14,6.23,6.17,0.06,0.9724,1158754.61,719379.566
601939.SH,2022-03-30,6.24,6.24,6.16,6.19,6.23,-0.04,-0.6421,1043570.34,645740.078
601939.SH,2022-03-31,6.17,6.29,6.16,6.29,6.19,0.1,1.6155,1330495.04,832555.622
601939.SH,2022-04-01,6.24,6.34,6.24,6.3,6.29,0.01,0.159,1419315.89,892950.051
601939.SH,2022-04-06,6.28,6.35,6.25,6.35,6.3,0.05,0.7937,1162555.77,734261.343
601939.SH,2022-04-07,6.34,6.36,6.22,6.25,6.35,-0.1,-1.5748,1093845.57,688785.03
601939.SH,2022-04-08,6.26,6.3,6.22,6.28,6.25,0.03,0.48,754694.06,473574.417
601939.SH,2022-04-11,6.28,6.28,6.23,6.25,6.28,-0.03,-0.4777,742413.41,464585.369
601939.SH,2022-04-12,6.24,6.29,6.19,6.25,6.25,0.0,0.0,789078.9,491940.199
601939.SH,2022-04-13,6.24,6.3,6.23,6.24,6.25,-0.01,-0.16,576218.37,360580.739
601939.SH,2022-04-14,6.26,6.3,6.24,6.26,6.24,0.02,0.3205,665167.69,416642.298
601939.SH,2022-04-15,6.27,6.27,6.22,6.23,6.26,-0.03,-0.4792,703504.17,439019.758
601939.SH,2022-04-18,6.21,6.22,6.08,6.1,6.23,-0.13,-2.0867,1043905.38,640429.429
601939.SH,2022-04-19,6.1,6.15,6.05,6.12,6.1,0.02,0.3279,798315.84,486775.381
601939.SH,2022-04-20,6.12,6.14,6.08,6.09,6.12,-0.03,-0.4902,633043.59,386012.533
601939.SH,2022-04-21,6.09,6.16,6.07,6.11,6.09,0.02,0.3284,1066710.49,654004.64
601939.SH,2022-04-22,6.11,6.26,6.1,6.24,6.11,0.13,2.1277,1363367.05,847333.63
601939.SH,2022-04-25,6.19,6.23,6.1,6.1,6.24,-0.14,-2.2436,1373191.37,846474.077
601939.SH,2022-04-26,6.1,6.13,6.04,6.06,6.1,-0.04,-0.6557,980508.08,595911.939
601939.SH,2022-04-27,6.05,6.07,5.93,6.0,6.06,-0.06,-0.9901,1309538.1,785197.303
601939.SH,2022-04-28,5.98,6.08,5.97,6.05,6.0,0.05,0.8333,885013.27,534118.541
601939.SH,2022-04-29,6.06,6.09,5.98,6.07,6.05,0.02,0.3306,983447.76,593721.786
601939.SH,2022-05-05,6.08,6.11,6.02,6.06,6.07,-0.01,-0.1647,1072857.9,649649.763
601939.SH,2022-05-06,6.02,6.05,5.98,6.01,6.06,-0.05,-0.8251,683189.34,410498.858
601939.SH,2022-05-09,5.99,6.01,5.96,5.98,6.01,-0.03,-0.4992,552517.69,330431.525
601939.SH,2022-05-10,5.96,6.0,5.93,6.0,5.98,0.02,0.3344,658682.23,393284.552
601939.SH,2022-05-11,6.0,6.0,5.94,5.96,6.0,-0.04,-0.6667,909659.3,542444.425
601939.SH,2022-05-12,5.95,5.97,5.94,5.96,5.96,0.0,0.0,521508.58,310482.906
601939.SH,2022-05-13,5.96,6.01,5.95,6.0,5.96,0.04,0.6711,598325.57,358223.201
601939.SH,2022-05-16,6.0,6.01,5.94,6.0,6.0,0.0,0.0,702273.75,419199.664
601939.SH,2022-05-17,5.98,6.02,5.95,5.96,6.0,-0.04,-0.6667,799950.91,478669.496
601939.SH,2022-05-18,5.97,5.98,5.94,5.98,5.96,0.02,0.3356,712646.93,424502.902
601939.SH,2022-05-19,5.96,5.97,5.93,5.96,5.98,-0.02,-0.3344,513852.33,305747.827
601939.SH,2022-05-20,5.97,6.01,5.94,5.98,5.96,0.02,0.3356,871230.17,520940.547
601939.SH,2022-05-23,5.98,5.99,5.95,5.97,5.98,-0.01,-0.1672,479175.75,285804.888
601939.SH,2022-05-24,5.97,5.99,5.95,5.96,5.97,-0.01,-0.1675,778564.51,464832.971
601939.SH,2022-05-25,5.97,6.0,5.95,6.0,5.96,0.04,0.6711,591550.58,354041.696
601939.SH,2022-05-26,5.99,6.03,5.98,6.03,6.0,0.03,0.5,632704.35,380177.847
601939.SH,2022-05-27,6.03,6.05,6.01,6.02,6.03,-0.01,-0.1658,542775.55,327228.327
601939.SH,2022-05-30,6.04,6.05,6.0,6.02,6.02,0.0,0.0,548815.23,330860.04
601939.SH,2022-05-31,6.02,6.03,5.98,5.98,6.02,-0.04,-0.6645,811069.06,486326.802
601939.SH,2022-06-01,5.99,6.0,5.95,5.97,5.98,-0.01,-0.1672,800671.39,477809.371
601939.SH,2022-06-02,5.97,5.98,5.95,5.97,5.97,0.0,0.0,461146.69,274930.752
601939.SH,2022-06-06,5.97,5.97,5.89,5.92,5.97,-0.05,-0.8375,1368245.46,809640.727
601939.SH,2022-06-07,5.92,5.95,5.9,5.93,5.92,0.01,0.1689,670431.02,397344.847
601939.SH,2022-06-08,5.94,5.95,5.93,5.94,5.93,0.01,0.1686,588131.18,349312.895
601939.SH,2022-06-09,5.94,5.99,5.92,5.97,5.94,0.03,0.5051,1122824.23,669841.508
601939.SH,2022-06-10,5.96,6.02,5.95,6.0,5.97,0.03,0.5025,1033714.96,618025.916
601939.SH,2022-06-13,5.98,5.99,5.93,5.96,6.0,-0.04,-0.6667,805781.73,480106.129
601939.SH,2022-06-14,5.94,6.03,5.94,6.01,5.96,0.05,0.8389,920121.55,550017.272
601939.SH,2022-06-15,6.01,6.11,6.0,6.05,6.01,0.04,0.6656,1274474.86,773491.81
601939.SH,2022-06-16,6.05,6.07,6.0,6.0,6.05,-0.05,-0.8264,978529.14,589366.578
601939.SH,2022-06-17,5.99,6.03,5.98,6.01,6.0,0.01,0.1667,632638.7,380160.628
601939.SH,2022-06-20,6.01,6.01,5.97,5.99,6.01,-0.02,-0.3328,753365.22,451049.4
601939.SH,2022-06-21,5.99,6.05,5.98,6.03,5.99,0.04,0.6678,889255.68,534607.977
601939.SH,2022-06-22,6.03,6.06,5.99,6.0,6.03,-0.03,-0.4975,839256.54,505396.188
601939.SH,2022-06-23,6.01,6.05,6.0,6.04,6.0,0.04,0.6667,587715.29,354163.436
601939.SH,2022-06-24,6.05,6.06,6.0,6.01,6.04,-0.03,-0.4967,827541.42,497933.815
601939.SH,2022-06-27,6.01,6.03,5.98,6.0,6.01,-0.01,-0.1664,1399841.45,840224.687
601939.SH,2022-06-28,6.0,6.03,5.99,6.02,6.0,0.02,0.3333,1113922.52,669319.322
601939.SH,2022-06-29,6.01,6.06,6.0,6.05,6.02,0.03,0.4983,1085422.79,655619.047
601939.SH,2022-06-30,6.05,6.08,6.04,6.06,6.05,0.01,0.1653,763715.34,462494.976
601939.SH,2022-07-01,6.07,6.1,6.06,6.08,6.06,0.02,0.33,708567.77,430674.819
601939.SH,2022-07-04,6.09,6.12,6.08,6.09,6.08,0.01,0.1645,922282.15,562333.776
601939.SH,2022-07-05,6.11,6.13,6.1,6.11,6.09,0.02,0.3284,1026799.33,627576.449
601939.SH,2022-07-06,6.12,6.12,6.05,6.08,6.11,-0.03,-0.491,1069511.78,650381.687
601939.SH,2022-07-07,6.1,6.11,6.07,6.09,6.08,0.01,0.1645,1400774.7,853790.341
601939.SH,2022-07-08,5.75,5.76,5.7,5.71,5.73,-0.02,-0.349,1484465.69,848806.855
601939.SH,2022-07-11,5.71,5.79,5.7,5.77,5.71,0.06,1.0508,1182343.17,680166.929
601939.SH,2022-07-12,5.78,5.82,5.75,5.75,5.77,-0.02,-0.3466,739996.78,428053.954
601939.SH,2022-07-13,5.75,5.76,5.66,5.67,5.75,-0.08,-1.3913,943064.24,537485.867
601939.SH,2022-07-14,5.65,5.65,5.55,5.58,5.67,-0.09,-1.5873,1274520.58,711580.955
601939.SH,2022-07-15,5.58,5.58,5.49,5.49,5.58,-0.09,-1.6129,1569158.68,868003.545
601939.SH,2022-07-18,5.51,5.57,5.5,5.57,5.49,0.08,1.4572,874698.15,483682.511
601939.SH,2022-07-19,5.55,5.61,5.53,5.59,5.57,0.02,0.3591,633666.42,353801.286
601939.SH,2022-07-20,5.59,5.67,5.58,5.65,5.59,0.06,1.0733,689186.73,388622.775
601939.SH,2022-07-21,5.64,5.66,5.57,5.58,5.65,-0.07,-1.2389,447258.31,250752.427
601939.SH,2022-07-22,5.58,5.62,5.58,5.6,5.58,0.02,0.3584,305436.08,170895.946
601939.SH,2022-07-25,5.6,5.64,5.58,5.62,5.6,0.02,0.3571,378711.81,212799.913
601939.SH,2022-07-26,5.63,5.65,5.62,5.62,5.62,0.0,0.0,393747.52,221771.16
601939.SH,2022-07-27,5.62,5.63,5.6,5.61,5.62,-0.01,-0.1779,227661.66,127838.977
601939.SH,2022-07-28,5.62,5.63,5.6,5.61,5.61,0.0,0.0,277204.26,155544.947
601939.SH,2022-07-29,5.61,5.62,5.57,5.57,5.61,-0.04,-0.713,389993.82,217834.964
601939.SH,2022-08-01,5.57,5.57,5.53,5.54,5.57,-0.03,-0.5386,356020.74,197501.813
601939.SH,2022-08-02,5.53,5.53,5.48,5.49,5.54,-0.05,-0.9025,769534.24,422979.169
601939.SH,2022-08-03,5.5,5.51,5.42,5.43,5.49,-0.06,-1.0929,840052.36,458847.616
601939.SH,2022-08-04,5.44,5.48,5.43,5.46,5.43,0.03,0.5525,471701.71,257163.673
601939.SH,2022-08-05,5.47,5.51,5.45,5.5,5.46,0.04,0.7326,386113.12,211554.148
601939.SH,2022-08-08,5.5,5.51,5.48,5.48,5.5,-0.02,-0.3636,272982.44,149871.574
601939.SH,2022-08-09,5.48,5.51,5.46,5.49,5.48,0.01,0.1825,301617.39,165719.297
601939.SH,2022-08-10,5.5,5.51,5.46,5.46,5.49,-0.03,-0.5464,230357.36,126266.101
601939.SH,2022-08-11,5.47,5.51,5.46,5.5,5.46,0.04,0.7326,420695.22,230986.395
601939.SH,2022-08-12,5.5,5.52,5.48,5.52,5.5,0.02,0.3636,396041.6,217991.804
601939.SH,2022-08-15,5.5,5.52,5.48,5.48,5.52,-0.04,-0.7246,353850.47,194535.666
601939.SH,2022-08-16,5.48,5.51,5.47,5.47,5.48,-0.01,-0.1825,312430.51,171311.803
601939.SH,2022-08-17,5.48,5.51,5.46,5.5,5.47,0.03,0.5484,462457.24,253554.316
601939.SH,2022-08-18,5.49,5.5,5.46,5.47,5.5,-0.03,-0.5455,271626.64,148709.203
601939.SH,2022-08-19,5.47,5.49,5.46,5.47,5.47,0.0,0.0,248031.17,135781.123
601939.SH,2022-08-22,5.46,5.48,5.45,5.46,5.47,-0.01,-0.1828,316185.58,172873.799
601939.SH,2022-08-23,5.46,5.47,5.44,5.44,5.46,-0.02,-0.3663,452665.93,246547.74
601939.SH,2022-08-24,5.44,5.46,5.43,5.43,5.44,-0.01,-0.1838,359205.85,195521.786
601939.SH,2022-08-25,5.44,5.46,5.42,5.45,5.43,0.02,0.3683,359272.56,195366.733
601939.SH,2022-08-26,5.46,5.47,5.43,5.47,5.45,0.02,0.367,356882.59,194597.678
601939.SH,2022-08-29,5.45,5.46,5.43,5.45,5.47,-0.02,-0.3656,308497.15,167958.258
601939.SH,2022-08-30,5.45,5.48,5.44,5.47,5.45,0.02,0.367,287079.49,156779.968
601939.SH,2022-08-31,5.47,5.53,5.46,5.52,5.47,0.05,0.9141,845095.73,464965.993
601939.SH,2022-09-01,5.51,5.52,5.49,5.49,5.52,-0.03,-0.5435,247700.44,136219.864
601939.SH,2022-09-02,5.49,5.51,5.47,5.48,5.49,-0.01,-0.1821,238357.62,130711.055
601939.SH,2022-09-05,5.48,5.5,5.45,5.49,5.48,0.01,0.1825,444471.49,243237.329
601939.SH,2022-09-06,5.49,5.53,5.48,5.5,5.49,0.01,0.1821,530735.85,292617.594
601939.SH,2022-09-07,5.5,5.51,5.48,5.49,5.5,-0.01,-0.1818,209877.75,115257.375
601939.SH,2022-09-08,5.49,5.51,5.48,5.5,5.49,0.01,0.1821,241527.19,132818.708
601939.SH,2022-09-09,5.51,5.55,5.5,5.54,5.5,0.04,0.7273,538784.93,298075.878
601939.SH,2022-09-13,5.54,5.58,5.51,5.55,5.54,0.01,0.1805,480443.83,266364.587
601939.SH,2022-09-14,5.53,5.55,5.51,5.53,5.55,-0.02,-0.3604,357759.01,197866.993
601939.SH,2022-09-15,5.55,5.58,5.54,5.57,5.53,0.04,0.7233,577767.63,321357.505
601939.SH,2022-09-16,5.55,5.56,5.52,5.52,5.57,-0.05,-0.8977,569206.8,315223.112
601939.SH,2022-09-19,5.51,5.56,5.5,5.56,5.52,0.04,0.7246,483157.53,267488.517
601939.SH,2022-09-20,5.56,5.57,5.53,5.55,5.56,-0.01,-0.1799,348380.07,193469.853
601939.SH,2022-09-21,5.55,5.58,5.52,5.57,5.55,0.02,0.3604,359160.28,199532.464
601939.SH,2022-09-22,5.55,5.58,5.53,5.57,5.57,0.0,0.0,413486.48,229781.393
601939.SH,2022-09-23,5.55,5.63,5.55,5.62,5.57,0.05,0.8977,839906.66,471081.749
601939.SH,2022-09-26,5.61,5.62,5.53,5.54,5.62,-0.08,-1.4235,528134.81,294485.378
601939.SH,2022-09-27,5.54,5.55,5.51,5.53,5.54,-0.01,-0.1805,317955.26,175680.334
601939.SH,2022-09-28,5.54,5.59,5.51,5.57,5.53,0.04,0.7233,560334.95,311311.18
601939.SH,2022-09-29,5.57,5.59,5.51,5.51,5.57,-0.06,-1.0772,367970.73,203584.916
601939.SH,2022-09-30,5.52,5.56,5.5,5.52,5.51,0.01,0.1815,342096.8,188947.844
601939.SH,2022-10-10,5.5,5.55,5.5,5.52,5.52,0.0,0.0,517656.0,286196.48
601939.SH,2022-10-11,5.52,5.53,5.5,5.52,5.52,0.0,0.0,554943.25,306116.703
601939.SH,2022-10-12,5.52,5.54,5.49,5.54,5.52,0.02,0.3623,494287.25,272563.281
601939.SH,2022-10-13,5.53,5.53,5.47,5.5,5.54,-0.04,-0.722,488661.0,268563.401
601939.SH,2022-10-14,5.49,5.52,5.48,5.49,5.5,-0.01,-0.1818,530806.64,291790.8
601939.SH,2022-10-17,5.49,5.51,5.47,5.5,5.49,0.01,0.1821,406647.56,223239.569
601939.SH,2022-10-18,5.5,5.52,5.48,5.5,5.5,0.0,0.0,431939.68,237542.12
601939.SH,2022-10-19,5.49,5.51,5.48,5.49,5.5,-0.01,-0.1818,237389.45,130443.044
601939.SH,2022-10-20,5.48,5.52,5.48,5.52,5.49,0.03,0.5464,620532.68,341421.967
601939.SH,2022-10-21,5.51,5.55,5.5,5.54,5.52,0.02,0.3623,541671.91,299582.094
601939.SH,2022-10-24,5.53,5.54,5.5,5.51,5.54,-0.03,-0.5415,990859.69,547696.505
601939.SH,2022-10-25,5.5,5.52,5.49,5.5,5.51,-0.01,-0.1815,475932.28,261918.992
601939.SH,2022-10-26,5.5,5.51,5.44,5.45,5.5,-0.05,-0.9091,701269.95,383907.782
601939.SH,2022-10-27,5.45,5.45,5.42,5.42,5.45,-0.03,-0.5505,560792.22,304579.201
601939.SH,2022-10-28,5.42,5.43,5.4,5.42,5.42,0.0,0.0,415457.12,224889.945
601939.SH,2022-10-31,5.41,5.42,5.32,5.34,5.42,-0.08,-1.476,728171.11,389901.511
601939.SH,2022-11-01,5.33,5.34,5.22,5.29,5.34,-0.05,-0.9363,1198677.45,631939.327
601939.SH,2022-11-02,5.26,5.27,5.18,5.26,5.29,-0.03,-0.5671,713154.25,373073.1
601939.SH,2022-11-03,5.23,5.25,5.22,5.24,5.26,-0.02,-0.3802,347084.79,181775.846
601939.SH,2022-11-04,5.23,5.35,5.23,5.29,5.24,0.05,0.9542,760089.2,402085.147
601939.SH,2022-11-07,5.28,5.29,5.25,5.28,5.29,-0.01,-0.189,818673.27,431268.056
601939.SH,2022-11-08,5.28,5.29,5.23,5.25,5.28,-0.03,-0.5682,670254.02,351629.186
601939.SH,2022-11-09,5.25,5.29,5.24,5.27,5.25,0.02,0.381,420386.87,221481.804
601939.SH,2022-11-10,5.26,5.32,5.24,5.31,5.27,0.04,0.759,474782.55,250702.469
601939.SH,2022-11-11,5.32,5.39,5.31,5.37,5.31,0.06,1.1299,855266.08,456721.554
601939.SH,2022-11-14,5.38,5.43,5.38,5.39,5.37,0.02,0.3724,745862.4,402962.656
601939.SH,2022-11-15,5.38,5.42,5.37,5.39,5.39,0.0,0.0,529095.82,285216.669
601939.SH,2022-11-16,5.38,5.39,5.36,5.36,5.39,-0.03,-0.5566,319093.85,171278.619
601939.SH,2022-11-17,5.36,5.37,5.33,5.34,5.36,-0.02,-0.3731,378833.73,202617.73
601939.SH,2022-11-18,5.35,5.41,5.33,5.37,5.34,0.03,0.5618,663933.57,356460.891
601939.SH,2022-11-21,5.36,5.37,5.33,5.36,5.37,-0.01,-0.1862,296403.45,158617.606
601939.SH,2022-11-22,5.36,5.48,5.36,5.44,5.36,0.08,1.4925,1130588.26,613783.488
601939.SH,2022-11-23,5.43,5.51,5.43,5.47,5.44,0.03,0.5515,825135.35,452485.755
601939.SH,2022-11-24,5.47,5.5,5.44,5.46,5.47,-0.01,-0.1828,355470.11,194150.214
601939.SH,2022-11-25,5.45,5.58,5.45,5.56,5.46,0.1,1.8315,1287437.11,713663.216
601939.SH,2022-11-28,5.52,5.56,5.45,5.48,5.56,-0.08,-1.4388,708327.08,388655.063
601939.SH,2022-11-29,5.51,5.61,5.5,5.6,5.48,0.12,2.1898,1185416.29,660917.462
601939.SH,2022-11-30,5.59,5.63,5.57,5.59,5.6,-0.01,-0.1786,577191.65,322609.562
601939.SH,2022-12-01,5.61,5.64,5.5,5.5,5.59,-0.09,-1.61,959238.03,531559.146
601939.SH,2022-12-02,5.51,5.54,5.46,5.47,5.5,-0.03,-0.5455,624940.77,342853.652
601939.SH,2022-12-05,5.5,5.62,5.5,5.62,5.47,0.15,2.7422,1100970.7,614246.78
601939.SH,2022-12-06,5.6,5.65,5.57,5.64,5.62,0.02,0.3559,649134.23,364593.763
601939.SH,2022-12-07,5.64,5.66,5.59,5.59,5.64,-0.05,-0.8865,707807.64,398258.864
601939.SH,2022-12-08,5.6,5.63,5.57,5.62,5.59,0.03,0.5367,404761.07,226947.537
601939.SH,2022-12-09,5.61,5.64,5.59,5.6,5.62,-0.02,-0.3559,464008.51,260731.725
601939.SH,2022-12-12,5.59,5.61,5.54,5.54,5.6,-0.06,-1.0714,502134.46,279653.325
601939.SH,2022-12-13,5.54,5.63,5.54,5.63,5.54,0.09,1.6245,634224.53,355579.002
601939.SH,2022-12-14,5.63,5.64,5.58,5.61,5.63,-0.02,-0.3552,323833.27,181467.757
601939.SH,2022-12-15,5.58,5.61,5.55,5.56,5.61,-0.05,-0.8913,325156.85,181013.149
601939.SH,2022-12-16,5.55,5.65,5.55,5.64,5.56,0.08,1.4388,734547.17,412784.227
601939.SH,2022-12-19,5.64,5.66,5.57,5.58,5.64,-0.06,-1.0638,446421.5,249823.205
601939.SH,2022-12-20,5.57,5.59,5.47,5.48,5.58,-0.1,-1.7921,771303.38,425493.279
601939.SH,2022-12-21,5.49,5.58,5.48,5.54,5.48,0.06,1.0949,414961.72,229693.853
601939.SH,2022-12-22,5.57,5.58,5.51,5.53,5.54,-0.01,-0.1805,305191.16,169163.479
601939.SH,2022-12-23,5.52,5.55,5.5,5.53,5.53,0.0,0.0,230140.5,127152.415
601939.SH,2022-12-26,5.52,5.54,5.49,5.5,5.53,-0.03,-0.5425,369552.94,203521.461
601939.SH,2022-12-27,5.52,5.6,5.51,5.58,5.5,0.08,1.4545,486395.2,270644.938
601939.SH,2022-12-28,5.57,5.64,5.56,5.61,5.58,0.03,0.5376,594973.15,334116.795
601939.SH,2022-12-29,5.6,5.61,5.57,5.59,5.61,-0.02,-0.3565,539350.71,301270.4
601939.SH,2022-12-30,5.62,5.65,5.59,5.63,5.59,0.04,0.7156,402966.14,226544.203
601939.SH,2023-01-03,5.62,5.63,5.56,5.63,5.63,0.0,0.0,638410.61,357774.931
601939.SH,2023-01-04,5.63,5.69,5.62,5.68,5.63,0.05,0.8881,743601.94,421788.927
601939.SH,2023-01-05,5.7,5.7,5.65,5.68,5.68,0.0,0.0,475140.34,269497.691
601939.SH,2023-01-06,5.67,5.69,5.63,5.67,5.68,-0.01,-0.1761,530219.15,299989.173
601939.SH,2023-01-09,5.66,5.67,5.62,5.63,5.67,-0.04,-0.7055,470806.65,265539.985
601939.SH,2023-01-10,5.64,5.64,5.59,5.6,5.63,-0.03,-0.5329,323418.9,181423.01
601939.SH,2023-01-11,5.6,5.65,5.59,5.64,5.6,0.04,0.7143,365487.94,205423.277
601939.SH,2023-01-12,5.64,5.64,5.59,5.61,5.64,-0.03,-0.5319,429281.14,240513.62
601939.SH,2023-01-13,5.6,5.64,5.59,5.64,5.61,0.03,0.5348,356085.11,200549.962
601939.SH,2023-01-16,5.65,5.67,5.61,5.62,5.64,-0.02,-0.3546,587672.84,331312.426
601939.SH,2023-01-17,5.63,5.63,5.59,5.6,5.62,-0.02,-0.3559,474801.03,266088.435
601939.SH,2023-01-18,5.61,5.63,5.6,5.61,5.6,0.01,0.1786,348624.9,195892.205
601939.SH,2023-01-19,5.62,5.63,5.59,5.62,5.61,0.01,0.1783,356398.83,199894.92
601939.SH,2023-01-20,5.63,5.64,5.61,5.63,5.62,0.01,0.1779,309036.2,173864.586
601939.SH,2023-01-30,5.66,5.67,5.62,5.63,5.63,0.0,0.0,507950.81,286525.713
601939.SH,2023-01-31,5.64,5.64,5.61,5.61,5.63,-0.02,-0.3552,457899.27,257564.573
601939.SH,2023-02-01,5.61,5.63,5.59,5.62,5.61,0.01,0.1783,498116.67,279299.372
601939.SH,2023-02-02,5.62,5.63,5.59,5.61,5.62,-0.01,-0.1779,461618.26,258787.996
601939.SH,2023-02-03,5.6,5.61,5.58,5.6,5.61,-0.01,-0.1783,581126.35,325173.173
601939.SH,2023-02-06,5.6,5.6,5.57,5.59,5.6,-0.01,-0.1786,470606.01,262932.891
601939.SH,2023-02-07,5.6,5.61,5.58,5.59,5.59,0.0,0.0,230403.39,128935.14
601939.SH,2023-02-08,5.6,5.61,5.58,5.59,5.59,0.0,0.0,237865.5,133008.557
601939.SH,2023-02-09,5.59,5.61,5.58,5.61,5.59,0.02,0.3578,292777.68,163936.539
601939.SH,2023-02-10,5.61,5.61,5.58,5.61,5.61,0.0,0.0,335021.47,187585.965
601939.SH,2023-02-13,5.6,5.61,5.57,5.59,5.61,-0.02,-0.3565,449789.68,251166.542
601939.SH,2023-02-14,5.59,5.6,5.58,5.6,5.59,0.01,0.1789,269171.78,150517.969
601939.SH,2023-02-15,5.6,5.6,5.57,5.57,5.6,-0.03,-0.5357,468514.32,261442.918
601939.SH,2023-02-16,5.58,5.59,5.56,5.57,5.57,0.0,0.0,481289.47,268428.843
601939.SH,2023-02-17,5.57,5.59,5.56,5.56,5.57,-0.01,-0.1795,535122.86,298027.643
601939.SH,2023-02-20,5.56,5.62,5.56,5.62,5.56,0.06,1.0791,521611.05,291993.756
601939.SH,2023-02-21,5.62,5.65,5.6,5.64,5.62,0.02,0.3559,574508.68,323433.325
601939.SH,2023-02-22,5.64,5.64,5.62,5.62,5.64,-0.02,-0.3546,319031.59,179640.285
601939.SH,2023-02-23,5.63,5.65,5.61,5.61,5.62,-0.01,-0.1779,270867.68,152418.636
601939.SH,2023-02-24,5.62,5.63,5.6,5.6,5.61,-0.01,-0.1783,350855.86,196894.432
601939.SH,2023-02-27,5.6,5.61,5.59,5.59,5.6,-0.01,-0.1786,296087.85,165841.917
601939.SH,2023-02-28,5.6,5.64,5.59,5.64,5.59,0.05,0.8945,349951.06,196505.114
601939.SH,2023-03-01,5.64,5.66,5.62,5.64,5.64,0.0,0.0,572095.47,322756.896
601939.SH,2023-03-02,5.63,5.68,5.62,5.67,5.64,0.03,0.5319,594444.76,336612.022
601939.SH,2023-03-03,5.68,5.85,5.67,5.83,5.67,0.16,2.8219,1667667.85,961111.831
601939.SH,2023-03-06,5.84,5.92,5.8,5.81,5.83,-0.02,-0.3431,1312136.53,766636.204
601939.SH,2023-03-07,5.81,6.09,5.8,5.86,5.81,0.05,0.8606,2987903.28,1780471.204
601939.SH,2023-03-08,5.86,5.9,5.79,5.86,5.86,0.0,0.0,1199397.55,698707.579
601939.SH,2023-03-09,5.86,5.9,5.82,5.83,5.86,-0.03,-0.5119,940397.82,550993.139
601939.SH,2023-03-10,5.8,5.81,5.76,5.76,5.83,-0.07,-1.2007,874599.54,505537.899
601939.SH,2023-03-13,5.74,5.84,5.73,5.83,5.76,0.07,1.2153,734279.25,425579.746
601939.SH,2023-03-14,5.81,5.88,5.79,5.83,5.83,0.0,0.0,696970.13,406251.235
601939.SH,2023-03-15,5.87,5.96,5.82,5.95,5.83,0.12,2.0583,990686.62,585130.72
601939.SH,2023-03-16,5.91,6.05,5.91,5.99,5.95,0.04,0.6723,1582362.94,951289.317
601939.SH,2023-03-17,6.02,6.07,5.96,6.02,5.99,0.03,0.5008,1354225.82,814731.01
601939.SH,2023-03-20,6.02,6.1,6.01,6.02,6.02,0.0,0.0,1352844.68,818484.068
601939.SH,2023-03-21,6.02,6.06,5.91,5.94,6.02,-0.08,-1.3289,982639.53,585434.771
601939.SH,2023-03-22,5.94,6.04,5.93,6.03,5.94,0.09,1.5152,873402.07,524400.275
601939.SH,2023-03-23,6.01,6.09,6.0,6.06,6.03,0.03,0.4975,851788.44,515762.937
601939.SH,2023-03-24,6.06,6.06,5.97,5.99,6.06,-0.07,-1.1551,655671.79,393521.74
601939.SH,2023-03-27,5.97,6.01,5.88,5.94,5.99,-0.05,-0.8347,906813.53,536630.145
601939.SH,2023-03-28,5.94,6.0,5.91,5.95,5.94,0.01,0.1684,554544.23,330653.383
601939.SH,2023-03-29,5.98,6.0,5.94,5.94,5.95,-0.01,-0.1681,579034.78,345423.431
601939.SH,2023-03-30,5.96,6.05,5.92,5.96,5.94,0.02,0.3367,884680.81,528193.415
601939.SH,2023-03-31,5.98,6.01,5.91,5.94,5.96,-0.02,-0.3356,810493.97,483480.541
601939.SH,2023-04-03,5.93,5.97,5.91,5.95,5.94,0.01,0.1684,676190.45,401840.025
601939.SH,2023-04-04,5.95,6.05,5.94,6.05,5.95,0.1,1.6807,1066994.48,642696.036
601939.SH,2023-04-06,6.04,6.08,6.02,6.04,6.05,-0.01,-0.1653,587063.38,355272.995
601939.SH,2023-04-07,6.04,6.06,6.02,6.06,6.04,0.02,0.3311,446970.65,270250.921
601939.SH,2023-04-10,6.06,6.07,6.0,6.05,6.06,-0.01,-0.165,574408.69,346940.839
601939.SH,2023-04-11,6.07,6.08,6.03,6.07,6.05,0.02,0.3306,533176.67,323145.327
601939.SH,2023-04-12,6.07,6.17,6.06,6.16,6.07,0.09,1.4827,1329337.25,815954.68
601939.SH,2023-04-13,6.14,6.24,6.12,6.2,6.16,0.04,0.6494,1201556.23,743649.419
601939.SH,2023-04-14,6.18,6.22,6.13,6.19,6.2,-0.01,-0.1613,800666.6,494304.148
601939.SH,2023-04-17,6.19,6.32,6.17,6.3,6.19,0.11,1.7771,1171106.24,733412.702
601939.SH,2023-04-18,6.29,6.39,6.28,6.33,6.3,0.03,0.4762,1053048.33,666633.399
601939.SH,2023-04-19,6.33,6.4,6.3,6.33,6.33,0.0,0.0,1099113.87,697277.337
601939.SH,2023-04-20,6.33,6.35,6.25,6.31,6.33,-0.02,-0.316,1031272.8,648866.706
601939.SH,2023-04-21,6.31,6.36,6.24,6.26,6.31,-0.05,-0.7924,1107240.33,698287.101
601939.SH,2023-04-24,6.26,6.32,6.24,6.28,6.26,0.02,0.3195,1275829.48,802312.623
601939.SH,2023-04-25,6.28,6.43,6.27,6.38,6.28,0.1,1.5924,2001053.6,1273275.598
601939.SH,2023-04-26,6.37,6.4,6.2,6.35,6.38,-0.03,-0.4702,1537297.25,967889.535
601939.SH,2023-04-27,6.33,6.36,6.26,6.32,6.35,-0.03,-0.4724,1688904.9,1066547.838
601939.SH,2023-04-28,6.32,6.36,6.25,6.31,6.32,-0.01,-0.1582,1140230.82,718337.418
601939.SH,2023-05-04,6.27,6.59,6.23,6.55,6.31,0.24,3.8035,3161583.16,2046553.081
601939.SH,2023-05-05,6.57,6.78,6.56,6.68,6.55,0.13,1.9847,2614636.59,1744346.411
601939.SH,2023-05-08,6.71,7.26,6.69,7.03,6.68,0.35,5.2395,5044390.27,3528247.748
601939.SH,2023-05-09,7.19,7.28,6.93,6.99,7.03,-0.04,-0.569,3672625.44,2601258.199
601939.SH,2023-05-10,6.99,7.0,6.57,6.62,6.99,-0.37,-5.2933,2747233.22,1838980.247
601939.SH,2023-05-11,6.64,6.69,6.52,6.54,6.62,-0.08,-1.2085,1513529.5,996186.278
601939.SH,2023-05-12,6.51,6.6,6.39,6.51,6.54,-0.03,-0.4587,1472759.48,957159.736
601939.SH,2023-05-15,6.48,6.64,6.35,6.62,6.51,0.11,1.6897,1909706.31,1237666.989
601939.SH,2023-05-16,6.63,6.89,6.6,6.65,6.62,0.03,0.4532,1512084.72,1018661.103
601939.SH,2023-05-17,6.62,6.65,6.53,6.58,6.65,-0.07,-1.0526,752383.26,495220.854
601939.SH,2023-05-18,6.62,6.82,6.61,6.72,6.58,0.14,2.1277,1320061.21,887420.166
601939.SH,2023-05-19,6.7,6.74,6.58,6.65,6.72,-0.07,-1.0417,917832.97,610966.794
601939.SH,2023-05-22,6.62,6.8,6.62,6.69,6.65,0.04,0.6015,993151.31,667131.901
601939.SH,2023-05-23,6.66,6.73,6.46,6.5,6.69,-0.19,-2.8401,1542087.16,1008265.159
601939.SH,2023-05-24,6.51,6.51,6.27,6.3,6.5,-0.2,-3.0769,1861945.43,1179579.896
601939.SH,2023-05-25,6.27,6.3,6.15,6.21,6.3,-0.09,-1.4286,1466686.85,909715.702
601939.SH,2023-05-26,6.21,6.39,6.18,6.35,6.21,0.14,2.2544,909237.88,572038.262
601939.SH,2023-05-29,6.36,6.53,6.34,6.49,6.35,0.14,2.2047,1078196.79,695802.73
601939.SH,2023-05-30,6.49,6.51,6.38,6.46,6.49,-0.03,-0.4622,697530.4,448889.663
601939.SH,2023-05-31,6.42,6.47,6.37,6.4,6.46,-0.06,-0.9288,467415.87,299502.96
601939.SH,2023-06-01,6.39,6.44,6.29,6.38,6.4,-0.02,-0.3125,711494.01,452474.051
601939.SH,2023-06-02,6.36,6.42,6.32,6.34,6.38,-0.04,-0.627,682200.12,432956.393
601939.SH,2023-06-05,6.35,6.51,6.34,6.49,6.34,0.15,2.3659,858219.7,553097.034
601939.SH,2023-06-06,6.47,6.59,6.45,6.48,6.49,-0.01,-0.1541,789181.14,515579.204
601939.SH,2023-06-07,6.49,6.59,6.48,6.58,6.48,0.1,1.5432,807650.27,528652.016
601939.SH,2023-06-08,6.58,6.7,6.53,6.65,6.58,0.07,1.0638,922746.56,612184.99
601939.SH,2023-06-09,6.65,6.66,6.57,6.58,6.65,-0.07,-1.0526,903233.63,596304.808
601939.SH,2023-06-12,6.6,6.6,6.45,6.48,6.58,-0.1,-1.5198,1028721.11,668040.33
601939.SH,2023-06-13,6.46,6.53,6.45,6.51,6.48,0.03,0.463,668169.9,434193.033
601939.SH,2023-06-14,6.51,6.56,6.33,6.34,6.51,-0.17,-2.6114,1518966.11,974878.866
601939.SH,2023-06-15,6.35,6.4,6.32,6.36,6.34,0.02,0.3155,1014598.41,645012.684
601939.SH,2023-06-16,6.37,6.38,6.3,6.3,6.36,-0.06,-0.9434,1025021.29,648734.948
601939.SH,2023-06-19,6.31,6.32,6.22,6.23,6.3,-0.07,-1.1111,868504.63,541990.147
601939.SH,2023-06-20,6.22,6.24,6.15,6.16,6.23,-0.07,-1.1236,908712.48,562354.185
601939.SH,2023-06-21,6.16,6.33,6.13,6.22,6.16,0.06,0.974,1029023.02,643113.751
601939.SH,2023-06-26,6.22,6.23,6.12,6.14,6.22,-0.08,-1.2862,890705.91,548197.393
601939.SH,2023-06-27,6.14,6.25,6.13,6.24,6.14,0.1,1.6287,640735.16,397504.014
601939.SH,2023-06-28,6.24,6.27,6.2,6.2,6.24,-0.04,-0.641,450040.78,280193.348
601939.SH,2023-06-29,6.21,6.24,6.17,6.2,6.2,0.0,0.0,604053.87,375302.805
601939.SH,2023-06-30,6.23,6.27,6.18,6.26,6.2,0.06,0.9677,590814.31,368503.402
601939.SH,2023-07-03,6.26,6.37,6.24,6.34,6.26,0.08,1.278,853640.25,538526.328
601939.SH,2023-07-04,6.32,6.35,6.27,6.28,6.34,-0.06,-0.9464,583317.07,367230.953
601939.SH,2023-07-05,6.27,6.29,6.23,6.26,6.28,-0.02,-0.3185,509349.92,318458.439
601939.SH,2023-07-06,6.24,6.28,6.19,6.2,6.26,-0.06,-0.9585,670112.83,416773.373
601939.SH,2023-07-07,6.19,6.25,6.18,6.19,6.2,-0.01,-0.1613,654046.31,406127.638
601939.SH,2023-07-10,6.22,6.24,6.19,6.22,6.19,0.03,0.4847,434008.93,269676.409
601939.SH,2023-07-11,6.22,6.29,6.21,6.29,6.22,0.07,1.1254,674966.49,422790.312
601939.SH,2023-07-12,6.29,6.34,6.24,6.24,6.29,-0.05,-0.7949,988387.73,621335.499
601939.SH,2023-07-13,6.28,6.4,6.26,6.38,6.24,0.14,2.2436,1580876.57,1002327.845
601939.SH,2023-07-14,6.03,6.04,5.92,5.96,5.99,-0.03,-0.5008,1523854.67,909437.478
601939.SH,2023-07-17,5.96,5.96,5.88,5.91,5.96,-0.05,-0.8389,900586.4,531432.249
601939.SH,2023-07-18,5.93,5.93,5.86,5.88,5.91,-0.03,-0.5076,549101.87,323195.33
601939.SH,2023-07-19,5.87,5.9,5.85,5.89,5.88,0.01,0.1701,476447.13,279573.258
601939.SH,2023-07-20,5.89,5.95,5.89,5.91,5.89,0.02,0.3396,654226.03,387123.207
601939.SH,2023-07-21,5.9,5.93,5.88,5.9,5.91,-0.01,-0.1692,426123.08,251631.757
601939.SH,2023-07-24,5.9,5.91,5.87,5.88,5.9,-0.02,-0.339,392238.55,230768.083
601939.SH,2023-07-25,5.89,5.98,5.89,5.98,5.88,0.1,1.7007,759922.14,451693.648
601939.SH,2023-07-26,5.98,5.98,5.93,5.94,5.98,-0.04,-0.6689,471241.84,280198.904
601939.SH,2023-07-27,5.95,6.08,5.93,6.05,5.94,0.11,1.8519,1082811.04,652782.975
601939.SH,2023-07-28,6.03,6.2,6.01,6.15,6.05,0.1,1.6529,963443.79,590264.864
601939.SH,2023-07-31,6.18,6.27,6.1,6.16,6.15,0.01,0.1626,1039600.83,641212.897
601939.SH,2023-08-01,6.14,6.21,6.11,6.17,6.16,0.01,0.1623,614461.33,378643.004
601939.SH,2023-08-02,6.11,6.13,5.98,5.99,6.17,-0.18,-2.9173,1438276.3,867993.361
601939.SH,2023-08-03,5.99,6.07,5.94,6.03,5.99,0.04,0.6678,823339.76,495084.473
601939.SH,2023-08-04,6.06,6.11,6.02,6.05,6.03,0.02,0.3317,972626.4,589981.94
601939.SH,2023-08-07,6.04,6.04,5.98,5.99,6.05,-0.06,-0.9917,625455.2,375174.958
601939.SH,2023-08-08,5.98,6.02,5.96,5.97,5.99,-0.02,-0.3339,501592.34,300118.656
601939.SH,2023-08-09,5.97,5.99,5.95,5.98,5.97,0.01,0.1675,520334.47,310709.773
601939.SH,2023-08-10,5.97,5.99,5.96,5.98,5.98,0.0,0.0,456660.27,272865.962
601939.SH,2023-08-11,5.98,6.02,5.92,5.93,5.98,-0.05,-0.8361,745053.73,443678.973
601939.SH,2023-08-14,5.9,5.91,5.84,5.88,5.93,-0.05,-0.8432,784113.84,459723.083
601939.SH,2023-08-15,5.88,5.98,5.87,5.95,5.88,0.07,1.1905,736223.88,436602.034
601939.SH,2023-08-16,5.95,5.96,5.9,5.93,5.95,-0.02,-0.3361,431750.33,256093.827
601939.SH,2023-08-17,5.92,5.95,5.87,5.91,5.93,-0.02,-0.3373,629044.14,370937.597
601939.SH,2023-08-18,5.91,6.03,5.9,5.96,5.91,0.05,0.846,984565.4,589142.531
601939.SH,2023-08-21,5.96,5.99,5.91,5.92,5.96,-0.04,-0.6711,688381.51,409126.909
601939.SH,2023-08-22,5.95,6.0,5.92,5.99,5.92,0.07,1.1824,672184.12,400975.435
601939.SH,2023-08-23,5.98,6.05,5.96,6.04,5.99,0.05,0.8347,780191.99,469540.736
601939.SH,2023-08-24,6.03,6.05,5.94,5.95,6.04,-0.09,-1.4901,959189.23,572923.789
601939.SH,2023-08-25,5.94,6.05,5.93,6.04,5.95,0.09,1.5126,812361.71,488881.609
601939.SH,2023-08-28,6.25,6.29,6.07,6.14,6.04,0.1,1.6556,1428659.71,876699.025
601939.SH,2023-08-29,6.11,6.13,6.0,6.03,6.14,-0.11,-1.7915,897298.45,541955.235
601939.SH,2023-08-30,6.01,6.04,5.95,5.98,6.03,-0.05,-0.8292,920688.98,550128.065
601939.SH,2023-08-31,5.99,6.03,5.96,6.0,5.98,0.02,0.3344,492831.07,296012.474
601939.SH,2023-09-01,6.02,6.04,5.98,6.0,6.0,0.0,0.0,606064.12,364344.609
601939.SH,2023-09-04,6.03,6.08,6.01,6.07,6.0,0.07,1.1667,687963.65,416210.58
601939.SH,2023-09-05,6.06,6.06,6.01,6.03,6.07,-0.04,-0.659,395603.06,238717.491
601939.SH,2023-09-06,6.03,6.06,6.0,6.05,6.03,0.02,0.3317,286472.35,172788.712
601939.SH,2023-09-07,6.03,6.08,6.02,6.05,6.05,0.0,0.0,524222.1,317653.15
601939.SH,2023-09-08,6.04,6.08,6.02,6.06,6.05,0.01,0.1653,448105.46,271335.942
601939.SH,2023-09-11,6.06,6.09,6.02,6.04,6.06,-0.02,-0.33,527187.72,318876.327
601939.SH,2023-09-12,6.04,6.06,6.03,6.04,6.04,0.0,0.0,280217.79,169239.363
601939.SH,2023-09-13,6.05,6.08,6.03,6.08,6.04,0.04,0.6623,491640.96,298187.718
601939.SH,2023-09-14,6.09,6.18,6.07,6.16,6.08,0.08,1.3158,933923.83,572779.971
601939.SH,2023-09-15,6.16,6.19,6.1,6.12,6.16,-0.04,-0.6494,789517.01,484768.159
601939.SH,2023-09-18,6.12,6.16,6.07,6.15,6.12,0.03,0.4902,564706.59,345523.687
601939.SH,2023-09-19,6.13,6.2,6.12,6.18,6.15,0.03,0.4878,570427.03,352354.911
601939.SH,2023-09-20,6.18,6.26,6.17,6.24,6.18,0.06,0.9709,935680.19,582714.138
601939.SH,2023-09-21,6.25,6.28,6.2,6.25,6.24,0.01,0.1603,708223.67,442791.191
601939.SH,2023-09-22,6.27,6.31,6.17,6.28,6.25,0.03,0.48,1022157.0,638592.748
601939.SH,2023-09-25,6.28,6.34,6.26,6.3,6.28,0.02,0.3185,701988.91,442633.659
601939.SH,2023-09-26,6.31,6.33,6.26,6.31,6.3,0.01,0.1587,493509.97,310724.171
601939.SH,2023-09-27,6.31,6.33,6.18,6.19,6.31,-0.12,-1.9017,862161.42,536380.088
601939.SH,2023-09-28,6.21,6.3,6.2,6.3,6.19,0.11,1.7771,866198.4,542333.845
601939.SH,2023-10-09,6.27,6.3,6.2,6.29,6.3,-0.01,-0.1587,634101.43,395763.291
601939.SH,2023-10-10,6.28,6.33,6.25,6.26,6.29,-0.03,-0.4769,462602.0,290442.914
601939.SH,2023-10-11,6.29,6.35,6.26,6.34,6.26,0.08,1.278,1103980.81,696821.745
601939.SH,2023-10-12,6.51,6.57,6.43,6.51,6.34,0.17,2.6814,2278985.08,1479412.968
601939.SH,2023-10-13,6.49,6.76,6.46,6.72,6.51,0.21,3.2258,2706730.56,1807439.76
601939.SH,2023-10-16,6.7,6.76,6.61,6.7,6.72,-0.02,-0.2976,1292206.85,865128.947
601939.SH,2023-10-17,6.71,6.74,6.66,6.73,6.7,0.03,0.4478,780895.63,523843.507
601939.SH,2023-10-18,6.72,6.8,6.69,6.75,6.73,0.02,0.2972,910056.25,614710.882
601939.SH,2023-10-19,6.72,6.73,6.6,6.62,6.75,-0.13,-1.9259,1112439.19,737793.802
601939.SH,2023-10-20,6.59,6.61,6.48,6.55,6.62,-0.07,-1.0574,917436.4,601025.874
601939.SH,2023-10-23,6.53,6.57,6.46,6.5,6.55,-0.05,-0.7634,815495.68,531704.697
601939.SH,2023-10-24,6.51,6.53,6.39,6.42,6.5,-0.08,-1.2308,996778.72,640852.93
601939.SH,2023-10-25,6.47,6.51,6.35,6.38,6.42,-0.04,-0.6231,1008934.09,645542.9
601939.SH,2023-10-26,6.36,6.52,6.34,6.5,6.38,0.12,1.8809,815798.83,527028.977
601939.SH,2023-10-27,6.49,6.54,6.42,6.45,6.5,-0.05,-0.7692,992018.51,641075.211
601939.SH,2023-10-30,6.4,6.42,6.21,6.23,6.45,-0.22,-3.4109,1660457.85,1041430.334
601939.SH,2023-10-31,6.23,6.29,6.18,6.27,6.23,0.04,0.6421,1192086.24,743189.855
601939.SH,2023-11-01,6.25,6.3,6.21,6.28,6.27,0.01,0.1595,857725.67,536390.993
601939.SH,2023-11-02,6.28,6.38,6.27,6.34,6.28,0.06,0.9554,1025159.04,650411.739
601939.SH,2023-11-03,6.34,6.36,6.27,6.3,6.34,-0.04,-0.6309,916970.18,577514.447
601939.SH,2023-11-06,6.29,6.3,6.18,6.2,6.3,-0.1,-1.5873,1686830.94,1048736.397
601939.SH,2023-11-07,6.2,6.27,6.18,6.25,6.2,0.05,0.8065,1097575.19,683540.823
601939.SH,2023-11-08,6.22,6.29,6.22,6.26,6.25,0.01,0.16,695081.91,434927.475
601939.SH,2023-11-09,6.25,6.42,6.25,6.38,6.26,0.12,1.9169,1454697.33,923846.241
601939.SH,2023-11-10,6.38,6.51,6.33,6.41,6.38,0.03,0.4702,888889.82,569930.547
601939.SH,2023-11-13,6.4,6.4,6.3,6.37,6.41,-0.04,-0.624,603814.86,382450.937
601939.SH,2023-11-14,6.36,6.4,6.34,6.37,6.37,0.0,0.0,492064.78,313215.643
601939.SH,2023-11-15,6.38,6.4,6.32,6.36,6.37,-0.01,-0.157,819913.06,520391.591
601939.SH,2023-11-16,6.36,6.43,6.34,6.4,6.36,0.04,0.6289,707891.84,452136.041
601939.SH,2023-11-17,6.39,6.42,6.34,6.38,6.4,-0.02,-0.3125,447615.3,285031.046
601939.SH,2023-11-20,6.38,6.41,6.35,6.39,6.38,0.01,0.1567,379487.38,242343.15
601939.SH,2023-11-21,6.4,6.43,6.37,6.4,6.39,0.01,0.1565,558835.82,357372.888
601939.SH,2023-11-22,6.39,6.4,6.35,6.37,6.4,-0.03,-0.4688,552408.36,352479.402
601939.SH,2023-11-23,6.38,6.38,6.33,6.36,6.37,-0.01,-0.157,577001.44,366455.824
601939.SH,2023-11-24,6.37,6.41,6.35,6.4,6.36,0.04,0.6289,705762.2,450913.598
601939.SH,2023-11-27,6.39,6.41,6.31,6.36,6.4,-0.04,-0.625,901771.44,572348.312
601939.SH,2023-11-28,6.35,6.38,6.33,6.37,6.36,0.01,0.1572,567416.3,360736.815
601939.SH,2023-11-29,6.36,6.37,6.32,6.34,6.37,-0.03,-0.471,597912.06,378946.406
601939.SH,2023-11-30,6.33,6.4,6.32,6.4,6.34,0.06,0.9464,878205.07,559700.584
601939.SH,2023-12-01,6.39,6.43,6.36,6.38,6.4,-0.02,-0.3125,727325.19,464668.866
601939.SH,2023-12-04,6.38,6.44,6.38,6.42,6.38,0.04,0.627,617611.76,396111.409
601939.SH,2023-12-05,6.42,6.43,6.36,6.36,6.42,-0.06,-0.9346,624941.11,399600.506
601939.SH,2023-12-06,6.35,6.35,6.22,6.29,6.36,-0.07,-1.1006,861460.91,541562.277
601939.SH,2023-12-07,6.29,6.33,6.23,6.3,6.29,0.01,0.159,650232.3,408448.321
601939.SH,2023-12-08,6.29,6.38,6.26,6.35,6.3,0.05,0.7937,816383.06,517449.104
601939.SH,2023-12-11,6.33,6.38,6.22,6.37,6.35,0.02,0.315,782641.35,493957.695
601939.SH,2023-12-12,6.35,6.46,6.31,6.46,6.37,0.09,1.4129,853346.47,547910.913
601939.SH,2023-12-13,6.45,6.48,6.42,6.44,6.46,-0.02,-0.3096,497984.57,320964.033
601939.SH,2023-12-14,6.44,6.47,6.39,6.43,6.44,-0.01,-0.1553,385908.31,247733.047
601939.SH,2023-12-15,6.43,6.43,6.36,6.37,6.43,-0.06,-0.9331,606142.84,387060.067
601939.SH,2023-12-18,6.34,6.45,6.32,6.42,6.37,0.05,0.7849,748637.84,480102.422
601939.SH,2023-12-19,6.42,6.47,6.39,6.44,6.42,0.02,0.3115,576641.26,371526.314
601939.SH,2023-12-20,6.45,6.49,6.41,6.41,6.44,-0.03,-0.4658,520603.31,335902.197
601939.SH,2023-12-21,6.38,6.43,6.36,6.4,6.41,-0.01,-0.156,678215.85,432934.734
601939.SH,2023-12-22,6.4,6.43,6.36,6.4,6.4,0.0,0.0,659346.35,422286.489
601939.SH,2023-12-25,6.4,6.44,6.38,6.44,6.4,0.04,0.625,381879.32,244810.653
601939.SH,2023-12-26,6.43,6.48,6.42,6.47,6.44,0.03,0.4658,461760.35,298498.766
601939.SH,2023-12-27,6.46,6.6,6.43,6.55,6.47,0.08,1.2365,1022858.75,666610.122
601939.SH,2023-12-28,6.55,6.62,6.46,6.48,6.55,-0.07,-1.0687,1140567.86,744127.119
601939.SH,2023-12-29,6.46,6.55,6.44,6.51,6.48,0.03,0.463,741366.77,481685.529
601939.SH,2024-01-02,6.51,6.6,6.5,6.55,6.51,0.04,0.6144,632726.11,415361.415
601939.SH,2024-01-03,6.55,6.63,6.55,6.62,6.55,0.07,1.0687,553679.06,365520.305
601939.SH,2024-01-04,6.6,6.68,6.59,6.67,6.62,0.05,0.7553,675679.51,447687.575
601939.SH,2024-01-05,6.66,6.73,6.62,6.65,6.67,-0.02,-0.2999,1016254.48,678667.788
601939.SH,2024-01-08,6.65,6.7,6.61,6.66,6.65,0.01,0.1504,829474.95,552646.895
601939.SH,2024-01-09,6.65,6.69,6.57,6.66,6.66,0.0,0.0,669422.91,443446.765
601939.SH,2024-01-10,6.65,6.69,6.55,6.58,6.66,-0.08,-1.2012,585237.24,386307.848
601939.SH,2024-01-11,6.55,6.58,6.5,6.5,6.58,-0.08,-1.2158,642244.07,419576.213
601939.SH,2024-01-12,6.5,6.58,6.49,6.55,6.5,0.05,0.7692,489702.01,320634.766
601939.SH,2024-01-15,6.55,6.6,6.52,6.58,6.55,0.03,0.458,538458.57,353356.467
601939.SH,2024-01-16,6.57,6.62,6.54,6.61,6.58,0.03,0.4559,764527.65,503553.36
601939.SH,2024-01-17,6.59,6.63,6.55,6.55,6.61,-0.06,-0.9077,839588.86,553849.96
601939.SH,2024-01-18,6.54,6.54,6.35,6.52,6.55,-0.03,-0.458,1211232.35,780766.852
601939.SH,2024-01-19,6.5,6.52,6.43,6.48,6.52,-0.04,-0.6135,780744.0,505827.583
601939.SH,2024-01-22,6.47,6.54,6.44,6.49,6.48,0.01,0.1543,1119865.67,728559.722
601939.SH,2024-01-23,6.47,6.54,6.4,6.51,6.49,0.02,0.3082,830671.76,536716.403
601939.SH,2024-01-24,6.51,6.64,6.5,6.64,6.51,0.13,1.9969,825658.47,542154.844
601939.SH,2024-01-25,6.66,6.72,6.64,6.7,6.64,0.06,0.9036,947414.6,633295.995
601939.SH,2024-01-26,6.69,6.85,6.68,6.84,6.7,0.14,2.0896,1190493.81,807649.275
601939.SH,2024-01-29,6.86,6.95,6.82,6.9,6.84,0.06,0.8772,1268096.77,873843.498
601939.SH,2024-01-30,6.87,6.94,6.8,6.81,6.9,-0.09,-1.3043,757736.61,519758.36
601939.SH,2024-01-31,6.82,6.92,6.77,6.86,6.81,0.05,0.7342,855007.88,585054.686
601939.SH,2024-02-01,6.83,6.89,6.81,6.84,6.86,-0.02,-0.2915,777952.99,532977.401
601939.SH,2024-02-02,6.85,6.94,6.78,6.92,6.84,0.08,1.1696,1044983.63,720082.312
601939.SH,2024-02-05,6.9,7.03,6.87,7.03,6.92,0.11,1.5896,1638742.76,1147068.115
601939.SH,2024-02-06,7.02,7.15,6.99,7.05,7.03,0.02,0.2845,1518496.17,1071927.725
601939.SH,2024-02-07,7.04,7.04,6.74,6.88,7.05,-0.17,-2.4113,2201858.97,1507559.678
601939.SH,2024-02-08,6.85,6.85,6.65,6.8,6.88,-0.08,-1.1628,1738530.51,1168160.743
601939.SH,2024-02-19,6.75,7.05,6.73,7.04,6.8,0.24,3.5294,1846991.56,1274430.858
601939.SH,2024-02-20,7.04,7.13,6.96,7.11,7.04,0.07,0.9943,1022377.1,722445.879
601939.SH,2024-02-21,7.09,7.23,7.07,7.16,7.11,0.05,0.7032,1090337.58,781236.969
601939.SH,2024-02-22,7.15,7.17,7.08,7.15,7.16,-0.01,-0.1397,969663.02,690335.91
601939.SH,2024-02-23,7.14,7.29,7.13,7.19,7.15,0.04,0.5594,1163228.48,838975.596
601939.SH,2024-02-26,7.18,7.19,6.95,6.96,7.19,-0.23,-3.1989,1358979.61,956763.766
601939.SH,2024-02-27,6.94,7.02,6.93,6.99,6.96,0.03,0.431,716746.17,499673.187
601939.SH,2024-02-28,6.95,7.0,6.9,6.95,6.99,-0.04,-0.5722,1100692.98,765481.051
601939.SH,2024-02-29,6.94,7.0,6.92,7.0,6.95,0.05,0.7194,835886.16,582580.522
601939.SH,2024-03-01,6.99,7.06,6.97,7.03,7.0,0.03,0.4286,700477.48,491489.287
601939.SH,2024-03-04,7.02,7.04,6.96,7.0,7.03,-0.03,-0.4267,739433.68,517940.442
601939.SH,2024-03-05,6.98,7.18,6.97,7.14,7.0,0.14,2.0,1116479.73,792685.734
601939.SH,2024-03-06,7.14,7.22,7.05,7.06,7.14,-0.08,-1.1204,747079.86,532359.903
601939.SH,2024-03-07,7.06,7.14,7.06,7.1,7.06,0.04,0.5666,578510.17,410848.873
601939.SH,2024-03-08,7.1,7.14,7.05,7.11,7.1,0.01,0.1408,569952.96,404948.413
601939.SH,2024-03-11,7.1,7.14,7.05,7.07,7.11,-0.04,-0.5626,688003.83,486649.715
601939.SH,2024-03-12,7.06,7.07,6.87,6.87,7.07,-0.2,-2.8289,1620676.29,1122755.487
601939.SH,2024-03-13,6.87,6.89,6.82,6.86,6.87,-0.01,-0.1456,896548.27,614677.711
601939.SH,2024-03-14,6.85,6.91,6.83,6.86,6.86,0.0,0.0,699040.65,479775.371
601939.SH,2024-03-15,6.87,6.88,6.83,6.83,6.86,-0.03,-0.4373,628335.86,430089.661
601939.SH,2024-03-18,6.83,6.84,6.75,6.78,6.83,-0.05,-0.7321,1095981.61,743317.475
601939.SH,2024-03-19,6.77,6.78,6.69,6.72,6.78,-0.06,-0.885,1090076.01,732503.599
601939.SH,2024-03-20,6.7,6.78,6.67,6.74,6.72,0.02,0.2976,890885.82,599013.976
601939.SH,2024-03-21,6.75,6.79,6.72,6.76,6.74,0.02,0.2967,709123.74,479550.08
601939.SH,2024-03-22,6.77,6.89,6.74,6.86,6.76,0.1,1.4793,1319966.57,900514.709
601939.SH,2024-03-25,6.84,6.89,6.83,6.85,6.86,-0.01,-0.1458,878462.19,603107.16
601939.SH,2024-03-26,6.87,6.95,6.83,6.94,6.85,0.09,1.3139,1010016.95,695358.478
601939.SH,2024-03-27,6.93,6.98,6.91,6.95,6.94,0.01,0.1441,1051751.74,731197.163
601939.SH,2024-03-28,6.92,6.94,6.78,6.83,6.95,-0.12,-1.7266,1230858.53,840265.522
601939.SH,2024-03-29,6.84,6.98,6.82,6.87,6.83,0.04,0.5857,943301.48,650858.691
601939.SH,2024-04-01,6.86,6.92,6.85,6.91,6.87,0.04,0.5822,698440.58,481676.238
601939.SH,2024-04-02,6.91,6.97,6.9,6.96,6.91,0.05,0.7236,719255.15,499502.834
601939.SH,2024-04-03,6.97,6.99,6.93,6.95,6.96,-0.01,-0.1437,511865.91,356341.284
601939.SH,2024-04-08,6.94,7.08,6.91,7.04,6.95,0.09,1.295,975645.86,685003.392
601939.SH,2024-04-09,7.04,7.09,6.98,7.01,7.04,-0.03,-0.4261,683206.84,479249.394
601939.SH,2024-04-10,7.0,7.1,7.0,7.03,7.01,0.02,0.2853,879837.0,621254.735
601939.SH,2024-04-11,7.01,7.04,6.95,6.98,7.03,-0.05,-0.7112,533699.42,373612.595
601939.SH,2024-04-12,6.98,7.03,6.94,7.03,6.98,0.05,0.7163,649497.1,454352.542
601939.SH,2024-04-15,7.02,7.14,7.02,7.14,7.03,0.11,1.5647,1000614.46,710041.226
601939.SH,2024-04-16,7.12,7.23,7.08,7.17,7.14,0.03,0.4202,1328912.68,951632.652
601939.SH,2024-04-17,7.14,7.28,7.08,7.28,7.17,0.11,1.5342,1269446.65,913725.004
601939.SH,2024-04-18,7.25,7.39,7.24,7.3,7.28,0.02,0.2747,1228765.99,900018.765
601939.SH,2024-04-19,7.27,7.37,7.27,7.35,7.3,0.05,0.6849,670379.96,491449.096
601939.SH,2024-04-22,7.35,7.45,7.22,7.3,7.35,-0.05,-0.6803,950368.38,695038.7
601939.SH,2024-04-23,7.29,7.38,7.23,7.31,7.3,0.01,0.137,825857.47,603605.255
601939.SH,2024-04-24,7.31,7.31,7.22,7.24,7.31,-0.07,-0.9576,773521.03,560974.27
601939.SH,2024-04-25,7.23,7.28,7.2,7.24,7.24,0.0,0.0,624168.81,451485.268
601939.SH,2024-04-26,7.24,7.27,7.09,7.12,7.24,-0.12,-1.6575,1282847.68,916995.475
601939.SH,2024-04-29,7.1,7.13,7.0,7.07,7.12,-0.05,-0.7022,1577509.07,1115118.95
601939.SH,2024-04-30,7.04,7.14,7.04,7.12,7.07,0.05,0.7072,1000459.56,710560.166
601939.SH,2024-05-06,7.15,7.18,7.05,7.07,7.12,-0.05,-0.7022,1444581.44,1024538.215
601939.SH,2024-05-07,7.07,7.13,7.03,7.12,7.07,0.05,0.7072,1105058.54,782149.777
601939.SH,2024-05-08,7.12,7.19,7.11,7.14,7.12,0.02,0.2809,1196889.89,856819.553
601939.SH,2024-05-09,7.14,7.14,7.07,7.09,7.14,-0.05,-0.7003,870899.76,617668.387
601939.SH,2024-05-10,7.09,7.11,7.06,7.07,7.09,-0.02,-0.2821,1290776.0,914003.101
601939.SH,2024-05-13,7.07,7.09,7.05,7.09,7.07,0.02,0.2829,879145.41,621900.265
601939.SH,2024-05-14,7.08,7.09,7.03,7.04,7.09,-0.05,-0.7052,914630.98,644395.025
601939.SH,2024-05-15,7.04,7.06,7.02,7.04,7.04,0.0,0.0,677776.2,477309.267
601939.SH,2024-05-16,7.04,7.18,7.03,7.17,7.04,0.13,1.8466,1842760.81,1311784.459
601939.SH,2024-05-17,7.16,7.18,7.08,7.14,7.17,-0.03,-0.4184,1265195.22,900198.484
601939.SH,2024-05-20,7.15,7.19,7.1,7.11,7.14,-0.03,-0.4202,1277512.67,911369.42
601939.SH,2024-05-21,7.11,7.15,7.09,7.14,7.11,0.03,0.4219,1116945.37,795545.745
601939.SH,2024-05-22,7.14,7.19,7.12,7.16,7.14,0.02,0.2801,1329244.16,952537.584
601939.SH,2024-05-23,7.15,7.17,7.1,7.11,7.16,-0.05,-0.6983,1100683.22,783555.324
601939.SH,2024-05-24,7.11,7.15,7.06,7.07,7.11,-0.04,-0.5626,1179145.29,837551.503
601939.SH,2024-05-27,7.07,7.12,7.07,7.11,7.07,0.04,0.5658,912967.57,648185.295
601939.SH,2024-05-28,7.11,7.14,7.08,7.11,7.11,0.0,0.0,899783.02,639144.254
601939.SH,2024-05-29,7.1,7.11,7.05,7.07,7.11,-0.04,-0.5626,955546.95,676352.062
601939.SH,2024-05-30,7.07,7.09,7.0,7.03,7.07,-0.04,-0.5658,1098548.12,773269.491
601939.SH,2024-05-31,7.02,7.06,7.02,7.04,7.03,0.01,0.1422,835627.89,588825.396
601939.SH,2024-06-03,7.04,7.09,7.01,7.06,7.04,0.02,0.2841,910908.81,642493.523
601939.SH,2024-06-04,7.07,7.07,7.03,7.06,7.06,0.0,0.0,751287.93,530022.858
601939.SH,2024-06-05,7.06,7.08,7.05,7.07,7.06,0.01,0.1416,819487.88,578610.416
601939.SH,2024-06-06,7.06,7.12,7.05,7.09,7.07,0.02,0.2829,981102.24,695770.008
601939.SH,2024-06-07,7.1,7.2,7.09,7.2,7.09,0.11,1.5515,1382861.1,990406.19
601939.SH,2024-06-11,7.21,7.28,7.12,7.12,7.2,-0.08,-1.1111,1100665.12,788954.215
601939.SH,2024-06-12,7.12,7.15,7.06,7.14,7.12,0.02,0.2809,824547.06,585830.526
601939.SH,2024-06-13,7.14,7.17,7.11,7.15,7.14,0.01,0.1401,631007.45,450564.623
601939.SH,2024-06-14,7.14,7.18,7.11,7.13,7.15,-0.02,-0.2797,880954.27,629199.948
601939.SH,2024-06-17,7.12,7.13,7.04,7.07,7.13,-0.06,-0.8415,968241.83,684446.856
601939.SH,2024-06-18,7.07,7.12,7.03,7.1,7.07,0.03,0.4243,684544.38,484861.791
601939.SH,2024-06-19,7.1,7.2,7.09,7.19,7.1,0.09,1.2676,1167637.07,837151.267
601939.SH,2024-06-20,7.19,7.24,7.15,7.23,7.19,0.04,0.5563,1164438.72,838913.085
601939.SH,2024-06-21,7.21,7.24,7.19,7.22,7.23,-0.01,-0.1383,883805.35,637237.337
601939.SH,2024-06-24,7.22,7.26,7.2,7.25,7.22,0.03,0.4155,918609.24,664562.893
601939.SH,2024-06-25,7.24,7.28,7.23,7.28,7.25,0.03,0.4138,776937.65,564024.062
601939.SH,2024-06-26,7.27,7.33,7.25,7.31,7.28,0.03,0.4121,913170.08,666650.792
601939.SH,2024-06-27,7.31,7.42,7.29,7.4,7.31,0.09,1.2312,1267589.38,934412.684
601939.SH,2024-06-28,7.4,7.43,7.34,7.4,7.4,0.0,0.0,875145.28,646126.173
601939.SH,2024-07-01,7.4,7.6,7.39,7.57,7.4,0.17,2.2973,1333022.44,1004170.788
601939.SH,2024-07-02,7.55,7.71,7.55,7.7,7.57,0.13,1.7173,1233003.23,941972.56
601939.SH,2024-07-03,7.68,7.75,7.58,7.61,7.7,-0.09,-1.1688,891009.9,680138.047
601939.SH,2024-07-04,7.61,7.72,7.61,7.69,7.61,0.08,1.0512,899189.53,690876.459
601939.SH,2024-07-05,7.71,7.74,7.51,7.56,7.69,-0.13,-1.6905,1008403.5,766127.981
601939.SH,2024-07-08,7.56,7.71,7.53,7.66,7.56,0.1,1.3228,1114517.64,853848.813
601939.SH,2024-07-09,7.66,7.7,7.62,7.67,7.66,0.01,0.1305,847309.49,649270.584
601939.SH,2024-07-10,7.69,7.75,7.67,7.74,7.67,0.07,0.9126,1127612.72,870624.974
601939.SH,2024-07-11,7.73,7.78,7.61,7.69,7.74,-0.05,-0.646,1362276.77,1045847.571
601939.SH,2024-07-12,7.3,7.41,7.29,7.37,7.29,0.08,1.0974,1572293.2,1157065.672
601939.SH,2024-07-15,7.37,7.61,7.36,7.59,7.37,0.22,2.9851,1393646.06,1046915.618
601939.SH,2024-07-16,7.59,7.68,7.49,7.56,7.59,-0.03,-0.3953,1092539.99,825640.929
601939.SH,2024-07-17,7.55,7.61,7.51,7.57,7.56,0.01,0.1323,911296.76,689713.918
601939.SH,2024-07-18,7.55,7.62,7.48,7.61,7.57,0.04,0.5284,951388.4,717619.905
601939.SH,2024-07-19,7.58,7.6,7.44,7.55,7.61,-0.06,-0.7884,1179687.95,885210.808
601939.SH,2024-07-22,7.5,7.5,7.35,7.43,7.55,-0.12,-1.5894,1404184.79,1040238.528
601939.SH,2024-07-23,7.4,7.64,7.39,7.58,7.43,0.15,2.0188,1572419.88,1186819.501
601939.SH,2024-07-24,7.56,7.64,7.53,7.59,7.58,0.01,0.1319,1018668.4,773349.943
601939.SH,2024-07-25,7.59,7.62,7.46,7.6,7.59,0.01,0.1318,1305518.3,985854.479
601939.SH,2024-07-26,7.58,7.6,7.37,7.42,7.6,-0.18,-2.3684,1249871.8,929674.565
601939.SH,2024-07-29,7.44,7.58,7.36,7.56,7.42,0.14,1.8868,970831.35,729226.193
601939.SH,2024-07-30,7.57,7.62,7.51,7.57,7.56,0.01,0.1323,690971.0,523147.84
601939.SH,2024-07-31,7.6,7.61,7.4,7.44,7.57,-0.13,-1.7173,1074725.05,801552.825
601939.SH,2024-08-01,7.42,7.58,7.35,7.48,7.44,0.04,0.5376,1052307.54,787085.634
601939.SH,2024-08-02,7.46,7.55,7.44,7.5,7.48,0.02,0.2674,711865.69,534423.903
601939.SH,2024-08-05,7.49,7.58,7.42,7.52,7.5,0.02,0.2667,1091012.07,819033.131
601939.SH,2024-08-06,7.49,7.52,7.4,7.43,7.52,-0.09,-1.1968,963652.99,716500.896
601939.SH,2024-08-07,7.41,7.55,7.39,7.46,7.43,0.03,0.4038,865543.72,648094.942
601939.SH,2024-08-08,7.46,7.5,7.43,7.46,7.46,0.0,0.0,599936.37,448061.833
601939.SH,2024-08-09,7.46,7.53,7.44,7.52,7.46,0.06,0.8043,720029.72,539310.45
601939.SH,2024-08-12,7.51,7.62,7.47,7.6,7.52,0.08,1.0638,875859.17,663739.92
601939.SH,2024-08-13,7.6,7.7,7.58,7.66,7.6,0.06,0.7895,845310.19,647124.635
601939.SH,2024-08-14,7.65,7.7,7.63,7.64,7.66,-0.02,-0.2611,465790.96,356484.291
601939.SH,2024-08-15,7.65,7.72,7.62,7.71,7.64,0.07,0.9162,692372.89,531450.7
601939.SH,2024-08-16,7.7,7.88,7.69,7.88,7.71,0.17,2.2049,1063257.27,831951.01
601939.SH,2024-08-19,7.88,8.08,7.83,8.05,7.88,0.17,2.1574,1317201.27,1051152.157
601939.SH,2024-08-20,8.06,8.19,8.01,8.18,8.05,0.13,1.6149,1422354.43,1155116.876
601939.SH,2024-08-21,8.13,8.17,8.01,8.11,8.18,-0.07,-0.8557,1083662.6,876909.634
601939.SH,2024-08-22,8.1,8.26,8.08,8.22,8.11,0.11,1.3564,983843.68,806833.452
601939.SH,2024-08-23,8.22,8.27,8.13,8.24,8.22,0.02,0.2433,793494.5,651338.098
601939.SH,2024-08-26,8.23,8.27,8.11,8.24,8.24,0.0,0.0,761981.02,623676.451
601939.SH,2024-08-27,8.23,8.4,8.21,8.36,8.24,0.12,1.4563,1169700.71,973448.148
601939.SH,2024-08-28,8.36,8.41,8.2,8.26,8.36,-0.1,-1.1962,1149005.76,951953.486
601939.SH,2024-08-29,8.24,8.28,7.89,7.91,8.26,-0.35,-4.2373,1960402.74,1571297.569
601939.SH,2024-08-30,7.87,7.9,7.5,7.53,7.91,-0.38,-4.804,3385535.52,2582087.603
601939.SH,2024-09-02,7.45,7.57,7.41,7.48,7.53,-0.05,-0.664,2081524.82,1560474.895
601939.SH,2024-09-03,7.49,7.5,7.21,7.32,7.48,-0.16,-2.139,1871877.18,1366542.169
601939.SH,2024-09-04,7.28,7.37,7.22,7.3,7.32,-0.02,-0.2732,1099185.35,800888.742
601939.SH,2024-09-05,7.31,7.34,7.14,7.2,7.3,-0.1,-1.3699,1438511.45,1036059.507
601939.SH,2024-09-06,7.19,7.3,7.17,7.18,7.2,-0.02,-0.2778,1022163.42,739691.556
601939.SH,2024-09-09,7.15,7.17,7.02,7.12,7.18,-0.06,-0.8357,1310463.62,930270.486
601939.SH,2024-09-10,7.12,7.33,7.1,7.3,7.12,0.18,2.5281,1580925.71,1145505.437
601939.SH,2024-09-11,7.29,7.29,7.08,7.12,7.3,-0.18,-2.4658,1264416.69,903396.321
601939.SH,2024-09-12,7.09,7.13,6.97,7.09,7.12,-0.03,-0.4213,1116331.41,788535.902
601939.SH,2024-09-13,7.06,7.15,7.05,7.12,7.09,0.03,0.4231,897964.94,638638.158
601939.SH,2024-09-18,7.13,7.24,7.12,7.23,7.12,0.11,1.5449,785164.2,564404.278
601939.SH,2024-09-19,7.25,7.25,7.11,7.18,7.23,-0.05,-0.6916,942241.67,674427.508
601939.SH,2024-09-20,7.17,7.26,7.15,7.23,7.18,0.05,0.6964,875319.24,632372.466
601939.SH,2024-09-23,7.22,7.36,7.18,7.34,7.23,0.11,1.5214,879179.35,640928.521
601939.SH,2024-09-24,7.37,7.69,7.32,7.68,7.34,0.34,4.6322,1935224.14,1460677.885
601939.SH,2024-09-25,7.8,7.97,7.64,7.74,7.68,0.06,0.7813,1786679.11,1393790.203
601939.SH,2024-09-26,7.75,7.96,7.69,7.96,7.74,0.22,2.8424,1432491.75,1122762.656
601939.SH,2024-09-27,7.96,8.04,7.6,7.65,7.96,-0.31,-3.8945,2323115.45,1794958.75
601939.SH,2024-09-30,7.65,8.0,7.47,7.93,7.65,0.28,3.6601,5182927.14,4002511.881
601939.SH,2024-10-08,8.35,8.66,7.73,8.01,7.93,0.08,1.0088,5052897.1,4093570.427
601939.SH,2024-10-09,7.91,8.04,7.78,7.84,8.01,-0.17,-2.1223,3098749.11,2453037.491
601939.SH,2024-10-10,7.85,8.28,7.85,8.1,7.84,0.26,3.3163,2818938.3,2280015.449
601939.SH,2024-10-11,8.1,8.28,8.01,8.16,8.1,0.06,0.7407,1908558.09,1559281.292
601939.SH,2024-10-14,8.25,8.63,8.25,8.55,8.16,0.39,4.7794,2778905.89,2356685.151
601939.SH,2024-10-15,8.51,8.51,8.2,8.22,8.55,-0.33,-3.8596,2219885.1,1851049.407
601939.SH,2024-10-16,8.16,8.38,8.12,8.36,8.22,0.14,1.7032,1335417.45,1110101.07
601939.SH,2024-10-17,8.32,8.46,8.28,8.28,8.36,-0.08,-0.9569,1099473.78,917285.078
601939.SH,2024-10-18,8.26,8.36,8.13,8.31,8.28,0.03,0.3623,1270776.49,1049433.899
601939.SH,2024-10-21,8.26,8.29,8.08,8.15,8.31,-0.16,-1.9254,1693103.12,1377326.752
601939.SH,2024-10-22,8.15,8.2,8.1,8.14,8.15,-0.01,-0.1227,736399.52,599606.78
601939.SH,2024-10-23,8.14,8.17,8.1,8.14,8.14,0.0,0.0,686069.58,557875.656
601939.SH,2024-10-24,8.13,8.18,8.08,8.16,8.14,0.02,0.2457,657199.76,535383.263
601939.SH,2024-10-25,8.14,8.15,8.04,8.11,8.16,-0.05,-0.6127,953115.0,771679.011
601939.SH,2024-10-28,8.1,8.1,7.96,8.01,8.11,-0.1,-1.233,988871.31,790224.202
601939.SH,2024-10-29,8.0,8.06,7.97,8.01,8.01,0.0,0.0,732601.97,586926.489
601939.SH,2024-10-30,7.98,8.02,7.83,7.92,8.01,-0.09,-1.1236,1388661.47,1095888.579
601939.SH,2024-10-31,7.98,8.05,7.91,7.93,7.92,0.01,0.1263,944011.04,752491.492
601939.SH,2024-11-01,7.95,8.14,7.93,8.06,7.93,0.13,1.6393,1351788.26,1090828.937
601939.SH,2024-11-04,8.07,8.09,7.92,8.08,8.06,0.02,0.2481,971598.21,777231.463
601939.SH,2024-11-05,8.06,8.11,8.04,8.11,8.08,0.03,0.3713,923067.26,746340.654
601939.SH,2024-11-06,8.09,8.1,7.97,8.0,8.11,-0.11,-1.3564,1293778.28,1036719.877
601939.SH,2024-11-07,7.99,8.08,7.95,8.08,8.0,0.08,1.0,948331.67,760629.665
601939.SH,2024-11-08,8.07,8.13,7.98,8.0,8.08,-0.08,-0.9901,1293179.82,1039684.899
601939.SH,2024-11-11,7.95,7.97,7.86,7.9,8.0,-0.1,-1.25,1342979.55,1062365.832
601939.SH,2024-11-12,7.9,7.93,7.83,7.85,7.9,-0.05,-0.6329,1282312.33,1008686.963
601939.SH,2024-11-13,7.84,7.92,7.81,7.87,7.85,0.02,0.2548,821237.76,646992.473
601939.SH,2024-11-14,7.85,7.96,7.82,7.92,7.87,0.05,0.6353,1070848.14,847601.529
601939.SH,2024-11-15,7.91,8.0,7.86,7.92,7.92,0.0,0.0,1547508.53,1230319.991
601939.SH,2024-11-18,7.96,8.11,7.96,8.0,7.92,0.08,1.0101,1950823.93,1568036.186
601939.SH,2024-11-19,8.0,8.06,7.87,7.95,8.0,-0.05,-0.625,1206712.48,961335.99
601939.SH,2024-11-20,7.94,7.99,7.92,7.95,7.95,0.0,0.0,740483.89,588931.38
601939.SH,2024-11-21,7.95,7.97,7.92,7.94,7.95,-0.01,-0.1258,631675.61,501102.428
601939.SH,2024-11-22,7.93,7.98,7.84,7.84,7.94,-0.1,-1.2594,902874.0,712922.585
601939.SH,2024-11-25,7.84,7.9,7.83,7.88,7.84,0.04,0.5102,835487.35,657780.12
601939.SH,2024-11-26,7.87,8.0,7.84,7.98,7.88,0.1,1.269,997560.77,792253.366
601939.SH,2024-11-27,7.99,8.06,7.96,8.06,7.98,0.08,1.0025,1236853.1,992521.38
601939.SH,2024-11-28,8.05,8.09,8.0,8.04,8.06,-0.02,-0.2481,618027.08,497450.327
601939.SH,2024-11-29,8.06,8.09,7.98,7.98,8.04,-0.06,-0.7463,875232.73,702568.024
601939.SH,2024-12-02,7.97,7.99,7.88,7.94,7.98,-0.04,-0.5013,943423.46,748428.768
601939.SH,2024-12-03,7.94,8.08,7.93,8.07,7.94,0.13,1.6373,1171880.94,939049.027
601939.SH,2024-12-04,8.06,8.22,8.03,8.19,8.07,0.12,1.487,1341469.8,1093326.414
601939.SH,2024-12-05,8.18,8.29,8.16,8.23,8.19,0.04,0.4884,760953.33,627012.052
601939.SH,2024-12-06,8.23,8.3,8.19,8.27,8.23,0.04,0.486,902552.15,745552.289
601939.SH,2024-12-09,8.26,8.29,8.19,8.25,8.27,-0.02,-0.2418,789367.26,651078.555
601939.SH,2024-12-10,8.28,8.42,8.19,8.37,8.25,0.12,1.4545,1504606.75,1249068.607
601939.SH,2024-12-11,8.32,8.38,8.2,8.21,8.37,-0.16,-1.9116,1240355.89,1024262.68
601939.SH,2024-12-12,8.22,8.34,8.18,8.31,8.21,0.1,1.218,1088774.79,900918.867
601939.SH,2024-12-13,8.29,8.39,8.26,8.3,8.31,-0.01,-0.1203,1138958.08,948661.065
601939.SH,2024-12-16,8.31,8.55,8.3,8.45,8.3,0.15,1.8072,1239263.79,1045535.19
601939.SH,2024-12-17,8.45,8.57,8.44,8.49,8.45,0.04,0.4734,887937.59,755171.01
601939.SH,2024-12-18,8.52,8.65,8.49,8.55,8.49,0.06,0.7067,1002938.34,859273.151
601939.SH,2024-12-19,8.52,8.58,8.4,8.48,8.55,-0.07,-0.8187,902493.13,765971.927
601939.SH,2024-12-20,8.47,8.6,8.46,8.48,8.48,0.0,0.0,801627.61,682584.497
601939.SH,2024-12-23,8.45,8.73,8.45,8.62,8.48,0.14,1.6509,1499687.8,1294586.538
601939.SH,2024-12-24,8.6,8.78,8.59,8.78,8.62,0.16,1.8561,1294148.26,1128814.466
601939.SH,2024-12-25,8.78,9.02,8.77,8.88,8.78,0.1,1.139,1453468.04,1290884.287
601939.SH,2024-12-26,8.85,8.9,8.71,8.83,8.88,-0.05,-0.5631,974056.65,855270.051
601939.SH,2024-12-27,8.78,8.83,8.58,8.77,8.83,-0.06,-0.6795,1434953.07,1249823.518
601939.SH,2024-12-30,8.75,8.84,8.73,8.8,8.77,0.03,0.3421,983924.36,864811.126
601939.SH,2024-12-31,8.8,8.85,8.75,8.79,8.8,-0.01,-0.1136,1204568.94,1061365.794
601939.SH,2025-01-02,8.78,8.85,8.53,8.59,8.79,-0.2,-2.2753,1223092.09,1060427.679
601939.SH,2025-01-03,8.59,8.71,8.41,8.47,8.59,-0.12,-1.397,1401132.14,1189951.933
601939.SH,2025-01-06,8.44,8.52,8.25,8.48,8.47,0.01,0.1181,1396563.61,1173590.609
601939.SH,2025-01-07,8.47,8.68,8.43,8.65,8.48,0.17,2.0047,1223342.67,1045121.128
601939.SH,2025-01-08,8.64,8.85,8.64,8.84,8.65,0.19,2.1965,1436877.13,1259720.207
601939.SH,2025-01-09,8.85,8.85,8.68,8.76,8.84,-0.08,-0.905,1245936.04,1092374.67
601939.SH,2025-01-10,8.58,8.59,8.32,8.45,8.56,-0.11,-1.285,1382758.96,1167917.853
601939.SH,2025-01-13,8.37,8.4,8.2,8.29,8.45,-0.16,-1.8935,1052852.57,873192.635
601939.SH,2025-01-14,8.27,8.37,8.25,8.32,8.29,0.03,0.3619,924205.07,767635.843
601939.SH,2025-01-15,8.3,8.43,8.29,8.32,8.32,0.0,0.0,1030448.98,861589.239
601939.SH,2025-01-16,8.34,8.46,8.26,8.46,8.32,0.14,1.6827,1119449.73,939090.695
601939.SH,2025-01-17,8.42,8.47,8.32,8.34,8.46,-0.12,-1.4184,864334.21,723993.683
601939.SH,2025-01-20,8.34,8.37,8.28,8.29,8.34,-0.05,-0.5995,676616.51,562069.237
601939.SH,2025-01-21,8.3,8.33,8.22,8.27,8.29,-0.02,-0.2413,686714.37,568034.969
601939.SH,2025-01-22,8.27,8.27,8.14,8.17,8.27,-0.1,-1.2092,854872.82,699747.356
601939.SH,2025-01-23,8.23,8.46,8.22,8.44,8.17,0.27,3.3048,1551179.34,1294971.873
601939.SH,2025-01-24,8.44,8.47,8.3,8.41,8.44,-0.03,-0.3555,762839.55,641609.023
601939.SH,2025-01-27,8.44,8.58,8.44,8.54,8.41,0.13,1.5458,814416.33,694349.55
601939.SH,2025-02-05,8.53,8.55,8.37,8.38,8.54,-0.16,-1.8735,962774.24,811064.242
601939.SH,2025-02-06,8.42,8.47,8.3,8.34,8.38,-0.04,-0.4773,847087.03,707701.959
601939.SH,2025-02-07,8.35,8.35,8.25,8.3,8.34,-0.04,-0.4796,1007817.93,835041.495
601939.SH,2025-02-10,8.28,8.36,8.26,8.3,8.3,0.0,0.0,773309.72,642454.255
601939.SH,2025-02-11,8.31,8.59,8.3,8.59,8.3,0.29,3.494,1964047.21,1665693.985
601939.SH,2025-02-12,8.59,8.74,8.53,8.72,8.59,0.13,1.5134,1235387.13,1070898.808
601939.SH,2025-02-13,8.71,8.8,8.67,8.77,8.72,0.05,0.5734,942323.04,826064.283
601939.SH,2025-02-14,8.78,8.8,8.7,8.76,8.77,-0.01,-0.114,642686.7,562055.325
601939.SH,2025-02-17,8.78,8.8,8.64,8.74,8.76,-0.02,-0.2283,790594.95,687911.186
601939.SH,2025-02-18,8.75,8.92,8.74,8.81,8.74,0.07,0.8009,1158335.03,1023594.482
601939.SH,2025-02-19,8.78,8.85,8.76,8.78,8.81,-0.03,-0.3405,646110.64,568405.973
601939.SH,2025-02-20,8.78,8.84,8.75,8.78,8.78,0.0,0.0,563877.82,495377.939
601939.SH,2025-02-21,8.75,8.76,8.62,8.64,8.78,-0.14,-1.5945,904018.5,783508.309
601939.SH,2025-02-24,8.62,8.64,8.5,8.58,8.64,-0.06,-0.6944,1049058.99,898539.311
601939.SH,2025-02-25,8.58,8.64,8.48,8.5,8.58,-0.08,-0.9324,1047481.93,893741.662
601939.SH,2025-02-26,8.51,8.63,8.5,8.54,8.5,0.04,0.4706,948633.37,811154.045
601939.SH,2025-02-27,8.54,8.61,8.46,8.58,8.54,0.04,0.4684,999062.1,853225.901
601939.SH,2025-02-28,8.57,8.64,8.51,8.51,8.58,-0.07,-0.8159,1083792.01,928052.671
601939.SH,2025-03-03,8.51,8.55,8.41,8.5,8.51,-0.01,-0.1175,901788.4,763729.894
601939.SH,2025-03-04,8.48,8.51,8.43,8.45,8.5,-0.05,-0.5882,754129.09,638340.665
601939.SH,2025-03-05,8.46,8.68,8.44,8.64,8.45,0.19,2.2485,1386465.03,1188807.519
601939.SH,2025-03-06,8.62,8.63,8.52,8.53,8.64,-0.11,-1.2731,1015042.06,867855.356
601939.SH,2025-03-07,8.52,8.56,8.47,8.5,8.53,-0.03,-0.3517,936502.98,796428.797
601939.SH,2025-03-10,8.49,8.51,8.43,8.45,8.5,-0.05,-0.5882,628223.98,531248.678
601939.SH,2025-03-11,8.43,8.49,8.4,8.49,8.45,0.04,0.4734,893605.26,754255.171
601939.SH,2025-03-12,8.46,8.5,8.42,8.45,8.49,-0.04,-0.4711,567209.43,479730.697
601939.SH,2025-03-13,8.45,8.51,8.44,8.46,8.45,0.01,0.1183,668955.24,566978.607
601939.SH,2025-03-14,8.47,8.53,8.45,8.48,8.46,0.02,0.2364,1109291.55,941642.284
601939.SH,2025-03-17,8.5,8.56,8.47,8.53,8.48,0.05,0.5896,941384.32,802762.289
601939.SH,2025-03-18,8.53,8.55,8.48,8.5,8.53,-0.03,-0.3517,684279.03,582269.065
601939.SH,2025-03-19,8.5,8.61,8.49,8.58,8.5,0.08,0.9412,908605.27,777459.064
601939.SH,2025-03-20,8.57,8.62,8.52,8.54,8.58,-0.04,-0.4662,592912.51,507174.173
601939.SH,2025-03-21,8.54,8.57,8.45,8.49,8.54,-0.05,-0.5855,808683.17,687414.983
601939.SH,2025-03-24,8.49,8.59,8.49,8.58,8.49,0.09,1.0601,836754.63,715557.857
601939.SH,2025-03-25,8.59,8.67,8.57,8.65,8.58,0.07,0.8159,741815.32,639517.727
601939.SH,2025-03-26,8.63,8.64,8.56,8.59,8.65,-0.06,-0.6936,632856.26,544501.733
601939.SH,2025-03-27,8.59,8.64,8.58,8.63,8.59,0.04,0.4657,503599.46,433896.781
601939.SH,2025-03-28,8.62,8.63,8.51,8.52,8.63,-0.11,-1.2746,730211.55,624829.033
601939.SH,2025-03-31,8.59,8.85,8.48,8.83,8.52,0.31,3.6385,2550415.24,2226607.263
601939.SH,2025-04-01,8.76,8.82,8.63,8.67,8.83,-0.16,-1.812,1484857.21,1289928.014
601939.SH,2025-04-02,8.66,8.79,8.65,8.77,8.67,0.1,1.1534,921713.0,804375.765
601939.SH,2025-04-03,8.72,8.92,8.7,8.92,8.77,0.15,1.7104,1351555.42,1197318.207
601939.SH,2025-04-07,8.83,8.99,8.61,8.88,8.92,-0.04,-0.4484,2536283.65,2228281.245
601939.SH,2025-04-08,8.8,9.03,8.69,8.97,8.88,0.09,1.0135,2493459.41,2207982.29
601939.SH,2025-04-09,8.89,9.01,8.77,8.8,8.97,-0.17,-1.8952,1975177.44,1743527.608
601939.SH,2025-04-10,8.82,8.82,8.7,8.74,8.8,-0.06,-0.6818,1250340.22,1090796.889
601939.SH,2025-04-11,8.75,8.79,8.68,8.79,8.74,0.05,0.5721,1138681.5,994582.346
601939.SH,2025-04-14,8.76,8.94,8.73,8.93,8.79,0.14,1.5927,1448309.78,1283293.189
601939.SH,2025-04-15,8.9,9.01,8.88,8.98,8.93,0.05,0.5599,992339.66,889553.702
601939.SH,2025-04-16,9.0,9.07,8.94,9.07,8.98,0.09,1.0022,1147066.81,1034667.449
601939.SH,2025-04-17,9.06,9.1,8.95,9.08,9.07,0.01,0.1103,806685.5,728991.248
601939.SH,2025-04-18,9.05,9.24,9.05,9.22,9.08,0.14,1.5419,997119.69,915259.718
601939.SH,2025-04-21,9.2,9.35,9.07,9.08,9.22,-0.14,-1.5184,1236180.97,1134289.619
601939.SH,2025-04-22,9.05,9.28,9.05,9.19,9.08,0.11,1.2115,1005899.91,924556.659
601939.SH,2025-04-23,9.19,9.22,9.1,9.12,9.19,-0.07,-0.7617,673365.41,615697.867
601939.SH,2025-04-24,9.12,9.3,9.11,9.27,9.12,0.15,1.6447,860672.31,794557.523
601939.SH,2025-04-25,9.28,9.35,9.16,9.21,9.27,-0.06,-0.6472,801894.48,739687.901
601939.SH,2025-04-28,9.22,9.4,9.18,9.39,9.21,0.18,1.9544,1098453.86,1024721.433
601939.SH,2025-04-29,9.38,9.47,9.33,9.36,9.39,-0.03,-0.3195,738792.73,692042.354
601939.SH,2025-04-30,9.29,9.33,9.02,9.06,9.36,-0.3,-3.2051,2244420.63,2037619.175
601939.SH,2025-05-06,9.06,9.11,8.89,9.05,9.06,-0.01,-0.1104,1046287.05,943905.086
601939.SH,2025-05-07,9.11,9.25,9.0,9.23,9.05,0.18,1.989,1265538.39,1160260.075
601939.SH,2025-05-08,9.21,9.37,9.21,9.31,9.23,0.08,0.8667,1100915.92,1025388.781
601939.SH,2025-05-09,9.14,9.33,9.14,9.24,9.1,0.14,1.5385,783060.22,721316.898
601939.SH,2025-05-12,9.23,9.27,9.14,9.17,9.24,-0.07,-0.7576,1023705.13,940426.066
601939.SH,2025-05-13,9.2,9.27,9.1,9.26,9.17,0.09,0.9815,832390.1,766863.977
601939.SH,2025-05-14,9.22,9.33,9.2,9.25,9.26,-0.01,-0.108,1056509.18,978245.032
601939.SH,2025-05-15,9.23,9.32,9.22,9.23,9.25,-0.02,-0.2162,699901.47,647966.319
601939.SH,2025-05-16,9.25,9.26,9.11,9.18,9.23,-0.05,-0.5417,763936.54,699289.935
601939.SH,2025-05-19,9.18,9.23,9.15,9.16,9.18,-0.02,-0.2179,608339.7,558838.912
601939.SH,2025-05-20,9.17,9.22,9.12,9.16,9.16,0.0,0.0,605799.73,554875.192
601939.SH,2025-05-21,9.15,9.2,9.11,9.17,9.16,0.01,0.1092,658202.34,602918.24
601939.SH,2025-05-22,9.16,9.2,9.11,9.17,9.17,0.0,0.0,572812.93,524468.862
601939.SH,2025-05-23,9.18,9.22,9.07,9.08,9.17,-0.09,-0.9815,920336.33,839238.955
601939.SH,2025-05-26,9.09,9.1,9.02,9.04,9.08,-0.04,-0.4405,615210.62,556893.316
601939.SH,2025-05-27,9.05,9.12,9.04,9.07,9.04,0.03,0.3319,531772.28,482843.217
601939.SH,2025-05-28,9.07,9.09,9.03,9.05,9.07,-0.02,-0.2205,346600.86,313581.188
601939.SH,2025-05-29,9.05,9.06,8.97,9.01,9.05,-0.04,-0.442,615100.89,553591.664
601939.SH,2025-05-30,9.01,9.08,8.99,9.03,9.01,0.02,0.222,670206.08,605710.871
601939.SH,2025-06-03,9.03,9.11,8.99,9.06,9.03,0.03,0.3322,850308.03,770342.594
601939.SH,2025-06-04,9.07,9.08,9.01,9.01,9.06,-0.05,-0.5519,735116.56,663891.115
601939.SH,2025-06-05,9.01,9.03,8.98,9.0,9.01,-0.01,-0.111,578578.5,520564.814
601939.SH,2025-06-06,9.01,9.04,8.98,9.0,9.0,0.0,0.0,499283.76,449248.493
601939.SH,2025-06-09,9.0,9.0,8.93,8.96,9.0,-0.04,-0.4444,696118.62,623176.113
601939.SH,2025-06-10,8.96,9.05,8.93,8.97,8.96,0.01,0.1116,1005136.69,904514.45
601939.SH,2025-06-11,8.96,8.97,8.9,8.92,8.97,-0.05,-0.5574,1299146.67,1159661.869
601939.SH,2025-06-12,8.93,8.93,8.89,8.89,8.92,-0.03,-0.3363,659638.14,587246.252
601939.SH,2025-06-13,8.9,8.92,8.83,8.86,8.89,-0.03,-0.3375,914689.6,810721.056
601939.SH,2025-06-16,8.86,9.0,8.8,9.0,8.86,0.14,1.5801,1315620.1,1171070.517
601939.SH,2025-06-17,8.98,9.03,8.95,9.02,9.0,0.02,0.2222,672643.77,605677.298
601939.SH,2025-06-18,9.02,9.22,9.01,9.22,9.02,0.2,2.2173,1504506.92,1375312.317
601939.SH,2025-06-19,9.19,9.24,9.14,9.22,9.22,0.0,0.0,848636.42,780760.493
601939.SH,2025-06-20,9.22,9.31,9.18,9.31,9.22,0.09,0.9761,935533.18,866898.271
601939.SH,2025-06-23,9.3,9.47,9.24,9.45,9.31,0.14,1.5038,1099121.85,1031402.014
601939.SH,2025-06-24,9.4,9.5,9.35,9.48,9.45,0.03,0.3175,1012861.61,955896.721
601939.SH,2025-06-25,9.45,9.56,9.36,9.55,9.48,0.07,0.7384,984129.72,933715.021
601939.SH,2025-06-26,9.52,9.6,9.46,9.57,9.55,0.02,0.2094,889445.65,849117.529
601939.SH,2025-06-27,9.56,9.67,9.34,9.37,9.57,-0.2,-2.0899,1730221.47,1637882.598
601939.SH,2025-06-30,9.33,9.54,9.31,9.44,9.37,0.07,0.7471,1563466.12,1472190.018
601939.SH,2025-07-01,9.47,9.75,9.45,9.71,9.44,0.27,2.8602,1392205.18,1346175.814
601939.SH,2025-07-02,9.75,9.89,9.71,9.76,9.71,0.05,0.5149,1007812.07,988666.1
601939.SH,2025-07-03,9.77,9.88,9.68,9.68,9.76,-0.08,-0.8197,821492.2,800967.679
601939.SH,2025-07-04,9.74,9.85,9.7,9.8,9.68,0.12,1.2397,781269.7,764244.737
601939.SH,2025-07-07,9.79,9.81,9.73,9.75,9.8,-0.05,-0.5102,661110.73,645667.069
601939.SH,2025-07-08,9.76,9.81,9.71,9.74,9.75,-0.01,-0.1026,649537.2,633783.295
601939.SH,2025-07-09,9.73,9.88,9.72,9.82,9.74,0.08,0.8214,768899.88,754797.991
601939.SH,2025-07-10,9.85,9.97,9.83,9.87,9.82,0.05,0.5092,848229.75,840594.391
601939.SH,2025-07-11,9.9,10.03,9.75,9.75,9.87,-0.12,-1.2158,1502288.39,1483715.121
601939.SH,2025-07-14,9.79,9.9,9.77,9.77,9.75,0.02,0.2051,899538.9,884236.237
601939.SH,2025-07-15,9.8,9.83,9.69,9.7,9.77,-0.07,-0.7165,835254.41,813157.711
601939.SH,2025-07-16,9.7,9.72,9.59,9.72,9.7,0.02,0.2062,954332.95,920145.843
601939.SH,2025-07-17,9.7,9.73,9.63,9.66,9.72,-0.06,-0.6173,750204.81,724708.204
601939.SH,2025-07-18,9.66,9.7,9.61,9.66,9.66,0.0,0.0,526755.18,509154.09
601939.SH,2025-07-21,9.65,9.66,9.53,9.57,9.66,-0.09,-0.9317,831807.42,796077.894
601939.SH,2025-07-22,9.54,9.56,9.38,9.43,9.57,-0.14,-1.4629,1415306.14,1335636.121
601939.SH,2025-07-23,9.4,9.57,9.4,9.5,9.43,0.07,0.7423,1211918.64,1150232.329
601939.SH,2025-07-24,9.5,9.52,9.37,9.38,9.5,-0.12,-1.2632,1261764.24,1187264.913
601939.SH,2025-07-25,9.36,9.43,9.34,9.35,9.38,-0.03,-0.3198,788941.41,739732.32
601939.SH,2025-07-28,9.35,9.43,9.34,9.37,9.35,0.02,0.2139,888921.72,834579.078
601939.SH,2025-07-29,9.37,9.45,9.22,9.24,9.37,-0.13,-1.3874,1271162.79,1184348.814
601939.SH,2025-07-30,9.21,9.39,9.19,9.32,9.24,0.08,0.8658,1149502.71,1070079.848
601939.SH,2025-07-31,9.33,9.42,9.22,9.41,9.32,0.09,0.9657,1474310.73,1377953.14
601939.SH,2025-08-01,9.4,9.47,9.28,9.42,9.41,0.01,0.1063,1357783.58,1276430.708
601939.SH,2025-08-04,9.4,9.56,9.39,9.55,9.42,0.13,1.38,1429879.88,1361840.322
601939.SH,2025-08-05,9.53,9.65,9.5,9.64,9.55,0.09,0.9424,982230.45,941627.333
601939.SH,2025-08-06,9.64,9.68,9.55,9.58,9.64,-0.06,-0.6224,1224071.82,1174882.257
601939.SH,2025-08-07,9.57,9.7,9.45,9.63,9.58,0.05,0.5219,1266162.01,1216989.017
601939.SH,2025-08-08,9.63,9.74,9.59,9.6,9.63,-0.03,-0.3115,1110338.11,1071562.38
601939.SH,2025-08-11,9.59,9.61,9.45,9.47,9.6,-0.13,-1.3542,1345845.52,1278126.787
601939.SH,2025-08-12,9.47,9.53,9.45,9.51,9.47,0.04,0.4224,1098136.0,1042513.998
601939.SH,2025-08-13,9.51,9.55,9.34,9.35,9.51,-0.16,-1.6824,1799717.13,1695922.22
601939.SH,2025-08-14,9.35,9.44,9.34,9.35,9.35,0.0,0.0,1372987.69,1288269.665
601939.SH,2025-08-15,9.37,9.38,9.11,9.17,9.35,-0.18,-1.9251,2194931.23,2013157.044
601939.SH,2025-08-18,9.19,9.19,9.08,9.14,9.17,-0.03,-0.3272,1360113.53,1240303.153
601939.SH,2025-08-19,9.14,9.21,9.11,9.16,9.14,0.02,0.2188,1364968.36,1251384.384
601939.SH,2025-08-20,9.16,9.25,9.14,9.17,9.16,0.01,0.1092,1222803.46,1124411.517
601939.SH,2025-08-21,9.17,9.26,9.11,9.24,9.17,0.07,0.7634,1336026.4,1230269.041
601939.SH,2025-08-22,9.25,9.27,9.14,9.21,9.24,-0.03,-0.3247,1276906.59,1172103.577
601939.SH,2025-08-25,9.19,9.23,9.13,9.19,9.21,-0.02,-0.2172,1353479.03,1240478.111
601939.SH,2025-08-26,9.19,9.24,9.14,9.15,9.19,-0.04,-0.4353,1263640.68,1159909.001
601939.SH,2025-08-27,9.13,9.14,9.03,9.03,9.15,-0.12,-1.3115,1705417.32,1545638.248
601939.SH,2025-08-28,9.03,9.06,8.94,9.03,9.03,0.0,0.0,1282154.46,1153515.326
601939.SH,2025-08-29,9.01,9.14,9.0,9.0,9.03,-0.03,-0.3322,1508822.98,1367885.105
601939.SH,2025-09-01,9.07,9.15,8.96,9.04,9.0,0.04,0.4444,1763068.3,1598130.771
601939.SH,2025-09-02,9.04,9.25,9.01,9.22,9.04,0.18,1.9912,2480237.84,2270801.004
601939.SH,2025-09-03,9.22,9.24,9.08,9.13,9.22,-0.09,-0.9761,1372306.17,1255087.878
601939.SH,2025-09-04,9.1,9.22,8.93,9.2,9.13,0.07,0.7667,1975319.69,1794049.905
601939.SH,2025-09-05,9.17,9.18,9.03,9.05,9.2,-0.15,-1.6304,1367550.13,1239719.73
601939.SH,2025-09-08,9.02,9.07,8.98,9.0,9.05,-0.05,-0.5525,1025632.5,924670.748
601939.SH,2025-09-09,8.98,9.04,8.98,9.01,9.0,0.01,0.1111,649048.89,584890.746
601939.SH,2025-09-10,9.01,9.16,8.97,9.15,9.01,0.14,1.5538,1569052.69,1425793.688
601939.SH,2025-09-11,9.12,9.21,9.02,9.16,9.15,0.01,0.1093,1461155.88,1330191.342
601939.SH,2025-09-12,9.16,9.18,9.09,9.12,9.16,-0.04,-0.4367,915185.82,836326.492
601939.SH,2025-09-15,9.11,9.13,9.01,9.04,9.12,-0.08,-0.8772,1129241.66,1022165.185
601939.SH,2025-09-16,9.02,9.08,8.98,9.01,9.04,-0.03,-0.3319,998441.79,900393.102
601939.SH,2025-09-17,9.0,9.05,8.98,9.0,9.01,-0.01,-0.111,829594.74,747565.208
601939.SH,2025-09-18,8.99,9.0,8.75,8.77,9.0,-0.23,-2.5556,1815451.04,1608806.523
601939.SH,2025-09-19,8.74,8.88,8.66,8.88,8.77,0.11,1.2543,1509207.09,1325125.841
601939.SH,2025-09-22,8.8,8.82,8.58,8.59,8.88,-0.29,-3.2658,1455969.61,1262239.304
601939.SH,2025-09-23,8.56,8.9,8.5,8.85,8.59,0.26,3.0268,2062303.93,1809684.089
601939.SH,2025-09-24,8.83,8.96,8.74,8.75,8.85,-0.1,-1.1299,1414776.46,1248103.079
601939.SH,2025-09-25,8.74,8.77,8.62,8.73,8.75,-0.02,-0.2286,1155372.18,1002232.567
601939.SH,2025-09-26,8.71,8.72,8.62,8.66,8.73,-0.07,-0.8018,781044.91,676547.18
601939.SH,2025-09-29,8.64,8.68,8.54,8.6,8.66,-0.06,-0.6928,1221383.12,1050946.518
601939.SH,2025-09-30,8.61,8.62,8.55,8.61,8.6,0.01,0.1163,917245.56,787497.499
601939.SH,2025-10-09,8.56,8.67,8.5,8.67,8.61,0.06,0.6969,1087770.82,932973.082
601939.SH,2025-10-10,8.64,8.72,8.62,8.7,8.67,0.03,0.346,1166096.58,1011535.404
601939.SH,2025-10-13,8.69,8.82,8.62,8.7,8.7,0.0,0.0,1451018.0,1264813.496
601939.SH,2025-10-14,8.68,8.9,8.62,8.89,8.7,0.19,2.1839,1910550.08,1684502.569
601939.SH,2025-10-15,8.89,8.98,8.85,8.95,8.89,0.06,0.6749,1291223.39,1152784.042
601939.SH,2025-10-16,8.93,9.21,8.93,9.19,8.95,0.24,2.6816,2020122.21,1840517.054
601939.SH,2025-10-17,9.18,9.34,9.14,9.22,9.19,0.03,0.3264,1701796.95,1575897.499
601939.SH,2025-10-20,9.13,9.29,9.04,9.25,9.22,0.03,0.3254,1424353.31,1304696.909
601939.SH,2025-10-21,9.2,9.29,9.18,9.29,9.25,0.04,0.4324,1128890.82,1043628.348
601939.SH,2025-10-22,9.26,9.39,9.26,9.38,9.29,0.09,0.9688,1158875.0,1082821.567
601939.SH,2025-10-23,9.38,9.49,9.27,9.36,9.38,-0.02,-0.2132,1197152.1,1123241.322
601939.SH,2025-10-24,9.35,9.42,9.28,9.36,9.36,0.0,0.0,918675.32,859340.187
601939.SH,2025-10-27,9.35,9.5,9.22,9.43,9.36,0.07,0.7479,1422342.94,1336993.981
601939.SH,2025-10-28,9.42,9.49,9.31,9.39,9.43,-0.04,-0.4242,791454.53,742908.494
601939.SH,2025-10-29,9.37,9.39,9.2,9.23,9.39,-0.16,-1.7039,1117126.66,1034952.419
601939.SH,2025-10-30,9.22,9.38,9.21,9.24,9.23,0.01,0.1083,1163338.86,1079548.627
601939.SH,2025-10-31,9.29,9.29,9.06,9.13,9.24,-0.11,-1.1905,1300036.12,1187721.594
601939.SH,2025-11-03,9.14,9.35,9.13,9.34,9.13,0.21,2.3001,1342670.83,1246171.321
601939.SH,2025-11-04,9.34,9.55,9.33,9.55,9.34,0.21,2.2484,1586531.0,1505405.653
601939.SH,2025-11-05,9.56,9.6,9.46,9.48,9.55,-0.07,-0.733,854265.84,813631.834
601939.SH,2025-11-06,9.45,9.48,9.39,9.44,9.48,-0.04,-0.4219,725206.59,684642.932
601939.SH,2025-11-07,9.45,9.52,9.37,9.39,9.44,-0.05,-0.5297,621264.34,584809.292
601939.SH,2025-11-10,9.37,9.52,9.31,9.5,9.39,0.11,1.1715,837036.86,791535.695
601939.SH,2025-11-11,9.49,9.55,9.45,9.54,9.5,0.04,0.4211,714337.14,679335.428
601939.SH,2025-11-12,9.55,9.71,9.55,9.59,9.54,0.05,0.5241,1031834.65,993605.279
601939.SH,2025-11-13,9.6,9.71,9.43,9.54,9.59,-0.05,-0.5214,904882.91,861816.006
601939.SH,2025-11-14,9.53,9.67,9.53,9.56,9.54,0.02,0.2096,715230.02,687170.117
601939.SH,2025-11-17,9.54,9.55,9.39,9.44,9.56,-0.12,-1.2552,769526.86,727060.737
601939.SH,2025-11-18,9.43,9.47,9.36,9.41,9.44,-0.03,-0.3178,609517.33,573404.008
601939.SH,2025-11-19,9.4,9.58,9.39,9.52,9.41,0.11,1.169,838453.87,796638.69
601939.SH,2025-11-20,9.48,9.97,9.45,9.82,9.52,0.3,3.1513,2241663.51,2195359.06
601939.SH,2025-11-21,9.79,9.9,9.72,9.79,9.82,-0.03,-0.3055,1800110.31,1765599.903
601939.SH,2025-11-24,9.77,9.84,9.65,9.75,9.79,-0.04,-0.4086,1290231.48,1255606.465
601939.SH,2025-11-25,9.73,9.88,9.62,9.85,9.75,0.1,1.0256,1289072.44,1258571.118
601939.SH,2025-11-26,9.85,9.9,9.65,9.72,9.85,-0.13,-1.3198,1221971.93,1187962.993
601939.SH,2025-11-27,9.72,9.74,9.56,9.71,9.72,-0.01,-0.1029,975232.55,941813.661
601939.SH,2025-11-28,9.69,9.75,9.61,9.66,9.71,-0.05,-0.5149,1097007.41,1059927.748
601939.SH,2025-12-01,9.61,9.67,9.55,9.65,9.66,-0.01,-0.1035,868455.38,834969.33
601939.SH,2025-12-02,9.64,9.71,9.52,9.6,9.65,-0.05,-0.5181,877046.53,841785.696
601939.SH,2025-12-03,9.55,9.65,9.42,9.44,9.6,-0.16,-1.6667,1012509.22,963180.6
601939.SH,2025-12-04,9.43,9.46,9.36,9.39,9.44,-0.05,-0.5297,601137.3,564849.199
601939.SH,2025-12-05,9.37,9.44,9.27,9.31,9.39,-0.08,-0.852,811037.47,756758.561
601939.SH,2025-12-08,9.32,9.37,9.27,9.31,9.31,0.0,0.0,790546.54,736574.563
601939.SH,2025-12-09,9.29,9.36,9.25,9.34,9.31,0.03,0.3222,900124.33,838555.263
601939.SH,2025-12-10,9.34,9.35,9.16,9.19,9.34,-0.15,-1.606,1103631.81,1017332.091
601939.SH,2025-12-11,9.03,9.05,8.9,8.94,9.0,-0.06,-0.6667,1057002.6,945708.417
601939.SH,2025-12-12,8.95,8.95,8.8,8.88,8.94,-0.06,-0.6711,1457199.77,1292489.197
601939.SH,2025-12-15,8.89,8.96,8.86,8.88,8.88,0.0,0.0,782221.97,696591.559
601939.SH,2025-12-16,8.87,8.9,8.8,8.84,8.88,-0.04,-0.4505,764076.03,675960.42
601939.SH,2025-12-17,8.85,8.99,8.81,8.93,8.84,0.09,1.0181,981082.13,875368.797
601939.SH,2025-12-18,8.95,9.17,8.94,9.16,8.93,0.23,2.5756,1271181.75,1156559.757
601939.SH,2025-12-19,9.14,9.23,9.07,9.17,9.16,0.01,0.1092,943923.86,864746.741
601939.SH,2025-12-22,9.12,9.21,9.07,9.19,9.17,0.02,0.2181,630962.24,577545.39
601939.SH,2025-12-23,9.17,9.27,9.15,9.22,9.19,0.03,0.3264,749102.78,690389.987
601939.SH,2025-12-24,9.22,9.25,9.16,9.17,9.22,-0.05,-0.5423,570033.38,523792.332
601939.SH,2025-12-25,9.15,9.23,9.14,9.2,9.17,0.03,0.3272,502560.74,461824.208
601939.SH,2025-12-26,9.19,9.2,9.08,9.09,9.2,-0.11,-1.1957,701031.83,638583.013
601939.SH,2025-12-29,9.09,9.28,9.05,9.27,9.09,0.18,1.9802,1043426.42,960888.982
601939.SH,2025-12-30,9.25,9.29,9.18,9.22,9.27,-0.05,-0.5394,637750.44,589180.238
601939.SH,2025-12-31,9.22,9.33,9.2,9.28,9.22,0.06,0.6508,669147.53,620585.678
601939.SH,2026-01-05,9.29,9.31,9.12,9.25,9.28,-0.03,-0.3233,998634.49,918103.738
601939.SH,2026-01-06,9.24,9.25,9.13,9.16,9.25,-0.09,-0.973,844885.61,773629.682
601939.SH,2026-01-07,9.14,9.15,9.0,9.04,9.16,-0.12,-1.31,1343537.47,1215803.75
601939.SH,2026-01-08,9.04,9.1,8.99,9.09,9.04,0.05,0.5531,905019.53,818823.638
601939.SH,2026-01-09,9.08,9.08,8.98,9.06,9.09,-0.03,-0.33,926178.12,835573.45
601939.SH,2026-01-12,9.01,9.14,8.95,9.11,9.06,0.05,0.5519,1185839.55,1073951.246
601939.SH,2026-01-13,9.13,9.25,9.13,9.2,9.11,0.09,0.9879,1209988.69,1113447.643
601939.SH,2026-01-14,9.19,9.2,9.06,9.07,9.2,-0.13,-1.413,1098024.52,1000529.797
601939.SH,2026-01-15,9.04,9.1,9.01,9.03,9.07,-0.04,-0.441,850976.34,770858.684
601939.SH,2026-01-16,9.05,9.06,8.94,8.95,9.03,-0.08,-0.8859,1219433.41,1096468.291
601939.SH,2026-01-19,8.95,9.0,8.9,8.94,8.95,-0.01,-0.1117,960145.41,858655.025
601939.SH,2026-01-20,8.94,9.07,8.91,9.02,8.94,0.08,0.8949,917737.25,827116.445
601939.SH,2026-01-21,9.03,9.06,8.85,8.86,9.02,-0.16,-1.7738,1261186.24,1125260.943
601939.SH,2026-01-22,8.87,8.89,8.67,8.69,8.86,-0.17,-1.9187,1385258.75,1214431.454
601939.SH,2026-01-23,8.7,8.72,8.62,8.65,8.69,-0.04,-0.4603,846518.98,734312.616
601939.SH,2026-01-26,8.65,8.75,8.6,8.69,8.65,0.04,0.4624,1216768.94,1056361.243
601939.SH,2026-01-27,8.68,8.87,8.67,8.72,8.69,0.03,0.3452,1376795.82,1209612.788
601939.SH,2026-01-28,8.73,8.82,8.67,8.71,8.72,-0.01,-0.1147,1369639.3,1198002.928
601939.SH,2026-01-29,8.73,8.79,8.62,8.77,8.71,0.06,0.6889,1280914.98,1114465.866
601939.SH,2026-01-30,8.77,8.84,8.71,8.72,8.77,-0.05,-0.5701,1123621.06,987180.057
601939.SH,2026-02-02,8.73,8.85,8.71,8.79,8.72,0.07,0.8028,1386180.17,1219280.07
601939.SH,2026-02-03,8.78,8.78,8.62,8.65,8.79,-0.14,-1.5927,1231774.35,1066759.967
601939.SH,2026-02-04,8.65,8.8,8.64,8.72,8.65,0.07,0.8092,1083732.13,945089.614
601939.SH,2026-02-05,8.73,8.86,8.71,8.83,8.72,0.11,1.2615,1223450.86,1077129.795
601939.SH,2026-02-06,8.84,8.89,8.75,8.84,8.83,0.01,0.1133,999582.05,881963.275
601939.SH,2026-02-09,8.81,8.88,8.76,8.86,8.84,0.02,0.2262,858061.48,756704.893
601939.SH,2026-02-10,8.86,9.0,8.85,8.97,8.86,0.11,1.2415,1089464.99,975251.333
601939.SH,2026-02-11,8.98,8.98,8.91,8.96,8.97,-0.01,-0.1115,509157.65,455425.7
601939.SH,2026-02-12,8.93,8.95,8.78,8.81,8.96,-0.15,-1.6741,946790.71,835881.663
601939.SH,2026-02-13,8.83,8.84,8.69,8.7,8.81,-0.11,-1.2486,994393.97,867325.133
601939.SH,2026-02-24,8.73,8.76,8.67,8.68,8.7,-0.02,-0.2299,641242.69,557746.776
601939.SH,2026-02-25,8.7,8.71,8.63,8.65,8.68,-0.03,-0.3456,957903.31,829859.446
601939.SH,2026-02-26,8.67,8.69,8.6,8.62,8.65,-0.03,-0.3468,862705.68,744662.72
601939.SH,2026-02-27,8.62,8.65,8.59,8.59,8.62,-0.03,-0.348,886454.25,764019.823
601939.SH,2026-03-02,8.6,8.74,8.52,8.71,8.59,0.12,1.397,1120050.72,969944.099
601939.SH,2026-03-03,8.7,8.95,8.65,8.9,8.71,0.19,2.1814,2062032.35,1825969.076
601939.SH,2026-03-04,8.88,8.91,8.73,8.9,8.9,0.0,0.0,1547560.93,1367122.791
601939.SH,2026-03-05,8.84,8.97,8.81,8.94,8.9,0.04,0.4494,977085.09,872278.672
601939.SH,2026-03-06,8.94,9.02,8.93,8.97,8.94,0.03,0.3356,847730.65,760495.645
601939.SH,2026-03-09,8.96,9.14,8.93,9.06,8.97,0.09,1.0033,1528153.31,1381533.316
601939.SH,2026-03-10,9.01,9.04,8.93,8.94,9.06,-0.12,-1.3245,834023.53,747712.625
601939.SH,2026-03-11,8.94,9.05,8.89,9.05,8.94,0.11,1.2304,860506.18,773504.21
601939.SH,2026-03-12,9.04,9.14,9.0,9.1,9.05,0.05,0.5525,921799.92,838222.096
601939.SH,2026-03-13,9.1,9.19,9.04,9.15,9.1,0.05,0.5495,941555.09,860028.932
601939.SH,2026-03-16,9.15,9.2,9.1,9.18,9.15,0.03,0.3279,718829.09,659019.277
601939.SH,2026-03-17,9.18,9.31,9.15,9.26,9.18,0.08,0.8715,909099.72,842527.604
601939.SH,2026-03-18,9.25,9.29,9.17,9.23,9.26,-0.03,-0.324,767031.78,707958.686
601939.SH,2026-03-19,9.22,9.38,9.21,9.34,9.23,0.11,1.1918,1256446.97,1172268.155
601939.SH,2026-03-20,9.33,9.4,9.27,9.38,9.34,0.04,0.4283,950395.48,889049.443
601939.SH,2026-03-23,9.32,9.37,9.11,9.16,9.38,-0.22,-2.3454,1524652.95,1401585.337
601939.SH,2026-03-24,9.16,9.37,9.15,9.32,9.16,0.16,1.7467,1108971.76,1030684.057
601939.SH,2026-03-25,9.32,9.41,9.16,9.39,9.32,0.07,0.7511,1006442.43,934882.791
601939.SH,2026-03-26,9.36,9.49,9.34,9.44,9.39,0.05,0.5325,895867.57,843726.57
601939.SH,2026-03-27,9.42,9.49,9.34,9.42,9.44,-0.02,-0.2119,793166.05,745648.865
601939.SH,2026-03-30,9.33,9.57,9.31,9.51,9.42,0.09,0.9554,1186378.42,1123774.006
601939.SH,2026-03-31,9.54,9.68,9.51,9.65,9.51,0.14,1.4721,1019595.37,981860.735
601939.SH,2026-04-01,9.58,9.67,9.43,9.45,9.65,-0.2,-2.0725,1229390.13,1171653.738
601939.SH,2026-04-02,9.45,9.62,9.42,9.58,9.45,0.13,1.3757,864163.45,825714.633
601939.SH,2026-04-03,9.53,9.55,9.33,9.4,9.58,-0.18,-1.8789,868983.6,817172.807
601939.SH,2026-04-07,9.39,9.4,9.18,9.21,9.4,-0.19,-2.0213,802877.22,741945.362
601939.SH,2026-04-08,9.25,9.3,9.11,9.3,9.21,0.09,0.9772,921070.91,848464.519
601939.SH,2026-04-09,9.29,9.31,9.18,9.27,9.3,-0.03,-0.3226,539521.41,498469.408
601939.SH,2026-04-10,9.24,9.26,9.19,9.24,9.27,-0.03,-0.3236,493537.86,454774.714
601939.SH,2026-04-13,9.23,9.33,9.16,9.32,9.24,0.08,0.8658,692869.78,641176.987
601939.SH,2026-04-14,9.29,9.38,9.27,9.36,9.32,0.04,0.4292,531152.74,495252.014
601939.SH,2026-04-15,9.32,9.52,9.3,9.46,9.36,0.1,1.0684,977531.55,924536.314
601939.SH,2026-04-16,9.45,9.58,9.4,9.45,9.46,-0.01,-0.1057,1059819.47,1004895.242
601939.SH,2026-04-17,9.47,9.5,9.37,9.41,9.45,-0.04,-0.4233,638823.12,601821.343
601939.SH,2026-04-20,9.42,9.77,9.39,9.73,9.41,0.32,3.4006,1314450.32,1267363.835
601939.SH,2026-04-21,9.75,9.95,9.74,9.85,9.73,0.12,1.2333,1052325.84,1038221.956
601939.SH,2026-04-22,9.85,9.89,9.69,9.79,9.85,-0.06,-0.6091,660826.02,645417.935
601939.SH,2026-04-23,9.74,9.85,9.71,9.73,9.79,-0.06,-0.6129,553955.2,541346.345
601939.SH,2026-04-24,9.7,9.78,9.65,9.74,9.73,0.01,0.1028,544838.45,530103.255
601939.SH,2026-04-27,9.72,9.82,9.63,9.68,9.74,-0.06,-0.616,506888.28,492516.317
601939.SH,2026-04-28,9.66,9.81,9.62,9.8,9.68,0.12,1.2397,793023.51,772396.45
