ts_code,trade_date,open,high,low,close,pre_close,change,pct_chg,vol,amount
600522.SH,20200102,8.35,8.5,8.31,8.44,8.3,0.14,1.6867,556309.71,468153.533
600522.SH,20200103,8.46,8.5,8.38,8.45,8.44,0.01,0.1185,382041.45,322477.909
600522.SH,20200106,8.38,8.55,8.35,8.48,8.45,0.03,0.355,486916.53,412802.441
600522.SH,20200107,8.49,8.58,8.4,8.55,8.48,0.07,0.8255,528279.72,449494.652
600522.SH,20200108,8.48,8.52,8.36,8.39,8.55,-0.16,-1.8713,474536.23,400277.422
600522.SH,20200109,8.47,8.88,8.45,8.76,8.39,0.37,4.41,1091849.88,948632.635
600522.SH,20200110,8.73,8.78,8.61,8.7,8.76,-0.06,-0.6849,549478.12,477709.917
600522.SH,20200113,8.68,8.84,8.65,8.77,8.7,0.07,0.8046,533839.77,467868.039
600522.SH,20200114,8.79,8.89,8.72,8.78,8.77,0.01,0.114,585505.99,515330.234
600522.SH,20200115,8.76,8.78,8.61,8.69,8.78,-0.09,-1.0251,378844.39,328333.744
600522.SH,20200116,8.7,8.72,8.56,8.57,8.69,-0.12,-1.3809,359534.49,309848.163
600522.SH,20200117,8.6,8.65,8.51,8.55,8.57,-0.02,-0.2334,283875.49,243352.178
600522.SH,20200120,8.55,8.74,8.5,8.71,8.55,0.16,1.8713,395331.81,341362.336
600522.SH,20200121,8.66,8.68,8.53,8.55,8.71,-0.16,-1.837,359855.27,308783.981
600522.SH,20200122,8.51,8.66,8.33,8.61,8.55,0.06,0.7018,415638.62,353317.751
600522.SH,20200123,8.5,8.55,8.21,8.26,8.61,-0.35,-4.065,492449.29,411684.558
600522.SH,20200203,7.43,7.43,7.43,7.43,8.26,-0.83,-10.0484,167222.0,124245.946
600522.SH,20200204,7.0,7.53,7.0,7.31,7.43,-0.12,-1.6151,629935.85,460674.92
600522.SH,20200205,7.36,7.56,7.32,7.41,7.31,0.1,1.368,475041.14,353550.89
600522.SH,20200206,7.4,7.54,7.33,7.5,7.41,0.09,1.2146,499553.78,371384.071
600522.SH,20200207,7.47,7.54,7.37,7.54,7.5,0.04,0.5333,537576.27,400415.941
600522.SH,20200210,7.49,7.67,7.46,7.65,7.54,0.11,1.4589,462075.05,350655.261
600522.SH,20200211,7.63,7.69,7.58,7.61,7.65,-0.04,-0.5229,411528.38,314134.444
600522.SH,20200212,7.59,7.77,7.57,7.75,7.61,0.14,1.8397,429290.13,329848.072
600522.SH,20200213,7.71,7.83,7.63,7.64,7.75,-0.11,-1.4194,431390.49,331779.392
600522.SH,20200214,7.64,7.72,7.58,7.65,7.64,0.01,0.1309,351415.67,268692.212
600522.SH,20200217,7.86,8.15,7.86,8.13,7.65,0.48,6.2745,839709.61,671233.237
600522.SH,20200218,8.15,8.21,8.05,8.16,8.13,0.03,0.369,646366.33,526408.22
600522.SH,20200219,8.17,8.45,8.12,8.27,8.16,0.11,1.348,743600.63,618009.936
600522.SH,20200220,8.4,8.5,8.16,8.36,8.27,0.09,1.0883,740062.75,615697.904
600522.SH,20200221,8.36,8.66,8.36,8.54,8.36,0.18,2.1531,1014171.04,866823.692
600522.SH,20200224,8.59,9.2,8.55,9.12,8.54,0.58,6.7916,1775360.01,1584042.156
600522.SH,20200225,8.88,9.61,8.68,9.56,9.12,0.44,4.8246,2433291.15,2227342.679
600522.SH,20200226,9.35,9.86,9.06,9.14,9.56,-0.42,-4.3933,1983390.42,1875652.532
600522.SH,20200227,9.25,9.33,8.81,8.95,9.14,-0.19,-2.0788,1179278.81,1065829.26
600522.SH,20200228,8.5,8.73,8.33,8.42,8.95,-0.53,-5.9218,1091248.99,931025.49
600522.SH,20200302,8.54,9.13,8.51,9.02,8.42,0.6,7.1259,1140723.5,1007648.509
600522.SH,20200303,9.29,9.48,8.92,9.0,9.02,-0.02,-0.2217,1417001.05,1305989.139
600522.SH,20200304,8.89,9.15,8.85,9.07,9.0,0.07,0.7778,792129.74,711761.45
600522.SH,20200305,9.45,9.59,9.16,9.48,9.07,0.41,4.5204,1697274.89,1591888.885
600522.SH,20200306,9.32,9.46,9.25,9.25,9.48,-0.23,-2.4262,901114.93,839902.657
600522.SH,20200309,9.06,9.53,8.95,9.2,9.25,-0.05,-0.5405,1271036.27,1179893.197
600522.SH,20200310,9.08,10.12,9.08,10.12,9.2,0.92,10.0,2950272.5,2878476.44
600522.SH,20200311,10.59,11.12,10.21,10.33,10.12,0.21,2.0751,4289594.82,4567478.072
600522.SH,20200312,10.19,10.96,10.19,10.93,10.33,0.6,5.8083,2631301.16,2763755.967
600522.SH,20200313,10.27,11.38,10.27,10.82,10.93,-0.11,-1.0064,2883836.29,3139124.496
600522.SH,20200316,11.07,11.07,10.1,10.1,10.82,-0.72,-6.6543,2197465.44,2312456.22
600522.SH,20200317,10.45,11.11,9.96,11.11,10.1,1.01,10.0,3051591.19,3269595.184
600522.SH,20200318,11.05,12.0,10.83,11.13,11.11,0.02,0.18,3489453.86,3949158.377
600522.SH,20200319,11.35,12.09,11.01,11.9,11.13,0.77,6.9182,2991686.67,3462079.07
600522.SH,20200320,12.15,12.47,11.6,12.02,11.9,0.12,1.0084,2969609.51,3573882.567
600522.SH,20200323,11.7,12.23,11.02,11.3,12.02,-0.72,-5.99,2323340.65,2728787.201
600522.SH,20200324,11.65,11.75,10.35,10.97,11.3,-0.33,-2.9204,2853943.74,3131264.272
600522.SH,20200325,11.21,11.48,10.84,11.01,10.97,0.04,0.3646,2050801.85,2279099.596
600522.SH,20200326,10.8,11.46,10.48,11.18,11.01,0.17,1.5441,1762624.82,1926611.951
600522.SH,20200327,11.21,11.33,10.65,10.67,11.18,-0.51,-4.5617,1389937.5,1523008.368
600522.SH,20200330,10.27,10.29,9.88,9.9,10.67,-0.77,-7.2165,1488081.77,1497578.485
600522.SH,20200331,10.08,10.13,9.58,9.61,9.9,-0.29,-2.9293,1279724.5,1258864.607
600522.SH,20200401,9.55,9.88,9.4,9.46,9.61,-0.15,-1.5609,1127514.69,1087028.746
600522.SH,20200402,9.57,10.25,9.51,10.2,9.46,0.74,7.8224,1658248.22,1649942.623
600522.SH,20200403,10.03,10.08,9.85,9.9,10.2,-0.3,-2.9412,995746.94,990520.683
600522.SH,20200407,10.11,10.28,10.0,10.15,9.9,0.25,2.5253,1054559.38,1069658.603
600522.SH,20200408,10.02,11.08,9.95,10.83,10.15,0.68,6.6995,1684028.59,1782321.616
600522.SH,20200409,10.9,11.03,10.71,10.87,10.83,0.04,0.3693,1105040.65,1199619.096
600522.SH,20200410,10.84,10.84,10.22,10.29,10.87,-0.58,-5.3358,1000613.1,1048635.977
600522.SH,20200413,10.14,10.52,9.93,10.31,10.29,0.02,0.1944,662153.49,679379.346
600522.SH,20200414,10.45,10.82,10.42,10.73,10.31,0.42,4.0737,973315.53,1038502.954
600522.SH,20200415,10.75,11.05,10.58,10.76,10.73,0.03,0.2796,1116452.2,1207037.277
600522.SH,20200416,10.66,11.35,10.51,11.18,10.76,0.42,3.9033,1563890.23,1732108.487
600522.SH,20200417,11.21,11.34,10.87,10.91,11.18,-0.27,-2.415,1272570.18,1411891.004
600522.SH,20200420,10.96,11.33,10.85,11.32,10.91,0.41,3.758,1119438.72,1246329.637
600522.SH,20200421,11.21,11.73,11.08,11.67,11.32,0.35,3.0919,1528384.15,1744553.724
600522.SH,20200422,11.43,11.62,11.28,11.5,11.67,-0.17,-1.4567,979311.11,1122499.744
600522.SH,20200423,11.5,11.5,10.9,10.9,11.5,-0.6,-5.2174,1303377.28,1445730.414
600522.SH,20200424,10.88,11.14,10.53,10.6,10.9,-0.3,-2.7523,881968.78,950581.163
600522.SH,20200427,10.71,11.0,10.54,10.68,10.6,0.08,0.7547,642650.2,691737.293
600522.SH,20200428,10.7,10.73,10.04,10.43,10.68,-0.25,-2.3408,808964.19,842156.887
600522.SH,20200429,10.35,10.78,10.35,10.7,10.43,0.27,2.5887,630200.32,668915.04
600522.SH,20200430,10.67,11.33,10.6,11.17,10.7,0.47,4.3925,1189852.93,1319367.589
600522.SH,20200506,11.16,11.44,11.0,11.4,11.17,0.23,2.0591,1105134.38,1244186.726
600522.SH,20200507,11.55,11.68,11.15,11.18,11.4,-0.22,-1.9298,1028955.44,1169687.671
600522.SH,20200508,11.28,11.64,11.22,11.48,11.18,0.3,2.6834,1162880.67,1329635.924
600522.SH,20200511,11.97,12.63,11.88,12.63,11.48,1.15,10.0174,3277918.12,4100813.448
600522.SH,20200512,12.5,12.51,12.17,12.4,12.63,-0.23,-1.8211,1969475.65,2430215.508
600522.SH,20200513,12.3,12.63,12.25,12.33,12.4,-0.07,-0.5645,1272296.89,1579498.354
600522.SH,20200514,12.28,12.56,12.06,12.36,12.33,0.03,0.2433,1184276.25,1458751.671
600522.SH,20200515,12.38,12.62,12.21,12.4,12.36,0.04,0.3236,1155801.95,1433355.19
600522.SH,20200518,12.41,12.47,11.95,12.01,12.4,-0.39,-3.1452,1086330.59,1317638.661
600522.SH,20200519,12.15,12.27,11.84,11.94,12.01,-0.07,-0.5828,1058213.56,1275086.114
600522.SH,20200520,11.91,12.47,11.78,12.09,11.94,0.15,1.2563,1195739.62,1456115.578
600522.SH,20200521,12.1,12.23,11.68,11.74,12.09,-0.35,-2.895,828293.06,988648.888
600522.SH,20200522,11.74,11.97,11.51,11.75,11.74,0.01,0.0852,705151.79,830091.307
600522.SH,20200525,11.66,11.66,11.29,11.39,11.75,-0.36,-3.0638,674307.13,772775.717
600522.SH,20200526,11.47,11.93,11.47,11.87,11.39,0.48,4.2142,648607.02,761134.249
600522.SH,20200527,11.83,12.09,11.72,12.06,11.87,0.19,1.6007,727561.49,866624.232
600522.SH,20200528,11.96,12.04,11.48,11.69,12.06,-0.37,-3.068,676290.1,793851.799
600522.SH,20200529,11.6,11.94,11.53,11.6,11.69,-0.09,-0.7699,515005.29,603407.999
600522.SH,20200601,11.81,12.28,11.77,12.15,11.6,0.55,4.7414,828005.47,1000458.446
600522.SH,20200602,12.28,12.36,12.04,12.14,12.15,-0.01,-0.0823,646275.15,788212.654
600522.SH,20200603,12.16,12.32,11.9,12.07,12.14,-0.07,-0.5766,810341.96,979311.337
600522.SH,20200604,12.07,12.21,11.88,11.98,12.07,-0.09,-0.7457,549012.98,660821.147
600522.SH,20200605,11.98,12.03,11.57,11.75,11.98,-0.23,-1.9199,665294.62,782362.871
600522.SH,20200608,11.85,12.12,11.82,11.85,11.75,0.1,0.8511,572984.04,685333.258
600522.SH,20200609,11.81,11.83,11.53,11.64,11.85,-0.21,-1.7722,579221.58,673581.433
600522.SH,20200610,11.65,11.75,11.46,11.69,11.64,0.05,0.4296,507319.59,590712.232
600522.SH,20200611,11.61,11.85,11.51,11.52,11.69,-0.17,-1.4542,460867.69,538213.096
600522.SH,20200612,11.29,11.66,11.2,11.53,11.52,0.01,0.0868,552780.27,630273.211
600522.SH,20200615,11.4,11.48,11.0,11.05,11.53,-0.48,-4.1631,728587.57,820399.892
600522.SH,20200616,11.19,11.35,11.17,11.3,11.05,0.25,2.2624,527559.64,594913.7
600522.SH,20200617,11.29,11.5,11.21,11.31,11.3,0.01,0.0885,541173.51,613546.255
600522.SH,20200618,11.28,11.69,11.21,11.57,11.31,0.26,2.2989,714177.0,821483.242
600522.SH,20200619,11.79,11.94,11.59,11.68,11.57,0.11,0.9507,664248.92,780993.294
600522.SH,20200622,11.63,11.9,11.46,11.62,11.68,-0.06,-0.5137,689869.24,801680.276
600522.SH,20200623,11.63,11.63,11.29,11.32,11.62,-0.3,-2.5818,482215.05,548754.445
600522.SH,20200624,11.33,11.39,11.21,11.3,11.32,-0.02,-0.1767,372893.08,421012.307
600522.SH,20200629,11.21,11.25,11.1,11.13,11.3,-0.17,-1.5044,330763.25,368679.914
600522.SH,20200630,11.16,11.48,11.16,11.45,11.13,0.32,2.8751,498827.38,567440.132
600522.SH,20200701,11.45,11.52,11.14,11.21,11.45,-0.24,-2.0961,706518.74,795952.828
600522.SH,20200702,11.16,11.45,11.07,11.42,11.21,0.21,1.8733,618149.41,698696.09
600522.SH,20200703,11.47,11.63,11.4,11.46,11.42,0.04,0.3503,671676.23,772072.873
600522.SH,20200706,11.63,12.09,11.61,12.07,11.46,0.61,5.3229,1170878.96,1391322.988
600522.SH,20200707,12.15,12.7,12.04,12.38,12.07,0.31,2.5684,1352220.62,1675970.15
600522.SH,20200708,12.45,12.59,12.15,12.49,12.38,0.11,0.8885,1000812.7,1240560.14
600522.SH,20200709,12.49,13.74,12.43,13.74,12.49,1.25,10.008,2604411.57,3483110.086
600522.SH,20200710,13.9,13.93,13.2,13.3,13.74,-0.44,-3.2023,2138248.91,2900546.515
600522.SH,20200713,13.19,13.75,13.13,13.66,13.3,0.36,2.7068,1306393.04,1774850.628
600522.SH,20200714,13.67,13.67,13.04,13.31,13.66,-0.35,-2.5622,1199629.8,1598137.88
600522.SH,20200715,13.4,13.56,12.71,12.78,13.31,-0.53,-3.982,1033350.08,1344686.557
600522.SH,20200716,12.7,12.89,11.75,11.83,12.68,-0.85,-6.7035,1023277.99,1253399.031
600522.SH,20200717,11.83,12.17,11.69,12.02,11.83,0.19,1.6061,679956.43,812803.526
600522.SH,20200720,12.11,12.28,11.88,12.16,12.02,0.14,1.1647,1253539.06,1515803.826
600522.SH,20200721,12.09,12.2,11.89,11.98,12.16,-0.18,-1.4803,762169.07,915865.776
600522.SH,20200722,11.86,11.93,11.58,11.84,11.98,-0.14,-1.1686,1277643.21,1501516.688
600522.SH,20200723,11.74,11.74,11.22,11.53,11.84,-0.31,-2.6182,1051114.43,1207595.319
600522.SH,20200724,11.54,11.69,11.1,11.15,11.53,-0.38,-3.2958,800094.03,908430.047
600522.SH,20200727,11.16,11.29,11.01,11.26,11.15,0.11,0.9865,464910.25,519753.18
600522.SH,20200728,11.31,11.64,11.27,11.58,11.26,0.32,2.8419,659116.71,758019.162
600522.SH,20200729,11.58,11.86,11.41,11.8,11.58,0.22,1.8998,694107.63,811297.38
600522.SH,20200730,11.82,11.85,11.55,11.57,11.8,-0.23,-1.9492,471556.63,549774.861
600522.SH,20200731,11.6,11.79,11.52,11.67,11.57,0.1,0.8643,487539.19,569135.295
600522.SH,20200803,11.74,11.99,11.69,11.94,11.67,0.27,2.3136,661682.12,784907.479
600522.SH,20200804,11.91,11.97,11.61,11.67,11.94,-0.27,-2.2613,621430.44,729599.287
600522.SH,20200805,11.77,11.82,11.58,11.7,11.67,0.03,0.2571,490794.07,573119.142
600522.SH,20200806,11.7,11.72,11.29,11.47,11.7,-0.23,-1.9658,687076.31,785428.965
600522.SH,20200807,11.5,11.53,11.2,11.27,11.47,-0.2,-1.7437,480047.69,544055.85
600522.SH,20200810,11.2,11.48,11.2,11.4,11.27,0.13,1.1535,371041.88,422892.257
600522.SH,20200811,11.4,11.41,11.17,11.2,11.4,-0.2,-1.7544,405679.12,458300.86
600522.SH,20200812,11.2,11.26,11.01,11.18,11.2,-0.02,-0.1786,388066.3,430240.025
600522.SH,20200813,11.19,11.32,11.19,11.23,11.18,0.05,0.4472,264304.46,297620.915
600522.SH,20200814,11.24,11.3,11.11,11.26,11.23,0.03,0.2671,259503.44,290633.882
600522.SH,20200817,11.3,11.67,11.3,11.62,11.26,0.36,3.1972,550503.16,633087.03
600522.SH,20200818,11.62,11.68,11.5,11.56,11.62,-0.06,-0.5164,388046.41,448527.466
600522.SH,20200819,11.57,11.57,11.3,11.32,11.56,-0.24,-2.0761,343122.32,390903.31
600522.SH,20200820,11.23,11.3,11.13,11.23,11.32,-0.09,-0.7951,211970.5,237889.044
600522.SH,20200821,11.27,11.36,11.2,11.25,11.23,0.02,0.1781,191600.65,215752.806
600522.SH,20200824,11.2,11.36,11.08,11.27,11.25,0.02,0.1778,311238.16,349279.082
600522.SH,20200825,11.25,11.32,11.18,11.21,11.27,-0.06,-0.5324,251035.19,282173.731
600522.SH,20200826,11.17,11.23,10.73,10.79,11.21,-0.42,-3.7467,564786.76,618499.026
600522.SH,20200827,10.76,10.85,10.61,10.68,10.79,-0.11,-1.0195,340410.44,365028.015
600522.SH,20200828,10.68,10.92,10.41,10.88,10.68,0.2,1.8727,504451.74,537031.69
600522.SH,20200831,11.22,11.5,11.21,11.3,10.88,0.42,3.8603,736814.73,838404.246
600522.SH,20200901,11.23,11.82,11.22,11.74,11.3,0.44,3.8938,964229.95,1119012.335
600522.SH,20200902,12.14,12.21,11.65,11.69,11.74,-0.05,-0.4259,842022.02,998207.717
600522.SH,20200903,11.75,11.82,11.32,11.32,11.69,-0.37,-3.1651,550745.12,633492.214
600522.SH,20200904,11.2,11.32,11.12,11.23,11.32,-0.09,-0.7951,414731.58,464604.498
600522.SH,20200907,11.19,11.39,11.02,11.07,11.23,-0.16,-1.4248,366946.34,411909.76
600522.SH,20200908,11.07,11.17,10.96,11.08,11.07,0.01,0.0903,304431.96,336865.25
600522.SH,20200909,11.0,11.03,10.75,10.8,11.08,-0.28,-2.5271,330321.29,359275.477
600522.SH,20200910,10.88,10.96,10.5,10.52,10.8,-0.28,-2.5926,340667.39,364068.858
600522.SH,20200911,10.5,10.66,10.44,10.64,10.52,0.12,1.1407,269476.45,283973.672
600522.SH,20200914,10.65,11.09,10.59,11.07,10.64,0.43,4.0414,425738.24,465547.523
600522.SH,20200915,11.09,11.18,10.85,10.94,11.07,-0.13,-1.1743,236156.18,259107.775
600522.SH,20200916,10.82,10.89,10.73,10.77,10.94,-0.17,-1.5539,219686.81,237201.97
600522.SH,20200917,10.73,10.9,10.6,10.75,10.77,-0.02,-0.1857,274611.39,294369.366
600522.SH,20200918,10.75,10.88,10.69,10.88,10.75,0.13,1.2093,270419.48,292245.999
600522.SH,20200921,10.91,11.03,10.88,10.93,10.88,0.05,0.4596,208639.57,228416.459
600522.SH,20200922,10.84,10.9,10.62,10.66,10.93,-0.27,-2.4703,239855.8,257723.427
600522.SH,20200923,10.74,10.76,10.59,10.68,10.66,0.02,0.1876,192397.45,205073.368
600522.SH,20200924,10.67,10.67,10.46,10.49,10.68,-0.19,-1.779,237513.92,249760.043
600522.SH,20200925,10.5,10.55,10.25,10.36,10.49,-0.13,-1.2393,232153.98,241250.608
600522.SH,20200928,10.33,10.48,10.2,10.2,10.36,-0.16,-1.5444,203506.64,209902.229
600522.SH,20200929,10.33,10.54,10.32,10.47,10.2,0.27,2.6471,240830.35,252383.372
600522.SH,20200930,10.47,10.55,10.38,10.48,10.47,0.01,0.0955,159489.87,166956.222
600522.SH,20201009,10.68,10.92,10.62,10.86,10.48,0.38,3.626,334228.08,361725.498
600522.SH,20201012,10.94,11.14,10.92,11.06,10.86,0.2,1.8416,413621.48,457241.756
600522.SH,20201013,11.01,11.14,10.95,11.08,11.06,0.02,0.1808,285667.31,316703.905
600522.SH,20201014,11.12,11.67,11.05,11.48,11.08,0.4,3.6101,834600.84,952501.381
600522.SH,20201015,11.56,11.65,11.31,11.39,11.48,-0.09,-0.784,473002.09,542989.593
600522.SH,20201016,11.42,11.54,11.26,11.45,11.39,0.06,0.5268,343747.44,392292.645
600522.SH,20201019,12.19,12.19,11.32,11.34,11.45,-0.11,-0.9607,1020954.43,1197887.438
600522.SH,20201020,11.21,11.54,11.05,11.51,11.34,0.17,1.4991,470763.47,531078.911
600522.SH,20201021,11.51,11.54,10.9,11.12,11.51,-0.39,-3.3884,683964.37,759515.675
600522.SH,20201022,11.01,11.12,10.91,10.99,11.12,-0.13,-1.1691,269554.45,296659.932
600522.SH,20201023,10.99,11.06,10.88,10.9,10.99,-0.09,-0.8189,191110.9,209603.673
600522.SH,20201026,10.84,11.15,10.66,11.11,10.9,0.21,1.9266,306304.21,334936.177
600522.SH,20201027,10.99,11.11,10.91,11.0,11.11,-0.11,-0.9901,192724.66,211759.767
600522.SH,20201028,10.98,11.05,10.74,10.98,11.0,-0.02,-0.1818,230788.4,251283.78
600522.SH,20201029,10.8,11.2,10.76,11.13,10.98,0.15,1.3661,369302.68,407230.026
600522.SH,20201030,11.16,11.34,11.02,11.03,11.13,-0.1,-0.8985,370659.55,412996.64
600522.SH,20201102,10.99,11.0,10.36,10.47,11.03,-0.56,-5.0771,653841.05,693204.663
600522.SH,20201103,10.53,10.67,10.43,10.58,10.47,0.11,1.0506,331394.57,349551.594
600522.SH,20201104,10.68,10.68,10.42,10.45,10.58,-0.13,-1.2287,280983.65,294733.044
600522.SH,20201105,10.55,11.28,10.53,11.25,10.45,0.8,7.6555,851701.91,932029.812
600522.SH,20201106,11.28,11.42,11.1,11.15,11.25,-0.1,-0.8889,697491.8,784669.396
600522.SH,20201109,11.3,11.48,11.21,11.31,11.15,0.16,1.435,718481.79,815963.457
600522.SH,20201110,11.32,11.34,11.01,11.07,11.31,-0.24,-2.122,488806.75,544120.785
600522.SH,20201111,11.04,11.11,10.6,10.67,11.07,-0.4,-3.6134,539891.15,582350.546
600522.SH,20201112,10.74,10.81,10.62,10.7,10.67,0.03,0.2812,295898.78,316442.354
600522.SH,20201113,10.7,10.78,10.56,10.76,10.7,0.06,0.5607,326453.92,348873.291
600522.SH,20201116,10.79,10.82,10.6,10.7,10.76,-0.06,-0.5576,330172.64,352590.117
600522.SH,20201117,10.72,10.8,10.62,10.78,10.7,0.08,0.7477,331508.93,355317.968
600522.SH,20201118,10.78,11.04,10.72,11.01,10.78,0.23,2.1336,471475.96,514019.246
600522.SH,20201119,11.0,11.22,10.89,11.1,11.01,0.09,0.8174,530336.31,589843.63
600522.SH,20201120,11.13,11.19,11.04,11.12,11.1,0.02,0.1802,306665.44,340564.771
600522.SH,20201123,11.11,11.3,11.01,11.2,11.12,0.08,0.7194,447097.14,500226.024
600522.SH,20201124,11.2,11.26,11.07,11.1,11.2,-0.1,-0.8929,289831.92,323340.135
600522.SH,20201125,11.15,11.25,11.02,11.03,11.1,-0.07,-0.6306,322065.33,358130.654
600522.SH,20201126,11.0,11.09,10.97,11.03,11.03,0.0,0.0,241579.31,266333.493
600522.SH,20201127,11.03,11.03,10.78,10.91,11.03,-0.12,-1.0879,293766.29,319170.436
600522.SH,20201130,10.9,11.0,10.77,10.81,10.91,-0.1,-0.9166,355794.44,387337.095
600522.SH,20201201,10.81,10.94,10.77,10.93,10.81,0.12,1.1101,269092.98,292570.313
600522.SH,20201202,10.94,11.1,10.9,11.08,10.93,0.15,1.3724,333085.42,366691.837
600522.SH,20201203,11.06,11.07,10.86,10.88,11.08,-0.2,-1.8051,266308.56,290691.015
600522.SH,20201204,10.85,10.89,10.75,10.82,10.88,-0.06,-0.5515,213307.02,230383.888
600522.SH,20201207,10.83,10.94,10.77,10.89,10.82,0.07,0.647,230108.23,249489.812
600522.SH,20201208,10.88,10.9,10.73,10.77,10.89,-0.12,-1.1019,203323.91,219416.919
600522.SH,20201209,10.75,10.79,10.57,10.6,10.77,-0.17,-1.5785,246763.12,262998.511
600522.SH,20201210,10.6,10.73,10.53,10.69,10.6,0.09,0.8491,187411.07,199774.831
600522.SH,20201211,10.72,10.72,10.44,10.52,10.69,-0.17,-1.5903,226636.41,238509.864
600522.SH,20201214,10.6,10.65,10.4,10.52,10.52,0.0,0.0,183403.98,192989.007
600522.SH,20201215,10.53,10.53,10.3,10.44,10.52,-0.08,-0.7605,212173.3,220686.448
600522.SH,20201216,10.41,10.5,10.32,10.48,10.44,0.04,0.3831,164039.59,170711.386
600522.SH,20201217,10.46,10.52,10.35,10.51,10.48,0.03,0.2863,204118.84,213588.877
600522.SH,20201218,10.53,10.64,10.5,10.53,10.51,0.02,0.1903,179100.31,189095.032
600522.SH,20201221,10.55,10.71,10.54,10.68,10.53,0.15,1.4245,204940.88,218224.727
600522.SH,20201222,10.76,10.76,10.38,10.41,10.68,-0.27,-2.5281,235909.2,249509.435
600522.SH,20201223,10.47,10.84,10.4,10.8,10.41,0.39,3.7464,440404.07,471146.14
600522.SH,20201224,10.81,10.87,10.62,10.65,10.8,-0.15,-1.3889,222728.65,238975.644
600522.SH,20201225,10.64,10.73,10.52,10.66,10.65,0.01,0.0939,187203.14,199191.921
600522.SH,20201228,10.77,11.08,10.7,10.86,10.66,0.2,1.8762,572382.17,622972.245
600522.SH,20201229,10.85,11.18,10.8,10.99,10.86,0.13,1.1971,658911.45,727677.57
600522.SH,20201230,11.0,11.02,10.7,10.82,10.99,-0.17,-1.5469,418626.77,452551.747
600522.SH,20201231,10.82,10.91,10.75,10.84,10.82,0.02,0.1848,340962.85,369007.032
600522.SH,20210104,10.85,11.1,10.73,11.02,10.84,0.18,1.6605,571117.59,623313.127
600522.SH,20210105,10.92,11.08,10.86,11.04,11.02,0.02,0.1815,503936.59,553533.294
600522.SH,20210106,11.06,11.09,10.78,10.89,11.04,-0.15,-1.3587,380822.99,414492.636
600522.SH,20210107,10.9,10.9,10.6,10.66,10.89,-0.23,-2.112,389808.11,416548.89
600522.SH,20210108,10.65,11.3,10.61,11.3,10.66,0.64,6.0038,895898.59,991775.642
600522.SH,20210111,11.36,11.65,11.28,11.38,11.3,0.08,0.708,984405.7,1130979.535
600522.SH,20210112,11.3,11.49,11.21,11.43,11.38,0.05,0.4394,595482.33,676183.792
600522.SH,20210113,11.4,11.82,11.33,11.73,11.43,0.3,2.6247,1051009.45,1222331.198
600522.SH,20210114,11.85,11.85,11.45,11.51,11.73,-0.22,-1.8755,755917.32,878068.602
600522.SH,20210115,11.49,11.49,11.21,11.3,11.51,-0.21,-1.8245,570262.55,644788.166
600522.SH,20210118,11.31,11.6,11.25,11.53,11.3,0.23,2.0354,521679.56,597445.681
600522.SH,20210119,11.52,11.59,11.07,11.11,11.53,-0.42,-3.6427,709170.99,797038.655
600522.SH,20210120,11.1,11.2,10.96,11.07,11.11,-0.04,-0.36,352365.08,389090.117
600522.SH,20210121,11.06,11.19,10.9,11.08,11.07,0.01,0.0903,495925.49,547989.544
600522.SH,20210122,11.1,11.11,10.81,10.87,11.08,-0.21,-1.8953,459118.45,501479.996
600522.SH,20210125,10.87,11.0,10.66,10.95,10.87,0.08,0.736,454198.41,491697.002
600522.SH,20210126,10.87,11.06,10.7,10.72,10.95,-0.23,-2.1005,344762.71,374490.634
600522.SH,20210127,10.66,10.82,10.66,10.75,10.72,0.03,0.2799,254928.36,273933.672
600522.SH,20210128,10.66,10.69,10.4,10.43,10.75,-0.32,-2.9767,373310.83,392807.737
600522.SH,20210129,10.46,10.58,10.38,10.5,10.43,0.07,0.6711,257463.96,269679.687
600522.SH,20210201,10.48,10.67,10.45,10.66,10.5,0.16,1.5238,221296.33,234712.011
600522.SH,20210202,10.65,10.66,10.48,10.55,10.66,-0.11,-1.0319,218721.87,230780.959
600522.SH,20210203,10.55,10.59,10.02,10.06,10.55,-0.49,-4.6445,518705.81,530751.316
600522.SH,20210204,10.02,10.02,9.12,9.54,10.06,-0.52,-5.169,642107.86,607973.724
600522.SH,20210205,9.41,9.62,9.31,9.37,9.54,-0.17,-1.782,282590.82,266224.947
600522.SH,20210208,9.43,9.54,9.29,9.45,9.37,0.08,0.8538,166477.51,157139.808
600522.SH,20210209,9.49,9.55,9.35,9.53,9.45,0.08,0.8466,235521.51,222681.159
600522.SH,20210210,9.56,9.58,9.47,9.52,9.53,-0.01,-0.1049,237720.87,226392.977
600522.SH,20210218,9.66,10.04,9.61,9.95,9.52,0.43,4.5168,366930.74,361109.198
600522.SH,20210219,9.98,10.27,9.9,10.25,9.95,0.3,3.0151,292661.09,297020.27
600522.SH,20210222,10.26,10.65,10.26,10.42,10.25,0.17,1.6585,423770.41,444642.533
600522.SH,20210223,10.49,10.72,10.21,10.5,10.42,0.08,0.7678,421329.0,441866.654
600522.SH,20210224,10.48,10.63,10.27,10.38,10.5,-0.12,-1.1429,330585.55,345873.217
600522.SH,20210225,10.42,10.47,10.18,10.21,10.38,-0.17,-1.6378,287509.27,296295.01
600522.SH,20210226,10.13,10.64,10.05,10.37,10.21,0.16,1.5671,500997.18,522430.347
600522.SH,20210301,10.47,11.07,10.47,10.95,10.37,0.58,5.5931,754145.62,814915.862
600522.SH,20210302,11.07,11.26,10.9,11.1,10.95,0.15,1.3699,808007.4,895525.87
600522.SH,20210303,11.11,11.35,11.1,11.29,11.1,0.19,1.7117,596821.12,670420.501
600522.SH,20210304,11.4,11.59,11.3,11.46,11.29,0.17,1.5058,942691.16,1079881.22
600522.SH,20210305,11.56,11.56,10.96,11.29,11.46,-0.17,-1.4834,799040.68,894179.041
600522.SH,20210308,11.52,12.16,11.52,11.64,11.29,0.35,3.1001,1071644.92,1266659.272
600522.SH,20210309,11.5,11.84,11.12,11.45,11.64,-0.19,-1.6323,772714.65,890484.816
600522.SH,20210310,11.58,11.7,11.21,11.3,11.45,-0.15,-1.31,524571.65,598436.972
600522.SH,20210311,11.37,11.57,11.06,11.49,11.3,0.19,1.6814,505317.42,572872.382
600522.SH,20210312,11.49,11.54,11.21,11.4,11.49,-0.09,-0.7833,391296.28,443433.291
600522.SH,20210315,11.36,11.63,11.2,11.47,11.4,0.07,0.614,490939.2,563137.434
600522.SH,20210316,11.42,11.81,11.38,11.68,11.47,0.21,1.8309,595434.2,693505.165
600522.SH,20210317,11.71,11.76,11.25,11.33,11.68,-0.35,-2.9966,520443.89,593030.609
600522.SH,20210318,11.27,11.54,11.15,11.43,11.33,0.1,0.8826,451508.6,512400.553
600522.SH,20210319,11.28,12.35,11.22,11.8,11.43,0.37,3.2371,1322481.98,1578038.606
600522.SH,20210322,11.84,11.98,11.69,11.91,11.8,0.11,0.9322,811000.46,959934.719
600522.SH,20210323,11.94,12.06,11.68,11.8,11.91,-0.11,-0.9236,568008.26,671367.625
600522.SH,20210324,11.68,11.78,10.87,11.0,11.8,-0.8,-6.7797,909828.36,1019030.582
600522.SH,20210325,10.9,11.18,10.8,11.12,11.0,0.12,1.0909,425741.8,469635.382
600522.SH,20210326,11.17,11.73,11.07,11.63,11.12,0.51,4.5863,712231.24,817930.618
600522.SH,20210329,11.7,11.92,11.62,11.69,11.63,0.06,0.5159,464763.13,545643.565
600522.SH,20210330,11.6,11.6,11.29,11.45,11.69,-0.24,-2.053,438167.59,501100.354
600522.SH,20210331,11.43,11.57,11.35,11.45,11.45,0.0,0.0,270957.8,310013.039
600522.SH,20210401,11.5,11.5,11.15,11.26,11.45,-0.19,-1.6594,315293.97,354966.583
600522.SH,20210402,11.26,11.39,11.05,11.13,11.26,-0.13,-1.1545,324256.46,363616.281
600522.SH,20210406,11.1,11.32,11.08,11.23,11.13,0.1,0.8985,205698.73,230711.285
600522.SH,20210407,11.2,11.31,11.09,11.21,11.23,-0.02,-0.1781,242538.85,271339.731
600522.SH,20210408,11.15,11.33,11.14,11.17,11.21,-0.04,-0.3568,258287.87,290353.851
600522.SH,20210409,11.22,11.22,11.01,11.01,11.17,-0.16,-1.4324,215766.66,238955.988
600522.SH,20210412,11.0,11.09,10.64,10.75,11.01,-0.26,-2.3615,413207.53,448030.23
600522.SH,20210413,10.7,10.95,10.68,10.82,10.75,0.07,0.6512,226051.08,244625.838
600522.SH,20210414,10.8,10.8,10.6,10.72,10.82,-0.1,-0.9242,216913.05,232419.437
600522.SH,20210415,10.72,10.72,10.52,10.58,10.72,-0.14,-1.306,199405.91,211210.483
600522.SH,20210416,10.63,10.82,10.59,10.77,10.58,0.19,1.7958,217523.5,233558.73
600522.SH,20210419,10.77,10.91,10.69,10.87,10.77,0.1,0.9285,261400.25,283324.549
600522.SH,20210420,10.84,10.86,10.61,10.64,10.87,-0.23,-2.1159,347278.05,370956.951
600522.SH,20210421,10.59,10.74,10.53,10.65,10.64,0.01,0.094,195184.14,207863.306
600522.SH,20210422,10.65,10.94,10.65,10.73,10.65,0.08,0.7512,236700.6,255276.891
600522.SH,20210423,10.69,10.69,10.48,10.55,10.73,-0.18,-1.6775,221290.0,233909.594
600522.SH,20210426,10.57,10.63,10.39,10.4,10.55,-0.15,-1.4218,213464.45,224518.188
600522.SH,20210427,10.4,10.41,10.18,10.31,10.4,-0.09,-0.8654,207614.08,213245.119
600522.SH,20210428,10.31,10.52,10.24,10.38,10.31,0.07,0.679,229885.55,238240.296
600522.SH,20210429,10.44,10.59,10.33,10.39,10.38,0.01,0.0963,237735.16,247918.394
600522.SH,20210430,10.42,10.46,10.1,10.22,10.39,-0.17,-1.6362,283697.24,289666.332
600522.SH,20210506,10.15,10.3,10.02,10.09,10.22,-0.13,-1.272,340565.19,344809.103
600522.SH,20210507,10.1,10.17,9.99,10.01,10.09,-0.08,-0.7929,317094.86,319560.327
600522.SH,20210510,9.97,10.07,9.75,10.03,9.91,0.12,1.2109,243030.3,242042.078
600522.SH,20210511,10.01,10.11,9.95,10.03,10.03,0.0,0.0,164180.7,164599.917
600522.SH,20210512,10.0,10.14,9.94,10.08,10.03,0.05,0.4985,192353.8,192990.339
600522.SH,20210513,10.04,10.11,9.95,9.97,10.08,-0.11,-1.0913,211739.72,212074.289
600522.SH,20210514,9.98,10.13,9.97,10.11,9.97,0.14,1.4042,231398.87,232926.759
600522.SH,20210517,10.13,10.3,10.05,10.2,10.11,0.09,0.8902,291717.81,297398.74
600522.SH,20210518,10.21,10.22,10.12,10.18,10.2,-0.02,-0.1961,135944.57,138117.096
600522.SH,20210519,10.18,10.18,10.03,10.05,10.18,-0.13,-1.277,166071.46,167518.415
600522.SH,20210520,10.04,10.06,9.93,9.99,10.05,-0.06,-0.597,182881.4,182743.281
600522.SH,20210521,10.02,10.14,9.97,9.97,9.99,-0.02,-0.2002,221567.02,222171.12
600522.SH,20210524,9.98,10.07,9.96,10.05,9.97,0.08,0.8024,184978.96,185353.152
600522.SH,20210525,10.07,10.18,10.01,10.16,10.05,0.11,1.0945,255853.47,258617.182
600522.SH,20210526,10.18,10.24,10.14,10.17,10.16,0.01,0.0984,230601.07,234872.238
600522.SH,20210527,10.14,10.32,10.13,10.31,10.17,0.14,1.3766,304852.68,313138.654
600522.SH,20210528,10.45,10.55,10.31,10.34,10.31,0.03,0.291,329385.73,342040.135
600522.SH,20210531,10.36,10.65,10.35,10.6,10.34,0.26,2.5145,423629.47,445750.028
600522.SH,20210601,10.55,10.61,10.46,10.53,10.6,-0.07,-0.6604,245734.73,258647.084
600522.SH,20210602,10.49,10.59,10.28,10.32,10.53,-0.21,-1.9943,304049.29,316815.046
600522.SH,20210603,10.3,10.59,10.3,10.41,10.32,0.09,0.8721,360957.32,378719.101
600522.SH,20210604,10.39,10.48,10.33,10.42,10.41,0.01,0.0961,217576.1,226194.034
600522.SH,20210607,10.44,10.64,10.41,10.46,10.42,0.04,0.3839,297276.48,312508.484
600522.SH,20210608,10.49,10.49,10.24,10.3,10.46,-0.16,-1.5296,334548.16,344859.974
600522.SH,20210609,10.32,10.36,10.25,10.34,10.3,0.04,0.3883,213548.89,220014.012
600522.SH,20210610,10.3,10.48,10.27,10.37,10.34,0.03,0.2901,355769.62,368806.128
600522.SH,20210611,10.38,10.42,9.88,9.93,10.37,-0.44,-4.243,715178.68,719682.176
600522.SH,20210615,9.94,10.02,9.62,9.69,9.93,-0.24,-2.4169,432608.22,423376.167
600522.SH,20210616,9.72,9.84,9.66,9.69,9.69,0.0,0.0,218814.07,213402.63
600522.SH,20210617,9.79,9.86,9.71,9.78,9.69,0.09,0.9288,177805.99,173773.262
600522.SH,20210618,9.78,9.89,9.68,9.83,9.78,0.05,0.5112,222351.79,217698.651
600522.SH,20210621,9.86,9.86,9.74,9.8,9.83,-0.03,-0.3052,213622.96,209051.671
600522.SH,20210622,9.8,9.86,9.76,9.82,9.8,0.02,0.2041,212747.53,208521.497
600522.SH,20210623,9.83,9.83,9.71,9.8,9.82,-0.02,-0.2037,304751.37,297507.128
600522.SH,20210624,9.8,10.17,9.75,10.07,9.8,0.27,2.7551,542060.25,543016.144
600522.SH,20210625,10.07,10.1,9.88,10.02,10.07,-0.05,-0.4965,320953.21,320153.707
600522.SH,20210628,10.0,10.0,9.9,9.91,10.02,-0.11,-1.0978,233638.25,232123.392
600522.SH,20210629,9.93,9.95,9.72,9.76,9.91,-0.15,-1.5136,273190.37,267819.236
600522.SH,20210630,9.77,10.04,9.77,10.0,9.76,0.24,2.459,319537.12,317781.878
600522.SH,20210701,10.01,10.04,9.8,9.8,10.0,-0.2,-2.0,211207.2,208613.293
600522.SH,20210702,9.8,9.93,9.73,9.75,9.8,-0.05,-0.5102,201245.36,197457.326
600522.SH,20210705,9.8,9.82,9.68,9.77,9.75,0.02,0.2051,178967.88,174076.804
600522.SH,20210706,9.75,9.84,9.69,9.81,9.77,0.04,0.4094,181258.25,177334.588
600522.SH,20210707,9.81,9.95,9.78,9.94,9.81,0.13,1.3252,271070.05,268678.53
600522.SH,20210708,9.91,9.96,9.82,9.91,9.94,-0.03,-0.3018,255224.8,252365.525
600522.SH,20210709,9.9,9.99,9.86,9.97,9.91,0.06,0.6054,257460.76,255830.058
600522.SH,20210712,9.99,10.37,9.99,10.34,9.97,0.37,3.7111,725778.25,744742.615
600522.SH,20210713,10.33,10.34,10.19,10.25,10.34,-0.09,-0.8704,393894.3,403703.097
600522.SH,20210714,10.25,10.42,10.13,10.15,10.25,-0.1,-0.9756,375893.29,385516.81
600522.SH,20210715,10.14,10.22,9.99,10.2,10.15,0.05,0.4926,286590.26,290334.666
600522.SH,20210716,10.18,10.45,10.11,10.32,10.2,0.12,1.1765,425799.07,439099.774
600522.SH,20210719,10.32,10.37,10.17,10.29,10.32,-0.03,-0.2907,283491.29,290765.709
600522.SH,20210720,10.26,10.26,10.08,10.2,10.29,-0.09,-0.8746,240864.13,244888.411
600522.SH,20210721,10.2,10.25,10.12,10.2,10.2,0.0,0.0,284940.48,290198.667
600522.SH,20210722,9.18,9.18,9.18,9.18,10.2,-1.02,-10.0,155878.0,143096.004
600522.SH,20210723,8.26,8.26,8.26,8.26,9.18,-0.92,-10.0218,341611.0,282170.686
600522.SH,20210726,7.57,7.87,7.43,7.45,8.26,-0.81,-9.8063,3207377.61,2420214.914
600522.SH,20210727,7.49,7.75,7.45,7.59,7.45,0.14,1.8792,1650098.22,1250078.038
600522.SH,20210728,7.59,7.59,7.01,7.27,7.59,-0.32,-4.2161,1083677.22,793017.63
600522.SH,20210729,7.32,7.42,7.15,7.28,7.27,0.01,0.1376,845260.12,615923.063
600522.SH,20210730,7.29,7.64,7.24,7.6,7.28,0.32,4.3956,1050687.42,787903.962
600522.SH,20210802,7.65,7.98,7.46,7.85,7.6,0.25,3.2895,1149036.84,894364.478
600522.SH,20210803,7.8,7.82,7.61,7.65,7.85,-0.2,-2.5478,831794.29,639469.439
600522.SH,20210804,7.69,7.74,7.63,7.67,7.65,0.02,0.2614,606942.95,465777.195
600522.SH,20210805,7.68,7.85,7.56,7.69,7.67,0.02,0.2608,760564.83,586643.536
600522.SH,20210806,7.65,7.65,7.46,7.58,7.69,-0.11,-1.4304,663316.99,500603.705
600522.SH,20210809,7.51,7.67,7.48,7.59,7.58,0.01,0.1319,499369.59,378532.499
600522.SH,20210810,7.74,7.96,7.67,7.9,7.59,0.31,4.0843,1148018.73,900527.94
600522.SH,20210811,7.92,8.69,7.86,8.69,7.9,0.79,10.0,2235350.25,1868962.268
600522.SH,20210812,9.28,9.56,9.11,9.56,8.69,0.87,10.0115,2883277.12,2730530.773
600522.SH,20210813,9.6,9.74,9.2,9.28,9.56,-0.28,-2.9289,3155598.87,2983922.055
600522.SH,20210816,9.75,9.94,9.22,9.29,9.28,0.01,0.1078,1977103.21,1873419.83
600522.SH,20210817,9.0,9.21,8.5,8.58,9.29,-0.71,-7.6426,2088585.05,1845931.127
600522.SH,20210818,8.56,8.72,8.17,8.23,8.58,-0.35,-4.0793,1580729.38,1321799.09
600522.SH,20210819,8.2,8.37,8.05,8.12,8.23,-0.11,-1.3366,1115172.97,912004.458
600522.SH,20210820,8.08,8.16,7.9,7.97,8.12,-0.15,-1.8473,955830.34,764192.02
600522.SH,20210823,8.0,8.23,7.94,8.19,7.97,0.22,2.7604,894514.3,724949.44
600522.SH,20210824,8.2,8.22,8.06,8.12,8.19,-0.07,-0.8547,653333.81,530611.89
600522.SH,20210825,8.1,8.18,7.94,8.16,8.12,0.04,0.4926,704043.39,566189.865
600522.SH,20210826,8.19,8.58,8.08,8.37,8.16,0.21,2.5735,1285895.11,1072567.593
600522.SH,20210827,8.14,8.14,7.53,7.95,8.37,-0.42,-5.0179,1281487.01,1005157.019
600522.SH,20210830,7.81,8.46,7.68,8.27,7.95,0.32,4.0252,1351396.18,1087924.286
600522.SH,20210831,8.16,8.18,7.92,8.13,8.27,-0.14,-1.6929,908459.57,731375.889
600522.SH,20210901,8.08,8.31,7.97,8.04,8.13,-0.09,-1.107,682806.99,553105.184
600522.SH,20210902,8.05,8.52,7.95,8.39,8.04,0.35,4.3532,1162681.44,964589.474
600522.SH,20210903,8.54,8.77,8.32,8.36,8.39,-0.03,-0.3576,1110155.27,948602.54
600522.SH,20210906,8.54,8.69,8.41,8.57,8.36,0.21,2.512,970385.65,831246.761
600522.SH,20210907,8.8,8.88,8.57,8.62,8.57,0.05,0.5834,919241.38,797367.834
600522.SH,20210908,8.63,9.32,8.56,9.13,8.62,0.51,5.9165,1549824.93,1383887.177
600522.SH,20210909,9.03,9.35,9.0,9.05,9.13,-0.08,-0.8762,1028676.72,939591.305
600522.SH,20210910,9.04,9.08,8.61,8.62,9.05,-0.43,-4.7514,1089996.17,957653.968
600522.SH,20210913,8.7,8.85,8.62,8.7,8.62,0.08,0.9281,595852.88,518460.672
600522.SH,20210914,8.66,8.79,8.45,8.52,8.7,-0.18,-2.069,703212.33,606825.163
600522.SH,20210915,8.53,9.37,8.47,9.37,8.52,0.85,9.9765,1734647.71,1582930.995
600522.SH,20210916,9.43,9.46,8.94,9.0,9.37,-0.37,-3.9488,1441024.14,1324905.521
600522.SH,20210917,9.06,9.33,8.89,9.09,9.0,0.09,1.0,975565.2,888962.868
600522.SH,20210922,9.01,9.4,8.93,9.29,9.09,0.2,2.2002,907978.49,837861.618
600522.SH,20210923,9.38,9.46,9.15,9.23,9.29,-0.06,-0.6459,830217.27,768203.064
600522.SH,20210924,9.17,9.22,8.89,8.92,9.23,-0.31,-3.3586,631618.66,570278.349
600522.SH,20210927,8.93,9.08,8.47,8.65,8.92,-0.27,-3.0269,632020.56,551363.748
600522.SH,20210928,8.6,9.14,8.55,9.0,8.65,0.35,4.0462,667419.61,594097.161
600522.SH,20210929,8.88,9.08,8.73,8.83,9.0,-0.17,-1.8889,513893.06,457965.235
600522.SH,20210930,8.85,9.19,8.85,9.1,8.83,0.27,3.0578,586354.41,531757.192
600522.SH,20211008,9.16,9.22,8.92,9.16,9.1,0.06,0.6593,580064.81,527033.276
600522.SH,20211011,9.17,9.97,8.99,9.76,9.16,0.6,6.5502,1412869.9,1353386.035
600522.SH,20211012,9.6,9.69,9.16,9.34,9.76,-0.42,-4.3033,854882.07,805708.466
600522.SH,20211013,9.36,9.39,9.03,9.17,9.34,-0.17,-1.8201,587137.85,537721.786
600522.SH,20211014,9.16,9.29,9.04,9.11,9.17,-0.06,-0.6543,430675.09,394199.887
600522.SH,20211015,9.06,9.11,8.8,8.8,9.11,-0.31,-3.4029,609364.99,542427.827
600522.SH,20211018,8.85,9.06,8.83,8.89,8.8,0.09,1.0227,351068.35,313300.874
600522.SH,20211019,8.93,8.99,8.81,8.89,8.89,0.0,0.0,366099.59,324873.339
600522.SH,20211020,8.85,9.09,8.77,8.98,8.89,0.09,1.0124,508031.48,454316.224
600522.SH,20211021,8.91,8.95,8.8,8.86,8.98,-0.12,-1.3363,325724.92,288678.817
600522.SH,20211022,8.81,9.0,8.72,8.86,8.86,0.0,0.0,328082.39,290687.324
600522.SH,20211025,8.9,9.09,8.84,9.02,8.86,0.16,1.8059,340801.92,306952.949
600522.SH,20211026,9.05,9.15,8.98,9.08,9.02,0.06,0.6652,342326.78,310183.46
600522.SH,20211027,9.1,9.43,9.06,9.31,9.08,0.23,2.533,733295.49,682987.27
600522.SH,20211028,9.27,9.8,9.21,9.55,9.31,0.24,2.5779,1311860.56,1254209.173
600522.SH,20211029,9.67,10.2,9.63,10.11,9.55,0.56,5.8639,1681447.36,1670492.446
600522.SH,20211101,11.12,11.12,11.12,11.12,10.11,1.01,9.9901,415550.34,462091.978
600522.SH,20211102,12.23,12.23,12.23,12.23,11.12,1.11,9.982,502145.69,614124.179
600522.SH,20211103,13.0,13.45,12.89,13.36,12.23,1.13,9.2396,6625431.77,8783814.517
600522.SH,20211104,13.01,14.7,13.01,14.7,13.36,1.34,10.0299,2628674.69,3722028.366
600522.SH,20211105,15.57,15.74,14.42,15.18,14.7,0.48,3.2653,4258956.97,6461273.505
600522.SH,20211108,15.55,16.3,15.38,16.04,15.18,0.86,5.6653,3347080.06,5311670.296
600522.SH,20211109,15.95,17.16,15.59,16.05,16.04,0.01,0.0623,3100701.01,5009387.248
600522.SH,20211110,15.89,16.38,15.57,16.25,16.05,0.2,1.2461,2138229.6,3406732.227
600522.SH,20211111,16.17,17.31,16.1,16.32,16.25,0.07,0.4308,2312895.26,3849336.506
600522.SH,20211112,16.29,17.95,16.29,17.95,16.32,1.63,9.9877,3047163.78,5306751.639
600522.SH,20211115,17.9,18.24,16.76,16.9,17.95,-1.05,-5.8496,2687572.15,4643673.755
600522.SH,20211116,17.18,18.58,17.03,18.15,16.9,1.25,7.3964,2589139.38,4620387.771
600522.SH,20211117,17.96,19.68,17.96,19.35,18.15,1.2,6.6116,2245368.22,4279172.423
600522.SH,20211118,19.48,19.66,18.51,18.55,19.35,-0.8,-4.1344,2069827.24,3921476.693
600522.SH,20211119,18.39,19.0,17.85,18.5,18.55,-0.05,-0.2695,1788331.92,3285330.812
600522.SH,20211122,18.68,18.8,17.81,18.26,18.5,-0.24,-1.2973,1494605.23,2733334.362
600522.SH,20211123,18.3,18.97,18.08,18.25,18.26,-0.01,-0.0548,1514332.68,2796464.037
600522.SH,20211124,18.0,18.35,17.38,17.79,18.25,-0.46,-2.5205,1725873.54,3071538.632
600522.SH,20211125,17.71,17.99,17.13,17.27,17.79,-0.52,-2.923,1425186.03,2483964.968
600522.SH,20211126,17.26,17.92,16.95,17.52,17.27,0.25,1.4476,1672645.33,2920322.211
600522.SH,20211129,17.15,18.3,17.1,17.85,17.52,0.33,1.8836,1462070.3,2599119.885
600522.SH,20211130,18.45,19.03,18.04,18.58,17.85,0.73,4.0896,1832571.52,3396007.085
600522.SH,20211201,18.4,18.5,17.83,17.98,18.58,-0.6,-3.2293,1304192.36,2354046.395
600522.SH,20211202,17.75,17.8,16.7,16.86,17.98,-1.12,-6.2291,1656147.68,2823076.001
600522.SH,20211203,16.81,17.02,16.27,16.31,16.86,-0.55,-3.2622,1553071.81,2561744.392
600522.SH,20211206,16.47,16.83,16.08,16.15,16.31,-0.16,-0.981,1177789.41,1937423.179
600522.SH,20211207,16.21,16.3,15.47,16.0,16.15,-0.15,-0.9288,1161117.15,1837806.634
600522.SH,20211208,15.99,16.7,15.98,16.4,16.0,0.4,2.5,1165855.23,1912290.952
600522.SH,20211209,16.21,17.04,16.1,16.63,16.4,0.23,1.4024,1289275.11,2136499.364
600522.SH,20211210,16.9,17.75,16.69,17.06,16.63,0.43,2.5857,1793432.97,3089190.003
600522.SH,20211213,16.93,18.24,16.62,17.75,17.06,0.69,4.0445,1479902.87,2599052.063
600522.SH,20211214,17.64,17.93,17.51,17.64,17.75,-0.11,-0.6197,910086.84,1609359.961
600522.SH,20211215,17.64,18.42,17.4,18.11,17.64,0.47,2.6644,1307851.84,2354516.076
600522.SH,20211216,18.4,18.73,17.68,17.89,18.11,-0.22,-1.2148,1119709.39,2026515.746
600522.SH,20211217,17.36,19.36,17.01,18.42,17.89,0.53,2.9625,2362866.24,4320450.565
600522.SH,20211220,18.46,18.59,16.58,16.58,18.42,-1.84,-9.9891,1623209.47,2750012.556
600522.SH,20211221,16.63,17.71,16.54,17.33,16.58,0.75,4.5235,1640115.77,2805049.078
600522.SH,20211222,17.32,17.61,16.67,17.3,17.33,-0.03,-0.1731,1048864.17,1797553.027
600522.SH,20211223,17.29,17.5,16.92,17.23,17.3,-0.07,-0.4046,685507.71,1181312.241
600522.SH,20211224,17.17,17.21,15.51,15.98,17.23,-1.25,-7.2548,1758583.92,2802323.026
600522.SH,20211227,15.85,16.49,15.66,15.9,15.98,-0.08,-0.5006,1049943.72,1680253.791
600522.SH,20211228,16.16,16.7,15.65,16.52,15.9,0.62,3.8994,1120964.43,1809022.318
600522.SH,20211229,16.51,17.64,16.41,16.65,16.52,0.13,0.7869,1483668.2,2521995.472
600522.SH,20211230,16.76,16.9,15.89,16.74,16.65,0.09,0.5405,1085155.29,1787067.657
600522.SH,20211231,16.93,17.62,16.56,16.96,16.74,0.22,1.3142,1164768.15,1998055.422
600522.SH,20220104,17.28,17.34,15.98,16.49,16.96,-0.47,-2.7712,1274870.88,2095302.262
600522.SH,20220105,16.5,16.5,15.55,15.79,16.49,-0.7,-4.245,1038114.78,1642758.243
600522.SH,20220106,15.55,16.35,15.28,16.05,15.79,0.26,1.6466,987110.47,1571372.777
600522.SH,20220107,15.96,16.13,14.95,15.38,16.05,-0.67,-4.1745,1173997.99,1812991.461
600522.SH,20220110,15.28,15.33,14.6,14.83,15.38,-0.55,-3.5761,1122349.45,1670952.398
600522.SH,20220111,14.8,14.88,14.1,14.55,14.83,-0.28,-1.8881,1192838.57,1717598.841
600522.SH,20220112,14.9,14.98,14.29,14.77,14.55,0.22,1.512,1356619.55,1981240.929
600522.SH,20220113,14.71,14.78,13.87,13.95,14.77,-0.82,-5.5518,1168674.78,1654570.789
600522.SH,20220114,13.97,14.8,13.83,14.5,13.95,0.55,3.9427,1152351.56,1664230.177
600522.SH,20220117,14.48,14.79,14.18,14.55,14.5,0.05,0.3448,766083.84,1112291.003
600522.SH,20220118,14.54,15.1,14.23,14.73,14.55,0.18,1.2371,999161.74,1476500.492
600522.SH,20220119,14.72,15.19,14.49,14.72,14.73,-0.01,-0.0679,880621.67,1302838.826
600522.SH,20220120,14.7,14.74,14.03,14.35,14.72,-0.37,-2.5136,560724.97,805871.635
600522.SH,20220121,14.38,14.48,14.02,14.14,14.35,-0.21,-1.4634,501659.46,713890.895
600522.SH,20220124,14.11,14.77,14.02,14.55,14.14,0.41,2.8996,629077.68,911170.206
600522.SH,20220125,14.49,14.64,14.0,14.06,14.55,-0.49,-3.3677,558175.21,798286.265
600522.SH,20220126,14.17,15.47,14.08,15.47,14.06,1.41,10.0284,1985204.75,3022269.503
600522.SH,20220127,15.6,16.5,15.44,15.99,15.47,0.52,3.3613,2149229.09,3458333.452
600522.SH,20220128,15.95,17.38,15.29,16.62,15.99,0.63,3.94,1881086.85,3108571.209
600522.SH,20220207,17.35,17.48,16.28,16.3,16.62,-0.32,-1.9254,1208105.23,2022550.818
600522.SH,20220208,16.35,16.9,15.6,16.56,16.3,0.26,1.5951,1213640.87,1970126.991
600522.SH,20220209,16.37,17.43,16.09,17.02,16.56,0.46,2.7778,1148134.55,1934794.964
600522.SH,20220210,16.51,16.51,15.75,16.14,17.02,-0.88,-5.1704,1375868.28,2211578.069
600522.SH,20220211,15.8,16.71,15.6,16.0,16.14,-0.14,-0.8674,800318.77,1293565.398
600522.SH,20220214,16.0,16.24,15.4,15.72,16.0,-0.28,-1.75,766471.33,1206601.133
600522.SH,20220215,15.71,17.29,15.61,17.29,15.72,1.57,9.9873,1528147.58,2569571.23
600522.SH,20220216,17.4,17.72,16.95,17.15,17.29,-0.14,-0.8097,1206507.99,2083583.586
600522.SH,20220217,17.19,18.55,17.07,18.12,17.15,0.97,5.656,1511716.12,2708756.627
600522.SH,20220218,17.99,18.24,17.64,17.95,18.12,-0.17,-0.9382,721102.32,1291502.119
600522.SH,20220221,17.96,18.54,17.8,18.33,17.95,0.38,2.117,1006514.02,1832720.013
600522.SH,20220222,18.0,18.23,17.71,18.05,18.33,-0.28,-1.5276,594106.61,1065528.865
600522.SH,20220223,17.86,19.15,17.82,18.74,18.05,0.69,3.8227,900105.69,1677670.367
600522.SH,20220224,18.51,18.9,17.58,17.98,18.74,-0.76,-4.0555,1061001.36,1930332.1
600522.SH,20220225,18.26,19.17,18.19,18.5,17.98,0.52,2.8921,815615.16,1519692.794
600522.SH,20220228,18.25,18.85,18.11,18.71,18.5,0.21,1.1351,668831.94,1235473.795
600522.SH,20220301,18.87,20.58,18.85,19.71,18.71,1.0,5.3447,2022214.37,4056006.934
600522.SH,20220302,19.6,19.6,18.19,18.99,19.71,-0.72,-3.653,1490560.66,2795370.972
600522.SH,20220303,19.4,19.45,17.69,17.75,18.99,-1.24,-6.5298,1329034.56,2410260.146
600522.SH,20220304,17.45,18.13,17.12,17.82,17.75,0.07,0.3944,749721.39,1330651.821
600522.SH,20220307,17.4,17.55,16.96,17.28,17.82,-0.54,-3.0303,800608.27,1374271.324
600522.SH,20220308,17.2,17.93,16.74,17.49,17.28,0.21,1.2153,1168628.0,2037225.805
600522.SH,20220309,17.6,18.18,16.71,17.66,17.49,0.17,0.972,1051595.09,1842182.432
600522.SH,20220310,18.18,18.47,17.18,17.3,17.66,-0.36,-2.0385,1414077.13,2529631.245
600522.SH,20220311,17.91,18.75,17.65,18.64,17.3,1.34,7.7457,1736949.43,3169048.818
600522.SH,20220314,18.18,19.25,18.01,18.05,18.64,-0.59,-3.1652,1178409.28,2182389.921
600522.SH,20220315,17.68,18.29,17.03,17.3,18.05,-0.75,-4.1551,1008790.28,1770467.757
600522.SH,20220316,17.69,19.03,17.4,19.03,17.3,1.73,10.0,1397624.51,2558712.672
600522.SH,20220317,19.38,19.68,18.71,19.0,19.03,-0.03,-0.1576,1228606.05,2345807.566
600522.SH,20220318,18.7,18.78,18.06,18.62,19.0,-0.38,-2.0,775362.1,1430687.163
600522.SH,20220321,18.4,18.66,17.84,18.11,18.62,-0.51,-2.739,902438.92,1637844.62
600522.SH,20220322,17.86,18.38,17.73,18.0,18.11,-0.11,-0.6074,511457.18,921556.798
600522.SH,20220323,18.19,18.78,18.14,18.25,18.0,0.25,1.3889,809545.67,1495169.958
600522.SH,20220324,17.85,18.23,17.5,17.98,18.25,-0.27,-1.4795,586846.32,1043907.129
600522.SH,20220325,17.98,18.02,17.0,17.15,17.98,-0.83,-4.6162,753353.08,1307865.67
600522.SH,20220328,16.77,16.96,16.26,16.58,17.15,-0.57,-3.3236,594058.75,985931.526
600522.SH,20220329,16.68,16.8,16.26,16.36,16.58,-0.22,-1.3269,411237.87,677068.611
600522.SH,20220330,16.6,17.57,16.6,17.53,16.36,1.17,7.1516,683697.19,1175524.768
600522.SH,20220331,17.27,17.46,16.83,17.0,17.53,-0.53,-3.0234,518518.97,883254.121
600522.SH,20220401,16.8,17.23,16.7,16.98,17.0,-0.02,-0.1176,320407.14,543725.761
600522.SH,20220406,17.12,17.18,15.8,16.05,16.98,-0.93,-5.477,689576.94,1114189.427
600522.SH,20220407,15.89,16.01,15.56,15.78,16.05,-0.27,-1.6822,531056.45,838686.999
600522.SH,20220408,15.85,16.21,15.47,15.92,15.78,0.14,0.8872,539513.13,858916.093
600522.SH,20220411,15.71,15.85,14.8,14.88,15.92,-1.04,-6.5327,618398.11,936397.269
600522.SH,20220412,14.99,15.24,14.62,15.1,14.88,0.22,1.4785,476339.12,711975.087
600522.SH,20220413,14.85,15.17,14.7,14.89,15.1,-0.21,-1.3907,306967.7,458902.294
600522.SH,20220414,15.1,15.33,14.78,14.96,14.89,0.07,0.4701,437658.72,659052.28
600522.SH,20220415,14.78,14.85,14.4,14.49,14.96,-0.47,-3.1417,489256.1,713855.687
600522.SH,20220418,14.42,15.73,14.21,15.56,14.49,1.07,7.3844,615729.22,936410.909
600522.SH,20220419,15.53,16.12,15.2,15.3,15.56,-0.26,-1.671,377567.78,585543.144
600522.SH,20220420,15.3,15.3,14.66,14.71,15.3,-0.59,-3.8562,363354.15,543890.351
600522.SH,20220421,14.52,14.93,14.31,14.49,14.71,-0.22,-1.4956,411795.09,602994.159
600522.SH,20220422,14.45,15.25,14.33,14.71,14.49,0.22,1.5183,471452.57,699143.174
600522.SH,20220425,14.25,15.1,13.84,14.3,14.71,-0.41,-2.7872,671219.5,975439.624
600522.SH,20220426,14.31,14.99,13.91,14.57,14.3,0.27,1.8881,640552.39,929434.354
600522.SH,20220427,14.32,15.53,13.15,15.39,14.57,0.82,5.628,1207184.47,1721681.518
600522.SH,20220428,15.0,15.73,14.88,15.4,15.39,0.01,0.065,707536.97,1078383.857
600522.SH,20220429,15.4,16.49,15.15,16.35,15.4,0.95,6.1688,686280.91,1087077.97
600522.SH,20220505,16.0,16.23,15.57,15.86,16.35,-0.49,-2.9969,832557.44,1322016.432
600522.SH,20220506,15.2,15.78,15.14,15.35,15.86,-0.51,-3.2156,566010.02,873119.763
600522.SH,20220509,15.27,15.48,15.02,15.29,15.35,-0.06,-0.3909,308391.82,470700.982
600522.SH,20220510,15.01,16.5,14.9,16.06,15.29,0.77,5.036,841566.92,1350175.011
600522.SH,20220511,16.03,16.99,15.88,16.2,16.06,0.14,0.8717,946667.1,1566550.676
600522.SH,20220512,16.05,16.7,16.0,16.52,16.2,0.32,1.9753,480140.53,788378.787
600522.SH,20220513,16.69,16.78,16.35,16.55,16.52,0.03,0.1816,319544.93,528871.28
600522.SH,20220516,16.55,16.85,16.01,16.1,16.55,-0.45,-2.719,415494.85,678457.909
600522.SH,20220517,16.14,16.66,15.88,16.52,16.1,0.42,2.6087,554490.01,903041.609
600522.SH,20220518,16.47,16.57,15.66,15.97,16.52,-0.55,-3.3293,612467.05,979277.447
600522.SH,20220519,15.66,17.47,15.58,17.15,15.97,1.18,7.3889,1056548.02,1781245.946
600522.SH,20220520,17.15,17.85,16.93,17.48,17.15,0.33,1.9242,724101.26,1258002.402
600522.SH,20220523,17.35,18.04,17.29,17.95,17.48,0.47,2.6888,593809.02,1050408.402
600522.SH,20220524,17.96,18.13,17.01,17.02,17.95,-0.93,-5.1811,569555.73,996575.783
600522.SH,20220525,16.96,17.96,16.86,17.94,17.02,0.92,5.4054,610408.59,1057009.69
600522.SH,20220526,17.71,18.63,17.4,18.16,17.94,0.22,1.2263,717654.94,1296468.316
600522.SH,20220527,18.08,18.57,17.61,17.76,18.16,-0.4,-2.2026,484297.63,873808.074
600522.SH,20220530,17.79,18.2,17.5,17.9,17.76,0.14,0.7883,304847.06,542761.012
600522.SH,20220531,18.25,18.6,18.04,18.35,17.9,0.45,2.514,536869.61,986958.476
600522.SH,20220601,18.25,18.55,18.07,18.31,18.35,-0.04,-0.218,444466.18,812091.856
600522.SH,20220602,18.3,19.6,18.15,19.28,18.31,0.97,5.2977,668765.65,1274010.781
600522.SH,20220606,19.08,19.93,19.0,19.55,19.28,0.27,1.4004,587003.31,1142687.578
600522.SH,20220607,19.52,19.78,18.53,18.92,19.55,-0.63,-3.2225,591671.06,1121125.768
600522.SH,20220608,19.03,19.1,18.17,18.86,18.92,-0.06,-0.3171,565872.5,1054338.288
600522.SH,20220609,18.75,18.95,18.22,18.45,18.86,-0.41,-2.1739,486855.39,902198.369
600522.SH,20220610,18.33,18.87,18.27,18.68,18.45,0.23,1.2466,587779.09,1094166.113
600522.SH,20220613,18.43,19.27,18.35,18.96,18.68,0.28,1.4989,499714.69,941311.055
600522.SH,20220614,18.66,18.72,17.51,18.32,18.96,-0.64,-3.3755,844883.66,1527728.866
600522.SH,20220615,18.22,18.58,17.95,18.0,18.32,-0.32,-1.7467,495254.62,903863.707
600522.SH,20220616,17.99,18.93,17.92,18.73,18.0,0.73,4.0556,582382.55,1083015.36
600522.SH,20220617,18.46,20.6,18.43,20.43,18.73,1.7,9.0763,1103531.14,2201378.548
600522.SH,20220620,20.6,21.27,20.36,20.83,20.43,0.4,1.9579,1144378.3,2378900.556
600522.SH,20220621,20.63,21.36,20.33,20.72,20.83,-0.11,-0.5281,772436.34,1607603.767
600522.SH,20220622,20.65,21.13,20.35,20.36,20.72,-0.36,-1.7375,576387.73,1194733.632
600522.SH,20220623,20.4,21.08,19.79,20.7,20.36,0.34,1.6699,648029.74,1325243.985
600522.SH,20220624,20.92,22.77,20.9,22.34,20.7,1.64,7.9227,1049998.43,2336856.244
600522.SH,20220627,22.57,23.01,22.04,22.6,22.34,0.26,1.1638,827711.01,1864353.333
600522.SH,20220628,22.6,23.46,22.51,23.0,22.6,0.4,1.7699,571084.91,1313444.96
600522.SH,20220629,22.8,23.32,22.1,22.24,23.0,-0.76,-3.3043,617221.04,1397564.965
600522.SH,20220630,22.53,23.75,22.5,23.1,22.24,0.86,3.8669,794877.8,1846370.565
600522.SH,20220701,23.13,23.84,22.81,23.36,23.1,0.26,1.1255,507287.21,1189267.451
600522.SH,20220704,23.75,24.48,23.08,23.99,23.36,0.63,2.6969,685553.39,1636125.262
600522.SH,20220705,23.99,24.19,23.31,23.76,23.99,-0.23,-0.9587,506036.37,1195463.436
600522.SH,20220706,23.66,24.99,23.44,23.93,23.76,0.17,0.7155,750222.7,1808836.959
600522.SH,20220707,23.92,24.5,23.2,24.3,23.93,0.37,1.5462,503798.64,1209002.257
600522.SH,20220708,24.58,25.2,24.21,24.6,24.3,0.3,1.2346,526809.44,1298566.627
600522.SH,20220711,24.32,24.57,22.96,23.41,24.6,-1.19,-4.8374,955030.28,2240146.06
600522.SH,20220712,23.49,24.67,23.48,23.84,23.41,0.43,1.8368,674217.59,1621033.561
600522.SH,20220713,23.6,24.89,23.23,24.58,23.84,0.74,3.104,719987.34,1745753.83
600522.SH,20220714,24.55,26.77,24.5,26.67,24.58,2.09,8.5028,908583.18,2371853.347
600522.SH,20220715,26.0,26.91,25.21,26.22,26.67,-0.45,-1.6873,863950.16,2267562.241
600522.SH,20220718,26.82,27.01,25.63,26.31,26.22,0.09,0.3432,623362.12,1637291.576
600522.SH,20220719,26.55,27.54,26.01,26.24,26.31,-0.07,-0.2661,837681.77,2239706.307
600522.SH,20220720,26.02,27.6,25.55,26.92,26.24,0.68,2.5915,734807.01,1956091.18
600522.SH,20220721,26.8,26.86,25.88,25.88,26.92,-1.04,-3.8633,518825.62,1360335.411
600522.SH,20220722,25.91,26.24,25.08,25.39,25.88,-0.49,-1.8934,573561.72,1461556.066
600522.SH,20220725,25.31,25.31,23.22,23.67,25.39,-1.72,-6.7743,986522.74,2355723.39
600522.SH,20220726,23.87,24.4,23.41,23.9,23.67,0.23,0.9717,803834.4,1924791.675
600522.SH,20220727,23.91,24.01,22.6,23.84,23.9,-0.06,-0.251,1129298.89,2634085.424
600522.SH,20220728,23.91,24.15,22.3,22.47,23.84,-1.37,-5.7466,1171885.12,2699436.791
600522.SH,20220729,22.57,23.56,22.4,23.0,22.47,0.53,2.3587,899019.6,2074501.87
600522.SH,20220801,22.98,23.54,22.63,23.02,23.0,0.02,0.087,631415.11,1455067.439
600522.SH,20220802,22.64,23.5,22.34,22.72,23.02,-0.3,-1.3032,742046.81,1698761.08
600522.SH,20220803,22.98,23.64,22.39,22.5,22.72,-0.22,-0.9683,784130.16,1813622.05
600522.SH,20220804,22.59,22.8,21.71,22.14,22.5,-0.36,-1.6,811824.65,1800060.767
600522.SH,20220805,22.23,22.8,21.7,22.48,22.04,0.44,1.9964,701585.58,1562982.848
600522.SH,20220808,21.89,23.5,21.89,22.81,22.48,0.33,1.468,761840.81,1752138.902
600522.SH,20220809,22.73,24.3,22.44,23.86,22.81,1.05,4.6032,881336.35,2090015.875
600522.SH,20220810,23.71,24.7,23.33,23.47,23.86,-0.39,-1.6345,677682.66,1609788.829
600522.SH,20220811,23.54,24.2,23.36,23.71,23.47,0.24,1.0226,519870.9,1231807.865
600522.SH,20220812,23.6,23.7,22.62,23.11,23.71,-0.6,-2.5306,582374.26,1343324.418
600522.SH,20220815,23.12,24.75,22.91,24.43,23.11,1.32,5.7118,770502.67,1859682.699
600522.SH,20220816,24.78,25.43,24.7,25.08,24.43,0.65,2.6607,846431.36,2125492.405
600522.SH,20220817,25.0,25.67,24.71,24.97,25.08,-0.11,-0.4386,421727.97,1059552.472
600522.SH,20220818,24.92,26.32,24.88,26.05,24.97,1.08,4.3252,645122.15,1667128.741
600522.SH,20220819,25.87,25.87,24.58,24.76,26.05,-1.29,-4.952,730427.38,1831794.084
600522.SH,20220822,24.67,24.99,24.2,24.95,24.76,0.19,0.7674,410953.81,1014092.654
600522.SH,20220823,24.75,25.02,24.1,24.45,24.95,-0.5,-2.004,510363.7,1254085.989
600522.SH,20220824,24.4,24.69,23.69,23.86,24.45,-0.59,-2.4131,468696.03,1127579.979
600522.SH,20220825,23.86,24.14,23.05,23.35,23.86,-0.51,-2.1375,367632.81,860921.448
600522.SH,20220826,23.42,24.3,23.28,23.62,23.35,0.27,1.1563,409490.72,977203.727
600522.SH,20220829,23.18,24.27,23.0,23.92,23.62,0.3,1.2701,369769.69,881673.826
600522.SH,20220830,23.9,25.58,23.88,24.73,23.92,0.81,3.3863,785076.43,1950842.115
600522.SH,20220831,24.58,24.58,22.26,22.26,24.73,-2.47,-9.9879,1061116.15,2403135.764
600522.SH,20220901,22.07,23.76,22.07,23.4,22.26,1.14,5.1213,1001648.06,2331759.745
600522.SH,20220902,23.49,23.69,22.27,23.0,23.4,-0.4,-1.7094,502630.72,1158797.456
600522.SH,20220905,23.3,24.64,23.11,24.34,23.0,1.34,5.8261,571870.22,1377319.928
600522.SH,20220906,24.5,25.63,24.3,25.2,24.34,0.86,3.5333,695726.59,1742334.848
600522.SH,20220907,25.1,26.22,24.96,25.6,25.2,0.4,1.5873,574204.2,1474679.843
600522.SH,20220908,25.21,25.87,25.09,25.65,25.6,0.05,0.1953,344858.43,878228.878
600522.SH,20220909,25.4,25.5,24.58,24.85,25.65,-0.8,-3.1189,468934.68,1166803.9
600522.SH,20220913,24.9,25.1,24.16,24.68,24.85,-0.17,-0.6841,261030.13,640436.022
600522.SH,20220914,24.42,25.25,23.67,24.19,24.68,-0.49,-1.9854,411794.17,998682.969
600522.SH,20220915,24.36,24.39,22.65,23.13,24.19,-1.06,-4.382,600209.29,1388780.9
600522.SH,20220916,22.85,23.5,22.47,22.49,23.13,-0.64,-2.767,378681.2,866674.557
600522.SH,20220919,22.33,23.2,22.22,22.75,22.49,0.26,1.1561,362815.28,826021.916
600522.SH,20220920,23.06,23.97,23.03,23.53,22.75,0.78,3.4286,395952.2,931916.716
600522.SH,20220921,23.5,23.7,22.94,23.06,23.53,-0.47,-1.9975,291304.09,678572.832
600522.SH,20220922,22.9,23.76,22.32,23.2,23.06,0.14,0.6071,341396.6,794733.362
600522.SH,20220923,23.21,23.5,22.33,22.71,23.2,-0.49,-2.1121,316857.03,720144.055
600522.SH,20220926,22.43,23.86,22.41,23.4,22.71,0.69,3.0383,451768.4,1059615.616
600522.SH,20220927,23.89,25.3,23.89,24.54,23.4,1.14,4.8718,577483.36,1423771.758
600522.SH,20220928,24.74,24.74,23.09,23.2,24.54,-1.34,-5.4605,339569.69,803246.057
600522.SH,20220929,23.52,23.58,22.4,23.25,23.2,0.05,0.2155,350764.97,808663.945
600522.SH,20220930,23.17,23.54,22.46,22.47,23.25,-0.78,-3.3548,368449.96,839191.196
600522.SH,20221010,22.46,22.78,21.16,21.42,22.47,-1.05,-4.6729,484888.27,1051617.085
600522.SH,20221011,21.26,22.79,21.26,22.45,21.42,1.03,4.8086,476912.37,1066401.579
600522.SH,20221012,22.44,24.16,22.39,24.01,22.45,1.56,6.9488,556975.39,1298368.299
600522.SH,20221013,23.76,24.8,23.72,24.04,24.01,0.03,0.1249,508871.3,1237129.455
600522.SH,20221014,24.2,24.32,23.35,23.85,24.04,-0.19,-0.7903,603653.66,1439582.508
600522.SH,20221017,23.77,24.09,23.45,23.68,23.85,-0.17,-0.7128,338155.27,800368.985
600522.SH,20221018,23.75,24.97,23.6,24.65,23.68,0.97,4.0963,511590.15,1251241.637
600522.SH,20221019,24.55,24.76,23.58,23.68,24.65,-0.97,-3.9351,541094.04,1309458.07
600522.SH,20221020,23.68,23.68,22.5,22.82,23.68,-0.86,-3.6318,568601.07,1301150.267
600522.SH,20221021,23.61,25.0,23.56,24.79,22.82,1.97,8.6328,1044520.65,2560012.729
600522.SH,20221024,24.79,25.6,24.4,24.97,24.79,0.18,0.7261,806460.14,2014619.98
600522.SH,20221025,24.79,25.48,24.22,24.91,24.97,-0.06,-0.2403,587629.52,1462523.66
600522.SH,20221026,24.85,25.11,24.1,24.48,24.91,-0.43,-1.7262,618754.65,1520883.46
600522.SH,20221027,23.91,24.15,22.03,22.03,24.48,-2.45,-10.0082,1589355.41,3540459.74
600522.SH,20221028,21.1,22.65,21.1,22.1,22.03,0.07,0.3177,1231036.44,2723475.027
600522.SH,20221031,21.91,22.85,21.52,21.97,22.1,-0.13,-0.5882,886068.1,1973816.994
600522.SH,20221101,21.9,21.9,19.77,20.45,21.97,-1.52,-6.9185,1765106.56,3564017.286
600522.SH,20221102,20.2,20.3,19.1,19.96,20.45,-0.49,-2.3961,1675404.78,3305278.971
600522.SH,20221103,19.8,20.76,19.56,20.21,19.96,0.25,1.2525,1392121.65,2802194.275
600522.SH,20221104,20.0,21.41,19.91,20.93,20.21,0.72,3.5626,1128116.58,2341580.893
600522.SH,20221107,20.7,20.8,19.21,20.43,20.93,-0.5,-2.3889,1609524.12,3217691.494
600522.SH,20221108,20.43,21.39,20.3,21.32,20.43,0.89,4.3563,1143261.74,2402389.125
600522.SH,20221109,20.88,21.28,20.55,20.84,21.32,-0.48,-2.2514,663924.68,1387622.768
600522.SH,20221110,20.81,21.05,20.35,20.46,20.84,-0.38,-1.8234,592126.15,1220271.115
600522.SH,20221111,21.3,21.4,20.58,20.91,20.46,0.45,2.1994,732672.56,1536694.379
600522.SH,20221114,20.7,21.0,19.9,20.3,20.91,-0.61,-2.9173,638163.85,1297132.114
600522.SH,20221115,20.11,20.91,20.0,20.85,20.3,0.55,2.7094,570411.45,1178251.478
600522.SH,20221116,20.84,21.0,19.95,20.28,20.85,-0.57,-2.7338,699346.74,1417728.046
600522.SH,20221117,20.11,20.17,19.15,19.47,20.28,-0.81,-3.9941,1037383.64,2019394.919
600522.SH,20221118,19.48,19.55,18.5,18.79,19.47,-0.68,-3.4926,1187761.56,2242766.066
600522.SH,20221121,18.81,19.32,18.68,18.85,18.79,0.06,0.3193,715711.97,1357466.248
600522.SH,20221122,18.81,18.84,18.21,18.33,18.85,-0.52,-2.7586,781402.14,1438246.115
600522.SH,20221123,18.3,19.24,18.05,19.07,18.33,0.74,4.0371,939013.67,1756080.27
600522.SH,20221124,19.09,19.69,18.96,19.11,19.07,0.04,0.2098,658755.65,1274962.549
600522.SH,20221125,17.2,17.2,17.2,17.2,19.11,-1.91,-9.9948,181828.0,312744.16
600522.SH,20221128,15.52,16.25,15.48,16.16,17.2,-1.04,-6.0465,3750306.21,5910878.788
600522.SH,20221129,16.0,16.68,15.9,16.53,16.16,0.37,2.2896,1795853.29,2919258.424
600522.SH,20221130,16.38,16.85,16.36,16.69,16.53,0.16,0.9679,936913.22,1553949.552
600522.SH,20221201,16.88,17.53,16.6,16.71,16.69,0.02,0.1198,1175927.28,2001609.574
600522.SH,20221202,16.63,17.29,16.58,16.95,16.71,0.24,1.4363,818465.42,1394104.479
600522.SH,20221205,17.05,17.11,16.57,16.66,16.95,-0.29,-1.7109,670023.95,1116649.365
600522.SH,20221206,16.67,16.74,16.14,16.3,16.66,-0.36,-2.1609,982977.83,1603094.917
600522.SH,20221207,16.34,16.38,15.86,16.09,16.3,-0.21,-1.2883,827646.22,1331637.493
600522.SH,20221208,16.2,16.4,16.08,16.21,16.09,0.12,0.7458,652811.33,1060961.251
600522.SH,20221209,16.1,16.2,15.8,15.8,16.21,-0.41,-2.5293,924130.68,1474429.937
600522.SH,20221212,15.78,16.05,15.24,15.87,15.8,0.07,0.443,795574.44,1244556.431
600522.SH,20221213,15.84,15.88,15.34,15.4,15.87,-0.47,-2.9616,712903.11,1105672.751
600522.SH,20221214,15.44,15.54,15.0,15.14,15.4,-0.26,-1.6883,709638.3,1077688.384
600522.SH,20221215,15.14,15.38,15.03,15.35,15.14,0.21,1.3871,482921.38,735726.442
600522.SH,20221216,15.26,15.29,14.78,14.96,15.35,-0.39,-2.5407,669713.09,1001415.439
600522.SH,20221219,14.92,15.11,14.65,14.7,14.96,-0.26,-1.738,540166.58,801481.962
600522.SH,20221220,14.69,15.19,14.64,15.08,14.7,0.38,2.585,883530.05,1327706.721
600522.SH,20221221,15.16,15.25,14.64,14.86,15.08,-0.22,-1.4589,608280.62,903576.017
600522.SH,20221222,14.91,14.95,14.18,14.24,14.86,-0.62,-4.1723,927139.11,1335669.629
600522.SH,20221223,14.08,14.58,14.02,14.17,14.24,-0.07,-0.4916,639412.62,912980.702
600522.SH,20221226,14.17,15.1,14.12,15.04,14.17,0.87,6.1397,933323.09,1373979.502
600522.SH,20221227,15.04,15.54,14.87,15.44,15.04,0.4,2.6596,781692.16,1192438.965
600522.SH,20221228,15.33,16.2,15.1,15.87,15.44,0.43,2.785,1507098.35,2379986.717
600522.SH,20221229,15.8,16.35,15.78,15.87,15.87,0.0,0.0,851567.22,1366710.928
600522.SH,20221230,15.94,16.42,15.81,16.15,15.87,0.28,1.7643,799860.91,1291859.336
600522.SH,20230103,16.11,16.99,16.03,16.9,16.15,0.75,4.644,1174584.79,1959138.81
600522.SH,20230104,16.88,16.88,16.06,16.19,16.9,-0.71,-4.2012,966514.72,1583203.771
600522.SH,20230105,16.24,16.43,15.9,16.4,16.19,0.21,1.2971,1062052.84,1718301.809
600522.SH,20230106,16.19,16.72,16.1,16.48,16.4,0.08,0.4878,862543.32,1423811.877
600522.SH,20230109,16.49,17.0,16.18,16.89,16.48,0.41,2.4879,927114.15,1554712.131
600522.SH,20230110,16.98,17.5,16.8,16.82,16.89,-0.07,-0.4144,864659.25,1476190.514
600522.SH,20230111,16.99,17.0,16.28,16.39,16.82,-0.43,-2.5565,823865.69,1361213.004
600522.SH,20230112,16.42,17.05,16.36,16.69,16.39,0.3,1.8304,899342.07,1511693.37
600522.SH,20230113,16.91,16.91,16.2,16.46,16.69,-0.23,-1.3781,740638.73,1216767.758
600522.SH,20230116,16.52,16.7,16.25,16.42,16.46,-0.04,-0.243,651697.77,1072915.522
600522.SH,20230117,16.4,16.41,15.97,16.09,16.42,-0.33,-2.0097,850133.79,1369861.134
600522.SH,20230118,16.2,16.55,16.14,16.45,16.09,0.36,2.2374,781045.68,1279006.14
600522.SH,20230119,16.39,16.45,14.9,15.16,16.45,-1.29,-7.8419,2455366.58,3761025.147
600522.SH,20230120,15.18,15.62,15.18,15.46,15.16,0.3,1.9789,1073089.89,1654423.01
600522.SH,20230130,15.73,15.89,15.51,15.63,15.46,0.17,1.0996,976178.66,1531818.254
600522.SH,20230131,15.89,16.66,15.8,16.35,15.63,0.72,4.6065,1363462.88,2220117.704
600522.SH,20230201,16.49,16.59,16.23,16.56,16.35,0.21,1.2844,1033223.65,1699048.358
600522.SH,20230202,16.6,16.71,15.97,16.04,16.56,-0.52,-3.1401,1680307.75,2722750.419
600522.SH,20230203,15.83,15.85,15.01,15.36,16.04,-0.68,-4.2394,2052158.25,3137224.232
600522.SH,20230206,15.18,15.33,15.03,15.27,15.36,-0.09,-0.5859,863244.67,1309952.362
600522.SH,20230207,15.27,15.32,15.03,15.19,15.27,-0.08,-0.5239,780601.97,1184207.4
600522.SH,20230208,15.2,15.32,15.17,15.2,15.19,0.01,0.0658,681836.9,1038653.487
600522.SH,20230209,15.18,15.86,15.03,15.83,15.2,0.63,4.1447,1425367.97,2218204.145
600522.SH,20230210,15.81,15.95,15.6,15.68,15.83,-0.15,-0.9476,789299.06,1241862.249
600522.SH,20230213,15.52,15.73,15.48,15.61,15.68,-0.07,-0.4464,720175.72,1122221.662
600522.SH,20230214,15.61,15.84,15.58,15.75,15.61,0.14,0.8969,659120.3,1034628.052
600522.SH,20230215,15.8,16.07,15.76,15.9,15.75,0.15,0.9524,1071751.32,1707095.795
600522.SH,20230216,15.95,15.95,15.31,15.49,15.9,-0.41,-2.5786,947000.04,1479987.704
600522.SH,20230217,15.4,15.49,15.12,15.16,15.49,-0.33,-2.1304,668866.96,1019560.105
600522.SH,20230220,15.17,15.39,15.11,15.39,15.16,0.23,1.5172,561452.18,856268.068
600522.SH,20230221,15.36,15.59,15.24,15.49,15.39,0.1,0.6498,681396.77,1051235.276
600522.SH,20230222,15.38,15.5,15.27,15.31,15.49,-0.18,-1.162,484588.22,743933.54
600522.SH,20230223,15.29,15.8,15.25,15.79,15.31,0.48,3.1352,1205359.23,1880399.887
600522.SH,20230224,15.7,15.88,15.55,15.75,15.79,-0.04,-0.2533,819248.06,1286961.146
600522.SH,20230227,15.65,16.3,15.56,16.18,15.75,0.43,2.7302,1314861.7,2116459.247
600522.SH,20230228,16.25,16.3,15.8,16.06,16.18,-0.12,-0.7417,1116508.11,1788100.517
600522.SH,20230301,15.98,16.15,15.91,16.06,16.06,0.0,0.0,771008.34,1237488.127
600522.SH,20230302,16.09,16.48,15.98,16.29,16.06,0.23,1.4321,1332779.74,2173930.652
600522.SH,20230303,16.42,16.46,15.9,16.04,16.29,-0.25,-1.5347,979715.7,1577080.771
600522.SH,20230306,16.04,16.27,15.91,16.17,16.04,0.13,0.8105,743978.04,1198281.266
600522.SH,20230307,16.1,16.11,15.43,15.53,16.17,-0.64,-3.9579,995303.49,1571073.111
600522.SH,20230308,15.49,15.68,15.47,15.64,15.53,0.11,0.7083,486054.5,757056.266
600522.SH,20230309,15.93,15.99,15.61,15.66,15.64,0.02,0.1279,527658.91,832271.438
600522.SH,20230310,15.5,15.5,15.08,15.16,15.66,-0.5,-3.1928,879920.82,1340001.318
600522.SH,20230313,15.27,15.45,15.12,15.25,15.16,0.09,0.5937,570813.98,871944.83
600522.SH,20230314,15.25,15.36,15.0,15.22,15.25,-0.03,-0.1967,576464.43,875402.531
600522.SH,20230315,15.31,15.96,15.31,15.78,15.22,0.56,3.6794,1055593.99,1651129.027
600522.SH,20230316,15.61,15.87,15.25,15.33,15.78,-0.45,-2.8517,709565.02,1102069.116
600522.SH,20230317,15.45,15.53,15.22,15.27,15.33,-0.06,-0.3914,685682.43,1051408.275
600522.SH,20230320,16.08,16.8,16.0,16.8,15.27,1.53,10.0196,2854738.87,4721906.913
600522.SH,20230321,17.0,17.46,16.59,17.33,16.8,0.53,3.1548,3317211.35,5626510.864
600522.SH,20230322,17.07,17.15,16.81,16.97,17.33,-0.36,-2.0773,1897880.24,3221543.002
600522.SH,20230323,16.9,17.75,16.88,17.44,16.97,0.47,2.7696,2393152.18,4156134.909
600522.SH,20230324,17.53,18.87,17.26,18.08,17.44,0.64,3.6697,2902536.84,5177287.916
600522.SH,20230327,18.12,18.94,17.93,18.73,18.08,0.65,3.5951,2779437.39,5154382.826
600522.SH,20230328,18.54,18.54,17.31,17.38,18.73,-1.35,-7.2077,2655097.47,4738545.668
600522.SH,20230329,17.31,17.58,16.82,17.12,17.38,-0.26,-1.496,1834892.35,3155298.308
600522.SH,20230330,16.93,17.28,16.91,17.07,17.12,-0.05,-0.2921,1118615.98,1908961.707
600522.SH,20230331,16.99,17.18,16.81,17.09,17.07,0.02,0.1172,959397.62,1631246.45
600522.SH,20230403,17.16,17.88,17.15,17.66,17.09,0.57,3.3353,1709746.21,3004692.018
600522.SH,20230404,17.71,17.77,17.2,17.32,17.66,-0.34,-1.9253,1503140.6,2621556.721
600522.SH,20230406,17.2,18.0,16.74,18.0,17.32,0.68,3.9261,2036725.43,3568230.393
600522.SH,20230407,18.28,18.49,17.7,17.85,18.0,-0.15,-0.8333,1665255.52,2994000.528
600522.SH,20230410,17.65,17.69,17.0,17.12,17.85,-0.73,-4.0896,1511325.96,2617136.274
600522.SH,20230411,17.41,17.55,17.05,17.38,17.12,0.26,1.5187,1117940.87,1931292.563
600522.SH,20230412,17.25,17.57,17.12,17.34,17.38,-0.04,-0.2301,1090241.63,1889471.679
600522.SH,20230413,17.31,17.31,16.31,16.42,17.34,-0.92,-5.3057,1990843.02,3317063.328
600522.SH,20230414,16.38,16.52,16.05,16.24,16.42,-0.18,-1.0962,1100454.92,1787756.258
600522.SH,20230417,16.24,16.28,16.02,16.1,16.24,-0.14,-0.8621,825662.33,1329802.936
600522.SH,20230418,16.12,16.55,16.1,16.44,16.1,0.34,2.1118,1033884.67,1689938.313
600522.SH,20230419,16.32,16.33,16.05,16.08,16.44,-0.36,-2.1898,950949.63,1539209.31
600522.SH,20230420,16.15,16.34,16.1,16.2,16.08,0.12,0.7463,767101.14,1241927.36
600522.SH,20230421,16.28,16.28,15.35,15.42,16.2,-0.78,-4.8148,1369883.03,2146486.909
600522.SH,20230424,15.39,15.85,15.26,15.6,15.42,0.18,1.1673,793032.84,1240142.548
600522.SH,20230425,15.53,15.57,15.05,15.27,15.6,-0.33,-2.1154,799952.73,1216172.354
600522.SH,20230426,14.7,15.23,14.22,14.94,15.27,-0.33,-2.1611,988274.43,1472353.841
600522.SH,20230427,14.8,14.95,14.58,14.59,14.94,-0.35,-2.3427,643397.24,947483.954
600522.SH,20230428,14.65,14.82,14.52,14.59,14.59,0.0,0.0,795814.16,1164553.243
600522.SH,20230504,14.55,14.78,14.5,14.59,14.59,0.0,0.0,606822.36,888271.71
600522.SH,20230505,14.59,14.61,14.06,14.1,14.59,-0.49,-3.3585,769625.32,1093599.037
600522.SH,20230508,14.1,14.39,14.08,14.1,14.1,0.0,0.0,978269.29,1385058.095
600522.SH,20230509,14.13,14.13,13.54,13.56,14.1,-0.54,-3.8298,1139279.85,1567687.032
600522.SH,20230510,13.56,14.31,13.39,14.3,13.56,0.74,5.4572,1540214.5,2154428.035
600522.SH,20230511,14.36,15.12,14.25,14.94,14.3,0.64,4.4755,1638243.1,2426411.432
600522.SH,20230512,14.8,14.88,14.54,14.69,14.94,-0.25,-1.6734,759766.71,1116511.975
600522.SH,20230515,15.11,15.79,15.11,15.34,14.69,0.65,4.4248,1465292.86,2262284.532
600522.SH,20230516,15.3,16.15,15.23,15.98,15.34,0.64,4.1721,1769876.27,2805594.223
600522.SH,20230517,15.73,15.96,15.57,15.87,15.98,-0.11,-0.6884,911413.9,1436968.929
600522.SH,20230518,15.79,16.07,15.72,15.89,15.87,0.02,0.126,815679.57,1296143.07
600522.SH,20230519,15.81,16.19,15.51,16.04,15.89,0.15,0.944,1017272.56,1619759.688
600522.SH,20230522,16.06,16.32,15.73,15.8,16.04,-0.24,-1.4963,829003.89,1326789.52
600522.SH,20230523,15.86,15.89,15.5,15.51,15.8,-0.29,-1.8354,606176.53,948948.308
600522.SH,20230524,15.5,15.67,15.4,15.43,15.51,-0.08,-0.5158,454692.09,706722.089
600522.SH,20230525,15.3,15.58,15.2,15.53,15.43,0.1,0.6481,564504.77,869325.477
600522.SH,20230526,15.48,15.52,15.01,15.13,15.53,-0.4,-2.5757,609199.74,924447.661
600522.SH,20230529,15.18,15.25,14.75,14.77,15.13,-0.36,-2.3794,668382.8,992226.374
600522.SH,20230530,14.72,14.76,14.12,14.53,14.77,-0.24,-1.6249,937654.43,1350303.259
600522.SH,20230531,14.59,14.62,14.35,14.54,14.53,0.01,0.0688,454449.6,658897.539
600522.SH,20230601,14.63,15.03,14.56,14.83,14.54,0.29,1.9945,767920.63,1142021.896
600522.SH,20230602,14.78,16.2,14.72,15.7,14.83,0.87,5.8665,1487568.56,2333845.384
600522.SH,20230605,15.5,15.7,15.43,15.6,15.7,-0.1,-0.6369,601151.01,934850.566
600522.SH,20230606,15.6,15.68,15.14,15.22,15.6,-0.38,-2.4359,652231.85,1004706.407
600522.SH,20230607,15.31,15.38,14.61,14.75,15.22,-0.47,-3.088,837985.08,1243769.628
600522.SH,20230608,14.73,14.76,14.41,14.49,14.75,-0.26,-1.7627,534407.27,776274.006
600522.SH,20230609,14.49,15.64,14.29,15.48,14.49,0.99,6.8323,1546258.54,2327503.663
600522.SH,20230612,15.15,15.19,14.67,15.03,15.48,-0.45,-2.907,977179.21,1462139.564
600522.SH,20230613,14.97,15.53,14.92,15.41,15.03,0.38,2.5283,938730.07,1435442.844
600522.SH,20230614,15.36,16.1,15.3,15.9,15.41,0.49,3.1798,1417118.99,2237234.685
600522.SH,20230615,15.89,16.35,15.83,16.0,15.9,0.1,0.6289,1568884.35,2529426.575
600522.SH,20230616,15.88,16.27,15.73,16.08,16.0,0.08,0.5,1174408.98,1880214.854
600522.SH,20230619,16.08,16.71,15.9,16.57,16.08,0.49,3.0473,1526934.25,2487761.98
600522.SH,20230620,16.48,16.48,16.11,16.22,16.57,-0.35,-2.1123,1113536.52,1811119.948
600522.SH,20230621,16.02,16.07,15.7,15.8,16.22,-0.42,-2.5894,702096.86,1115133.754
600522.SH,20230626,15.48,16.36,15.4,16.01,15.8,0.21,1.3291,954225.08,1522682.428
600522.SH,20230627,16.05,16.28,15.86,16.15,16.01,0.14,0.8745,508211.76,817621.433
600522.SH,20230628,16.23,16.25,15.75,16.0,16.15,-0.15,-0.9288,532830.84,850207.846
600522.SH,20230629,16.0,16.1,15.77,15.81,16.0,-0.19,-1.1875,424000.63,672111.301
600522.SH,20230630,15.75,16.14,15.7,15.91,15.81,0.1,0.6325,548777.73,874853.337
600522.SH,20230703,15.91,16.57,15.78,16.44,15.91,0.53,3.3312,1115410.49,1818543.75
600522.SH,20230704,16.54,16.66,16.2,16.32,16.44,-0.12,-0.7299,712326.64,1168535.039
600522.SH,20230705,16.22,16.29,15.93,15.95,16.32,-0.37,-2.2672,523598.78,844243.588
600522.SH,20230706,15.9,16.17,15.9,16.03,15.95,0.08,0.5016,357690.99,572765.782
600522.SH,20230707,15.91,15.93,15.61,15.62,16.03,-0.41,-2.5577,438458.25,689596.234
600522.SH,20230710,15.65,15.88,15.24,15.3,15.62,-0.32,-2.0487,540778.26,838955.125
600522.SH,20230711,15.31,15.76,15.27,15.67,15.3,0.37,2.4183,450422.69,700243.462
600522.SH,20230712,15.61,15.68,15.28,15.33,15.67,-0.34,-2.1698,412213.96,635050.767
600522.SH,20230713,15.44,15.49,15.28,15.38,15.33,0.05,0.3262,346544.72,532594.37
600522.SH,20230714,15.45,16.08,15.45,15.87,15.38,0.49,3.186,990156.94,1570433.827
600522.SH,20230717,15.75,16.04,15.62,16.03,15.87,0.16,1.0082,509383.04,809038.903
600522.SH,20230718,16.02,16.02,15.67,15.72,16.03,-0.31,-1.9339,445107.25,702715.666
600522.SH,20230719,15.72,15.79,15.5,15.56,15.72,-0.16,-1.0178,291433.58,454517.18
600522.SH,20230720,15.62,15.68,15.47,15.5,15.56,-0.06,-0.3856,237256.59,369093.691
600522.SH,20230721,15.6,15.78,15.5,15.64,15.5,0.14,0.9032,234213.51,366662.976
600522.SH,20230724,15.6,15.79,15.48,15.54,15.64,-0.1,-0.6394,197349.87,308533.681
600522.SH,20230725,15.65,15.77,15.6,15.7,15.54,0.16,1.0296,304458.48,477625.057
600522.SH,20230726,15.71,16.09,15.65,15.96,15.7,0.26,1.6561,565818.05,900239.278
600522.SH,20230727,15.9,15.99,15.65,15.75,15.96,-0.21,-1.3158,336556.29,531691.008
600522.SH,20230728,15.74,15.81,15.52,15.74,15.75,-0.01,-0.0635,286721.81,449641.842
600522.SH,20230731,15.81,15.87,15.66,15.74,15.74,0.0,0.0,364984.8,575094.828
600522.SH,20230801,15.75,15.95,15.48,15.89,15.74,0.15,0.953,565507.14,889025.564
600522.SH,20230802,16.3,16.67,15.87,15.89,15.89,0.0,0.0,1351793.37,2190465.335
600522.SH,20230803,15.53,15.56,15.21,15.46,15.89,-0.43,-2.7061,730866.28,1127820.346
600522.SH,20230804,15.31,15.57,15.31,15.41,15.36,0.05,0.3255,476920.72,735377.914
600522.SH,20230807,15.44,15.54,15.3,15.41,15.41,0.0,0.0,356283.08,548562.438
600522.SH,20230808,15.31,15.35,14.8,14.98,15.41,-0.43,-2.7904,646338.54,968933.598
600522.SH,20230809,14.89,14.95,14.62,14.69,14.98,-0.29,-1.9359,409598.54,604494.126
600522.SH,20230810,14.65,14.79,14.6,14.77,14.69,0.08,0.5446,216457.5,318890.904
600522.SH,20230811,14.8,14.87,14.65,14.67,14.77,-0.1,-0.677,242035.26,356400.402
600522.SH,20230814,14.49,14.65,14.4,14.62,14.67,-0.05,-0.3408,240290.81,349014.687
600522.SH,20230815,14.62,14.73,14.32,14.44,14.62,-0.18,-1.2312,276903.14,402319.487
600522.SH,20230816,14.45,14.5,14.23,14.36,14.44,-0.08,-0.554,276080.36,396216.749
600522.SH,20230817,14.36,14.55,14.32,14.53,14.36,0.17,1.1838,280384.33,405894.549
600522.SH,20230818,14.55,14.6,14.31,14.31,14.53,-0.22,-1.5141,231517.0,335153.275
600522.SH,20230821,14.36,14.42,14.17,14.17,14.31,-0.14,-0.9783,208532.23,298178.884
600522.SH,20230822,14.26,14.3,13.7,14.11,14.17,-0.06,-0.4234,425182.21,594853.715
600522.SH,20230823,14.05,14.07,13.77,13.78,14.11,-0.33,-2.3388,275615.99,383479.474
600522.SH,20230824,13.79,14.04,13.74,13.87,13.78,0.09,0.6531,243707.48,338715.016
600522.SH,20230825,13.79,13.8,13.42,13.53,13.87,-0.34,-2.4513,278371.52,378011.521
600522.SH,20230828,14.2,14.28,13.67,13.71,13.53,0.18,1.3304,379682.74,528465.511
600522.SH,20230829,13.72,14.07,13.62,14.0,13.71,0.29,2.1152,331154.18,460907.691
600522.SH,20230830,14.31,14.78,14.31,14.54,14.0,0.54,3.8571,841388.74,1225347.69
600522.SH,20230831,14.55,14.76,14.41,14.57,14.54,0.03,0.2063,415292.09,607979.594
600522.SH,20230901,14.56,14.65,14.49,14.55,14.57,-0.02,-0.1373,190802.1,277836.331
600522.SH,20230904,14.58,14.81,14.57,14.79,14.55,0.24,1.6495,322884.3,474622.101
600522.SH,20230905,14.8,14.92,14.65,14.68,14.79,-0.11,-0.7437,228854.2,337369.932
600522.SH,20230906,14.58,14.61,14.46,14.58,14.68,-0.1,-0.6812,258749.87,376331.385
600522.SH,20230907,14.58,14.61,14.35,14.35,14.58,-0.23,-1.5775,219162.15,316718.734
600522.SH,20230908,14.29,14.39,14.15,14.31,14.35,-0.04,-0.2787,216006.32,307792.442
600522.SH,20230911,14.35,14.6,14.3,14.46,14.31,0.15,1.0482,246432.5,356119.798
600522.SH,20230912,14.46,14.54,14.33,14.39,14.46,-0.07,-0.4841,221960.65,319322.751
600522.SH,20230913,14.37,14.39,14.11,14.17,14.39,-0.22,-1.5288,221544.52,314862.782
600522.SH,20230914,14.15,14.34,14.04,14.08,14.17,-0.09,-0.6351,220267.62,312159.015
600522.SH,20230915,14.11,14.17,13.88,13.93,14.08,-0.15,-1.0653,275346.77,385551.951
600522.SH,20230918,13.8,14.05,13.75,13.95,13.93,0.02,0.1436,186311.12,259549.355
600522.SH,20230919,13.9,13.96,13.75,13.81,13.95,-0.14,-1.0036,179988.32,248589.784
600522.SH,20230920,13.78,13.88,13.74,13.75,13.81,-0.06,-0.4345,142034.75,196068.954
600522.SH,20230921,13.76,13.89,13.62,13.64,13.75,-0.11,-0.8,210390.84,288964.243
600522.SH,20230922,13.76,14.0,13.6,14.0,13.64,0.36,2.6393,345500.58,478424.358
600522.SH,20230925,13.95,13.99,13.8,13.82,14.0,-0.18,-1.2857,242442.85,335850.683
600522.SH,20230926,13.88,14.2,13.82,13.95,13.82,0.13,0.9407,386612.56,542215.203
600522.SH,20230927,13.9,14.71,13.89,14.6,13.95,0.65,4.6595,1040630.77,1508866.569
600522.SH,20230928,14.57,15.07,14.54,14.85,14.6,0.25,1.7123,883523.53,1318218.8
600522.SH,20231009,14.8,15.12,14.67,14.89,14.85,0.04,0.2694,425799.25,634653.545
600522.SH,20231010,14.85,14.94,14.54,14.57,14.89,-0.32,-2.1491,489879.84,719345.937
600522.SH,20231011,14.72,14.83,14.5,14.55,14.57,-0.02,-0.1373,379113.19,556897.469
600522.SH,20231012,14.7,15.44,14.58,15.19,14.55,0.64,4.3986,1024127.5,1548443.312
600522.SH,20231013,15.15,15.21,14.97,15.17,15.19,-0.02,-0.1317,504585.88,761718.728
600522.SH,20231016,15.2,15.23,14.77,14.9,15.17,-0.27,-1.7798,336817.98,502400.136
600522.SH,20231017,14.92,15.25,14.92,15.13,14.9,0.23,1.5436,462748.34,700403.489
600522.SH,20231018,15.05,15.06,14.75,14.85,15.13,-0.28,-1.8506,273920.5,406649.116
600522.SH,20231019,14.71,14.86,14.63,14.64,14.85,-0.21,-1.4141,292534.42,431053.958
600522.SH,20231020,14.49,14.98,14.49,14.67,14.64,0.03,0.2049,437131.7,646992.779
600522.SH,20231023,14.54,14.75,14.06,14.22,14.67,-0.45,-3.0675,391007.49,559589.888
600522.SH,20231024,14.22,14.4,14.03,14.35,14.22,0.13,0.9142,360030.28,512924.576
600522.SH,20231025,14.47,14.73,14.18,14.28,14.35,-0.07,-0.4878,340857.71,490750.518
600522.SH,20231026,14.18,14.43,13.99,14.36,14.28,0.08,0.5602,381981.2,542965.727
600522.SH,20231027,14.3,14.82,14.12,14.65,14.36,0.29,2.0195,454243.94,662870.734
600522.SH,20231030,14.63,14.82,14.41,14.64,14.65,-0.01,-0.0683,470604.05,688676.551
600522.SH,20231031,14.5,14.56,13.61,13.99,14.64,-0.65,-4.4399,1022300.6,1433131.237
600522.SH,20231101,14.06,14.44,13.89,14.17,13.99,0.18,1.2866,579324.05,821402.972
600522.SH,20231102,14.19,14.22,13.81,13.83,14.17,-0.34,-2.3994,487765.48,679392.911
600522.SH,20231103,13.84,14.1,13.84,13.99,13.83,0.16,1.1569,385182.4,539543.75
600522.SH,20231106,14.13,14.68,14.08,14.55,13.99,0.56,4.0029,669873.27,970971.798
600522.SH,20231107,14.49,14.59,14.36,14.53,14.55,-0.02,-0.1375,321377.94,464920.066
600522.SH,20231108,14.5,14.58,14.32,14.4,14.53,-0.13,-0.8947,335890.57,485151.958
600522.SH,20231109,14.36,14.68,14.35,14.61,14.4,0.21,1.4583,441548.67,642546.716
600522.SH,20231110,14.55,14.59,14.4,14.42,14.61,-0.19,-1.3005,290083.19,419162.476
600522.SH,20231113,14.43,14.5,14.1,14.18,14.42,-0.24,-1.6644,526555.58,748378.789
600522.SH,20231114,14.19,14.29,14.14,14.2,14.18,0.02,0.141,318959.28,452685.057
600522.SH,20231115,14.46,14.59,14.35,14.49,14.2,0.29,2.0423,720907.15,1044007.037
600522.SH,20231116,14.49,14.49,14.26,14.26,14.49,-0.23,-1.5873,354258.19,507789.348
600522.SH,20231117,14.2,14.29,14.15,14.22,14.26,-0.04,-0.2805,266260.99,378263.979
600522.SH,20231120,14.21,14.24,14.08,14.24,14.22,0.02,0.1406,283627.62,401694.218
600522.SH,20231121,14.28,14.32,14.03,14.06,14.24,-0.18,-1.264,385212.35,545601.294
600522.SH,20231122,14.0,14.03,13.75,13.76,14.06,-0.3,-2.1337,540490.43,748139.496
600522.SH,20231123,13.76,13.88,13.66,13.88,13.76,0.12,0.8721,311657.47,429533.766
600522.SH,20231124,13.88,13.88,13.66,13.7,13.88,-0.18,-1.2968,282405.74,387450.469
600522.SH,20231127,13.66,13.67,13.43,13.57,13.7,-0.13,-0.9489,387504.08,523630.95
600522.SH,20231128,13.54,13.6,13.37,13.49,13.57,-0.08,-0.5895,341839.98,460356.349
600522.SH,20231129,13.46,13.47,13.13,13.16,13.49,-0.33,-2.4463,572346.3,755998.462
600522.SH,20231130,13.13,13.2,12.87,12.98,13.16,-0.18,-1.3678,372942.23,485132.138
600522.SH,20231201,12.98,13.04,12.72,12.89,12.98,-0.09,-0.6934,459798.77,590808.654
600522.SH,20231204,12.9,13.27,12.9,13.17,12.89,0.28,2.1722,491320.17,645284.682
600522.SH,20231205,13.16,13.29,12.99,13.0,13.17,-0.17,-1.2908,354641.05,466482.015
600522.SH,20231206,13.0,13.15,12.89,13.05,13.0,0.05,0.3846,308297.48,402373.785
600522.SH,20231207,13.06,13.09,12.74,12.78,13.05,-0.27,-2.069,366380.91,469916.968
600522.SH,20231208,12.79,12.92,12.76,12.82,12.78,0.04,0.313,315179.42,404444.773
600522.SH,20231211,12.82,12.89,12.6,12.89,12.82,0.07,0.546,318393.73,405526.154
600522.SH,20231212,12.85,13.02,12.82,12.91,12.89,0.02,0.1552,229682.28,296886.299
600522.SH,20231213,12.9,12.93,12.46,12.48,12.91,-0.43,-3.3308,438907.4,554874.579
600522.SH,20231214,12.57,12.65,12.48,12.52,12.48,0.04,0.3205,253843.32,318900.395
600522.SH,20231215,12.56,12.6,12.22,12.26,12.52,-0.26,-2.0767,394231.04,487391.973
600522.SH,20231218,12.18,12.25,11.79,11.85,12.26,-0.41,-3.3442,550005.37,658980.544
600522.SH,20231219,11.85,11.86,11.55,11.66,11.85,-0.19,-1.6034,544645.88,636013.185
600522.SH,20231220,11.73,11.75,11.5,11.51,11.66,-0.15,-1.2864,414462.61,480570.055
600522.SH,20231221,11.47,11.72,11.33,11.68,11.51,0.17,1.477,524240.17,605145.107
600522.SH,20231222,11.65,11.81,11.56,11.67,11.68,-0.01,-0.0856,412811.69,482087.02
600522.SH,20231225,11.64,11.76,11.63,11.74,11.67,0.07,0.5998,227260.89,266135.146
600522.SH,20231226,11.75,11.77,11.46,11.52,11.74,-0.22,-1.8739,262766.9,303716.984
600522.SH,20231227,11.57,11.64,11.43,11.64,11.52,0.12,1.0417,228139.65,263611.092
600522.SH,20231228,11.64,12.55,11.58,12.4,11.64,0.76,6.5292,919987.68,1120172.698
600522.SH,20231229,12.36,12.69,12.31,12.49,12.4,0.09,0.7258,578996.38,723568.827
600522.SH,20240102,12.51,12.61,12.39,12.4,12.49,-0.09,-0.7206,322385.16,401725.385
600522.SH,20240103,12.37,12.51,12.15,12.3,12.4,-0.1,-0.8065,333977.44,411139.419
600522.SH,20240104,12.29,12.29,12.03,12.11,12.3,-0.19,-1.5447,247761.17,300169.387
600522.SH,20240105,12.11,12.16,11.69,11.73,12.11,-0.38,-3.1379,424510.3,503787.154
600522.SH,20240108,11.72,11.87,11.52,11.53,11.73,-0.2,-1.705,301889.55,352702.491
600522.SH,20240109,11.6,11.69,11.35,11.45,11.53,-0.08,-0.6938,382504.74,439362.918
600522.SH,20240110,11.4,11.52,11.13,11.25,11.45,-0.2,-1.7467,389150.31,439504.347
600522.SH,20240111,11.24,11.71,11.2,11.64,11.25,0.39,3.4667,441845.0,508699.301
600522.SH,20240112,11.59,11.73,11.52,11.57,11.64,-0.07,-0.6014,290948.38,338229.216
600522.SH,20240115,11.53,11.56,11.37,11.4,11.57,-0.17,-1.4693,265908.06,304355.791
600522.SH,20240116,12.0,12.26,11.8,12.1,11.4,0.7,6.1404,1276091.31,1532966.972
600522.SH,20240117,12.0,12.1,11.68,11.68,12.1,-0.42,-3.4711,512436.25,609544.8
600522.SH,20240118,11.64,12.18,11.56,12.15,11.68,0.47,4.024,782986.98,927977.617
600522.SH,20240119,12.1,12.4,12.0,12.01,12.15,-0.14,-1.1523,543205.79,661904.27
600522.SH,20240122,12.01,12.01,11.38,11.48,12.01,-0.53,-4.413,440065.69,516528.027
600522.SH,20240123,11.48,12.2,11.43,12.13,11.48,0.65,5.662,642230.83,768621.593
600522.SH,20240124,12.19,12.32,11.87,12.26,12.13,0.13,1.0717,611835.89,740620.522
600522.SH,20240125,12.23,12.45,12.07,12.4,12.26,0.14,1.1419,575360.45,708811.672
600522.SH,20240126,12.41,12.45,12.17,12.19,12.4,-0.21,-1.6935,397117.25,488520.513
600522.SH,20240129,12.19,12.26,11.94,12.05,12.19,-0.14,-1.1485,325115.1,392345.695
600522.SH,20240130,12.0,12.03,11.7,11.74,12.05,-0.31,-2.5726,261218.67,310495.975
600522.SH,20240131,11.7,11.94,11.49,11.56,11.74,-0.18,-1.5332,357301.76,419510.152
600522.SH,20240201,11.54,11.8,11.33,11.57,11.56,0.01,0.0865,297251.82,343934.734
600522.SH,20240202,11.6,11.85,11.0,11.34,11.57,-0.23,-1.9879,506513.29,583339.027
600522.SH,20240205,11.28,11.39,10.53,10.69,11.34,-0.65,-5.7319,578938.67,631255.818
600522.SH,20240206,10.66,11.59,10.42,11.53,10.69,0.84,7.8578,591634.9,659938.519
600522.SH,20240207,11.53,11.95,11.5,11.73,11.53,0.2,1.7346,502793.28,591524.172
600522.SH,20240208,11.78,12.07,11.78,12.04,11.73,0.31,2.6428,502892.19,602680.744
600522.SH,20240219,12.14,12.38,12.13,12.28,12.04,0.24,1.9934,485739.5,593632.302
600522.SH,20240220,12.19,12.38,12.03,12.27,12.28,-0.01,-0.0814,389923.9,474299.077
600522.SH,20240221,12.15,12.67,12.1,12.38,12.27,0.11,0.8965,620119.66,773003.551
600522.SH,20240222,12.34,12.55,12.29,12.4,12.38,0.02,0.1616,419112.24,519309.99
600522.SH,20240223,12.42,12.52,12.36,12.42,12.4,0.02,0.1613,368303.64,457219.333
600522.SH,20240226,12.38,12.48,12.27,12.37,12.42,-0.05,-0.4026,417899.73,517482.756
600522.SH,20240227,12.37,13.06,12.31,13.06,12.37,0.69,5.578,849434.08,1087149.083
600522.SH,20240228,13.2,13.25,12.56,12.57,13.06,-0.49,-3.7519,867785.72,1121830.685
600522.SH,20240229,12.51,13.1,12.48,13.09,12.57,0.52,4.1368,683577.95,883676.259
600522.SH,20240301,13.22,13.45,12.9,13.38,13.09,0.29,2.2154,860927.28,1139734.468
600522.SH,20240304,13.37,13.53,13.24,13.42,13.38,0.04,0.299,702998.55,941911.721
600522.SH,20240305,13.3,13.38,13.1,13.16,13.42,-0.26,-1.9374,555969.12,734205.159
600522.SH,20240306,13.12,14.07,13.08,13.91,13.16,0.75,5.6991,1313882.87,1800500.065
600522.SH,20240307,13.78,13.86,13.43,13.48,13.91,-0.43,-3.0913,712374.66,969631.216
600522.SH,20240308,13.48,13.93,13.46,13.9,13.48,0.42,3.1157,779948.86,1076560.554
600522.SH,20240311,14.0,14.35,13.77,14.31,13.9,0.41,2.9496,981014.18,1382159.666
600522.SH,20240312,14.43,14.83,14.32,14.47,14.31,0.16,1.1181,1037502.66,1511232.88
600522.SH,20240313,14.61,15.39,14.53,15.02,14.47,0.55,3.801,1524023.99,2292786.25
600522.SH,20240314,14.95,15.17,14.77,15.09,15.02,0.07,0.466,833739.81,1247906.074
600522.SH,20240315,15.01,15.24,14.61,14.79,15.09,-0.3,-1.9881,916170.87,1356941.2
600522.SH,20240318,14.85,14.93,14.69,14.89,14.79,0.1,0.6761,622333.36,921925.492
600522.SH,20240319,14.89,14.89,14.68,14.69,14.89,-0.2,-1.3432,483208.35,713158.013
600522.SH,20240320,14.71,14.83,14.54,14.58,14.69,-0.11,-0.7488,439708.91,643386.87
600522.SH,20240321,14.55,14.95,14.55,14.85,14.58,0.27,1.8519,633150.88,939820.49
600522.SH,20240322,14.8,14.94,14.55,14.75,14.85,-0.1,-0.6734,461603.23,680113.34
600522.SH,20240325,14.69,15.01,14.52,14.52,14.75,-0.23,-1.5593,378423.31,558585.591
600522.SH,20240326,14.3,14.45,14.13,14.33,14.52,-0.19,-1.3085,569056.98,812998.97
600522.SH,20240327,14.43,14.45,13.71,13.72,14.33,-0.61,-4.2568,467625.88,652940.046
600522.SH,20240328,13.73,14.2,13.72,14.06,13.72,0.34,2.4781,398586.39,558177.756
600522.SH,20240329,14.05,14.11,13.75,14.03,14.06,-0.03,-0.2134,311005.6,431897.826
600522.SH,20240401,14.15,14.33,13.96,14.1,14.03,0.07,0.4989,377316.87,532580.791
600522.SH,20240402,14.1,14.22,13.63,13.73,14.1,-0.37,-2.6241,532380.79,735317.891
600522.SH,20240403,13.78,13.78,13.27,13.32,13.73,-0.41,-2.9862,566782.83,758747.69
600522.SH,20240408,13.23,13.55,13.09,13.31,13.32,-0.01,-0.0751,409624.73,547864.557
600522.SH,20240409,13.22,13.5,13.22,13.43,13.31,0.12,0.9016,251662.1,337052.937
600522.SH,20240410,13.4,13.4,12.77,12.9,13.43,-0.53,-3.9464,546908.95,709006.893
600522.SH,20240411,12.9,13.14,12.81,13.04,12.9,0.14,1.0853,369354.72,479838.812
600522.SH,20240412,13.09,13.57,13.08,13.34,13.04,0.3,2.3006,552324.4,736524.396
600522.SH,20240415,13.34,13.58,13.2,13.49,13.34,0.15,1.1244,522538.22,701785.228
600522.SH,20240416,13.4,13.65,13.0,13.05,13.49,-0.44,-3.2617,808078.03,1070527.207
600522.SH,20240417,13.18,13.47,12.93,13.38,13.05,0.33,2.5287,688746.03,914061.555
600522.SH,20240418,13.35,13.38,13.06,13.07,13.38,-0.31,-2.3169,764024.18,1008447.52
600522.SH,20240419,12.96,12.96,12.35,12.63,13.07,-0.44,-3.3665,1011147.74,1271591.82
600522.SH,20240422,12.53,12.7,12.44,12.53,12.63,-0.1,-0.7918,333500.49,418675.95
600522.SH,20240423,12.52,12.6,12.36,12.55,12.53,0.02,0.1596,315085.88,393328.403
600522.SH,20240424,12.53,12.94,12.52,12.91,12.55,0.36,2.8685,433356.57,553841.796
600522.SH,20240425,12.87,12.99,12.74,12.82,12.91,-0.09,-0.6971,279427.05,359403.722
600522.SH,20240426,12.61,12.61,12.02,12.56,12.82,-0.26,-2.0281,1416426.14,1744830.565
600522.SH,20240429,12.63,13.76,12.62,13.58,12.56,1.02,8.121,1385484.31,1862531.986
600522.SH,20240430,13.5,13.63,13.4,13.57,13.58,-0.01,-0.0736,535182.03,723787.157
600522.SH,20240506,13.84,14.21,13.82,13.91,13.57,0.34,2.5055,805818.49,1126323.758
600522.SH,20240507,13.9,13.9,13.69,13.84,13.91,-0.07,-0.5032,442588.5,610157.889
600522.SH,20240508,13.83,14.17,13.65,13.94,13.84,0.1,0.7225,750029.91,1048611.088
600522.SH,20240509,13.87,14.28,13.87,14.18,13.94,0.24,1.7217,596469.79,841758.347
600522.SH,20240510,14.18,14.48,14.13,14.38,14.18,0.2,1.4104,582963.8,835320.393
600522.SH,20240513,14.3,15.24,14.22,15.01,14.38,0.63,4.3811,1461050.98,2179247.662
600522.SH,20240514,14.97,15.1,14.81,14.97,15.01,-0.04,-0.2665,611066.67,914278.571
600522.SH,20240515,14.92,15.04,14.6,14.7,14.97,-0.27,-1.8036,505631.99,750004.036
600522.SH,20240516,14.73,15.49,14.73,15.05,14.7,0.35,2.381,1112981.1,1694576.636
600522.SH,20240517,14.91,15.02,14.56,14.77,15.05,-0.28,-1.8605,623229.78,918988.487
600522.SH,20240520,14.75,15.07,14.7,14.94,14.77,0.17,1.151,463791.3,690991.903
600522.SH,20240521,14.89,14.96,14.68,14.75,14.94,-0.19,-1.2718,351999.12,520149.785
600522.SH,20240522,14.75,14.82,14.44,14.5,14.75,-0.25,-1.6949,543852.01,792009.426
600522.SH,20240523,14.49,14.63,14.28,14.54,14.5,0.04,0.2759,509309.44,737956.667
600522.SH,20240524,14.57,15.19,14.47,14.62,14.54,0.08,0.5502,650976.62,970481.673
600522.SH,20240527,14.84,15.35,14.7,15.34,14.62,0.72,4.9248,914875.99,1380748.784
600522.SH,20240528,15.43,15.87,15.18,15.23,15.34,-0.11,-0.7171,877552.0,1362316.729
600522.SH,20240529,15.1,15.65,15.03,15.34,15.23,0.11,0.7223,527341.87,810149.977
600522.SH,20240530,15.34,15.52,15.14,15.38,15.34,0.04,0.2608,409826.84,629335.892
600522.SH,20240531,15.37,15.45,15.03,15.06,15.38,-0.32,-2.0806,420728.05,638184.764
600522.SH,20240603,15.01,15.02,14.62,14.79,15.06,-0.27,-1.7928,485700.36,718647.574
600522.SH,20240604,14.73,15.15,14.69,15.13,14.79,0.34,2.2989,431592.33,645976.011
600522.SH,20240605,15.07,15.17,14.5,14.54,15.13,-0.59,-3.8995,580828.14,856368.347
600522.SH,20240606,14.56,14.75,14.33,14.43,14.54,-0.11,-0.7565,385141.0,559022.221
600522.SH,20240607,14.45,14.56,14.15,14.46,14.43,0.03,0.2079,395269.15,567729.739
600522.SH,20240611,14.41,14.72,14.16,14.56,14.46,0.1,0.6916,339072.47,491257.876
600522.SH,20240612,14.51,14.77,14.31,14.5,14.56,-0.06,-0.4121,307974.2,446625.122
600522.SH,20240613,14.44,14.85,14.38,14.65,14.5,0.15,1.0345,391462.22,573005.024
600522.SH,20240614,14.6,14.81,14.4,14.74,14.65,0.09,0.6143,342063.82,501891.802
600522.SH,20240617,14.71,15.43,14.7,15.38,14.74,0.64,4.3419,765740.18,1165963.922
600522.SH,20240618,15.38,15.66,15.3,15.63,15.38,0.25,1.6255,578041.99,897799.026
600522.SH,20240619,15.68,15.74,15.42,15.56,15.63,-0.07,-0.4479,342191.26,532524.837
600522.SH,20240620,15.51,15.98,15.5,15.62,15.56,0.06,0.3856,663916.69,1048457.476
600522.SH,20240621,15.58,15.9,15.49,15.81,15.62,0.19,1.2164,481029.45,753572.071
600522.SH,20240624,15.67,16.2,15.66,15.7,15.81,-0.11,-0.6958,671662.48,1073072.619
600522.SH,20240625,15.65,15.68,15.21,15.28,15.7,-0.42,-2.6752,505901.16,779703.308
600522.SH,20240626,15.26,15.39,15.12,15.32,15.28,0.04,0.2618,310450.3,473635.84
600522.SH,20240627,15.23,15.38,14.92,15.18,15.32,-0.14,-0.9138,387682.0,588123.247
600522.SH,20240628,15.1,16.1,15.1,15.85,15.18,0.67,4.4137,628049.55,990339.323
600522.SH,20240701,15.86,16.01,15.57,15.93,15.85,0.08,0.5047,325422.61,514111.125
600522.SH,20240702,15.85,15.99,14.48,15.13,15.93,-0.8,-5.022,1020614.37,1538499.673
600522.SH,20240703,15.13,15.2,14.76,15.17,15.13,0.04,0.2644,364978.77,548770.986
600522.SH,20240704,15.19,15.72,15.19,15.29,15.17,0.12,0.791,454340.18,704154.418
600522.SH,20240705,15.22,15.44,14.89,15.35,15.29,0.06,0.3924,270127.92,410458.907
600522.SH,20240708,15.3,15.65,15.16,15.3,15.35,-0.05,-0.3257,442535.1,682858.964
600522.SH,20240709,15.37,16.05,15.25,15.99,15.3,0.69,4.5098,650874.96,1028497.024
600522.SH,20240710,15.95,15.98,15.32,15.37,15.99,-0.62,-3.8774,599245.14,931607.809
600522.SH,20240711,15.59,15.66,15.02,15.19,15.37,-0.18,-1.1711,640757.17,978053.274
600522.SH,20240712,15.22,15.25,14.81,15.06,15.19,-0.13,-0.8558,419024.09,629011.309
600522.SH,20240715,14.88,14.98,14.56,14.68,14.84,-0.16,-1.0782,278907.85,409929.685
600522.SH,20240716,14.57,14.67,13.99,14.41,14.68,-0.27,-1.8392,665562.29,948712.521
600522.SH,20240717,14.35,14.41,14.16,14.16,14.41,-0.25,-1.7349,280330.19,399556.555
600522.SH,20240718,14.16,14.17,13.72,14.04,14.16,-0.12,-0.8475,550156.42,768096.348
600522.SH,20240719,14.0,14.39,13.93,14.26,14.04,0.22,1.567,448102.62,638650.446
600522.SH,20240722,14.3,14.89,14.06,14.58,14.26,0.32,2.244,582486.79,850579.072
600522.SH,20240723,14.66,14.7,14.05,14.05,14.58,-0.53,-3.6351,396067.0,563320.765
600522.SH,20240724,14.03,14.44,13.99,14.24,14.05,0.19,1.3523,316744.49,451528.662
600522.SH,20240725,14.25,15.2,14.11,14.98,14.24,0.74,5.1966,903893.98,1336463.445
600522.SH,20240726,14.95,15.55,14.83,15.49,14.98,0.51,3.4045,657136.81,1010884.948
600522.SH,20240729,15.49,15.72,15.1,15.26,15.49,-0.23,-1.4848,417676.62,639268.056
600522.SH,20240730,15.2,15.39,15.01,15.1,15.26,-0.16,-1.0485,249003.5,377718.549
600522.SH,20240731,15.1,15.2,14.69,14.97,15.1,-0.13,-0.8609,595235.4,890590.837
600522.SH,20240801,14.98,15.25,14.86,14.99,14.97,0.02,0.1336,382647.33,575834.198
600522.SH,20240802,14.8,14.9,14.51,14.57,14.99,-0.42,-2.8019,391787.11,574731.809
600522.SH,20240805,14.44,14.65,14.07,14.07,14.57,-0.5,-3.4317,330276.55,472723.327
600522.SH,20240806,14.21,14.32,13.63,13.79,14.07,-0.28,-1.99,533393.35,741109.144
600522.SH,20240807,13.88,14.28,13.88,14.09,13.79,0.3,2.1755,394273.46,557333.52
600522.SH,20240808,14.01,14.1,13.63,13.73,14.09,-0.36,-2.555,375244.04,517763.814
600522.SH,20240809,13.78,14.12,13.6,13.6,13.73,-0.13,-0.9468,343449.0,472842.658
600522.SH,20240812,13.75,13.9,13.41,13.52,13.6,-0.08,-0.5882,251553.0,341959.351
600522.SH,20240813,13.47,13.61,13.41,13.58,13.52,0.06,0.4438,198660.44,268027.773
600522.SH,20240814,13.62,13.66,13.05,13.14,13.58,-0.44,-3.2401,462970.99,609655.102
600522.SH,20240815,13.1,13.33,12.94,13.19,13.14,0.05,0.3805,265059.41,349123.931
600522.SH,20240816,13.18,13.5,13.16,13.33,13.19,0.14,1.0614,306762.99,409951.295
600522.SH,20240819,13.33,13.45,13.14,13.25,13.33,-0.08,-0.6002,220439.64,292186.426
600522.SH,20240820,13.19,13.22,12.9,13.12,13.25,-0.13,-0.9811,306020.47,398581.527
600522.SH,20240821,13.06,13.16,12.93,13.0,13.12,-0.12,-0.9146,157264.91,204744.365
600522.SH,20240822,13.06,13.07,12.78,12.82,13.0,-0.18,-1.3846,204906.0,263784.421
600522.SH,20240823,12.75,12.92,12.64,12.69,12.82,-0.13,-1.014,225793.12,287555.428
600522.SH,20240826,12.71,12.87,12.55,12.63,12.69,-0.06,-0.4728,237298.84,300884.626
600522.SH,20240827,12.56,12.58,12.28,12.32,12.63,-0.31,-2.4545,259321.39,321457.407
600522.SH,20240828,12.27,12.63,12.26,12.59,12.32,0.27,2.1916,312380.98,391188.273
600522.SH,20240829,12.65,13.14,12.65,13.06,12.59,0.47,3.7331,490417.7,634331.548
600522.SH,20240830,12.76,13.14,12.34,12.96,13.06,-0.1,-0.7657,867042.58,1108650.55
600522.SH,20240902,12.85,13.0,12.47,12.49,12.96,-0.47,-3.6265,436692.39,552500.512
600522.SH,20240903,12.46,12.89,12.36,12.88,12.49,0.39,3.1225,501501.11,637272.224
600522.SH,20240904,12.88,13.32,12.75,13.19,12.88,0.31,2.4068,562720.83,738619.964
600522.SH,20240905,13.2,13.3,13.09,13.21,13.19,0.02,0.1516,269299.18,355693.599
600522.SH,20240906,13.22,13.37,12.96,12.98,13.21,-0.23,-1.7411,277332.0,365453.555
600522.SH,20240909,12.85,13.1,12.82,13.07,12.98,0.09,0.6934,237458.27,308456.778
600522.SH,20240910,13.01,13.17,12.82,12.97,13.07,-0.1,-0.7651,219852.0,285573.28
600522.SH,20240911,13.0,13.68,12.91,13.52,12.97,0.55,4.2406,554603.44,744758.064
600522.SH,20240912,13.55,13.76,13.33,13.35,13.52,-0.17,-1.2574,262525.6,354622.689
600522.SH,20240913,13.48,13.9,13.17,13.2,13.35,-0.15,-1.1236,350783.25,472095.941
600522.SH,20240918,13.23,13.52,13.11,13.42,13.2,0.22,1.6667,292544.6,391294.799
600522.SH,20240919,13.5,13.6,13.27,13.41,13.42,-0.01,-0.0745,361452.75,485154.635
600522.SH,20240920,13.44,13.49,12.9,13.07,13.41,-0.34,-2.5354,441374.06,576991.433
600522.SH,20240923,13.05,13.1,12.79,12.84,13.07,-0.23,-1.7598,347039.69,448313.411
600522.SH,20240924,12.95,13.14,12.65,13.12,12.84,0.28,2.1807,641100.32,830183.659
600522.SH,20240925,13.18,13.69,13.14,13.19,13.12,0.07,0.5335,681731.48,913423.339
600522.SH,20240926,13.2,13.45,12.9,13.45,13.19,0.26,1.9712,817933.89,1075033.177
600522.SH,20240927,13.59,14.3,13.57,14.28,13.45,0.83,6.171,892619.88,1250328.092
600522.SH,20240930,14.9,15.59,14.57,15.49,14.28,1.21,8.4734,1477798.62,2235381.104
600522.SH,20241008,17.04,17.04,15.41,16.28,15.49,0.79,5.1001,1726958.4,2793886.315
600522.SH,20241009,15.88,16.04,15.0,15.01,16.28,-1.27,-7.801,1108792.15,1714612.366
600522.SH,20241010,15.03,15.75,14.72,15.36,15.01,0.35,2.3318,906500.41,1385548.526
600522.SH,20241011,15.15,15.34,14.56,14.72,15.36,-0.64,-4.1667,599893.94,893570.79
600522.SH,20241014,14.86,15.17,14.72,15.05,14.72,0.33,2.2418,574107.53,859754.015
600522.SH,20241015,15.0,15.0,14.5,14.5,15.05,-0.55,-3.6545,684401.67,1008253.957
600522.SH,20241016,14.33,14.53,14.12,14.36,14.5,-0.14,-0.9655,420267.04,602690.763
600522.SH,20241017,14.44,14.92,14.44,14.62,14.36,0.26,1.8106,615721.72,904191.234
600522.SH,20241018,14.61,15.31,14.53,15.07,14.62,0.45,3.078,856058.06,1286692.291
600522.SH,20241021,15.23,15.49,15.06,15.2,15.07,0.13,0.8626,828201.06,1267651.557
600522.SH,20241022,15.2,16.41,15.17,16.29,15.2,1.09,7.1711,1622478.38,2599155.761
600522.SH,20241023,16.49,17.24,16.27,16.35,16.29,0.06,0.3683,2028774.33,3410225.077
600522.SH,20241024,16.29,16.58,15.9,16.41,16.35,0.06,0.367,725265.16,1184524.726
600522.SH,20241025,16.33,16.99,16.25,16.84,16.41,0.43,2.6204,897583.11,1500078.328
600522.SH,20241028,16.86,16.88,15.72,15.91,16.84,-0.93,-5.5226,1427473.06,2288894.211
600522.SH,20241029,15.91,15.94,15.38,15.49,15.91,-0.42,-2.6398,1252328.55,1948215.418
600522.SH,20241030,15.68,16.16,15.65,15.81,15.49,0.32,2.0658,1206721.91,1914532.453
600522.SH,20241031,15.85,15.95,15.43,15.75,15.81,-0.06,-0.3795,729296.67,1144378.853
600522.SH,20241101,15.65,15.99,15.41,15.66,15.75,-0.09,-0.5714,658287.4,1033625.748
600522.SH,20241104,15.72,15.97,15.58,15.74,15.66,0.08,0.5109,513862.75,807650.402
600522.SH,20241105,15.7,16.3,15.63,16.21,15.74,0.47,2.986,999640.7,1606866.579
600522.SH,20241106,16.62,17.16,16.61,16.92,16.21,0.71,4.38,1414196.76,2391181.686
600522.SH,20241107,16.78,17.32,16.7,17.31,16.92,0.39,2.305,996197.73,1704641.061
600522.SH,20241108,17.64,17.78,17.25,17.3,17.31,-0.01,-0.0578,918062.18,1603407.682
600522.SH,20241111,17.25,17.29,16.8,17.27,17.3,-0.03,-0.1734,850355.53,1451343.653
600522.SH,20241112,17.16,17.49,16.9,17.05,17.27,-0.22,-1.2739,630296.51,1084457.426
600522.SH,20241113,16.9,17.18,16.85,17.15,17.05,0.1,0.5865,409056.89,696036.661
600522.SH,20241114,17.09,17.18,16.43,16.54,17.15,-0.61,-3.5569,538848.37,902139.818
600522.SH,20241115,16.54,16.67,16.16,16.27,16.54,-0.27,-1.6324,550913.0,906259.103
600522.SH,20241118,16.33,16.89,16.11,16.21,16.27,-0.06,-0.3688,713993.66,1178479.561
600522.SH,20241119,16.2,16.47,15.75,16.19,16.21,-0.02,-0.1234,433161.66,695447.049
600522.SH,20241120,16.17,16.42,15.96,16.29,16.19,0.1,0.6177,414960.12,671160.75
600522.SH,20241121,16.3,16.48,16.2,16.32,16.29,0.03,0.1842,320816.84,523255.148
600522.SH,20241122,16.29,16.29,15.61,15.62,16.32,-0.7,-4.2892,499166.7,796876.901
600522.SH,20241125,15.62,16.0,15.55,15.65,15.62,0.03,0.1921,395153.53,621456.626
600522.SH,20241126,15.74,15.94,15.7,15.77,15.65,0.12,0.7668,240836.88,380814.105
600522.SH,20241127,15.71,16.33,15.65,16.31,15.77,0.54,3.4242,388685.22,623061.425
600522.SH,20241128,16.38,16.52,15.88,15.92,16.31,-0.39,-2.3912,351922.5,566132.53
600522.SH,20241129,15.88,16.19,15.85,15.88,15.92,-0.04,-0.2513,471117.28,754293.41
600522.SH,20241202,15.84,16.35,15.59,16.27,15.88,0.39,2.4559,566322.06,912319.338
600522.SH,20241203,16.27,17.05,16.24,16.77,16.27,0.5,3.0731,882358.17,1485804.812
600522.SH,20241204,16.82,16.84,16.24,16.35,16.77,-0.42,-2.5045,398242.02,653734.251
600522.SH,20241205,16.32,16.38,15.65,15.95,16.35,-0.4,-2.4465,618365.18,981281.782
600522.SH,20241206,15.89,16.09,15.77,15.92,15.95,-0.03,-0.1881,363186.65,579215.956
600522.SH,20241209,15.85,16.04,15.67,15.88,15.92,-0.04,-0.2513,444563.93,704152.219
600522.SH,20241210,16.25,16.36,15.72,15.77,15.88,-0.11,-0.6927,711403.97,1135673.971
600522.SH,20241211,15.64,15.86,15.62,15.8,15.77,0.03,0.1902,299594.61,472424.053
600522.SH,20241212,15.78,15.85,15.61,15.84,15.8,0.04,0.2532,339374.91,534585.649
600522.SH,20241213,15.71,15.94,15.6,15.62,15.84,-0.22,-1.3889,450460.62,709925.864
600522.SH,20241216,15.7,15.76,15.35,15.46,15.62,-0.16,-1.0243,383392.71,595363.427
600522.SH,20241217,15.45,16.05,15.41,15.5,15.46,0.04,0.2587,496141.03,778797.12
600522.SH,20241218,15.6,15.74,15.5,15.54,15.5,0.04,0.2581,268938.64,420120.483
600522.SH,20241219,15.45,15.64,15.13,15.54,15.54,0.0,0.0,468890.89,721938.995
600522.SH,20241220,15.65,15.78,15.34,15.4,15.54,-0.14,-0.9009,592358.8,921012.134
600522.SH,20241223,15.42,15.45,15.05,15.07,15.4,-0.33,-2.1429,369105.47,562441.755
600522.SH,20241224,15.1,15.3,15.0,15.11,15.07,0.04,0.2654,336570.89,509158.421
600522.SH,20241225,15.14,15.15,14.61,14.75,15.11,-0.36,-2.3825,565645.18,836487.157
600522.SH,20241226,14.76,14.92,14.66,14.77,14.75,0.02,0.1356,567360.29,837924.025
600522.SH,20241227,14.78,14.94,14.6,14.76,14.77,-0.01,-0.0677,421621.05,624164.735
600522.SH,20241230,14.72,14.78,14.51,14.55,14.76,-0.21,-1.4228,513928.01,751380.304
600522.SH,20241231,14.55,14.62,14.27,14.32,14.55,-0.23,-1.5808,365803.51,526752.297
600522.SH,20250102,14.3,14.3,13.58,13.69,14.32,-0.63,-4.3994,645644.11,894014.74
600522.SH,20250103,13.74,13.96,13.61,13.65,13.69,-0.04,-0.2922,510478.12,703283.915
600522.SH,20250106,13.65,13.87,13.55,13.69,13.65,0.04,0.293,392323.1,537354.565
600522.SH,20250107,13.69,13.73,13.44,13.72,13.69,0.03,0.2191,486453.1,661691.256
600522.SH,20250108,13.66,13.73,13.22,13.51,13.72,-0.21,-1.5306,571662.58,771390.703
600522.SH,20250109,13.45,13.54,13.27,13.36,13.51,-0.15,-1.1103,468562.94,628278.145
600522.SH,20250110,13.31,13.62,13.11,13.12,13.36,-0.24,-1.7964,603121.37,803023.418
600522.SH,20250113,13.06,13.15,12.74,12.8,13.12,-0.32,-2.439,704903.51,910745.128
600522.SH,20250114,12.85,13.46,12.73,13.3,12.8,0.5,3.9063,1022518.22,1350707.163
600522.SH,20250115,13.29,13.32,13.03,13.25,13.3,-0.05,-0.3759,576858.5,759157.7
600522.SH,20250116,13.28,13.56,13.23,13.36,13.25,0.11,0.8302,476003.09,636555.43
600522.SH,20250117,13.49,14.15,13.48,13.79,13.36,0.43,3.2186,894236.44,1237201.535
600522.SH,20250120,13.89,14.0,13.58,13.64,13.79,-0.15,-1.0877,648168.35,891110.535
600522.SH,20250121,13.84,13.84,13.58,13.66,13.64,0.02,0.1466,404635.45,553385.603
600522.SH,20250122,13.66,13.78,13.48,13.72,13.66,0.06,0.4392,458842.28,627229.605
600522.SH,20250123,13.83,13.92,13.59,13.59,13.72,-0.13,-0.9475,496710.71,682417.498
600522.SH,20250124,13.51,14.19,13.51,13.97,13.59,0.38,2.7962,978663.1,1369230.404
600522.SH,20250127,14.06,14.24,13.62,13.64,13.97,-0.33,-2.3622,626793.46,863509.748
600522.SH,20250205,13.74,13.78,13.25,13.36,13.64,-0.28,-2.0528,717977.53,959046.455
600522.SH,20250206,13.36,13.67,13.29,13.66,13.36,0.3,2.2455,530866.53,718112.117
600522.SH,20250207,13.73,14.12,13.6,13.97,13.66,0.31,2.2694,770171.48,1072096.475
600522.SH,20250210,14.05,14.09,13.83,13.95,13.97,-0.02,-0.1432,694176.67,965662.437
600522.SH,20250211,13.96,13.97,13.75,13.83,13.95,-0.12,-0.8602,506156.24,699968.6
600522.SH,20250212,13.83,13.9,13.73,13.9,13.83,0.07,0.5061,561176.49,775171.274
600522.SH,20250213,13.92,13.93,13.72,13.72,13.9,-0.18,-1.295,660069.3,910796.66
600522.SH,20250214,13.68,14.11,13.65,13.95,13.72,0.23,1.6764,920500.89,1282467.756
600522.SH,20250217,14.02,14.08,13.71,13.81,13.95,-0.14,-1.0036,940508.48,1302090.058
600522.SH,20250218,13.87,14.09,13.61,13.64,13.81,-0.17,-1.231,1040915.37,1441198.035
600522.SH,20250219,13.74,13.95,13.65,13.9,13.64,0.26,1.9062,884226.85,1223598.287
600522.SH,20250220,13.91,14.1,13.68,13.8,13.9,-0.1,-0.7194,1018971.75,1409806.594
600522.SH,20250221,13.81,14.48,13.8,14.43,13.8,0.63,4.5652,1962877.44,2807418.847
600522.SH,20250224,14.52,14.62,14.28,14.44,14.43,0.01,0.0693,1433680.49,2072689.442
600522.SH,20250225,14.25,14.46,14.15,14.21,14.44,-0.23,-1.5928,1072331.43,1530334.637
600522.SH,20250226,14.33,14.45,14.17,14.4,14.21,0.19,1.3371,848791.65,1217712.203
600522.SH,20250227,14.48,14.48,14.08,14.23,14.4,-0.17,-1.1806,832700.21,1185279.022
600522.SH,20250228,14.18,14.38,13.79,13.8,14.23,-0.43,-3.0218,851983.8,1200802.274
600522.SH,20250303,13.89,14.2,13.88,14.02,13.8,0.22,1.5942,694116.12,976127.3
600522.SH,20250304,13.99,14.06,13.91,14.05,14.02,0.03,0.214,454354.28,635897.758
600522.SH,20250305,14.08,14.16,13.92,14.05,14.05,0.0,0.0,481198.33,674932.729
600522.SH,20250306,14.13,14.4,14.06,14.33,14.05,0.28,1.9929,966020.92,1375941.749
600522.SH,20250307,14.32,14.32,14.09,14.13,14.33,-0.2,-1.3957,633391.06,898331.102
600522.SH,20250310,14.13,14.2,14.01,14.13,14.13,0.0,0.0,434451.18,611566.974
600522.SH,20250311,13.96,14.08,13.9,14.08,14.13,-0.05,-0.3539,452660.18,633871.761
600522.SH,20250312,14.1,14.39,14.02,14.25,14.08,0.17,1.2074,782135.54,1111078.349
600522.SH,20250313,14.28,14.56,14.23,14.36,14.25,0.11,0.7719,1026037.28,1478401.669
600522.SH,20250314,14.64,15.37,14.64,15.28,14.36,0.92,6.4067,2397339.1,3633925.623
600522.SH,20250317,16.25,16.28,15.46,15.58,15.28,0.3,1.9634,2704016.67,4261449.588
600522.SH,20250318,15.47,15.66,15.26,15.35,15.58,-0.23,-1.4763,1622511.28,2502126.018
600522.SH,20250319,15.35,15.36,14.94,15.01,15.35,-0.34,-2.215,1261139.51,1902845.645
600522.SH,20250320,15.08,15.39,14.93,15.16,15.01,0.15,0.9993,1197753.55,1821112.304
600522.SH,20250321,15.16,16.14,15.16,15.77,15.16,0.61,4.0237,2560533.06,4029750.1
600522.SH,20250324,16.05,16.07,15.14,15.64,15.77,-0.13,-0.8244,1869068.88,2900822.19
600522.SH,20250325,15.42,15.61,14.9,14.98,15.64,-0.66,-4.2199,1443003.65,2197186.481
600522.SH,20250326,14.86,15.13,14.78,14.82,14.98,-0.16,-1.0681,905277.66,1348834.365
600522.SH,20250327,14.83,14.94,14.45,14.67,14.82,-0.15,-1.0121,809473.71,1186983.82
600522.SH,20250328,14.64,14.82,14.55,14.6,14.67,-0.07,-0.4772,701825.86,1028212.445
600522.SH,20250331,14.51,14.67,14.38,14.56,14.6,-0.04,-0.274,638314.88,927425.848
600522.SH,20250401,14.67,14.72,14.45,14.52,14.56,-0.04,-0.2747,488562.99,712631.876
600522.SH,20250402,14.46,14.58,14.39,14.41,14.52,-0.11,-0.7576,419894.01,607319.906
600522.SH,20250403,14.25,14.37,14.01,14.15,14.41,-0.26,-1.8043,547593.43,776817.767
600522.SH,20250407,13.3,13.44,12.74,12.74,14.15,-1.41,-9.9647,900574.74,1167002.048
600522.SH,20250408,12.7,13.04,12.59,12.8,12.74,0.06,0.471,713775.0,909724.79
600522.SH,20250409,12.51,13.18,12.1,13.05,12.8,0.25,1.9531,802449.7,1020649.616
600522.SH,20250410,13.49,13.65,13.3,13.43,13.05,0.38,2.9119,738658.85,995297.751
600522.SH,20250411,13.3,13.52,13.24,13.4,13.43,-0.03,-0.2234,446316.79,598446.079
600522.SH,20250414,13.53,13.85,13.49,13.64,13.4,0.24,1.791,532637.93,727279.298
600522.SH,20250415,13.55,13.62,13.31,13.44,13.64,-0.2,-1.4663,348432.16,467689.942
600522.SH,20250416,13.38,13.43,13.16,13.38,13.44,-0.06,-0.4464,311133.09,414217.596
600522.SH,20250417,13.28,13.48,13.21,13.38,13.38,0.0,0.0,252292.2,338251.239
600522.SH,20250418,13.33,13.95,13.33,13.83,13.38,0.45,3.3632,722239.94,992218.179
600522.SH,20250421,13.82,14.07,13.69,13.9,13.83,0.07,0.5061,416422.24,579211.882
600522.SH,20250422,13.88,14.18,13.81,13.97,13.9,0.07,0.5036,441382.93,619226.327
600522.SH,20250423,14.07,14.12,13.88,14.06,13.97,0.09,0.6442,383419.91,537069.09
600522.SH,20250424,14.07,14.08,13.87,13.9,14.06,-0.16,-1.138,303716.25,423564.196
600522.SH,20250425,13.8,14.21,13.77,14.14,13.9,0.24,1.7266,571673.85,802253.582
600522.SH,20250428,14.1,14.12,13.86,13.96,14.14,-0.18,-1.273,327936.05,459148.325
600522.SH,20250429,13.98,13.99,13.82,13.87,13.96,-0.09,-0.6447,260695.64,361771.325
600522.SH,20250430,13.87,13.98,13.86,13.91,13.87,0.04,0.2884,242532.4,337259.402
600522.SH,20250506,13.91,14.08,13.91,14.06,13.91,0.15,1.0784,399870.27,560900.436
600522.SH,20250507,14.15,14.25,13.93,13.98,14.06,-0.08,-0.569,406458.35,570393.723
600522.SH,20250508,13.98,14.24,13.93,14.17,13.98,0.19,1.3591,420707.49,593839.456
600522.SH,20250509,14.17,14.17,13.88,13.94,14.17,-0.23,-1.6231,323303.82,451178.465
600522.SH,20250512,14.0,14.15,13.99,14.09,13.94,0.15,1.076,307141.0,431980.505
600522.SH,20250513,14.19,14.24,14.02,14.05,14.09,-0.04,-0.2839,329800.0,464929.42
600522.SH,20250514,14.05,14.2,13.92,14.08,14.05,0.03,0.2135,393454.11,553685.806
600522.SH,20250515,14.09,14.1,13.72,13.72,14.08,-0.36,-2.5568,393271.58,544717.011
600522.SH,20250516,13.68,13.84,13.67,13.68,13.72,-0.04,-0.2915,241161.29,331158.942
600522.SH,20250519,13.68,13.86,13.63,13.76,13.68,0.08,0.5848,205451.74,282258.574
600522.SH,20250520,13.71,13.79,13.6,13.74,13.76,-0.02,-0.1453,237346.18,325008.525
600522.SH,20250521,13.73,13.74,13.41,13.47,13.74,-0.27,-1.9651,560484.7,758144.131
600522.SH,20250522,13.44,13.57,13.38,13.4,13.47,-0.07,-0.5197,302419.5,406767.691
600522.SH,20250523,13.4,13.44,13.19,13.2,13.4,-0.2,-1.4925,336543.0,448244.615
600522.SH,20250526,13.18,13.31,13.17,13.28,13.2,0.08,0.6061,226028.58,299307.579
600522.SH,20250527,13.28,13.3,13.16,13.21,13.28,-0.07,-0.5271,199207.0,263167.951
600522.SH,20250528,13.22,13.33,13.22,13.26,13.21,0.05,0.3785,248555.5,329807.877
600522.SH,20250529,13.25,13.52,13.22,13.51,13.26,0.25,1.8854,335155.81,450653.066
600522.SH,20250530,13.48,13.48,13.25,13.31,13.51,-0.2,-1.4804,276240.0,368274.979
600522.SH,20250603,13.18,13.23,13.12,13.2,13.31,-0.11,-0.8264,314975.07,415375.011
600522.SH,20250604,13.24,13.28,13.05,13.2,13.2,0.0,0.0,403784.12,533624.267
600522.SH,20250605,13.21,13.32,13.12,13.29,13.2,0.09,0.6818,407034.38,538802.685
600522.SH,20250606,13.29,13.75,13.25,13.61,13.29,0.32,2.4078,700343.84,949158.764
600522.SH,20250609,13.61,13.79,13.55,13.75,13.61,0.14,1.0287,581212.59,795838.924
600522.SH,20250610,13.73,13.75,13.51,13.63,13.75,-0.12,-0.8727,354660.93,483208.614
600522.SH,20250611,13.64,13.71,13.6,13.65,13.63,0.02,0.1467,232626.28,317628.329
600522.SH,20250612,13.64,13.75,13.57,13.67,13.65,0.02,0.1465,240979.0,329925.944
600522.SH,20250613,13.61,13.68,13.47,13.5,13.67,-0.17,-1.2436,264460.89,358257.008
600522.SH,20250616,13.47,13.87,13.44,13.77,13.5,0.27,2.0,477493.49,656811.439
600522.SH,20250617,13.85,13.99,13.73,13.8,13.77,0.03,0.2179,312683.84,432387.027
600522.SH,20250618,13.76,13.89,13.72,13.85,13.8,0.05,0.3623,255572.67,353737.329
600522.SH,20250619,13.81,13.84,13.52,13.56,13.85,-0.29,-2.0939,306927.25,418384.196
600522.SH,20250620,13.56,13.83,13.5,13.52,13.56,-0.04,-0.295,264786.9,361527.917
600522.SH,20250623,13.47,13.74,13.41,13.72,13.52,0.2,1.4793,308940.56,421794.408
600522.SH,20250624,13.75,13.96,13.73,13.89,13.72,0.17,1.2391,399933.77,555328.825
600522.SH,20250625,13.97,14.08,13.85,13.97,13.89,0.08,0.576,354658.11,494448.66
600522.SH,20250626,14.0,14.21,13.97,14.04,13.97,0.07,0.5011,553844.13,780981.449
600522.SH,20250627,14.08,14.14,14.0,14.09,14.04,0.05,0.3561,314676.21,443183.643
600522.SH,20250630,14.09,14.49,14.09,14.46,14.09,0.37,2.626,666491.17,953090.117
600522.SH,20250701,14.5,14.55,14.36,14.43,14.46,-0.03,-0.2075,369577.58,533197.759
600522.SH,20250702,14.85,14.98,14.37,14.4,14.43,-0.03,-0.2079,881674.16,1287622.84
600522.SH,20250703,14.54,14.63,14.39,14.46,14.4,0.06,0.4167,509340.94,736732.206
600522.SH,20250704,14.46,14.46,14.15,14.22,14.46,-0.24,-1.6598,518990.25,740246.753
600522.SH,20250707,14.17,14.19,13.98,14.07,14.22,-0.15,-1.0549,352172.27,495139.02
600522.SH,20250708,14.09,14.45,14.08,14.38,14.07,0.31,2.2033,490523.8,701563.608
600522.SH,20250709,14.4,14.44,14.26,14.29,14.38,-0.09,-0.6259,306515.1,438753.448
600522.SH,20250710,14.26,14.31,14.17,14.24,14.29,-0.05,-0.3499,247796.34,352342.567
600522.SH,20250711,14.24,14.26,14.13,14.15,14.24,-0.09,-0.632,453560.29,644091.162
600522.SH,20250714,14.15,14.28,14.15,14.2,14.15,0.05,0.3534,308614.91,438587.597
600522.SH,20250715,14.19,14.28,14.05,14.06,14.2,-0.14,-0.9859,393328.18,556400.225
600522.SH,20250716,14.06,14.16,13.98,14.01,14.06,-0.05,-0.3556,291234.64,409195.548
600522.SH,20250717,14.06,14.32,14.01,14.27,14.01,0.26,1.8558,641892.12,912994.467
600522.SH,20250718,14.3,14.32,14.01,14.07,14.27,-0.2,-1.4015,626293.5,882725.348
600522.SH,20250721,14.12,14.42,14.07,14.41,14.07,0.34,2.4165,779757.08,1112253.699
600522.SH,20250722,14.45,14.45,14.3,14.45,14.41,0.04,0.2776,540787.5,778447.594
600522.SH,20250723,14.49,14.49,14.23,14.27,14.45,-0.18,-1.2457,499011.73,716227.777
600522.SH,20250724,14.3,14.34,14.2,14.34,14.27,0.07,0.4905,541071.84,772031.187
600522.SH,20250725,14.2,14.2,13.83,13.92,14.04,-0.12,-0.8547,682507.99,952044.595
600522.SH,20250728,13.93,14.02,13.84,13.97,13.92,0.05,0.3592,404145.06,563272.434
600522.SH,20250729,13.9,14.0,13.78,13.94,13.97,-0.03,-0.2147,506488.22,701705.746
600522.SH,20250730,13.87,14.13,13.78,13.94,13.94,0.0,0.0,816218.54,1140579.228
600522.SH,20250731,13.9,14.3,13.8,13.85,13.94,-0.09,-0.6456,1135449.65,1597576.475
600522.SH,20250801,13.78,14.2,13.77,14.02,13.85,0.17,1.2274,693370.18,969680.471
600522.SH,20250804,13.96,13.96,13.8,13.94,14.02,-0.08,-0.5706,461476.0,640497.415
600522.SH,20250805,13.96,14.4,13.96,14.25,13.94,0.31,2.2238,1147586.82,1631171.905
600522.SH,20250806,14.24,14.24,14.12,14.14,14.25,-0.11,-0.7719,728652.56,1031258.995
600522.SH,20250807,14.15,14.17,13.95,14.05,14.14,-0.09,-0.6365,617581.95,866791.102
600522.SH,20250808,14.04,14.44,13.98,14.31,14.05,0.26,1.8505,1338658.82,1912257.159
600522.SH,20250811,14.35,14.6,14.35,14.53,14.31,0.22,1.5374,1148068.05,1664386.111
600522.SH,20250812,14.52,14.65,14.43,14.59,14.53,0.06,0.4129,980240.61,1426632.246
600522.SH,20250813,14.63,14.85,14.56,14.74,14.59,0.15,1.0281,963298.21,1416429.735
600522.SH,20250814,14.8,14.88,14.39,14.5,14.74,-0.24,-1.6282,1042323.38,1525232.653
600522.SH,20250815,14.45,15.49,14.41,15.19,14.5,0.69,4.7586,1891578.29,2867938.102
600522.SH,20250818,15.47,15.55,15.16,15.28,15.19,0.09,0.5925,1146720.58,1754979.514
600522.SH,20250819,15.2,15.69,15.18,15.4,15.28,0.12,0.7853,1104948.12,1701304.578
600522.SH,20250820,15.3,15.33,15.08,15.3,15.4,-0.1,-0.6494,807251.18,1228232.002
600522.SH,20250821,15.29,15.31,14.95,15.05,15.3,-0.25,-1.634,879940.01,1328347.797
600522.SH,20250822,15.03,15.25,15.01,15.21,15.05,0.16,1.0631,701268.78,1061155.643
600522.SH,20250825,15.4,15.88,15.32,15.85,15.21,0.64,4.2078,1625098.75,2539429.106
600522.SH,20250826,15.91,16.17,15.6,15.98,15.85,0.13,0.8202,1447225.94,2311933.269
600522.SH,20250827,16.02,16.28,15.76,15.76,15.98,-0.22,-1.3767,1511147.39,2423503.121
600522.SH,20250828,15.68,16.66,15.68,16.41,15.76,0.65,4.1244,2268241.16,3688384.636
600522.SH,20250829,16.55,16.59,16.11,16.24,16.41,-0.17,-1.036,1113296.1,1809320.873
600522.SH,20250901,16.3,16.43,16.05,16.15,16.24,-0.09,-0.5542,1065649.71,1723598.476
600522.SH,20250902,16.2,16.54,15.51,15.6,16.15,-0.55,-3.4056,1395452.83,2215506.335
600522.SH,20250903,15.53,16.07,15.42,15.73,15.6,0.13,0.8333,1034442.92,1627673.003
600522.SH,20250904,15.97,16.45,15.22,15.46,15.73,-0.27,-1.7165,1284440.99,2019485.949
600522.SH,20250905,15.5,16.38,15.5,16.29,15.46,0.83,5.3687,1848522.14,2989154.988
600522.SH,20250908,16.4,16.48,16.01,16.24,16.29,-0.05,-0.3069,1105102.53,1792096.057
600522.SH,20250909,16.3,16.3,15.85,15.88,16.24,-0.36,-2.2167,915260.81,1466436.66
600522.SH,20250910,16.01,16.22,15.86,15.95,15.88,0.07,0.4408,909506.11,1456719.009
600522.SH,20250911,15.98,16.32,15.76,16.3,15.95,0.35,2.1944,1310998.39,2117239.98
600522.SH,20250912,16.3,16.38,16.12,16.16,16.3,-0.14,-0.8589,939820.0,1523163.455
600522.SH,20250915,16.15,16.17,15.65,15.7,16.16,-0.46,-2.8465,1045482.2,1655705.208
600522.SH,20250916,15.69,15.75,15.35,15.65,15.7,-0.05,-0.3185,997363.69,1549347.018
600522.SH,20250917,15.59,15.84,15.51,15.79,15.65,0.14,0.8946,692393.19,1087014.522
600522.SH,20250918,15.71,17.37,15.66,16.89,15.79,1.1,6.9664,3730625.58,6337847.508
600522.SH,20250919,16.8,17.01,16.6,16.74,16.89,-0.15,-0.8881,1756605.65,2950323.07
600522.SH,20250922,16.99,17.37,16.49,17.18,16.74,0.44,2.6284,1957747.91,3338455.382
600522.SH,20250923,17.8,17.97,16.85,17.24,17.18,0.06,0.3492,2367041.73,4104387.109
600522.SH,20250924,17.24,18.4,17.02,18.15,17.24,0.91,5.2784,2759983.07,4904464.196
600522.SH,20250925,18.16,18.36,17.8,18.2,18.15,0.05,0.2755,1797814.3,3252617.3
600522.SH,20250926,18.13,18.86,18.02,18.26,18.2,0.06,0.3297,1762928.93,3264046.143
600522.SH,20250929,18.39,18.99,18.2,18.52,18.26,0.26,1.4239,1724444.54,3209213.829
600522.SH,20250930,18.61,19.34,18.54,18.92,18.52,0.4,2.1598,1692113.13,3208651.74
600522.SH,20251009,19.19,20.23,19.01,20.0,18.92,1.08,5.7082,2027631.46,4010737.55
600522.SH,20251010,19.9,19.92,18.5,18.59,20.0,-1.41,-7.05,1999795.45,3787831.617
600522.SH,20251013,17.59,18.98,17.59,18.92,18.59,0.33,1.7751,1451406.28,2683832.076
600522.SH,20251014,18.99,19.06,17.9,17.94,18.92,-0.98,-5.1797,1514216.25,2774602.23
600522.SH,20251015,18.01,18.34,17.81,18.32,17.94,0.38,2.1182,947876.86,1716514.608
600522.SH,20251016,18.19,18.25,17.7,17.82,18.32,-0.5,-2.7293,946649.91,1696755.909
600522.SH,20251017,18.12,18.15,16.84,16.9,17.82,-0.92,-5.1627,1331166.8,2297718.849
600522.SH,20251020,17.27,17.67,17.13,17.32,16.9,0.42,2.4852,966267.04,1680052.822
600522.SH,20251021,17.43,17.78,17.42,17.76,17.32,0.44,2.5404,918954.8,1622649.73
600522.SH,20251022,17.6,17.64,17.28,17.47,17.76,-0.29,-1.6329,553278.75,966772.326
600522.SH,20251023,17.3,17.62,16.96,17.61,17.47,0.14,0.8014,586306.1,1012582.467
600522.SH,20251024,17.8,17.97,17.72,17.89,17.61,0.28,1.59,768624.15,1372671.891
600522.SH,20251027,18.18,18.27,17.76,17.92,17.89,0.03,0.1677,984524.66,1769302.33
600522.SH,20251028,17.4,17.4,16.71,17.05,17.92,-0.87,-4.8549,2286343.46,3881649.305
600522.SH,20251029,16.93,17.42,16.85,17.41,17.05,0.36,2.1114,1183156.65,2032605.438
600522.SH,20251030,17.42,17.42,16.96,17.01,17.41,-0.4,-2.2975,979242.62,1677967.789
600522.SH,20251031,17.09,17.35,16.91,16.95,17.01,-0.06,-0.3527,835201.44,1426889.364
600522.SH,20251103,16.96,17.02,16.5,16.8,16.95,-0.15,-0.885,816658.38,1362279.279
600522.SH,20251104,16.78,16.83,16.23,16.35,16.8,-0.45,-2.6786,878041.88,1446492.88
600522.SH,20251105,16.02,16.68,16.01,16.59,16.35,0.24,1.4679,699456.84,1145945.662
600522.SH,20251106,17.05,17.82,17.04,17.52,16.59,0.93,5.6058,2138065.8,3731379.67
600522.SH,20251107,17.3,17.79,17.21,17.64,17.52,0.12,0.6849,1243614.74,2183339.599
600522.SH,20251110,17.73,17.88,17.12,17.21,17.64,-0.43,-2.4376,1160177.16,2008540.717
600522.SH,20251111,17.35,17.41,17.01,17.04,17.21,-0.17,-0.9878,711686.93,1221213.935
600522.SH,20251112,17.05,17.09,16.53,16.64,17.04,-0.4,-2.3474,733360.78,1225934.203
600522.SH,20251113,16.61,16.98,16.6,16.82,16.64,0.18,1.0817,555913.68,933308.555
600522.SH,20251114,16.7,16.93,16.58,16.6,16.82,-0.22,-1.308,476297.36,796737.389
600522.SH,20251117,16.57,16.64,16.28,16.35,16.6,-0.25,-1.506,532726.68,873940.534
600522.SH,20251118,16.37,16.51,16.23,16.33,16.35,-0.02,-0.1223,383682.48,627897.12
600522.SH,20251119,16.33,16.41,16.01,16.22,16.33,-0.11,-0.6736,442447.71,716873.63
600522.SH,20251120,16.35,16.4,16.05,16.05,16.22,-0.17,-1.0481,381584.21,618344.962
600522.SH,20251121,15.88,15.9,15.38,15.39,16.05,-0.66,-4.1121,739375.92,1154325.36
600522.SH,20251124,15.47,15.8,15.43,15.71,15.39,0.32,2.0793,468804.39,730331.98
600522.SH,20251125,15.76,16.08,15.71,15.81,15.71,0.1,0.6365,563296.24,896580.282
600522.SH,20251126,15.81,16.0,15.65,15.88,15.81,0.07,0.4428,551235.99,874588.691
600522.SH,20251127,15.89,16.14,15.77,15.82,15.88,-0.06,-0.3778,523971.51,836462.04
600522.SH,20251128,15.73,15.89,15.69,15.83,15.82,0.01,0.0632,346884.7,548468.614
600522.SH,20251201,16.47,17.1,16.42,16.82,15.83,0.99,6.2539,2026991.56,3408137.119
600522.SH,20251202,16.7,16.81,16.61,16.74,16.82,-0.08,-0.4756,646295.43,1079043.73
600522.SH,20251203,16.78,16.78,16.47,16.49,16.74,-0.25,-1.4934,551761.16,916528.259
600522.SH,20251204,16.54,16.63,16.29,16.59,16.49,0.1,0.6064,415279.72,684566.949
600522.SH,20251205,16.64,16.78,16.45,16.76,16.59,0.17,1.0247,545342.89,908869.956
600522.SH,20251208,16.83,16.95,16.72,16.85,16.76,0.09,0.537,740612.49,1248493.023
600522.SH,20251209,16.82,16.91,16.67,16.72,16.85,-0.13,-0.7715,458726.67,768643.483
600522.SH,20251210,16.71,17.24,16.52,17.22,16.72,0.5,2.9904,1199705.33,2040581.331
600522.SH,20251211,17.3,17.35,17.01,17.05,17.22,-0.17,-0.9872,920869.56,1582583.664
600522.SH,20251212,17.0,17.81,16.97,17.69,17.05,0.64,3.7537,2278564.68,3995253.987
600522.SH,20251215,17.52,17.8,17.47,17.58,17.69,-0.11,-0.6218,1049517.87,1848279.539
600522.SH,20251216,17.51,17.55,16.77,16.84,17.58,-0.74,-4.2093,983936.48,1672689.547
600522.SH,20251217,16.78,17.96,16.64,17.78,16.84,0.94,5.5819,1496672.2,2598177.064
600522.SH,20251218,17.78,18.38,17.6,18.02,17.78,0.24,1.3498,1866552.53,3391055.945
600522.SH,20251219,18.08,18.74,18.08,18.37,18.02,0.35,1.9423,1409329.94,2601847.059
600522.SH,20251222,18.41,19.98,18.41,19.72,18.37,1.35,7.3489,2213992.9,4321726.37
600522.SH,20251223,19.66,19.81,18.86,19.01,19.72,-0.71,-3.6004,1710126.99,3283306.052
600522.SH,20251224,18.9,19.35,18.86,19.22,19.01,0.21,1.1047,1058681.73,2029993.712
600522.SH,20251225,19.22,19.22,18.46,18.5,19.22,-0.72,-3.7461,1375473.46,2565314.707
600522.SH,20251226,18.45,18.64,18.2,18.4,18.5,-0.1,-0.5405,893235.72,1647357.828
600522.SH,20251229,18.41,18.56,18.01,18.1,18.4,-0.3,-1.6304,832694.01,1515314.954
600522.SH,20251230,18.0,18.32,17.91,18.08,18.1,-0.02,-0.1105,622014.69,1127506.966
600522.SH,20251231,18.06,18.43,18.03,18.12,18.08,0.04,0.2212,732850.58,1332854.387
600522.SH,20260105,18.15,18.54,18.15,18.3,18.12,0.18,0.9934,940774.68,1724097.454
600522.SH,20260106,18.35,18.37,18.06,18.26,18.3,-0.04,-0.2186,998585.85,1813557.703
600522.SH,20260107,18.2,18.63,18.17,18.33,18.26,0.07,0.3834,1168302.67,2151356.761
600522.SH,20260108,18.34,18.49,18.1,18.22,18.33,-0.11,-0.6001,877753.38,1604491.025
600522.SH,20260109,18.14,18.64,18.0,18.48,18.22,0.26,1.427,1261998.76,2322353.996
600522.SH,20260112,18.56,18.65,18.28,18.61,18.48,0.13,0.7035,1372081.88,2533909.36
600522.SH,20260113,18.8,18.8,17.81,17.98,18.61,-0.63,-3.3853,1602696.93,2901790.655
600522.SH,20260114,17.9,18.3,17.86,18.06,17.98,0.08,0.4449,1165192.79,2107070.831
600522.SH,20260115,17.88,18.17,17.74,18.04,18.06,-0.02,-0.1107,745735.34,1339078.779
600522.SH,20260116,18.37,18.9,18.36,18.53,18.04,0.49,2.7162,1690163.93,3160191.55
600522.SH,20260119,19.12,19.72,19.07,19.25,18.53,0.72,3.8856,2063052.37,3994396.097
600522.SH,20260120,19.25,19.55,18.85,19.2,19.25,-0.05,-0.2597,1220700.0,2342551.937
600522.SH,20260121,18.9,19.5,18.86,19.2,19.2,0.0,0.0,1051456.66,2026451.281
600522.SH,20260122,19.17,19.65,18.69,18.88,19.2,-0.32,-1.6667,1150876.77,2189010.497
600522.SH,20260123,19.09,20.39,19.09,19.79,18.88,0.91,4.8199,2030645.81,4042864.637
600522.SH,20260126,19.89,21.48,19.88,20.95,19.79,1.16,5.8615,2466985.54,5157622.547
600522.SH,20260127,20.9,21.38,20.45,21.14,20.95,0.19,0.9069,1615459.68,3378050.646
600522.SH,20260128,22.3,22.63,21.2,21.85,21.14,0.71,3.3586,2221824.05,4865069.468
600522.SH,20260129,21.46,21.96,20.94,21.07,21.85,-0.78,-3.5698,1248689.15,2655632.602
600522.SH,20260130,20.97,22.72,20.71,22.34,21.07,1.27,6.0275,2257137.33,4916984.077
600522.SH,20260202,22.49,22.57,21.31,21.44,22.34,-0.9,-4.0286,1747308.08,3805172.289
600522.SH,20260203,21.82,22.96,21.79,22.39,21.44,0.95,4.431,1563513.65,3494317.232
600522.SH,20260204,22.36,23.12,22.02,22.5,22.39,0.11,0.4913,1387636.73,3114715.023
600522.SH,20260205,22.1,22.18,20.36,20.86,22.5,-1.64,-7.2889,1736134.19,3625222.774
600522.SH,20260206,20.5,22.45,20.45,21.91,20.86,1.05,5.0336,1780004.16,3885110.55
600522.SH,20260209,22.95,23.58,21.84,23.46,21.91,1.55,7.0744,2130861.19,4871070.989
600522.SH,20260210,23.32,24.53,23.32,24.34,23.46,0.88,3.7511,1958170.41,4716393.566
600522.SH,20260211,23.8,25.95,23.66,24.81,24.34,0.47,1.931,2088250.21,5231773.374
600522.SH,20260212,25.02,25.79,24.5,25.21,24.81,0.4,1.6123,1398094.63,3515008.691
600522.SH,20260213,24.92,24.98,24.18,24.42,25.21,-0.79,-3.1337,1221717.56,2996905.208
600522.SH,20260224,25.35,26.28,25.17,25.63,24.42,1.21,4.955,1411563.17,3635832.328
600522.SH,20260225,26.0,26.1,24.35,25.08,25.63,-0.55,-2.1459,1478831.32,3670295.798
600522.SH,20260226,26.05,27.59,25.9,27.59,25.08,2.51,10.008,1173154.26,3185258.001
600522.SH,20260227,27.58,29.58,27.0,29.14,27.59,1.55,5.618,2784124.17,7964641.463
600522.SH,20260302,28.01,31.82,28.01,30.2,29.14,1.06,3.6376,2488770.83,7599860.093
600522.SH,20260303,30.59,30.98,28.73,28.79,30.2,-1.41,-4.6689,1754791.02,5197854.858
600522.SH,20260304,28.05,29.5,28.05,28.83,28.79,0.04,0.1389,1464931.28,4208808.665
600522.SH,20260305,29.31,29.59,27.88,28.82,28.83,-0.01,-0.0347,1754971.63,5050075.904
600522.SH,20260306,28.45,28.88,27.22,27.38,28.82,-1.44,-4.9965,1634251.89,4508741.746
600522.SH,20260309,26.37,27.31,25.38,27.2,27.38,-0.18,-0.6574,1554020.12,4065327.19
600522.SH,20260310,27.55,29.18,27.41,28.9,27.2,1.7,6.25,1685444.63,4798301.707
600522.SH,20260311,29.82,31.66,29.79,30.01,28.9,1.11,3.8408,2448243.64,7470580.61
600522.SH,20260312,29.6,31.38,29.5,30.24,30.01,0.23,0.7664,1599297.8,4845045.894
600522.SH,20260313,29.93,31.74,29.7,29.75,30.24,-0.49,-1.6204,1328935.54,4039500.14
600522.SH,20260316,30.05,30.36,28.0,28.28,29.75,-1.47,-4.9412,1269791.06,3619588.796
600522.SH,20260317,28.58,28.72,26.0,26.12,28.28,-2.16,-7.6379,1602168.92,4288308.078
600522.SH,20260318,26.16,26.72,25.7,26.6,26.12,0.48,1.8377,1203825.88,3146429.084
600522.SH,20260319,25.89,26.49,25.69,25.9,26.6,-0.7,-2.6316,852993.96,2222368.912
600522.SH,20260320,26.38,26.84,25.52,25.7,25.9,-0.2,-0.7722,1313511.93,3440067.325
600522.SH,20260323,24.6,25.87,24.6,25.1,25.7,-0.6,-2.3346,995117.42,2519280.676
600522.SH,20260324,25.63,26.23,25.0,26.1,25.1,1.0,3.9841,1231569.75,3157787.682
600522.SH,20260325,27.0,27.93,26.71,27.67,26.1,1.57,6.0153,1762654.28,4840405.061
600522.SH,20260326,27.3,28.08,26.7,26.77,27.67,-0.9,-3.2526,1131723.99,3099275.424
600522.SH,20260327,26.25,27.61,25.91,27.05,26.77,0.28,1.0459,1153869.97,3104888.624
600522.SH,20260330,26.65,29.46,26.56,28.99,27.05,1.94,7.1719,1649417.2,4658130.814
600522.SH,20260331,28.86,31.1,28.03,30.09,28.99,1.1,3.7944,2335705.76,6927521.507
600522.SH,20260401,30.99,30.99,28.6,29.16,30.09,-0.93,-3.0907,1587607.15,4628127.275
600522.SH,20260402,29.15,30.62,29.11,29.32,29.16,0.16,0.5487,1427116.59,4241717.845
600522.SH,20260403,29.46,31.5,29.25,30.67,29.32,1.35,4.6044,1963989.21,6023713.621
600522.SH,20260407,30.82,31.77,30.06,30.25,30.67,-0.42,-1.3694,1499965.42,4611949.23
600522.SH,20260408,30.98,31.17,29.5,30.7,30.25,0.45,1.4876,1916844.62,5787770.563
600522.SH,20260409,30.28,32.18,29.41,31.4,30.7,0.7,2.2801,2222981.72,6900041.051
600522.SH,20260410,31.38,31.4,29.5,29.8,31.4,-1.6,-5.0955,2575516.74,7780832.324
600522.SH,20260413,29.41,29.63,28.33,28.52,29.8,-1.28,-4.2953,2167334.87,6214379.523
600522.SH,20260414,28.8,29.42,27.88,28.33,28.52,-0.19,-0.6662,1721967.96,4918901.633
600522.SH,20260415,28.26,29.14,27.68,27.8,28.33,-0.53,-1.8708,1562965.95,4429742.642
600522.SH,20260416,27.81,28.33,27.42,28.0,27.8,0.2,0.7194,1288208.09,3599850.27
600522.SH,20260417,28.01,28.5,27.62,28.14,28.0,0.14,0.5,1605281.76,4497406.059
600522.SH,20260420,28.9,30.95,28.83,30.95,28.14,2.81,9.9858,2247838.34,6813994.827
600522.SH,20260421,31.0,32.88,30.78,32.44,30.95,1.49,4.8142,3957274.58,12540542.961
600522.SH,20260422,32.54,34.84,32.5,34.82,32.44,2.38,7.3366,3003972.47,10225640.327
600522.SH,20260423,34.0,35.04,33.2,34.07,34.82,-0.75,-2.1539,2857762.44,9725410.049
600522.SH,20260424,34.0,34.5,32.58,33.21,34.07,-0.86,-2.5242,2099210.85,7002735.957
600522.SH,20260427,34.29,36.53,34.23,35.78,33.21,2.57,7.7386,3393558.03,12223484.606
600522.SH,20260428,35.78,36.46,34.0,35.0,35.78,-0.78,-2.18,2647729.03,9259501.435
